ISO-10303-21;
HEADER;
FILE_DESCRIPTION(('Open CASCADE Model'),'2;1');
FILE_NAME('Open CASCADE Shape Model','2026-08-11T15:13:00',('Author'),(
    'Open CASCADE'),'Open CASCADE STEP processor 7.9','Open CASCADE 7.9'
  ,'Unknown');
FILE_SCHEMA(('AUTOMOTIVE_DESIGN { 1 0 10303 214 1 1 1 1 }'));
ENDSEC;
DATA;
#1 = APPLICATION_PROTOCOL_DEFINITION('international standard',
  'automotive_design',2000,#2);
#2 = APPLICATION_CONTEXT(
  'core data for automotive mechanical design processes');
#3 = SHAPE_DEFINITION_REPRESENTATION(#4,#10);
#4 = PRODUCT_DEFINITION_SHAPE('','',#5);
#5 = PRODUCT_DEFINITION('design','',#6,#9);
#6 = PRODUCT_DEFINITION_FORMATION('','',#7);
#7 = PRODUCT('Open CASCADE STEP translator 7.9 1',
  'Open CASCADE STEP translator 7.9 1','',(#8));
#8 = PRODUCT_CONTEXT('',#2,'mechanical');
#9 = PRODUCT_DEFINITION_CONTEXT('part definition',#2,'design');
#10 = ADVANCED_BREP_SHAPE_REPRESENTATION('',(#11,#15),#12641);
#11 = AXIS2_PLACEMENT_3D('',#12,#13,#14);
#12 = CARTESIAN_POINT('',(0.,0.,0.));
#13 = DIRECTION('',(0.,0.,1.));
#14 = DIRECTION('',(1.,0.,-0.));
#15 = MANIFOLD_SOLID_BREP('',#16);
#16 = CLOSED_SHELL('',(#17,#235,#407,#671,#747,#820,#1055,#1263,#1435,
    #1699,#1775,#1848,#2083,#2291,#2463,#2727,#2803,#2876,#3111,#3319,
    #3491,#3755,#3831,#3904,#4139,#4347,#4519,#4783,#4859,#4932,#5167,
    #5375,#5547,#5811,#5887,#5960,#6195,#6403,#6575,#6839,#6915,#6988,
    #7223,#7431,#7603,#7867,#7943,#8016,#8251,#8459,#8631,#8895,#8971,
    #9044,#9279,#9487,#9659,#9923,#9999,#10072,#10307,#10515,#10687,
    #10951,#11027,#11100,#11335,#11543,#11715,#11979,#12055,#12128,
    #12363,#12441,#12541));
#17 = ADVANCED_FACE('',(#18),#32,.T.);
#18 = FACE_BOUND('',#19,.F.);
#19 = EDGE_LOOP('',(#20,#151,#180,#208));
#20 = ORIENTED_EDGE('',*,*,#21,.T.);
#21 = EDGE_CURVE('',#22,#24,#26,.T.);
#22 = VERTEX_POINT('',#23);
#23 = CARTESIAN_POINT('',(12.671239347139,0.854220936005,0.));
#24 = VERTEX_POINT('',#25);
#25 = CARTESIAN_POINT('',(12.671239347139,0.854220936005,22.4));
#26 = SURFACE_CURVE('',#27,(#31,#43),.PCURVE_S1.);
#27 = LINE('',#28,#29);
#28 = CARTESIAN_POINT('',(12.671239347139,0.854220936005,0.));
#29 = VECTOR('',#30,1.);
#30 = DIRECTION('',(0.,0.,1.));
#31 = PCURVE('',#32,#37);
#32 = CYLINDRICAL_SURFACE('',#33,12.7);
#33 = AXIS2_PLACEMENT_3D('',#34,#35,#36);
#34 = CARTESIAN_POINT('',(0.,0.,0.));
#35 = DIRECTION('',(-0.,-0.,-1.));
#36 = DIRECTION('',(1.,0.,-0.));
#37 = DEFINITIONAL_REPRESENTATION('',(#38),#42);
#38 = LINE('',#39,#40);
#39 = CARTESIAN_POINT('',(-6.731231093069E-02,0.));
#40 = VECTOR('',#41,1.);
#41 = DIRECTION('',(-0.,-1.));
#42 = ( GEOMETRIC_REPRESENTATION_CONTEXT(2) 
PARAMETRIC_REPRESENTATION_CONTEXT() REPRESENTATION_CONTEXT('2D SPACE',''
  ) );
#43 = PCURVE('',#44,#145);
#44 = B_SPLINE_SURFACE_WITH_KNOTS('',3,1,(
    (#45,#46)
    ,(#47,#48)
    ,(#49,#50)
    ,(#51,#52)
    ,(#53,#54)
    ,(#55,#56)
    ,(#57,#58)
    ,(#59,#60)
    ,(#61,#62)
    ,(#63,#64)
    ,(#65,#66)
    ,(#67,#68)
    ,(#69,#70)
    ,(#71,#72)
    ,(#73,#74)
    ,(#75,#76)
    ,(#77,#78)
    ,(#79,#80)
    ,(#81,#82)
    ,(#83,#84)
    ,(#85,#86)
    ,(#87,#88)
    ,(#89,#90)
    ,(#91,#92)
    ,(#93,#94)
    ,(#95,#96)
    ,(#97,#98)
    ,(#99,#100)
    ,(#101,#102)
    ,(#103,#104)
    ,(#105,#106)
    ,(#107,#108)
    ,(#109,#110)
    ,(#111,#112)
    ,(#113,#114)
    ,(#115,#116)
    ,(#117,#118)
    ,(#119,#120)
    ,(#121,#122)
    ,(#123,#124)
    ,(#125,#126)
    ,(#127,#128)
    ,(#129,#130)
    ,(#131,#132)
    ,(#133,#134)
    ,(#135,#136)
    ,(#137,#138)
    ,(#139,#140)
    ,(#141,#142)
    ,(#143,#144
    )),.UNSPECIFIED.,.F.,.F.,.F.,(4,1,1,1,1,1,1,1,1,1,1,1,1,1,1,1,1,1,1,
    1,1,1,1,1,1,1,1,1,1,1,1,1,1,1,1,1,1,1,1,1,1,1,1,1,1,1,1,4),(2,2),(0.
    ,0.770020974153,1.626265687068,2.501235809007,3.323017628822,
    4.226168942917,5.140567564886,6.064285262741,6.923787879437,
    7.860959618837,8.803220404646,9.749496837408,10.625745778606,
    11.577210076157,12.530237508485,13.484135816053,14.364871812505,
    15.318618169461,16.271356512646,17.222443906393,18.098342389538,
    19.044380308015,19.986772779966,20.924790631856,21.786128506054,
    22.713614611572,23.634502775488,24.548028034391,25.38410411673,
    26.281393184443,27.169232325991,28.047009844699,28.847877333261,
    29.704892084705,30.550578145199,31.384742808357,32.14448317376,
    32.956538608657,33.75747556067,34.547827237765,35.268649993444,
    36.041021221912,36.805779378973,37.564485879874,38.261073281275,
    39.01367744831,39.766626217161,40.522198623296),(-22.4,0.),
  .UNSPECIFIED.);
#45 = CARTESIAN_POINT('',(12.252759156204,0.399969533376,22.4));
#46 = CARTESIAN_POINT('',(12.252759156204,0.399969533376,0.));
#47 = CARTESIAN_POINT('',(12.426998544895,0.588317117704,22.4));
#48 = CARTESIAN_POINT('',(12.426998544895,0.588317117704,0.));
#49 = CARTESIAN_POINT('',(12.790064651921,0.991213358426,22.4));
#50 = CARTESIAN_POINT('',(12.790064651921,0.991213358426,0.));
#51 = CARTESIAN_POINT('',(13.381738273889,1.579064678277,22.4));
#52 = CARTESIAN_POINT('',(13.381738273889,1.579064678277,0.));
#53 = CARTESIAN_POINT('',(14.0064475216,2.157201907725,22.4));
#54 = CARTESIAN_POINT('',(14.0064475216,2.157201907725,0.));
#55 = CARTESIAN_POINT('',(14.665938833245,2.719798490113,22.4));
#56 = CARTESIAN_POINT('',(14.665938833245,2.719798490113,0.));
#57 = CARTESIAN_POINT('',(15.357350757183,3.264216974392,22.4));
#58 = CARTESIAN_POINT('',(15.357350757183,3.264216974392,0.));
#59 = CARTESIAN_POINT('',(16.09841102664,3.799256486071,22.4));
#60 = CARTESIAN_POINT('',(16.09841102664,3.799256486071,0.));
#61 = CARTESIAN_POINT('',(16.849102809451,4.294755209196,22.4));
#62 = CARTESIAN_POINT('',(16.849102809451,4.294755209196,0.));
#63 = CARTESIAN_POINT('',(17.625745898315,4.763277683188,22.4));
#64 = CARTESIAN_POINT('',(17.625745898315,4.763277683188,0.));
#65 = CARTESIAN_POINT('',(18.426308718474,5.202753634089,22.4));
#66 = CARTESIAN_POINT('',(18.426308718474,5.202753634089,0.));
#67 = CARTESIAN_POINT('',(19.270736770257,5.620667006661,22.4));
#68 = CARTESIAN_POINT('',(19.270736770257,5.620667006661,0.));
#69 = CARTESIAN_POINT('',(20.113571444723,5.994145474174,22.4));
#70 = CARTESIAN_POINT('',(20.113571444723,5.994145474174,0.));
#71 = CARTESIAN_POINT('',(20.973694136373,6.3341604789,22.4));
#72 = CARTESIAN_POINT('',(20.973694136373,6.3341604789,0.));
#73 = CARTESIAN_POINT('',(21.849030690946,6.639884233994,22.4));
#74 = CARTESIAN_POINT('',(21.849030690946,6.639884233994,0.));
#75 = CARTESIAN_POINT('',(22.76110965105,6.916378114271,22.4));
#76 = CARTESIAN_POINT('',(22.76110965105,6.916378114271,0.));
#77 = CARTESIAN_POINT('',(23.660970768304,7.14916912309,22.4));
#78 = CARTESIAN_POINT('',(23.660970768304,7.14916912309,0.));
#79 = CARTESIAN_POINT('',(24.569412990843,7.346692918406,22.4));
#80 = CARTESIAN_POINT('',(24.569412990843,7.346692918406,0.));
#81 = CARTESIAN_POINT('',(25.484435930016,7.509086806548,22.4));
#82 = CARTESIAN_POINT('',(25.484435930016,7.509086806548,0.));
#83 = CARTESIAN_POINT('',(26.428348106991,7.638640564576,22.4));
#84 = CARTESIAN_POINT('',(26.428348106991,7.638640564576,0.));
#85 = CARTESIAN_POINT('',(27.350706297773,7.729288872908,22.4));
#86 = CARTESIAN_POINT('',(27.350706297773,7.729288872908,0.));
#87 = CARTESIAN_POINT('',(28.273456484601,7.786418105318,22.4));
#88 = CARTESIAN_POINT('',(28.273456484601,7.786418105318,0.));
#89 = CARTESIAN_POINT('',(29.194782025031,7.810845298097,22.4));
#90 = CARTESIAN_POINT('',(29.194782025031,7.810845298097,0.));
#91 = CARTESIAN_POINT('',(30.137085009938,7.802066972039,22.4));
#92 = CARTESIAN_POINT('',(30.137085009938,7.802066972039,0.));
#93 = CARTESIAN_POINT('',(31.050291833556,7.761671892174,22.4));
#94 = CARTESIAN_POINT('',(31.050291833556,7.761671892174,0.));
#95 = CARTESIAN_POINT('',(31.956695447668,7.691862163502,22.4));
#96 = CARTESIAN_POINT('',(31.956695447668,7.691862163502,0.));
#97 = CARTESIAN_POINT('',(32.854764880395,7.59385601959,22.4));
#98 = CARTESIAN_POINT('',(32.854764880395,7.59385601959,0.));
#99 = CARTESIAN_POINT('',(33.766423809672,7.464526294062,22.4));
#100 = CARTESIAN_POINT('',(33.766423809672,7.464526294062,0.));
#101 = CARTESIAN_POINT('',(34.643551194211,7.311896792332,22.4));
#102 = CARTESIAN_POINT('',(34.643551194211,7.311896792332,0.));
#103 = CARTESIAN_POINT('',(35.508074309696,7.135141318351,22.4));
#104 = CARTESIAN_POINT('',(35.508074309696,7.135141318351,0.));
#105 = CARTESIAN_POINT('',(36.358855315245,6.935615311176,22.4));
#106 = CARTESIAN_POINT('',(36.358855315245,6.935615311176,0.));
#107 = CARTESIAN_POINT('',(37.21688101307,6.707794378428,22.4));
#108 = CARTESIAN_POINT('',(37.21688101307,6.707794378428,0.));
#109 = CARTESIAN_POINT('',(38.037292229204,6.464909369945,22.4));
#110 = CARTESIAN_POINT('',(38.037292229204,6.464909369945,0.));
#111 = CARTESIAN_POINT('',(38.841070761884,6.203206399825,22.4));
#112 = CARTESIAN_POINT('',(38.841070761884,6.203206399825,0.));
#113 = CARTESIAN_POINT('',(39.627593653209,5.923947179717,22.4));
#114 = CARTESIAN_POINT('',(39.627593653209,5.923947179717,0.));
#115 = CARTESIAN_POINT('',(40.416618186157,5.619501004183,22.4));
#116 = CARTESIAN_POINT('',(40.416618186157,5.619501004183,0.));
#117 = CARTESIAN_POINT('',(41.167288767687,5.306544142483,22.4));
#118 = CARTESIAN_POINT('',(41.167288767687,5.306544142483,0.));
#119 = CARTESIAN_POINT('',(41.899486410061,4.979140272547,22.4));
#120 = CARTESIAN_POINT('',(41.899486410061,4.979140272547,0.));
#121 = CARTESIAN_POINT('',(42.613182976834,4.63807942645,22.4));
#122 = CARTESIAN_POINT('',(42.613182976834,4.63807942645,0.));
#123 = CARTESIAN_POINT('',(43.326774342126,4.273767083749,22.4));
#124 = CARTESIAN_POINT('',(43.326774342126,4.273767083749,0.));
#125 = CARTESIAN_POINT('',(44.003843275079,3.905418001963,22.4));
#126 = CARTESIAN_POINT('',(44.003843275079,3.905418001963,0.));
#127 = CARTESIAN_POINT('',(44.663178643089,3.524822041583,22.4));
#128 = CARTESIAN_POINT('',(44.663178643089,3.524822041583,0.));
#129 = CARTESIAN_POINT('',(45.305240820565,3.132256327976,22.4));
#130 = CARTESIAN_POINT('',(45.305240820565,3.132256327976,0.));
#131 = CARTESIAN_POINT('',(45.947952885282,2.715458433768,22.4));
#132 = CARTESIAN_POINT('',(45.947952885282,2.715458433768,0.));
#133 = CARTESIAN_POINT('',(46.556220727558,2.298029746103,22.4));
#134 = CARTESIAN_POINT('',(46.556220727558,2.298029746103,0.));
#135 = CARTESIAN_POINT('',(47.158631312289,1.860650924723,22.4));
#136 = CARTESIAN_POINT('',(47.158631312289,1.860650924723,0.));
#137 = CARTESIAN_POINT('',(47.716125166114,1.435926202974,22.4));
#138 = CARTESIAN_POINT('',(47.716125166114,1.435926202974,0.));
#139 = CARTESIAN_POINT('',(48.400183155954,0.881781610442,22.4));
#140 = CARTESIAN_POINT('',(48.400183155954,0.881781610442,0.));
#141 = CARTESIAN_POINT('',(48.539702421614,0.756663572118,22.4));
#142 = CARTESIAN_POINT('',(48.539702421614,0.756663572118,0.));
#143 = CARTESIAN_POINT('',(48.895723286988,0.45350885127,22.4));
#144 = CARTESIAN_POINT('',(48.895723286988,0.45350885127,0.));
#145 = DEFINITIONAL_REPRESENTATION('',(#146),#150);
#146 = LINE('',#147,#148);
#147 = CARTESIAN_POINT('',(0.617636313455,0.));
#148 = VECTOR('',#149,1.);
#149 = DIRECTION('',(0.,-1.));
#150 = ( GEOMETRIC_REPRESENTATION_CONTEXT(2) 
PARAMETRIC_REPRESENTATION_CONTEXT() REPRESENTATION_CONTEXT('2D SPACE',''
  ) );
#151 = ORIENTED_EDGE('',*,*,#152,.T.);
#152 = EDGE_CURVE('',#24,#153,#155,.T.);
#153 = VERTEX_POINT('',#154);
#154 = CARTESIAN_POINT('',(11.193051594433,6.000466315575,22.4));
#155 = SURFACE_CURVE('',#156,(#161,#168),.PCURVE_S1.);
#156 = CIRCLE('',#157,12.7);
#157 = AXIS2_PLACEMENT_3D('',#158,#159,#160);
#158 = CARTESIAN_POINT('',(0.,0.,22.4));
#159 = DIRECTION('',(0.,0.,1.));
#160 = DIRECTION('',(1.,0.,-0.));
#161 = PCURVE('',#32,#162);
#162 = DEFINITIONAL_REPRESENTATION('',(#163),#167);
#163 = LINE('',#164,#165);
#164 = CARTESIAN_POINT('',(-0.,-22.4));
#165 = VECTOR('',#166,1.);
#166 = DIRECTION('',(-1.,0.));
#167 = ( GEOMETRIC_REPRESENTATION_CONTEXT(2) 
PARAMETRIC_REPRESENTATION_CONTEXT() REPRESENTATION_CONTEXT('2D SPACE',''
  ) );
#168 = PCURVE('',#169,#174);
#169 = PLANE('',#170);
#170 = AXIS2_PLACEMENT_3D('',#171,#172,#173);
#171 = CARTESIAN_POINT('',(0.,1.204325410458E-15,22.4));
#172 = DIRECTION('',(0.,0.,1.));
#173 = DIRECTION('',(1.,0.,-0.));
#174 = DEFINITIONAL_REPRESENTATION('',(#175),#179);
#175 = CIRCLE('',#176,12.7);
#176 = AXIS2_PLACEMENT_2D('',#177,#178);
#177 = CARTESIAN_POINT('',(0.,-1.204325410458E-15));
#178 = DIRECTION('',(1.,0.));
#179 = ( GEOMETRIC_REPRESENTATION_CONTEXT(2) 
PARAMETRIC_REPRESENTATION_CONTEXT() REPRESENTATION_CONTEXT('2D SPACE',''
  ) );
#180 = ORIENTED_EDGE('',*,*,#181,.F.);
#181 = EDGE_CURVE('',#182,#153,#184,.T.);
#182 = VERTEX_POINT('',#183);
#183 = CARTESIAN_POINT('',(11.193051594433,6.000466315575,0.));
#184 = SURFACE_CURVE('',#185,(#189,#196),.PCURVE_S1.);
#185 = LINE('',#186,#187);
#186 = CARTESIAN_POINT('',(11.193051594433,6.000466315575,0.));
#187 = VECTOR('',#188,1.);
#188 = DIRECTION('',(0.,0.,1.));
#189 = PCURVE('',#32,#190);
#190 = DEFINITIONAL_REPRESENTATION('',(#191),#195);
#191 = LINE('',#192,#193);
#192 = CARTESIAN_POINT('',(-0.492099903058,0.));
#193 = VECTOR('',#194,1.);
#194 = DIRECTION('',(-0.,-1.));
#195 = ( GEOMETRIC_REPRESENTATION_CONTEXT(2) 
PARAMETRIC_REPRESENTATION_CONTEXT() REPRESENTATION_CONTEXT('2D SPACE',''
  ) );
#196 = PCURVE('',#197,#202);
#197 = PLANE('',#198);
#198 = AXIS2_PLACEMENT_3D('',#199,#200,#201);
#199 = CARTESIAN_POINT('',(11.585829327088,6.227236645254,0.));
#200 = DIRECTION('',(0.5,-0.866025403784,0.));
#201 = DIRECTION('',(-0.866025403784,-0.5,0.));
#202 = DEFINITIONAL_REPRESENTATION('',(#203),#207);
#203 = LINE('',#204,#205);
#204 = CARTESIAN_POINT('',(0.453540659359,0.));
#205 = VECTOR('',#206,1.);
#206 = DIRECTION('',(0.,-1.));
#207 = ( GEOMETRIC_REPRESENTATION_CONTEXT(2) 
PARAMETRIC_REPRESENTATION_CONTEXT() REPRESENTATION_CONTEXT('2D SPACE',''
  ) );
#208 = ORIENTED_EDGE('',*,*,#209,.F.);
#209 = EDGE_CURVE('',#22,#182,#210,.T.);
#210 = SURFACE_CURVE('',#211,(#216,#223),.PCURVE_S1.);
#211 = CIRCLE('',#212,12.7);
#212 = AXIS2_PLACEMENT_3D('',#213,#214,#215);
#213 = CARTESIAN_POINT('',(0.,0.,0.));
#214 = DIRECTION('',(0.,0.,1.));
#215 = DIRECTION('',(1.,0.,-0.));
#216 = PCURVE('',#32,#217);
#217 = DEFINITIONAL_REPRESENTATION('',(#218),#222);
#218 = LINE('',#219,#220);
#219 = CARTESIAN_POINT('',(-0.,0.));
#220 = VECTOR('',#221,1.);
#221 = DIRECTION('',(-1.,0.));
#222 = ( GEOMETRIC_REPRESENTATION_CONTEXT(2) 
PARAMETRIC_REPRESENTATION_CONTEXT() REPRESENTATION_CONTEXT('2D SPACE',''
  ) );
#223 = PCURVE('',#224,#229);
#224 = PLANE('',#225);
#225 = AXIS2_PLACEMENT_3D('',#226,#227,#228);
#226 = CARTESIAN_POINT('',(0.,1.204325410458E-15,0.));
#227 = DIRECTION('',(0.,0.,1.));
#228 = DIRECTION('',(1.,0.,-0.));
#229 = DEFINITIONAL_REPRESENTATION('',(#230),#234);
#230 = CIRCLE('',#231,12.7);
#231 = AXIS2_PLACEMENT_2D('',#232,#233);
#232 = CARTESIAN_POINT('',(0.,-1.204325410458E-15));
#233 = DIRECTION('',(1.,0.));
#234 = ( GEOMETRIC_REPRESENTATION_CONTEXT(2) 
PARAMETRIC_REPRESENTATION_CONTEXT() REPRESENTATION_CONTEXT('2D SPACE',''
  ) );
#235 = ADVANCED_FACE('',(#236),#197,.T.);
#236 = FACE_BOUND('',#237,.T.);
#237 = EDGE_LOOP('',(#238,#364,#385,#386));
#238 = ORIENTED_EDGE('',*,*,#239,.T.);
#239 = EDGE_CURVE('',#240,#242,#244,.T.);
#240 = VERTEX_POINT('',#241);
#241 = CARTESIAN_POINT('',(11.585829327088,6.227236645254,0.));
#242 = VERTEX_POINT('',#243);
#243 = CARTESIAN_POINT('',(11.585829327088,6.227236645254,22.4));
#244 = SURFACE_CURVE('',#245,(#249,#256),.PCURVE_S1.);
#245 = LINE('',#246,#247);
#246 = CARTESIAN_POINT('',(11.585829327088,6.227236645254,0.));
#247 = VECTOR('',#248,1.);
#248 = DIRECTION('',(0.,0.,1.));
#249 = PCURVE('',#197,#250);
#250 = DEFINITIONAL_REPRESENTATION('',(#251),#255);
#251 = LINE('',#252,#253);
#252 = CARTESIAN_POINT('',(0.,0.));
#253 = VECTOR('',#254,1.);
#254 = DIRECTION('',(0.,-1.));
#255 = ( GEOMETRIC_REPRESENTATION_CONTEXT(2) 
PARAMETRIC_REPRESENTATION_CONTEXT() REPRESENTATION_CONTEXT('2D SPACE',''
  ) );
#256 = PCURVE('',#257,#358);
#257 = B_SPLINE_SURFACE_WITH_KNOTS('',3,1,(
    (#258,#259)
    ,(#260,#261)
    ,(#262,#263)
    ,(#264,#265)
    ,(#266,#267)
    ,(#268,#269)
    ,(#270,#271)
    ,(#272,#273)
    ,(#274,#275)
    ,(#276,#277)
    ,(#278,#279)
    ,(#280,#281)
    ,(#282,#283)
    ,(#284,#285)
    ,(#286,#287)
    ,(#288,#289)
    ,(#290,#291)
    ,(#292,#293)
    ,(#294,#295)
    ,(#296,#297)
    ,(#298,#299)
    ,(#300,#301)
    ,(#302,#303)
    ,(#304,#305)
    ,(#306,#307)
    ,(#308,#309)
    ,(#310,#311)
    ,(#312,#313)
    ,(#314,#315)
    ,(#316,#317)
    ,(#318,#319)
    ,(#320,#321)
    ,(#322,#323)
    ,(#324,#325)
    ,(#326,#327)
    ,(#328,#329)
    ,(#330,#331)
    ,(#332,#333)
    ,(#334,#335)
    ,(#336,#337)
    ,(#338,#339)
    ,(#340,#341)
    ,(#342,#343)
    ,(#344,#345)
    ,(#346,#347)
    ,(#348,#349)
    ,(#350,#351)
    ,(#352,#353)
    ,(#354,#355)
    ,(#356,#357
    )),.UNSPECIFIED.,.F.,.F.,.F.,(4,1,1,1,1,1,1,1,1,1,1,1,1,1,1,1,1,1,1,
    1,1,1,1,1,1,1,1,1,1,1,1,1,1,1,1,1,1,1,1,1,1,1,1,1,1,1,1,4),(2,2),(0.
    ,0.72551896577,1.446812427957,2.167545581006,2.834652630785,
    3.561455250387,4.294404186133,5.035083262141,5.726745513771,
    6.485571675342,7.25499120568,8.035460380499,8.765906861733,
    9.568099084978,10.381469893138,11.205727652658,11.975881503332,
    12.819782078992,13.673026185696,14.534915364628,15.33753390218,
    16.21390469293,17.096636274619,17.984915961911,18.809100000342,
    19.705802922083,20.60576324729,21.508256924785,22.342991216384,
    23.248469118661,24.154594114226,25.060793204637,25.896884345071,
    26.801694858737,27.704993846459,28.606214463702,29.435742647904,
    30.331166080504,31.222462333173,32.108696907138,32.921319115104,
    33.794515353684,34.658772776489,35.512251077876,36.288651119977,
    37.115000087988,37.923185154055,38.651120081248),(-22.4,0.),
  .UNSPECIFIED.);
#258 = CARTESIAN_POINT('',(41.88628008978,23.659388170465,22.4));
#259 = CARTESIAN_POINT('',(41.88628008978,23.659388170465,0.));
#260 = CARTESIAN_POINT('',(41.648148054056,23.703232474195,22.4));
#261 = CARTESIAN_POINT('',(41.648148054056,23.703232474195,0.));
#262 = CARTESIAN_POINT('',(41.175076369562,23.795033658821,22.4));
#263 = CARTESIAN_POINT('',(41.175076369562,23.795033658821,0.));
#264 = CARTESIAN_POINT('',(40.460740230808,23.90551202282,22.4));
#265 = CARTESIAN_POINT('',(40.460740230808,23.90551202282,0.));
#266 = CARTESIAN_POINT('',(39.763633920064,23.996783150685,22.4));
#267 = CARTESIAN_POINT('',(39.763633920064,23.996783150685,0.));
#268 = CARTESIAN_POINT('',(39.062457214104,24.069826100649,22.4));
#269 = CARTESIAN_POINT('',(39.062457214104,24.069826100649,0.));
#270 = CARTESIAN_POINT('',(38.355607914669,24.125401561411,22.4));
#271 = CARTESIAN_POINT('',(38.355607914669,24.125401561411,0.));
#272 = CARTESIAN_POINT('',(37.623031417526,24.163449178997,22.4));
#273 = CARTESIAN_POINT('',(37.623031417526,24.163449178997,0.));
#274 = CARTESIAN_POINT('',(36.901418005569,24.181846927837,22.4));
#275 = CARTESIAN_POINT('',(36.901418005569,24.181846927837,0.));
#276 = CARTESIAN_POINT('',(36.170959271513,24.181985984682,22.4));
#277 = CARTESIAN_POINT('',(36.170959271513,24.181985984682,0.));
#278 = CARTESIAN_POINT('',(35.431135933684,24.163441196091,22.4));
#279 = CARTESIAN_POINT('',(35.431135933684,24.163441196091,0.));
#280 = CARTESIAN_POINT('',(34.662488658293,24.123991675636,22.4));
#281 = CARTESIAN_POINT('',(34.662488658293,24.123991675636,0.));
#282 = CARTESIAN_POINT('',(33.904570816108,24.065119794503,22.4));
#283 = CARTESIAN_POINT('',(33.904570816108,24.065119794503,0.));
#284 = CARTESIAN_POINT('',(33.137534274573,23.985965149402,22.4));
#285 = CARTESIAN_POINT('',(33.137534274573,23.985965149402,0.));
#286 = CARTESIAN_POINT('',(32.3618673245,23.885880856287,22.4));
#287 = CARTESIAN_POINT('',(32.3618673245,23.885880856287,0.));
#288 = CARTESIAN_POINT('',(31.558255891499,23.760260636565,22.4));
#289 = CARTESIAN_POINT('',(31.558255891499,23.760260636565,0.));
#290 = CARTESIAN_POINT('',(30.76883728037,23.614868947684,22.4));
#291 = CARTESIAN_POINT('',(30.76883728037,23.614868947684,0.));
#292 = CARTESIAN_POINT('',(29.973596932147,23.446560102804,22.4));
#293 = CARTESIAN_POINT('',(29.973596932147,23.446560102804,0.));
#294 = CARTESIAN_POINT('',(29.173735170035,23.254724032897,22.4));
#295 = CARTESIAN_POINT('',(29.173735170035,23.254724032897,0.));
#296 = CARTESIAN_POINT('',(28.35018785763,23.032015035626,22.4));
#297 = CARTESIAN_POINT('',(28.35018785763,23.032015035626,0.));
#298 = CARTESIAN_POINT('',(27.546640823297,22.789401479675,22.4));
#299 = CARTESIAN_POINT('',(27.546640823297,22.789401479675,0.));
#300 = CARTESIAN_POINT('',(26.743089645583,22.52139750494,22.4));
#301 = CARTESIAN_POINT('',(26.743089645583,22.52139750494,0.));
#302 = CARTESIAN_POINT('',(25.941205691214,22.227499170634,22.4));
#303 = CARTESIAN_POINT('',(25.941205691214,22.227499170634,0.));
#304 = CARTESIAN_POINT('',(25.122436186504,21.897934019812,22.4));
#305 = CARTESIAN_POINT('',(25.122436186504,21.897934019812,0.));
#306 = CARTESIAN_POINT('',(24.330619515491,21.549171039754,22.4));
#307 = CARTESIAN_POINT('',(24.330619515491,21.549171039754,0.));
#308 = CARTESIAN_POINT('',(23.546124619708,21.173380341744,22.4));
#309 = CARTESIAN_POINT('',(23.546124619708,21.173380341744,0.));
#310 = CARTESIAN_POINT('',(22.770827891507,20.770358772374,22.4));
#311 = CARTESIAN_POINT('',(22.770827891507,20.770358772374,0.));
#312 = CARTESIAN_POINT('',(21.987325805115,20.327693098642,22.4));
#313 = CARTESIAN_POINT('',(21.987325805115,20.327693098642,0.));
#314 = CARTESIAN_POINT('',(21.237779544976,19.868043349543,22.4));
#315 = CARTESIAN_POINT('',(21.237779544976,19.868043349543,0.));
#316 = CARTESIAN_POINT('',(20.503427365362,19.381206421194,22.4));
#317 = CARTESIAN_POINT('',(20.503427365362,19.381206421194,0.));
#318 = CARTESIAN_POINT('',(19.786116193965,18.867427758678,22.4));
#319 = CARTESIAN_POINT('',(19.786116193965,18.867427758678,0.));
#320 = CARTESIAN_POINT('',(19.070250700494,18.311854022186,22.4));
#321 = CARTESIAN_POINT('',(19.070250700494,18.311854022186,0.));
#322 = CARTESIAN_POINT('',(18.394429203105,17.743499903347,22.4));
#323 = CARTESIAN_POINT('',(18.394429203105,17.743499903347,0.));
#324 = CARTESIAN_POINT('',(17.741310270987,17.149904524627,22.4));
#325 = CARTESIAN_POINT('',(17.741310270987,17.149904524627,0.));
#326 = CARTESIAN_POINT('',(17.11251319144,16.531906027059,22.4));
#327 = CARTESIAN_POINT('',(17.11251319144,16.531906027059,0.));
#328 = CARTESIAN_POINT('',(16.494853376947,15.872688945914,22.4));
#329 = CARTESIAN_POINT('',(16.494853376947,15.872688945914,0.));
#330 = CARTESIAN_POINT('',(15.921573612452,15.207315398725,22.4));
#331 = CARTESIAN_POINT('',(15.921573612452,15.207315398725,0.));
#332 = CARTESIAN_POINT('',(15.377323446058,14.521402386477,22.4));
#333 = CARTESIAN_POINT('',(15.377323446058,14.521402386477,0.));
#334 = CARTESIAN_POINT('',(14.863325697555,13.816563671925,22.4));
#335 = CARTESIAN_POINT('',(14.863325697555,13.816563671925,0.));
#336 = CARTESIAN_POINT('',(14.369220301947,13.074815038934,22.4));
#337 = CARTESIAN_POINT('',(14.369220301947,13.074815038934,0.));
#338 = CARTESIAN_POINT('',(13.92137540328,12.336363881119,22.4));
#339 = CARTESIAN_POINT('',(13.92137540328,12.336363881119,0.));
#340 = CARTESIAN_POINT('',(13.506937810932,11.585561381983,22.4));
#341 = CARTESIAN_POINT('',(13.506937810932,11.585561381983,0.));
#342 = CARTESIAN_POINT('',(13.126600652843,10.825213977129,22.4));
#343 = CARTESIAN_POINT('',(13.126600652843,10.825213977129,0.));
#344 = CARTESIAN_POINT('',(12.772771028443,10.036634685725,22.4));
#345 = CARTESIAN_POINT('',(12.772771028443,10.036634685725,0.));
#346 = CARTESIAN_POINT('',(12.464506534636,9.265915624382,22.4));
#347 = CARTESIAN_POINT('',(12.464506534636,9.265915624382,0.));
#348 = CARTESIAN_POINT('',(12.189494636354,8.488850539877,22.4));
#349 = CARTESIAN_POINT('',(12.189494636354,8.488850539877,0.));
#350 = CARTESIAN_POINT('',(11.956152719512,7.741291356944,22.4));
#351 = CARTESIAN_POINT('',(11.956152719512,7.741291356944,0.));
#352 = CARTESIAN_POINT('',(11.733361592018,6.908554193169,22.4));
#353 = CARTESIAN_POINT('',(11.733361592018,6.908554193169,0.));
#354 = CARTESIAN_POINT('',(11.664113331876,6.57265667835,22.4));
#355 = CARTESIAN_POINT('',(11.664113331876,6.57265667835,0.));
#356 = CARTESIAN_POINT('',(11.585829327088,6.227236645254,22.4));
#357 = CARTESIAN_POINT('',(11.585829327088,6.227236645254,0.));
#358 = DEFINITIONAL_REPRESENTATION('',(#359),#363);
#359 = LINE('',#360,#361);
#360 = CARTESIAN_POINT('',(38.651120081248,0.));
#361 = VECTOR('',#362,1.);
#362 = DIRECTION('',(0.,-1.));
#363 = ( GEOMETRIC_REPRESENTATION_CONTEXT(2) 
PARAMETRIC_REPRESENTATION_CONTEXT() REPRESENTATION_CONTEXT('2D SPACE',''
  ) );
#364 = ORIENTED_EDGE('',*,*,#365,.T.);
#365 = EDGE_CURVE('',#242,#153,#366,.T.);
#366 = SURFACE_CURVE('',#367,(#371,#378),.PCURVE_S1.);
#367 = LINE('',#368,#369);
#368 = CARTESIAN_POINT('',(11.585829327088,6.227236645254,22.4));
#369 = VECTOR('',#370,1.);
#370 = DIRECTION('',(-0.866025403784,-0.5,0.));
#371 = PCURVE('',#197,#372);
#372 = DEFINITIONAL_REPRESENTATION('',(#373),#377);
#373 = LINE('',#374,#375);
#374 = CARTESIAN_POINT('',(0.,-22.4));
#375 = VECTOR('',#376,1.);
#376 = DIRECTION('',(1.,0.));
#377 = ( GEOMETRIC_REPRESENTATION_CONTEXT(2) 
PARAMETRIC_REPRESENTATION_CONTEXT() REPRESENTATION_CONTEXT('2D SPACE',''
  ) );
#378 = PCURVE('',#169,#379);
#379 = DEFINITIONAL_REPRESENTATION('',(#380),#384);
#380 = LINE('',#381,#382);
#381 = CARTESIAN_POINT('',(11.585829327088,6.227236645254));
#382 = VECTOR('',#383,1.);
#383 = DIRECTION('',(-0.866025403784,-0.5));
#384 = ( GEOMETRIC_REPRESENTATION_CONTEXT(2) 
PARAMETRIC_REPRESENTATION_CONTEXT() REPRESENTATION_CONTEXT('2D SPACE',''
  ) );
#385 = ORIENTED_EDGE('',*,*,#181,.F.);
#386 = ORIENTED_EDGE('',*,*,#387,.F.);
#387 = EDGE_CURVE('',#240,#182,#388,.T.);
#388 = SURFACE_CURVE('',#389,(#393,#400),.PCURVE_S1.);
#389 = LINE('',#390,#391);
#390 = CARTESIAN_POINT('',(11.585829327088,6.227236645254,0.));
#391 = VECTOR('',#392,1.);
#392 = DIRECTION('',(-0.866025403784,-0.5,0.));
#393 = PCURVE('',#197,#394);
#394 = DEFINITIONAL_REPRESENTATION('',(#395),#399);
#395 = LINE('',#396,#397);
#396 = CARTESIAN_POINT('',(0.,0.));
#397 = VECTOR('',#398,1.);
#398 = DIRECTION('',(1.,0.));
#399 = ( GEOMETRIC_REPRESENTATION_CONTEXT(2) 
PARAMETRIC_REPRESENTATION_CONTEXT() REPRESENTATION_CONTEXT('2D SPACE',''
  ) );
#400 = PCURVE('',#224,#401);
#401 = DEFINITIONAL_REPRESENTATION('',(#402),#406);
#402 = LINE('',#403,#404);
#403 = CARTESIAN_POINT('',(11.585829327088,6.227236645254));
#404 = VECTOR('',#405,1.);
#405 = DIRECTION('',(-0.866025403784,-0.5));
#406 = ( GEOMETRIC_REPRESENTATION_CONTEXT(2) 
PARAMETRIC_REPRESENTATION_CONTEXT() REPRESENTATION_CONTEXT('2D SPACE',''
  ) );
#407 = ADVANCED_FACE('',(#408),#257,.T.);
#408 = FACE_BOUND('',#409,.T.);
#409 = EDGE_LOOP('',(#410,#440,#555,#556));
#410 = ORIENTED_EDGE('',*,*,#411,.T.);
#411 = EDGE_CURVE('',#412,#414,#416,.T.);
#412 = VERTEX_POINT('',#413);
#413 = CARTESIAN_POINT('',(41.88628008978,23.659388170465,0.));
#414 = VERTEX_POINT('',#415);
#415 = CARTESIAN_POINT('',(41.88628008978,23.659388170465,22.4));
#416 = SURFACE_CURVE('',#417,(#421,#428),.PCURVE_S1.);
#417 = LINE('',#418,#419);
#418 = CARTESIAN_POINT('',(41.88628008978,23.659388170465,0.));
#419 = VECTOR('',#420,1.);
#420 = DIRECTION('',(0.,0.,1.));
#421 = PCURVE('',#257,#422);
#422 = DEFINITIONAL_REPRESENTATION('',(#423),#427);
#423 = LINE('',#424,#425);
#424 = CARTESIAN_POINT('',(0.,0.));
#425 = VECTOR('',#426,1.);
#426 = DIRECTION('',(0.,-1.));
#427 = ( GEOMETRIC_REPRESENTATION_CONTEXT(2) 
PARAMETRIC_REPRESENTATION_CONTEXT() REPRESENTATION_CONTEXT('2D SPACE',''
  ) );
#428 = PCURVE('',#429,#434);
#429 = PLANE('',#430);
#430 = AXIS2_PLACEMENT_3D('',#431,#432,#433);
#431 = CARTESIAN_POINT('',(42.389307701776,23.566853684022,0.));
#432 = DIRECTION('',(-0.180919441855,-0.983497918431,0.));
#433 = DIRECTION('',(-0.983497918431,0.180919441855,0.));
#434 = DEFINITIONAL_REPRESENTATION('',(#435),#439);
#435 = LINE('',#436,#437);
#436 = CARTESIAN_POINT('',(0.511467896952,0.));
#437 = VECTOR('',#438,1.);
#438 = DIRECTION('',(0.,-1.));
#439 = ( GEOMETRIC_REPRESENTATION_CONTEXT(2) 
PARAMETRIC_REPRESENTATION_CONTEXT() REPRESENTATION_CONTEXT('2D SPACE',''
  ) );
#440 = ORIENTED_EDGE('',*,*,#441,.T.);
#441 = EDGE_CURVE('',#414,#242,#442,.T.);
#442 = SURFACE_CURVE('',#443,(#494,#501),.PCURVE_S1.);
#443 = B_SPLINE_CURVE_WITH_KNOTS('',3,(#444,#445,#446,#447,#448,#449,
    #450,#451,#452,#453,#454,#455,#456,#457,#458,#459,#460,#461,#462,
    #463,#464,#465,#466,#467,#468,#469,#470,#471,#472,#473,#474,#475,
    #476,#477,#478,#479,#480,#481,#482,#483,#484,#485,#486,#487,#488,
    #489,#490,#491,#492,#493),.UNSPECIFIED.,.F.,.F.,(4,1,1,1,1,1,1,1,1,1
    ,1,1,1,1,1,1,1,1,1,1,1,1,1,1,1,1,1,1,1,1,1,1,1,1,1,1,1,1,1,1,1,1,1,1
    ,1,1,1,4),(0.,0.72551896577,1.446812427957,2.167545581006,
    2.834652630785,3.561455250387,4.294404186133,5.035083262141,
    5.726745513771,6.485571675342,7.25499120568,8.035460380499,
    8.765906861733,9.568099084978,10.381469893138,11.205727652658,
    11.975881503332,12.819782078992,13.673026185696,14.534915364628,
    15.33753390218,16.21390469293,17.096636274619,17.984915961911,
    18.809100000342,19.705802922083,20.60576324729,21.508256924785,
    22.342991216384,23.248469118661,24.154594114226,25.060793204637,
    25.896884345071,26.801694858737,27.704993846459,28.606214463702,
    29.435742647904,30.331166080504,31.222462333173,32.108696907138,
    32.921319115104,33.794515353684,34.658772776489,35.512251077876,
    36.288651119977,37.115000087988,37.923185154055,38.651120081248),
  .UNSPECIFIED.);
#444 = CARTESIAN_POINT('',(41.88628008978,23.659388170465,22.4));
#445 = CARTESIAN_POINT('',(41.648148054056,23.703232474195,22.4));
#446 = CARTESIAN_POINT('',(41.175076369562,23.795033658821,22.4));
#447 = CARTESIAN_POINT('',(40.460740230808,23.90551202282,22.4));
#448 = CARTESIAN_POINT('',(39.763633920064,23.996783150685,22.4));
#449 = CARTESIAN_POINT('',(39.062457214104,24.069826100649,22.4));
#450 = CARTESIAN_POINT('',(38.355607914669,24.125401561411,22.4));
#451 = CARTESIAN_POINT('',(37.623031417526,24.163449178997,22.4));
#452 = CARTESIAN_POINT('',(36.901418005569,24.181846927837,22.4));
#453 = CARTESIAN_POINT('',(36.170959271513,24.181985984682,22.4));
#454 = CARTESIAN_POINT('',(35.431135933684,24.163441196091,22.4));
#455 = CARTESIAN_POINT('',(34.662488658293,24.123991675636,22.4));
#456 = CARTESIAN_POINT('',(33.904570816108,24.065119794503,22.4));
#457 = CARTESIAN_POINT('',(33.137534274573,23.985965149402,22.4));
#458 = CARTESIAN_POINT('',(32.3618673245,23.885880856287,22.4));
#459 = CARTESIAN_POINT('',(31.558255891499,23.760260636565,22.4));
#460 = CARTESIAN_POINT('',(30.76883728037,23.614868947684,22.4));
#461 = CARTESIAN_POINT('',(29.973596932147,23.446560102804,22.4));
#462 = CARTESIAN_POINT('',(29.173735170035,23.254724032897,22.4));
#463 = CARTESIAN_POINT('',(28.35018785763,23.032015035626,22.4));
#464 = CARTESIAN_POINT('',(27.546640823297,22.789401479675,22.4));
#465 = CARTESIAN_POINT('',(26.743089645583,22.52139750494,22.4));
#466 = CARTESIAN_POINT('',(25.941205691214,22.227499170634,22.4));
#467 = CARTESIAN_POINT('',(25.122436186504,21.897934019812,22.4));
#468 = CARTESIAN_POINT('',(24.330619515491,21.549171039754,22.4));
#469 = CARTESIAN_POINT('',(23.546124619708,21.173380341744,22.4));
#470 = CARTESIAN_POINT('',(22.770827891507,20.770358772374,22.4));
#471 = CARTESIAN_POINT('',(21.987325805115,20.327693098642,22.4));
#472 = CARTESIAN_POINT('',(21.237779544976,19.868043349543,22.4));
#473 = CARTESIAN_POINT('',(20.503427365362,19.381206421194,22.4));
#474 = CARTESIAN_POINT('',(19.786116193965,18.867427758678,22.4));
#475 = CARTESIAN_POINT('',(19.070250700494,18.311854022186,22.4));
#476 = CARTESIAN_POINT('',(18.394429203105,17.743499903347,22.4));
#477 = CARTESIAN_POINT('',(17.741310270987,17.149904524627,22.4));
#478 = CARTESIAN_POINT('',(17.11251319144,16.531906027059,22.4));
#479 = CARTESIAN_POINT('',(16.494853376947,15.872688945914,22.4));
#480 = CARTESIAN_POINT('',(15.921573612452,15.207315398725,22.4));
#481 = CARTESIAN_POINT('',(15.377323446058,14.521402386477,22.4));
#482 = CARTESIAN_POINT('',(14.863325697555,13.816563671925,22.4));
#483 = CARTESIAN_POINT('',(14.369220301947,13.074815038934,22.4));
#484 = CARTESIAN_POINT('',(13.92137540328,12.336363881119,22.4));
#485 = CARTESIAN_POINT('',(13.506937810932,11.585561381983,22.4));
#486 = CARTESIAN_POINT('',(13.126600652843,10.825213977129,22.4));
#487 = CARTESIAN_POINT('',(12.772771028443,10.036634685725,22.4));
#488 = CARTESIAN_POINT('',(12.464506534636,9.265915624382,22.4));
#489 = CARTESIAN_POINT('',(12.189494636354,8.488850539877,22.4));
#490 = CARTESIAN_POINT('',(11.956152719512,7.741291356944,22.4));
#491 = CARTESIAN_POINT('',(11.733361592018,6.908554193169,22.4));
#492 = CARTESIAN_POINT('',(11.664113331876,6.57265667835,22.4));
#493 = CARTESIAN_POINT('',(11.585829327088,6.227236645254,22.4));
#494 = PCURVE('',#257,#495);
#495 = DEFINITIONAL_REPRESENTATION('',(#496),#500);
#496 = LINE('',#497,#498);
#497 = CARTESIAN_POINT('',(0.,-22.4));
#498 = VECTOR('',#499,1.);
#499 = DIRECTION('',(1.,0.));
#500 = ( GEOMETRIC_REPRESENTATION_CONTEXT(2) 
PARAMETRIC_REPRESENTATION_CONTEXT() REPRESENTATION_CONTEXT('2D SPACE',''
  ) );
#501 = PCURVE('',#169,#502);
#502 = DEFINITIONAL_REPRESENTATION('',(#503),#554);
#503 = B_SPLINE_CURVE_WITH_KNOTS('',3,(#504,#505,#506,#507,#508,#509,
    #510,#511,#512,#513,#514,#515,#516,#517,#518,#519,#520,#521,#522,
    #523,#524,#525,#526,#527,#528,#529,#530,#531,#532,#533,#534,#535,
    #536,#537,#538,#539,#540,#541,#542,#543,#544,#545,#546,#547,#548,
    #549,#550,#551,#552,#553),.UNSPECIFIED.,.F.,.F.,(4,1,1,1,1,1,1,1,1,1
    ,1,1,1,1,1,1,1,1,1,1,1,1,1,1,1,1,1,1,1,1,1,1,1,1,1,1,1,1,1,1,1,1,1,1
    ,1,1,1,4),(0.,0.72551896577,1.446812427957,2.167545581006,
    2.834652630785,3.561455250387,4.294404186133,5.035083262141,
    5.726745513771,6.485571675342,7.25499120568,8.035460380499,
    8.765906861733,9.568099084978,10.381469893138,11.205727652658,
    11.975881503332,12.819782078992,13.673026185696,14.534915364628,
    15.33753390218,16.21390469293,17.096636274619,17.984915961911,
    18.809100000342,19.705802922083,20.60576324729,21.508256924785,
    22.342991216384,23.248469118661,24.154594114226,25.060793204637,
    25.896884345071,26.801694858737,27.704993846459,28.606214463702,
    29.435742647904,30.331166080504,31.222462333173,32.108696907138,
    32.921319115104,33.794515353684,34.658772776489,35.512251077876,
    36.288651119977,37.115000087988,37.923185154055,38.651120081248),
  .UNSPECIFIED.);
#504 = CARTESIAN_POINT('',(41.88628008978,23.659388170465));
#505 = CARTESIAN_POINT('',(41.648148054056,23.703232474195));
#506 = CARTESIAN_POINT('',(41.175076369562,23.795033658821));
#507 = CARTESIAN_POINT('',(40.460740230808,23.90551202282));
#508 = CARTESIAN_POINT('',(39.763633920064,23.996783150685));
#509 = CARTESIAN_POINT('',(39.062457214104,24.069826100649));
#510 = CARTESIAN_POINT('',(38.355607914669,24.125401561411));
#511 = CARTESIAN_POINT('',(37.623031417526,24.163449178997));
#512 = CARTESIAN_POINT('',(36.901418005569,24.181846927837));
#513 = CARTESIAN_POINT('',(36.170959271513,24.181985984682));
#514 = CARTESIAN_POINT('',(35.431135933684,24.163441196091));
#515 = CARTESIAN_POINT('',(34.662488658293,24.123991675636));
#516 = CARTESIAN_POINT('',(33.904570816108,24.065119794503));
#517 = CARTESIAN_POINT('',(33.137534274573,23.985965149402));
#518 = CARTESIAN_POINT('',(32.3618673245,23.885880856287));
#519 = CARTESIAN_POINT('',(31.558255891499,23.760260636565));
#520 = CARTESIAN_POINT('',(30.76883728037,23.614868947684));
#521 = CARTESIAN_POINT('',(29.973596932147,23.446560102804));
#522 = CARTESIAN_POINT('',(29.173735170035,23.254724032897));
#523 = CARTESIAN_POINT('',(28.35018785763,23.032015035626));
#524 = CARTESIAN_POINT('',(27.546640823297,22.789401479675));
#525 = CARTESIAN_POINT('',(26.743089645583,22.52139750494));
#526 = CARTESIAN_POINT('',(25.941205691214,22.227499170634));
#527 = CARTESIAN_POINT('',(25.122436186504,21.897934019812));
#528 = CARTESIAN_POINT('',(24.330619515491,21.549171039754));
#529 = CARTESIAN_POINT('',(23.546124619708,21.173380341744));
#530 = CARTESIAN_POINT('',(22.770827891507,20.770358772374));
#531 = CARTESIAN_POINT('',(21.987325805115,20.327693098642));
#532 = CARTESIAN_POINT('',(21.237779544976,19.868043349543));
#533 = CARTESIAN_POINT('',(20.503427365362,19.381206421194));
#534 = CARTESIAN_POINT('',(19.786116193965,18.867427758678));
#535 = CARTESIAN_POINT('',(19.070250700494,18.311854022186));
#536 = CARTESIAN_POINT('',(18.394429203105,17.743499903347));
#537 = CARTESIAN_POINT('',(17.741310270987,17.149904524627));
#538 = CARTESIAN_POINT('',(17.11251319144,16.531906027059));
#539 = CARTESIAN_POINT('',(16.494853376947,15.872688945914));
#540 = CARTESIAN_POINT('',(15.921573612452,15.207315398725));
#541 = CARTESIAN_POINT('',(15.377323446058,14.521402386477));
#542 = CARTESIAN_POINT('',(14.863325697555,13.816563671925));
#543 = CARTESIAN_POINT('',(14.369220301947,13.074815038934));
#544 = CARTESIAN_POINT('',(13.92137540328,12.336363881119));
#545 = CARTESIAN_POINT('',(13.506937810932,11.585561381983));
#546 = CARTESIAN_POINT('',(13.126600652843,10.825213977129));
#547 = CARTESIAN_POINT('',(12.772771028443,10.036634685725));
#548 = CARTESIAN_POINT('',(12.464506534636,9.265915624382));
#549 = CARTESIAN_POINT('',(12.189494636354,8.488850539877));
#550 = CARTESIAN_POINT('',(11.956152719512,7.741291356944));
#551 = CARTESIAN_POINT('',(11.733361592018,6.908554193169));
#552 = CARTESIAN_POINT('',(11.664113331876,6.57265667835));
#553 = CARTESIAN_POINT('',(11.585829327088,6.227236645254));
#554 = ( GEOMETRIC_REPRESENTATION_CONTEXT(2) 
PARAMETRIC_REPRESENTATION_CONTEXT() REPRESENTATION_CONTEXT('2D SPACE',''
  ) );
#555 = ORIENTED_EDGE('',*,*,#239,.F.);
#556 = ORIENTED_EDGE('',*,*,#557,.F.);
#557 = EDGE_CURVE('',#412,#240,#558,.T.);
#558 = SURFACE_CURVE('',#559,(#610,#617),.PCURVE_S1.);
#559 = B_SPLINE_CURVE_WITH_KNOTS('',3,(#560,#561,#562,#563,#564,#565,
    #566,#567,#568,#569,#570,#571,#572,#573,#574,#575,#576,#577,#578,
    #579,#580,#581,#582,#583,#584,#585,#586,#587,#588,#589,#590,#591,
    #592,#593,#594,#595,#596,#597,#598,#599,#600,#601,#602,#603,#604,
    #605,#606,#607,#608,#609),.UNSPECIFIED.,.F.,.F.,(4,1,1,1,1,1,1,1,1,1
    ,1,1,1,1,1,1,1,1,1,1,1,1,1,1,1,1,1,1,1,1,1,1,1,1,1,1,1,1,1,1,1,1,1,1
    ,1,1,1,4),(0.,0.72551896577,1.446812427957,2.167545581006,
    2.834652630785,3.561455250387,4.294404186133,5.035083262141,
    5.726745513771,6.485571675342,7.25499120568,8.035460380499,
    8.765906861733,9.568099084978,10.381469893138,11.205727652658,
    11.975881503332,12.819782078992,13.673026185696,14.534915364628,
    15.33753390218,16.21390469293,17.096636274619,17.984915961911,
    18.809100000342,19.705802922083,20.60576324729,21.508256924785,
    22.342991216384,23.248469118661,24.154594114226,25.060793204637,
    25.896884345071,26.801694858737,27.704993846459,28.606214463702,
    29.435742647904,30.331166080504,31.222462333173,32.108696907138,
    32.921319115104,33.794515353684,34.658772776489,35.512251077876,
    36.288651119977,37.115000087988,37.923185154055,38.651120081248),
  .UNSPECIFIED.);
#560 = CARTESIAN_POINT('',(41.88628008978,23.659388170465,0.));
#561 = CARTESIAN_POINT('',(41.648148054056,23.703232474195,0.));
#562 = CARTESIAN_POINT('',(41.175076369562,23.795033658821,0.));
#563 = CARTESIAN_POINT('',(40.460740230808,23.90551202282,0.));
#564 = CARTESIAN_POINT('',(39.763633920064,23.996783150685,0.));
#565 = CARTESIAN_POINT('',(39.062457214104,24.069826100649,0.));
#566 = CARTESIAN_POINT('',(38.355607914669,24.125401561411,0.));
#567 = CARTESIAN_POINT('',(37.623031417526,24.163449178997,0.));
#568 = CARTESIAN_POINT('',(36.901418005569,24.181846927837,0.));
#569 = CARTESIAN_POINT('',(36.170959271513,24.181985984682,0.));
#570 = CARTESIAN_POINT('',(35.431135933684,24.163441196091,0.));
#571 = CARTESIAN_POINT('',(34.662488658293,24.123991675636,0.));
#572 = CARTESIAN_POINT('',(33.904570816108,24.065119794503,0.));
#573 = CARTESIAN_POINT('',(33.137534274573,23.985965149402,0.));
#574 = CARTESIAN_POINT('',(32.3618673245,23.885880856287,0.));
#575 = CARTESIAN_POINT('',(31.558255891499,23.760260636565,0.));
#576 = CARTESIAN_POINT('',(30.76883728037,23.614868947684,0.));
#577 = CARTESIAN_POINT('',(29.973596932147,23.446560102804,0.));
#578 = CARTESIAN_POINT('',(29.173735170035,23.254724032897,0.));
#579 = CARTESIAN_POINT('',(28.35018785763,23.032015035626,0.));
#580 = CARTESIAN_POINT('',(27.546640823297,22.789401479675,0.));
#581 = CARTESIAN_POINT('',(26.743089645583,22.52139750494,0.));
#582 = CARTESIAN_POINT('',(25.941205691214,22.227499170634,0.));
#583 = CARTESIAN_POINT('',(25.122436186504,21.897934019812,0.));
#584 = CARTESIAN_POINT('',(24.330619515491,21.549171039754,0.));
#585 = CARTESIAN_POINT('',(23.546124619708,21.173380341744,0.));
#586 = CARTESIAN_POINT('',(22.770827891507,20.770358772374,0.));
#587 = CARTESIAN_POINT('',(21.987325805115,20.327693098642,0.));
#588 = CARTESIAN_POINT('',(21.237779544976,19.868043349543,0.));
#589 = CARTESIAN_POINT('',(20.503427365362,19.381206421194,0.));
#590 = CARTESIAN_POINT('',(19.786116193965,18.867427758678,0.));
#591 = CARTESIAN_POINT('',(19.070250700494,18.311854022186,0.));
#592 = CARTESIAN_POINT('',(18.394429203105,17.743499903347,0.));
#593 = CARTESIAN_POINT('',(17.741310270987,17.149904524627,0.));
#594 = CARTESIAN_POINT('',(17.11251319144,16.531906027059,0.));
#595 = CARTESIAN_POINT('',(16.494853376947,15.872688945914,0.));
#596 = CARTESIAN_POINT('',(15.921573612452,15.207315398725,0.));
#597 = CARTESIAN_POINT('',(15.377323446058,14.521402386477,0.));
#598 = CARTESIAN_POINT('',(14.863325697555,13.816563671925,0.));
#599 = CARTESIAN_POINT('',(14.369220301947,13.074815038934,0.));
#600 = CARTESIAN_POINT('',(13.92137540328,12.336363881119,0.));
#601 = CARTESIAN_POINT('',(13.506937810932,11.585561381983,0.));
#602 = CARTESIAN_POINT('',(13.126600652843,10.825213977129,0.));
#603 = CARTESIAN_POINT('',(12.772771028443,10.036634685725,0.));
#604 = CARTESIAN_POINT('',(12.464506534636,9.265915624382,0.));
#605 = CARTESIAN_POINT('',(12.189494636354,8.488850539877,0.));
#606 = CARTESIAN_POINT('',(11.956152719512,7.741291356944,0.));
#607 = CARTESIAN_POINT('',(11.733361592018,6.908554193169,0.));
#608 = CARTESIAN_POINT('',(11.664113331876,6.57265667835,0.));
#609 = CARTESIAN_POINT('',(11.585829327088,6.227236645254,0.));
#610 = PCURVE('',#257,#611);
#611 = DEFINITIONAL_REPRESENTATION('',(#612),#616);
#612 = LINE('',#613,#614);
#613 = CARTESIAN_POINT('',(0.,0.));
#614 = VECTOR('',#615,1.);
#615 = DIRECTION('',(1.,0.));
#616 = ( GEOMETRIC_REPRESENTATION_CONTEXT(2) 
PARAMETRIC_REPRESENTATION_CONTEXT() REPRESENTATION_CONTEXT('2D SPACE',''
  ) );
#617 = PCURVE('',#224,#618);
#618 = DEFINITIONAL_REPRESENTATION('',(#619),#670);
#619 = B_SPLINE_CURVE_WITH_KNOTS('',3,(#620,#621,#622,#623,#624,#625,
    #626,#627,#628,#629,#630,#631,#632,#633,#634,#635,#636,#637,#638,
    #639,#640,#641,#642,#643,#644,#645,#646,#647,#648,#649,#650,#651,
    #652,#653,#654,#655,#656,#657,#658,#659,#660,#661,#662,#663,#664,
    #665,#666,#667,#668,#669),.UNSPECIFIED.,.F.,.F.,(4,1,1,1,1,1,1,1,1,1
    ,1,1,1,1,1,1,1,1,1,1,1,1,1,1,1,1,1,1,1,1,1,1,1,1,1,1,1,1,1,1,1,1,1,1
    ,1,1,1,4),(0.,0.72551896577,1.446812427957,2.167545581006,
    2.834652630785,3.561455250387,4.294404186133,5.035083262141,
    5.726745513771,6.485571675342,7.25499120568,8.035460380499,
    8.765906861733,9.568099084978,10.381469893138,11.205727652658,
    11.975881503332,12.819782078992,13.673026185696,14.534915364628,
    15.33753390218,16.21390469293,17.096636274619,17.984915961911,
    18.809100000342,19.705802922083,20.60576324729,21.508256924785,
    22.342991216384,23.248469118661,24.154594114226,25.060793204637,
    25.896884345071,26.801694858737,27.704993846459,28.606214463702,
    29.435742647904,30.331166080504,31.222462333173,32.108696907138,
    32.921319115104,33.794515353684,34.658772776489,35.512251077876,
    36.288651119977,37.115000087988,37.923185154055,38.651120081248),
  .UNSPECIFIED.);
#620 = CARTESIAN_POINT('',(41.88628008978,23.659388170465));
#621 = CARTESIAN_POINT('',(41.648148054056,23.703232474195));
#622 = CARTESIAN_POINT('',(41.175076369562,23.795033658821));
#623 = CARTESIAN_POINT('',(40.460740230808,23.90551202282));
#624 = CARTESIAN_POINT('',(39.763633920064,23.996783150685));
#625 = CARTESIAN_POINT('',(39.062457214104,24.069826100649));
#626 = CARTESIAN_POINT('',(38.355607914669,24.125401561411));
#627 = CARTESIAN_POINT('',(37.623031417526,24.163449178997));
#628 = CARTESIAN_POINT('',(36.901418005569,24.181846927837));
#629 = CARTESIAN_POINT('',(36.170959271513,24.181985984682));
#630 = CARTESIAN_POINT('',(35.431135933684,24.163441196091));
#631 = CARTESIAN_POINT('',(34.662488658293,24.123991675636));
#632 = CARTESIAN_POINT('',(33.904570816108,24.065119794503));
#633 = CARTESIAN_POINT('',(33.137534274573,23.985965149402));
#634 = CARTESIAN_POINT('',(32.3618673245,23.885880856287));
#635 = CARTESIAN_POINT('',(31.558255891499,23.760260636565));
#636 = CARTESIAN_POINT('',(30.76883728037,23.614868947684));
#637 = CARTESIAN_POINT('',(29.973596932147,23.446560102804));
#638 = CARTESIAN_POINT('',(29.173735170035,23.254724032897));
#639 = CARTESIAN_POINT('',(28.35018785763,23.032015035626));
#640 = CARTESIAN_POINT('',(27.546640823297,22.789401479675));
#641 = CARTESIAN_POINT('',(26.743089645583,22.52139750494));
#642 = CARTESIAN_POINT('',(25.941205691214,22.227499170634));
#643 = CARTESIAN_POINT('',(25.122436186504,21.897934019812));
#644 = CARTESIAN_POINT('',(24.330619515491,21.549171039754));
#645 = CARTESIAN_POINT('',(23.546124619708,21.173380341744));
#646 = CARTESIAN_POINT('',(22.770827891507,20.770358772374));
#647 = CARTESIAN_POINT('',(21.987325805115,20.327693098642));
#648 = CARTESIAN_POINT('',(21.237779544976,19.868043349543));
#649 = CARTESIAN_POINT('',(20.503427365362,19.381206421194));
#650 = CARTESIAN_POINT('',(19.786116193965,18.867427758678));
#651 = CARTESIAN_POINT('',(19.070250700494,18.311854022186));
#652 = CARTESIAN_POINT('',(18.394429203105,17.743499903347));
#653 = CARTESIAN_POINT('',(17.741310270987,17.149904524627));
#654 = CARTESIAN_POINT('',(17.11251319144,16.531906027059));
#655 = CARTESIAN_POINT('',(16.494853376947,15.872688945914));
#656 = CARTESIAN_POINT('',(15.921573612452,15.207315398725));
#657 = CARTESIAN_POINT('',(15.377323446058,14.521402386477));
#658 = CARTESIAN_POINT('',(14.863325697555,13.816563671925));
#659 = CARTESIAN_POINT('',(14.369220301947,13.074815038934));
#660 = CARTESIAN_POINT('',(13.92137540328,12.336363881119));
#661 = CARTESIAN_POINT('',(13.506937810932,11.585561381983));
#662 = CARTESIAN_POINT('',(13.126600652843,10.825213977129));
#663 = CARTESIAN_POINT('',(12.772771028443,10.036634685725));
#664 = CARTESIAN_POINT('',(12.464506534636,9.265915624382));
#665 = CARTESIAN_POINT('',(12.189494636354,8.488850539877));
#666 = CARTESIAN_POINT('',(11.956152719512,7.741291356944));
#667 = CARTESIAN_POINT('',(11.733361592018,6.908554193169));
#668 = CARTESIAN_POINT('',(11.664113331876,6.57265667835));
#669 = CARTESIAN_POINT('',(11.585829327088,6.227236645254));
#670 = ( GEOMETRIC_REPRESENTATION_CONTEXT(2) 
PARAMETRIC_REPRESENTATION_CONTEXT() REPRESENTATION_CONTEXT('2D SPACE',''
  ) );
#671 = ADVANCED_FACE('',(#672),#429,.T.);
#672 = FACE_BOUND('',#673,.T.);
#673 = EDGE_LOOP('',(#674,#704,#725,#726));
#674 = ORIENTED_EDGE('',*,*,#675,.T.);
#675 = EDGE_CURVE('',#676,#678,#680,.T.);
#676 = VERTEX_POINT('',#677);
#677 = CARTESIAN_POINT('',(42.389307701776,23.566853684022,0.));
#678 = VERTEX_POINT('',#679);
#679 = CARTESIAN_POINT('',(42.389307701776,23.566853684022,22.4));
#680 = SURFACE_CURVE('',#681,(#685,#692),.PCURVE_S1.);
#681 = LINE('',#682,#683);
#682 = CARTESIAN_POINT('',(42.389307701776,23.566853684022,0.));
#683 = VECTOR('',#684,1.);
#684 = DIRECTION('',(0.,0.,1.));
#685 = PCURVE('',#429,#686);
#686 = DEFINITIONAL_REPRESENTATION('',(#687),#691);
#687 = LINE('',#688,#689);
#688 = CARTESIAN_POINT('',(0.,0.));
#689 = VECTOR('',#690,1.);
#690 = DIRECTION('',(0.,-1.));
#691 = ( GEOMETRIC_REPRESENTATION_CONTEXT(2) 
PARAMETRIC_REPRESENTATION_CONTEXT() REPRESENTATION_CONTEXT('2D SPACE',''
  ) );
#692 = PCURVE('',#693,#698);
#693 = CYLINDRICAL_SURFACE('',#694,48.5);
#694 = AXIS2_PLACEMENT_3D('',#695,#696,#697);
#695 = CARTESIAN_POINT('',(0.,0.,0.));
#696 = DIRECTION('',(-0.,-0.,-1.));
#697 = DIRECTION('',(1.,0.,-0.));
#698 = DEFINITIONAL_REPRESENTATION('',(#699),#703);
#699 = LINE('',#700,#701);
#700 = CARTESIAN_POINT('',(-0.507409205021,0.));
#701 = VECTOR('',#702,1.);
#702 = DIRECTION('',(-0.,-1.));
#703 = ( GEOMETRIC_REPRESENTATION_CONTEXT(2) 
PARAMETRIC_REPRESENTATION_CONTEXT() REPRESENTATION_CONTEXT('2D SPACE',''
  ) );
#704 = ORIENTED_EDGE('',*,*,#705,.T.);
#705 = EDGE_CURVE('',#678,#414,#706,.T.);
#706 = SURFACE_CURVE('',#707,(#711,#718),.PCURVE_S1.);
#707 = LINE('',#708,#709);
#708 = CARTESIAN_POINT('',(44.672199960561,23.146904047592,22.4));
#709 = VECTOR('',#710,1.);
#710 = DIRECTION('',(-0.983497918431,0.180919441855,0.));
#711 = PCURVE('',#429,#712);
#712 = DEFINITIONAL_REPRESENTATION('',(#713),#717);
#713 = LINE('',#714,#715);
#714 = CARTESIAN_POINT('',(-2.321196838348,-22.4));
#715 = VECTOR('',#716,1.);
#716 = DIRECTION('',(1.,0.));
#717 = ( GEOMETRIC_REPRESENTATION_CONTEXT(2) 
PARAMETRIC_REPRESENTATION_CONTEXT() REPRESENTATION_CONTEXT('2D SPACE',''
  ) );
#718 = PCURVE('',#169,#719);
#719 = DEFINITIONAL_REPRESENTATION('',(#720),#724);
#720 = LINE('',#721,#722);
#721 = CARTESIAN_POINT('',(44.672199960561,23.146904047592));
#722 = VECTOR('',#723,1.);
#723 = DIRECTION('',(-0.983497918431,0.180919441855));
#724 = ( GEOMETRIC_REPRESENTATION_CONTEXT(2) 
PARAMETRIC_REPRESENTATION_CONTEXT() REPRESENTATION_CONTEXT('2D SPACE',''
  ) );
#725 = ORIENTED_EDGE('',*,*,#411,.F.);
#726 = ORIENTED_EDGE('',*,*,#727,.F.);
#727 = EDGE_CURVE('',#676,#412,#728,.T.);
#728 = SURFACE_CURVE('',#729,(#733,#740),.PCURVE_S1.);
#729 = LINE('',#730,#731);
#730 = CARTESIAN_POINT('',(44.672199960561,23.146904047592,0.));
#731 = VECTOR('',#732,1.);
#732 = DIRECTION('',(-0.983497918431,0.180919441855,0.));
#733 = PCURVE('',#429,#734);
#734 = DEFINITIONAL_REPRESENTATION('',(#735),#739);
#735 = LINE('',#736,#737);
#736 = CARTESIAN_POINT('',(-2.321196838348,-0.));
#737 = VECTOR('',#738,1.);
#738 = DIRECTION('',(1.,0.));
#739 = ( GEOMETRIC_REPRESENTATION_CONTEXT(2) 
PARAMETRIC_REPRESENTATION_CONTEXT() REPRESENTATION_CONTEXT('2D SPACE',''
  ) );
#740 = PCURVE('',#224,#741);
#741 = DEFINITIONAL_REPRESENTATION('',(#742),#746);
#742 = LINE('',#743,#744);
#743 = CARTESIAN_POINT('',(44.672199960561,23.146904047592));
#744 = VECTOR('',#745,1.);
#745 = DIRECTION('',(-0.983497918431,0.180919441855));
#746 = ( GEOMETRIC_REPRESENTATION_CONTEXT(2) 
PARAMETRIC_REPRESENTATION_CONTEXT() REPRESENTATION_CONTEXT('2D SPACE',''
  ) );
#747 = ADVANCED_FACE('',(#748),#693,.F.);
#748 = FACE_BOUND('',#749,.T.);
#749 = EDGE_LOOP('',(#750,#775,#797,#798));
#750 = ORIENTED_EDGE('',*,*,#751,.T.);
#751 = EDGE_CURVE('',#752,#754,#756,.T.);
#752 = VERTEX_POINT('',#753);
#753 = CARTESIAN_POINT('',(48.493444530212,0.797394253335,0.));
#754 = VERTEX_POINT('',#755);
#755 = CARTESIAN_POINT('',(48.493444530212,0.797394253335,22.4));
#756 = SURFACE_CURVE('',#757,(#761,#768),.PCURVE_S1.);
#757 = LINE('',#758,#759);
#758 = CARTESIAN_POINT('',(48.493444530212,0.797394253335,0.));
#759 = VECTOR('',#760,1.);
#760 = DIRECTION('',(0.,0.,1.));
#761 = PCURVE('',#693,#762);
#762 = DEFINITIONAL_REPRESENTATION('',(#763),#767);
#763 = LINE('',#764,#765);
#764 = CARTESIAN_POINT('',(-1.644185941643E-02,0.));
#765 = VECTOR('',#766,1.);
#766 = DIRECTION('',(-0.,-1.));
#767 = ( GEOMETRIC_REPRESENTATION_CONTEXT(2) 
PARAMETRIC_REPRESENTATION_CONTEXT() REPRESENTATION_CONTEXT('2D SPACE',''
  ) );
#768 = PCURVE('',#44,#769);
#769 = DEFINITIONAL_REPRESENTATION('',(#770),#774);
#770 = LINE('',#771,#772);
#771 = CARTESIAN_POINT('',(40.083562049213,0.));
#772 = VECTOR('',#773,1.);
#773 = DIRECTION('',(0.,-1.));
#774 = ( GEOMETRIC_REPRESENTATION_CONTEXT(2) 
PARAMETRIC_REPRESENTATION_CONTEXT() REPRESENTATION_CONTEXT('2D SPACE',''
  ) );
#775 = ORIENTED_EDGE('',*,*,#776,.T.);
#776 = EDGE_CURVE('',#754,#678,#777,.T.);
#777 = SURFACE_CURVE('',#778,(#783,#790),.PCURVE_S1.);
#778 = CIRCLE('',#779,48.5);
#779 = AXIS2_PLACEMENT_3D('',#780,#781,#782);
#780 = CARTESIAN_POINT('',(0.,0.,22.4));
#781 = DIRECTION('',(0.,0.,1.));
#782 = DIRECTION('',(1.,0.,-0.));
#783 = PCURVE('',#693,#784);
#784 = DEFINITIONAL_REPRESENTATION('',(#785),#789);
#785 = LINE('',#786,#787);
#786 = CARTESIAN_POINT('',(-0.,-22.4));
#787 = VECTOR('',#788,1.);
#788 = DIRECTION('',(-1.,0.));
#789 = ( GEOMETRIC_REPRESENTATION_CONTEXT(2) 
PARAMETRIC_REPRESENTATION_CONTEXT() REPRESENTATION_CONTEXT('2D SPACE',''
  ) );
#790 = PCURVE('',#169,#791);
#791 = DEFINITIONAL_REPRESENTATION('',(#792),#796);
#792 = CIRCLE('',#793,48.5);
#793 = AXIS2_PLACEMENT_2D('',#794,#795);
#794 = CARTESIAN_POINT('',(0.,-1.204325410458E-15));
#795 = DIRECTION('',(1.,0.));
#796 = ( GEOMETRIC_REPRESENTATION_CONTEXT(2) 
PARAMETRIC_REPRESENTATION_CONTEXT() REPRESENTATION_CONTEXT('2D SPACE',''
  ) );
#797 = ORIENTED_EDGE('',*,*,#675,.F.);
#798 = ORIENTED_EDGE('',*,*,#799,.F.);
#799 = EDGE_CURVE('',#752,#676,#800,.T.);
#800 = SURFACE_CURVE('',#801,(#806,#813),.PCURVE_S1.);
#801 = CIRCLE('',#802,48.5);
#802 = AXIS2_PLACEMENT_3D('',#803,#804,#805);
#803 = CARTESIAN_POINT('',(0.,0.,0.));
#804 = DIRECTION('',(0.,0.,1.));
#805 = DIRECTION('',(1.,0.,-0.));
#806 = PCURVE('',#693,#807);
#807 = DEFINITIONAL_REPRESENTATION('',(#808),#812);
#808 = LINE('',#809,#810);
#809 = CARTESIAN_POINT('',(-0.,0.));
#810 = VECTOR('',#811,1.);
#811 = DIRECTION('',(-1.,0.));
#812 = ( GEOMETRIC_REPRESENTATION_CONTEXT(2) 
PARAMETRIC_REPRESENTATION_CONTEXT() REPRESENTATION_CONTEXT('2D SPACE',''
  ) );
#813 = PCURVE('',#224,#814);
#814 = DEFINITIONAL_REPRESENTATION('',(#815),#819);
#815 = CIRCLE('',#816,48.5);
#816 = AXIS2_PLACEMENT_2D('',#817,#818);
#817 = CARTESIAN_POINT('',(0.,-1.204325410458E-15));
#818 = DIRECTION('',(1.,0.));
#819 = ( GEOMETRIC_REPRESENTATION_CONTEXT(2) 
PARAMETRIC_REPRESENTATION_CONTEXT() REPRESENTATION_CONTEXT('2D SPACE',''
  ) );
#820 = ADVANCED_FACE('',(#821),#44,.T.);
#821 = FACE_BOUND('',#822,.T.);
#822 = EDGE_LOOP('',(#823,#824,#939,#940));
#823 = ORIENTED_EDGE('',*,*,#21,.T.);
#824 = ORIENTED_EDGE('',*,*,#825,.T.);
#825 = EDGE_CURVE('',#24,#754,#826,.T.);
#826 = SURFACE_CURVE('',#827,(#878,#885),.PCURVE_S1.);
#827 = B_SPLINE_CURVE_WITH_KNOTS('',3,(#828,#829,#830,#831,#832,#833,
    #834,#835,#836,#837,#838,#839,#840,#841,#842,#843,#844,#845,#846,
    #847,#848,#849,#850,#851,#852,#853,#854,#855,#856,#857,#858,#859,
    #860,#861,#862,#863,#864,#865,#866,#867,#868,#869,#870,#871,#872,
    #873,#874,#875,#876,#877),.UNSPECIFIED.,.F.,.F.,(4,1,1,1,1,1,1,1,1,1
    ,1,1,1,1,1,1,1,1,1,1,1,1,1,1,1,1,1,1,1,1,1,1,1,1,1,1,1,1,1,1,1,1,1,1
    ,1,1,1,4),(0.,0.770020974153,1.626265687068,2.501235809007,
    3.323017628822,4.226168942917,5.140567564886,6.064285262741,
    6.923787879437,7.860959618837,8.803220404646,9.749496837408,
    10.625745778606,11.577210076157,12.530237508485,13.484135816053,
    14.364871812505,15.318618169461,16.271356512646,17.222443906393,
    18.098342389538,19.044380308015,19.986772779966,20.924790631856,
    21.786128506054,22.713614611572,23.634502775488,24.548028034391,
    25.38410411673,26.281393184443,27.169232325991,28.047009844699,
    28.847877333261,29.704892084705,30.550578145199,31.384742808357,
    32.14448317376,32.956538608657,33.75747556067,34.547827237765,
    35.268649993444,36.041021221912,36.805779378973,37.564485879874,
    38.261073281275,39.01367744831,39.766626217161,40.522198623296),
  .UNSPECIFIED.);
#828 = CARTESIAN_POINT('',(12.252759156204,0.399969533376,22.4));
#829 = CARTESIAN_POINT('',(12.426998544895,0.588317117704,22.4));
#830 = CARTESIAN_POINT('',(12.790064651921,0.991213358426,22.4));
#831 = CARTESIAN_POINT('',(13.381738273889,1.579064678277,22.4));
#832 = CARTESIAN_POINT('',(14.0064475216,2.157201907725,22.4));
#833 = CARTESIAN_POINT('',(14.665938833245,2.719798490113,22.4));
#834 = CARTESIAN_POINT('',(15.357350757183,3.264216974392,22.4));
#835 = CARTESIAN_POINT('',(16.09841102664,3.799256486071,22.4));
#836 = CARTESIAN_POINT('',(16.849102809451,4.294755209196,22.4));
#837 = CARTESIAN_POINT('',(17.625745898315,4.763277683188,22.4));
#838 = CARTESIAN_POINT('',(18.426308718474,5.202753634089,22.4));
#839 = CARTESIAN_POINT('',(19.270736770257,5.620667006661,22.4));
#840 = CARTESIAN_POINT('',(20.113571444723,5.994145474174,22.4));
#841 = CARTESIAN_POINT('',(20.973694136373,6.3341604789,22.4));
#842 = CARTESIAN_POINT('',(21.849030690946,6.639884233994,22.4));
#843 = CARTESIAN_POINT('',(22.76110965105,6.916378114271,22.4));
#844 = CARTESIAN_POINT('',(23.660970768304,7.14916912309,22.4));
#845 = CARTESIAN_POINT('',(24.569412990843,7.346692918406,22.4));
#846 = CARTESIAN_POINT('',(25.484435930016,7.509086806548,22.4));
#847 = CARTESIAN_POINT('',(26.428348106991,7.638640564576,22.4));
#848 = CARTESIAN_POINT('',(27.350706297773,7.729288872908,22.4));
#849 = CARTESIAN_POINT('',(28.273456484601,7.786418105318,22.4));
#850 = CARTESIAN_POINT('',(29.194782025031,7.810845298097,22.4));
#851 = CARTESIAN_POINT('',(30.137085009938,7.802066972039,22.4));
#852 = CARTESIAN_POINT('',(31.050291833556,7.761671892174,22.4));
#853 = CARTESIAN_POINT('',(31.956695447668,7.691862163502,22.4));
#854 = CARTESIAN_POINT('',(32.854764880395,7.59385601959,22.4));
#855 = CARTESIAN_POINT('',(33.766423809672,7.464526294062,22.4));
#856 = CARTESIAN_POINT('',(34.643551194211,7.311896792332,22.4));
#857 = CARTESIAN_POINT('',(35.508074309696,7.135141318351,22.4));
#858 = CARTESIAN_POINT('',(36.358855315245,6.935615311176,22.4));
#859 = CARTESIAN_POINT('',(37.21688101307,6.707794378428,22.4));
#860 = CARTESIAN_POINT('',(38.037292229204,6.464909369945,22.4));
#861 = CARTESIAN_POINT('',(38.841070761884,6.203206399825,22.4));
#862 = CARTESIAN_POINT('',(39.627593653209,5.923947179717,22.4));
#863 = CARTESIAN_POINT('',(40.416618186157,5.619501004183,22.4));
#864 = CARTESIAN_POINT('',(41.167288767687,5.306544142483,22.4));
#865 = CARTESIAN_POINT('',(41.899486410061,4.979140272547,22.4));
#866 = CARTESIAN_POINT('',(42.613182976834,4.63807942645,22.4));
#867 = CARTESIAN_POINT('',(43.326774342126,4.273767083749,22.4));
#868 = CARTESIAN_POINT('',(44.003843275079,3.905418001963,22.4));
#869 = CARTESIAN_POINT('',(44.663178643089,3.524822041583,22.4));
#870 = CARTESIAN_POINT('',(45.305240820565,3.132256327976,22.4));
#871 = CARTESIAN_POINT('',(45.947952885282,2.715458433768,22.4));
#872 = CARTESIAN_POINT('',(46.556220727558,2.298029746103,22.4));
#873 = CARTESIAN_POINT('',(47.158631312289,1.860650924723,22.4));
#874 = CARTESIAN_POINT('',(47.716125166114,1.435926202974,22.4));
#875 = CARTESIAN_POINT('',(48.400183155954,0.881781610442,22.4));
#876 = CARTESIAN_POINT('',(48.539702421614,0.756663572118,22.4));
#877 = CARTESIAN_POINT('',(48.895723286988,0.45350885127,22.4));
#878 = PCURVE('',#44,#879);
#879 = DEFINITIONAL_REPRESENTATION('',(#880),#884);
#880 = LINE('',#881,#882);
#881 = CARTESIAN_POINT('',(0.,-22.4));
#882 = VECTOR('',#883,1.);
#883 = DIRECTION('',(1.,0.));
#884 = ( GEOMETRIC_REPRESENTATION_CONTEXT(2) 
PARAMETRIC_REPRESENTATION_CONTEXT() REPRESENTATION_CONTEXT('2D SPACE',''
  ) );
#885 = PCURVE('',#169,#886);
#886 = DEFINITIONAL_REPRESENTATION('',(#887),#938);
#887 = B_SPLINE_CURVE_WITH_KNOTS('',3,(#888,#889,#890,#891,#892,#893,
    #894,#895,#896,#897,#898,#899,#900,#901,#902,#903,#904,#905,#906,
    #907,#908,#909,#910,#911,#912,#913,#914,#915,#916,#917,#918,#919,
    #920,#921,#922,#923,#924,#925,#926,#927,#928,#929,#930,#931,#932,
    #933,#934,#935,#936,#937),.UNSPECIFIED.,.F.,.F.,(4,1,1,1,1,1,1,1,1,1
    ,1,1,1,1,1,1,1,1,1,1,1,1,1,1,1,1,1,1,1,1,1,1,1,1,1,1,1,1,1,1,1,1,1,1
    ,1,1,1,4),(0.,0.770020974153,1.626265687068,2.501235809007,
    3.323017628822,4.226168942917,5.140567564886,6.064285262741,
    6.923787879437,7.860959618837,8.803220404646,9.749496837408,
    10.625745778606,11.577210076157,12.530237508485,13.484135816053,
    14.364871812505,15.318618169461,16.271356512646,17.222443906393,
    18.098342389538,19.044380308015,19.986772779966,20.924790631856,
    21.786128506054,22.713614611572,23.634502775488,24.548028034391,
    25.38410411673,26.281393184443,27.169232325991,28.047009844699,
    28.847877333261,29.704892084705,30.550578145199,31.384742808357,
    32.14448317376,32.956538608657,33.75747556067,34.547827237765,
    35.268649993444,36.041021221912,36.805779378973,37.564485879874,
    38.261073281275,39.01367744831,39.766626217161,40.522198623296),
  .UNSPECIFIED.);
#888 = CARTESIAN_POINT('',(12.252759156204,0.399969533376));
#889 = CARTESIAN_POINT('',(12.426998544895,0.588317117704));
#890 = CARTESIAN_POINT('',(12.790064651921,0.991213358426));
#891 = CARTESIAN_POINT('',(13.381738273889,1.579064678277));
#892 = CARTESIAN_POINT('',(14.0064475216,2.157201907725));
#893 = CARTESIAN_POINT('',(14.665938833245,2.719798490113));
#894 = CARTESIAN_POINT('',(15.357350757183,3.264216974392));
#895 = CARTESIAN_POINT('',(16.09841102664,3.799256486071));
#896 = CARTESIAN_POINT('',(16.849102809451,4.294755209196));
#897 = CARTESIAN_POINT('',(17.625745898315,4.763277683188));
#898 = CARTESIAN_POINT('',(18.426308718474,5.202753634089));
#899 = CARTESIAN_POINT('',(19.270736770257,5.620667006661));
#900 = CARTESIAN_POINT('',(20.113571444723,5.994145474174));
#901 = CARTESIAN_POINT('',(20.973694136373,6.3341604789));
#902 = CARTESIAN_POINT('',(21.849030690946,6.639884233994));
#903 = CARTESIAN_POINT('',(22.76110965105,6.916378114271));
#904 = CARTESIAN_POINT('',(23.660970768304,7.14916912309));
#905 = CARTESIAN_POINT('',(24.569412990843,7.346692918406));
#906 = CARTESIAN_POINT('',(25.484435930016,7.509086806548));
#907 = CARTESIAN_POINT('',(26.428348106991,7.638640564576));
#908 = CARTESIAN_POINT('',(27.350706297773,7.729288872908));
#909 = CARTESIAN_POINT('',(28.273456484601,7.786418105318));
#910 = CARTESIAN_POINT('',(29.194782025031,7.810845298097));
#911 = CARTESIAN_POINT('',(30.137085009938,7.802066972039));
#912 = CARTESIAN_POINT('',(31.050291833556,7.761671892174));
#913 = CARTESIAN_POINT('',(31.956695447668,7.691862163502));
#914 = CARTESIAN_POINT('',(32.854764880395,7.59385601959));
#915 = CARTESIAN_POINT('',(33.766423809672,7.464526294062));
#916 = CARTESIAN_POINT('',(34.643551194211,7.311896792332));
#917 = CARTESIAN_POINT('',(35.508074309696,7.135141318351));
#918 = CARTESIAN_POINT('',(36.358855315245,6.935615311176));
#919 = CARTESIAN_POINT('',(37.21688101307,6.707794378428));
#920 = CARTESIAN_POINT('',(38.037292229204,6.464909369945));
#921 = CARTESIAN_POINT('',(38.841070761884,6.203206399825));
#922 = CARTESIAN_POINT('',(39.627593653209,5.923947179717));
#923 = CARTESIAN_POINT('',(40.416618186157,5.619501004183));
#924 = CARTESIAN_POINT('',(41.167288767687,5.306544142483));
#925 = CARTESIAN_POINT('',(41.899486410061,4.979140272547));
#926 = CARTESIAN_POINT('',(42.613182976834,4.63807942645));
#927 = CARTESIAN_POINT('',(43.326774342126,4.273767083749));
#928 = CARTESIAN_POINT('',(44.003843275079,3.905418001963));
#929 = CARTESIAN_POINT('',(44.663178643089,3.524822041583));
#930 = CARTESIAN_POINT('',(45.305240820565,3.132256327976));
#931 = CARTESIAN_POINT('',(45.947952885282,2.715458433768));
#932 = CARTESIAN_POINT('',(46.556220727558,2.298029746103));
#933 = CARTESIAN_POINT('',(47.158631312289,1.860650924723));
#934 = CARTESIAN_POINT('',(47.716125166114,1.435926202974));
#935 = CARTESIAN_POINT('',(48.400183155954,0.881781610442));
#936 = CARTESIAN_POINT('',(48.539702421614,0.756663572118));
#937 = CARTESIAN_POINT('',(48.895723286988,0.45350885127));
#938 = ( GEOMETRIC_REPRESENTATION_CONTEXT(2) 
PARAMETRIC_REPRESENTATION_CONTEXT() REPRESENTATION_CONTEXT('2D SPACE',''
  ) );
#939 = ORIENTED_EDGE('',*,*,#751,.F.);
#940 = ORIENTED_EDGE('',*,*,#941,.F.);
#941 = EDGE_CURVE('',#22,#752,#942,.T.);
#942 = SURFACE_CURVE('',#943,(#994,#1001),.PCURVE_S1.);
#943 = B_SPLINE_CURVE_WITH_KNOTS('',3,(#944,#945,#946,#947,#948,#949,
    #950,#951,#952,#953,#954,#955,#956,#957,#958,#959,#960,#961,#962,
    #963,#964,#965,#966,#967,#968,#969,#970,#971,#972,#973,#974,#975,
    #976,#977,#978,#979,#980,#981,#982,#983,#984,#985,#986,#987,#988,
    #989,#990,#991,#992,#993),.UNSPECIFIED.,.F.,.F.,(4,1,1,1,1,1,1,1,1,1
    ,1,1,1,1,1,1,1,1,1,1,1,1,1,1,1,1,1,1,1,1,1,1,1,1,1,1,1,1,1,1,1,1,1,1
    ,1,1,1,4),(0.,0.770020974153,1.626265687068,2.501235809007,
    3.323017628822,4.226168942917,5.140567564886,6.064285262741,
    6.923787879437,7.860959618837,8.803220404646,9.749496837408,
    10.625745778606,11.577210076157,12.530237508485,13.484135816053,
    14.364871812505,15.318618169461,16.271356512646,17.222443906393,
    18.098342389538,19.044380308015,19.986772779966,20.924790631856,
    21.786128506054,22.713614611572,23.634502775488,24.548028034391,
    25.38410411673,26.281393184443,27.169232325991,28.047009844699,
    28.847877333261,29.704892084705,30.550578145199,31.384742808357,
    32.14448317376,32.956538608657,33.75747556067,34.547827237765,
    35.268649993444,36.041021221912,36.805779378973,37.564485879874,
    38.261073281275,39.01367744831,39.766626217161,40.522198623296),
  .UNSPECIFIED.);
#944 = CARTESIAN_POINT('',(12.252759156204,0.399969533376,0.));
#945 = CARTESIAN_POINT('',(12.426998544895,0.588317117704,0.));
#946 = CARTESIAN_POINT('',(12.790064651921,0.991213358426,0.));
#947 = CARTESIAN_POINT('',(13.381738273889,1.579064678277,0.));
#948 = CARTESIAN_POINT('',(14.0064475216,2.157201907725,0.));
#949 = CARTESIAN_POINT('',(14.665938833245,2.719798490113,0.));
#950 = CARTESIAN_POINT('',(15.357350757183,3.264216974392,0.));
#951 = CARTESIAN_POINT('',(16.09841102664,3.799256486071,0.));
#952 = CARTESIAN_POINT('',(16.849102809451,4.294755209196,0.));
#953 = CARTESIAN_POINT('',(17.625745898315,4.763277683188,0.));
#954 = CARTESIAN_POINT('',(18.426308718474,5.202753634089,0.));
#955 = CARTESIAN_POINT('',(19.270736770257,5.620667006661,0.));
#956 = CARTESIAN_POINT('',(20.113571444723,5.994145474174,0.));
#957 = CARTESIAN_POINT('',(20.973694136373,6.3341604789,0.));
#958 = CARTESIAN_POINT('',(21.849030690946,6.639884233994,0.));
#959 = CARTESIAN_POINT('',(22.76110965105,6.916378114271,0.));
#960 = CARTESIAN_POINT('',(23.660970768304,7.14916912309,0.));
#961 = CARTESIAN_POINT('',(24.569412990843,7.346692918406,0.));
#962 = CARTESIAN_POINT('',(25.484435930016,7.509086806548,0.));
#963 = CARTESIAN_POINT('',(26.428348106991,7.638640564576,0.));
#964 = CARTESIAN_POINT('',(27.350706297773,7.729288872908,0.));
#965 = CARTESIAN_POINT('',(28.273456484601,7.786418105318,0.));
#966 = CARTESIAN_POINT('',(29.194782025031,7.810845298097,0.));
#967 = CARTESIAN_POINT('',(30.137085009938,7.802066972039,0.));
#968 = CARTESIAN_POINT('',(31.050291833556,7.761671892174,0.));
#969 = CARTESIAN_POINT('',(31.956695447668,7.691862163502,0.));
#970 = CARTESIAN_POINT('',(32.854764880395,7.59385601959,0.));
#971 = CARTESIAN_POINT('',(33.766423809672,7.464526294062,0.));
#972 = CARTESIAN_POINT('',(34.643551194211,7.311896792332,0.));
#973 = CARTESIAN_POINT('',(35.508074309696,7.135141318351,0.));
#974 = CARTESIAN_POINT('',(36.358855315245,6.935615311176,0.));
#975 = CARTESIAN_POINT('',(37.21688101307,6.707794378428,0.));
#976 = CARTESIAN_POINT('',(38.037292229204,6.464909369945,0.));
#977 = CARTESIAN_POINT('',(38.841070761884,6.203206399825,0.));
#978 = CARTESIAN_POINT('',(39.627593653209,5.923947179717,0.));
#979 = CARTESIAN_POINT('',(40.416618186157,5.619501004183,0.));
#980 = CARTESIAN_POINT('',(41.167288767687,5.306544142483,0.));
#981 = CARTESIAN_POINT('',(41.899486410061,4.979140272547,0.));
#982 = CARTESIAN_POINT('',(42.613182976834,4.63807942645,0.));
#983 = CARTESIAN_POINT('',(43.326774342126,4.273767083749,0.));
#984 = CARTESIAN_POINT('',(44.003843275079,3.905418001963,0.));
#985 = CARTESIAN_POINT('',(44.663178643089,3.524822041583,0.));
#986 = CARTESIAN_POINT('',(45.305240820565,3.132256327976,0.));
#987 = CARTESIAN_POINT('',(45.947952885282,2.715458433768,0.));
#988 = CARTESIAN_POINT('',(46.556220727558,2.298029746103,0.));
#989 = CARTESIAN_POINT('',(47.158631312289,1.860650924723,0.));
#990 = CARTESIAN_POINT('',(47.716125166114,1.435926202974,0.));
#991 = CARTESIAN_POINT('',(48.400183155954,0.881781610442,0.));
#992 = CARTESIAN_POINT('',(48.539702421614,0.756663572118,0.));
#993 = CARTESIAN_POINT('',(48.895723286988,0.45350885127,0.));
#994 = PCURVE('',#44,#995);
#995 = DEFINITIONAL_REPRESENTATION('',(#996),#1000);
#996 = LINE('',#997,#998);
#997 = CARTESIAN_POINT('',(0.,0.));
#998 = VECTOR('',#999,1.);
#999 = DIRECTION('',(1.,0.));
#1000 = ( GEOMETRIC_REPRESENTATION_CONTEXT(2) 
PARAMETRIC_REPRESENTATION_CONTEXT() REPRESENTATION_CONTEXT('2D SPACE',''
  ) );
#1001 = PCURVE('',#224,#1002);
#1002 = DEFINITIONAL_REPRESENTATION('',(#1003),#1054);
#1003 = B_SPLINE_CURVE_WITH_KNOTS('',3,(#1004,#1005,#1006,#1007,#1008,
    #1009,#1010,#1011,#1012,#1013,#1014,#1015,#1016,#1017,#1018,#1019,
    #1020,#1021,#1022,#1023,#1024,#1025,#1026,#1027,#1028,#1029,#1030,
    #1031,#1032,#1033,#1034,#1035,#1036,#1037,#1038,#1039,#1040,#1041,
    #1042,#1043,#1044,#1045,#1046,#1047,#1048,#1049,#1050,#1051,#1052,
    #1053),.UNSPECIFIED.,.F.,.F.,(4,1,1,1,1,1,1,1,1,1,1,1,1,1,1,1,1,1,1,
    1,1,1,1,1,1,1,1,1,1,1,1,1,1,1,1,1,1,1,1,1,1,1,1,1,1,1,1,4),(0.,
    0.770020974153,1.626265687068,2.501235809007,3.323017628822,
    4.226168942917,5.140567564886,6.064285262741,6.923787879437,
    7.860959618837,8.803220404646,9.749496837408,10.625745778606,
    11.577210076157,12.530237508485,13.484135816053,14.364871812505,
    15.318618169461,16.271356512646,17.222443906393,18.098342389538,
    19.044380308015,19.986772779966,20.924790631856,21.786128506054,
    22.713614611572,23.634502775488,24.548028034391,25.38410411673,
    26.281393184443,27.169232325991,28.047009844699,28.847877333261,
    29.704892084705,30.550578145199,31.384742808357,32.14448317376,
    32.956538608657,33.75747556067,34.547827237765,35.268649993444,
    36.041021221912,36.805779378973,37.564485879874,38.261073281275,
    39.01367744831,39.766626217161,40.522198623296),.UNSPECIFIED.);
#1004 = CARTESIAN_POINT('',(12.252759156204,0.399969533376));
#1005 = CARTESIAN_POINT('',(12.426998544895,0.588317117704));
#1006 = CARTESIAN_POINT('',(12.790064651921,0.991213358426));
#1007 = CARTESIAN_POINT('',(13.381738273889,1.579064678277));
#1008 = CARTESIAN_POINT('',(14.0064475216,2.157201907725));
#1009 = CARTESIAN_POINT('',(14.665938833245,2.719798490113));
#1010 = CARTESIAN_POINT('',(15.357350757183,3.264216974392));
#1011 = CARTESIAN_POINT('',(16.09841102664,3.799256486071));
#1012 = CARTESIAN_POINT('',(16.849102809451,4.294755209196));
#1013 = CARTESIAN_POINT('',(17.625745898315,4.763277683188));
#1014 = CARTESIAN_POINT('',(18.426308718474,5.202753634089));
#1015 = CARTESIAN_POINT('',(19.270736770257,5.620667006661));
#1016 = CARTESIAN_POINT('',(20.113571444723,5.994145474174));
#1017 = CARTESIAN_POINT('',(20.973694136373,6.3341604789));
#1018 = CARTESIAN_POINT('',(21.849030690946,6.639884233994));
#1019 = CARTESIAN_POINT('',(22.76110965105,6.916378114271));
#1020 = CARTESIAN_POINT('',(23.660970768304,7.14916912309));
#1021 = CARTESIAN_POINT('',(24.569412990843,7.346692918406));
#1022 = CARTESIAN_POINT('',(25.484435930016,7.509086806548));
#1023 = CARTESIAN_POINT('',(26.428348106991,7.638640564576));
#1024 = CARTESIAN_POINT('',(27.350706297773,7.729288872908));
#1025 = CARTESIAN_POINT('',(28.273456484601,7.786418105318));
#1026 = CARTESIAN_POINT('',(29.194782025031,7.810845298097));
#1027 = CARTESIAN_POINT('',(30.137085009938,7.802066972039));
#1028 = CARTESIAN_POINT('',(31.050291833556,7.761671892174));
#1029 = CARTESIAN_POINT('',(31.956695447668,7.691862163502));
#1030 = CARTESIAN_POINT('',(32.854764880395,7.59385601959));
#1031 = CARTESIAN_POINT('',(33.766423809672,7.464526294062));
#1032 = CARTESIAN_POINT('',(34.643551194211,7.311896792332));
#1033 = CARTESIAN_POINT('',(35.508074309696,7.135141318351));
#1034 = CARTESIAN_POINT('',(36.358855315245,6.935615311176));
#1035 = CARTESIAN_POINT('',(37.21688101307,6.707794378428));
#1036 = CARTESIAN_POINT('',(38.037292229204,6.464909369945));
#1037 = CARTESIAN_POINT('',(38.841070761884,6.203206399825));
#1038 = CARTESIAN_POINT('',(39.627593653209,5.923947179717));
#1039 = CARTESIAN_POINT('',(40.416618186157,5.619501004183));
#1040 = CARTESIAN_POINT('',(41.167288767687,5.306544142483));
#1041 = CARTESIAN_POINT('',(41.899486410061,4.979140272547));
#1042 = CARTESIAN_POINT('',(42.613182976834,4.63807942645));
#1043 = CARTESIAN_POINT('',(43.326774342126,4.273767083749));
#1044 = CARTESIAN_POINT('',(44.003843275079,3.905418001963));
#1045 = CARTESIAN_POINT('',(44.663178643089,3.524822041583));
#1046 = CARTESIAN_POINT('',(45.305240820565,3.132256327976));
#1047 = CARTESIAN_POINT('',(45.947952885282,2.715458433768));
#1048 = CARTESIAN_POINT('',(46.556220727558,2.298029746103));
#1049 = CARTESIAN_POINT('',(47.158631312289,1.860650924723));
#1050 = CARTESIAN_POINT('',(47.716125166114,1.435926202974));
#1051 = CARTESIAN_POINT('',(48.400183155954,0.881781610442));
#1052 = CARTESIAN_POINT('',(48.539702421614,0.756663572118));
#1053 = CARTESIAN_POINT('',(48.895723286988,0.45350885127));
#1054 = ( GEOMETRIC_REPRESENTATION_CONTEXT(2) 
PARAMETRIC_REPRESENTATION_CONTEXT() REPRESENTATION_CONTEXT('2D SPACE',''
  ) );
#1055 = ADVANCED_FACE('',(#1056),#1070,.T.);
#1056 = FACE_BOUND('',#1057,.F.);
#1057 = EDGE_LOOP('',(#1058,#1189,#1213,#1241));
#1058 = ORIENTED_EDGE('',*,*,#1059,.T.);
#1059 = EDGE_CURVE('',#1060,#1062,#1064,.T.);
#1060 = VERTEX_POINT('',#1061);
#1061 = CARTESIAN_POINT('',(10.546504704053,7.075396704594,0.));
#1062 = VERTEX_POINT('',#1063);
#1063 = CARTESIAN_POINT('',(10.546504704053,7.075396704594,22.4));
#1064 = SURFACE_CURVE('',#1065,(#1069,#1081),.PCURVE_S1.);
#1065 = LINE('',#1066,#1067);
#1066 = CARTESIAN_POINT('',(10.546504704053,7.075396704594,0.));
#1067 = VECTOR('',#1068,1.);
#1068 = DIRECTION('',(0.,0.,1.));
#1069 = PCURVE('',#1070,#1075);
#1070 = CYLINDRICAL_SURFACE('',#1071,12.7);
#1071 = AXIS2_PLACEMENT_3D('',#1072,#1073,#1074);
#1072 = CARTESIAN_POINT('',(0.,0.,0.));
#1073 = DIRECTION('',(-0.,-0.,-1.));
#1074 = DIRECTION('',(1.,0.,-0.));
#1075 = DEFINITIONAL_REPRESENTATION('',(#1076),#1080);
#1076 = LINE('',#1077,#1078);
#1077 = CARTESIAN_POINT('',(-0.590911086529,0.));
#1078 = VECTOR('',#1079,1.);
#1079 = DIRECTION('',(-0.,-1.));
#1080 = ( GEOMETRIC_REPRESENTATION_CONTEXT(2) 
PARAMETRIC_REPRESENTATION_CONTEXT() REPRESENTATION_CONTEXT('2D SPACE',''
  ) );
#1081 = PCURVE('',#1082,#1183);
#1082 = B_SPLINE_SURFACE_WITH_KNOTS('',3,1,(
    (#1083,#1084)
    ,(#1085,#1086)
    ,(#1087,#1088)
    ,(#1089,#1090)
    ,(#1091,#1092)
    ,(#1093,#1094)
    ,(#1095,#1096)
    ,(#1097,#1098)
    ,(#1099,#1100)
    ,(#1101,#1102)
    ,(#1103,#1104)
    ,(#1105,#1106)
    ,(#1107,#1108)
    ,(#1109,#1110)
    ,(#1111,#1112)
    ,(#1113,#1114)
    ,(#1115,#1116)
    ,(#1117,#1118)
    ,(#1119,#1120)
    ,(#1121,#1122)
    ,(#1123,#1124)
    ,(#1125,#1126)
    ,(#1127,#1128)
    ,(#1129,#1130)
    ,(#1131,#1132)
    ,(#1133,#1134)
    ,(#1135,#1136)
    ,(#1137,#1138)
    ,(#1139,#1140)
    ,(#1141,#1142)
    ,(#1143,#1144)
    ,(#1145,#1146)
    ,(#1147,#1148)
    ,(#1149,#1150)
    ,(#1151,#1152)
    ,(#1153,#1154)
    ,(#1155,#1156)
    ,(#1157,#1158)
    ,(#1159,#1160)
    ,(#1161,#1162)
    ,(#1163,#1164)
    ,(#1165,#1166)
    ,(#1167,#1168)
    ,(#1169,#1170)
    ,(#1171,#1172)
    ,(#1173,#1174)
    ,(#1175,#1176)
    ,(#1177,#1178)
    ,(#1179,#1180)
    ,(#1181,#1182
    )),.UNSPECIFIED.,.F.,.F.,.F.,(4,1,1,1,1,1,1,1,1,1,1,1,1,1,1,1,1,1,1,
    1,1,1,1,1,1,1,1,1,1,1,1,1,1,1,1,1,1,1,1,1,1,1,1,1,1,1,1,4),(2,2),(0.
    ,0.770020974153,1.626265687068,2.501235809007,3.323017628822,
    4.226168942917,5.140567564886,6.064285262741,6.923787879437,
    7.860959618837,8.803220404646,9.749496837408,10.625745778606,
    11.577210076157,12.530237508485,13.484135816053,14.364871812505,
    15.318618169461,16.271356512646,17.222443906393,18.098342389538,
    19.044380308015,19.986772779966,20.924790631856,21.786128506054,
    22.713614611572,23.634502775488,24.548028034391,25.38410411673,
    26.281393184443,27.169232325991,28.047009844699,28.847877333261,
    29.704892084705,30.550578145199,31.384742808357,32.14448317376,
    32.956538608657,33.75747556067,34.547827237765,35.268649993444,
    36.041021221912,36.805779378973,37.564485879874,38.261073281275,
    39.01367744831,39.766626217161,40.522198623296),(-22.4,0.),
  .UNSPECIFIED.);
#1083 = CARTESIAN_POINT('',(10.411215929037,6.472763354746,22.4));
#1084 = CARTESIAN_POINT('',(10.411215929037,6.472763354746,0.));
#1085 = CARTESIAN_POINT('',(10.467937873819,6.72299684186,22.4));
#1086 = CARTESIAN_POINT('',(10.467937873819,6.72299684186,0.));
#1087 = CARTESIAN_POINT('',(10.580914225396,7.253448274928,22.4));
#1088 = CARTESIAN_POINT('',(10.580914225396,7.253448274928,0.));
#1089 = CARTESIAN_POINT('',(10.799392952844,8.058379262551,22.4));
#1090 = CARTESIAN_POINT('',(10.799392952844,8.058379262551,0.));
#1091 = CARTESIAN_POINT('',(11.051338416617,8.871415413983,22.4));
#1092 = CARTESIAN_POINT('',(11.051338416617,8.871415413983,0.));
#1093 = CARTESIAN_POINT('',(11.341176354882,9.688384002235,22.4));
#1094 = CARTESIAN_POINT('',(11.341176354882,9.688384002235,0.));
#1095 = CARTESIAN_POINT('',(11.667747403353,10.50557020188,22.4));
#1096 = CARTESIAN_POINT('',(11.667747403353,10.50557020188,0.));
#1097 = CARTESIAN_POINT('',(12.042004666599,11.339458145751,22.4));
#1098 = CARTESIAN_POINT('',(12.042004666599,11.339458145751,0.));
#1099 = CARTESIAN_POINT('',(12.444373459362,12.143918518925,22.4));
#1100 = CARTESIAN_POINT('',(12.444373459362,12.143918518925,0.));
#1101 = CARTESIAN_POINT('',(12.882704866996,12.937992428077,22.4));
#1102 = CARTESIAN_POINT('',(12.882704866996,12.937992428077,0.));
#1103 = CARTESIAN_POINT('',(13.356274631128,13.71887117599,22.4));
#1104 = CARTESIAN_POINT('',(13.356274631128,13.71887117599,0.));
#1105 = CARTESIAN_POINT('',(13.878614089355,14.50300879911,22.4));
#1106 = CARTESIAN_POINT('',(13.878614089355,14.50300879911,0.));
#1107 = CARTESIAN_POINT('',(14.421791094877,15.247867976975,22.4));
#1108 = CARTESIAN_POINT('',(14.421791094877,15.247867976975,0.));
#1109 = CARTESIAN_POINT('',(14.996671693854,15.972390954561,22.4));
#1110 = CARTESIAN_POINT('',(14.996671693854,15.972390954561,0.));
#1111 = CARTESIAN_POINT('',(15.601873509428,16.674823770299,22.4));
#1112 = CARTESIAN_POINT('',(15.601873509428,16.674823770299,0.));
#1113 = CARTESIAN_POINT('',(16.253510118997,17.370313974662,22.4));
#1114 = CARTESIAN_POINT('',(16.253510118997,17.370313974662,0.));
#1115 = CARTESIAN_POINT('',(16.916417202008,18.021847460699,22.4));
#1116 = CARTESIAN_POINT('',(16.916417202008,18.021847460699,0.));
#1117 = CARTESIAN_POINT('',(17.604389346939,18.647129196565,22.4));
#1118 = CARTESIAN_POINT('',(17.604389346939,18.647129196565,0.));
#1119 = CARTESIAN_POINT('',(18.315625513237,19.245277898701,22.4));
#1120 = CARTESIAN_POINT('',(18.315625513237,19.245277898701,0.));
#1121 = CARTESIAN_POINT('',(19.068300558424,19.829430832797,22.4));
#1122 = CARTESIAN_POINT('',(19.068300558424,19.829430832797,0.));
#1123 = CARTESIAN_POINT('',(19.821762028864,20.369113666013,22.4));
#1124 = CARTESIAN_POINT('',(19.821762028864,20.369113666013,0.));
#1125 = CARTESIAN_POINT('',(20.592322515799,20.879964125993,22.4));
#1126 = CARTESIAN_POINT('',(20.592322515799,20.879964125993,0.));
#1127 = CARTESIAN_POINT('',(21.378000242578,21.361781465698,22.4));
#1128 = CARTESIAN_POINT('',(21.378000242578,21.361781465698,0.));
#1129 = CARTESIAN_POINT('',(22.198447728598,21.825330704782,22.4));
#1130 = CARTESIAN_POINT('',(22.198447728598,21.825330704782,0.));
#1131 = CARTESIAN_POINT('',(23.009505576693,22.24695095124,22.4));
#1132 = CARTESIAN_POINT('',(23.009505576693,22.24695095124,0.));
#1133 = CARTESIAN_POINT('',(23.829378996932,22.639695759835,22.4));
#1134 = CARTESIAN_POINT('',(23.829378996932,22.639695759835,0.));
#1135 = CARTESIAN_POINT('',(24.656133011992,23.003854665844,22.4));
#1136 = CARTESIAN_POINT('',(24.656133011992,23.003854665844,0.));
#1137 = CARTESIAN_POINT('',(25.510317667096,23.347681302711,22.4));
#1138 = CARTESIAN_POINT('',(25.510317667096,23.347681302711,0.));
#1139 = CARTESIAN_POINT('',(26.346247015328,23.654063969115,22.4));
#1140 = CARTESIAN_POINT('',(26.346247015328,23.654063969115,0.));
#1141 = CARTESIAN_POINT('',(27.183323732487,23.933250796132,22.4));
#1142 = CARTESIAN_POINT('',(27.183323732487,23.933250796132,0.));
#1143 = CARTESIAN_POINT('',(28.019884699937,24.185846707977,22.4));
#1144 = CARTESIAN_POINT('',(28.019884699937,24.185846707977,0.));
#1145 = CARTESIAN_POINT('',(28.876867217727,24.417560841616,22.4));
#1146 = CARTESIAN_POINT('',(28.876867217727,24.417560841616,0.));
#1147 = CARTESIAN_POINT('',(29.708806676691,24.617421862138,22.4));
#1148 = CARTESIAN_POINT('',(29.708806676691,24.617421862138,0.));
#1149 = CARTESIAN_POINT('',(30.535750790068,24.792669708108,22.4));
#1150 = CARTESIAN_POINT('',(30.535750790068,24.792669708108,0.));
#1151 = CARTESIAN_POINT('',(31.356529204668,24.944085574916,22.4));
#1152 = CARTESIAN_POINT('',(31.356529204668,24.944085574916,0.));
#1153 = CARTESIAN_POINT('',(32.192067582177,25.074939719293,22.4));
#1154 = CARTESIAN_POINT('',(32.192067582177,25.074939719293,0.));
#1155 = CARTESIAN_POINT('',(32.998645806505,25.179246417538,22.4));
#1156 = CARTESIAN_POINT('',(32.998645806505,25.179246417538,0.));
#1157 = CARTESIAN_POINT('',(33.79644950036,25.261805170062,22.4));
#1158 = CARTESIAN_POINT('',(33.79644950036,25.261805170062,0.));
#1159 = CARTESIAN_POINT('',(34.585059280827,25.323286096493,22.4));
#1160 = CARTESIAN_POINT('',(34.585059280827,25.323286096493,0.));
#1161 = CARTESIAN_POINT('',(35.385203702442,25.364578035447,22.4));
#1162 = CARTESIAN_POINT('',(35.385203702442,25.364578035447,0.));
#1163 = CARTESIAN_POINT('',(36.155737139385,25.384112839637,22.4));
#1164 = CARTESIAN_POINT('',(36.155737139385,25.384112839637,0.));
#1165 = CARTESIAN_POINT('',(36.917036297887,25.384174753375,22.4));
#1166 = CARTESIAN_POINT('',(36.917036297887,25.384174753375,0.));
#1167 = CARTESIAN_POINT('',(37.669361311194,25.365233961474,22.4));
#1168 = CARTESIAN_POINT('',(37.669361311194,25.365233961474,0.));
#1169 = CARTESIAN_POINT('',(38.434365233661,25.325632429205,22.4));
#1170 = CARTESIAN_POINT('',(38.434365233661,25.325632429205,0.));
#1171 = CARTESIAN_POINT('',(39.169854981209,25.268262502557,22.4));
#1172 = CARTESIAN_POINT('',(39.169854981209,25.268262502557,0.));
#1173 = CARTESIAN_POINT('',(39.910247261785,25.19068662453,22.4));
#1174 = CARTESIAN_POINT('',(39.910247261785,25.19068662453,0.));
#1175 = CARTESIAN_POINT('',(40.605413462525,25.101611152792,22.4));
#1176 = CARTESIAN_POINT('',(40.605413462525,25.101611152792,0.));
#1177 = CARTESIAN_POINT('',(41.474897355655,24.96373685321,22.4));
#1178 = CARTESIAN_POINT('',(41.474897355655,24.96373685321,0.));
#1179 = CARTESIAN_POINT('',(41.658283603196,24.92514108638,22.4));
#1180 = CARTESIAN_POINT('',(41.658283603196,24.92514108638,0.));
#1181 = CARTESIAN_POINT('',(42.118184077311,24.840611829535,22.4));
#1182 = CARTESIAN_POINT('',(42.118184077311,24.840611829535,0.));
#1183 = DEFINITIONAL_REPRESENTATION('',(#1184),#1188);
#1184 = LINE('',#1185,#1186);
#1185 = CARTESIAN_POINT('',(0.617636313455,0.));
#1186 = VECTOR('',#1187,1.);
#1187 = DIRECTION('',(0.,-1.));
#1188 = ( GEOMETRIC_REPRESENTATION_CONTEXT(2) 
PARAMETRIC_REPRESENTATION_CONTEXT() REPRESENTATION_CONTEXT('2D SPACE',''
  ) );
#1189 = ORIENTED_EDGE('',*,*,#1190,.T.);
#1190 = EDGE_CURVE('',#1062,#1191,#1193,.T.);
#1191 = VERTEX_POINT('',#1192);
#1192 = CARTESIAN_POINT('',(6.693233868862,10.793082061057,22.4));
#1193 = SURFACE_CURVE('',#1194,(#1199,#1206),.PCURVE_S1.);
#1194 = CIRCLE('',#1195,12.7);
#1195 = AXIS2_PLACEMENT_3D('',#1196,#1197,#1198);
#1196 = CARTESIAN_POINT('',(0.,0.,22.4));
#1197 = DIRECTION('',(0.,0.,1.));
#1198 = DIRECTION('',(1.,0.,-0.));
#1199 = PCURVE('',#1070,#1200);
#1200 = DEFINITIONAL_REPRESENTATION('',(#1201),#1205);
#1201 = LINE('',#1202,#1203);
#1202 = CARTESIAN_POINT('',(-0.,-22.4));
#1203 = VECTOR('',#1204,1.);
#1204 = DIRECTION('',(-1.,0.));
#1205 = ( GEOMETRIC_REPRESENTATION_CONTEXT(2) 
PARAMETRIC_REPRESENTATION_CONTEXT() REPRESENTATION_CONTEXT('2D SPACE',''
  ) );
#1206 = PCURVE('',#169,#1207);
#1207 = DEFINITIONAL_REPRESENTATION('',(#1208),#1212);
#1208 = CIRCLE('',#1209,12.7);
#1209 = AXIS2_PLACEMENT_2D('',#1210,#1211);
#1210 = CARTESIAN_POINT('',(0.,-1.204325410458E-15));
#1211 = DIRECTION('',(1.,0.));
#1212 = ( GEOMETRIC_REPRESENTATION_CONTEXT(2) 
PARAMETRIC_REPRESENTATION_CONTEXT() REPRESENTATION_CONTEXT('2D SPACE',''
  ) );
#1213 = ORIENTED_EDGE('',*,*,#1214,.F.);
#1214 = EDGE_CURVE('',#1215,#1191,#1217,.T.);
#1215 = VERTEX_POINT('',#1216);
#1216 = CARTESIAN_POINT('',(6.693233868862,10.793082061057,0.));
#1217 = SURFACE_CURVE('',#1218,(#1222,#1229),.PCURVE_S1.);
#1218 = LINE('',#1219,#1220);
#1219 = CARTESIAN_POINT('',(6.693233868862,10.793082061057,0.));
#1220 = VECTOR('',#1221,1.);
#1221 = DIRECTION('',(0.,0.,1.));
#1222 = PCURVE('',#1070,#1223);
#1223 = DEFINITIONAL_REPRESENTATION('',(#1224),#1228);
#1224 = LINE('',#1225,#1226);
#1225 = CARTESIAN_POINT('',(-1.015698678656,0.));
#1226 = VECTOR('',#1227,1.);
#1227 = DIRECTION('',(-0.,-1.));
#1228 = ( GEOMETRIC_REPRESENTATION_CONTEXT(2) 
PARAMETRIC_REPRESENTATION_CONTEXT() REPRESENTATION_CONTEXT('2D SPACE',''
  ) );
#1229 = PCURVE('',#1230,#1235);
#1230 = PLANE('',#1231);
#1231 = AXIS2_PLACEMENT_3D('',#1232,#1233,#1234);
#1232 = CARTESIAN_POINT('',(6.920004198541,11.185859793711,0.));
#1233 = DIRECTION('',(0.866025403784,-0.5,0.));
#1234 = DIRECTION('',(-0.5,-0.866025403784,0.));
#1235 = DEFINITIONAL_REPRESENTATION('',(#1236),#1240);
#1236 = LINE('',#1237,#1238);
#1237 = CARTESIAN_POINT('',(0.453540659359,0.));
#1238 = VECTOR('',#1239,1.);
#1239 = DIRECTION('',(0.,-1.));
#1240 = ( GEOMETRIC_REPRESENTATION_CONTEXT(2) 
PARAMETRIC_REPRESENTATION_CONTEXT() REPRESENTATION_CONTEXT('2D SPACE',''
  ) );
#1241 = ORIENTED_EDGE('',*,*,#1242,.F.);
#1242 = EDGE_CURVE('',#1060,#1215,#1243,.T.);
#1243 = SURFACE_CURVE('',#1244,(#1249,#1256),.PCURVE_S1.);
#1244 = CIRCLE('',#1245,12.7);
#1245 = AXIS2_PLACEMENT_3D('',#1246,#1247,#1248);
#1246 = CARTESIAN_POINT('',(0.,0.,0.));
#1247 = DIRECTION('',(0.,0.,1.));
#1248 = DIRECTION('',(1.,0.,-0.));
#1249 = PCURVE('',#1070,#1250);
#1250 = DEFINITIONAL_REPRESENTATION('',(#1251),#1255);
#1251 = LINE('',#1252,#1253);
#1252 = CARTESIAN_POINT('',(-0.,0.));
#1253 = VECTOR('',#1254,1.);
#1254 = DIRECTION('',(-1.,0.));
#1255 = ( GEOMETRIC_REPRESENTATION_CONTEXT(2) 
PARAMETRIC_REPRESENTATION_CONTEXT() REPRESENTATION_CONTEXT('2D SPACE',''
  ) );
#1256 = PCURVE('',#224,#1257);
#1257 = DEFINITIONAL_REPRESENTATION('',(#1258),#1262);
#1258 = CIRCLE('',#1259,12.7);
#1259 = AXIS2_PLACEMENT_2D('',#1260,#1261);
#1260 = CARTESIAN_POINT('',(0.,-1.204325410458E-15));
#1261 = DIRECTION('',(1.,0.));
#1262 = ( GEOMETRIC_REPRESENTATION_CONTEXT(2) 
PARAMETRIC_REPRESENTATION_CONTEXT() REPRESENTATION_CONTEXT('2D SPACE',''
  ) );
#1263 = ADVANCED_FACE('',(#1264),#1230,.T.);
#1264 = FACE_BOUND('',#1265,.T.);
#1265 = EDGE_LOOP('',(#1266,#1392,#1413,#1414));
#1266 = ORIENTED_EDGE('',*,*,#1267,.T.);
#1267 = EDGE_CURVE('',#1268,#1270,#1272,.T.);
#1268 = VERTEX_POINT('',#1269);
#1269 = CARTESIAN_POINT('',(6.920004198541,11.185859793711,0.));
#1270 = VERTEX_POINT('',#1271);
#1271 = CARTESIAN_POINT('',(6.920004198541,11.185859793711,22.4));
#1272 = SURFACE_CURVE('',#1273,(#1277,#1284),.PCURVE_S1.);
#1273 = LINE('',#1274,#1275);
#1274 = CARTESIAN_POINT('',(6.920004198541,11.185859793711,0.));
#1275 = VECTOR('',#1276,1.);
#1276 = DIRECTION('',(0.,0.,1.));
#1277 = PCURVE('',#1230,#1278);
#1278 = DEFINITIONAL_REPRESENTATION('',(#1279),#1283);
#1279 = LINE('',#1280,#1281);
#1280 = CARTESIAN_POINT('',(0.,0.));
#1281 = VECTOR('',#1282,1.);
#1282 = DIRECTION('',(0.,-1.));
#1283 = ( GEOMETRIC_REPRESENTATION_CONTEXT(2) 
PARAMETRIC_REPRESENTATION_CONTEXT() REPRESENTATION_CONTEXT('2D SPACE',''
  ) );
#1284 = PCURVE('',#1285,#1386);
#1285 = B_SPLINE_SURFACE_WITH_KNOTS('',3,1,(
    (#1286,#1287)
    ,(#1288,#1289)
    ,(#1290,#1291)
    ,(#1292,#1293)
    ,(#1294,#1295)
    ,(#1296,#1297)
    ,(#1298,#1299)
    ,(#1300,#1301)
    ,(#1302,#1303)
    ,(#1304,#1305)
    ,(#1306,#1307)
    ,(#1308,#1309)
    ,(#1310,#1311)
    ,(#1312,#1313)
    ,(#1314,#1315)
    ,(#1316,#1317)
    ,(#1318,#1319)
    ,(#1320,#1321)
    ,(#1322,#1323)
    ,(#1324,#1325)
    ,(#1326,#1327)
    ,(#1328,#1329)
    ,(#1330,#1331)
    ,(#1332,#1333)
    ,(#1334,#1335)
    ,(#1336,#1337)
    ,(#1338,#1339)
    ,(#1340,#1341)
    ,(#1342,#1343)
    ,(#1344,#1345)
    ,(#1346,#1347)
    ,(#1348,#1349)
    ,(#1350,#1351)
    ,(#1352,#1353)
    ,(#1354,#1355)
    ,(#1356,#1357)
    ,(#1358,#1359)
    ,(#1360,#1361)
    ,(#1362,#1363)
    ,(#1364,#1365)
    ,(#1366,#1367)
    ,(#1368,#1369)
    ,(#1370,#1371)
    ,(#1372,#1373)
    ,(#1374,#1375)
    ,(#1376,#1377)
    ,(#1378,#1379)
    ,(#1380,#1381)
    ,(#1382,#1383)
    ,(#1384,#1385
    )),.UNSPECIFIED.,.F.,.F.,.F.,(4,1,1,1,1,1,1,1,1,1,1,1,1,1,1,1,1,1,1,
    1,1,1,1,1,1,1,1,1,1,1,1,1,1,1,1,1,1,1,1,1,1,1,1,1,1,1,1,4),(2,2),(0.
    ,0.72551896577,1.446812427957,2.167545581006,2.834652630785,
    3.561455250387,4.294404186133,5.035083262141,5.726745513771,
    6.485571675342,7.25499120568,8.035460380499,8.765906861733,
    9.568099084978,10.381469893138,11.205727652658,11.975881503332,
    12.819782078992,13.673026185696,14.534915364628,15.33753390218,
    16.21390469293,17.096636274619,17.984915961911,18.809100000342,
    19.705802922083,20.60576324729,21.508256924785,22.342991216384,
    23.248469118661,24.154594114226,25.060793204637,25.896884345071,
    26.801694858737,27.704993846459,28.606214463702,29.435742647904,
    30.331166080504,31.222462333173,32.108696907138,32.921319115104,
    33.794515353684,34.658772776489,35.512251077876,36.288651119977,
    37.115000087988,37.923185154055,38.651120081248),(-22.4,0.),
  .UNSPECIFIED.);
#1286 = CARTESIAN_POINT('',(24.444888542547,41.43277123851,22.4));
#1287 = CARTESIAN_POINT('',(24.444888542547,41.43277123851,0.));
#1288 = CARTESIAN_POINT('',(24.21673799829,41.351675501489,22.4));
#1289 = CARTESIAN_POINT('',(24.21673799829,41.351675501489,0.));
#1290 = CARTESIAN_POINT('',(23.761145309395,41.194641817226,22.4));
#1291 = CARTESIAN_POINT('',(23.761145309395,41.194641817226,0.));
#1292 = CARTESIAN_POINT('',(23.087272884393,40.933150817641,22.4));
#1293 = CARTESIAN_POINT('',(23.087272884393,40.933150817641,0.));
#1294 = CARTESIAN_POINT('',(22.437925546218,40.663640777632,22.4));
#1295 = CARTESIAN_POINT('',(22.437925546218,40.663640777632,0.));
#1296 = CARTESIAN_POINT('',(21.794167231333,40.376309474887,22.4));
#1297 = CARTESIAN_POINT('',(21.794167231333,40.376309474887,0.));
#1298 = CARTESIAN_POINT('',(21.154230050993,40.071014586017,22.4));
#1299 = CARTESIAN_POINT('',(21.154230050993,40.071014586017,0.));
#1300 = CARTESIAN_POINT('',(20.500776385459,39.737676540828,22.4));
#1301 = CARTESIAN_POINT('',(20.500776385459,39.737676540828,0.));
#1302 = CARTESIAN_POINT('',(19.866641964572,39.392802752718,22.4));
#1303 = CARTESIAN_POINT('',(19.866641964572,39.392802752718,0.));
#1304 = CARTESIAN_POINT('',(19.233976616042,39.02769381245,22.4));
#1305 = CARTESIAN_POINT('',(19.233976616042,39.02769381245,0.));
#1306 = CARTESIAN_POINT('',(18.602543205465,38.641721885509,22.4));
#1307 = CARTESIAN_POINT('',(18.602543205465,38.641721885509,0.));
#1308 = CARTESIAN_POINT('',(17.956599898653,38.223233960931,22.4));
#1309 = CARTESIAN_POINT('',(17.956599898653,38.223233960931,0.));
#1310 = CARTESIAN_POINT('',(17.329659733906,37.793290495209,22.4));
#1311 = CARTESIAN_POINT('',(17.329659733906,37.793290495209,0.));
#1312 = CARTESIAN_POINT('',(16.704963925857,37.341222290957,22.4));
#1313 = CARTESIAN_POINT('',(16.704963925857,37.341222290957,0.));
#1314 = CARTESIAN_POINT('',(16.083258788775,36.866713275563,22.4));
#1315 = CARTESIAN_POINT('',(16.083258788775,36.866713275563,0.));
#1316 = CARTESIAN_POINT('',(15.450120982886,36.356117257554,22.4));
#1317 = CARTESIAN_POINT('',(15.450120982886,36.356117257554,0.));
#1318 = CARTESIAN_POINT('',(14.839160255868,35.835495055919,22.4));
#1319 = CARTESIAN_POINT('',(14.839160255868,35.835495055919,0.));
#1320 = CARTESIAN_POINT('',(14.234616334633,35.292115146461,22.4));
#1321 = CARTESIAN_POINT('',(14.234616334633,35.292115146461,0.));
#1322 = CARTESIAN_POINT('',(13.637833764081,34.726049355503,22.4));
#1323 = CARTESIAN_POINT('',(13.637833764081,34.726049355503,0.));
#1324 = CARTESIAN_POINT('',(13.035975368956,34.121404050012,22.4));
#1325 = CARTESIAN_POINT('',(13.035975368956,34.121404050012,0.));
#1326 = CARTESIAN_POINT('',(12.461390002063,33.50952103009,22.4));
#1327 = CARTESIAN_POINT('',(12.461390002063,33.50952103009,0.));
#1328 = CARTESIAN_POINT('',(11.89949625629,32.875647190797,22.4));
#1329 = CARTESIAN_POINT('',(11.89949625629,32.875647190797,0.));
#1330 = CARTESIAN_POINT('',(11.351993548072,32.220181789974,22.4));
#1331 = CARTESIAN_POINT('',(11.351993548072,32.220181789974,0.));
#1332 = CARTESIAN_POINT('',(10.80770093256,31.525385244805,22.4));
#1333 = CARTESIAN_POINT('',(10.80770093256,31.525385244805,0.));
#1334 = CARTESIAN_POINT('',(10.296349070352,30.827439308668,22.4));
#1335 = CARTESIAN_POINT('',(10.296349070352,30.827439308668,0.));
#1336 = CARTESIAN_POINT('',(9.804851910469,30.109747569794,22.4));
#1337 = CARTESIAN_POINT('',(9.804851910469,30.109747569794,0.));
#1338 = CARTESIAN_POINT('',(9.334936033061,29.373072288346,22.4));
#1339 = CARTESIAN_POINT('',(9.334936033061,29.373072288346,0.));
#1340 = CARTESIAN_POINT('',(8.877736159194,28.597961526315,22.4));
#1341 = CARTESIAN_POINT('',(8.877736159194,28.597961526315,0.));
#1342 = CARTESIAN_POINT('',(8.458434931152,27.825120036683,22.4));
#1343 = CARTESIAN_POINT('',(8.458434931152,27.825120036683,0.));
#1344 = CARTESIAN_POINT('',(8.065885752456,27.036330799426,22.4));
#1345 = CARTESIAN_POINT('',(8.065885752456,27.036330799426,0.));
#1346 = CARTESIAN_POINT('',(7.701565386865,26.232729840065,22.4));
#1347 = CARTESIAN_POINT('',(7.701565386865,26.232729840065,0.));
#1348 = CARTESIAN_POINT('',(7.359394552073,25.393656123853,22.4));
#1349 = CARTESIAN_POINT('',(7.359394552073,25.393656123853,0.));
#1350 = CARTESIAN_POINT('',(7.05829302633,24.563536269898,22.4));
#1351 = CARTESIAN_POINT('',(7.05829302633,24.563536269898,0.));
#1352 = CARTESIAN_POINT('',(6.789473128783,23.722908126298,22.4));
#1353 = CARTESIAN_POINT('',(6.789473128783,23.722908126298,0.));
#1354 = CARTESIAN_POINT('',(6.553918132854,22.87330718813,22.4));
#1355 = CARTESIAN_POINT('',(6.553918132854,22.87330718813,0.));
#1356 = CARTESIAN_POINT('',(6.348617583179,21.993578542003,22.4));
#1357 = CARTESIAN_POINT('',(6.348617583179,21.993578542003,0.));
#1358 = CARTESIAN_POINT('',(6.184829517245,21.130708264884,22.4));
#1359 = CARTESIAN_POINT('',(6.184829517245,21.130708264884,0.));
#1360 = CARTESIAN_POINT('',(6.056451553258,20.264565088294,22.4));
#1361 = CARTESIAN_POINT('',(6.056451553258,20.264565088294,0.));
#1362 = CARTESIAN_POINT('',(5.963735802842,19.397157981669,22.4));
#1363 = CARTESIAN_POINT('',(5.963735802842,19.397157981669,0.));
#1364 = CARTESIAN_POINT('',(5.906702294594,18.507732124473,22.4));
#1365 = CARTESIAN_POINT('',(5.906702294594,18.507732124473,0.));
#1366 = CARTESIAN_POINT('',(5.8880828143,17.644292213018,22.4));
#1367 = CARTESIAN_POINT('',(5.8880828143,17.644292213018,0.));
#1368 = CARTESIAN_POINT('',(5.904570580612,16.786859379368,22.4));
#1369 = CARTESIAN_POINT('',(5.904570580612,16.786859379368,0.));
#1370 = CARTESIAN_POINT('',(5.955362642131,15.938210632017,22.4));
#1371 = CARTESIAN_POINT('',(5.955362642131,15.938210632017,0.));
#1372 = CARTESIAN_POINT('',(6.043226844491,15.078366120564,22.4));
#1373 = CARTESIAN_POINT('',(6.043226844491,15.078366120564,0.));
#1374 = CARTESIAN_POINT('',(6.161621492441,14.256771587356,22.4));
#1375 = CARTESIAN_POINT('',(6.161621492441,14.256771587356,0.));
#1376 = CARTESIAN_POINT('',(6.311986744438,13.44630753464,22.4));
#1377 = CARTESIAN_POINT('',(6.311986744438,13.44630753464,0.));
#1378 = CARTESIAN_POINT('',(6.483686308152,12.682231332966,22.4));
#1379 = CARTESIAN_POINT('',(6.483686308152,12.682231332966,0.));
#1380 = CARTESIAN_POINT('',(6.707112113891,11.849664230715,22.4));
#1381 = CARTESIAN_POINT('',(6.707112113891,11.849664230715,0.));
#1382 = CARTESIAN_POINT('',(6.815090118851,11.524144319743,22.4));
#1383 = CARTESIAN_POINT('',(6.815090118851,11.524144319743,0.));
#1384 = CARTESIAN_POINT('',(6.920004198541,11.185859793711,22.4));
#1385 = CARTESIAN_POINT('',(6.920004198541,11.185859793711,0.));
#1386 = DEFINITIONAL_REPRESENTATION('',(#1387),#1391);
#1387 = LINE('',#1388,#1389);
#1388 = CARTESIAN_POINT('',(38.651120081248,0.));
#1389 = VECTOR('',#1390,1.);
#1390 = DIRECTION('',(0.,-1.));
#1391 = ( GEOMETRIC_REPRESENTATION_CONTEXT(2) 
PARAMETRIC_REPRESENTATION_CONTEXT() REPRESENTATION_CONTEXT('2D SPACE',''
  ) );
#1392 = ORIENTED_EDGE('',*,*,#1393,.T.);
#1393 = EDGE_CURVE('',#1270,#1191,#1394,.T.);
#1394 = SURFACE_CURVE('',#1395,(#1399,#1406),.PCURVE_S1.);
#1395 = LINE('',#1396,#1397);
#1396 = CARTESIAN_POINT('',(6.920004198541,11.185859793711,22.4));
#1397 = VECTOR('',#1398,1.);
#1398 = DIRECTION('',(-0.5,-0.866025403784,0.));
#1399 = PCURVE('',#1230,#1400);
#1400 = DEFINITIONAL_REPRESENTATION('',(#1401),#1405);
#1401 = LINE('',#1402,#1403);
#1402 = CARTESIAN_POINT('',(0.,-22.4));
#1403 = VECTOR('',#1404,1.);
#1404 = DIRECTION('',(1.,0.));
#1405 = ( GEOMETRIC_REPRESENTATION_CONTEXT(2) 
PARAMETRIC_REPRESENTATION_CONTEXT() REPRESENTATION_CONTEXT('2D SPACE',''
  ) );
#1406 = PCURVE('',#169,#1407);
#1407 = DEFINITIONAL_REPRESENTATION('',(#1408),#1412);
#1408 = LINE('',#1409,#1410);
#1409 = CARTESIAN_POINT('',(6.920004198541,11.185859793711));
#1410 = VECTOR('',#1411,1.);
#1411 = DIRECTION('',(-0.5,-0.866025403784));
#1412 = ( GEOMETRIC_REPRESENTATION_CONTEXT(2) 
PARAMETRIC_REPRESENTATION_CONTEXT() REPRESENTATION_CONTEXT('2D SPACE',''
  ) );
#1413 = ORIENTED_EDGE('',*,*,#1214,.F.);
#1414 = ORIENTED_EDGE('',*,*,#1415,.F.);
#1415 = EDGE_CURVE('',#1268,#1215,#1416,.T.);
#1416 = SURFACE_CURVE('',#1417,(#1421,#1428),.PCURVE_S1.);
#1417 = LINE('',#1418,#1419);
#1418 = CARTESIAN_POINT('',(6.920004198541,11.185859793711,0.));
#1419 = VECTOR('',#1420,1.);
#1420 = DIRECTION('',(-0.5,-0.866025403784,0.));
#1421 = PCURVE('',#1230,#1422);
#1422 = DEFINITIONAL_REPRESENTATION('',(#1423),#1427);
#1423 = LINE('',#1424,#1425);
#1424 = CARTESIAN_POINT('',(0.,0.));
#1425 = VECTOR('',#1426,1.);
#1426 = DIRECTION('',(1.,0.));
#1427 = ( GEOMETRIC_REPRESENTATION_CONTEXT(2) 
PARAMETRIC_REPRESENTATION_CONTEXT() REPRESENTATION_CONTEXT('2D SPACE',''
  ) );
#1428 = PCURVE('',#224,#1429);
#1429 = DEFINITIONAL_REPRESENTATION('',(#1430),#1434);
#1430 = LINE('',#1431,#1432);
#1431 = CARTESIAN_POINT('',(6.920004198541,11.185859793711));
#1432 = VECTOR('',#1433,1.);
#1433 = DIRECTION('',(-0.5,-0.866025403784));
#1434 = ( GEOMETRIC_REPRESENTATION_CONTEXT(2) 
PARAMETRIC_REPRESENTATION_CONTEXT() REPRESENTATION_CONTEXT('2D SPACE',''
  ) );
#1435 = ADVANCED_FACE('',(#1436),#1285,.T.);
#1436 = FACE_BOUND('',#1437,.T.);
#1437 = EDGE_LOOP('',(#1438,#1468,#1583,#1584));
#1438 = ORIENTED_EDGE('',*,*,#1439,.T.);
#1439 = EDGE_CURVE('',#1440,#1442,#1444,.T.);
#1440 = VERTEX_POINT('',#1441);
#1441 = CARTESIAN_POINT('',(24.444888542547,41.43277123851,0.));
#1442 = VERTEX_POINT('',#1443);
#1443 = CARTESIAN_POINT('',(24.444888542547,41.43277123851,22.4));
#1444 = SURFACE_CURVE('',#1445,(#1449,#1456),.PCURVE_S1.);
#1445 = LINE('',#1446,#1447);
#1446 = CARTESIAN_POINT('',(24.444888542547,41.43277123851,0.));
#1447 = VECTOR('',#1448,1.);
#1448 = DIRECTION('',(0.,0.,1.));
#1449 = PCURVE('',#1285,#1450);
#1450 = DEFINITIONAL_REPRESENTATION('',(#1451),#1455);
#1451 = LINE('',#1452,#1453);
#1452 = CARTESIAN_POINT('',(0.,0.));
#1453 = VECTOR('',#1454,1.);
#1454 = DIRECTION('',(0.,-1.));
#1455 = ( GEOMETRIC_REPRESENTATION_CONTEXT(2) 
PARAMETRIC_REPRESENTATION_CONTEXT() REPRESENTATION_CONTEXT('2D SPACE',''
  ) );
#1456 = PCURVE('',#1457,#1462);
#1457 = PLANE('',#1458);
#1458 = AXIS2_PLACEMENT_3D('',#1459,#1460,#1461);
#1459 = CARTESIAN_POINT('',(24.926790476563,41.604147828522,0.));
#1460 = DIRECTION('',(0.335068126531,-0.942193902858,0.));
#1461 = DIRECTION('',(-0.942193902858,-0.335068126531,0.));
#1462 = DEFINITIONAL_REPRESENTATION('',(#1463),#1467);
#1463 = LINE('',#1464,#1465);
#1464 = CARTESIAN_POINT('',(0.511467896952,0.));
#1465 = VECTOR('',#1466,1.);
#1466 = DIRECTION('',(0.,-1.));
#1467 = ( GEOMETRIC_REPRESENTATION_CONTEXT(2) 
PARAMETRIC_REPRESENTATION_CONTEXT() REPRESENTATION_CONTEXT('2D SPACE',''
  ) );
#1468 = ORIENTED_EDGE('',*,*,#1469,.T.);
#1469 = EDGE_CURVE('',#1442,#1270,#1470,.T.);
#1470 = SURFACE_CURVE('',#1471,(#1522,#1529),.PCURVE_S1.);
#1471 = B_SPLINE_CURVE_WITH_KNOTS('',3,(#1472,#1473,#1474,#1475,#1476,
    #1477,#1478,#1479,#1480,#1481,#1482,#1483,#1484,#1485,#1486,#1487,
    #1488,#1489,#1490,#1491,#1492,#1493,#1494,#1495,#1496,#1497,#1498,
    #1499,#1500,#1501,#1502,#1503,#1504,#1505,#1506,#1507,#1508,#1509,
    #1510,#1511,#1512,#1513,#1514,#1515,#1516,#1517,#1518,#1519,#1520,
    #1521),.UNSPECIFIED.,.F.,.F.,(4,1,1,1,1,1,1,1,1,1,1,1,1,1,1,1,1,1,1,
    1,1,1,1,1,1,1,1,1,1,1,1,1,1,1,1,1,1,1,1,1,1,1,1,1,1,1,1,4),(0.,
    0.72551896577,1.446812427957,2.167545581006,2.834652630785,
    3.561455250387,4.294404186133,5.035083262141,5.726745513771,
    6.485571675342,7.25499120568,8.035460380499,8.765906861733,
    9.568099084978,10.381469893138,11.205727652658,11.975881503332,
    12.819782078992,13.673026185696,14.534915364628,15.33753390218,
    16.21390469293,17.096636274619,17.984915961911,18.809100000342,
    19.705802922083,20.60576324729,21.508256924785,22.342991216384,
    23.248469118661,24.154594114226,25.060793204637,25.896884345071,
    26.801694858737,27.704993846459,28.606214463702,29.435742647904,
    30.331166080504,31.222462333173,32.108696907138,32.921319115104,
    33.794515353684,34.658772776489,35.512251077876,36.288651119977,
    37.115000087988,37.923185154055,38.651120081248),.UNSPECIFIED.);
#1472 = CARTESIAN_POINT('',(24.444888542547,41.43277123851,22.4));
#1473 = CARTESIAN_POINT('',(24.21673799829,41.351675501489,22.4));
#1474 = CARTESIAN_POINT('',(23.761145309395,41.194641817226,22.4));
#1475 = CARTESIAN_POINT('',(23.087272884393,40.933150817641,22.4));
#1476 = CARTESIAN_POINT('',(22.437925546218,40.663640777632,22.4));
#1477 = CARTESIAN_POINT('',(21.794167231333,40.376309474887,22.4));
#1478 = CARTESIAN_POINT('',(21.154230050993,40.071014586017,22.4));
#1479 = CARTESIAN_POINT('',(20.500776385459,39.737676540828,22.4));
#1480 = CARTESIAN_POINT('',(19.866641964572,39.392802752718,22.4));
#1481 = CARTESIAN_POINT('',(19.233976616042,39.02769381245,22.4));
#1482 = CARTESIAN_POINT('',(18.602543205465,38.641721885509,22.4));
#1483 = CARTESIAN_POINT('',(17.956599898653,38.223233960931,22.4));
#1484 = CARTESIAN_POINT('',(17.329659733906,37.793290495209,22.4));
#1485 = CARTESIAN_POINT('',(16.704963925857,37.341222290957,22.4));
#1486 = CARTESIAN_POINT('',(16.083258788775,36.866713275563,22.4));
#1487 = CARTESIAN_POINT('',(15.450120982886,36.356117257554,22.4));
#1488 = CARTESIAN_POINT('',(14.839160255868,35.835495055919,22.4));
#1489 = CARTESIAN_POINT('',(14.234616334633,35.292115146461,22.4));
#1490 = CARTESIAN_POINT('',(13.637833764081,34.726049355503,22.4));
#1491 = CARTESIAN_POINT('',(13.035975368956,34.121404050012,22.4));
#1492 = CARTESIAN_POINT('',(12.461390002063,33.50952103009,22.4));
#1493 = CARTESIAN_POINT('',(11.89949625629,32.875647190797,22.4));
#1494 = CARTESIAN_POINT('',(11.351993548072,32.220181789974,22.4));
#1495 = CARTESIAN_POINT('',(10.80770093256,31.525385244805,22.4));
#1496 = CARTESIAN_POINT('',(10.296349070352,30.827439308668,22.4));
#1497 = CARTESIAN_POINT('',(9.804851910469,30.109747569794,22.4));
#1498 = CARTESIAN_POINT('',(9.334936033061,29.373072288346,22.4));
#1499 = CARTESIAN_POINT('',(8.877736159194,28.597961526315,22.4));
#1500 = CARTESIAN_POINT('',(8.458434931152,27.825120036683,22.4));
#1501 = CARTESIAN_POINT('',(8.065885752456,27.036330799426,22.4));
#1502 = CARTESIAN_POINT('',(7.701565386865,26.232729840065,22.4));
#1503 = CARTESIAN_POINT('',(7.359394552073,25.393656123853,22.4));
#1504 = CARTESIAN_POINT('',(7.05829302633,24.563536269898,22.4));
#1505 = CARTESIAN_POINT('',(6.789473128783,23.722908126298,22.4));
#1506 = CARTESIAN_POINT('',(6.553918132854,22.87330718813,22.4));
#1507 = CARTESIAN_POINT('',(6.348617583179,21.993578542003,22.4));
#1508 = CARTESIAN_POINT('',(6.184829517245,21.130708264884,22.4));
#1509 = CARTESIAN_POINT('',(6.056451553258,20.264565088294,22.4));
#1510 = CARTESIAN_POINT('',(5.963735802842,19.397157981669,22.4));
#1511 = CARTESIAN_POINT('',(5.906702294594,18.507732124473,22.4));
#1512 = CARTESIAN_POINT('',(5.8880828143,17.644292213018,22.4));
#1513 = CARTESIAN_POINT('',(5.904570580612,16.786859379368,22.4));
#1514 = CARTESIAN_POINT('',(5.955362642131,15.938210632017,22.4));
#1515 = CARTESIAN_POINT('',(6.043226844491,15.078366120564,22.4));
#1516 = CARTESIAN_POINT('',(6.161621492441,14.256771587356,22.4));
#1517 = CARTESIAN_POINT('',(6.311986744438,13.44630753464,22.4));
#1518 = CARTESIAN_POINT('',(6.483686308152,12.682231332966,22.4));
#1519 = CARTESIAN_POINT('',(6.707112113891,11.849664230715,22.4));
#1520 = CARTESIAN_POINT('',(6.815090118851,11.524144319743,22.4));
#1521 = CARTESIAN_POINT('',(6.920004198541,11.185859793711,22.4));
#1522 = PCURVE('',#1285,#1523);
#1523 = DEFINITIONAL_REPRESENTATION('',(#1524),#1528);
#1524 = LINE('',#1525,#1526);
#1525 = CARTESIAN_POINT('',(0.,-22.4));
#1526 = VECTOR('',#1527,1.);
#1527 = DIRECTION('',(1.,0.));
#1528 = ( GEOMETRIC_REPRESENTATION_CONTEXT(2) 
PARAMETRIC_REPRESENTATION_CONTEXT() REPRESENTATION_CONTEXT('2D SPACE',''
  ) );
#1529 = PCURVE('',#169,#1530);
#1530 = DEFINITIONAL_REPRESENTATION('',(#1531),#1582);
#1531 = B_SPLINE_CURVE_WITH_KNOTS('',3,(#1532,#1533,#1534,#1535,#1536,
    #1537,#1538,#1539,#1540,#1541,#1542,#1543,#1544,#1545,#1546,#1547,
    #1548,#1549,#1550,#1551,#1552,#1553,#1554,#1555,#1556,#1557,#1558,
    #1559,#1560,#1561,#1562,#1563,#1564,#1565,#1566,#1567,#1568,#1569,
    #1570,#1571,#1572,#1573,#1574,#1575,#1576,#1577,#1578,#1579,#1580,
    #1581),.UNSPECIFIED.,.F.,.F.,(4,1,1,1,1,1,1,1,1,1,1,1,1,1,1,1,1,1,1,
    1,1,1,1,1,1,1,1,1,1,1,1,1,1,1,1,1,1,1,1,1,1,1,1,1,1,1,1,4),(0.,
    0.72551896577,1.446812427957,2.167545581006,2.834652630785,
    3.561455250387,4.294404186133,5.035083262141,5.726745513771,
    6.485571675342,7.25499120568,8.035460380499,8.765906861733,
    9.568099084978,10.381469893138,11.205727652658,11.975881503332,
    12.819782078992,13.673026185696,14.534915364628,15.33753390218,
    16.21390469293,17.096636274619,17.984915961911,18.809100000342,
    19.705802922083,20.60576324729,21.508256924785,22.342991216384,
    23.248469118661,24.154594114226,25.060793204637,25.896884345071,
    26.801694858737,27.704993846459,28.606214463702,29.435742647904,
    30.331166080504,31.222462333173,32.108696907138,32.921319115104,
    33.794515353684,34.658772776489,35.512251077876,36.288651119977,
    37.115000087988,37.923185154055,38.651120081248),.UNSPECIFIED.);
#1532 = CARTESIAN_POINT('',(24.444888542547,41.43277123851));
#1533 = CARTESIAN_POINT('',(24.21673799829,41.351675501489));
#1534 = CARTESIAN_POINT('',(23.761145309395,41.194641817226));
#1535 = CARTESIAN_POINT('',(23.087272884393,40.933150817641));
#1536 = CARTESIAN_POINT('',(22.437925546218,40.663640777632));
#1537 = CARTESIAN_POINT('',(21.794167231333,40.376309474887));
#1538 = CARTESIAN_POINT('',(21.154230050993,40.071014586017));
#1539 = CARTESIAN_POINT('',(20.500776385459,39.737676540828));
#1540 = CARTESIAN_POINT('',(19.866641964572,39.392802752718));
#1541 = CARTESIAN_POINT('',(19.233976616042,39.02769381245));
#1542 = CARTESIAN_POINT('',(18.602543205465,38.641721885509));
#1543 = CARTESIAN_POINT('',(17.956599898653,38.223233960931));
#1544 = CARTESIAN_POINT('',(17.329659733906,37.793290495209));
#1545 = CARTESIAN_POINT('',(16.704963925857,37.341222290957));
#1546 = CARTESIAN_POINT('',(16.083258788775,36.866713275563));
#1547 = CARTESIAN_POINT('',(15.450120982886,36.356117257554));
#1548 = CARTESIAN_POINT('',(14.839160255868,35.835495055919));
#1549 = CARTESIAN_POINT('',(14.234616334633,35.292115146461));
#1550 = CARTESIAN_POINT('',(13.637833764081,34.726049355503));
#1551 = CARTESIAN_POINT('',(13.035975368956,34.121404050012));
#1552 = CARTESIAN_POINT('',(12.461390002063,33.50952103009));
#1553 = CARTESIAN_POINT('',(11.89949625629,32.875647190797));
#1554 = CARTESIAN_POINT('',(11.351993548072,32.220181789974));
#1555 = CARTESIAN_POINT('',(10.80770093256,31.525385244805));
#1556 = CARTESIAN_POINT('',(10.296349070352,30.827439308668));
#1557 = CARTESIAN_POINT('',(9.804851910469,30.109747569794));
#1558 = CARTESIAN_POINT('',(9.334936033061,29.373072288346));
#1559 = CARTESIAN_POINT('',(8.877736159194,28.597961526315));
#1560 = CARTESIAN_POINT('',(8.458434931152,27.825120036683));
#1561 = CARTESIAN_POINT('',(8.065885752456,27.036330799426));
#1562 = CARTESIAN_POINT('',(7.701565386865,26.232729840065));
#1563 = CARTESIAN_POINT('',(7.359394552073,25.393656123853));
#1564 = CARTESIAN_POINT('',(7.05829302633,24.563536269898));
#1565 = CARTESIAN_POINT('',(6.789473128783,23.722908126298));
#1566 = CARTESIAN_POINT('',(6.553918132854,22.87330718813));
#1567 = CARTESIAN_POINT('',(6.348617583179,21.993578542003));
#1568 = CARTESIAN_POINT('',(6.184829517245,21.130708264884));
#1569 = CARTESIAN_POINT('',(6.056451553258,20.264565088294));
#1570 = CARTESIAN_POINT('',(5.963735802842,19.397157981669));
#1571 = CARTESIAN_POINT('',(5.906702294594,18.507732124473));
#1572 = CARTESIAN_POINT('',(5.8880828143,17.644292213018));
#1573 = CARTESIAN_POINT('',(5.904570580612,16.786859379368));
#1574 = CARTESIAN_POINT('',(5.955362642131,15.938210632017));
#1575 = CARTESIAN_POINT('',(6.043226844491,15.078366120564));
#1576 = CARTESIAN_POINT('',(6.161621492441,14.256771587356));
#1577 = CARTESIAN_POINT('',(6.311986744438,13.44630753464));
#1578 = CARTESIAN_POINT('',(6.483686308152,12.682231332966));
#1579 = CARTESIAN_POINT('',(6.707112113891,11.849664230714));
#1580 = CARTESIAN_POINT('',(6.815090118851,11.524144319743));
#1581 = CARTESIAN_POINT('',(6.920004198541,11.185859793711));
#1582 = ( GEOMETRIC_REPRESENTATION_CONTEXT(2) 
PARAMETRIC_REPRESENTATION_CONTEXT() REPRESENTATION_CONTEXT('2D SPACE',''
  ) );
#1583 = ORIENTED_EDGE('',*,*,#1267,.F.);
#1584 = ORIENTED_EDGE('',*,*,#1585,.F.);
#1585 = EDGE_CURVE('',#1440,#1268,#1586,.T.);
#1586 = SURFACE_CURVE('',#1587,(#1638,#1645),.PCURVE_S1.);
#1587 = B_SPLINE_CURVE_WITH_KNOTS('',3,(#1588,#1589,#1590,#1591,#1592,
    #1593,#1594,#1595,#1596,#1597,#1598,#1599,#1600,#1601,#1602,#1603,
    #1604,#1605,#1606,#1607,#1608,#1609,#1610,#1611,#1612,#1613,#1614,
    #1615,#1616,#1617,#1618,#1619,#1620,#1621,#1622,#1623,#1624,#1625,
    #1626,#1627,#1628,#1629,#1630,#1631,#1632,#1633,#1634,#1635,#1636,
    #1637),.UNSPECIFIED.,.F.,.F.,(4,1,1,1,1,1,1,1,1,1,1,1,1,1,1,1,1,1,1,
    1,1,1,1,1,1,1,1,1,1,1,1,1,1,1,1,1,1,1,1,1,1,1,1,1,1,1,1,4),(0.,
    0.72551896577,1.446812427957,2.167545581006,2.834652630785,
    3.561455250387,4.294404186133,5.035083262141,5.726745513771,
    6.485571675342,7.25499120568,8.035460380499,8.765906861733,
    9.568099084978,10.381469893138,11.205727652658,11.975881503332,
    12.819782078992,13.673026185696,14.534915364628,15.33753390218,
    16.21390469293,17.096636274619,17.984915961911,18.809100000342,
    19.705802922083,20.60576324729,21.508256924785,22.342991216384,
    23.248469118661,24.154594114226,25.060793204637,25.896884345071,
    26.801694858737,27.704993846459,28.606214463702,29.435742647904,
    30.331166080504,31.222462333173,32.108696907138,32.921319115104,
    33.794515353684,34.658772776489,35.512251077876,36.288651119977,
    37.115000087988,37.923185154055,38.651120081248),.UNSPECIFIED.);
#1588 = CARTESIAN_POINT('',(24.444888542547,41.43277123851,0.));
#1589 = CARTESIAN_POINT('',(24.21673799829,41.351675501489,0.));
#1590 = CARTESIAN_POINT('',(23.761145309395,41.194641817226,0.));
#1591 = CARTESIAN_POINT('',(23.087272884393,40.933150817641,0.));
#1592 = CARTESIAN_POINT('',(22.437925546218,40.663640777632,0.));
#1593 = CARTESIAN_POINT('',(21.794167231333,40.376309474887,0.));
#1594 = CARTESIAN_POINT('',(21.154230050993,40.071014586017,0.));
#1595 = CARTESIAN_POINT('',(20.500776385459,39.737676540828,0.));
#1596 = CARTESIAN_POINT('',(19.866641964572,39.392802752718,0.));
#1597 = CARTESIAN_POINT('',(19.233976616042,39.02769381245,0.));
#1598 = CARTESIAN_POINT('',(18.602543205465,38.641721885509,0.));
#1599 = CARTESIAN_POINT('',(17.956599898653,38.223233960931,0.));
#1600 = CARTESIAN_POINT('',(17.329659733906,37.793290495209,0.));
#1601 = CARTESIAN_POINT('',(16.704963925857,37.341222290957,0.));
#1602 = CARTESIAN_POINT('',(16.083258788775,36.866713275563,0.));
#1603 = CARTESIAN_POINT('',(15.450120982886,36.356117257554,0.));
#1604 = CARTESIAN_POINT('',(14.839160255868,35.835495055919,0.));
#1605 = CARTESIAN_POINT('',(14.234616334633,35.292115146461,0.));
#1606 = CARTESIAN_POINT('',(13.637833764081,34.726049355503,0.));
#1607 = CARTESIAN_POINT('',(13.035975368956,34.121404050012,0.));
#1608 = CARTESIAN_POINT('',(12.461390002063,33.50952103009,0.));
#1609 = CARTESIAN_POINT('',(11.89949625629,32.875647190797,0.));
#1610 = CARTESIAN_POINT('',(11.351993548072,32.220181789974,0.));
#1611 = CARTESIAN_POINT('',(10.80770093256,31.525385244805,0.));
#1612 = CARTESIAN_POINT('',(10.296349070352,30.827439308668,0.));
#1613 = CARTESIAN_POINT('',(9.804851910469,30.109747569794,0.));
#1614 = CARTESIAN_POINT('',(9.334936033061,29.373072288346,0.));
#1615 = CARTESIAN_POINT('',(8.877736159194,28.597961526315,0.));
#1616 = CARTESIAN_POINT('',(8.458434931152,27.825120036683,0.));
#1617 = CARTESIAN_POINT('',(8.065885752456,27.036330799426,0.));
#1618 = CARTESIAN_POINT('',(7.701565386865,26.232729840065,0.));
#1619 = CARTESIAN_POINT('',(7.359394552073,25.393656123853,0.));
#1620 = CARTESIAN_POINT('',(7.05829302633,24.563536269898,0.));
#1621 = CARTESIAN_POINT('',(6.789473128783,23.722908126298,0.));
#1622 = CARTESIAN_POINT('',(6.553918132854,22.87330718813,0.));
#1623 = CARTESIAN_POINT('',(6.348617583179,21.993578542003,0.));
#1624 = CARTESIAN_POINT('',(6.184829517245,21.130708264884,0.));
#1625 = CARTESIAN_POINT('',(6.056451553258,20.264565088294,0.));
#1626 = CARTESIAN_POINT('',(5.963735802842,19.397157981669,0.));
#1627 = CARTESIAN_POINT('',(5.906702294594,18.507732124473,0.));
#1628 = CARTESIAN_POINT('',(5.8880828143,17.644292213018,0.));
#1629 = CARTESIAN_POINT('',(5.904570580612,16.786859379368,0.));
#1630 = CARTESIAN_POINT('',(5.955362642131,15.938210632017,0.));
#1631 = CARTESIAN_POINT('',(6.043226844491,15.078366120564,0.));
#1632 = CARTESIAN_POINT('',(6.161621492441,14.256771587356,0.));
#1633 = CARTESIAN_POINT('',(6.311986744438,13.44630753464,0.));
#1634 = CARTESIAN_POINT('',(6.483686308152,12.682231332966,0.));
#1635 = CARTESIAN_POINT('',(6.707112113891,11.849664230715,0.));
#1636 = CARTESIAN_POINT('',(6.815090118851,11.524144319743,0.));
#1637 = CARTESIAN_POINT('',(6.920004198541,11.185859793711,0.));
#1638 = PCURVE('',#1285,#1639);
#1639 = DEFINITIONAL_REPRESENTATION('',(#1640),#1644);
#1640 = LINE('',#1641,#1642);
#1641 = CARTESIAN_POINT('',(0.,0.));
#1642 = VECTOR('',#1643,1.);
#1643 = DIRECTION('',(1.,0.));
#1644 = ( GEOMETRIC_REPRESENTATION_CONTEXT(2) 
PARAMETRIC_REPRESENTATION_CONTEXT() REPRESENTATION_CONTEXT('2D SPACE',''
  ) );
#1645 = PCURVE('',#224,#1646);
#1646 = DEFINITIONAL_REPRESENTATION('',(#1647),#1698);
#1647 = B_SPLINE_CURVE_WITH_KNOTS('',3,(#1648,#1649,#1650,#1651,#1652,
    #1653,#1654,#1655,#1656,#1657,#1658,#1659,#1660,#1661,#1662,#1663,
    #1664,#1665,#1666,#1667,#1668,#1669,#1670,#1671,#1672,#1673,#1674,
    #1675,#1676,#1677,#1678,#1679,#1680,#1681,#1682,#1683,#1684,#1685,
    #1686,#1687,#1688,#1689,#1690,#1691,#1692,#1693,#1694,#1695,#1696,
    #1697),.UNSPECIFIED.,.F.,.F.,(4,1,1,1,1,1,1,1,1,1,1,1,1,1,1,1,1,1,1,
    1,1,1,1,1,1,1,1,1,1,1,1,1,1,1,1,1,1,1,1,1,1,1,1,1,1,1,1,4),(0.,
    0.72551896577,1.446812427957,2.167545581006,2.834652630785,
    3.561455250387,4.294404186133,5.035083262141,5.726745513771,
    6.485571675342,7.25499120568,8.035460380499,8.765906861733,
    9.568099084978,10.381469893138,11.205727652658,11.975881503332,
    12.819782078992,13.673026185696,14.534915364628,15.33753390218,
    16.21390469293,17.096636274619,17.984915961911,18.809100000342,
    19.705802922083,20.60576324729,21.508256924785,22.342991216384,
    23.248469118661,24.154594114226,25.060793204637,25.896884345071,
    26.801694858737,27.704993846459,28.606214463702,29.435742647904,
    30.331166080504,31.222462333173,32.108696907138,32.921319115104,
    33.794515353684,34.658772776489,35.512251077876,36.288651119977,
    37.115000087988,37.923185154055,38.651120081248),.UNSPECIFIED.);
#1648 = CARTESIAN_POINT('',(24.444888542547,41.43277123851));
#1649 = CARTESIAN_POINT('',(24.21673799829,41.351675501489));
#1650 = CARTESIAN_POINT('',(23.761145309395,41.194641817226));
#1651 = CARTESIAN_POINT('',(23.087272884393,40.933150817641));
#1652 = CARTESIAN_POINT('',(22.437925546218,40.663640777632));
#1653 = CARTESIAN_POINT('',(21.794167231333,40.376309474887));
#1654 = CARTESIAN_POINT('',(21.154230050993,40.071014586017));
#1655 = CARTESIAN_POINT('',(20.500776385459,39.737676540828));
#1656 = CARTESIAN_POINT('',(19.866641964572,39.392802752718));
#1657 = CARTESIAN_POINT('',(19.233976616042,39.02769381245));
#1658 = CARTESIAN_POINT('',(18.602543205465,38.641721885509));
#1659 = CARTESIAN_POINT('',(17.956599898653,38.223233960931));
#1660 = CARTESIAN_POINT('',(17.329659733906,37.793290495209));
#1661 = CARTESIAN_POINT('',(16.704963925857,37.341222290957));
#1662 = CARTESIAN_POINT('',(16.083258788775,36.866713275563));
#1663 = CARTESIAN_POINT('',(15.450120982886,36.356117257554));
#1664 = CARTESIAN_POINT('',(14.839160255868,35.835495055919));
#1665 = CARTESIAN_POINT('',(14.234616334633,35.292115146461));
#1666 = CARTESIAN_POINT('',(13.637833764081,34.726049355503));
#1667 = CARTESIAN_POINT('',(13.035975368956,34.121404050012));
#1668 = CARTESIAN_POINT('',(12.461390002063,33.50952103009));
#1669 = CARTESIAN_POINT('',(11.89949625629,32.875647190797));
#1670 = CARTESIAN_POINT('',(11.351993548072,32.220181789974));
#1671 = CARTESIAN_POINT('',(10.80770093256,31.525385244805));
#1672 = CARTESIAN_POINT('',(10.296349070352,30.827439308668));
#1673 = CARTESIAN_POINT('',(9.804851910469,30.109747569794));
#1674 = CARTESIAN_POINT('',(9.334936033061,29.373072288346));
#1675 = CARTESIAN_POINT('',(8.877736159194,28.597961526315));
#1676 = CARTESIAN_POINT('',(8.458434931152,27.825120036683));
#1677 = CARTESIAN_POINT('',(8.065885752456,27.036330799426));
#1678 = CARTESIAN_POINT('',(7.701565386865,26.232729840065));
#1679 = CARTESIAN_POINT('',(7.359394552073,25.393656123853));
#1680 = CARTESIAN_POINT('',(7.05829302633,24.563536269898));
#1681 = CARTESIAN_POINT('',(6.789473128783,23.722908126298));
#1682 = CARTESIAN_POINT('',(6.553918132854,22.87330718813));
#1683 = CARTESIAN_POINT('',(6.348617583179,21.993578542003));
#1684 = CARTESIAN_POINT('',(6.184829517245,21.130708264884));
#1685 = CARTESIAN_POINT('',(6.056451553258,20.264565088294));
#1686 = CARTESIAN_POINT('',(5.963735802842,19.397157981669));
#1687 = CARTESIAN_POINT('',(5.906702294594,18.507732124473));
#1688 = CARTESIAN_POINT('',(5.8880828143,17.644292213018));
#1689 = CARTESIAN_POINT('',(5.904570580612,16.786859379368));
#1690 = CARTESIAN_POINT('',(5.955362642131,15.938210632017));
#1691 = CARTESIAN_POINT('',(6.043226844491,15.078366120564));
#1692 = CARTESIAN_POINT('',(6.161621492441,14.256771587356));
#1693 = CARTESIAN_POINT('',(6.311986744438,13.44630753464));
#1694 = CARTESIAN_POINT('',(6.483686308152,12.682231332966));
#1695 = CARTESIAN_POINT('',(6.707112113891,11.849664230714));
#1696 = CARTESIAN_POINT('',(6.815090118851,11.524144319743));
#1697 = CARTESIAN_POINT('',(6.920004198541,11.185859793711));
#1698 = ( GEOMETRIC_REPRESENTATION_CONTEXT(2) 
PARAMETRIC_REPRESENTATION_CONTEXT() REPRESENTATION_CONTEXT('2D SPACE',''
  ) );
#1699 = ADVANCED_FACE('',(#1700),#1457,.T.);
#1700 = FACE_BOUND('',#1701,.T.);
#1701 = EDGE_LOOP('',(#1702,#1732,#1753,#1754));
#1702 = ORIENTED_EDGE('',*,*,#1703,.T.);
#1703 = EDGE_CURVE('',#1704,#1706,#1708,.T.);
#1704 = VERTEX_POINT('',#1705);
#1705 = CARTESIAN_POINT('',(24.926790476563,41.604147828522,0.));
#1706 = VERTEX_POINT('',#1707);
#1707 = CARTESIAN_POINT('',(24.926790476563,41.604147828522,22.4));
#1708 = SURFACE_CURVE('',#1709,(#1713,#1720),.PCURVE_S1.);
#1709 = LINE('',#1710,#1711);
#1710 = CARTESIAN_POINT('',(24.926790476563,41.604147828522,0.));
#1711 = VECTOR('',#1712,1.);
#1712 = DIRECTION('',(0.,0.,1.));
#1713 = PCURVE('',#1457,#1714);
#1714 = DEFINITIONAL_REPRESENTATION('',(#1715),#1719);
#1715 = LINE('',#1716,#1717);
#1716 = CARTESIAN_POINT('',(0.,0.));
#1717 = VECTOR('',#1718,1.);
#1718 = DIRECTION('',(0.,-1.));
#1719 = ( GEOMETRIC_REPRESENTATION_CONTEXT(2) 
PARAMETRIC_REPRESENTATION_CONTEXT() REPRESENTATION_CONTEXT('2D SPACE',''
  ) );
#1720 = PCURVE('',#1721,#1726);
#1721 = CYLINDRICAL_SURFACE('',#1722,48.5);
#1722 = AXIS2_PLACEMENT_3D('',#1723,#1724,#1725);
#1723 = CARTESIAN_POINT('',(0.,0.,0.));
#1724 = DIRECTION('',(-0.,-0.,-1.));
#1725 = DIRECTION('',(1.,0.,-0.));
#1726 = DEFINITIONAL_REPRESENTATION('',(#1727),#1731);
#1727 = LINE('',#1728,#1729);
#1728 = CARTESIAN_POINT('',(-1.031007980619,0.));
#1729 = VECTOR('',#1730,1.);
#1730 = DIRECTION('',(-0.,-1.));
#1731 = ( GEOMETRIC_REPRESENTATION_CONTEXT(2) 
PARAMETRIC_REPRESENTATION_CONTEXT() REPRESENTATION_CONTEXT('2D SPACE',''
  ) );
#1732 = ORIENTED_EDGE('',*,*,#1733,.T.);
#1733 = EDGE_CURVE('',#1706,#1442,#1734,.T.);
#1734 = SURFACE_CURVE('',#1735,(#1739,#1746),.PCURVE_S1.);
#1735 = LINE('',#1736,#1737);
#1736 = CARTESIAN_POINT('',(27.113807984988,42.381906904456,22.4));
#1737 = VECTOR('',#1738,1.);
#1738 = DIRECTION('',(-0.942193902858,-0.335068126531,0.));
#1739 = PCURVE('',#1457,#1740);
#1740 = DEFINITIONAL_REPRESENTATION('',(#1741),#1745);
#1741 = LINE('',#1742,#1743);
#1742 = CARTESIAN_POINT('',(-2.321196838348,-22.4));
#1743 = VECTOR('',#1744,1.);
#1744 = DIRECTION('',(1.,0.));
#1745 = ( GEOMETRIC_REPRESENTATION_CONTEXT(2) 
PARAMETRIC_REPRESENTATION_CONTEXT() REPRESENTATION_CONTEXT('2D SPACE',''
  ) );
#1746 = PCURVE('',#169,#1747);
#1747 = DEFINITIONAL_REPRESENTATION('',(#1748),#1752);
#1748 = LINE('',#1749,#1750);
#1749 = CARTESIAN_POINT('',(27.113807984988,42.381906904456));
#1750 = VECTOR('',#1751,1.);
#1751 = DIRECTION('',(-0.942193902858,-0.335068126531));
#1752 = ( GEOMETRIC_REPRESENTATION_CONTEXT(2) 
PARAMETRIC_REPRESENTATION_CONTEXT() REPRESENTATION_CONTEXT('2D SPACE',''
  ) );
#1753 = ORIENTED_EDGE('',*,*,#1439,.F.);
#1754 = ORIENTED_EDGE('',*,*,#1755,.F.);
#1755 = EDGE_CURVE('',#1704,#1440,#1756,.T.);
#1756 = SURFACE_CURVE('',#1757,(#1761,#1768),.PCURVE_S1.);
#1757 = LINE('',#1758,#1759);
#1758 = CARTESIAN_POINT('',(27.113807984988,42.381906904456,0.));
#1759 = VECTOR('',#1760,1.);
#1760 = DIRECTION('',(-0.942193902858,-0.335068126531,0.));
#1761 = PCURVE('',#1457,#1762);
#1762 = DEFINITIONAL_REPRESENTATION('',(#1763),#1767);
#1763 = LINE('',#1764,#1765);
#1764 = CARTESIAN_POINT('',(-2.321196838348,0.));
#1765 = VECTOR('',#1766,1.);
#1766 = DIRECTION('',(1.,0.));
#1767 = ( GEOMETRIC_REPRESENTATION_CONTEXT(2) 
PARAMETRIC_REPRESENTATION_CONTEXT() REPRESENTATION_CONTEXT('2D SPACE',''
  ) );
#1768 = PCURVE('',#224,#1769);
#1769 = DEFINITIONAL_REPRESENTATION('',(#1770),#1774);
#1770 = LINE('',#1771,#1772);
#1771 = CARTESIAN_POINT('',(27.113807984988,42.381906904456));
#1772 = VECTOR('',#1773,1.);
#1773 = DIRECTION('',(-0.942193902858,-0.335068126531));
#1774 = ( GEOMETRIC_REPRESENTATION_CONTEXT(2) 
PARAMETRIC_REPRESENTATION_CONTEXT() REPRESENTATION_CONTEXT('2D SPACE',''
  ) );
#1775 = ADVANCED_FACE('',(#1776),#1721,.F.);
#1776 = FACE_BOUND('',#1777,.T.);
#1777 = EDGE_LOOP('',(#1778,#1803,#1825,#1826));
#1778 = ORIENTED_EDGE('',*,*,#1779,.T.);
#1779 = EDGE_CURVE('',#1780,#1782,#1784,.T.);
#1780 = VERTEX_POINT('',#1781);
#1781 = CARTESIAN_POINT('',(41.597857753507,24.937285945326,0.));
#1782 = VERTEX_POINT('',#1783);
#1783 = CARTESIAN_POINT('',(41.597857753507,24.937285945326,22.4));
#1784 = SURFACE_CURVE('',#1785,(#1789,#1796),.PCURVE_S1.);
#1785 = LINE('',#1786,#1787);
#1786 = CARTESIAN_POINT('',(41.597857753507,24.937285945326,0.));
#1787 = VECTOR('',#1788,1.);
#1788 = DIRECTION('',(0.,0.,1.));
#1789 = PCURVE('',#1721,#1790);
#1790 = DEFINITIONAL_REPRESENTATION('',(#1791),#1795);
#1791 = LINE('',#1792,#1793);
#1792 = CARTESIAN_POINT('',(-0.540040635015,0.));
#1793 = VECTOR('',#1794,1.);
#1794 = DIRECTION('',(-0.,-1.));
#1795 = ( GEOMETRIC_REPRESENTATION_CONTEXT(2) 
PARAMETRIC_REPRESENTATION_CONTEXT() REPRESENTATION_CONTEXT('2D SPACE',''
  ) );
#1796 = PCURVE('',#1082,#1797);
#1797 = DEFINITIONAL_REPRESENTATION('',(#1798),#1802);
#1798 = LINE('',#1799,#1800);
#1799 = CARTESIAN_POINT('',(40.083562049213,0.));
#1800 = VECTOR('',#1801,1.);
#1801 = DIRECTION('',(0.,-1.));
#1802 = ( GEOMETRIC_REPRESENTATION_CONTEXT(2) 
PARAMETRIC_REPRESENTATION_CONTEXT() REPRESENTATION_CONTEXT('2D SPACE',''
  ) );
#1803 = ORIENTED_EDGE('',*,*,#1804,.T.);
#1804 = EDGE_CURVE('',#1782,#1706,#1805,.T.);
#1805 = SURFACE_CURVE('',#1806,(#1811,#1818),.PCURVE_S1.);
#1806 = CIRCLE('',#1807,48.5);
#1807 = AXIS2_PLACEMENT_3D('',#1808,#1809,#1810);
#1808 = CARTESIAN_POINT('',(0.,0.,22.4));
#1809 = DIRECTION('',(0.,0.,1.));
#1810 = DIRECTION('',(1.,0.,-0.));
#1811 = PCURVE('',#1721,#1812);
#1812 = DEFINITIONAL_REPRESENTATION('',(#1813),#1817);
#1813 = LINE('',#1814,#1815);
#1814 = CARTESIAN_POINT('',(-0.,-22.4));
#1815 = VECTOR('',#1816,1.);
#1816 = DIRECTION('',(-1.,0.));
#1817 = ( GEOMETRIC_REPRESENTATION_CONTEXT(2) 
PARAMETRIC_REPRESENTATION_CONTEXT() REPRESENTATION_CONTEXT('2D SPACE',''
  ) );
#1818 = PCURVE('',#169,#1819);
#1819 = DEFINITIONAL_REPRESENTATION('',(#1820),#1824);
#1820 = CIRCLE('',#1821,48.5);
#1821 = AXIS2_PLACEMENT_2D('',#1822,#1823);
#1822 = CARTESIAN_POINT('',(0.,-1.204325410458E-15));
#1823 = DIRECTION('',(1.,0.));
#1824 = ( GEOMETRIC_REPRESENTATION_CONTEXT(2) 
PARAMETRIC_REPRESENTATION_CONTEXT() REPRESENTATION_CONTEXT('2D SPACE',''
  ) );
#1825 = ORIENTED_EDGE('',*,*,#1703,.F.);
#1826 = ORIENTED_EDGE('',*,*,#1827,.F.);
#1827 = EDGE_CURVE('',#1780,#1704,#1828,.T.);
#1828 = SURFACE_CURVE('',#1829,(#1834,#1841),.PCURVE_S1.);
#1829 = CIRCLE('',#1830,48.5);
#1830 = AXIS2_PLACEMENT_3D('',#1831,#1832,#1833);
#1831 = CARTESIAN_POINT('',(0.,0.,0.));
#1832 = DIRECTION('',(0.,0.,1.));
#1833 = DIRECTION('',(1.,0.,-0.));
#1834 = PCURVE('',#1721,#1835);
#1835 = DEFINITIONAL_REPRESENTATION('',(#1836),#1840);
#1836 = LINE('',#1837,#1838);
#1837 = CARTESIAN_POINT('',(-0.,0.));
#1838 = VECTOR('',#1839,1.);
#1839 = DIRECTION('',(-1.,0.));
#1840 = ( GEOMETRIC_REPRESENTATION_CONTEXT(2) 
PARAMETRIC_REPRESENTATION_CONTEXT() REPRESENTATION_CONTEXT('2D SPACE',''
  ) );
#1841 = PCURVE('',#224,#1842);
#1842 = DEFINITIONAL_REPRESENTATION('',(#1843),#1847);
#1843 = CIRCLE('',#1844,48.5);
#1844 = AXIS2_PLACEMENT_2D('',#1845,#1846);
#1845 = CARTESIAN_POINT('',(0.,-1.204325410458E-15));
#1846 = DIRECTION('',(1.,0.));
#1847 = ( GEOMETRIC_REPRESENTATION_CONTEXT(2) 
PARAMETRIC_REPRESENTATION_CONTEXT() REPRESENTATION_CONTEXT('2D SPACE',''
  ) );
#1848 = ADVANCED_FACE('',(#1849),#1082,.T.);
#1849 = FACE_BOUND('',#1850,.T.);
#1850 = EDGE_LOOP('',(#1851,#1852,#1967,#1968));
#1851 = ORIENTED_EDGE('',*,*,#1059,.T.);
#1852 = ORIENTED_EDGE('',*,*,#1853,.T.);
#1853 = EDGE_CURVE('',#1062,#1782,#1854,.T.);
#1854 = SURFACE_CURVE('',#1855,(#1906,#1913),.PCURVE_S1.);
#1855 = B_SPLINE_CURVE_WITH_KNOTS('',3,(#1856,#1857,#1858,#1859,#1860,
    #1861,#1862,#1863,#1864,#1865,#1866,#1867,#1868,#1869,#1870,#1871,
    #1872,#1873,#1874,#1875,#1876,#1877,#1878,#1879,#1880,#1881,#1882,
    #1883,#1884,#1885,#1886,#1887,#1888,#1889,#1890,#1891,#1892,#1893,
    #1894,#1895,#1896,#1897,#1898,#1899,#1900,#1901,#1902,#1903,#1904,
    #1905),.UNSPECIFIED.,.F.,.F.,(4,1,1,1,1,1,1,1,1,1,1,1,1,1,1,1,1,1,1,
    1,1,1,1,1,1,1,1,1,1,1,1,1,1,1,1,1,1,1,1,1,1,1,1,1,1,1,1,4),(0.,
    0.770020974153,1.626265687068,2.501235809007,3.323017628822,
    4.226168942917,5.140567564886,6.064285262741,6.923787879437,
    7.860959618837,8.803220404646,9.749496837408,10.625745778606,
    11.577210076157,12.530237508485,13.484135816053,14.364871812505,
    15.318618169461,16.271356512646,17.222443906393,18.098342389538,
    19.044380308015,19.986772779966,20.924790631856,21.786128506054,
    22.713614611572,23.634502775488,24.548028034391,25.38410411673,
    26.281393184443,27.169232325991,28.047009844699,28.847877333261,
    29.704892084705,30.550578145199,31.384742808357,32.14448317376,
    32.956538608657,33.75747556067,34.547827237765,35.268649993444,
    36.041021221912,36.805779378973,37.564485879874,38.261073281275,
    39.01367744831,39.766626217161,40.522198623296),.UNSPECIFIED.);
#1856 = CARTESIAN_POINT('',(10.411215929037,6.472763354746,22.4));
#1857 = CARTESIAN_POINT('',(10.467937873819,6.72299684186,22.4));
#1858 = CARTESIAN_POINT('',(10.580914225396,7.253448274928,22.4));
#1859 = CARTESIAN_POINT('',(10.799392952844,8.058379262551,22.4));
#1860 = CARTESIAN_POINT('',(11.051338416617,8.871415413983,22.4));
#1861 = CARTESIAN_POINT('',(11.341176354882,9.688384002235,22.4));
#1862 = CARTESIAN_POINT('',(11.667747403353,10.50557020188,22.4));
#1863 = CARTESIAN_POINT('',(12.042004666599,11.339458145751,22.4));
#1864 = CARTESIAN_POINT('',(12.444373459362,12.143918518925,22.4));
#1865 = CARTESIAN_POINT('',(12.882704866996,12.937992428077,22.4));
#1866 = CARTESIAN_POINT('',(13.356274631128,13.71887117599,22.4));
#1867 = CARTESIAN_POINT('',(13.878614089355,14.50300879911,22.4));
#1868 = CARTESIAN_POINT('',(14.421791094877,15.247867976975,22.4));
#1869 = CARTESIAN_POINT('',(14.996671693854,15.972390954561,22.4));
#1870 = CARTESIAN_POINT('',(15.601873509428,16.674823770299,22.4));
#1871 = CARTESIAN_POINT('',(16.253510118997,17.370313974662,22.4));
#1872 = CARTESIAN_POINT('',(16.916417202008,18.021847460699,22.4));
#1873 = CARTESIAN_POINT('',(17.604389346939,18.647129196565,22.4));
#1874 = CARTESIAN_POINT('',(18.315625513237,19.245277898701,22.4));
#1875 = CARTESIAN_POINT('',(19.068300558424,19.829430832797,22.4));
#1876 = CARTESIAN_POINT('',(19.821762028864,20.369113666013,22.4));
#1877 = CARTESIAN_POINT('',(20.592322515799,20.879964125993,22.4));
#1878 = CARTESIAN_POINT('',(21.378000242578,21.361781465698,22.4));
#1879 = CARTESIAN_POINT('',(22.198447728598,21.825330704782,22.4));
#1880 = CARTESIAN_POINT('',(23.009505576693,22.24695095124,22.4));
#1881 = CARTESIAN_POINT('',(23.829378996932,22.639695759835,22.4));
#1882 = CARTESIAN_POINT('',(24.656133011992,23.003854665844,22.4));
#1883 = CARTESIAN_POINT('',(25.510317667096,23.347681302711,22.4));
#1884 = CARTESIAN_POINT('',(26.346247015328,23.654063969115,22.4));
#1885 = CARTESIAN_POINT('',(27.183323732487,23.933250796132,22.4));
#1886 = CARTESIAN_POINT('',(28.019884699937,24.185846707977,22.4));
#1887 = CARTESIAN_POINT('',(28.876867217727,24.417560841616,22.4));
#1888 = CARTESIAN_POINT('',(29.708806676691,24.617421862138,22.4));
#1889 = CARTESIAN_POINT('',(30.535750790068,24.792669708108,22.4));
#1890 = CARTESIAN_POINT('',(31.356529204668,24.944085574916,22.4));
#1891 = CARTESIAN_POINT('',(32.192067582177,25.074939719293,22.4));
#1892 = CARTESIAN_POINT('',(32.998645806505,25.179246417538,22.4));
#1893 = CARTESIAN_POINT('',(33.79644950036,25.261805170062,22.4));
#1894 = CARTESIAN_POINT('',(34.585059280827,25.323286096493,22.4));
#1895 = CARTESIAN_POINT('',(35.385203702442,25.364578035447,22.4));
#1896 = CARTESIAN_POINT('',(36.155737139385,25.384112839637,22.4));
#1897 = CARTESIAN_POINT('',(36.917036297887,25.384174753375,22.4));
#1898 = CARTESIAN_POINT('',(37.669361311194,25.365233961474,22.4));
#1899 = CARTESIAN_POINT('',(38.434365233661,25.325632429205,22.4));
#1900 = CARTESIAN_POINT('',(39.169854981209,25.268262502557,22.4));
#1901 = CARTESIAN_POINT('',(39.910247261785,25.19068662453,22.4));
#1902 = CARTESIAN_POINT('',(40.605413462525,25.101611152792,22.4));
#1903 = CARTESIAN_POINT('',(41.474897355655,24.96373685321,22.4));
#1904 = CARTESIAN_POINT('',(41.658283603196,24.92514108638,22.4));
#1905 = CARTESIAN_POINT('',(42.118184077311,24.840611829535,22.4));
#1906 = PCURVE('',#1082,#1907);
#1907 = DEFINITIONAL_REPRESENTATION('',(#1908),#1912);
#1908 = LINE('',#1909,#1910);
#1909 = CARTESIAN_POINT('',(0.,-22.4));
#1910 = VECTOR('',#1911,1.);
#1911 = DIRECTION('',(1.,0.));
#1912 = ( GEOMETRIC_REPRESENTATION_CONTEXT(2) 
PARAMETRIC_REPRESENTATION_CONTEXT() REPRESENTATION_CONTEXT('2D SPACE',''
  ) );
#1913 = PCURVE('',#169,#1914);
#1914 = DEFINITIONAL_REPRESENTATION('',(#1915),#1966);
#1915 = B_SPLINE_CURVE_WITH_KNOTS('',3,(#1916,#1917,#1918,#1919,#1920,
    #1921,#1922,#1923,#1924,#1925,#1926,#1927,#1928,#1929,#1930,#1931,
    #1932,#1933,#1934,#1935,#1936,#1937,#1938,#1939,#1940,#1941,#1942,
    #1943,#1944,#1945,#1946,#1947,#1948,#1949,#1950,#1951,#1952,#1953,
    #1954,#1955,#1956,#1957,#1958,#1959,#1960,#1961,#1962,#1963,#1964,
    #1965),.UNSPECIFIED.,.F.,.F.,(4,1,1,1,1,1,1,1,1,1,1,1,1,1,1,1,1,1,1,
    1,1,1,1,1,1,1,1,1,1,1,1,1,1,1,1,1,1,1,1,1,1,1,1,1,1,1,1,4),(0.,
    0.770020974153,1.626265687068,2.501235809007,3.323017628822,
    4.226168942917,5.140567564886,6.064285262741,6.923787879437,
    7.860959618837,8.803220404646,9.749496837408,10.625745778606,
    11.577210076157,12.530237508485,13.484135816053,14.364871812505,
    15.318618169461,16.271356512646,17.222443906393,18.098342389538,
    19.044380308015,19.986772779966,20.924790631856,21.786128506054,
    22.713614611572,23.634502775488,24.548028034391,25.38410411673,
    26.281393184443,27.169232325991,28.047009844699,28.847877333261,
    29.704892084705,30.550578145199,31.384742808357,32.14448317376,
    32.956538608657,33.75747556067,34.547827237765,35.268649993444,
    36.041021221912,36.805779378973,37.564485879874,38.261073281275,
    39.01367744831,39.766626217161,40.522198623296),.UNSPECIFIED.);
#1916 = CARTESIAN_POINT('',(10.411215929037,6.472763354746));
#1917 = CARTESIAN_POINT('',(10.467937873819,6.72299684186));
#1918 = CARTESIAN_POINT('',(10.580914225396,7.253448274928));
#1919 = CARTESIAN_POINT('',(10.799392952844,8.058379262551));
#1920 = CARTESIAN_POINT('',(11.051338416617,8.871415413983));
#1921 = CARTESIAN_POINT('',(11.341176354882,9.688384002235));
#1922 = CARTESIAN_POINT('',(11.667747403353,10.50557020188));
#1923 = CARTESIAN_POINT('',(12.042004666599,11.339458145751));
#1924 = CARTESIAN_POINT('',(12.444373459362,12.143918518925));
#1925 = CARTESIAN_POINT('',(12.882704866996,12.937992428077));
#1926 = CARTESIAN_POINT('',(13.356274631128,13.71887117599));
#1927 = CARTESIAN_POINT('',(13.878614089355,14.50300879911));
#1928 = CARTESIAN_POINT('',(14.421791094877,15.247867976975));
#1929 = CARTESIAN_POINT('',(14.996671693854,15.972390954561));
#1930 = CARTESIAN_POINT('',(15.601873509428,16.674823770299));
#1931 = CARTESIAN_POINT('',(16.253510118997,17.370313974662));
#1932 = CARTESIAN_POINT('',(16.916417202008,18.021847460699));
#1933 = CARTESIAN_POINT('',(17.604389346939,18.647129196565));
#1934 = CARTESIAN_POINT('',(18.315625513237,19.245277898701));
#1935 = CARTESIAN_POINT('',(19.068300558424,19.829430832797));
#1936 = CARTESIAN_POINT('',(19.821762028864,20.369113666013));
#1937 = CARTESIAN_POINT('',(20.592322515799,20.879964125993));
#1938 = CARTESIAN_POINT('',(21.378000242578,21.361781465698));
#1939 = CARTESIAN_POINT('',(22.198447728598,21.825330704782));
#1940 = CARTESIAN_POINT('',(23.009505576693,22.24695095124));
#1941 = CARTESIAN_POINT('',(23.829378996932,22.639695759835));
#1942 = CARTESIAN_POINT('',(24.656133011992,23.003854665844));
#1943 = CARTESIAN_POINT('',(25.510317667096,23.347681302711));
#1944 = CARTESIAN_POINT('',(26.346247015328,23.654063969115));
#1945 = CARTESIAN_POINT('',(27.183323732487,23.933250796132));
#1946 = CARTESIAN_POINT('',(28.019884699937,24.185846707977));
#1947 = CARTESIAN_POINT('',(28.876867217727,24.417560841616));
#1948 = CARTESIAN_POINT('',(29.708806676691,24.617421862138));
#1949 = CARTESIAN_POINT('',(30.535750790068,24.792669708108));
#1950 = CARTESIAN_POINT('',(31.356529204668,24.944085574916));
#1951 = CARTESIAN_POINT('',(32.192067582177,25.074939719293));
#1952 = CARTESIAN_POINT('',(32.998645806505,25.179246417538));
#1953 = CARTESIAN_POINT('',(33.79644950036,25.261805170062));
#1954 = CARTESIAN_POINT('',(34.585059280827,25.323286096493));
#1955 = CARTESIAN_POINT('',(35.385203702442,25.364578035447));
#1956 = CARTESIAN_POINT('',(36.155737139385,25.384112839637));
#1957 = CARTESIAN_POINT('',(36.917036297887,25.384174753375));
#1958 = CARTESIAN_POINT('',(37.669361311194,25.365233961474));
#1959 = CARTESIAN_POINT('',(38.434365233661,25.325632429205));
#1960 = CARTESIAN_POINT('',(39.169854981209,25.268262502557));
#1961 = CARTESIAN_POINT('',(39.910247261785,25.19068662453));
#1962 = CARTESIAN_POINT('',(40.605413462525,25.101611152792));
#1963 = CARTESIAN_POINT('',(41.474897355655,24.96373685321));
#1964 = CARTESIAN_POINT('',(41.658283603196,24.92514108638));
#1965 = CARTESIAN_POINT('',(42.118184077311,24.840611829535));
#1966 = ( GEOMETRIC_REPRESENTATION_CONTEXT(2) 
PARAMETRIC_REPRESENTATION_CONTEXT() REPRESENTATION_CONTEXT('2D SPACE',''
  ) );
#1967 = ORIENTED_EDGE('',*,*,#1779,.F.);
#1968 = ORIENTED_EDGE('',*,*,#1969,.F.);
#1969 = EDGE_CURVE('',#1060,#1780,#1970,.T.);
#1970 = SURFACE_CURVE('',#1971,(#2022,#2029),.PCURVE_S1.);
#1971 = B_SPLINE_CURVE_WITH_KNOTS('',3,(#1972,#1973,#1974,#1975,#1976,
    #1977,#1978,#1979,#1980,#1981,#1982,#1983,#1984,#1985,#1986,#1987,
    #1988,#1989,#1990,#1991,#1992,#1993,#1994,#1995,#1996,#1997,#1998,
    #1999,#2000,#2001,#2002,#2003,#2004,#2005,#2006,#2007,#2008,#2009,
    #2010,#2011,#2012,#2013,#2014,#2015,#2016,#2017,#2018,#2019,#2020,
    #2021),.UNSPECIFIED.,.F.,.F.,(4,1,1,1,1,1,1,1,1,1,1,1,1,1,1,1,1,1,1,
    1,1,1,1,1,1,1,1,1,1,1,1,1,1,1,1,1,1,1,1,1,1,1,1,1,1,1,1,4),(0.,
    0.770020974153,1.626265687068,2.501235809007,3.323017628822,
    4.226168942917,5.140567564886,6.064285262741,6.923787879437,
    7.860959618837,8.803220404646,9.749496837408,10.625745778606,
    11.577210076157,12.530237508485,13.484135816053,14.364871812505,
    15.318618169461,16.271356512646,17.222443906393,18.098342389538,
    19.044380308015,19.986772779966,20.924790631856,21.786128506054,
    22.713614611572,23.634502775488,24.548028034391,25.38410411673,
    26.281393184443,27.169232325991,28.047009844699,28.847877333261,
    29.704892084705,30.550578145199,31.384742808357,32.14448317376,
    32.956538608657,33.75747556067,34.547827237765,35.268649993444,
    36.041021221912,36.805779378973,37.564485879874,38.261073281275,
    39.01367744831,39.766626217161,40.522198623296),.UNSPECIFIED.);
#1972 = CARTESIAN_POINT('',(10.411215929037,6.472763354746,0.));
#1973 = CARTESIAN_POINT('',(10.467937873819,6.72299684186,0.));
#1974 = CARTESIAN_POINT('',(10.580914225396,7.253448274928,0.));
#1975 = CARTESIAN_POINT('',(10.799392952844,8.058379262551,0.));
#1976 = CARTESIAN_POINT('',(11.051338416617,8.871415413983,0.));
#1977 = CARTESIAN_POINT('',(11.341176354882,9.688384002235,0.));
#1978 = CARTESIAN_POINT('',(11.667747403353,10.50557020188,0.));
#1979 = CARTESIAN_POINT('',(12.042004666599,11.339458145751,0.));
#1980 = CARTESIAN_POINT('',(12.444373459362,12.143918518925,0.));
#1981 = CARTESIAN_POINT('',(12.882704866996,12.937992428077,0.));
#1982 = CARTESIAN_POINT('',(13.356274631128,13.71887117599,0.));
#1983 = CARTESIAN_POINT('',(13.878614089355,14.50300879911,0.));
#1984 = CARTESIAN_POINT('',(14.421791094877,15.247867976975,0.));
#1985 = CARTESIAN_POINT('',(14.996671693854,15.972390954561,0.));
#1986 = CARTESIAN_POINT('',(15.601873509428,16.674823770299,0.));
#1987 = CARTESIAN_POINT('',(16.253510118997,17.370313974662,0.));
#1988 = CARTESIAN_POINT('',(16.916417202008,18.021847460699,0.));
#1989 = CARTESIAN_POINT('',(17.604389346939,18.647129196565,0.));
#1990 = CARTESIAN_POINT('',(18.315625513237,19.245277898701,0.));
#1991 = CARTESIAN_POINT('',(19.068300558424,19.829430832797,0.));
#1992 = CARTESIAN_POINT('',(19.821762028864,20.369113666013,0.));
#1993 = CARTESIAN_POINT('',(20.592322515799,20.879964125993,0.));
#1994 = CARTESIAN_POINT('',(21.378000242578,21.361781465698,0.));
#1995 = CARTESIAN_POINT('',(22.198447728598,21.825330704782,0.));
#1996 = CARTESIAN_POINT('',(23.009505576693,22.24695095124,0.));
#1997 = CARTESIAN_POINT('',(23.829378996932,22.639695759835,0.));
#1998 = CARTESIAN_POINT('',(24.656133011992,23.003854665844,0.));
#1999 = CARTESIAN_POINT('',(25.510317667096,23.347681302711,0.));
#2000 = CARTESIAN_POINT('',(26.346247015328,23.654063969115,0.));
#2001 = CARTESIAN_POINT('',(27.183323732487,23.933250796132,0.));
#2002 = CARTESIAN_POINT('',(28.019884699937,24.185846707977,0.));
#2003 = CARTESIAN_POINT('',(28.876867217727,24.417560841616,0.));
#2004 = CARTESIAN_POINT('',(29.708806676691,24.617421862138,0.));
#2005 = CARTESIAN_POINT('',(30.535750790068,24.792669708108,0.));
#2006 = CARTESIAN_POINT('',(31.356529204668,24.944085574916,0.));
#2007 = CARTESIAN_POINT('',(32.192067582177,25.074939719293,0.));
#2008 = CARTESIAN_POINT('',(32.998645806505,25.179246417538,0.));
#2009 = CARTESIAN_POINT('',(33.79644950036,25.261805170062,0.));
#2010 = CARTESIAN_POINT('',(34.585059280827,25.323286096493,0.));
#2011 = CARTESIAN_POINT('',(35.385203702442,25.364578035447,0.));
#2012 = CARTESIAN_POINT('',(36.155737139385,25.384112839637,0.));
#2013 = CARTESIAN_POINT('',(36.917036297887,25.384174753375,0.));
#2014 = CARTESIAN_POINT('',(37.669361311194,25.365233961474,0.));
#2015 = CARTESIAN_POINT('',(38.434365233661,25.325632429205,0.));
#2016 = CARTESIAN_POINT('',(39.169854981209,25.268262502557,0.));
#2017 = CARTESIAN_POINT('',(39.910247261785,25.19068662453,0.));
#2018 = CARTESIAN_POINT('',(40.605413462525,25.101611152792,0.));
#2019 = CARTESIAN_POINT('',(41.474897355655,24.96373685321,0.));
#2020 = CARTESIAN_POINT('',(41.658283603196,24.92514108638,0.));
#2021 = CARTESIAN_POINT('',(42.118184077311,24.840611829535,0.));
#2022 = PCURVE('',#1082,#2023);
#2023 = DEFINITIONAL_REPRESENTATION('',(#2024),#2028);
#2024 = LINE('',#2025,#2026);
#2025 = CARTESIAN_POINT('',(0.,0.));
#2026 = VECTOR('',#2027,1.);
#2027 = DIRECTION('',(1.,0.));
#2028 = ( GEOMETRIC_REPRESENTATION_CONTEXT(2) 
PARAMETRIC_REPRESENTATION_CONTEXT() REPRESENTATION_CONTEXT('2D SPACE',''
  ) );
#2029 = PCURVE('',#224,#2030);
#2030 = DEFINITIONAL_REPRESENTATION('',(#2031),#2082);
#2031 = B_SPLINE_CURVE_WITH_KNOTS('',3,(#2032,#2033,#2034,#2035,#2036,
    #2037,#2038,#2039,#2040,#2041,#2042,#2043,#2044,#2045,#2046,#2047,
    #2048,#2049,#2050,#2051,#2052,#2053,#2054,#2055,#2056,#2057,#2058,
    #2059,#2060,#2061,#2062,#2063,#2064,#2065,#2066,#2067,#2068,#2069,
    #2070,#2071,#2072,#2073,#2074,#2075,#2076,#2077,#2078,#2079,#2080,
    #2081),.UNSPECIFIED.,.F.,.F.,(4,1,1,1,1,1,1,1,1,1,1,1,1,1,1,1,1,1,1,
    1,1,1,1,1,1,1,1,1,1,1,1,1,1,1,1,1,1,1,1,1,1,1,1,1,1,1,1,4),(0.,
    0.770020974153,1.626265687068,2.501235809007,3.323017628822,
    4.226168942917,5.140567564886,6.064285262741,6.923787879437,
    7.860959618837,8.803220404646,9.749496837408,10.625745778606,
    11.577210076157,12.530237508485,13.484135816053,14.364871812505,
    15.318618169461,16.271356512646,17.222443906393,18.098342389538,
    19.044380308015,19.986772779966,20.924790631856,21.786128506054,
    22.713614611572,23.634502775488,24.548028034391,25.38410411673,
    26.281393184443,27.169232325991,28.047009844699,28.847877333261,
    29.704892084705,30.550578145199,31.384742808357,32.14448317376,
    32.956538608657,33.75747556067,34.547827237765,35.268649993444,
    36.041021221912,36.805779378973,37.564485879874,38.261073281275,
    39.01367744831,39.766626217161,40.522198623296),.UNSPECIFIED.);
#2032 = CARTESIAN_POINT('',(10.411215929037,6.472763354746));
#2033 = CARTESIAN_POINT('',(10.467937873819,6.72299684186));
#2034 = CARTESIAN_POINT('',(10.580914225396,7.253448274928));
#2035 = CARTESIAN_POINT('',(10.799392952844,8.058379262551));
#2036 = CARTESIAN_POINT('',(11.051338416617,8.871415413983));
#2037 = CARTESIAN_POINT('',(11.341176354882,9.688384002235));
#2038 = CARTESIAN_POINT('',(11.667747403353,10.50557020188));
#2039 = CARTESIAN_POINT('',(12.042004666599,11.339458145751));
#2040 = CARTESIAN_POINT('',(12.444373459362,12.143918518925));
#2041 = CARTESIAN_POINT('',(12.882704866996,12.937992428077));
#2042 = CARTESIAN_POINT('',(13.356274631128,13.71887117599));
#2043 = CARTESIAN_POINT('',(13.878614089355,14.50300879911));
#2044 = CARTESIAN_POINT('',(14.421791094877,15.247867976975));
#2045 = CARTESIAN_POINT('',(14.996671693854,15.972390954561));
#2046 = CARTESIAN_POINT('',(15.601873509428,16.674823770299));
#2047 = CARTESIAN_POINT('',(16.253510118997,17.370313974662));
#2048 = CARTESIAN_POINT('',(16.916417202008,18.021847460699));
#2049 = CARTESIAN_POINT('',(17.604389346939,18.647129196565));
#2050 = CARTESIAN_POINT('',(18.315625513237,19.245277898701));
#2051 = CARTESIAN_POINT('',(19.068300558424,19.829430832797));
#2052 = CARTESIAN_POINT('',(19.821762028864,20.369113666013));
#2053 = CARTESIAN_POINT('',(20.592322515799,20.879964125993));
#2054 = CARTESIAN_POINT('',(21.378000242578,21.361781465698));
#2055 = CARTESIAN_POINT('',(22.198447728598,21.825330704782));
#2056 = CARTESIAN_POINT('',(23.009505576693,22.24695095124));
#2057 = CARTESIAN_POINT('',(23.829378996932,22.639695759835));
#2058 = CARTESIAN_POINT('',(24.656133011992,23.003854665844));
#2059 = CARTESIAN_POINT('',(25.510317667096,23.347681302711));
#2060 = CARTESIAN_POINT('',(26.346247015328,23.654063969115));
#2061 = CARTESIAN_POINT('',(27.183323732487,23.933250796132));
#2062 = CARTESIAN_POINT('',(28.019884699937,24.185846707977));
#2063 = CARTESIAN_POINT('',(28.876867217727,24.417560841616));
#2064 = CARTESIAN_POINT('',(29.708806676691,24.617421862138));
#2065 = CARTESIAN_POINT('',(30.535750790068,24.792669708108));
#2066 = CARTESIAN_POINT('',(31.356529204668,24.944085574916));
#2067 = CARTESIAN_POINT('',(32.192067582177,25.074939719293));
#2068 = CARTESIAN_POINT('',(32.998645806505,25.179246417538));
#2069 = CARTESIAN_POINT('',(33.79644950036,25.261805170062));
#2070 = CARTESIAN_POINT('',(34.585059280827,25.323286096493));
#2071 = CARTESIAN_POINT('',(35.385203702442,25.364578035447));
#2072 = CARTESIAN_POINT('',(36.155737139385,25.384112839637));
#2073 = CARTESIAN_POINT('',(36.917036297887,25.384174753375));
#2074 = CARTESIAN_POINT('',(37.669361311194,25.365233961474));
#2075 = CARTESIAN_POINT('',(38.434365233661,25.325632429205));
#2076 = CARTESIAN_POINT('',(39.169854981209,25.268262502557));
#2077 = CARTESIAN_POINT('',(39.910247261785,25.19068662453));
#2078 = CARTESIAN_POINT('',(40.605413462525,25.101611152792));
#2079 = CARTESIAN_POINT('',(41.474897355655,24.96373685321));
#2080 = CARTESIAN_POINT('',(41.658283603196,24.92514108638));
#2081 = CARTESIAN_POINT('',(42.118184077311,24.840611829535));
#2082 = ( GEOMETRIC_REPRESENTATION_CONTEXT(2) 
PARAMETRIC_REPRESENTATION_CONTEXT() REPRESENTATION_CONTEXT('2D SPACE',''
  ) );
#2083 = ADVANCED_FACE('',(#2084),#2098,.T.);
#2084 = FACE_BOUND('',#2085,.F.);
#2085 = EDGE_LOOP('',(#2086,#2217,#2241,#2269));
#2086 = ORIENTED_EDGE('',*,*,#2087,.T.);
#2087 = EDGE_CURVE('',#2088,#2090,#2092,.T.);
#2088 = VERTEX_POINT('',#2089);
#2089 = CARTESIAN_POINT('',(5.595842642545,11.400725640058,0.));
#2090 = VERTEX_POINT('',#2091);
#2091 = CARTESIAN_POINT('',(5.595842642545,11.400725640058,22.4));
#2092 = SURFACE_CURVE('',#2093,(#2097,#2109),.PCURVE_S1.);
#2093 = LINE('',#2094,#2095);
#2094 = CARTESIAN_POINT('',(5.595842642545,11.400725640058,0.));
#2095 = VECTOR('',#2096,1.);
#2096 = DIRECTION('',(0.,0.,1.));
#2097 = PCURVE('',#2098,#2103);
#2098 = CYLINDRICAL_SURFACE('',#2099,12.7);
#2099 = AXIS2_PLACEMENT_3D('',#2100,#2101,#2102);
#2100 = CARTESIAN_POINT('',(0.,0.,0.));
#2101 = DIRECTION('',(-0.,-0.,-1.));
#2102 = DIRECTION('',(1.,0.,-0.));
#2103 = DEFINITIONAL_REPRESENTATION('',(#2104),#2108);
#2104 = LINE('',#2105,#2106);
#2105 = CARTESIAN_POINT('',(-1.114509862127,0.));
#2106 = VECTOR('',#2107,1.);
#2107 = DIRECTION('',(-0.,-1.));
#2108 = ( GEOMETRIC_REPRESENTATION_CONTEXT(2) 
PARAMETRIC_REPRESENTATION_CONTEXT() REPRESENTATION_CONTEXT('2D SPACE',''
  ) );
#2109 = PCURVE('',#2110,#2211);
#2110 = B_SPLINE_SURFACE_WITH_KNOTS('',3,1,(
    (#2111,#2112)
    ,(#2113,#2114)
    ,(#2115,#2116)
    ,(#2117,#2118)
    ,(#2119,#2120)
    ,(#2121,#2122)
    ,(#2123,#2124)
    ,(#2125,#2126)
    ,(#2127,#2128)
    ,(#2129,#2130)
    ,(#2131,#2132)
    ,(#2133,#2134)
    ,(#2135,#2136)
    ,(#2137,#2138)
    ,(#2139,#2140)
    ,(#2141,#2142)
    ,(#2143,#2144)
    ,(#2145,#2146)
    ,(#2147,#2148)
    ,(#2149,#2150)
    ,(#2151,#2152)
    ,(#2153,#2154)
    ,(#2155,#2156)
    ,(#2157,#2158)
    ,(#2159,#2160)
    ,(#2161,#2162)
    ,(#2163,#2164)
    ,(#2165,#2166)
    ,(#2167,#2168)
    ,(#2169,#2170)
    ,(#2171,#2172)
    ,(#2173,#2174)
    ,(#2175,#2176)
    ,(#2177,#2178)
    ,(#2179,#2180)
    ,(#2181,#2182)
    ,(#2183,#2184)
    ,(#2185,#2186)
    ,(#2187,#2188)
    ,(#2189,#2190)
    ,(#2191,#2192)
    ,(#2193,#2194)
    ,(#2195,#2196)
    ,(#2197,#2198)
    ,(#2199,#2200)
    ,(#2201,#2202)
    ,(#2203,#2204)
    ,(#2205,#2206)
    ,(#2207,#2208)
    ,(#2209,#2210
    )),.UNSPECIFIED.,.F.,.F.,.F.,(4,1,1,1,1,1,1,1,1,1,1,1,1,1,1,1,1,1,1,
    1,1,1,1,1,1,1,1,1,1,1,1,1,1,1,1,1,1,1,1,1,1,1,1,1,1,1,1,4),(2,2),(0.
    ,0.770020974153,1.626265687068,2.501235809007,3.323017628822,
    4.226168942917,5.140567564886,6.064285262741,6.923787879437,
    7.860959618837,8.803220404646,9.749496837408,10.625745778606,
    11.577210076157,12.530237508485,13.484135816053,14.364871812505,
    15.318618169461,16.271356512646,17.222443906393,18.098342389538,
    19.044380308015,19.986772779966,20.924790631856,21.786128506054,
    22.713614611572,23.634502775488,24.548028034391,25.38410411673,
    26.281393184443,27.169232325991,28.047009844699,28.847877333261,
    29.704892084705,30.550578145199,31.384742808357,32.14448317376,
    32.956538608657,33.75747556067,34.547827237765,35.268649993444,
    36.041021221912,36.805779378973,37.564485879874,38.261073281275,
    39.01367744831,39.766626217161,40.522198623296),(-22.4,0.),
  .UNSPECIFIED.);
#2111 = CARTESIAN_POINT('',(5.779995801459,10.811185462413,22.4));
#2112 = CARTESIAN_POINT('',(5.779995801459,10.811185462413,0.));
#2113 = CARTESIAN_POINT('',(5.704001703035,11.056254991523,22.4));
#2114 = CARTESIAN_POINT('',(5.704001703035,11.056254991523,0.));
#2115 = CARTESIAN_POINT('',(5.536616376993,11.572127583822,22.4));
#2116 = CARTESIAN_POINT('',(5.536616376993,11.572127583822,0.));
#2117 = CARTESIAN_POINT('',(5.323359011338,12.378457631121,22.4));
#2118 = CARTESIAN_POINT('',(5.323359011338,12.378457631121,0.));
#2119 = CARTESIAN_POINT('',(5.135032107618,13.208540324342,22.4));
#2120 = CARTESIAN_POINT('',(5.135032107618,13.208540324342,0.));
#2121 = CARTESIAN_POINT('',(4.97755483101,14.060974844995,22.4));
#2122 = CARTESIAN_POINT('',(4.97755483101,14.060974844995,0.));
#2123 = CARTESIAN_POINT('',(4.851780555304,14.931964377745,22.4));
#2124 = CARTESIAN_POINT('',(4.851780555304,14.931964377745,0.));
#2125 = CARTESIAN_POINT('',(4.75895288089,15.84126115267,22.4));
#2126 = CARTESIAN_POINT('',(4.75895288089,15.84126115267,0.));
#2127 = CARTESIAN_POINT('',(4.705184290526,16.739128668558,22.4));
#2128 = CARTESIAN_POINT('',(4.705184290526,16.739128668558,0.));
#2129 = CARTESIAN_POINT('',(4.687753470237,17.645982550184,22.4));
#2130 = CARTESIAN_POINT('',(4.687753470237,17.645982550184,0.));
#2131 = CARTESIAN_POINT('',(4.707437542484,18.559028265218,22.4));
#2132 = CARTESIAN_POINT('',(4.707437542484,18.559028265218,0.));
#2133 = CARTESIAN_POINT('',(4.767727971147,19.499281096016,22.4));
#2134 = CARTESIAN_POINT('',(4.767727971147,19.499281096016,0.));
#2135 = CARTESIAN_POINT('',(4.865703467748,20.41593656905,22.4));
#2136 = CARTESIAN_POINT('',(4.865703467748,20.41593656905,0.));
#2137 = CARTESIAN_POINT('',(5.001303181812,21.330832172754,22.4));
#2138 = CARTESIAN_POINT('',(5.001303181812,21.330832172754,0.));
#2139 = CARTESIAN_POINT('',(5.174206920646,22.241757743422,22.4));
#2140 = CARTESIAN_POINT('',(5.174206920646,22.241757743422,0.));
#2141 = CARTESIAN_POINT('',(5.390795676388,23.169888233268,22.4));
#2142 = CARTESIAN_POINT('',(5.390795676388,23.169888233268,0.));
#2143 = CARTESIAN_POINT('',(5.639123307605,24.065586325098,22.4));
#2144 = CARTESIAN_POINT('',(5.639123307605,24.065586325098,0.));
#2145 = CARTESIAN_POINT('',(5.922283794279,24.951082265345,22.4));
#2146 = CARTESIAN_POINT('',(5.922283794279,24.951082265345,0.));
#2147 = CARTESIAN_POINT('',(6.239158031315,25.824712319785,22.4));
#2148 = CARTESIAN_POINT('',(6.239158031315,25.824712319785,0.));
#2149 = CARTESIAN_POINT('',(6.598917274194,26.706941123,22.4));
#2150 = CARTESIAN_POINT('',(6.598917274194,26.706941123,0.));
#2151 = CARTESIAN_POINT('',(6.98159263176,27.551050901772,22.4));
#2152 = CARTESIAN_POINT('',(6.98159263176,27.551050901772,0.));
#2153 = CARTESIAN_POINT('',(7.393492358608,28.378740621118,22.4));
#2154 = CARTESIAN_POINT('',(7.393492358608,28.378740621118,0.));
#2155 = CARTESIAN_POINT('',(7.833000559333,29.188845540675,22.4));
#2156 = CARTESIAN_POINT('',(7.833000559333,29.188845540675,0.));
#2157 = CARTESIAN_POINT('',(8.311754305156,30.000514700637,22.4));
#2158 = CARTESIAN_POINT('',(8.311754305156,30.000514700637,0.));
#2159 = CARTESIAN_POINT('',(8.803340882316,30.771177468867,22.4));
#2160 = CARTESIAN_POINT('',(8.803340882316,30.771177468867,0.));
#2161 = CARTESIAN_POINT('',(9.316999687833,31.521241160434,22.4));
#2162 = CARTESIAN_POINT('',(9.316999687833,31.521241160434,0.));
#2163 = CARTESIAN_POINT('',(9.850910214552,32.249989031582,22.4));
#2164 = CARTESIAN_POINT('',(9.850910214552,32.249989031582,0.));
#2165 = CARTESIAN_POINT('',(10.418742506961,32.974843961159,22.4));
#2166 = CARTESIAN_POINT('',(10.418742506961,32.974843961159,0.));
#2167 = CARTESIAN_POINT('',(10.989487225097,33.65814380766,22.4));
#2168 = CARTESIAN_POINT('',(10.989487225097,33.65814380766,0.));
#2169 = CARTESIAN_POINT('',(11.574823513564,34.318465050838,22.4));
#2170 = CARTESIAN_POINT('',(11.574823513564,34.318465050838,0.));
#2171 = CARTESIAN_POINT('',(12.173008607268,34.955500011113,22.4));
#2172 = CARTESIAN_POINT('',(12.173008607268,34.955500011113,0.));
#2173 = CARTESIAN_POINT('',(12.799320171454,35.584661596155,22.4));
#2174 = CARTESIAN_POINT('',(12.799320171454,35.584661596155,0.));
#2175 = CARTESIAN_POINT('',(13.419870367066,36.173716046636,22.4));
#2176 = CARTESIAN_POINT('',(13.419870367066,36.173716046636,0.));
#2177 = CARTESIAN_POINT('',(14.048401053775,36.738957189893,22.4));
#2178 = CARTESIAN_POINT('',(14.048401053775,36.738957189893,0.));
#2179 = CARTESIAN_POINT('',(14.683508078293,37.280476384384,22.4));
#2180 = CARTESIAN_POINT('',(14.683508078293,37.280476384384,0.));
#2181 = CARTESIAN_POINT('',(15.341678466864,37.81156858636,22.4));
#2182 = CARTESIAN_POINT('',(15.341678466864,37.81156858636,0.));
#2183 = CARTESIAN_POINT('',(15.98804235015,38.305189948989,22.4));
#2184 = CARTESIAN_POINT('',(15.98804235015,38.305189948989,0.));
#2185 = CARTESIAN_POINT('',(16.637681239999,38.775589772907,22.4));
#2186 = CARTESIAN_POINT('',(16.637681239999,38.775589772907,0.));
#2187 = CARTESIAN_POINT('',(17.289896880341,39.223138707278,22.4));
#2188 = CARTESIAN_POINT('',(17.289896880341,39.223138707278,0.));
#2189 = CARTESIAN_POINT('',(17.962196306679,39.658970786191,22.4));
#2190 = CARTESIAN_POINT('',(17.962196306679,39.658970786191,0.));
#2191 = CARTESIAN_POINT('',(18.619730435442,40.061155141349,22.4));
#2192 = CARTESIAN_POINT('',(18.619730435442,40.061155141349,0.));
#2193 = CARTESIAN_POINT('',(19.279003889715,40.441858339469,22.4));
#2194 = CARTESIAN_POINT('',(19.279003889715,40.441858339469,0.));
#2195 = CARTESIAN_POINT('',(19.940006859091,40.801617639169,22.4));
#2196 = CARTESIAN_POINT('',(19.940006859091,40.801617639169,0.));
#2197 = CARTESIAN_POINT('',(20.622320456077,41.149823667429,22.4));
#2198 = CARTESIAN_POINT('',(20.622320456077,41.149823667429,0.));
#2199 = CARTESIAN_POINT('',(21.287958225001,41.467884727312,22.4));
#2200 = CARTESIAN_POINT('',(21.287958225001,41.467884727312,0.));
#2201 = CARTESIAN_POINT('',(21.967944687759,41.770898186508,22.4));
#2202 = CARTESIAN_POINT('',(21.967944687759,41.770898186508,0.));
#2203 = CARTESIAN_POINT('',(22.614514013321,42.041339665499,22.4));
#2204 = CARTESIAN_POINT('',(22.614514013321,42.041339665499,0.));
#2205 = CARTESIAN_POINT('',(23.436446302744,42.356678966097,22.4));
#2206 = CARTESIAN_POINT('',(23.436446302744,42.356678966097,0.));
#2207 = CARTESIAN_POINT('',(23.614561335235,42.414947175314,22.4));
#2208 = CARTESIAN_POINT('',(23.614561335235,42.414947175314,0.));
#2209 = CARTESIAN_POINT('',(24.055111457453,42.571692928581,22.4));
#2210 = CARTESIAN_POINT('',(24.055111457453,42.571692928581,0.));
#2211 = DEFINITIONAL_REPRESENTATION('',(#2212),#2216);
#2212 = LINE('',#2213,#2214);
#2213 = CARTESIAN_POINT('',(0.617636313455,0.));
#2214 = VECTOR('',#2215,1.);
#2215 = DIRECTION('',(0.,-1.));
#2216 = ( GEOMETRIC_REPRESENTATION_CONTEXT(2) 
PARAMETRIC_REPRESENTATION_CONTEXT() REPRESENTATION_CONTEXT('2D SPACE',''
  ) );
#2217 = ORIENTED_EDGE('',*,*,#2218,.T.);
#2218 = EDGE_CURVE('',#2090,#2219,#2221,.T.);
#2219 = VERTEX_POINT('',#2220);
#2220 = CARTESIAN_POINT('',(0.399969533376,12.693700184437,22.4));
#2221 = SURFACE_CURVE('',#2222,(#2227,#2234),.PCURVE_S1.);
#2222 = CIRCLE('',#2223,12.7);
#2223 = AXIS2_PLACEMENT_3D('',#2224,#2225,#2226);
#2224 = CARTESIAN_POINT('',(0.,0.,22.4));
#2225 = DIRECTION('',(0.,0.,1.));
#2226 = DIRECTION('',(1.,0.,-0.));
#2227 = PCURVE('',#2098,#2228);
#2228 = DEFINITIONAL_REPRESENTATION('',(#2229),#2233);
#2229 = LINE('',#2230,#2231);
#2230 = CARTESIAN_POINT('',(-0.,-22.4));
#2231 = VECTOR('',#2232,1.);
#2232 = DIRECTION('',(-1.,0.));
#2233 = ( GEOMETRIC_REPRESENTATION_CONTEXT(2) 
PARAMETRIC_REPRESENTATION_CONTEXT() REPRESENTATION_CONTEXT('2D SPACE',''
  ) );
#2234 = PCURVE('',#169,#2235);
#2235 = DEFINITIONAL_REPRESENTATION('',(#2236),#2240);
#2236 = CIRCLE('',#2237,12.7);
#2237 = AXIS2_PLACEMENT_2D('',#2238,#2239);
#2238 = CARTESIAN_POINT('',(0.,-1.204325410458E-15));
#2239 = DIRECTION('',(1.,0.));
#2240 = ( GEOMETRIC_REPRESENTATION_CONTEXT(2) 
PARAMETRIC_REPRESENTATION_CONTEXT() REPRESENTATION_CONTEXT('2D SPACE',''
  ) );
#2241 = ORIENTED_EDGE('',*,*,#2242,.F.);
#2242 = EDGE_CURVE('',#2243,#2219,#2245,.T.);
#2243 = VERTEX_POINT('',#2244);
#2244 = CARTESIAN_POINT('',(0.399969533376,12.693700184437,0.));
#2245 = SURFACE_CURVE('',#2246,(#2250,#2257),.PCURVE_S1.);
#2246 = LINE('',#2247,#2248);
#2247 = CARTESIAN_POINT('',(0.399969533376,12.693700184437,0.));
#2248 = VECTOR('',#2249,1.);
#2249 = DIRECTION('',(0.,0.,1.));
#2250 = PCURVE('',#2098,#2251);
#2251 = DEFINITIONAL_REPRESENTATION('',(#2252),#2256);
#2252 = LINE('',#2253,#2254);
#2253 = CARTESIAN_POINT('',(-1.539297454255,0.));
#2254 = VECTOR('',#2255,1.);
#2255 = DIRECTION('',(-0.,-1.));
#2256 = ( GEOMETRIC_REPRESENTATION_CONTEXT(2) 
PARAMETRIC_REPRESENTATION_CONTEXT() REPRESENTATION_CONTEXT('2D SPACE',''
  ) );
#2257 = PCURVE('',#2258,#2263);
#2258 = PLANE('',#2259);
#2259 = AXIS2_PLACEMENT_3D('',#2260,#2261,#2262);
#2260 = CARTESIAN_POINT('',(0.399969533376,13.147240843796,0.));
#2261 = DIRECTION('',(1.,-1.110223024625E-16,0.));
#2262 = DIRECTION('',(-1.110223024625E-16,-1.,0.));
#2263 = DEFINITIONAL_REPRESENTATION('',(#2264),#2268);
#2264 = LINE('',#2265,#2266);
#2265 = CARTESIAN_POINT('',(0.453540659359,0.));
#2266 = VECTOR('',#2267,1.);
#2267 = DIRECTION('',(0.,-1.));
#2268 = ( GEOMETRIC_REPRESENTATION_CONTEXT(2) 
PARAMETRIC_REPRESENTATION_CONTEXT() REPRESENTATION_CONTEXT('2D SPACE',''
  ) );
#2269 = ORIENTED_EDGE('',*,*,#2270,.F.);
#2270 = EDGE_CURVE('',#2088,#2243,#2271,.T.);
#2271 = SURFACE_CURVE('',#2272,(#2277,#2284),.PCURVE_S1.);
#2272 = CIRCLE('',#2273,12.7);
#2273 = AXIS2_PLACEMENT_3D('',#2274,#2275,#2276);
#2274 = CARTESIAN_POINT('',(0.,0.,0.));
#2275 = DIRECTION('',(0.,0.,1.));
#2276 = DIRECTION('',(1.,0.,-0.));
#2277 = PCURVE('',#2098,#2278);
#2278 = DEFINITIONAL_REPRESENTATION('',(#2279),#2283);
#2279 = LINE('',#2280,#2281);
#2280 = CARTESIAN_POINT('',(-0.,0.));
#2281 = VECTOR('',#2282,1.);
#2282 = DIRECTION('',(-1.,0.));
#2283 = ( GEOMETRIC_REPRESENTATION_CONTEXT(2) 
PARAMETRIC_REPRESENTATION_CONTEXT() REPRESENTATION_CONTEXT('2D SPACE',''
  ) );
#2284 = PCURVE('',#224,#2285);
#2285 = DEFINITIONAL_REPRESENTATION('',(#2286),#2290);
#2286 = CIRCLE('',#2287,12.7);
#2287 = AXIS2_PLACEMENT_2D('',#2288,#2289);
#2288 = CARTESIAN_POINT('',(0.,-1.204325410458E-15));
#2289 = DIRECTION('',(1.,0.));
#2290 = ( GEOMETRIC_REPRESENTATION_CONTEXT(2) 
PARAMETRIC_REPRESENTATION_CONTEXT() REPRESENTATION_CONTEXT('2D SPACE',''
  ) );
#2291 = ADVANCED_FACE('',(#2292),#2258,.T.);
#2292 = FACE_BOUND('',#2293,.T.);
#2293 = EDGE_LOOP('',(#2294,#2420,#2441,#2442));
#2294 = ORIENTED_EDGE('',*,*,#2295,.T.);
#2295 = EDGE_CURVE('',#2296,#2298,#2300,.T.);
#2296 = VERTEX_POINT('',#2297);
#2297 = CARTESIAN_POINT('',(0.399969533376,13.147240843796,0.));
#2298 = VERTEX_POINT('',#2299);
#2299 = CARTESIAN_POINT('',(0.399969533376,13.147240843796,22.4));
#2300 = SURFACE_CURVE('',#2301,(#2305,#2312),.PCURVE_S1.);
#2301 = LINE('',#2302,#2303);
#2302 = CARTESIAN_POINT('',(0.399969533376,13.147240843796,0.));
#2303 = VECTOR('',#2304,1.);
#2304 = DIRECTION('',(0.,0.,1.));
#2305 = PCURVE('',#2258,#2306);
#2306 = DEFINITIONAL_REPRESENTATION('',(#2307),#2311);
#2307 = LINE('',#2308,#2309);
#2308 = CARTESIAN_POINT('',(0.,0.));
#2309 = VECTOR('',#2310,1.);
#2310 = DIRECTION('',(0.,-1.));
#2311 = ( GEOMETRIC_REPRESENTATION_CONTEXT(2) 
PARAMETRIC_REPRESENTATION_CONTEXT() REPRESENTATION_CONTEXT('2D SPACE',''
  ) );
#2312 = PCURVE('',#2313,#2414);
#2313 = B_SPLINE_SURFACE_WITH_KNOTS('',3,1,(
    (#2314,#2315)
    ,(#2316,#2317)
    ,(#2318,#2319)
    ,(#2320,#2321)
    ,(#2322,#2323)
    ,(#2324,#2325)
    ,(#2326,#2327)
    ,(#2328,#2329)
    ,(#2330,#2331)
    ,(#2332,#2333)
    ,(#2334,#2335)
    ,(#2336,#2337)
    ,(#2338,#2339)
    ,(#2340,#2341)
    ,(#2342,#2343)
    ,(#2344,#2345)
    ,(#2346,#2347)
    ,(#2348,#2349)
    ,(#2350,#2351)
    ,(#2352,#2353)
    ,(#2354,#2355)
    ,(#2356,#2357)
    ,(#2358,#2359)
    ,(#2360,#2361)
    ,(#2362,#2363)
    ,(#2364,#2365)
    ,(#2366,#2367)
    ,(#2368,#2369)
    ,(#2370,#2371)
    ,(#2372,#2373)
    ,(#2374,#2375)
    ,(#2376,#2377)
    ,(#2378,#2379)
    ,(#2380,#2381)
    ,(#2382,#2383)
    ,(#2384,#2385)
    ,(#2386,#2387)
    ,(#2388,#2389)
    ,(#2390,#2391)
    ,(#2392,#2393)
    ,(#2394,#2395)
    ,(#2396,#2397)
    ,(#2398,#2399)
    ,(#2400,#2401)
    ,(#2402,#2403)
    ,(#2404,#2405)
    ,(#2406,#2407)
    ,(#2408,#2409)
    ,(#2410,#2411)
    ,(#2412,#2413
    )),.UNSPECIFIED.,.F.,.F.,.F.,(4,1,1,1,1,1,1,1,1,1,1,1,1,1,1,1,1,1,1,
    1,1,1,1,1,1,1,1,1,1,1,1,1,1,1,1,1,1,1,1,1,1,1,1,1,1,1,1,4),(2,2),(0.
    ,0.72551896577,1.446812427957,2.167545581006,2.834652630785,
    3.561455250387,4.294404186133,5.035083262141,5.726745513771,
    6.485571675342,7.25499120568,8.035460380499,8.765906861733,
    9.568099084978,10.381469893138,11.205727652658,11.975881503332,
    12.819782078992,13.673026185696,14.534915364628,15.33753390218,
    16.21390469293,17.096636274619,17.984915961911,18.809100000342,
    19.705802922083,20.60576324729,21.508256924785,22.342991216384,
    23.248469118661,24.154594114226,25.060793204637,25.896884345071,
    26.801694858737,27.704993846459,28.606214463702,29.435742647904,
    30.331166080504,31.222462333173,32.108696907138,32.921319115104,
    33.794515353684,34.658772776489,35.512251077876,36.288651119977,
    37.115000087988,37.923185154055,38.651120081248),(-22.4,0.),
  .UNSPECIFIED.);
#2314 = CARTESIAN_POINT('',(0.45350885127,48.104276713012,22.4));
#2315 = CARTESIAN_POINT('',(0.45350885127,48.104276713012,0.));
#2316 = CARTESIAN_POINT('',(0.296472552567,47.919970472485,22.4));
#2317 = CARTESIAN_POINT('',(0.296472552567,47.919970472485,0.));
#2318 = CARTESIAN_POINT('',(-1.956544766358E-02,47.556178968215,22.4));
#2319 = CARTESIAN_POINT('',(-1.956544766358E-02,47.556178968215,0.));
#2320 = CARTESIAN_POINT('',(-0.472410586833,46.992784907213,22.4));
#2321 = CARTESIAN_POINT('',(-0.472410586833,46.992784907213,0.));
#2322 = CARTESIAN_POINT('',(-0.900006857568,46.434708696903,22.4));
#2323 = CARTESIAN_POINT('',(-0.900006857568,46.434708696903,0.));
#2324 = CARTESIAN_POINT('',(-1.313852260783,45.863993331981,22.4));
#2325 = CARTESIAN_POINT('',(-1.313852260783,45.863993331981,0.));
#2326 = CARTESIAN_POINT('',(-1.715406671348,45.279631612404,22.4));
#2327 = CARTESIAN_POINT('',(-1.715406671348,45.279631612404,0.));
#2328 = CARTESIAN_POINT('',(-2.114645123302,44.664225564456,22.4));
#2329 = CARTESIAN_POINT('',(-2.114645123302,44.664225564456,0.));
#2330 = CARTESIAN_POINT('',(-2.49138474715,44.04848889241,22.4));
#2331 = CARTESIAN_POINT('',(-2.49138474715,44.04848889241,0.));
#2332 = CARTESIAN_POINT('',(-2.856734540937,43.415962600723,22.4));
#2333 = CARTESIAN_POINT('',(-2.856734540937,43.415962600723,0.));
#2334 = CARTESIAN_POINT('',(-3.210585951824,42.765984401556,22.4));
#2335 = CARTESIAN_POINT('',(-3.210585951824,42.765984401556,0.));
#2336 = CARTESIAN_POINT('',(-3.560745302639,42.080591574289,22.4));
#2337 = CARTESIAN_POINT('',(-3.560745302639,42.080591574289,0.));
#2338 = CARTESIAN_POINT('',(-3.888719679102,41.394779528409,22.4));
#2339 = CARTESIAN_POINT('',(-3.888719679102,41.394779528409,0.));
#2340 = CARTESIAN_POINT('',(-4.203688016384,40.690929075259,22.4));
#2341 = CARTESIAN_POINT('',(-4.203688016384,40.690929075259,0.));
#2342 = CARTESIAN_POINT('',(-4.504845951063,39.969139645062,22.4));
#2343 = CARTESIAN_POINT('',(-4.504845951063,39.969139645062,0.));
#2344 = CARTESIAN_POINT('',(-4.797861366055,39.21038161945,22.4));
#2345 = CARTESIAN_POINT('',(-4.797861366055,39.21038161945,0.));
#2346 = CARTESIAN_POINT('',(-5.06665777555,38.454029203552,22.4));
#2347 = CARTESIAN_POINT('',(-5.06665777555,38.454029203552,0.));
#2348 = CARTESIAN_POINT('',(-5.318518214314,37.681176437437,22.4));
#2349 = CARTESIAN_POINT('',(-5.318518214314,37.681176437437,0.));
#2350 = CARTESIAN_POINT('',(-5.552314185468,36.892557796978,22.4));
#2351 = CARTESIAN_POINT('',(-5.552314185468,36.892557796978,0.));
#2352 = CARTESIAN_POINT('',(-5.771216192382,36.067990404581,22.4));
#2353 = CARTESIAN_POINT('',(-5.771216192382,36.067990404581,0.));
#2354 = CARTESIAN_POINT('',(-5.962880206793,35.250791481739,22.4));
#2355 = CARTESIAN_POINT('',(-5.962880206793,35.250791481739,0.));
#2356 = CARTESIAN_POINT('',(-6.132557545214,34.42089376123,22.4));
#2357 = CARTESIAN_POINT('',(-6.132557545214,34.42089376123,0.));
#2358 = CARTESIAN_POINT('',(-6.278976098759,33.579492718706,22.4));
#2359 = CARTESIAN_POINT('',(-6.278976098759,33.579492718706,0.));
#2360 = CARTESIAN_POINT('',(-6.402949058301,32.705634952372,22.4));
#2361 = CARTESIAN_POINT('',(-6.402949058301,32.705634952372,0.));
#2362 = CARTESIAN_POINT('',(-6.496819793177,31.845520110105,22.4));
#2363 = CARTESIAN_POINT('',(-6.496819793177,31.845520110105,0.));
#2364 = CARTESIAN_POINT('',(-6.563622950087,30.978232252213,22.4));
#2365 = CARTESIAN_POINT('',(-6.563622950087,30.978232252213,0.));
#2366 = CARTESIAN_POINT('',(-6.602244396839,30.105294805435,22.4));
#2367 = CARTESIAN_POINT('',(-6.602244396839,30.105294805435,0.));
#2368 = CARTESIAN_POINT('',(-6.6106357212,29.205429257836,22.4));
#2369 = CARTESIAN_POINT('',(-6.6106357212,29.205429257836,0.));
#2370 = CARTESIAN_POINT('',(-6.587340491706,28.326478280694,22.4));
#2371 = CARTESIAN_POINT('',(-6.587340491706,28.326478280694,0.));
#2372 = CARTESIAN_POINT('',(-6.532903434063,27.44709217365,22.4));
#2373 = CARTESIAN_POINT('',(-6.532903434063,27.44709217365,0.));
#2374 = CARTESIAN_POINT('',(-6.4466136461,26.568993145543,22.4));
#2375 = CARTESIAN_POINT('',(-6.4466136461,26.568993145543,0.));
#2376 = CARTESIAN_POINT('',(-6.323405423359,25.671248574259,22.4));
#2377 = CARTESIAN_POINT('',(-6.323405423359,25.671248574259,0.));
#2378 = CARTESIAN_POINT('',(-6.169107066793,24.801792929677,22.4));
#2379 = CARTESIAN_POINT('',(-6.169107066793,24.801792929677,0.));
#2380 = CARTESIAN_POINT('',(-5.981597855311,23.93937765341,22.4));
#2381 = CARTESIAN_POINT('',(-5.981597855311,23.93937765341,0.));
#2382 = CARTESIAN_POINT('',(-5.76079399669,23.085824159913,22.4));
#2383 = CARTESIAN_POINT('',(-5.76079399669,23.085824159913,0.));
#2384 = CARTESIAN_POINT('',(-5.498725165056,22.221306529092,22.4));
#2385 = CARTESIAN_POINT('',(-5.498725165056,22.221306529092,0.));
#2386 = CARTESIAN_POINT('',(-5.209134652432,21.39214491597,22.4));
#2387 = CARTESIAN_POINT('',(-5.209134652432,21.39214491597,0.));
#2388 = CARTESIAN_POINT('',(-4.887241642236,20.577853939735,22.4));
#2389 = CARTESIAN_POINT('',(-4.887241642236,20.577853939735,0.));
#2390 = CARTESIAN_POINT('',(-4.533832284114,19.780299474767,22.4));
#2391 = CARTESIAN_POINT('',(-4.533832284114,19.780299474767,0.));
#2392 = CARTESIAN_POINT('',(-4.138511822526,18.981517333528,22.4));
#2393 = CARTESIAN_POINT('',(-4.138511822526,18.981517333528,0.));
#2394 = CARTESIAN_POINT('',(-3.722916809738,18.224446695419,22.4));
#2395 = CARTESIAN_POINT('',(-3.722916809738,18.224446695419,0.));
#2396 = CARTESIAN_POINT('',(-3.279921568435,17.490131962596,22.4));
#2397 = CARTESIAN_POINT('',(-3.279921568435,17.490131962596,0.));
#2398 = CARTESIAN_POINT('',(-2.811609979174,16.78057661926,22.4));
#2399 = CARTESIAN_POINT('',(-2.811609979174,16.78057661926,0.));
#2400 = CARTESIAN_POINT('',(-2.305595092121,16.079861530216,22.4));
#2401 = CARTESIAN_POINT('',(-2.305595092121,16.079861530216,0.));
#2402 = CARTESIAN_POINT('',(-1.79226505272,15.427537116823,22.4));
#2403 = CARTESIAN_POINT('',(-1.79226505272,15.427537116823,0.));
#2404 = CARTESIAN_POINT('',(-1.256812898286,14.800837284315,22.4));
#2405 = CARTESIAN_POINT('',(-1.256812898286,14.800837284315,0.));
#2406 = CARTESIAN_POINT('',(-0.726078613454,14.224977665096,22.4));
#2407 = CARTESIAN_POINT('',(-0.726078613454,14.224977665096,0.));
#2408 = CARTESIAN_POINT('',(-0.116302638697,13.61566630706,22.4));
#2409 = CARTESIAN_POINT('',(-0.116302638697,13.61566630706,0.));
#2410 = CARTESIAN_POINT('',(0.139969012133,13.387746797201,22.4));
#2411 = CARTESIAN_POINT('',(0.139969012133,13.387746797201,0.));
#2412 = CARTESIAN_POINT('',(0.399969533376,13.147240843796,22.4));
#2413 = CARTESIAN_POINT('',(0.399969533376,13.147240843796,0.));
#2414 = DEFINITIONAL_REPRESENTATION('',(#2415),#2419);
#2415 = LINE('',#2416,#2417);
#2416 = CARTESIAN_POINT('',(38.651120081248,0.));
#2417 = VECTOR('',#2418,1.);
#2418 = DIRECTION('',(0.,-1.));
#2419 = ( GEOMETRIC_REPRESENTATION_CONTEXT(2) 
PARAMETRIC_REPRESENTATION_CONTEXT() REPRESENTATION_CONTEXT('2D SPACE',''
  ) );
#2420 = ORIENTED_EDGE('',*,*,#2421,.T.);
#2421 = EDGE_CURVE('',#2298,#2219,#2422,.T.);
#2422 = SURFACE_CURVE('',#2423,(#2427,#2434),.PCURVE_S1.);
#2423 = LINE('',#2424,#2425);
#2424 = CARTESIAN_POINT('',(0.399969533376,13.147240843796,22.4));
#2425 = VECTOR('',#2426,1.);
#2426 = DIRECTION('',(-1.110223024625E-16,-1.,0.));
#2427 = PCURVE('',#2258,#2428);
#2428 = DEFINITIONAL_REPRESENTATION('',(#2429),#2433);
#2429 = LINE('',#2430,#2431);
#2430 = CARTESIAN_POINT('',(0.,-22.4));
#2431 = VECTOR('',#2432,1.);
#2432 = DIRECTION('',(1.,0.));
#2433 = ( GEOMETRIC_REPRESENTATION_CONTEXT(2) 
PARAMETRIC_REPRESENTATION_CONTEXT() REPRESENTATION_CONTEXT('2D SPACE',''
  ) );
#2434 = PCURVE('',#169,#2435);
#2435 = DEFINITIONAL_REPRESENTATION('',(#2436),#2440);
#2436 = LINE('',#2437,#2438);
#2437 = CARTESIAN_POINT('',(0.399969533376,13.147240843796));
#2438 = VECTOR('',#2439,1.);
#2439 = DIRECTION('',(-1.110223024625E-16,-1.));
#2440 = ( GEOMETRIC_REPRESENTATION_CONTEXT(2) 
PARAMETRIC_REPRESENTATION_CONTEXT() REPRESENTATION_CONTEXT('2D SPACE',''
  ) );
#2441 = ORIENTED_EDGE('',*,*,#2242,.F.);
#2442 = ORIENTED_EDGE('',*,*,#2443,.F.);
#2443 = EDGE_CURVE('',#2296,#2243,#2444,.T.);
#2444 = SURFACE_CURVE('',#2445,(#2449,#2456),.PCURVE_S1.);
#2445 = LINE('',#2446,#2447);
#2446 = CARTESIAN_POINT('',(0.399969533376,13.147240843796,0.));
#2447 = VECTOR('',#2448,1.);
#2448 = DIRECTION('',(-1.110223024625E-16,-1.,0.));
#2449 = PCURVE('',#2258,#2450);
#2450 = DEFINITIONAL_REPRESENTATION('',(#2451),#2455);
#2451 = LINE('',#2452,#2453);
#2452 = CARTESIAN_POINT('',(0.,0.));
#2453 = VECTOR('',#2454,1.);
#2454 = DIRECTION('',(1.,0.));
#2455 = ( GEOMETRIC_REPRESENTATION_CONTEXT(2) 
PARAMETRIC_REPRESENTATION_CONTEXT() REPRESENTATION_CONTEXT('2D SPACE',''
  ) );
#2456 = PCURVE('',#224,#2457);
#2457 = DEFINITIONAL_REPRESENTATION('',(#2458),#2462);
#2458 = LINE('',#2459,#2460);
#2459 = CARTESIAN_POINT('',(0.399969533376,13.147240843796));
#2460 = VECTOR('',#2461,1.);
#2461 = DIRECTION('',(-1.110223024625E-16,-1.));
#2462 = ( GEOMETRIC_REPRESENTATION_CONTEXT(2) 
PARAMETRIC_REPRESENTATION_CONTEXT() REPRESENTATION_CONTEXT('2D SPACE',''
  ) );
#2463 = ADVANCED_FACE('',(#2464),#2313,.T.);
#2464 = FACE_BOUND('',#2465,.T.);
#2465 = EDGE_LOOP('',(#2466,#2496,#2611,#2612));
#2466 = ORIENTED_EDGE('',*,*,#2467,.T.);
#2467 = EDGE_CURVE('',#2468,#2470,#2472,.T.);
#2468 = VERTEX_POINT('',#2469);
#2469 = CARTESIAN_POINT('',(0.45350885127,48.104276713012,0.));
#2470 = VERTEX_POINT('',#2471);
#2471 = CARTESIAN_POINT('',(0.45350885127,48.104276713012,22.4));
#2472 = SURFACE_CURVE('',#2473,(#2477,#2484),.PCURVE_S1.);
#2473 = LINE('',#2474,#2475);
#2474 = CARTESIAN_POINT('',(0.45350885127,48.104276713012,0.));
#2475 = VECTOR('',#2476,1.);
#2476 = DIRECTION('',(0.,0.,1.));
#2477 = PCURVE('',#2313,#2478);
#2478 = DEFINITIONAL_REPRESENTATION('',(#2479),#2483);
#2479 = LINE('',#2480,#2481);
#2480 = CARTESIAN_POINT('',(0.,0.));
#2481 = VECTOR('',#2482,1.);
#2482 = DIRECTION('',(0.,-1.));
#2483 = ( GEOMETRIC_REPRESENTATION_CONTEXT(2) 
PARAMETRIC_REPRESENTATION_CONTEXT() REPRESENTATION_CONTEXT('2D SPACE',''
  ) );
#2484 = PCURVE('',#2485,#2490);
#2485 = PLANE('',#2486);
#2486 = AXIS2_PLACEMENT_3D('',#2487,#2488,#2489);
#2487 = CARTESIAN_POINT('',(0.785159873254,48.493644160584,0.));
#2488 = DIRECTION('',(0.761274461003,-0.648429791901,0.));
#2489 = DIRECTION('',(-0.648429791901,-0.761274461003,0.));
#2490 = DEFINITIONAL_REPRESENTATION('',(#2491),#2495);
#2491 = LINE('',#2492,#2493);
#2492 = CARTESIAN_POINT('',(0.511467896951,0.));
#2493 = VECTOR('',#2494,1.);
#2494 = DIRECTION('',(0.,-1.));
#2495 = ( GEOMETRIC_REPRESENTATION_CONTEXT(2) 
PARAMETRIC_REPRESENTATION_CONTEXT() REPRESENTATION_CONTEXT('2D SPACE',''
  ) );
#2496 = ORIENTED_EDGE('',*,*,#2497,.T.);
#2497 = EDGE_CURVE('',#2470,#2298,#2498,.T.);
#2498 = SURFACE_CURVE('',#2499,(#2550,#2557),.PCURVE_S1.);
#2499 = B_SPLINE_CURVE_WITH_KNOTS('',3,(#2500,#2501,#2502,#2503,#2504,
    #2505,#2506,#2507,#2508,#2509,#2510,#2511,#2512,#2513,#2514,#2515,
    #2516,#2517,#2518,#2519,#2520,#2521,#2522,#2523,#2524,#2525,#2526,
    #2527,#2528,#2529,#2530,#2531,#2532,#2533,#2534,#2535,#2536,#2537,
    #2538,#2539,#2540,#2541,#2542,#2543,#2544,#2545,#2546,#2547,#2548,
    #2549),.UNSPECIFIED.,.F.,.F.,(4,1,1,1,1,1,1,1,1,1,1,1,1,1,1,1,1,1,1,
    1,1,1,1,1,1,1,1,1,1,1,1,1,1,1,1,1,1,1,1,1,1,1,1,1,1,1,1,4),(0.,
    0.72551896577,1.446812427957,2.167545581006,2.834652630785,
    3.561455250387,4.294404186133,5.035083262141,5.726745513771,
    6.485571675342,7.25499120568,8.035460380499,8.765906861733,
    9.568099084978,10.381469893138,11.205727652658,11.975881503332,
    12.819782078992,13.673026185696,14.534915364628,15.33753390218,
    16.21390469293,17.096636274619,17.984915961911,18.809100000342,
    19.705802922083,20.60576324729,21.508256924785,22.342991216384,
    23.248469118661,24.154594114226,25.060793204637,25.896884345071,
    26.801694858737,27.704993846459,28.606214463702,29.435742647904,
    30.331166080504,31.222462333173,32.108696907138,32.921319115104,
    33.794515353684,34.658772776489,35.512251077876,36.288651119977,
    37.115000087988,37.923185154055,38.651120081248),.UNSPECIFIED.);
#2500 = CARTESIAN_POINT('',(0.45350885127,48.104276713012,22.4));
#2501 = CARTESIAN_POINT('',(0.296472552567,47.919970472485,22.4));
#2502 = CARTESIAN_POINT('',(-1.956544766358E-02,47.556178968215,22.4));
#2503 = CARTESIAN_POINT('',(-0.472410586833,46.992784907213,22.4));
#2504 = CARTESIAN_POINT('',(-0.900006857568,46.434708696903,22.4));
#2505 = CARTESIAN_POINT('',(-1.313852260783,45.863993331981,22.4));
#2506 = CARTESIAN_POINT('',(-1.715406671348,45.279631612404,22.4));
#2507 = CARTESIAN_POINT('',(-2.114645123302,44.664225564456,22.4));
#2508 = CARTESIAN_POINT('',(-2.49138474715,44.04848889241,22.4));
#2509 = CARTESIAN_POINT('',(-2.856734540937,43.415962600723,22.4));
#2510 = CARTESIAN_POINT('',(-3.210585951824,42.765984401556,22.4));
#2511 = CARTESIAN_POINT('',(-3.560745302639,42.080591574289,22.4));
#2512 = CARTESIAN_POINT('',(-3.888719679102,41.394779528409,22.4));
#2513 = CARTESIAN_POINT('',(-4.203688016384,40.690929075259,22.4));
#2514 = CARTESIAN_POINT('',(-4.504845951063,39.969139645062,22.4));
#2515 = CARTESIAN_POINT('',(-4.797861366055,39.21038161945,22.4));
#2516 = CARTESIAN_POINT('',(-5.06665777555,38.454029203552,22.4));
#2517 = CARTESIAN_POINT('',(-5.318518214314,37.681176437437,22.4));
#2518 = CARTESIAN_POINT('',(-5.552314185468,36.892557796978,22.4));
#2519 = CARTESIAN_POINT('',(-5.771216192382,36.067990404581,22.4));
#2520 = CARTESIAN_POINT('',(-5.962880206793,35.250791481739,22.4));
#2521 = CARTESIAN_POINT('',(-6.132557545214,34.42089376123,22.4));
#2522 = CARTESIAN_POINT('',(-6.278976098759,33.579492718706,22.4));
#2523 = CARTESIAN_POINT('',(-6.402949058301,32.705634952372,22.4));
#2524 = CARTESIAN_POINT('',(-6.496819793177,31.845520110105,22.4));
#2525 = CARTESIAN_POINT('',(-6.563622950087,30.978232252213,22.4));
#2526 = CARTESIAN_POINT('',(-6.602244396839,30.105294805435,22.4));
#2527 = CARTESIAN_POINT('',(-6.6106357212,29.205429257836,22.4));
#2528 = CARTESIAN_POINT('',(-6.587340491706,28.326478280694,22.4));
#2529 = CARTESIAN_POINT('',(-6.532903434063,27.44709217365,22.4));
#2530 = CARTESIAN_POINT('',(-6.4466136461,26.568993145543,22.4));
#2531 = CARTESIAN_POINT('',(-6.323405423359,25.671248574259,22.4));
#2532 = CARTESIAN_POINT('',(-6.169107066793,24.801792929677,22.4));
#2533 = CARTESIAN_POINT('',(-5.981597855311,23.93937765341,22.4));
#2534 = CARTESIAN_POINT('',(-5.76079399669,23.085824159913,22.4));
#2535 = CARTESIAN_POINT('',(-5.498725165056,22.221306529092,22.4));
#2536 = CARTESIAN_POINT('',(-5.209134652432,21.39214491597,22.4));
#2537 = CARTESIAN_POINT('',(-4.887241642236,20.577853939735,22.4));
#2538 = CARTESIAN_POINT('',(-4.533832284114,19.780299474767,22.4));
#2539 = CARTESIAN_POINT('',(-4.138511822526,18.981517333528,22.4));
#2540 = CARTESIAN_POINT('',(-3.722916809738,18.224446695419,22.4));
#2541 = CARTESIAN_POINT('',(-3.279921568435,17.490131962596,22.4));
#2542 = CARTESIAN_POINT('',(-2.811609979174,16.78057661926,22.4));
#2543 = CARTESIAN_POINT('',(-2.305595092121,16.079861530216,22.4));
#2544 = CARTESIAN_POINT('',(-1.79226505272,15.427537116823,22.4));
#2545 = CARTESIAN_POINT('',(-1.256812898286,14.800837284315,22.4));
#2546 = CARTESIAN_POINT('',(-0.726078613454,14.224977665096,22.4));
#2547 = CARTESIAN_POINT('',(-0.116302638697,13.61566630706,22.4));
#2548 = CARTESIAN_POINT('',(0.139969012133,13.387746797201,22.4));
#2549 = CARTESIAN_POINT('',(0.399969533376,13.147240843796,22.4));
#2550 = PCURVE('',#2313,#2551);
#2551 = DEFINITIONAL_REPRESENTATION('',(#2552),#2556);
#2552 = LINE('',#2553,#2554);
#2553 = CARTESIAN_POINT('',(0.,-22.4));
#2554 = VECTOR('',#2555,1.);
#2555 = DIRECTION('',(1.,0.));
#2556 = ( GEOMETRIC_REPRESENTATION_CONTEXT(2) 
PARAMETRIC_REPRESENTATION_CONTEXT() REPRESENTATION_CONTEXT('2D SPACE',''
  ) );
#2557 = PCURVE('',#169,#2558);
#2558 = DEFINITIONAL_REPRESENTATION('',(#2559),#2610);
#2559 = B_SPLINE_CURVE_WITH_KNOTS('',3,(#2560,#2561,#2562,#2563,#2564,
    #2565,#2566,#2567,#2568,#2569,#2570,#2571,#2572,#2573,#2574,#2575,
    #2576,#2577,#2578,#2579,#2580,#2581,#2582,#2583,#2584,#2585,#2586,
    #2587,#2588,#2589,#2590,#2591,#2592,#2593,#2594,#2595,#2596,#2597,
    #2598,#2599,#2600,#2601,#2602,#2603,#2604,#2605,#2606,#2607,#2608,
    #2609),.UNSPECIFIED.,.F.,.F.,(4,1,1,1,1,1,1,1,1,1,1,1,1,1,1,1,1,1,1,
    1,1,1,1,1,1,1,1,1,1,1,1,1,1,1,1,1,1,1,1,1,1,1,1,1,1,1,1,4),(0.,
    0.72551896577,1.446812427957,2.167545581006,2.834652630785,
    3.561455250387,4.294404186133,5.035083262141,5.726745513771,
    6.485571675342,7.25499120568,8.035460380499,8.765906861733,
    9.568099084978,10.381469893138,11.205727652658,11.975881503332,
    12.819782078992,13.673026185696,14.534915364628,15.33753390218,
    16.21390469293,17.096636274619,17.984915961911,18.809100000342,
    19.705802922083,20.60576324729,21.508256924785,22.342991216384,
    23.248469118661,24.154594114226,25.060793204637,25.896884345071,
    26.801694858737,27.704993846459,28.606214463702,29.435742647904,
    30.331166080504,31.222462333173,32.108696907138,32.921319115104,
    33.794515353684,34.658772776489,35.512251077876,36.288651119977,
    37.115000087988,37.923185154055,38.651120081248),.UNSPECIFIED.);
#2560 = CARTESIAN_POINT('',(0.45350885127,48.104276713012));
#2561 = CARTESIAN_POINT('',(0.296472552567,47.919970472485));
#2562 = CARTESIAN_POINT('',(-1.956544766358E-02,47.556178968215));
#2563 = CARTESIAN_POINT('',(-0.472410586833,46.992784907213));
#2564 = CARTESIAN_POINT('',(-0.900006857568,46.434708696903));
#2565 = CARTESIAN_POINT('',(-1.313852260783,45.863993331981));
#2566 = CARTESIAN_POINT('',(-1.715406671348,45.279631612404));
#2567 = CARTESIAN_POINT('',(-2.114645123302,44.664225564456));
#2568 = CARTESIAN_POINT('',(-2.49138474715,44.04848889241));
#2569 = CARTESIAN_POINT('',(-2.856734540937,43.415962600723));
#2570 = CARTESIAN_POINT('',(-3.210585951824,42.765984401556));
#2571 = CARTESIAN_POINT('',(-3.560745302639,42.080591574289));
#2572 = CARTESIAN_POINT('',(-3.888719679102,41.394779528409));
#2573 = CARTESIAN_POINT('',(-4.203688016384,40.690929075259));
#2574 = CARTESIAN_POINT('',(-4.504845951063,39.969139645062));
#2575 = CARTESIAN_POINT('',(-4.797861366055,39.21038161945));
#2576 = CARTESIAN_POINT('',(-5.06665777555,38.454029203552));
#2577 = CARTESIAN_POINT('',(-5.318518214314,37.681176437437));
#2578 = CARTESIAN_POINT('',(-5.552314185468,36.892557796978));
#2579 = CARTESIAN_POINT('',(-5.771216192382,36.067990404581));
#2580 = CARTESIAN_POINT('',(-5.962880206793,35.250791481739));
#2581 = CARTESIAN_POINT('',(-6.132557545214,34.42089376123));
#2582 = CARTESIAN_POINT('',(-6.278976098759,33.579492718706));
#2583 = CARTESIAN_POINT('',(-6.402949058301,32.705634952372));
#2584 = CARTESIAN_POINT('',(-6.496819793177,31.845520110105));
#2585 = CARTESIAN_POINT('',(-6.563622950087,30.978232252213));
#2586 = CARTESIAN_POINT('',(-6.602244396839,30.105294805435));
#2587 = CARTESIAN_POINT('',(-6.6106357212,29.205429257836));
#2588 = CARTESIAN_POINT('',(-6.587340491706,28.326478280694));
#2589 = CARTESIAN_POINT('',(-6.532903434063,27.44709217365));
#2590 = CARTESIAN_POINT('',(-6.4466136461,26.568993145543));
#2591 = CARTESIAN_POINT('',(-6.323405423359,25.671248574259));
#2592 = CARTESIAN_POINT('',(-6.169107066793,24.801792929677));
#2593 = CARTESIAN_POINT('',(-5.981597855311,23.93937765341));
#2594 = CARTESIAN_POINT('',(-5.76079399669,23.085824159913));
#2595 = CARTESIAN_POINT('',(-5.498725165056,22.221306529092));
#2596 = CARTESIAN_POINT('',(-5.209134652432,21.39214491597));
#2597 = CARTESIAN_POINT('',(-4.887241642236,20.577853939735));
#2598 = CARTESIAN_POINT('',(-4.533832284114,19.780299474767));
#2599 = CARTESIAN_POINT('',(-4.138511822526,18.981517333528));
#2600 = CARTESIAN_POINT('',(-3.722916809738,18.224446695419));
#2601 = CARTESIAN_POINT('',(-3.279921568435,17.490131962596));
#2602 = CARTESIAN_POINT('',(-2.811609979174,16.78057661926));
#2603 = CARTESIAN_POINT('',(-2.305595092121,16.079861530216));
#2604 = CARTESIAN_POINT('',(-1.79226505272,15.427537116823));
#2605 = CARTESIAN_POINT('',(-1.256812898286,14.800837284315));
#2606 = CARTESIAN_POINT('',(-0.726078613454,14.224977665096));
#2607 = CARTESIAN_POINT('',(-0.116302638697,13.61566630706));
#2608 = CARTESIAN_POINT('',(0.139969012133,13.387746797201));
#2609 = CARTESIAN_POINT('',(0.399969533376,13.147240843796));
#2610 = ( GEOMETRIC_REPRESENTATION_CONTEXT(2) 
PARAMETRIC_REPRESENTATION_CONTEXT() REPRESENTATION_CONTEXT('2D SPACE',''
  ) );
#2611 = ORIENTED_EDGE('',*,*,#2295,.F.);
#2612 = ORIENTED_EDGE('',*,*,#2613,.F.);
#2613 = EDGE_CURVE('',#2468,#2296,#2614,.T.);
#2614 = SURFACE_CURVE('',#2615,(#2666,#2673),.PCURVE_S1.);
#2615 = B_SPLINE_CURVE_WITH_KNOTS('',3,(#2616,#2617,#2618,#2619,#2620,
    #2621,#2622,#2623,#2624,#2625,#2626,#2627,#2628,#2629,#2630,#2631,
    #2632,#2633,#2634,#2635,#2636,#2637,#2638,#2639,#2640,#2641,#2642,
    #2643,#2644,#2645,#2646,#2647,#2648,#2649,#2650,#2651,#2652,#2653,
    #2654,#2655,#2656,#2657,#2658,#2659,#2660,#2661,#2662,#2663,#2664,
    #2665),.UNSPECIFIED.,.F.,.F.,(4,1,1,1,1,1,1,1,1,1,1,1,1,1,1,1,1,1,1,
    1,1,1,1,1,1,1,1,1,1,1,1,1,1,1,1,1,1,1,1,1,1,1,1,1,1,1,1,4),(0.,
    0.72551896577,1.446812427957,2.167545581006,2.834652630785,
    3.561455250387,4.294404186133,5.035083262141,5.726745513771,
    6.485571675342,7.25499120568,8.035460380499,8.765906861733,
    9.568099084978,10.381469893138,11.205727652658,11.975881503332,
    12.819782078992,13.673026185696,14.534915364628,15.33753390218,
    16.21390469293,17.096636274619,17.984915961911,18.809100000342,
    19.705802922083,20.60576324729,21.508256924785,22.342991216384,
    23.248469118661,24.154594114226,25.060793204637,25.896884345071,
    26.801694858737,27.704993846459,28.606214463702,29.435742647904,
    30.331166080504,31.222462333173,32.108696907138,32.921319115104,
    33.794515353684,34.658772776489,35.512251077876,36.288651119977,
    37.115000087988,37.923185154055,38.651120081248),.UNSPECIFIED.);
#2616 = CARTESIAN_POINT('',(0.45350885127,48.104276713012,0.));
#2617 = CARTESIAN_POINT('',(0.296472552567,47.919970472485,0.));
#2618 = CARTESIAN_POINT('',(-1.956544766358E-02,47.556178968215,0.));
#2619 = CARTESIAN_POINT('',(-0.472410586833,46.992784907213,0.));
#2620 = CARTESIAN_POINT('',(-0.900006857568,46.434708696903,0.));
#2621 = CARTESIAN_POINT('',(-1.313852260783,45.863993331981,0.));
#2622 = CARTESIAN_POINT('',(-1.715406671348,45.279631612404,0.));
#2623 = CARTESIAN_POINT('',(-2.114645123302,44.664225564456,0.));
#2624 = CARTESIAN_POINT('',(-2.49138474715,44.04848889241,0.));
#2625 = CARTESIAN_POINT('',(-2.856734540937,43.415962600723,0.));
#2626 = CARTESIAN_POINT('',(-3.210585951824,42.765984401556,0.));
#2627 = CARTESIAN_POINT('',(-3.560745302639,42.080591574289,0.));
#2628 = CARTESIAN_POINT('',(-3.888719679102,41.394779528409,0.));
#2629 = CARTESIAN_POINT('',(-4.203688016384,40.690929075259,0.));
#2630 = CARTESIAN_POINT('',(-4.504845951063,39.969139645062,0.));
#2631 = CARTESIAN_POINT('',(-4.797861366055,39.21038161945,0.));
#2632 = CARTESIAN_POINT('',(-5.06665777555,38.454029203552,0.));
#2633 = CARTESIAN_POINT('',(-5.318518214314,37.681176437437,0.));
#2634 = CARTESIAN_POINT('',(-5.552314185468,36.892557796978,0.));
#2635 = CARTESIAN_POINT('',(-5.771216192382,36.067990404581,0.));
#2636 = CARTESIAN_POINT('',(-5.962880206793,35.250791481739,0.));
#2637 = CARTESIAN_POINT('',(-6.132557545214,34.42089376123,0.));
#2638 = CARTESIAN_POINT('',(-6.278976098759,33.579492718706,0.));
#2639 = CARTESIAN_POINT('',(-6.402949058301,32.705634952372,0.));
#2640 = CARTESIAN_POINT('',(-6.496819793177,31.845520110105,0.));
#2641 = CARTESIAN_POINT('',(-6.563622950087,30.978232252213,0.));
#2642 = CARTESIAN_POINT('',(-6.602244396839,30.105294805435,0.));
#2643 = CARTESIAN_POINT('',(-6.6106357212,29.205429257836,0.));
#2644 = CARTESIAN_POINT('',(-6.587340491706,28.326478280694,0.));
#2645 = CARTESIAN_POINT('',(-6.532903434063,27.44709217365,0.));
#2646 = CARTESIAN_POINT('',(-6.4466136461,26.568993145543,0.));
#2647 = CARTESIAN_POINT('',(-6.323405423359,25.671248574259,0.));
#2648 = CARTESIAN_POINT('',(-6.169107066793,24.801792929677,0.));
#2649 = CARTESIAN_POINT('',(-5.981597855311,23.93937765341,0.));
#2650 = CARTESIAN_POINT('',(-5.76079399669,23.085824159913,0.));
#2651 = CARTESIAN_POINT('',(-5.498725165056,22.221306529092,0.));
#2652 = CARTESIAN_POINT('',(-5.209134652432,21.39214491597,0.));
#2653 = CARTESIAN_POINT('',(-4.887241642236,20.577853939735,0.));
#2654 = CARTESIAN_POINT('',(-4.533832284114,19.780299474767,0.));
#2655 = CARTESIAN_POINT('',(-4.138511822526,18.981517333528,0.));
#2656 = CARTESIAN_POINT('',(-3.722916809738,18.224446695419,0.));
#2657 = CARTESIAN_POINT('',(-3.279921568435,17.490131962596,0.));
#2658 = CARTESIAN_POINT('',(-2.811609979174,16.78057661926,0.));
#2659 = CARTESIAN_POINT('',(-2.305595092121,16.079861530216,0.));
#2660 = CARTESIAN_POINT('',(-1.79226505272,15.427537116823,0.));
#2661 = CARTESIAN_POINT('',(-1.256812898286,14.800837284315,0.));
#2662 = CARTESIAN_POINT('',(-0.726078613454,14.224977665096,0.));
#2663 = CARTESIAN_POINT('',(-0.116302638697,13.61566630706,0.));
#2664 = CARTESIAN_POINT('',(0.139969012133,13.387746797201,0.));
#2665 = CARTESIAN_POINT('',(0.399969533376,13.147240843796,0.));
#2666 = PCURVE('',#2313,#2667);
#2667 = DEFINITIONAL_REPRESENTATION('',(#2668),#2672);
#2668 = LINE('',#2669,#2670);
#2669 = CARTESIAN_POINT('',(0.,0.));
#2670 = VECTOR('',#2671,1.);
#2671 = DIRECTION('',(1.,0.));
#2672 = ( GEOMETRIC_REPRESENTATION_CONTEXT(2) 
PARAMETRIC_REPRESENTATION_CONTEXT() REPRESENTATION_CONTEXT('2D SPACE',''
  ) );
#2673 = PCURVE('',#224,#2674);
#2674 = DEFINITIONAL_REPRESENTATION('',(#2675),#2726);
#2675 = B_SPLINE_CURVE_WITH_KNOTS('',3,(#2676,#2677,#2678,#2679,#2680,
    #2681,#2682,#2683,#2684,#2685,#2686,#2687,#2688,#2689,#2690,#2691,
    #2692,#2693,#2694,#2695,#2696,#2697,#2698,#2699,#2700,#2701,#2702,
    #2703,#2704,#2705,#2706,#2707,#2708,#2709,#2710,#2711,#2712,#2713,
    #2714,#2715,#2716,#2717,#2718,#2719,#2720,#2721,#2722,#2723,#2724,
    #2725),.UNSPECIFIED.,.F.,.F.,(4,1,1,1,1,1,1,1,1,1,1,1,1,1,1,1,1,1,1,
    1,1,1,1,1,1,1,1,1,1,1,1,1,1,1,1,1,1,1,1,1,1,1,1,1,1,1,1,4),(0.,
    0.72551896577,1.446812427957,2.167545581006,2.834652630785,
    3.561455250387,4.294404186133,5.035083262141,5.726745513771,
    6.485571675342,7.25499120568,8.035460380499,8.765906861733,
    9.568099084978,10.381469893138,11.205727652658,11.975881503332,
    12.819782078992,13.673026185696,14.534915364628,15.33753390218,
    16.21390469293,17.096636274619,17.984915961911,18.809100000342,
    19.705802922083,20.60576324729,21.508256924785,22.342991216384,
    23.248469118661,24.154594114226,25.060793204637,25.896884345071,
    26.801694858737,27.704993846459,28.606214463702,29.435742647904,
    30.331166080504,31.222462333173,32.108696907138,32.921319115104,
    33.794515353684,34.658772776489,35.512251077876,36.288651119977,
    37.115000087988,37.923185154055,38.651120081248),.UNSPECIFIED.);
#2676 = CARTESIAN_POINT('',(0.45350885127,48.104276713012));
#2677 = CARTESIAN_POINT('',(0.296472552567,47.919970472485));
#2678 = CARTESIAN_POINT('',(-1.956544766358E-02,47.556178968215));
#2679 = CARTESIAN_POINT('',(-0.472410586833,46.992784907213));
#2680 = CARTESIAN_POINT('',(-0.900006857568,46.434708696903));
#2681 = CARTESIAN_POINT('',(-1.313852260783,45.863993331981));
#2682 = CARTESIAN_POINT('',(-1.715406671348,45.279631612404));
#2683 = CARTESIAN_POINT('',(-2.114645123302,44.664225564456));
#2684 = CARTESIAN_POINT('',(-2.49138474715,44.04848889241));
#2685 = CARTESIAN_POINT('',(-2.856734540937,43.415962600723));
#2686 = CARTESIAN_POINT('',(-3.210585951824,42.765984401556));
#2687 = CARTESIAN_POINT('',(-3.560745302639,42.080591574289));
#2688 = CARTESIAN_POINT('',(-3.888719679102,41.394779528409));
#2689 = CARTESIAN_POINT('',(-4.203688016384,40.690929075259));
#2690 = CARTESIAN_POINT('',(-4.504845951063,39.969139645062));
#2691 = CARTESIAN_POINT('',(-4.797861366055,39.21038161945));
#2692 = CARTESIAN_POINT('',(-5.06665777555,38.454029203552));
#2693 = CARTESIAN_POINT('',(-5.318518214314,37.681176437437));
#2694 = CARTESIAN_POINT('',(-5.552314185468,36.892557796978));
#2695 = CARTESIAN_POINT('',(-5.771216192382,36.067990404581));
#2696 = CARTESIAN_POINT('',(-5.962880206793,35.250791481739));
#2697 = CARTESIAN_POINT('',(-6.132557545214,34.42089376123));
#2698 = CARTESIAN_POINT('',(-6.278976098759,33.579492718706));
#2699 = CARTESIAN_POINT('',(-6.402949058301,32.705634952372));
#2700 = CARTESIAN_POINT('',(-6.496819793177,31.845520110105));
#2701 = CARTESIAN_POINT('',(-6.563622950087,30.978232252213));
#2702 = CARTESIAN_POINT('',(-6.602244396839,30.105294805435));
#2703 = CARTESIAN_POINT('',(-6.6106357212,29.205429257836));
#2704 = CARTESIAN_POINT('',(-6.587340491706,28.326478280694));
#2705 = CARTESIAN_POINT('',(-6.532903434063,27.44709217365));
#2706 = CARTESIAN_POINT('',(-6.4466136461,26.568993145543));
#2707 = CARTESIAN_POINT('',(-6.323405423359,25.671248574259));
#2708 = CARTESIAN_POINT('',(-6.169107066793,24.801792929677));
#2709 = CARTESIAN_POINT('',(-5.981597855311,23.93937765341));
#2710 = CARTESIAN_POINT('',(-5.76079399669,23.085824159913));
#2711 = CARTESIAN_POINT('',(-5.498725165056,22.221306529092));
#2712 = CARTESIAN_POINT('',(-5.209134652432,21.39214491597));
#2713 = CARTESIAN_POINT('',(-4.887241642236,20.577853939735));
#2714 = CARTESIAN_POINT('',(-4.533832284114,19.780299474767));
#2715 = CARTESIAN_POINT('',(-4.138511822526,18.981517333528));
#2716 = CARTESIAN_POINT('',(-3.722916809738,18.224446695419));
#2717 = CARTESIAN_POINT('',(-3.279921568435,17.490131962596));
#2718 = CARTESIAN_POINT('',(-2.811609979174,16.78057661926));
#2719 = CARTESIAN_POINT('',(-2.305595092121,16.079861530216));
#2720 = CARTESIAN_POINT('',(-1.79226505272,15.427537116823));
#2721 = CARTESIAN_POINT('',(-1.256812898286,14.800837284315));
#2722 = CARTESIAN_POINT('',(-0.726078613454,14.224977665096));
#2723 = CARTESIAN_POINT('',(-0.116302638697,13.61566630706));
#2724 = CARTESIAN_POINT('',(0.139969012133,13.387746797201));
#2725 = CARTESIAN_POINT('',(0.399969533376,13.147240843796));
#2726 = ( GEOMETRIC_REPRESENTATION_CONTEXT(2) 
PARAMETRIC_REPRESENTATION_CONTEXT() REPRESENTATION_CONTEXT('2D SPACE',''
  ) );
#2727 = ADVANCED_FACE('',(#2728),#2485,.T.);
#2728 = FACE_BOUND('',#2729,.T.);
#2729 = EDGE_LOOP('',(#2730,#2760,#2781,#2782));
#2730 = ORIENTED_EDGE('',*,*,#2731,.T.);
#2731 = EDGE_CURVE('',#2732,#2734,#2736,.T.);
#2732 = VERTEX_POINT('',#2733);
#2733 = CARTESIAN_POINT('',(0.785159873253,48.493644160584,0.));
#2734 = VERTEX_POINT('',#2735);
#2735 = CARTESIAN_POINT('',(0.785159873253,48.493644160584,22.4));
#2736 = SURFACE_CURVE('',#2737,(#2741,#2748),.PCURVE_S1.);
#2737 = LINE('',#2738,#2739);
#2738 = CARTESIAN_POINT('',(0.785159873253,48.493644160584,0.));
#2739 = VECTOR('',#2740,1.);
#2740 = DIRECTION('',(0.,0.,1.));
#2741 = PCURVE('',#2485,#2742);
#2742 = DEFINITIONAL_REPRESENTATION('',(#2743),#2747);
#2743 = LINE('',#2744,#2745);
#2744 = CARTESIAN_POINT('',(-1.007862358749E-15,0.));
#2745 = VECTOR('',#2746,1.);
#2746 = DIRECTION('',(0.,-1.));
#2747 = ( GEOMETRIC_REPRESENTATION_CONTEXT(2) 
PARAMETRIC_REPRESENTATION_CONTEXT() REPRESENTATION_CONTEXT('2D SPACE',''
  ) );
#2748 = PCURVE('',#2749,#2754);
#2749 = CYLINDRICAL_SURFACE('',#2750,48.5);
#2750 = AXIS2_PLACEMENT_3D('',#2751,#2752,#2753);
#2751 = CARTESIAN_POINT('',(0.,0.,0.));
#2752 = DIRECTION('',(-0.,-0.,-1.));
#2753 = DIRECTION('',(1.,0.,-0.));
#2754 = DEFINITIONAL_REPRESENTATION('',(#2755),#2759);
#2755 = LINE('',#2756,#2757);
#2756 = CARTESIAN_POINT('',(-1.554606756218,0.));
#2757 = VECTOR('',#2758,1.);
#2758 = DIRECTION('',(-0.,-1.));
#2759 = ( GEOMETRIC_REPRESENTATION_CONTEXT(2) 
PARAMETRIC_REPRESENTATION_CONTEXT() REPRESENTATION_CONTEXT('2D SPACE',''
  ) );
#2760 = ORIENTED_EDGE('',*,*,#2761,.T.);
#2761 = EDGE_CURVE('',#2734,#2470,#2762,.T.);
#2762 = SURFACE_CURVE('',#2763,(#2767,#2774),.PCURVE_S1.);
#2763 = LINE('',#2764,#2765);
#2764 = CARTESIAN_POINT('',(2.290293056105,50.26071203258,22.4));
#2765 = VECTOR('',#2766,1.);
#2766 = DIRECTION('',(-0.648429791901,-0.761274461003,0.));
#2767 = PCURVE('',#2485,#2768);
#2768 = DEFINITIONAL_REPRESENTATION('',(#2769),#2773);
#2769 = LINE('',#2770,#2771);
#2770 = CARTESIAN_POINT('',(-2.321196838349,-22.4));
#2771 = VECTOR('',#2772,1.);
#2772 = DIRECTION('',(1.,0.));
#2773 = ( GEOMETRIC_REPRESENTATION_CONTEXT(2) 
PARAMETRIC_REPRESENTATION_CONTEXT() REPRESENTATION_CONTEXT('2D SPACE',''
  ) );
#2774 = PCURVE('',#169,#2775);
#2775 = DEFINITIONAL_REPRESENTATION('',(#2776),#2780);
#2776 = LINE('',#2777,#2778);
#2777 = CARTESIAN_POINT('',(2.290293056105,50.26071203258));
#2778 = VECTOR('',#2779,1.);
#2779 = DIRECTION('',(-0.648429791901,-0.761274461003));
#2780 = ( GEOMETRIC_REPRESENTATION_CONTEXT(2) 
PARAMETRIC_REPRESENTATION_CONTEXT() REPRESENTATION_CONTEXT('2D SPACE',''
  ) );
#2781 = ORIENTED_EDGE('',*,*,#2467,.F.);
#2782 = ORIENTED_EDGE('',*,*,#2783,.F.);
#2783 = EDGE_CURVE('',#2732,#2468,#2784,.T.);
#2784 = SURFACE_CURVE('',#2785,(#2789,#2796),.PCURVE_S1.);
#2785 = LINE('',#2786,#2787);
#2786 = CARTESIAN_POINT('',(2.290293056105,50.26071203258,0.));
#2787 = VECTOR('',#2788,1.);
#2788 = DIRECTION('',(-0.648429791901,-0.761274461003,0.));
#2789 = PCURVE('',#2485,#2790);
#2790 = DEFINITIONAL_REPRESENTATION('',(#2791),#2795);
#2791 = LINE('',#2792,#2793);
#2792 = CARTESIAN_POINT('',(-2.321196838349,0.));
#2793 = VECTOR('',#2794,1.);
#2794 = DIRECTION('',(1.,0.));
#2795 = ( GEOMETRIC_REPRESENTATION_CONTEXT(2) 
PARAMETRIC_REPRESENTATION_CONTEXT() REPRESENTATION_CONTEXT('2D SPACE',''
  ) );
#2796 = PCURVE('',#224,#2797);
#2797 = DEFINITIONAL_REPRESENTATION('',(#2798),#2802);
#2798 = LINE('',#2799,#2800);
#2799 = CARTESIAN_POINT('',(2.290293056105,50.26071203258));
#2800 = VECTOR('',#2801,1.);
#2801 = DIRECTION('',(-0.648429791901,-0.761274461003));
#2802 = ( GEOMETRIC_REPRESENTATION_CONTEXT(2) 
PARAMETRIC_REPRESENTATION_CONTEXT() REPRESENTATION_CONTEXT('2D SPACE',''
  ) );
#2803 = ADVANCED_FACE('',(#2804),#2749,.F.);
#2804 = FACE_BOUND('',#2805,.T.);
#2805 = EDGE_LOOP('',(#2806,#2831,#2853,#2854));
#2806 = ORIENTED_EDGE('',*,*,#2807,.T.);
#2807 = EDGE_CURVE('',#2808,#2810,#2812,.T.);
#2808 = VERTEX_POINT('',#2809);
#2809 = CARTESIAN_POINT('',(23.556158584886,42.395252006843,0.));
#2810 = VERTEX_POINT('',#2811);
#2811 = CARTESIAN_POINT('',(23.556158584886,42.395252006843,22.4));
#2812 = SURFACE_CURVE('',#2813,(#2817,#2824),.PCURVE_S1.);
#2813 = LINE('',#2814,#2815);
#2814 = CARTESIAN_POINT('',(23.556158584886,42.395252006843,0.));
#2815 = VECTOR('',#2816,1.);
#2816 = DIRECTION('',(0.,0.,1.));
#2817 = PCURVE('',#2749,#2818);
#2818 = DEFINITIONAL_REPRESENTATION('',(#2819),#2823);
#2819 = LINE('',#2820,#2821);
#2820 = CARTESIAN_POINT('',(-1.063639410613,0.));
#2821 = VECTOR('',#2822,1.);
#2822 = DIRECTION('',(-0.,-1.));
#2823 = ( GEOMETRIC_REPRESENTATION_CONTEXT(2) 
PARAMETRIC_REPRESENTATION_CONTEXT() REPRESENTATION_CONTEXT('2D SPACE',''
  ) );
#2824 = PCURVE('',#2110,#2825);
#2825 = DEFINITIONAL_REPRESENTATION('',(#2826),#2830);
#2826 = LINE('',#2827,#2828);
#2827 = CARTESIAN_POINT('',(40.083562049213,0.));
#2828 = VECTOR('',#2829,1.);
#2829 = DIRECTION('',(0.,-1.));
#2830 = ( GEOMETRIC_REPRESENTATION_CONTEXT(2) 
PARAMETRIC_REPRESENTATION_CONTEXT() REPRESENTATION_CONTEXT('2D SPACE',''
  ) );
#2831 = ORIENTED_EDGE('',*,*,#2832,.T.);
#2832 = EDGE_CURVE('',#2810,#2734,#2833,.T.);
#2833 = SURFACE_CURVE('',#2834,(#2839,#2846),.PCURVE_S1.);
#2834 = CIRCLE('',#2835,48.5);
#2835 = AXIS2_PLACEMENT_3D('',#2836,#2837,#2838);
#2836 = CARTESIAN_POINT('',(0.,0.,22.4));
#2837 = DIRECTION('',(0.,0.,1.));
#2838 = DIRECTION('',(1.,0.,-0.));
#2839 = PCURVE('',#2749,#2840);
#2840 = DEFINITIONAL_REPRESENTATION('',(#2841),#2845);
#2841 = LINE('',#2842,#2843);
#2842 = CARTESIAN_POINT('',(-0.,-22.4));
#2843 = VECTOR('',#2844,1.);
#2844 = DIRECTION('',(-1.,0.));
#2845 = ( GEOMETRIC_REPRESENTATION_CONTEXT(2) 
PARAMETRIC_REPRESENTATION_CONTEXT() REPRESENTATION_CONTEXT('2D SPACE',''
  ) );
#2846 = PCURVE('',#169,#2847);
#2847 = DEFINITIONAL_REPRESENTATION('',(#2848),#2852);
#2848 = CIRCLE('',#2849,48.5);
#2849 = AXIS2_PLACEMENT_2D('',#2850,#2851);
#2850 = CARTESIAN_POINT('',(0.,-1.204325410458E-15));
#2851 = DIRECTION('',(1.,0.));
#2852 = ( GEOMETRIC_REPRESENTATION_CONTEXT(2) 
PARAMETRIC_REPRESENTATION_CONTEXT() REPRESENTATION_CONTEXT('2D SPACE',''
  ) );
#2853 = ORIENTED_EDGE('',*,*,#2731,.F.);
#2854 = ORIENTED_EDGE('',*,*,#2855,.F.);
#2855 = EDGE_CURVE('',#2808,#2732,#2856,.T.);
#2856 = SURFACE_CURVE('',#2857,(#2862,#2869),.PCURVE_S1.);
#2857 = CIRCLE('',#2858,48.5);
#2858 = AXIS2_PLACEMENT_3D('',#2859,#2860,#2861);
#2859 = CARTESIAN_POINT('',(0.,0.,0.));
#2860 = DIRECTION('',(0.,0.,1.));
#2861 = DIRECTION('',(1.,0.,-0.));
#2862 = PCURVE('',#2749,#2863);
#2863 = DEFINITIONAL_REPRESENTATION('',(#2864),#2868);
#2864 = LINE('',#2865,#2866);
#2865 = CARTESIAN_POINT('',(-0.,0.));
#2866 = VECTOR('',#2867,1.);
#2867 = DIRECTION('',(-1.,0.));
#2868 = ( GEOMETRIC_REPRESENTATION_CONTEXT(2) 
PARAMETRIC_REPRESENTATION_CONTEXT() REPRESENTATION_CONTEXT('2D SPACE',''
  ) );
#2869 = PCURVE('',#224,#2870);
#2870 = DEFINITIONAL_REPRESENTATION('',(#2871),#2875);
#2871 = CIRCLE('',#2872,48.5);
#2872 = AXIS2_PLACEMENT_2D('',#2873,#2874);
#2873 = CARTESIAN_POINT('',(0.,-1.204325410458E-15));
#2874 = DIRECTION('',(1.,0.));
#2875 = ( GEOMETRIC_REPRESENTATION_CONTEXT(2) 
PARAMETRIC_REPRESENTATION_CONTEXT() REPRESENTATION_CONTEXT('2D SPACE',''
  ) );
#2876 = ADVANCED_FACE('',(#2877),#2110,.T.);
#2877 = FACE_BOUND('',#2878,.T.);
#2878 = EDGE_LOOP('',(#2879,#2880,#2995,#2996));
#2879 = ORIENTED_EDGE('',*,*,#2087,.T.);
#2880 = ORIENTED_EDGE('',*,*,#2881,.T.);
#2881 = EDGE_CURVE('',#2090,#2810,#2882,.T.);
#2882 = SURFACE_CURVE('',#2883,(#2934,#2941),.PCURVE_S1.);
#2883 = B_SPLINE_CURVE_WITH_KNOTS('',3,(#2884,#2885,#2886,#2887,#2888,
    #2889,#2890,#2891,#2892,#2893,#2894,#2895,#2896,#2897,#2898,#2899,
    #2900,#2901,#2902,#2903,#2904,#2905,#2906,#2907,#2908,#2909,#2910,
    #2911,#2912,#2913,#2914,#2915,#2916,#2917,#2918,#2919,#2920,#2921,
    #2922,#2923,#2924,#2925,#2926,#2927,#2928,#2929,#2930,#2931,#2932,
    #2933),.UNSPECIFIED.,.F.,.F.,(4,1,1,1,1,1,1,1,1,1,1,1,1,1,1,1,1,1,1,
    1,1,1,1,1,1,1,1,1,1,1,1,1,1,1,1,1,1,1,1,1,1,1,1,1,1,1,1,4),(0.,
    0.770020974153,1.626265687068,2.501235809007,3.323017628822,
    4.226168942917,5.140567564886,6.064285262741,6.923787879437,
    7.860959618837,8.803220404646,9.749496837408,10.625745778606,
    11.577210076157,12.530237508485,13.484135816053,14.364871812505,
    15.318618169461,16.271356512646,17.222443906393,18.098342389538,
    19.044380308015,19.986772779966,20.924790631856,21.786128506054,
    22.713614611572,23.634502775488,24.548028034391,25.38410411673,
    26.281393184443,27.169232325991,28.047009844699,28.847877333261,
    29.704892084705,30.550578145199,31.384742808357,32.14448317376,
    32.956538608657,33.75747556067,34.547827237765,35.268649993444,
    36.041021221912,36.805779378973,37.564485879874,38.261073281275,
    39.01367744831,39.766626217161,40.522198623296),.UNSPECIFIED.);
#2884 = CARTESIAN_POINT('',(5.779995801459,10.811185462413,22.4));
#2885 = CARTESIAN_POINT('',(5.704001703035,11.056254991523,22.4));
#2886 = CARTESIAN_POINT('',(5.536616376993,11.572127583822,22.4));
#2887 = CARTESIAN_POINT('',(5.323359011338,12.378457631121,22.4));
#2888 = CARTESIAN_POINT('',(5.135032107618,13.208540324342,22.4));
#2889 = CARTESIAN_POINT('',(4.97755483101,14.060974844995,22.4));
#2890 = CARTESIAN_POINT('',(4.851780555304,14.931964377745,22.4));
#2891 = CARTESIAN_POINT('',(4.75895288089,15.84126115267,22.4));
#2892 = CARTESIAN_POINT('',(4.705184290526,16.739128668558,22.4));
#2893 = CARTESIAN_POINT('',(4.687753470237,17.645982550184,22.4));
#2894 = CARTESIAN_POINT('',(4.707437542484,18.559028265218,22.4));
#2895 = CARTESIAN_POINT('',(4.767727971147,19.499281096016,22.4));
#2896 = CARTESIAN_POINT('',(4.865703467748,20.41593656905,22.4));
#2897 = CARTESIAN_POINT('',(5.001303181812,21.330832172754,22.4));
#2898 = CARTESIAN_POINT('',(5.174206920646,22.241757743422,22.4));
#2899 = CARTESIAN_POINT('',(5.390795676388,23.169888233268,22.4));
#2900 = CARTESIAN_POINT('',(5.639123307605,24.065586325098,22.4));
#2901 = CARTESIAN_POINT('',(5.922283794279,24.951082265345,22.4));
#2902 = CARTESIAN_POINT('',(6.239158031315,25.824712319785,22.4));
#2903 = CARTESIAN_POINT('',(6.598917274194,26.706941123,22.4));
#2904 = CARTESIAN_POINT('',(6.98159263176,27.551050901772,22.4));
#2905 = CARTESIAN_POINT('',(7.393492358608,28.378740621118,22.4));
#2906 = CARTESIAN_POINT('',(7.833000559333,29.188845540675,22.4));
#2907 = CARTESIAN_POINT('',(8.311754305156,30.000514700637,22.4));
#2908 = CARTESIAN_POINT('',(8.803340882316,30.771177468867,22.4));
#2909 = CARTESIAN_POINT('',(9.316999687833,31.521241160434,22.4));
#2910 = CARTESIAN_POINT('',(9.850910214552,32.249989031582,22.4));
#2911 = CARTESIAN_POINT('',(10.418742506961,32.974843961159,22.4));
#2912 = CARTESIAN_POINT('',(10.989487225097,33.65814380766,22.4));
#2913 = CARTESIAN_POINT('',(11.574823513564,34.318465050838,22.4));
#2914 = CARTESIAN_POINT('',(12.173008607268,34.955500011113,22.4));
#2915 = CARTESIAN_POINT('',(12.799320171454,35.584661596155,22.4));
#2916 = CARTESIAN_POINT('',(13.419870367066,36.173716046636,22.4));
#2917 = CARTESIAN_POINT('',(14.048401053775,36.738957189893,22.4));
#2918 = CARTESIAN_POINT('',(14.683508078293,37.280476384384,22.4));
#2919 = CARTESIAN_POINT('',(15.341678466864,37.81156858636,22.4));
#2920 = CARTESIAN_POINT('',(15.98804235015,38.305189948989,22.4));
#2921 = CARTESIAN_POINT('',(16.637681239999,38.775589772907,22.4));
#2922 = CARTESIAN_POINT('',(17.289896880341,39.223138707278,22.4));
#2923 = CARTESIAN_POINT('',(17.962196306679,39.658970786191,22.4));
#2924 = CARTESIAN_POINT('',(18.619730435442,40.061155141349,22.4));
#2925 = CARTESIAN_POINT('',(19.279003889715,40.441858339469,22.4));
#2926 = CARTESIAN_POINT('',(19.940006859091,40.801617639169,22.4));
#2927 = CARTESIAN_POINT('',(20.622320456077,41.149823667429,22.4));
#2928 = CARTESIAN_POINT('',(21.287958225001,41.467884727312,22.4));
#2929 = CARTESIAN_POINT('',(21.967944687759,41.770898186508,22.4));
#2930 = CARTESIAN_POINT('',(22.614514013321,42.041339665499,22.4));
#2931 = CARTESIAN_POINT('',(23.436446302744,42.356678966097,22.4));
#2932 = CARTESIAN_POINT('',(23.614561335235,42.414947175314,22.4));
#2933 = CARTESIAN_POINT('',(24.055111457453,42.571692928581,22.4));
#2934 = PCURVE('',#2110,#2935);
#2935 = DEFINITIONAL_REPRESENTATION('',(#2936),#2940);
#2936 = LINE('',#2937,#2938);
#2937 = CARTESIAN_POINT('',(0.,-22.4));
#2938 = VECTOR('',#2939,1.);
#2939 = DIRECTION('',(1.,0.));
#2940 = ( GEOMETRIC_REPRESENTATION_CONTEXT(2) 
PARAMETRIC_REPRESENTATION_CONTEXT() REPRESENTATION_CONTEXT('2D SPACE',''
  ) );
#2941 = PCURVE('',#169,#2942);
#2942 = DEFINITIONAL_REPRESENTATION('',(#2943),#2994);
#2943 = B_SPLINE_CURVE_WITH_KNOTS('',3,(#2944,#2945,#2946,#2947,#2948,
    #2949,#2950,#2951,#2952,#2953,#2954,#2955,#2956,#2957,#2958,#2959,
    #2960,#2961,#2962,#2963,#2964,#2965,#2966,#2967,#2968,#2969,#2970,
    #2971,#2972,#2973,#2974,#2975,#2976,#2977,#2978,#2979,#2980,#2981,
    #2982,#2983,#2984,#2985,#2986,#2987,#2988,#2989,#2990,#2991,#2992,
    #2993),.UNSPECIFIED.,.F.,.F.,(4,1,1,1,1,1,1,1,1,1,1,1,1,1,1,1,1,1,1,
    1,1,1,1,1,1,1,1,1,1,1,1,1,1,1,1,1,1,1,1,1,1,1,1,1,1,1,1,4),(0.,
    0.770020974153,1.626265687068,2.501235809007,3.323017628822,
    4.226168942917,5.140567564886,6.064285262741,6.923787879437,
    7.860959618837,8.803220404646,9.749496837408,10.625745778606,
    11.577210076157,12.530237508485,13.484135816053,14.364871812505,
    15.318618169461,16.271356512646,17.222443906393,18.098342389538,
    19.044380308015,19.986772779966,20.924790631856,21.786128506054,
    22.713614611572,23.634502775488,24.548028034391,25.38410411673,
    26.281393184443,27.169232325991,28.047009844699,28.847877333261,
    29.704892084705,30.550578145199,31.384742808357,32.14448317376,
    32.956538608657,33.75747556067,34.547827237765,35.268649993444,
    36.041021221912,36.805779378973,37.564485879874,38.261073281275,
    39.01367744831,39.766626217161,40.522198623296),.UNSPECIFIED.);
#2944 = CARTESIAN_POINT('',(5.779995801459,10.811185462413));
#2945 = CARTESIAN_POINT('',(5.704001703035,11.056254991523));
#2946 = CARTESIAN_POINT('',(5.536616376993,11.572127583822));
#2947 = CARTESIAN_POINT('',(5.323359011338,12.378457631121));
#2948 = CARTESIAN_POINT('',(5.135032107618,13.208540324342));
#2949 = CARTESIAN_POINT('',(4.97755483101,14.060974844995));
#2950 = CARTESIAN_POINT('',(4.851780555304,14.931964377745));
#2951 = CARTESIAN_POINT('',(4.75895288089,15.84126115267));
#2952 = CARTESIAN_POINT('',(4.705184290526,16.739128668558));
#2953 = CARTESIAN_POINT('',(4.687753470237,17.645982550184));
#2954 = CARTESIAN_POINT('',(4.707437542484,18.559028265218));
#2955 = CARTESIAN_POINT('',(4.767727971147,19.499281096016));
#2956 = CARTESIAN_POINT('',(4.865703467748,20.41593656905));
#2957 = CARTESIAN_POINT('',(5.001303181812,21.330832172754));
#2958 = CARTESIAN_POINT('',(5.174206920646,22.241757743422));
#2959 = CARTESIAN_POINT('',(5.390795676388,23.169888233268));
#2960 = CARTESIAN_POINT('',(5.639123307605,24.065586325098));
#2961 = CARTESIAN_POINT('',(5.922283794279,24.951082265345));
#2962 = CARTESIAN_POINT('',(6.239158031315,25.824712319785));
#2963 = CARTESIAN_POINT('',(6.598917274194,26.706941123));
#2964 = CARTESIAN_POINT('',(6.98159263176,27.551050901772));
#2965 = CARTESIAN_POINT('',(7.393492358608,28.378740621118));
#2966 = CARTESIAN_POINT('',(7.833000559333,29.188845540675));
#2967 = CARTESIAN_POINT('',(8.311754305156,30.000514700637));
#2968 = CARTESIAN_POINT('',(8.803340882316,30.771177468867));
#2969 = CARTESIAN_POINT('',(9.316999687833,31.521241160434));
#2970 = CARTESIAN_POINT('',(9.850910214552,32.249989031582));
#2971 = CARTESIAN_POINT('',(10.418742506961,32.974843961159));
#2972 = CARTESIAN_POINT('',(10.989487225097,33.65814380766));
#2973 = CARTESIAN_POINT('',(11.574823513564,34.318465050838));
#2974 = CARTESIAN_POINT('',(12.173008607268,34.955500011113));
#2975 = CARTESIAN_POINT('',(12.799320171454,35.584661596155));
#2976 = CARTESIAN_POINT('',(13.419870367066,36.173716046636));
#2977 = CARTESIAN_POINT('',(14.048401053775,36.738957189893));
#2978 = CARTESIAN_POINT('',(14.683508078293,37.280476384384));
#2979 = CARTESIAN_POINT('',(15.341678466864,37.81156858636));
#2980 = CARTESIAN_POINT('',(15.98804235015,38.305189948989));
#2981 = CARTESIAN_POINT('',(16.637681239999,38.775589772907));
#2982 = CARTESIAN_POINT('',(17.289896880341,39.223138707278));
#2983 = CARTESIAN_POINT('',(17.962196306679,39.658970786191));
#2984 = CARTESIAN_POINT('',(18.619730435442,40.061155141349));
#2985 = CARTESIAN_POINT('',(19.279003889715,40.441858339469));
#2986 = CARTESIAN_POINT('',(19.940006859091,40.801617639169));
#2987 = CARTESIAN_POINT('',(20.622320456077,41.149823667429));
#2988 = CARTESIAN_POINT('',(21.287958225001,41.467884727312));
#2989 = CARTESIAN_POINT('',(21.967944687759,41.770898186508));
#2990 = CARTESIAN_POINT('',(22.614514013321,42.041339665499));
#2991 = CARTESIAN_POINT('',(23.436446302744,42.356678966097));
#2992 = CARTESIAN_POINT('',(23.614561335235,42.414947175314));
#2993 = CARTESIAN_POINT('',(24.055111457453,42.571692928581));
#2994 = ( GEOMETRIC_REPRESENTATION_CONTEXT(2) 
PARAMETRIC_REPRESENTATION_CONTEXT() REPRESENTATION_CONTEXT('2D SPACE',''
  ) );
#2995 = ORIENTED_EDGE('',*,*,#2807,.F.);
#2996 = ORIENTED_EDGE('',*,*,#2997,.F.);
#2997 = EDGE_CURVE('',#2088,#2808,#2998,.T.);
#2998 = SURFACE_CURVE('',#2999,(#3050,#3057),.PCURVE_S1.);
#2999 = B_SPLINE_CURVE_WITH_KNOTS('',3,(#3000,#3001,#3002,#3003,#3004,
    #3005,#3006,#3007,#3008,#3009,#3010,#3011,#3012,#3013,#3014,#3015,
    #3016,#3017,#3018,#3019,#3020,#3021,#3022,#3023,#3024,#3025,#3026,
    #3027,#3028,#3029,#3030,#3031,#3032,#3033,#3034,#3035,#3036,#3037,
    #3038,#3039,#3040,#3041,#3042,#3043,#3044,#3045,#3046,#3047,#3048,
    #3049),.UNSPECIFIED.,.F.,.F.,(4,1,1,1,1,1,1,1,1,1,1,1,1,1,1,1,1,1,1,
    1,1,1,1,1,1,1,1,1,1,1,1,1,1,1,1,1,1,1,1,1,1,1,1,1,1,1,1,4),(0.,
    0.770020974153,1.626265687068,2.501235809007,3.323017628822,
    4.226168942917,5.140567564886,6.064285262741,6.923787879437,
    7.860959618837,8.803220404646,9.749496837408,10.625745778606,
    11.577210076157,12.530237508485,13.484135816053,14.364871812505,
    15.318618169461,16.271356512646,17.222443906393,18.098342389538,
    19.044380308015,19.986772779966,20.924790631856,21.786128506054,
    22.713614611572,23.634502775488,24.548028034391,25.38410411673,
    26.281393184443,27.169232325991,28.047009844699,28.847877333261,
    29.704892084705,30.550578145199,31.384742808357,32.14448317376,
    32.956538608657,33.75747556067,34.547827237765,35.268649993444,
    36.041021221912,36.805779378973,37.564485879874,38.261073281275,
    39.01367744831,39.766626217161,40.522198623296),.UNSPECIFIED.);
#3000 = CARTESIAN_POINT('',(5.779995801459,10.811185462413,0.));
#3001 = CARTESIAN_POINT('',(5.704001703035,11.056254991523,0.));
#3002 = CARTESIAN_POINT('',(5.536616376993,11.572127583822,0.));
#3003 = CARTESIAN_POINT('',(5.323359011338,12.378457631121,0.));
#3004 = CARTESIAN_POINT('',(5.135032107618,13.208540324342,0.));
#3005 = CARTESIAN_POINT('',(4.97755483101,14.060974844995,0.));
#3006 = CARTESIAN_POINT('',(4.851780555304,14.931964377745,0.));
#3007 = CARTESIAN_POINT('',(4.75895288089,15.84126115267,0.));
#3008 = CARTESIAN_POINT('',(4.705184290526,16.739128668558,0.));
#3009 = CARTESIAN_POINT('',(4.687753470237,17.645982550184,0.));
#3010 = CARTESIAN_POINT('',(4.707437542484,18.559028265218,0.));
#3011 = CARTESIAN_POINT('',(4.767727971147,19.499281096016,0.));
#3012 = CARTESIAN_POINT('',(4.865703467748,20.41593656905,0.));
#3013 = CARTESIAN_POINT('',(5.001303181812,21.330832172754,0.));
#3014 = CARTESIAN_POINT('',(5.174206920646,22.241757743422,0.));
#3015 = CARTESIAN_POINT('',(5.390795676388,23.169888233268,0.));
#3016 = CARTESIAN_POINT('',(5.639123307605,24.065586325098,0.));
#3017 = CARTESIAN_POINT('',(5.922283794279,24.951082265345,0.));
#3018 = CARTESIAN_POINT('',(6.239158031315,25.824712319785,0.));
#3019 = CARTESIAN_POINT('',(6.598917274194,26.706941123,0.));
#3020 = CARTESIAN_POINT('',(6.98159263176,27.551050901772,0.));
#3021 = CARTESIAN_POINT('',(7.393492358608,28.378740621118,0.));
#3022 = CARTESIAN_POINT('',(7.833000559333,29.188845540675,0.));
#3023 = CARTESIAN_POINT('',(8.311754305156,30.000514700637,0.));
#3024 = CARTESIAN_POINT('',(8.803340882316,30.771177468867,0.));
#3025 = CARTESIAN_POINT('',(9.316999687833,31.521241160434,0.));
#3026 = CARTESIAN_POINT('',(9.850910214552,32.249989031582,0.));
#3027 = CARTESIAN_POINT('',(10.418742506961,32.974843961159,0.));
#3028 = CARTESIAN_POINT('',(10.989487225097,33.65814380766,0.));
#3029 = CARTESIAN_POINT('',(11.574823513564,34.318465050838,0.));
#3030 = CARTESIAN_POINT('',(12.173008607268,34.955500011113,0.));
#3031 = CARTESIAN_POINT('',(12.799320171454,35.584661596155,0.));
#3032 = CARTESIAN_POINT('',(13.419870367066,36.173716046636,0.));
#3033 = CARTESIAN_POINT('',(14.048401053775,36.738957189893,0.));
#3034 = CARTESIAN_POINT('',(14.683508078293,37.280476384384,0.));
#3035 = CARTESIAN_POINT('',(15.341678466864,37.81156858636,0.));
#3036 = CARTESIAN_POINT('',(15.98804235015,38.305189948989,0.));
#3037 = CARTESIAN_POINT('',(16.637681239999,38.775589772907,0.));
#3038 = CARTESIAN_POINT('',(17.289896880341,39.223138707278,0.));
#3039 = CARTESIAN_POINT('',(17.962196306679,39.658970786191,0.));
#3040 = CARTESIAN_POINT('',(18.619730435442,40.061155141349,0.));
#3041 = CARTESIAN_POINT('',(19.279003889715,40.441858339469,0.));
#3042 = CARTESIAN_POINT('',(19.940006859091,40.801617639169,0.));
#3043 = CARTESIAN_POINT('',(20.622320456077,41.149823667429,0.));
#3044 = CARTESIAN_POINT('',(21.287958225001,41.467884727312,0.));
#3045 = CARTESIAN_POINT('',(21.967944687759,41.770898186508,0.));
#3046 = CARTESIAN_POINT('',(22.614514013321,42.041339665499,0.));
#3047 = CARTESIAN_POINT('',(23.436446302744,42.356678966097,0.));
#3048 = CARTESIAN_POINT('',(23.614561335235,42.414947175314,0.));
#3049 = CARTESIAN_POINT('',(24.055111457453,42.571692928581,0.));
#3050 = PCURVE('',#2110,#3051);
#3051 = DEFINITIONAL_REPRESENTATION('',(#3052),#3056);
#3052 = LINE('',#3053,#3054);
#3053 = CARTESIAN_POINT('',(0.,0.));
#3054 = VECTOR('',#3055,1.);
#3055 = DIRECTION('',(1.,0.));
#3056 = ( GEOMETRIC_REPRESENTATION_CONTEXT(2) 
PARAMETRIC_REPRESENTATION_CONTEXT() REPRESENTATION_CONTEXT('2D SPACE',''
  ) );
#3057 = PCURVE('',#224,#3058);
#3058 = DEFINITIONAL_REPRESENTATION('',(#3059),#3110);
#3059 = B_SPLINE_CURVE_WITH_KNOTS('',3,(#3060,#3061,#3062,#3063,#3064,
    #3065,#3066,#3067,#3068,#3069,#3070,#3071,#3072,#3073,#3074,#3075,
    #3076,#3077,#3078,#3079,#3080,#3081,#3082,#3083,#3084,#3085,#3086,
    #3087,#3088,#3089,#3090,#3091,#3092,#3093,#3094,#3095,#3096,#3097,
    #3098,#3099,#3100,#3101,#3102,#3103,#3104,#3105,#3106,#3107,#3108,
    #3109),.UNSPECIFIED.,.F.,.F.,(4,1,1,1,1,1,1,1,1,1,1,1,1,1,1,1,1,1,1,
    1,1,1,1,1,1,1,1,1,1,1,1,1,1,1,1,1,1,1,1,1,1,1,1,1,1,1,1,4),(0.,
    0.770020974153,1.626265687068,2.501235809007,3.323017628822,
    4.226168942917,5.140567564886,6.064285262741,6.923787879437,
    7.860959618837,8.803220404646,9.749496837408,10.625745778606,
    11.577210076157,12.530237508485,13.484135816053,14.364871812505,
    15.318618169461,16.271356512646,17.222443906393,18.098342389538,
    19.044380308015,19.986772779966,20.924790631856,21.786128506054,
    22.713614611572,23.634502775488,24.548028034391,25.38410411673,
    26.281393184443,27.169232325991,28.047009844699,28.847877333261,
    29.704892084705,30.550578145199,31.384742808357,32.14448317376,
    32.956538608657,33.75747556067,34.547827237765,35.268649993444,
    36.041021221912,36.805779378973,37.564485879874,38.261073281275,
    39.01367744831,39.766626217161,40.522198623296),.UNSPECIFIED.);
#3060 = CARTESIAN_POINT('',(5.779995801459,10.811185462413));
#3061 = CARTESIAN_POINT('',(5.704001703035,11.056254991523));
#3062 = CARTESIAN_POINT('',(5.536616376993,11.572127583822));
#3063 = CARTESIAN_POINT('',(5.323359011338,12.378457631121));
#3064 = CARTESIAN_POINT('',(5.135032107618,13.208540324342));
#3065 = CARTESIAN_POINT('',(4.97755483101,14.060974844995));
#3066 = CARTESIAN_POINT('',(4.851780555304,14.931964377745));
#3067 = CARTESIAN_POINT('',(4.75895288089,15.84126115267));
#3068 = CARTESIAN_POINT('',(4.705184290526,16.739128668558));
#3069 = CARTESIAN_POINT('',(4.687753470237,17.645982550184));
#3070 = CARTESIAN_POINT('',(4.707437542484,18.559028265218));
#3071 = CARTESIAN_POINT('',(4.767727971147,19.499281096016));
#3072 = CARTESIAN_POINT('',(4.865703467748,20.41593656905));
#3073 = CARTESIAN_POINT('',(5.001303181812,21.330832172754));
#3074 = CARTESIAN_POINT('',(5.174206920646,22.241757743422));
#3075 = CARTESIAN_POINT('',(5.390795676388,23.169888233268));
#3076 = CARTESIAN_POINT('',(5.639123307605,24.065586325098));
#3077 = CARTESIAN_POINT('',(5.922283794279,24.951082265345));
#3078 = CARTESIAN_POINT('',(6.239158031315,25.824712319785));
#3079 = CARTESIAN_POINT('',(6.598917274194,26.706941123));
#3080 = CARTESIAN_POINT('',(6.98159263176,27.551050901772));
#3081 = CARTESIAN_POINT('',(7.393492358608,28.378740621118));
#3082 = CARTESIAN_POINT('',(7.833000559333,29.188845540675));
#3083 = CARTESIAN_POINT('',(8.311754305156,30.000514700637));
#3084 = CARTESIAN_POINT('',(8.803340882316,30.771177468867));
#3085 = CARTESIAN_POINT('',(9.316999687833,31.521241160434));
#3086 = CARTESIAN_POINT('',(9.850910214552,32.249989031582));
#3087 = CARTESIAN_POINT('',(10.418742506961,32.974843961159));
#3088 = CARTESIAN_POINT('',(10.989487225097,33.65814380766));
#3089 = CARTESIAN_POINT('',(11.574823513564,34.318465050838));
#3090 = CARTESIAN_POINT('',(12.173008607268,34.955500011113));
#3091 = CARTESIAN_POINT('',(12.799320171454,35.584661596155));
#3092 = CARTESIAN_POINT('',(13.419870367066,36.173716046636));
#3093 = CARTESIAN_POINT('',(14.048401053775,36.738957189893));
#3094 = CARTESIAN_POINT('',(14.683508078293,37.280476384384));
#3095 = CARTESIAN_POINT('',(15.341678466864,37.81156858636));
#3096 = CARTESIAN_POINT('',(15.98804235015,38.305189948989));
#3097 = CARTESIAN_POINT('',(16.637681239999,38.775589772907));
#3098 = CARTESIAN_POINT('',(17.289896880341,39.223138707278));
#3099 = CARTESIAN_POINT('',(17.962196306679,39.658970786191));
#3100 = CARTESIAN_POINT('',(18.619730435442,40.061155141349));
#3101 = CARTESIAN_POINT('',(19.279003889715,40.441858339469));
#3102 = CARTESIAN_POINT('',(19.940006859091,40.801617639169));
#3103 = CARTESIAN_POINT('',(20.622320456077,41.149823667429));
#3104 = CARTESIAN_POINT('',(21.287958225001,41.467884727312));
#3105 = CARTESIAN_POINT('',(21.967944687759,41.770898186508));
#3106 = CARTESIAN_POINT('',(22.614514013321,42.041339665499));
#3107 = CARTESIAN_POINT('',(23.436446302744,42.356678966097));
#3108 = CARTESIAN_POINT('',(23.614561335235,42.414947175314));
#3109 = CARTESIAN_POINT('',(24.055111457453,42.571692928581));
#3110 = ( GEOMETRIC_REPRESENTATION_CONTEXT(2) 
PARAMETRIC_REPRESENTATION_CONTEXT() REPRESENTATION_CONTEXT('2D SPACE',''
  ) );
#3111 = ADVANCED_FACE('',(#3112),#3126,.T.);
#3112 = FACE_BOUND('',#3113,.F.);
#3113 = EDGE_LOOP('',(#3114,#3245,#3269,#3297));
#3114 = ORIENTED_EDGE('',*,*,#3115,.T.);
#3115 = EDGE_CURVE('',#3116,#3118,#3120,.T.);
#3116 = VERTEX_POINT('',#3117);
#3117 = CARTESIAN_POINT('',(-0.854220936005,12.671239347139,0.));
#3118 = VERTEX_POINT('',#3119);
#3119 = CARTESIAN_POINT('',(-0.854220936005,12.671239347139,22.4));
#3120 = SURFACE_CURVE('',#3121,(#3125,#3137),.PCURVE_S1.);
#3121 = LINE('',#3122,#3123);
#3122 = CARTESIAN_POINT('',(-0.854220936005,12.671239347139,0.));
#3123 = VECTOR('',#3124,1.);
#3124 = DIRECTION('',(0.,0.,1.));
#3125 = PCURVE('',#3126,#3131);
#3126 = CYLINDRICAL_SURFACE('',#3127,12.7);
#3127 = AXIS2_PLACEMENT_3D('',#3128,#3129,#3130);
#3128 = CARTESIAN_POINT('',(0.,0.,0.));
#3129 = DIRECTION('',(-0.,-0.,-1.));
#3130 = DIRECTION('',(1.,0.,-0.));
#3131 = DEFINITIONAL_REPRESENTATION('',(#3132),#3136);
#3132 = LINE('',#3133,#3134);
#3133 = CARTESIAN_POINT('',(-1.638108637726,0.));
#3134 = VECTOR('',#3135,1.);
#3135 = DIRECTION('',(-0.,-1.));
#3136 = ( GEOMETRIC_REPRESENTATION_CONTEXT(2) 
PARAMETRIC_REPRESENTATION_CONTEXT() REPRESENTATION_CONTEXT('2D SPACE',''
  ) );
#3137 = PCURVE('',#3138,#3239);
#3138 = B_SPLINE_SURFACE_WITH_KNOTS('',3,1,(
    (#3139,#3140)
    ,(#3141,#3142)
    ,(#3143,#3144)
    ,(#3145,#3146)
    ,(#3147,#3148)
    ,(#3149,#3150)
    ,(#3151,#3152)
    ,(#3153,#3154)
    ,(#3155,#3156)
    ,(#3157,#3158)
    ,(#3159,#3160)
    ,(#3161,#3162)
    ,(#3163,#3164)
    ,(#3165,#3166)
    ,(#3167,#3168)
    ,(#3169,#3170)
    ,(#3171,#3172)
    ,(#3173,#3174)
    ,(#3175,#3176)
    ,(#3177,#3178)
    ,(#3179,#3180)
    ,(#3181,#3182)
    ,(#3183,#3184)
    ,(#3185,#3186)
    ,(#3187,#3188)
    ,(#3189,#3190)
    ,(#3191,#3192)
    ,(#3193,#3194)
    ,(#3195,#3196)
    ,(#3197,#3198)
    ,(#3199,#3200)
    ,(#3201,#3202)
    ,(#3203,#3204)
    ,(#3205,#3206)
    ,(#3207,#3208)
    ,(#3209,#3210)
    ,(#3211,#3212)
    ,(#3213,#3214)
    ,(#3215,#3216)
    ,(#3217,#3218)
    ,(#3219,#3220)
    ,(#3221,#3222)
    ,(#3223,#3224)
    ,(#3225,#3226)
    ,(#3227,#3228)
    ,(#3229,#3230)
    ,(#3231,#3232)
    ,(#3233,#3234)
    ,(#3235,#3236)
    ,(#3237,#3238
    )),.UNSPECIFIED.,.F.,.F.,.F.,(4,1,1,1,1,1,1,1,1,1,1,1,1,1,1,1,1,1,1,
    1,1,1,1,1,1,1,1,1,1,1,1,1,1,1,1,1,1,1,1,1,1,1,1,1,1,1,1,4),(2,2),(0.
    ,0.770020974153,1.626265687068,2.501235809007,3.323017628822,
    4.226168942917,5.140567564886,6.064285262741,6.923787879437,
    7.860959618837,8.803220404646,9.749496837408,10.625745778606,
    11.577210076157,12.530237508485,13.484135816053,14.364871812505,
    15.318618169461,16.271356512646,17.222443906393,18.098342389538,
    19.044380308015,19.986772779966,20.924790631856,21.786128506054,
    22.713614611572,23.634502775488,24.548028034391,25.38410411673,
    26.281393184443,27.169232325991,28.047009844699,28.847877333261,
    29.704892084705,30.550578145199,31.384742808357,32.14448317376,
    32.956538608657,33.75747556067,34.547827237765,35.268649993444,
    36.041021221912,36.805779378973,37.564485879874,38.261073281275,
    39.01367744831,39.766626217161,40.522198623296),(-22.4,0.),
  .UNSPECIFIED.);
#3139 = CARTESIAN_POINT('',(-0.399969533376,12.252759156204,22.4));
#3140 = CARTESIAN_POINT('',(-0.399969533376,12.252759156204,0.));
#3141 = CARTESIAN_POINT('',(-0.588317117704,12.426998544895,22.4));
#3142 = CARTESIAN_POINT('',(-0.588317117704,12.426998544895,0.));
#3143 = CARTESIAN_POINT('',(-0.991213358426,12.790064651921,22.4));
#3144 = CARTESIAN_POINT('',(-0.991213358426,12.790064651921,0.));
#3145 = CARTESIAN_POINT('',(-1.579064678277,13.381738273889,22.4));
#3146 = CARTESIAN_POINT('',(-1.579064678277,13.381738273889,0.));
#3147 = CARTESIAN_POINT('',(-2.157201907725,14.0064475216,22.4));
#3148 = CARTESIAN_POINT('',(-2.157201907725,14.0064475216,0.));
#3149 = CARTESIAN_POINT('',(-2.719798490113,14.665938833245,22.4));
#3150 = CARTESIAN_POINT('',(-2.719798490113,14.665938833245,0.));
#3151 = CARTESIAN_POINT('',(-3.264216974392,15.357350757183,22.4));
#3152 = CARTESIAN_POINT('',(-3.264216974392,15.357350757183,0.));
#3153 = CARTESIAN_POINT('',(-3.799256486071,16.09841102664,22.4));
#3154 = CARTESIAN_POINT('',(-3.799256486071,16.09841102664,0.));
#3155 = CARTESIAN_POINT('',(-4.294755209196,16.849102809451,22.4));
#3156 = CARTESIAN_POINT('',(-4.294755209196,16.849102809451,0.));
#3157 = CARTESIAN_POINT('',(-4.763277683188,17.625745898315,22.4));
#3158 = CARTESIAN_POINT('',(-4.763277683188,17.625745898315,0.));
#3159 = CARTESIAN_POINT('',(-5.202753634089,18.426308718474,22.4));
#3160 = CARTESIAN_POINT('',(-5.202753634089,18.426308718474,0.));
#3161 = CARTESIAN_POINT('',(-5.620667006661,19.270736770257,22.4));
#3162 = CARTESIAN_POINT('',(-5.620667006661,19.270736770257,0.));
#3163 = CARTESIAN_POINT('',(-5.994145474174,20.113571444723,22.4));
#3164 = CARTESIAN_POINT('',(-5.994145474174,20.113571444723,0.));
#3165 = CARTESIAN_POINT('',(-6.3341604789,20.973694136373,22.4));
#3166 = CARTESIAN_POINT('',(-6.3341604789,20.973694136373,0.));
#3167 = CARTESIAN_POINT('',(-6.639884233994,21.849030690946,22.4));
#3168 = CARTESIAN_POINT('',(-6.639884233994,21.849030690946,0.));
#3169 = CARTESIAN_POINT('',(-6.916378114271,22.76110965105,22.4));
#3170 = CARTESIAN_POINT('',(-6.916378114271,22.76110965105,0.));
#3171 = CARTESIAN_POINT('',(-7.14916912309,23.660970768304,22.4));
#3172 = CARTESIAN_POINT('',(-7.14916912309,23.660970768304,0.));
#3173 = CARTESIAN_POINT('',(-7.346692918406,24.569412990843,22.4));
#3174 = CARTESIAN_POINT('',(-7.346692918406,24.569412990843,0.));
#3175 = CARTESIAN_POINT('',(-7.509086806548,25.484435930016,22.4));
#3176 = CARTESIAN_POINT('',(-7.509086806548,25.484435930016,0.));
#3177 = CARTESIAN_POINT('',(-7.638640564576,26.428348106991,22.4));
#3178 = CARTESIAN_POINT('',(-7.638640564576,26.428348106991,0.));
#3179 = CARTESIAN_POINT('',(-7.729288872908,27.350706297773,22.4));
#3180 = CARTESIAN_POINT('',(-7.729288872908,27.350706297773,0.));
#3181 = CARTESIAN_POINT('',(-7.786418105318,28.273456484601,22.4));
#3182 = CARTESIAN_POINT('',(-7.786418105318,28.273456484601,0.));
#3183 = CARTESIAN_POINT('',(-7.810845298097,29.194782025031,22.4));
#3184 = CARTESIAN_POINT('',(-7.810845298097,29.194782025031,0.));
#3185 = CARTESIAN_POINT('',(-7.802066972039,30.137085009938,22.4));
#3186 = CARTESIAN_POINT('',(-7.802066972039,30.137085009938,0.));
#3187 = CARTESIAN_POINT('',(-7.761671892174,31.050291833556,22.4));
#3188 = CARTESIAN_POINT('',(-7.761671892174,31.050291833556,0.));
#3189 = CARTESIAN_POINT('',(-7.691862163502,31.956695447668,22.4));
#3190 = CARTESIAN_POINT('',(-7.691862163502,31.956695447668,0.));
#3191 = CARTESIAN_POINT('',(-7.59385601959,32.854764880395,22.4));
#3192 = CARTESIAN_POINT('',(-7.59385601959,32.854764880395,0.));
#3193 = CARTESIAN_POINT('',(-7.464526294062,33.766423809672,22.4));
#3194 = CARTESIAN_POINT('',(-7.464526294062,33.766423809672,0.));
#3195 = CARTESIAN_POINT('',(-7.311896792332,34.643551194211,22.4));
#3196 = CARTESIAN_POINT('',(-7.311896792332,34.643551194211,0.));
#3197 = CARTESIAN_POINT('',(-7.135141318351,35.508074309696,22.4));
#3198 = CARTESIAN_POINT('',(-7.135141318351,35.508074309696,0.));
#3199 = CARTESIAN_POINT('',(-6.935615311176,36.358855315245,22.4));
#3200 = CARTESIAN_POINT('',(-6.935615311176,36.358855315245,0.));
#3201 = CARTESIAN_POINT('',(-6.707794378428,37.21688101307,22.4));
#3202 = CARTESIAN_POINT('',(-6.707794378428,37.21688101307,0.));
#3203 = CARTESIAN_POINT('',(-6.464909369945,38.037292229204,22.4));
#3204 = CARTESIAN_POINT('',(-6.464909369945,38.037292229204,0.));
#3205 = CARTESIAN_POINT('',(-6.203206399825,38.841070761884,22.4));
#3206 = CARTESIAN_POINT('',(-6.203206399825,38.841070761884,0.));
#3207 = CARTESIAN_POINT('',(-5.923947179717,39.627593653209,22.4));
#3208 = CARTESIAN_POINT('',(-5.923947179717,39.627593653209,0.));
#3209 = CARTESIAN_POINT('',(-5.619501004183,40.416618186157,22.4));
#3210 = CARTESIAN_POINT('',(-5.619501004183,40.416618186157,0.));
#3211 = CARTESIAN_POINT('',(-5.306544142483,41.167288767687,22.4));
#3212 = CARTESIAN_POINT('',(-5.306544142483,41.167288767687,0.));
#3213 = CARTESIAN_POINT('',(-4.979140272547,41.899486410061,22.4));
#3214 = CARTESIAN_POINT('',(-4.979140272547,41.899486410061,0.));
#3215 = CARTESIAN_POINT('',(-4.63807942645,42.613182976834,22.4));
#3216 = CARTESIAN_POINT('',(-4.63807942645,42.613182976834,0.));
#3217 = CARTESIAN_POINT('',(-4.273767083749,43.326774342126,22.4));
#3218 = CARTESIAN_POINT('',(-4.273767083749,43.326774342126,0.));
#3219 = CARTESIAN_POINT('',(-3.905418001963,44.003843275079,22.4));
#3220 = CARTESIAN_POINT('',(-3.905418001963,44.003843275079,0.));
#3221 = CARTESIAN_POINT('',(-3.524822041583,44.663178643089,22.4));
#3222 = CARTESIAN_POINT('',(-3.524822041583,44.663178643089,0.));
#3223 = CARTESIAN_POINT('',(-3.132256327976,45.305240820565,22.4));
#3224 = CARTESIAN_POINT('',(-3.132256327976,45.305240820565,0.));
#3225 = CARTESIAN_POINT('',(-2.715458433768,45.947952885282,22.4));
#3226 = CARTESIAN_POINT('',(-2.715458433768,45.947952885282,0.));
#3227 = CARTESIAN_POINT('',(-2.298029746103,46.556220727558,22.4));
#3228 = CARTESIAN_POINT('',(-2.298029746103,46.556220727558,0.));
#3229 = CARTESIAN_POINT('',(-1.860650924723,47.158631312289,22.4));
#3230 = CARTESIAN_POINT('',(-1.860650924723,47.158631312289,0.));
#3231 = CARTESIAN_POINT('',(-1.435926202974,47.716125166114,22.4));
#3232 = CARTESIAN_POINT('',(-1.435926202974,47.716125166114,0.));
#3233 = CARTESIAN_POINT('',(-0.881781610442,48.400183155954,22.4));
#3234 = CARTESIAN_POINT('',(-0.881781610442,48.400183155954,0.));
#3235 = CARTESIAN_POINT('',(-0.756663572118,48.539702421614,22.4));
#3236 = CARTESIAN_POINT('',(-0.756663572118,48.539702421614,0.));
#3237 = CARTESIAN_POINT('',(-0.45350885127,48.895723286988,22.4));
#3238 = CARTESIAN_POINT('',(-0.45350885127,48.895723286988,0.));
#3239 = DEFINITIONAL_REPRESENTATION('',(#3240),#3244);
#3240 = LINE('',#3241,#3242);
#3241 = CARTESIAN_POINT('',(0.617636313455,0.));
#3242 = VECTOR('',#3243,1.);
#3243 = DIRECTION('',(0.,-1.));
#3244 = ( GEOMETRIC_REPRESENTATION_CONTEXT(2) 
PARAMETRIC_REPRESENTATION_CONTEXT() REPRESENTATION_CONTEXT('2D SPACE',''
  ) );
#3245 = ORIENTED_EDGE('',*,*,#3246,.T.);
#3246 = EDGE_CURVE('',#3118,#3247,#3249,.T.);
#3247 = VERTEX_POINT('',#3248);
#3248 = CARTESIAN_POINT('',(-6.000466315575,11.193051594433,22.4));
#3249 = SURFACE_CURVE('',#3250,(#3255,#3262),.PCURVE_S1.);
#3250 = CIRCLE('',#3251,12.7);
#3251 = AXIS2_PLACEMENT_3D('',#3252,#3253,#3254);
#3252 = CARTESIAN_POINT('',(0.,0.,22.4));
#3253 = DIRECTION('',(0.,0.,1.));
#3254 = DIRECTION('',(1.,0.,-0.));
#3255 = PCURVE('',#3126,#3256);
#3256 = DEFINITIONAL_REPRESENTATION('',(#3257),#3261);
#3257 = LINE('',#3258,#3259);
#3258 = CARTESIAN_POINT('',(-0.,-22.4));
#3259 = VECTOR('',#3260,1.);
#3260 = DIRECTION('',(-1.,0.));
#3261 = ( GEOMETRIC_REPRESENTATION_CONTEXT(2) 
PARAMETRIC_REPRESENTATION_CONTEXT() REPRESENTATION_CONTEXT('2D SPACE',''
  ) );
#3262 = PCURVE('',#169,#3263);
#3263 = DEFINITIONAL_REPRESENTATION('',(#3264),#3268);
#3264 = CIRCLE('',#3265,12.7);
#3265 = AXIS2_PLACEMENT_2D('',#3266,#3267);
#3266 = CARTESIAN_POINT('',(0.,-1.204325410458E-15));
#3267 = DIRECTION('',(1.,0.));
#3268 = ( GEOMETRIC_REPRESENTATION_CONTEXT(2) 
PARAMETRIC_REPRESENTATION_CONTEXT() REPRESENTATION_CONTEXT('2D SPACE',''
  ) );
#3269 = ORIENTED_EDGE('',*,*,#3270,.F.);
#3270 = EDGE_CURVE('',#3271,#3247,#3273,.T.);
#3271 = VERTEX_POINT('',#3272);
#3272 = CARTESIAN_POINT('',(-6.000466315575,11.193051594433,0.));
#3273 = SURFACE_CURVE('',#3274,(#3278,#3285),.PCURVE_S1.);
#3274 = LINE('',#3275,#3276);
#3275 = CARTESIAN_POINT('',(-6.000466315575,11.193051594433,0.));
#3276 = VECTOR('',#3277,1.);
#3277 = DIRECTION('',(0.,0.,1.));
#3278 = PCURVE('',#3126,#3279);
#3279 = DEFINITIONAL_REPRESENTATION('',(#3280),#3284);
#3280 = LINE('',#3281,#3282);
#3281 = CARTESIAN_POINT('',(-2.062896229853,0.));
#3282 = VECTOR('',#3283,1.);
#3283 = DIRECTION('',(-0.,-1.));
#3284 = ( GEOMETRIC_REPRESENTATION_CONTEXT(2) 
PARAMETRIC_REPRESENTATION_CONTEXT() REPRESENTATION_CONTEXT('2D SPACE',''
  ) );
#3285 = PCURVE('',#3286,#3291);
#3286 = PLANE('',#3287);
#3287 = AXIS2_PLACEMENT_3D('',#3288,#3289,#3290);
#3288 = CARTESIAN_POINT('',(-6.227236645254,11.585829327088,0.));
#3289 = DIRECTION('',(0.866025403784,0.5,-0.));
#3290 = DIRECTION('',(0.5,-0.866025403784,0.));
#3291 = DEFINITIONAL_REPRESENTATION('',(#3292),#3296);
#3292 = LINE('',#3293,#3294);
#3293 = CARTESIAN_POINT('',(0.453540659359,0.));
#3294 = VECTOR('',#3295,1.);
#3295 = DIRECTION('',(0.,-1.));
#3296 = ( GEOMETRIC_REPRESENTATION_CONTEXT(2) 
PARAMETRIC_REPRESENTATION_CONTEXT() REPRESENTATION_CONTEXT('2D SPACE',''
  ) );
#3297 = ORIENTED_EDGE('',*,*,#3298,.F.);
#3298 = EDGE_CURVE('',#3116,#3271,#3299,.T.);
#3299 = SURFACE_CURVE('',#3300,(#3305,#3312),.PCURVE_S1.);
#3300 = CIRCLE('',#3301,12.7);
#3301 = AXIS2_PLACEMENT_3D('',#3302,#3303,#3304);
#3302 = CARTESIAN_POINT('',(0.,0.,0.));
#3303 = DIRECTION('',(0.,0.,1.));
#3304 = DIRECTION('',(1.,0.,-0.));
#3305 = PCURVE('',#3126,#3306);
#3306 = DEFINITIONAL_REPRESENTATION('',(#3307),#3311);
#3307 = LINE('',#3308,#3309);
#3308 = CARTESIAN_POINT('',(-0.,0.));
#3309 = VECTOR('',#3310,1.);
#3310 = DIRECTION('',(-1.,0.));
#3311 = ( GEOMETRIC_REPRESENTATION_CONTEXT(2) 
PARAMETRIC_REPRESENTATION_CONTEXT() REPRESENTATION_CONTEXT('2D SPACE',''
  ) );
#3312 = PCURVE('',#224,#3313);
#3313 = DEFINITIONAL_REPRESENTATION('',(#3314),#3318);
#3314 = CIRCLE('',#3315,12.7);
#3315 = AXIS2_PLACEMENT_2D('',#3316,#3317);
#3316 = CARTESIAN_POINT('',(0.,-1.204325410458E-15));
#3317 = DIRECTION('',(1.,0.));
#3318 = ( GEOMETRIC_REPRESENTATION_CONTEXT(2) 
PARAMETRIC_REPRESENTATION_CONTEXT() REPRESENTATION_CONTEXT('2D SPACE',''
  ) );
#3319 = ADVANCED_FACE('',(#3320),#3286,.T.);
#3320 = FACE_BOUND('',#3321,.T.);
#3321 = EDGE_LOOP('',(#3322,#3448,#3469,#3470));
#3322 = ORIENTED_EDGE('',*,*,#3323,.T.);
#3323 = EDGE_CURVE('',#3324,#3326,#3328,.T.);
#3324 = VERTEX_POINT('',#3325);
#3325 = CARTESIAN_POINT('',(-6.227236645254,11.585829327088,0.));
#3326 = VERTEX_POINT('',#3327);
#3327 = CARTESIAN_POINT('',(-6.227236645254,11.585829327088,22.4));
#3328 = SURFACE_CURVE('',#3329,(#3333,#3340),.PCURVE_S1.);
#3329 = LINE('',#3330,#3331);
#3330 = CARTESIAN_POINT('',(-6.227236645254,11.585829327088,0.));
#3331 = VECTOR('',#3332,1.);
#3332 = DIRECTION('',(0.,0.,1.));
#3333 = PCURVE('',#3286,#3334);
#3334 = DEFINITIONAL_REPRESENTATION('',(#3335),#3339);
#3335 = LINE('',#3336,#3337);
#3336 = CARTESIAN_POINT('',(0.,0.));
#3337 = VECTOR('',#3338,1.);
#3338 = DIRECTION('',(0.,-1.));
#3339 = ( GEOMETRIC_REPRESENTATION_CONTEXT(2) 
PARAMETRIC_REPRESENTATION_CONTEXT() REPRESENTATION_CONTEXT('2D SPACE',''
  ) );
#3340 = PCURVE('',#3341,#3442);
#3341 = B_SPLINE_SURFACE_WITH_KNOTS('',3,1,(
    (#3342,#3343)
    ,(#3344,#3345)
    ,(#3346,#3347)
    ,(#3348,#3349)
    ,(#3350,#3351)
    ,(#3352,#3353)
    ,(#3354,#3355)
    ,(#3356,#3357)
    ,(#3358,#3359)
    ,(#3360,#3361)
    ,(#3362,#3363)
    ,(#3364,#3365)
    ,(#3366,#3367)
    ,(#3368,#3369)
    ,(#3370,#3371)
    ,(#3372,#3373)
    ,(#3374,#3375)
    ,(#3376,#3377)
    ,(#3378,#3379)
    ,(#3380,#3381)
    ,(#3382,#3383)
    ,(#3384,#3385)
    ,(#3386,#3387)
    ,(#3388,#3389)
    ,(#3390,#3391)
    ,(#3392,#3393)
    ,(#3394,#3395)
    ,(#3396,#3397)
    ,(#3398,#3399)
    ,(#3400,#3401)
    ,(#3402,#3403)
    ,(#3404,#3405)
    ,(#3406,#3407)
    ,(#3408,#3409)
    ,(#3410,#3411)
    ,(#3412,#3413)
    ,(#3414,#3415)
    ,(#3416,#3417)
    ,(#3418,#3419)
    ,(#3420,#3421)
    ,(#3422,#3423)
    ,(#3424,#3425)
    ,(#3426,#3427)
    ,(#3428,#3429)
    ,(#3430,#3431)
    ,(#3432,#3433)
    ,(#3434,#3435)
    ,(#3436,#3437)
    ,(#3438,#3439)
    ,(#3440,#3441
    )),.UNSPECIFIED.,.F.,.F.,.F.,(4,1,1,1,1,1,1,1,1,1,1,1,1,1,1,1,1,1,1,
    1,1,1,1,1,1,1,1,1,1,1,1,1,1,1,1,1,1,1,1,1,1,1,1,1,1,1,1,4),(2,2),(0.
    ,0.72551896577,1.446812427957,2.167545581006,2.834652630785,
    3.561455250387,4.294404186133,5.035083262141,5.726745513771,
    6.485571675342,7.25499120568,8.035460380499,8.765906861733,
    9.568099084978,10.381469893138,11.205727652658,11.975881503332,
    12.819782078992,13.673026185696,14.534915364628,15.33753390218,
    16.21390469293,17.096636274619,17.984915961911,18.809100000342,
    19.705802922083,20.60576324729,21.508256924785,22.342991216384,
    23.248469118661,24.154594114226,25.060793204637,25.896884345071,
    26.801694858737,27.704993846459,28.606214463702,29.435742647904,
    30.331166080504,31.222462333173,32.108696907138,32.921319115104,
    33.794515353684,34.658772776489,35.512251077876,36.288651119977,
    37.115000087988,37.923185154055,38.651120081248),(-22.4,0.),
  .UNSPECIFIED.);
#3342 = CARTESIAN_POINT('',(-23.65938817046,41.88628008978,22.4));
#3343 = CARTESIAN_POINT('',(-23.65938817046,41.88628008978,0.));
#3344 = CARTESIAN_POINT('',(-23.70323247419,41.648148054056,22.4));
#3345 = CARTESIAN_POINT('',(-23.70323247419,41.648148054056,0.));
#3346 = CARTESIAN_POINT('',(-23.79503365882,41.175076369562,22.4));
#3347 = CARTESIAN_POINT('',(-23.79503365882,41.175076369562,0.));
#3348 = CARTESIAN_POINT('',(-23.90551202282,40.460740230808,22.4));
#3349 = CARTESIAN_POINT('',(-23.90551202282,40.460740230808,0.));
#3350 = CARTESIAN_POINT('',(-23.99678315068,39.763633920064,22.4));
#3351 = CARTESIAN_POINT('',(-23.99678315068,39.763633920064,0.));
#3352 = CARTESIAN_POINT('',(-24.06982610064,39.062457214104,22.4));
#3353 = CARTESIAN_POINT('',(-24.06982610064,39.062457214104,0.));
#3354 = CARTESIAN_POINT('',(-24.12540156141,38.355607914669,22.4));
#3355 = CARTESIAN_POINT('',(-24.12540156141,38.355607914669,0.));
#3356 = CARTESIAN_POINT('',(-24.16344917899,37.623031417526,22.4));
#3357 = CARTESIAN_POINT('',(-24.16344917899,37.623031417526,0.));
#3358 = CARTESIAN_POINT('',(-24.18184692783,36.901418005569,22.4));
#3359 = CARTESIAN_POINT('',(-24.18184692783,36.901418005569,0.));
#3360 = CARTESIAN_POINT('',(-24.18198598468,36.170959271513,22.4));
#3361 = CARTESIAN_POINT('',(-24.18198598468,36.170959271513,0.));
#3362 = CARTESIAN_POINT('',(-24.16344119609,35.431135933684,22.4));
#3363 = CARTESIAN_POINT('',(-24.16344119609,35.431135933684,0.));
#3364 = CARTESIAN_POINT('',(-24.12399167563,34.662488658293,22.4));
#3365 = CARTESIAN_POINT('',(-24.12399167563,34.662488658293,0.));
#3366 = CARTESIAN_POINT('',(-24.0651197945,33.904570816108,22.4));
#3367 = CARTESIAN_POINT('',(-24.0651197945,33.904570816108,0.));
#3368 = CARTESIAN_POINT('',(-23.9859651494,33.137534274573,22.4));
#3369 = CARTESIAN_POINT('',(-23.9859651494,33.137534274573,0.));
#3370 = CARTESIAN_POINT('',(-23.88588085628,32.3618673245,22.4));
#3371 = CARTESIAN_POINT('',(-23.88588085628,32.3618673245,0.));
#3372 = CARTESIAN_POINT('',(-23.76026063656,31.558255891499,22.4));
#3373 = CARTESIAN_POINT('',(-23.76026063656,31.558255891499,0.));
#3374 = CARTESIAN_POINT('',(-23.61486894768,30.76883728037,22.4));
#3375 = CARTESIAN_POINT('',(-23.61486894768,30.76883728037,0.));
#3376 = CARTESIAN_POINT('',(-23.4465601028,29.973596932147,22.4));
#3377 = CARTESIAN_POINT('',(-23.4465601028,29.973596932147,0.));
#3378 = CARTESIAN_POINT('',(-23.25472403289,29.173735170035,22.4));
#3379 = CARTESIAN_POINT('',(-23.25472403289,29.173735170035,0.));
#3380 = CARTESIAN_POINT('',(-23.03201503562,28.35018785763,22.4));
#3381 = CARTESIAN_POINT('',(-23.03201503562,28.35018785763,0.));
#3382 = CARTESIAN_POINT('',(-22.78940147967,27.546640823297,22.4));
#3383 = CARTESIAN_POINT('',(-22.78940147967,27.546640823297,0.));
#3384 = CARTESIAN_POINT('',(-22.52139750494,26.743089645583,22.4));
#3385 = CARTESIAN_POINT('',(-22.52139750494,26.743089645583,0.));
#3386 = CARTESIAN_POINT('',(-22.22749917063,25.941205691214,22.4));
#3387 = CARTESIAN_POINT('',(-22.22749917063,25.941205691214,0.));
#3388 = CARTESIAN_POINT('',(-21.89793401981,25.122436186504,22.4));
#3389 = CARTESIAN_POINT('',(-21.89793401981,25.122436186504,0.));
#3390 = CARTESIAN_POINT('',(-21.54917103975,24.330619515491,22.4));
#3391 = CARTESIAN_POINT('',(-21.54917103975,24.330619515491,0.));
#3392 = CARTESIAN_POINT('',(-21.17338034174,23.546124619708,22.4));
#3393 = CARTESIAN_POINT('',(-21.17338034174,23.546124619708,0.));
#3394 = CARTESIAN_POINT('',(-20.77035877237,22.770827891507,22.4));
#3395 = CARTESIAN_POINT('',(-20.77035877237,22.770827891507,0.));
#3396 = CARTESIAN_POINT('',(-20.32769309864,21.987325805115,22.4));
#3397 = CARTESIAN_POINT('',(-20.32769309864,21.987325805115,0.));
#3398 = CARTESIAN_POINT('',(-19.86804334954,21.237779544976,22.4));
#3399 = CARTESIAN_POINT('',(-19.86804334954,21.237779544976,0.));
#3400 = CARTESIAN_POINT('',(-19.38120642119,20.503427365362,22.4));
#3401 = CARTESIAN_POINT('',(-19.38120642119,20.503427365362,0.));
#3402 = CARTESIAN_POINT('',(-18.86742775867,19.786116193965,22.4));
#3403 = CARTESIAN_POINT('',(-18.86742775867,19.786116193965,0.));
#3404 = CARTESIAN_POINT('',(-18.31185402218,19.070250700494,22.4));
#3405 = CARTESIAN_POINT('',(-18.31185402218,19.070250700494,0.));
#3406 = CARTESIAN_POINT('',(-17.74349990334,18.394429203105,22.4));
#3407 = CARTESIAN_POINT('',(-17.74349990334,18.394429203105,0.));
#3408 = CARTESIAN_POINT('',(-17.14990452462,17.741310270987,22.4));
#3409 = CARTESIAN_POINT('',(-17.14990452462,17.741310270987,0.));
#3410 = CARTESIAN_POINT('',(-16.53190602705,17.11251319144,22.4));
#3411 = CARTESIAN_POINT('',(-16.53190602705,17.11251319144,0.));
#3412 = CARTESIAN_POINT('',(-15.87268894591,16.494853376947,22.4));
#3413 = CARTESIAN_POINT('',(-15.87268894591,16.494853376947,0.));
#3414 = CARTESIAN_POINT('',(-15.20731539872,15.921573612452,22.4));
#3415 = CARTESIAN_POINT('',(-15.20731539872,15.921573612452,0.));
#3416 = CARTESIAN_POINT('',(-14.52140238647,15.377323446058,22.4));
#3417 = CARTESIAN_POINT('',(-14.52140238647,15.377323446058,0.));
#3418 = CARTESIAN_POINT('',(-13.81656367192,14.863325697555,22.4));
#3419 = CARTESIAN_POINT('',(-13.81656367192,14.863325697555,0.));
#3420 = CARTESIAN_POINT('',(-13.07481503893,14.369220301947,22.4));
#3421 = CARTESIAN_POINT('',(-13.07481503893,14.369220301947,0.));
#3422 = CARTESIAN_POINT('',(-12.33636388111,13.92137540328,22.4));
#3423 = CARTESIAN_POINT('',(-12.33636388111,13.92137540328,0.));
#3424 = CARTESIAN_POINT('',(-11.58556138198,13.506937810932,22.4));
#3425 = CARTESIAN_POINT('',(-11.58556138198,13.506937810932,0.));
#3426 = CARTESIAN_POINT('',(-10.82521397712,13.126600652843,22.4));
#3427 = CARTESIAN_POINT('',(-10.82521397712,13.126600652843,0.));
#3428 = CARTESIAN_POINT('',(-10.03663468572,12.772771028443,22.4));
#3429 = CARTESIAN_POINT('',(-10.03663468572,12.772771028443,0.));
#3430 = CARTESIAN_POINT('',(-9.265915624382,12.464506534636,22.4));
#3431 = CARTESIAN_POINT('',(-9.265915624382,12.464506534636,0.));
#3432 = CARTESIAN_POINT('',(-8.488850539877,12.189494636354,22.4));
#3433 = CARTESIAN_POINT('',(-8.488850539877,12.189494636354,0.));
#3434 = CARTESIAN_POINT('',(-7.741291356944,11.956152719512,22.4));
#3435 = CARTESIAN_POINT('',(-7.741291356944,11.956152719512,0.));
#3436 = CARTESIAN_POINT('',(-6.908554193169,11.733361592018,22.4));
#3437 = CARTESIAN_POINT('',(-6.908554193169,11.733361592018,0.));
#3438 = CARTESIAN_POINT('',(-6.57265667835,11.664113331876,22.4));
#3439 = CARTESIAN_POINT('',(-6.57265667835,11.664113331876,0.));
#3440 = CARTESIAN_POINT('',(-6.227236645254,11.585829327088,22.4));
#3441 = CARTESIAN_POINT('',(-6.227236645254,11.585829327088,0.));
#3442 = DEFINITIONAL_REPRESENTATION('',(#3443),#3447);
#3443 = LINE('',#3444,#3445);
#3444 = CARTESIAN_POINT('',(38.651120081248,0.));
#3445 = VECTOR('',#3446,1.);
#3446 = DIRECTION('',(0.,-1.));
#3447 = ( GEOMETRIC_REPRESENTATION_CONTEXT(2) 
PARAMETRIC_REPRESENTATION_CONTEXT() REPRESENTATION_CONTEXT('2D SPACE',''
  ) );
#3448 = ORIENTED_EDGE('',*,*,#3449,.T.);
#3449 = EDGE_CURVE('',#3326,#3247,#3450,.T.);
#3450 = SURFACE_CURVE('',#3451,(#3455,#3462),.PCURVE_S1.);
#3451 = LINE('',#3452,#3453);
#3452 = CARTESIAN_POINT('',(-6.227236645254,11.585829327088,22.4));
#3453 = VECTOR('',#3454,1.);
#3454 = DIRECTION('',(0.5,-0.866025403784,0.));
#3455 = PCURVE('',#3286,#3456);
#3456 = DEFINITIONAL_REPRESENTATION('',(#3457),#3461);
#3457 = LINE('',#3458,#3459);
#3458 = CARTESIAN_POINT('',(0.,-22.4));
#3459 = VECTOR('',#3460,1.);
#3460 = DIRECTION('',(1.,0.));
#3461 = ( GEOMETRIC_REPRESENTATION_CONTEXT(2) 
PARAMETRIC_REPRESENTATION_CONTEXT() REPRESENTATION_CONTEXT('2D SPACE',''
  ) );
#3462 = PCURVE('',#169,#3463);
#3463 = DEFINITIONAL_REPRESENTATION('',(#3464),#3468);
#3464 = LINE('',#3465,#3466);
#3465 = CARTESIAN_POINT('',(-6.227236645254,11.585829327088));
#3466 = VECTOR('',#3467,1.);
#3467 = DIRECTION('',(0.5,-0.866025403784));
#3468 = ( GEOMETRIC_REPRESENTATION_CONTEXT(2) 
PARAMETRIC_REPRESENTATION_CONTEXT() REPRESENTATION_CONTEXT('2D SPACE',''
  ) );
#3469 = ORIENTED_EDGE('',*,*,#3270,.F.);
#3470 = ORIENTED_EDGE('',*,*,#3471,.F.);
#3471 = EDGE_CURVE('',#3324,#3271,#3472,.T.);
#3472 = SURFACE_CURVE('',#3473,(#3477,#3484),.PCURVE_S1.);
#3473 = LINE('',#3474,#3475);
#3474 = CARTESIAN_POINT('',(-6.227236645254,11.585829327088,0.));
#3475 = VECTOR('',#3476,1.);
#3476 = DIRECTION('',(0.5,-0.866025403784,0.));
#3477 = PCURVE('',#3286,#3478);
#3478 = DEFINITIONAL_REPRESENTATION('',(#3479),#3483);
#3479 = LINE('',#3480,#3481);
#3480 = CARTESIAN_POINT('',(0.,0.));
#3481 = VECTOR('',#3482,1.);
#3482 = DIRECTION('',(1.,0.));
#3483 = ( GEOMETRIC_REPRESENTATION_CONTEXT(2) 
PARAMETRIC_REPRESENTATION_CONTEXT() REPRESENTATION_CONTEXT('2D SPACE',''
  ) );
#3484 = PCURVE('',#224,#3485);
#3485 = DEFINITIONAL_REPRESENTATION('',(#3486),#3490);
#3486 = LINE('',#3487,#3488);
#3487 = CARTESIAN_POINT('',(-6.227236645254,11.585829327088));
#3488 = VECTOR('',#3489,1.);
#3489 = DIRECTION('',(0.5,-0.866025403784));
#3490 = ( GEOMETRIC_REPRESENTATION_CONTEXT(2) 
PARAMETRIC_REPRESENTATION_CONTEXT() REPRESENTATION_CONTEXT('2D SPACE',''
  ) );
#3491 = ADVANCED_FACE('',(#3492),#3341,.T.);
#3492 = FACE_BOUND('',#3493,.T.);
#3493 = EDGE_LOOP('',(#3494,#3524,#3639,#3640));
#3494 = ORIENTED_EDGE('',*,*,#3495,.T.);
#3495 = EDGE_CURVE('',#3496,#3498,#3500,.T.);
#3496 = VERTEX_POINT('',#3497);
#3497 = CARTESIAN_POINT('',(-23.65938817046,41.88628008978,0.));
#3498 = VERTEX_POINT('',#3499);
#3499 = CARTESIAN_POINT('',(-23.65938817046,41.88628008978,22.4));
#3500 = SURFACE_CURVE('',#3501,(#3505,#3512),.PCURVE_S1.);
#3501 = LINE('',#3502,#3503);
#3502 = CARTESIAN_POINT('',(-23.65938817046,41.88628008978,0.));
#3503 = VECTOR('',#3504,1.);
#3504 = DIRECTION('',(0.,0.,1.));
#3505 = PCURVE('',#3341,#3506);
#3506 = DEFINITIONAL_REPRESENTATION('',(#3507),#3511);
#3507 = LINE('',#3508,#3509);
#3508 = CARTESIAN_POINT('',(0.,0.));
#3509 = VECTOR('',#3510,1.);
#3510 = DIRECTION('',(0.,-1.));
#3511 = ( GEOMETRIC_REPRESENTATION_CONTEXT(2) 
PARAMETRIC_REPRESENTATION_CONTEXT() REPRESENTATION_CONTEXT('2D SPACE',''
  ) );
#3512 = PCURVE('',#3513,#3518);
#3513 = PLANE('',#3514);
#3514 = AXIS2_PLACEMENT_3D('',#3515,#3516,#3517);
#3515 = CARTESIAN_POINT('',(-23.56685368402,42.389307701776,0.));
#3516 = DIRECTION('',(0.983497918431,-0.180919441855,0.));
#3517 = DIRECTION('',(-0.180919441855,-0.983497918431,0.));
#3518 = DEFINITIONAL_REPRESENTATION('',(#3519),#3523);
#3519 = LINE('',#3520,#3521);
#3520 = CARTESIAN_POINT('',(0.511467896952,0.));
#3521 = VECTOR('',#3522,1.);
#3522 = DIRECTION('',(0.,-1.));
#3523 = ( GEOMETRIC_REPRESENTATION_CONTEXT(2) 
PARAMETRIC_REPRESENTATION_CONTEXT() REPRESENTATION_CONTEXT('2D SPACE',''
  ) );
#3524 = ORIENTED_EDGE('',*,*,#3525,.T.);
#3525 = EDGE_CURVE('',#3498,#3326,#3526,.T.);
#3526 = SURFACE_CURVE('',#3527,(#3578,#3585),.PCURVE_S1.);
#3527 = B_SPLINE_CURVE_WITH_KNOTS('',3,(#3528,#3529,#3530,#3531,#3532,
    #3533,#3534,#3535,#3536,#3537,#3538,#3539,#3540,#3541,#3542,#3543,
    #3544,#3545,#3546,#3547,#3548,#3549,#3550,#3551,#3552,#3553,#3554,
    #3555,#3556,#3557,#3558,#3559,#3560,#3561,#3562,#3563,#3564,#3565,
    #3566,#3567,#3568,#3569,#3570,#3571,#3572,#3573,#3574,#3575,#3576,
    #3577),.UNSPECIFIED.,.F.,.F.,(4,1,1,1,1,1,1,1,1,1,1,1,1,1,1,1,1,1,1,
    1,1,1,1,1,1,1,1,1,1,1,1,1,1,1,1,1,1,1,1,1,1,1,1,1,1,1,1,4),(0.,
    0.72551896577,1.446812427957,2.167545581006,2.834652630785,
    3.561455250387,4.294404186133,5.035083262141,5.726745513771,
    6.485571675342,7.25499120568,8.035460380499,8.765906861733,
    9.568099084978,10.381469893138,11.205727652658,11.975881503332,
    12.819782078992,13.673026185696,14.534915364628,15.33753390218,
    16.21390469293,17.096636274619,17.984915961911,18.809100000342,
    19.705802922083,20.60576324729,21.508256924785,22.342991216384,
    23.248469118661,24.154594114226,25.060793204637,25.896884345071,
    26.801694858737,27.704993846459,28.606214463702,29.435742647904,
    30.331166080504,31.222462333173,32.108696907138,32.921319115104,
    33.794515353684,34.658772776489,35.512251077876,36.288651119977,
    37.115000087988,37.923185154055,38.651120081248),.UNSPECIFIED.);
#3528 = CARTESIAN_POINT('',(-23.65938817046,41.88628008978,22.4));
#3529 = CARTESIAN_POINT('',(-23.70323247419,41.648148054056,22.4));
#3530 = CARTESIAN_POINT('',(-23.79503365882,41.175076369562,22.4));
#3531 = CARTESIAN_POINT('',(-23.90551202282,40.460740230808,22.4));
#3532 = CARTESIAN_POINT('',(-23.99678315068,39.763633920064,22.4));
#3533 = CARTESIAN_POINT('',(-24.06982610064,39.062457214104,22.4));
#3534 = CARTESIAN_POINT('',(-24.12540156141,38.355607914669,22.4));
#3535 = CARTESIAN_POINT('',(-24.16344917899,37.623031417526,22.4));
#3536 = CARTESIAN_POINT('',(-24.18184692783,36.901418005569,22.4));
#3537 = CARTESIAN_POINT('',(-24.18198598468,36.170959271513,22.4));
#3538 = CARTESIAN_POINT('',(-24.16344119609,35.431135933684,22.4));
#3539 = CARTESIAN_POINT('',(-24.12399167563,34.662488658293,22.4));
#3540 = CARTESIAN_POINT('',(-24.0651197945,33.904570816108,22.4));
#3541 = CARTESIAN_POINT('',(-23.9859651494,33.137534274573,22.4));
#3542 = CARTESIAN_POINT('',(-23.88588085628,32.3618673245,22.4));
#3543 = CARTESIAN_POINT('',(-23.76026063656,31.558255891499,22.4));
#3544 = CARTESIAN_POINT('',(-23.61486894768,30.76883728037,22.4));
#3545 = CARTESIAN_POINT('',(-23.4465601028,29.973596932147,22.4));
#3546 = CARTESIAN_POINT('',(-23.25472403289,29.173735170035,22.4));
#3547 = CARTESIAN_POINT('',(-23.03201503562,28.35018785763,22.4));
#3548 = CARTESIAN_POINT('',(-22.78940147967,27.546640823297,22.4));
#3549 = CARTESIAN_POINT('',(-22.52139750494,26.743089645583,22.4));
#3550 = CARTESIAN_POINT('',(-22.22749917063,25.941205691214,22.4));
#3551 = CARTESIAN_POINT('',(-21.89793401981,25.122436186504,22.4));
#3552 = CARTESIAN_POINT('',(-21.54917103975,24.330619515491,22.4));
#3553 = CARTESIAN_POINT('',(-21.17338034174,23.546124619708,22.4));
#3554 = CARTESIAN_POINT('',(-20.77035877237,22.770827891507,22.4));
#3555 = CARTESIAN_POINT('',(-20.32769309864,21.987325805115,22.4));
#3556 = CARTESIAN_POINT('',(-19.86804334954,21.237779544976,22.4));
#3557 = CARTESIAN_POINT('',(-19.38120642119,20.503427365362,22.4));
#3558 = CARTESIAN_POINT('',(-18.86742775867,19.786116193965,22.4));
#3559 = CARTESIAN_POINT('',(-18.31185402218,19.070250700494,22.4));
#3560 = CARTESIAN_POINT('',(-17.74349990334,18.394429203105,22.4));
#3561 = CARTESIAN_POINT('',(-17.14990452462,17.741310270987,22.4));
#3562 = CARTESIAN_POINT('',(-16.53190602705,17.11251319144,22.4));
#3563 = CARTESIAN_POINT('',(-15.87268894591,16.494853376947,22.4));
#3564 = CARTESIAN_POINT('',(-15.20731539872,15.921573612452,22.4));
#3565 = CARTESIAN_POINT('',(-14.52140238647,15.377323446058,22.4));
#3566 = CARTESIAN_POINT('',(-13.81656367192,14.863325697555,22.4));
#3567 = CARTESIAN_POINT('',(-13.07481503893,14.369220301947,22.4));
#3568 = CARTESIAN_POINT('',(-12.33636388111,13.92137540328,22.4));
#3569 = CARTESIAN_POINT('',(-11.58556138198,13.506937810932,22.4));
#3570 = CARTESIAN_POINT('',(-10.82521397712,13.126600652843,22.4));
#3571 = CARTESIAN_POINT('',(-10.03663468572,12.772771028443,22.4));
#3572 = CARTESIAN_POINT('',(-9.265915624382,12.464506534636,22.4));
#3573 = CARTESIAN_POINT('',(-8.488850539877,12.189494636354,22.4));
#3574 = CARTESIAN_POINT('',(-7.741291356944,11.956152719512,22.4));
#3575 = CARTESIAN_POINT('',(-6.908554193169,11.733361592018,22.4));
#3576 = CARTESIAN_POINT('',(-6.57265667835,11.664113331876,22.4));
#3577 = CARTESIAN_POINT('',(-6.227236645254,11.585829327088,22.4));
#3578 = PCURVE('',#3341,#3579);
#3579 = DEFINITIONAL_REPRESENTATION('',(#3580),#3584);
#3580 = LINE('',#3581,#3582);
#3581 = CARTESIAN_POINT('',(0.,-22.4));
#3582 = VECTOR('',#3583,1.);
#3583 = DIRECTION('',(1.,0.));
#3584 = ( GEOMETRIC_REPRESENTATION_CONTEXT(2) 
PARAMETRIC_REPRESENTATION_CONTEXT() REPRESENTATION_CONTEXT('2D SPACE',''
  ) );
#3585 = PCURVE('',#169,#3586);
#3586 = DEFINITIONAL_REPRESENTATION('',(#3587),#3638);
#3587 = B_SPLINE_CURVE_WITH_KNOTS('',3,(#3588,#3589,#3590,#3591,#3592,
    #3593,#3594,#3595,#3596,#3597,#3598,#3599,#3600,#3601,#3602,#3603,
    #3604,#3605,#3606,#3607,#3608,#3609,#3610,#3611,#3612,#3613,#3614,
    #3615,#3616,#3617,#3618,#3619,#3620,#3621,#3622,#3623,#3624,#3625,
    #3626,#3627,#3628,#3629,#3630,#3631,#3632,#3633,#3634,#3635,#3636,
    #3637),.UNSPECIFIED.,.F.,.F.,(4,1,1,1,1,1,1,1,1,1,1,1,1,1,1,1,1,1,1,
    1,1,1,1,1,1,1,1,1,1,1,1,1,1,1,1,1,1,1,1,1,1,1,1,1,1,1,1,4),(0.,
    0.72551896577,1.446812427957,2.167545581006,2.834652630785,
    3.561455250387,4.294404186133,5.035083262141,5.726745513771,
    6.485571675342,7.25499120568,8.035460380499,8.765906861733,
    9.568099084978,10.381469893138,11.205727652658,11.975881503332,
    12.819782078992,13.673026185696,14.534915364628,15.33753390218,
    16.21390469293,17.096636274619,17.984915961911,18.809100000342,
    19.705802922083,20.60576324729,21.508256924785,22.342991216384,
    23.248469118661,24.154594114226,25.060793204637,25.896884345071,
    26.801694858737,27.704993846459,28.606214463702,29.435742647904,
    30.331166080504,31.222462333173,32.108696907138,32.921319115104,
    33.794515353684,34.658772776489,35.512251077876,36.288651119977,
    37.115000087988,37.923185154055,38.651120081248),.UNSPECIFIED.);
#3588 = CARTESIAN_POINT('',(-23.65938817046,41.88628008978));
#3589 = CARTESIAN_POINT('',(-23.70323247419,41.648148054056));
#3590 = CARTESIAN_POINT('',(-23.79503365882,41.175076369562));
#3591 = CARTESIAN_POINT('',(-23.90551202282,40.460740230808));
#3592 = CARTESIAN_POINT('',(-23.99678315068,39.763633920064));
#3593 = CARTESIAN_POINT('',(-24.06982610064,39.062457214104));
#3594 = CARTESIAN_POINT('',(-24.12540156141,38.355607914669));
#3595 = CARTESIAN_POINT('',(-24.16344917899,37.623031417526));
#3596 = CARTESIAN_POINT('',(-24.18184692783,36.901418005569));
#3597 = CARTESIAN_POINT('',(-24.18198598468,36.170959271513));
#3598 = CARTESIAN_POINT('',(-24.16344119609,35.431135933684));
#3599 = CARTESIAN_POINT('',(-24.12399167563,34.662488658293));
#3600 = CARTESIAN_POINT('',(-24.0651197945,33.904570816108));
#3601 = CARTESIAN_POINT('',(-23.9859651494,33.137534274573));
#3602 = CARTESIAN_POINT('',(-23.88588085628,32.3618673245));
#3603 = CARTESIAN_POINT('',(-23.76026063656,31.558255891499));
#3604 = CARTESIAN_POINT('',(-23.61486894768,30.76883728037));
#3605 = CARTESIAN_POINT('',(-23.4465601028,29.973596932147));
#3606 = CARTESIAN_POINT('',(-23.25472403289,29.173735170035));
#3607 = CARTESIAN_POINT('',(-23.03201503562,28.35018785763));
#3608 = CARTESIAN_POINT('',(-22.78940147967,27.546640823297));
#3609 = CARTESIAN_POINT('',(-22.52139750494,26.743089645583));
#3610 = CARTESIAN_POINT('',(-22.22749917063,25.941205691214));
#3611 = CARTESIAN_POINT('',(-21.89793401981,25.122436186504));
#3612 = CARTESIAN_POINT('',(-21.54917103975,24.330619515491));
#3613 = CARTESIAN_POINT('',(-21.17338034174,23.546124619708));
#3614 = CARTESIAN_POINT('',(-20.77035877237,22.770827891507));
#3615 = CARTESIAN_POINT('',(-20.32769309864,21.987325805115));
#3616 = CARTESIAN_POINT('',(-19.86804334954,21.237779544976));
#3617 = CARTESIAN_POINT('',(-19.38120642119,20.503427365362));
#3618 = CARTESIAN_POINT('',(-18.86742775867,19.786116193965));
#3619 = CARTESIAN_POINT('',(-18.31185402218,19.070250700494));
#3620 = CARTESIAN_POINT('',(-17.74349990334,18.394429203105));
#3621 = CARTESIAN_POINT('',(-17.14990452462,17.741310270987));
#3622 = CARTESIAN_POINT('',(-16.53190602705,17.11251319144));
#3623 = CARTESIAN_POINT('',(-15.87268894591,16.494853376947));
#3624 = CARTESIAN_POINT('',(-15.20731539872,15.921573612452));
#3625 = CARTESIAN_POINT('',(-14.52140238647,15.377323446058));
#3626 = CARTESIAN_POINT('',(-13.81656367192,14.863325697555));
#3627 = CARTESIAN_POINT('',(-13.07481503893,14.369220301947));
#3628 = CARTESIAN_POINT('',(-12.33636388111,13.92137540328));
#3629 = CARTESIAN_POINT('',(-11.58556138198,13.506937810932));
#3630 = CARTESIAN_POINT('',(-10.82521397712,13.126600652843));
#3631 = CARTESIAN_POINT('',(-10.03663468572,12.772771028443));
#3632 = CARTESIAN_POINT('',(-9.265915624382,12.464506534636));
#3633 = CARTESIAN_POINT('',(-8.488850539877,12.189494636354));
#3634 = CARTESIAN_POINT('',(-7.741291356944,11.956152719512));
#3635 = CARTESIAN_POINT('',(-6.908554193169,11.733361592018));
#3636 = CARTESIAN_POINT('',(-6.57265667835,11.664113331876));
#3637 = CARTESIAN_POINT('',(-6.227236645254,11.585829327088));
#3638 = ( GEOMETRIC_REPRESENTATION_CONTEXT(2) 
PARAMETRIC_REPRESENTATION_CONTEXT() REPRESENTATION_CONTEXT('2D SPACE',''
  ) );
#3639 = ORIENTED_EDGE('',*,*,#3323,.F.);
#3640 = ORIENTED_EDGE('',*,*,#3641,.F.);
#3641 = EDGE_CURVE('',#3496,#3324,#3642,.T.);
#3642 = SURFACE_CURVE('',#3643,(#3694,#3701),.PCURVE_S1.);
#3643 = B_SPLINE_CURVE_WITH_KNOTS('',3,(#3644,#3645,#3646,#3647,#3648,
    #3649,#3650,#3651,#3652,#3653,#3654,#3655,#3656,#3657,#3658,#3659,
    #3660,#3661,#3662,#3663,#3664,#3665,#3666,#3667,#3668,#3669,#3670,
    #3671,#3672,#3673,#3674,#3675,#3676,#3677,#3678,#3679,#3680,#3681,
    #3682,#3683,#3684,#3685,#3686,#3687,#3688,#3689,#3690,#3691,#3692,
    #3693),.UNSPECIFIED.,.F.,.F.,(4,1,1,1,1,1,1,1,1,1,1,1,1,1,1,1,1,1,1,
    1,1,1,1,1,1,1,1,1,1,1,1,1,1,1,1,1,1,1,1,1,1,1,1,1,1,1,1,4),(0.,
    0.72551896577,1.446812427957,2.167545581006,2.834652630785,
    3.561455250387,4.294404186133,5.035083262141,5.726745513771,
    6.485571675342,7.25499120568,8.035460380499,8.765906861733,
    9.568099084978,10.381469893138,11.205727652658,11.975881503332,
    12.819782078992,13.673026185696,14.534915364628,15.33753390218,
    16.21390469293,17.096636274619,17.984915961911,18.809100000342,
    19.705802922083,20.60576324729,21.508256924785,22.342991216384,
    23.248469118661,24.154594114226,25.060793204637,25.896884345071,
    26.801694858737,27.704993846459,28.606214463702,29.435742647904,
    30.331166080504,31.222462333173,32.108696907138,32.921319115104,
    33.794515353684,34.658772776489,35.512251077876,36.288651119977,
    37.115000087988,37.923185154055,38.651120081248),.UNSPECIFIED.);
#3644 = CARTESIAN_POINT('',(-23.65938817046,41.88628008978,0.));
#3645 = CARTESIAN_POINT('',(-23.70323247419,41.648148054056,0.));
#3646 = CARTESIAN_POINT('',(-23.79503365882,41.175076369562,0.));
#3647 = CARTESIAN_POINT('',(-23.90551202282,40.460740230808,0.));
#3648 = CARTESIAN_POINT('',(-23.99678315068,39.763633920064,0.));
#3649 = CARTESIAN_POINT('',(-24.06982610064,39.062457214104,0.));
#3650 = CARTESIAN_POINT('',(-24.12540156141,38.355607914669,0.));
#3651 = CARTESIAN_POINT('',(-24.16344917899,37.623031417526,0.));
#3652 = CARTESIAN_POINT('',(-24.18184692783,36.901418005569,0.));
#3653 = CARTESIAN_POINT('',(-24.18198598468,36.170959271513,0.));
#3654 = CARTESIAN_POINT('',(-24.16344119609,35.431135933684,0.));
#3655 = CARTESIAN_POINT('',(-24.12399167563,34.662488658293,0.));
#3656 = CARTESIAN_POINT('',(-24.0651197945,33.904570816108,0.));
#3657 = CARTESIAN_POINT('',(-23.9859651494,33.137534274573,0.));
#3658 = CARTESIAN_POINT('',(-23.88588085628,32.3618673245,0.));
#3659 = CARTESIAN_POINT('',(-23.76026063656,31.558255891499,0.));
#3660 = CARTESIAN_POINT('',(-23.61486894768,30.76883728037,0.));
#3661 = CARTESIAN_POINT('',(-23.4465601028,29.973596932147,0.));
#3662 = CARTESIAN_POINT('',(-23.25472403289,29.173735170035,0.));
#3663 = CARTESIAN_POINT('',(-23.03201503562,28.35018785763,0.));
#3664 = CARTESIAN_POINT('',(-22.78940147967,27.546640823297,0.));
#3665 = CARTESIAN_POINT('',(-22.52139750494,26.743089645583,0.));
#3666 = CARTESIAN_POINT('',(-22.22749917063,25.941205691214,0.));
#3667 = CARTESIAN_POINT('',(-21.89793401981,25.122436186504,0.));
#3668 = CARTESIAN_POINT('',(-21.54917103975,24.330619515491,0.));
#3669 = CARTESIAN_POINT('',(-21.17338034174,23.546124619708,0.));
#3670 = CARTESIAN_POINT('',(-20.77035877237,22.770827891507,0.));
#3671 = CARTESIAN_POINT('',(-20.32769309864,21.987325805115,0.));
#3672 = CARTESIAN_POINT('',(-19.86804334954,21.237779544976,0.));
#3673 = CARTESIAN_POINT('',(-19.38120642119,20.503427365362,0.));
#3674 = CARTESIAN_POINT('',(-18.86742775867,19.786116193965,0.));
#3675 = CARTESIAN_POINT('',(-18.31185402218,19.070250700494,0.));
#3676 = CARTESIAN_POINT('',(-17.74349990334,18.394429203105,0.));
#3677 = CARTESIAN_POINT('',(-17.14990452462,17.741310270987,0.));
#3678 = CARTESIAN_POINT('',(-16.53190602705,17.11251319144,0.));
#3679 = CARTESIAN_POINT('',(-15.87268894591,16.494853376947,0.));
#3680 = CARTESIAN_POINT('',(-15.20731539872,15.921573612452,0.));
#3681 = CARTESIAN_POINT('',(-14.52140238647,15.377323446058,0.));
#3682 = CARTESIAN_POINT('',(-13.81656367192,14.863325697555,0.));
#3683 = CARTESIAN_POINT('',(-13.07481503893,14.369220301947,0.));
#3684 = CARTESIAN_POINT('',(-12.33636388111,13.92137540328,0.));
#3685 = CARTESIAN_POINT('',(-11.58556138198,13.506937810932,0.));
#3686 = CARTESIAN_POINT('',(-10.82521397712,13.126600652843,0.));
#3687 = CARTESIAN_POINT('',(-10.03663468572,12.772771028443,0.));
#3688 = CARTESIAN_POINT('',(-9.265915624382,12.464506534636,0.));
#3689 = CARTESIAN_POINT('',(-8.488850539877,12.189494636354,0.));
#3690 = CARTESIAN_POINT('',(-7.741291356944,11.956152719512,0.));
#3691 = CARTESIAN_POINT('',(-6.908554193169,11.733361592018,0.));
#3692 = CARTESIAN_POINT('',(-6.57265667835,11.664113331876,0.));
#3693 = CARTESIAN_POINT('',(-6.227236645254,11.585829327088,0.));
#3694 = PCURVE('',#3341,#3695);
#3695 = DEFINITIONAL_REPRESENTATION('',(#3696),#3700);
#3696 = LINE('',#3697,#3698);
#3697 = CARTESIAN_POINT('',(0.,0.));
#3698 = VECTOR('',#3699,1.);
#3699 = DIRECTION('',(1.,0.));
#3700 = ( GEOMETRIC_REPRESENTATION_CONTEXT(2) 
PARAMETRIC_REPRESENTATION_CONTEXT() REPRESENTATION_CONTEXT('2D SPACE',''
  ) );
#3701 = PCURVE('',#224,#3702);
#3702 = DEFINITIONAL_REPRESENTATION('',(#3703),#3754);
#3703 = B_SPLINE_CURVE_WITH_KNOTS('',3,(#3704,#3705,#3706,#3707,#3708,
    #3709,#3710,#3711,#3712,#3713,#3714,#3715,#3716,#3717,#3718,#3719,
    #3720,#3721,#3722,#3723,#3724,#3725,#3726,#3727,#3728,#3729,#3730,
    #3731,#3732,#3733,#3734,#3735,#3736,#3737,#3738,#3739,#3740,#3741,
    #3742,#3743,#3744,#3745,#3746,#3747,#3748,#3749,#3750,#3751,#3752,
    #3753),.UNSPECIFIED.,.F.,.F.,(4,1,1,1,1,1,1,1,1,1,1,1,1,1,1,1,1,1,1,
    1,1,1,1,1,1,1,1,1,1,1,1,1,1,1,1,1,1,1,1,1,1,1,1,1,1,1,1,4),(0.,
    0.72551896577,1.446812427957,2.167545581006,2.834652630785,
    3.561455250387,4.294404186133,5.035083262141,5.726745513771,
    6.485571675342,7.25499120568,8.035460380499,8.765906861733,
    9.568099084978,10.381469893138,11.205727652658,11.975881503332,
    12.819782078992,13.673026185696,14.534915364628,15.33753390218,
    16.21390469293,17.096636274619,17.984915961911,18.809100000342,
    19.705802922083,20.60576324729,21.508256924785,22.342991216384,
    23.248469118661,24.154594114226,25.060793204637,25.896884345071,
    26.801694858737,27.704993846459,28.606214463702,29.435742647904,
    30.331166080504,31.222462333173,32.108696907138,32.921319115104,
    33.794515353684,34.658772776489,35.512251077876,36.288651119977,
    37.115000087988,37.923185154055,38.651120081248),.UNSPECIFIED.);
#3704 = CARTESIAN_POINT('',(-23.65938817046,41.88628008978));
#3705 = CARTESIAN_POINT('',(-23.70323247419,41.648148054056));
#3706 = CARTESIAN_POINT('',(-23.79503365882,41.175076369562));
#3707 = CARTESIAN_POINT('',(-23.90551202282,40.460740230808));
#3708 = CARTESIAN_POINT('',(-23.99678315068,39.763633920064));
#3709 = CARTESIAN_POINT('',(-24.06982610064,39.062457214104));
#3710 = CARTESIAN_POINT('',(-24.12540156141,38.355607914669));
#3711 = CARTESIAN_POINT('',(-24.16344917899,37.623031417526));
#3712 = CARTESIAN_POINT('',(-24.18184692783,36.901418005569));
#3713 = CARTESIAN_POINT('',(-24.18198598468,36.170959271513));
#3714 = CARTESIAN_POINT('',(-24.16344119609,35.431135933684));
#3715 = CARTESIAN_POINT('',(-24.12399167563,34.662488658293));
#3716 = CARTESIAN_POINT('',(-24.0651197945,33.904570816108));
#3717 = CARTESIAN_POINT('',(-23.9859651494,33.137534274573));
#3718 = CARTESIAN_POINT('',(-23.88588085628,32.3618673245));
#3719 = CARTESIAN_POINT('',(-23.76026063656,31.558255891499));
#3720 = CARTESIAN_POINT('',(-23.61486894768,30.76883728037));
#3721 = CARTESIAN_POINT('',(-23.4465601028,29.973596932147));
#3722 = CARTESIAN_POINT('',(-23.25472403289,29.173735170035));
#3723 = CARTESIAN_POINT('',(-23.03201503562,28.35018785763));
#3724 = CARTESIAN_POINT('',(-22.78940147967,27.546640823297));
#3725 = CARTESIAN_POINT('',(-22.52139750494,26.743089645583));
#3726 = CARTESIAN_POINT('',(-22.22749917063,25.941205691214));
#3727 = CARTESIAN_POINT('',(-21.89793401981,25.122436186504));
#3728 = CARTESIAN_POINT('',(-21.54917103975,24.330619515491));
#3729 = CARTESIAN_POINT('',(-21.17338034174,23.546124619708));
#3730 = CARTESIAN_POINT('',(-20.77035877237,22.770827891507));
#3731 = CARTESIAN_POINT('',(-20.32769309864,21.987325805115));
#3732 = CARTESIAN_POINT('',(-19.86804334954,21.237779544976));
#3733 = CARTESIAN_POINT('',(-19.38120642119,20.503427365362));
#3734 = CARTESIAN_POINT('',(-18.86742775867,19.786116193965));
#3735 = CARTESIAN_POINT('',(-18.31185402218,19.070250700494));
#3736 = CARTESIAN_POINT('',(-17.74349990334,18.394429203105));
#3737 = CARTESIAN_POINT('',(-17.14990452462,17.741310270987));
#3738 = CARTESIAN_POINT('',(-16.53190602705,17.11251319144));
#3739 = CARTESIAN_POINT('',(-15.87268894591,16.494853376947));
#3740 = CARTESIAN_POINT('',(-15.20731539872,15.921573612452));
#3741 = CARTESIAN_POINT('',(-14.52140238647,15.377323446058));
#3742 = CARTESIAN_POINT('',(-13.81656367192,14.863325697555));
#3743 = CARTESIAN_POINT('',(-13.07481503893,14.369220301947));
#3744 = CARTESIAN_POINT('',(-12.33636388111,13.92137540328));
#3745 = CARTESIAN_POINT('',(-11.58556138198,13.506937810932));
#3746 = CARTESIAN_POINT('',(-10.82521397712,13.126600652843));
#3747 = CARTESIAN_POINT('',(-10.03663468572,12.772771028443));
#3748 = CARTESIAN_POINT('',(-9.265915624382,12.464506534636));
#3749 = CARTESIAN_POINT('',(-8.488850539877,12.189494636354));
#3750 = CARTESIAN_POINT('',(-7.741291356944,11.956152719512));
#3751 = CARTESIAN_POINT('',(-6.908554193169,11.733361592018));
#3752 = CARTESIAN_POINT('',(-6.57265667835,11.664113331876));
#3753 = CARTESIAN_POINT('',(-6.227236645254,11.585829327088));
#3754 = ( GEOMETRIC_REPRESENTATION_CONTEXT(2) 
PARAMETRIC_REPRESENTATION_CONTEXT() REPRESENTATION_CONTEXT('2D SPACE',''
  ) );
#3755 = ADVANCED_FACE('',(#3756),#3513,.T.);
#3756 = FACE_BOUND('',#3757,.T.);
#3757 = EDGE_LOOP('',(#3758,#3788,#3809,#3810));
#3758 = ORIENTED_EDGE('',*,*,#3759,.T.);
#3759 = EDGE_CURVE('',#3760,#3762,#3764,.T.);
#3760 = VERTEX_POINT('',#3761);
#3761 = CARTESIAN_POINT('',(-23.56685368402,42.389307701777,0.));
#3762 = VERTEX_POINT('',#3763);
#3763 = CARTESIAN_POINT('',(-23.56685368402,42.389307701777,22.4));
#3764 = SURFACE_CURVE('',#3765,(#3769,#3776),.PCURVE_S1.);
#3765 = LINE('',#3766,#3767);
#3766 = CARTESIAN_POINT('',(-23.56685368402,42.389307701777,0.));
#3767 = VECTOR('',#3768,1.);
#3768 = DIRECTION('',(0.,0.,1.));
#3769 = PCURVE('',#3513,#3770);
#3770 = DEFINITIONAL_REPRESENTATION('',(#3771),#3775);
#3771 = LINE('',#3772,#3773);
#3772 = CARTESIAN_POINT('',(0.,0.));
#3773 = VECTOR('',#3774,1.);
#3774 = DIRECTION('',(0.,-1.));
#3775 = ( GEOMETRIC_REPRESENTATION_CONTEXT(2) 
PARAMETRIC_REPRESENTATION_CONTEXT() REPRESENTATION_CONTEXT('2D SPACE',''
  ) );
#3776 = PCURVE('',#3777,#3782);
#3777 = CYLINDRICAL_SURFACE('',#3778,48.5);
#3778 = AXIS2_PLACEMENT_3D('',#3779,#3780,#3781);
#3779 = CARTESIAN_POINT('',(0.,0.,0.));
#3780 = DIRECTION('',(-0.,-0.,-1.));
#3781 = DIRECTION('',(1.,0.,-0.));
#3782 = DEFINITIONAL_REPRESENTATION('',(#3783),#3787);
#3783 = LINE('',#3784,#3785);
#3784 = CARTESIAN_POINT('',(-2.078205531816,0.));
#3785 = VECTOR('',#3786,1.);
#3786 = DIRECTION('',(-0.,-1.));
#3787 = ( GEOMETRIC_REPRESENTATION_CONTEXT(2) 
PARAMETRIC_REPRESENTATION_CONTEXT() REPRESENTATION_CONTEXT('2D SPACE',''
  ) );
#3788 = ORIENTED_EDGE('',*,*,#3789,.T.);
#3789 = EDGE_CURVE('',#3762,#3498,#3790,.T.);
#3790 = SURFACE_CURVE('',#3791,(#3795,#3802),.PCURVE_S1.);
#3791 = LINE('',#3792,#3793);
#3792 = CARTESIAN_POINT('',(-23.14690404759,44.672199960561,22.4));
#3793 = VECTOR('',#3794,1.);
#3794 = DIRECTION('',(-0.180919441855,-0.983497918431,0.));
#3795 = PCURVE('',#3513,#3796);
#3796 = DEFINITIONAL_REPRESENTATION('',(#3797),#3801);
#3797 = LINE('',#3798,#3799);
#3798 = CARTESIAN_POINT('',(-2.321196838348,-22.4));
#3799 = VECTOR('',#3800,1.);
#3800 = DIRECTION('',(1.,0.));
#3801 = ( GEOMETRIC_REPRESENTATION_CONTEXT(2) 
PARAMETRIC_REPRESENTATION_CONTEXT() REPRESENTATION_CONTEXT('2D SPACE',''
  ) );
#3802 = PCURVE('',#169,#3803);
#3803 = DEFINITIONAL_REPRESENTATION('',(#3804),#3808);
#3804 = LINE('',#3805,#3806);
#3805 = CARTESIAN_POINT('',(-23.14690404759,44.672199960561));
#3806 = VECTOR('',#3807,1.);
#3807 = DIRECTION('',(-0.180919441855,-0.983497918431));
#3808 = ( GEOMETRIC_REPRESENTATION_CONTEXT(2) 
PARAMETRIC_REPRESENTATION_CONTEXT() REPRESENTATION_CONTEXT('2D SPACE',''
  ) );
#3809 = ORIENTED_EDGE('',*,*,#3495,.F.);
#3810 = ORIENTED_EDGE('',*,*,#3811,.F.);
#3811 = EDGE_CURVE('',#3760,#3496,#3812,.T.);
#3812 = SURFACE_CURVE('',#3813,(#3817,#3824),.PCURVE_S1.);
#3813 = LINE('',#3814,#3815);
#3814 = CARTESIAN_POINT('',(-23.14690404759,44.672199960561,0.));
#3815 = VECTOR('',#3816,1.);
#3816 = DIRECTION('',(-0.180919441855,-0.983497918431,0.));
#3817 = PCURVE('',#3513,#3818);
#3818 = DEFINITIONAL_REPRESENTATION('',(#3819),#3823);
#3819 = LINE('',#3820,#3821);
#3820 = CARTESIAN_POINT('',(-2.321196838348,0.));
#3821 = VECTOR('',#3822,1.);
#3822 = DIRECTION('',(1.,0.));
#3823 = ( GEOMETRIC_REPRESENTATION_CONTEXT(2) 
PARAMETRIC_REPRESENTATION_CONTEXT() REPRESENTATION_CONTEXT('2D SPACE',''
  ) );
#3824 = PCURVE('',#224,#3825);
#3825 = DEFINITIONAL_REPRESENTATION('',(#3826),#3830);
#3826 = LINE('',#3827,#3828);
#3827 = CARTESIAN_POINT('',(-23.14690404759,44.672199960561));
#3828 = VECTOR('',#3829,1.);
#3829 = DIRECTION('',(-0.180919441855,-0.983497918431));
#3830 = ( GEOMETRIC_REPRESENTATION_CONTEXT(2) 
PARAMETRIC_REPRESENTATION_CONTEXT() REPRESENTATION_CONTEXT('2D SPACE',''
  ) );
#3831 = ADVANCED_FACE('',(#3832),#3777,.F.);
#3832 = FACE_BOUND('',#3833,.T.);
#3833 = EDGE_LOOP('',(#3834,#3859,#3881,#3882));
#3834 = ORIENTED_EDGE('',*,*,#3835,.T.);
#3835 = EDGE_CURVE('',#3836,#3838,#3840,.T.);
#3836 = VERTEX_POINT('',#3837);
#3837 = CARTESIAN_POINT('',(-0.797394253335,48.493444530212,0.));
#3838 = VERTEX_POINT('',#3839);
#3839 = CARTESIAN_POINT('',(-0.797394253335,48.493444530212,22.4));
#3840 = SURFACE_CURVE('',#3841,(#3845,#3852),.PCURVE_S1.);
#3841 = LINE('',#3842,#3843);
#3842 = CARTESIAN_POINT('',(-0.797394253335,48.493444530212,0.));
#3843 = VECTOR('',#3844,1.);
#3844 = DIRECTION('',(0.,0.,1.));
#3845 = PCURVE('',#3777,#3846);
#3846 = DEFINITIONAL_REPRESENTATION('',(#3847),#3851);
#3847 = LINE('',#3848,#3849);
#3848 = CARTESIAN_POINT('',(-1.587238186211,0.));
#3849 = VECTOR('',#3850,1.);
#3850 = DIRECTION('',(-0.,-1.));
#3851 = ( GEOMETRIC_REPRESENTATION_CONTEXT(2) 
PARAMETRIC_REPRESENTATION_CONTEXT() REPRESENTATION_CONTEXT('2D SPACE',''
  ) );
#3852 = PCURVE('',#3138,#3853);
#3853 = DEFINITIONAL_REPRESENTATION('',(#3854),#3858);
#3854 = LINE('',#3855,#3856);
#3855 = CARTESIAN_POINT('',(40.083562049213,0.));
#3856 = VECTOR('',#3857,1.);
#3857 = DIRECTION('',(0.,-1.));
#3858 = ( GEOMETRIC_REPRESENTATION_CONTEXT(2) 
PARAMETRIC_REPRESENTATION_CONTEXT() REPRESENTATION_CONTEXT('2D SPACE',''
  ) );
#3859 = ORIENTED_EDGE('',*,*,#3860,.T.);
#3860 = EDGE_CURVE('',#3838,#3762,#3861,.T.);
#3861 = SURFACE_CURVE('',#3862,(#3867,#3874),.PCURVE_S1.);
#3862 = CIRCLE('',#3863,48.5);
#3863 = AXIS2_PLACEMENT_3D('',#3864,#3865,#3866);
#3864 = CARTESIAN_POINT('',(0.,0.,22.4));
#3865 = DIRECTION('',(0.,0.,1.));
#3866 = DIRECTION('',(1.,0.,-0.));
#3867 = PCURVE('',#3777,#3868);
#3868 = DEFINITIONAL_REPRESENTATION('',(#3869),#3873);
#3869 = LINE('',#3870,#3871);
#3870 = CARTESIAN_POINT('',(-0.,-22.4));
#3871 = VECTOR('',#3872,1.);
#3872 = DIRECTION('',(-1.,0.));
#3873 = ( GEOMETRIC_REPRESENTATION_CONTEXT(2) 
PARAMETRIC_REPRESENTATION_CONTEXT() REPRESENTATION_CONTEXT('2D SPACE',''
  ) );
#3874 = PCURVE('',#169,#3875);
#3875 = DEFINITIONAL_REPRESENTATION('',(#3876),#3880);
#3876 = CIRCLE('',#3877,48.5);
#3877 = AXIS2_PLACEMENT_2D('',#3878,#3879);
#3878 = CARTESIAN_POINT('',(0.,-1.204325410458E-15));
#3879 = DIRECTION('',(1.,0.));
#3880 = ( GEOMETRIC_REPRESENTATION_CONTEXT(2) 
PARAMETRIC_REPRESENTATION_CONTEXT() REPRESENTATION_CONTEXT('2D SPACE',''
  ) );
#3881 = ORIENTED_EDGE('',*,*,#3759,.F.);
#3882 = ORIENTED_EDGE('',*,*,#3883,.F.);
#3883 = EDGE_CURVE('',#3836,#3760,#3884,.T.);
#3884 = SURFACE_CURVE('',#3885,(#3890,#3897),.PCURVE_S1.);
#3885 = CIRCLE('',#3886,48.5);
#3886 = AXIS2_PLACEMENT_3D('',#3887,#3888,#3889);
#3887 = CARTESIAN_POINT('',(0.,0.,0.));
#3888 = DIRECTION('',(0.,0.,1.));
#3889 = DIRECTION('',(1.,0.,-0.));
#3890 = PCURVE('',#3777,#3891);
#3891 = DEFINITIONAL_REPRESENTATION('',(#3892),#3896);
#3892 = LINE('',#3893,#3894);
#3893 = CARTESIAN_POINT('',(-0.,0.));
#3894 = VECTOR('',#3895,1.);
#3895 = DIRECTION('',(-1.,0.));
#3896 = ( GEOMETRIC_REPRESENTATION_CONTEXT(2) 
PARAMETRIC_REPRESENTATION_CONTEXT() REPRESENTATION_CONTEXT('2D SPACE',''
  ) );
#3897 = PCURVE('',#224,#3898);
#3898 = DEFINITIONAL_REPRESENTATION('',(#3899),#3903);
#3899 = CIRCLE('',#3900,48.5);
#3900 = AXIS2_PLACEMENT_2D('',#3901,#3902);
#3901 = CARTESIAN_POINT('',(0.,-1.204325410458E-15));
#3902 = DIRECTION('',(1.,0.));
#3903 = ( GEOMETRIC_REPRESENTATION_CONTEXT(2) 
PARAMETRIC_REPRESENTATION_CONTEXT() REPRESENTATION_CONTEXT('2D SPACE',''
  ) );
#3904 = ADVANCED_FACE('',(#3905),#3138,.T.);
#3905 = FACE_BOUND('',#3906,.T.);
#3906 = EDGE_LOOP('',(#3907,#3908,#4023,#4024));
#3907 = ORIENTED_EDGE('',*,*,#3115,.T.);
#3908 = ORIENTED_EDGE('',*,*,#3909,.T.);
#3909 = EDGE_CURVE('',#3118,#3838,#3910,.T.);
#3910 = SURFACE_CURVE('',#3911,(#3962,#3969),.PCURVE_S1.);
#3911 = B_SPLINE_CURVE_WITH_KNOTS('',3,(#3912,#3913,#3914,#3915,#3916,
    #3917,#3918,#3919,#3920,#3921,#3922,#3923,#3924,#3925,#3926,#3927,
    #3928,#3929,#3930,#3931,#3932,#3933,#3934,#3935,#3936,#3937,#3938,
    #3939,#3940,#3941,#3942,#3943,#3944,#3945,#3946,#3947,#3948,#3949,
    #3950,#3951,#3952,#3953,#3954,#3955,#3956,#3957,#3958,#3959,#3960,
    #3961),.UNSPECIFIED.,.F.,.F.,(4,1,1,1,1,1,1,1,1,1,1,1,1,1,1,1,1,1,1,
    1,1,1,1,1,1,1,1,1,1,1,1,1,1,1,1,1,1,1,1,1,1,1,1,1,1,1,1,4),(0.,
    0.770020974153,1.626265687068,2.501235809007,3.323017628822,
    4.226168942917,5.140567564886,6.064285262741,6.923787879437,
    7.860959618837,8.803220404646,9.749496837408,10.625745778606,
    11.577210076157,12.530237508485,13.484135816053,14.364871812505,
    15.318618169461,16.271356512646,17.222443906393,18.098342389538,
    19.044380308015,19.986772779966,20.924790631856,21.786128506054,
    22.713614611572,23.634502775488,24.548028034391,25.38410411673,
    26.281393184443,27.169232325991,28.047009844699,28.847877333261,
    29.704892084705,30.550578145199,31.384742808357,32.14448317376,
    32.956538608657,33.75747556067,34.547827237765,35.268649993444,
    36.041021221912,36.805779378973,37.564485879874,38.261073281275,
    39.01367744831,39.766626217161,40.522198623296),.UNSPECIFIED.);
#3912 = CARTESIAN_POINT('',(-0.399969533376,12.252759156204,22.4));
#3913 = CARTESIAN_POINT('',(-0.588317117704,12.426998544895,22.4));
#3914 = CARTESIAN_POINT('',(-0.991213358426,12.790064651921,22.4));
#3915 = CARTESIAN_POINT('',(-1.579064678277,13.381738273889,22.4));
#3916 = CARTESIAN_POINT('',(-2.157201907725,14.0064475216,22.4));
#3917 = CARTESIAN_POINT('',(-2.719798490113,14.665938833245,22.4));
#3918 = CARTESIAN_POINT('',(-3.264216974392,15.357350757183,22.4));
#3919 = CARTESIAN_POINT('',(-3.799256486071,16.09841102664,22.4));
#3920 = CARTESIAN_POINT('',(-4.294755209196,16.849102809451,22.4));
#3921 = CARTESIAN_POINT('',(-4.763277683188,17.625745898315,22.4));
#3922 = CARTESIAN_POINT('',(-5.202753634089,18.426308718474,22.4));
#3923 = CARTESIAN_POINT('',(-5.620667006661,19.270736770257,22.4));
#3924 = CARTESIAN_POINT('',(-5.994145474174,20.113571444723,22.4));
#3925 = CARTESIAN_POINT('',(-6.3341604789,20.973694136373,22.4));
#3926 = CARTESIAN_POINT('',(-6.639884233994,21.849030690946,22.4));
#3927 = CARTESIAN_POINT('',(-6.916378114271,22.76110965105,22.4));
#3928 = CARTESIAN_POINT('',(-7.14916912309,23.660970768304,22.4));
#3929 = CARTESIAN_POINT('',(-7.346692918406,24.569412990843,22.4));
#3930 = CARTESIAN_POINT('',(-7.509086806548,25.484435930016,22.4));
#3931 = CARTESIAN_POINT('',(-7.638640564576,26.428348106991,22.4));
#3932 = CARTESIAN_POINT('',(-7.729288872908,27.350706297773,22.4));
#3933 = CARTESIAN_POINT('',(-7.786418105318,28.273456484601,22.4));
#3934 = CARTESIAN_POINT('',(-7.810845298097,29.194782025031,22.4));
#3935 = CARTESIAN_POINT('',(-7.802066972039,30.137085009938,22.4));
#3936 = CARTESIAN_POINT('',(-7.761671892174,31.050291833556,22.4));
#3937 = CARTESIAN_POINT('',(-7.691862163502,31.956695447668,22.4));
#3938 = CARTESIAN_POINT('',(-7.59385601959,32.854764880395,22.4));
#3939 = CARTESIAN_POINT('',(-7.464526294062,33.766423809672,22.4));
#3940 = CARTESIAN_POINT('',(-7.311896792332,34.643551194211,22.4));
#3941 = CARTESIAN_POINT('',(-7.135141318351,35.508074309696,22.4));
#3942 = CARTESIAN_POINT('',(-6.935615311176,36.358855315245,22.4));
#3943 = CARTESIAN_POINT('',(-6.707794378428,37.21688101307,22.4));
#3944 = CARTESIAN_POINT('',(-6.464909369945,38.037292229204,22.4));
#3945 = CARTESIAN_POINT('',(-6.203206399825,38.841070761884,22.4));
#3946 = CARTESIAN_POINT('',(-5.923947179717,39.627593653209,22.4));
#3947 = CARTESIAN_POINT('',(-5.619501004183,40.416618186157,22.4));
#3948 = CARTESIAN_POINT('',(-5.306544142483,41.167288767687,22.4));
#3949 = CARTESIAN_POINT('',(-4.979140272547,41.899486410061,22.4));
#3950 = CARTESIAN_POINT('',(-4.63807942645,42.613182976834,22.4));
#3951 = CARTESIAN_POINT('',(-4.273767083749,43.326774342126,22.4));
#3952 = CARTESIAN_POINT('',(-3.905418001963,44.003843275079,22.4));
#3953 = CARTESIAN_POINT('',(-3.524822041583,44.663178643089,22.4));
#3954 = CARTESIAN_POINT('',(-3.132256327976,45.305240820565,22.4));
#3955 = CARTESIAN_POINT('',(-2.715458433768,45.947952885282,22.4));
#3956 = CARTESIAN_POINT('',(-2.298029746103,46.556220727558,22.4));
#3957 = CARTESIAN_POINT('',(-1.860650924723,47.158631312289,22.4));
#3958 = CARTESIAN_POINT('',(-1.435926202974,47.716125166114,22.4));
#3959 = CARTESIAN_POINT('',(-0.881781610442,48.400183155954,22.4));
#3960 = CARTESIAN_POINT('',(-0.756663572118,48.539702421614,22.4));
#3961 = CARTESIAN_POINT('',(-0.45350885127,48.895723286988,22.4));
#3962 = PCURVE('',#3138,#3963);
#3963 = DEFINITIONAL_REPRESENTATION('',(#3964),#3968);
#3964 = LINE('',#3965,#3966);
#3965 = CARTESIAN_POINT('',(0.,-22.4));
#3966 = VECTOR('',#3967,1.);
#3967 = DIRECTION('',(1.,0.));
#3968 = ( GEOMETRIC_REPRESENTATION_CONTEXT(2) 
PARAMETRIC_REPRESENTATION_CONTEXT() REPRESENTATION_CONTEXT('2D SPACE',''
  ) );
#3969 = PCURVE('',#169,#3970);
#3970 = DEFINITIONAL_REPRESENTATION('',(#3971),#4022);
#3971 = B_SPLINE_CURVE_WITH_KNOTS('',3,(#3972,#3973,#3974,#3975,#3976,
    #3977,#3978,#3979,#3980,#3981,#3982,#3983,#3984,#3985,#3986,#3987,
    #3988,#3989,#3990,#3991,#3992,#3993,#3994,#3995,#3996,#3997,#3998,
    #3999,#4000,#4001,#4002,#4003,#4004,#4005,#4006,#4007,#4008,#4009,
    #4010,#4011,#4012,#4013,#4014,#4015,#4016,#4017,#4018,#4019,#4020,
    #4021),.UNSPECIFIED.,.F.,.F.,(4,1,1,1,1,1,1,1,1,1,1,1,1,1,1,1,1,1,1,
    1,1,1,1,1,1,1,1,1,1,1,1,1,1,1,1,1,1,1,1,1,1,1,1,1,1,1,1,4),(0.,
    0.770020974153,1.626265687068,2.501235809007,3.323017628822,
    4.226168942917,5.140567564886,6.064285262741,6.923787879437,
    7.860959618837,8.803220404646,9.749496837408,10.625745778606,
    11.577210076157,12.530237508485,13.484135816053,14.364871812505,
    15.318618169461,16.271356512646,17.222443906393,18.098342389538,
    19.044380308015,19.986772779966,20.924790631856,21.786128506054,
    22.713614611572,23.634502775488,24.548028034391,25.38410411673,
    26.281393184443,27.169232325991,28.047009844699,28.847877333261,
    29.704892084705,30.550578145199,31.384742808357,32.14448317376,
    32.956538608657,33.75747556067,34.547827237765,35.268649993444,
    36.041021221912,36.805779378973,37.564485879874,38.261073281275,
    39.01367744831,39.766626217161,40.522198623296),.UNSPECIFIED.);
#3972 = CARTESIAN_POINT('',(-0.399969533376,12.252759156204));
#3973 = CARTESIAN_POINT('',(-0.588317117704,12.426998544895));
#3974 = CARTESIAN_POINT('',(-0.991213358426,12.790064651921));
#3975 = CARTESIAN_POINT('',(-1.579064678277,13.381738273889));
#3976 = CARTESIAN_POINT('',(-2.157201907725,14.0064475216));
#3977 = CARTESIAN_POINT('',(-2.719798490113,14.665938833245));
#3978 = CARTESIAN_POINT('',(-3.264216974392,15.357350757183));
#3979 = CARTESIAN_POINT('',(-3.799256486071,16.09841102664));
#3980 = CARTESIAN_POINT('',(-4.294755209196,16.849102809451));
#3981 = CARTESIAN_POINT('',(-4.763277683188,17.625745898315));
#3982 = CARTESIAN_POINT('',(-5.202753634089,18.426308718474));
#3983 = CARTESIAN_POINT('',(-5.620667006661,19.270736770257));
#3984 = CARTESIAN_POINT('',(-5.994145474174,20.113571444723));
#3985 = CARTESIAN_POINT('',(-6.3341604789,20.973694136373));
#3986 = CARTESIAN_POINT('',(-6.639884233994,21.849030690946));
#3987 = CARTESIAN_POINT('',(-6.916378114271,22.76110965105));
#3988 = CARTESIAN_POINT('',(-7.14916912309,23.660970768304));
#3989 = CARTESIAN_POINT('',(-7.346692918406,24.569412990843));
#3990 = CARTESIAN_POINT('',(-7.509086806548,25.484435930016));
#3991 = CARTESIAN_POINT('',(-7.638640564576,26.428348106991));
#3992 = CARTESIAN_POINT('',(-7.729288872908,27.350706297773));
#3993 = CARTESIAN_POINT('',(-7.786418105318,28.273456484601));
#3994 = CARTESIAN_POINT('',(-7.810845298097,29.194782025031));
#3995 = CARTESIAN_POINT('',(-7.802066972039,30.137085009938));
#3996 = CARTESIAN_POINT('',(-7.761671892174,31.050291833556));
#3997 = CARTESIAN_POINT('',(-7.691862163502,31.956695447668));
#3998 = CARTESIAN_POINT('',(-7.59385601959,32.854764880395));
#3999 = CARTESIAN_POINT('',(-7.464526294062,33.766423809672));
#4000 = CARTESIAN_POINT('',(-7.311896792332,34.643551194211));
#4001 = CARTESIAN_POINT('',(-7.135141318351,35.508074309696));
#4002 = CARTESIAN_POINT('',(-6.935615311176,36.358855315245));
#4003 = CARTESIAN_POINT('',(-6.707794378428,37.21688101307));
#4004 = CARTESIAN_POINT('',(-6.464909369945,38.037292229204));
#4005 = CARTESIAN_POINT('',(-6.203206399825,38.841070761884));
#4006 = CARTESIAN_POINT('',(-5.923947179717,39.627593653209));
#4007 = CARTESIAN_POINT('',(-5.619501004183,40.416618186157));
#4008 = CARTESIAN_POINT('',(-5.306544142483,41.167288767687));
#4009 = CARTESIAN_POINT('',(-4.979140272547,41.899486410061));
#4010 = CARTESIAN_POINT('',(-4.63807942645,42.613182976834));
#4011 = CARTESIAN_POINT('',(-4.273767083749,43.326774342126));
#4012 = CARTESIAN_POINT('',(-3.905418001963,44.003843275079));
#4013 = CARTESIAN_POINT('',(-3.524822041583,44.663178643089));
#4014 = CARTESIAN_POINT('',(-3.132256327976,45.305240820565));
#4015 = CARTESIAN_POINT('',(-2.715458433768,45.947952885282));
#4016 = CARTESIAN_POINT('',(-2.298029746103,46.556220727558));
#4017 = CARTESIAN_POINT('',(-1.860650924723,47.158631312289));
#4018 = CARTESIAN_POINT('',(-1.435926202974,47.716125166114));
#4019 = CARTESIAN_POINT('',(-0.881781610442,48.400183155954));
#4020 = CARTESIAN_POINT('',(-0.756663572118,48.539702421614));
#4021 = CARTESIAN_POINT('',(-0.45350885127,48.895723286988));
#4022 = ( GEOMETRIC_REPRESENTATION_CONTEXT(2) 
PARAMETRIC_REPRESENTATION_CONTEXT() REPRESENTATION_CONTEXT('2D SPACE',''
  ) );
#4023 = ORIENTED_EDGE('',*,*,#3835,.F.);
#4024 = ORIENTED_EDGE('',*,*,#4025,.F.);
#4025 = EDGE_CURVE('',#3116,#3836,#4026,.T.);
#4026 = SURFACE_CURVE('',#4027,(#4078,#4085),.PCURVE_S1.);
#4027 = B_SPLINE_CURVE_WITH_KNOTS('',3,(#4028,#4029,#4030,#4031,#4032,
    #4033,#4034,#4035,#4036,#4037,#4038,#4039,#4040,#4041,#4042,#4043,
    #4044,#4045,#4046,#4047,#4048,#4049,#4050,#4051,#4052,#4053,#4054,
    #4055,#4056,#4057,#4058,#4059,#4060,#4061,#4062,#4063,#4064,#4065,
    #4066,#4067,#4068,#4069,#4070,#4071,#4072,#4073,#4074,#4075,#4076,
    #4077),.UNSPECIFIED.,.F.,.F.,(4,1,1,1,1,1,1,1,1,1,1,1,1,1,1,1,1,1,1,
    1,1,1,1,1,1,1,1,1,1,1,1,1,1,1,1,1,1,1,1,1,1,1,1,1,1,1,1,4),(0.,
    0.770020974153,1.626265687068,2.501235809007,3.323017628822,
    4.226168942917,5.140567564886,6.064285262741,6.923787879437,
    7.860959618837,8.803220404646,9.749496837408,10.625745778606,
    11.577210076157,12.530237508485,13.484135816053,14.364871812505,
    15.318618169461,16.271356512646,17.222443906393,18.098342389538,
    19.044380308015,19.986772779966,20.924790631856,21.786128506054,
    22.713614611572,23.634502775488,24.548028034391,25.38410411673,
    26.281393184443,27.169232325991,28.047009844699,28.847877333261,
    29.704892084705,30.550578145199,31.384742808357,32.14448317376,
    32.956538608657,33.75747556067,34.547827237765,35.268649993444,
    36.041021221912,36.805779378973,37.564485879874,38.261073281275,
    39.01367744831,39.766626217161,40.522198623296),.UNSPECIFIED.);
#4028 = CARTESIAN_POINT('',(-0.399969533376,12.252759156204,0.));
#4029 = CARTESIAN_POINT('',(-0.588317117704,12.426998544895,0.));
#4030 = CARTESIAN_POINT('',(-0.991213358426,12.790064651921,0.));
#4031 = CARTESIAN_POINT('',(-1.579064678277,13.381738273889,0.));
#4032 = CARTESIAN_POINT('',(-2.157201907725,14.0064475216,0.));
#4033 = CARTESIAN_POINT('',(-2.719798490113,14.665938833245,0.));
#4034 = CARTESIAN_POINT('',(-3.264216974392,15.357350757183,0.));
#4035 = CARTESIAN_POINT('',(-3.799256486071,16.09841102664,0.));
#4036 = CARTESIAN_POINT('',(-4.294755209196,16.849102809451,0.));
#4037 = CARTESIAN_POINT('',(-4.763277683188,17.625745898315,0.));
#4038 = CARTESIAN_POINT('',(-5.202753634089,18.426308718474,0.));
#4039 = CARTESIAN_POINT('',(-5.620667006661,19.270736770257,0.));
#4040 = CARTESIAN_POINT('',(-5.994145474174,20.113571444723,0.));
#4041 = CARTESIAN_POINT('',(-6.3341604789,20.973694136373,0.));
#4042 = CARTESIAN_POINT('',(-6.639884233994,21.849030690946,0.));
#4043 = CARTESIAN_POINT('',(-6.916378114271,22.76110965105,0.));
#4044 = CARTESIAN_POINT('',(-7.14916912309,23.660970768304,0.));
#4045 = CARTESIAN_POINT('',(-7.346692918406,24.569412990843,0.));
#4046 = CARTESIAN_POINT('',(-7.509086806548,25.484435930016,0.));
#4047 = CARTESIAN_POINT('',(-7.638640564576,26.428348106991,0.));
#4048 = CARTESIAN_POINT('',(-7.729288872908,27.350706297773,0.));
#4049 = CARTESIAN_POINT('',(-7.786418105318,28.273456484601,0.));
#4050 = CARTESIAN_POINT('',(-7.810845298097,29.194782025031,0.));
#4051 = CARTESIAN_POINT('',(-7.802066972039,30.137085009938,0.));
#4052 = CARTESIAN_POINT('',(-7.761671892174,31.050291833556,0.));
#4053 = CARTESIAN_POINT('',(-7.691862163502,31.956695447668,0.));
#4054 = CARTESIAN_POINT('',(-7.59385601959,32.854764880395,0.));
#4055 = CARTESIAN_POINT('',(-7.464526294062,33.766423809672,0.));
#4056 = CARTESIAN_POINT('',(-7.311896792332,34.643551194211,0.));
#4057 = CARTESIAN_POINT('',(-7.135141318351,35.508074309696,0.));
#4058 = CARTESIAN_POINT('',(-6.935615311176,36.358855315245,0.));
#4059 = CARTESIAN_POINT('',(-6.707794378428,37.21688101307,0.));
#4060 = CARTESIAN_POINT('',(-6.464909369945,38.037292229204,0.));
#4061 = CARTESIAN_POINT('',(-6.203206399825,38.841070761884,0.));
#4062 = CARTESIAN_POINT('',(-5.923947179717,39.627593653209,0.));
#4063 = CARTESIAN_POINT('',(-5.619501004183,40.416618186157,0.));
#4064 = CARTESIAN_POINT('',(-5.306544142483,41.167288767687,0.));
#4065 = CARTESIAN_POINT('',(-4.979140272547,41.899486410061,0.));
#4066 = CARTESIAN_POINT('',(-4.63807942645,42.613182976834,0.));
#4067 = CARTESIAN_POINT('',(-4.273767083749,43.326774342126,0.));
#4068 = CARTESIAN_POINT('',(-3.905418001963,44.003843275079,0.));
#4069 = CARTESIAN_POINT('',(-3.524822041583,44.663178643089,0.));
#4070 = CARTESIAN_POINT('',(-3.132256327976,45.305240820565,0.));
#4071 = CARTESIAN_POINT('',(-2.715458433768,45.947952885282,0.));
#4072 = CARTESIAN_POINT('',(-2.298029746103,46.556220727558,0.));
#4073 = CARTESIAN_POINT('',(-1.860650924723,47.158631312289,0.));
#4074 = CARTESIAN_POINT('',(-1.435926202974,47.716125166114,0.));
#4075 = CARTESIAN_POINT('',(-0.881781610442,48.400183155954,0.));
#4076 = CARTESIAN_POINT('',(-0.756663572118,48.539702421614,0.));
#4077 = CARTESIAN_POINT('',(-0.45350885127,48.895723286988,0.));
#4078 = PCURVE('',#3138,#4079);
#4079 = DEFINITIONAL_REPRESENTATION('',(#4080),#4084);
#4080 = LINE('',#4081,#4082);
#4081 = CARTESIAN_POINT('',(0.,0.));
#4082 = VECTOR('',#4083,1.);
#4083 = DIRECTION('',(1.,0.));
#4084 = ( GEOMETRIC_REPRESENTATION_CONTEXT(2) 
PARAMETRIC_REPRESENTATION_CONTEXT() REPRESENTATION_CONTEXT('2D SPACE',''
  ) );
#4085 = PCURVE('',#224,#4086);
#4086 = DEFINITIONAL_REPRESENTATION('',(#4087),#4138);
#4087 = B_SPLINE_CURVE_WITH_KNOTS('',3,(#4088,#4089,#4090,#4091,#4092,
    #4093,#4094,#4095,#4096,#4097,#4098,#4099,#4100,#4101,#4102,#4103,
    #4104,#4105,#4106,#4107,#4108,#4109,#4110,#4111,#4112,#4113,#4114,
    #4115,#4116,#4117,#4118,#4119,#4120,#4121,#4122,#4123,#4124,#4125,
    #4126,#4127,#4128,#4129,#4130,#4131,#4132,#4133,#4134,#4135,#4136,
    #4137),.UNSPECIFIED.,.F.,.F.,(4,1,1,1,1,1,1,1,1,1,1,1,1,1,1,1,1,1,1,
    1,1,1,1,1,1,1,1,1,1,1,1,1,1,1,1,1,1,1,1,1,1,1,1,1,1,1,1,4),(0.,
    0.770020974153,1.626265687068,2.501235809007,3.323017628822,
    4.226168942917,5.140567564886,6.064285262741,6.923787879437,
    7.860959618837,8.803220404646,9.749496837408,10.625745778606,
    11.577210076157,12.530237508485,13.484135816053,14.364871812505,
    15.318618169461,16.271356512646,17.222443906393,18.098342389538,
    19.044380308015,19.986772779966,20.924790631856,21.786128506054,
    22.713614611572,23.634502775488,24.548028034391,25.38410411673,
    26.281393184443,27.169232325991,28.047009844699,28.847877333261,
    29.704892084705,30.550578145199,31.384742808357,32.14448317376,
    32.956538608657,33.75747556067,34.547827237765,35.268649993444,
    36.041021221912,36.805779378973,37.564485879874,38.261073281275,
    39.01367744831,39.766626217161,40.522198623296),.UNSPECIFIED.);
#4088 = CARTESIAN_POINT('',(-0.399969533376,12.252759156204));
#4089 = CARTESIAN_POINT('',(-0.588317117704,12.426998544895));
#4090 = CARTESIAN_POINT('',(-0.991213358426,12.790064651921));
#4091 = CARTESIAN_POINT('',(-1.579064678277,13.381738273889));
#4092 = CARTESIAN_POINT('',(-2.157201907725,14.0064475216));
#4093 = CARTESIAN_POINT('',(-2.719798490113,14.665938833245));
#4094 = CARTESIAN_POINT('',(-3.264216974392,15.357350757183));
#4095 = CARTESIAN_POINT('',(-3.799256486071,16.09841102664));
#4096 = CARTESIAN_POINT('',(-4.294755209196,16.849102809451));
#4097 = CARTESIAN_POINT('',(-4.763277683188,17.625745898315));
#4098 = CARTESIAN_POINT('',(-5.202753634089,18.426308718474));
#4099 = CARTESIAN_POINT('',(-5.620667006661,19.270736770257));
#4100 = CARTESIAN_POINT('',(-5.994145474174,20.113571444723));
#4101 = CARTESIAN_POINT('',(-6.3341604789,20.973694136373));
#4102 = CARTESIAN_POINT('',(-6.639884233994,21.849030690946));
#4103 = CARTESIAN_POINT('',(-6.916378114271,22.76110965105));
#4104 = CARTESIAN_POINT('',(-7.14916912309,23.660970768304));
#4105 = CARTESIAN_POINT('',(-7.346692918406,24.569412990843));
#4106 = CARTESIAN_POINT('',(-7.509086806548,25.484435930016));
#4107 = CARTESIAN_POINT('',(-7.638640564576,26.428348106991));
#4108 = CARTESIAN_POINT('',(-7.729288872908,27.350706297773));
#4109 = CARTESIAN_POINT('',(-7.786418105318,28.273456484601));
#4110 = CARTESIAN_POINT('',(-7.810845298097,29.194782025031));
#4111 = CARTESIAN_POINT('',(-7.802066972039,30.137085009938));
#4112 = CARTESIAN_POINT('',(-7.761671892174,31.050291833556));
#4113 = CARTESIAN_POINT('',(-7.691862163502,31.956695447668));
#4114 = CARTESIAN_POINT('',(-7.59385601959,32.854764880395));
#4115 = CARTESIAN_POINT('',(-7.464526294062,33.766423809672));
#4116 = CARTESIAN_POINT('',(-7.311896792332,34.643551194211));
#4117 = CARTESIAN_POINT('',(-7.135141318351,35.508074309696));
#4118 = CARTESIAN_POINT('',(-6.935615311176,36.358855315245));
#4119 = CARTESIAN_POINT('',(-6.707794378428,37.21688101307));
#4120 = CARTESIAN_POINT('',(-6.464909369945,38.037292229204));
#4121 = CARTESIAN_POINT('',(-6.203206399825,38.841070761884));
#4122 = CARTESIAN_POINT('',(-5.923947179717,39.627593653209));
#4123 = CARTESIAN_POINT('',(-5.619501004183,40.416618186157));
#4124 = CARTESIAN_POINT('',(-5.306544142483,41.167288767687));
#4125 = CARTESIAN_POINT('',(-4.979140272547,41.899486410061));
#4126 = CARTESIAN_POINT('',(-4.63807942645,42.613182976834));
#4127 = CARTESIAN_POINT('',(-4.273767083749,43.326774342126));
#4128 = CARTESIAN_POINT('',(-3.905418001963,44.003843275079));
#4129 = CARTESIAN_POINT('',(-3.524822041583,44.663178643089));
#4130 = CARTESIAN_POINT('',(-3.132256327976,45.305240820565));
#4131 = CARTESIAN_POINT('',(-2.715458433768,45.947952885282));
#4132 = CARTESIAN_POINT('',(-2.298029746103,46.556220727558));
#4133 = CARTESIAN_POINT('',(-1.860650924723,47.158631312289));
#4134 = CARTESIAN_POINT('',(-1.435926202974,47.716125166114));
#4135 = CARTESIAN_POINT('',(-0.881781610442,48.400183155954));
#4136 = CARTESIAN_POINT('',(-0.756663572118,48.539702421614));
#4137 = CARTESIAN_POINT('',(-0.45350885127,48.895723286988));
#4138 = ( GEOMETRIC_REPRESENTATION_CONTEXT(2) 
PARAMETRIC_REPRESENTATION_CONTEXT() REPRESENTATION_CONTEXT('2D SPACE',''
  ) );
#4139 = ADVANCED_FACE('',(#4140),#4154,.T.);
#4140 = FACE_BOUND('',#4141,.F.);
#4141 = EDGE_LOOP('',(#4142,#4273,#4297,#4325));
#4142 = ORIENTED_EDGE('',*,*,#4143,.T.);
#4143 = EDGE_CURVE('',#4144,#4146,#4148,.T.);
#4144 = VERTEX_POINT('',#4145);
#4145 = CARTESIAN_POINT('',(-7.075396704594,10.546504704053,0.));
#4146 = VERTEX_POINT('',#4147);
#4147 = CARTESIAN_POINT('',(-7.075396704594,10.546504704053,22.4));
#4148 = SURFACE_CURVE('',#4149,(#4153,#4165),.PCURVE_S1.);
#4149 = LINE('',#4150,#4151);
#4150 = CARTESIAN_POINT('',(-7.075396704594,10.546504704053,0.));
#4151 = VECTOR('',#4152,1.);
#4152 = DIRECTION('',(0.,0.,1.));
#4153 = PCURVE('',#4154,#4159);
#4154 = CYLINDRICAL_SURFACE('',#4155,12.7);
#4155 = AXIS2_PLACEMENT_3D('',#4156,#4157,#4158);
#4156 = CARTESIAN_POINT('',(0.,0.,0.));
#4157 = DIRECTION('',(-0.,-0.,-1.));
#4158 = DIRECTION('',(1.,0.,-0.));
#4159 = DEFINITIONAL_REPRESENTATION('',(#4160),#4164);
#4160 = LINE('',#4161,#4162);
#4161 = CARTESIAN_POINT('',(-2.161707413324,0.));
#4162 = VECTOR('',#4163,1.);
#4163 = DIRECTION('',(-0.,-1.));
#4164 = ( GEOMETRIC_REPRESENTATION_CONTEXT(2) 
PARAMETRIC_REPRESENTATION_CONTEXT() REPRESENTATION_CONTEXT('2D SPACE',''
  ) );
#4165 = PCURVE('',#4166,#4267);
#4166 = B_SPLINE_SURFACE_WITH_KNOTS('',3,1,(
    (#4167,#4168)
    ,(#4169,#4170)
    ,(#4171,#4172)
    ,(#4173,#4174)
    ,(#4175,#4176)
    ,(#4177,#4178)
    ,(#4179,#4180)
    ,(#4181,#4182)
    ,(#4183,#4184)
    ,(#4185,#4186)
    ,(#4187,#4188)
    ,(#4189,#4190)
    ,(#4191,#4192)
    ,(#4193,#4194)
    ,(#4195,#4196)
    ,(#4197,#4198)
    ,(#4199,#4200)
    ,(#4201,#4202)
    ,(#4203,#4204)
    ,(#4205,#4206)
    ,(#4207,#4208)
    ,(#4209,#4210)
    ,(#4211,#4212)
    ,(#4213,#4214)
    ,(#4215,#4216)
    ,(#4217,#4218)
    ,(#4219,#4220)
    ,(#4221,#4222)
    ,(#4223,#4224)
    ,(#4225,#4226)
    ,(#4227,#4228)
    ,(#4229,#4230)
    ,(#4231,#4232)
    ,(#4233,#4234)
    ,(#4235,#4236)
    ,(#4237,#4238)
    ,(#4239,#4240)
    ,(#4241,#4242)
    ,(#4243,#4244)
    ,(#4245,#4246)
    ,(#4247,#4248)
    ,(#4249,#4250)
    ,(#4251,#4252)
    ,(#4253,#4254)
    ,(#4255,#4256)
    ,(#4257,#4258)
    ,(#4259,#4260)
    ,(#4261,#4262)
    ,(#4263,#4264)
    ,(#4265,#4266
    )),.UNSPECIFIED.,.F.,.F.,.F.,(4,1,1,1,1,1,1,1,1,1,1,1,1,1,1,1,1,1,1,
    1,1,1,1,1,1,1,1,1,1,1,1,1,1,1,1,1,1,1,1,1,1,1,1,1,1,1,1,4),(2,2),(0.
    ,0.770020974153,1.626265687068,2.501235809007,3.323017628822,
    4.226168942917,5.140567564886,6.064285262741,6.923787879437,
    7.860959618837,8.803220404646,9.749496837408,10.625745778606,
    11.577210076157,12.530237508485,13.484135816053,14.364871812505,
    15.318618169461,16.271356512646,17.222443906393,18.098342389538,
    19.044380308015,19.986772779966,20.924790631856,21.786128506054,
    22.713614611572,23.634502775488,24.548028034391,25.38410411673,
    26.281393184443,27.169232325991,28.047009844699,28.847877333261,
    29.704892084705,30.550578145199,31.384742808357,32.14448317376,
    32.956538608657,33.75747556067,34.547827237765,35.268649993444,
    36.041021221912,36.805779378973,37.564485879874,38.261073281275,
    39.01367744831,39.766626217161,40.522198623296),(-22.4,0.),
  .UNSPECIFIED.);
#4167 = CARTESIAN_POINT('',(-6.472763354746,10.411215929037,22.4));
#4168 = CARTESIAN_POINT('',(-6.472763354746,10.411215929037,0.));
#4169 = CARTESIAN_POINT('',(-6.72299684186,10.467937873819,22.4));
#4170 = CARTESIAN_POINT('',(-6.72299684186,10.467937873819,0.));
#4171 = CARTESIAN_POINT('',(-7.253448274928,10.580914225396,22.4));
#4172 = CARTESIAN_POINT('',(-7.253448274928,10.580914225396,0.));
#4173 = CARTESIAN_POINT('',(-8.058379262551,10.799392952844,22.4));
#4174 = CARTESIAN_POINT('',(-8.058379262551,10.799392952844,0.));
#4175 = CARTESIAN_POINT('',(-8.871415413983,11.051338416617,22.4));
#4176 = CARTESIAN_POINT('',(-8.871415413983,11.051338416617,0.));
#4177 = CARTESIAN_POINT('',(-9.688384002235,11.341176354882,22.4));
#4178 = CARTESIAN_POINT('',(-9.688384002235,11.341176354882,0.));
#4179 = CARTESIAN_POINT('',(-10.50557020188,11.667747403353,22.4));
#4180 = CARTESIAN_POINT('',(-10.50557020188,11.667747403353,0.));
#4181 = CARTESIAN_POINT('',(-11.33945814575,12.042004666599,22.4));
#4182 = CARTESIAN_POINT('',(-11.33945814575,12.042004666599,0.));
#4183 = CARTESIAN_POINT('',(-12.14391851892,12.444373459362,22.4));
#4184 = CARTESIAN_POINT('',(-12.14391851892,12.444373459362,0.));
#4185 = CARTESIAN_POINT('',(-12.93799242807,12.882704866996,22.4));
#4186 = CARTESIAN_POINT('',(-12.93799242807,12.882704866996,0.));
#4187 = CARTESIAN_POINT('',(-13.71887117599,13.356274631128,22.4));
#4188 = CARTESIAN_POINT('',(-13.71887117599,13.356274631128,0.));
#4189 = CARTESIAN_POINT('',(-14.50300879911,13.878614089355,22.4));
#4190 = CARTESIAN_POINT('',(-14.50300879911,13.878614089355,0.));
#4191 = CARTESIAN_POINT('',(-15.24786797697,14.421791094877,22.4));
#4192 = CARTESIAN_POINT('',(-15.24786797697,14.421791094877,0.));
#4193 = CARTESIAN_POINT('',(-15.97239095456,14.996671693854,22.4));
#4194 = CARTESIAN_POINT('',(-15.97239095456,14.996671693854,0.));
#4195 = CARTESIAN_POINT('',(-16.67482377029,15.601873509428,22.4));
#4196 = CARTESIAN_POINT('',(-16.67482377029,15.601873509428,0.));
#4197 = CARTESIAN_POINT('',(-17.37031397466,16.253510118997,22.4));
#4198 = CARTESIAN_POINT('',(-17.37031397466,16.253510118997,0.));
#4199 = CARTESIAN_POINT('',(-18.02184746069,16.916417202008,22.4));
#4200 = CARTESIAN_POINT('',(-18.02184746069,16.916417202008,0.));
#4201 = CARTESIAN_POINT('',(-18.64712919656,17.604389346939,22.4));
#4202 = CARTESIAN_POINT('',(-18.64712919656,17.604389346939,0.));
#4203 = CARTESIAN_POINT('',(-19.2452778987,18.315625513237,22.4));
#4204 = CARTESIAN_POINT('',(-19.2452778987,18.315625513237,0.));
#4205 = CARTESIAN_POINT('',(-19.82943083279,19.068300558424,22.4));
#4206 = CARTESIAN_POINT('',(-19.82943083279,19.068300558424,0.));
#4207 = CARTESIAN_POINT('',(-20.36911366601,19.821762028864,22.4));
#4208 = CARTESIAN_POINT('',(-20.36911366601,19.821762028864,0.));
#4209 = CARTESIAN_POINT('',(-20.87996412599,20.592322515799,22.4));
#4210 = CARTESIAN_POINT('',(-20.87996412599,20.592322515799,0.));
#4211 = CARTESIAN_POINT('',(-21.36178146569,21.378000242578,22.4));
#4212 = CARTESIAN_POINT('',(-21.36178146569,21.378000242578,0.));
#4213 = CARTESIAN_POINT('',(-21.82533070478,22.198447728598,22.4));
#4214 = CARTESIAN_POINT('',(-21.82533070478,22.198447728598,0.));
#4215 = CARTESIAN_POINT('',(-22.24695095124,23.009505576693,22.4));
#4216 = CARTESIAN_POINT('',(-22.24695095124,23.009505576693,0.));
#4217 = CARTESIAN_POINT('',(-22.63969575983,23.829378996932,22.4));
#4218 = CARTESIAN_POINT('',(-22.63969575983,23.829378996932,0.));
#4219 = CARTESIAN_POINT('',(-23.00385466584,24.656133011992,22.4));
#4220 = CARTESIAN_POINT('',(-23.00385466584,24.656133011992,0.));
#4221 = CARTESIAN_POINT('',(-23.34768130271,25.510317667096,22.4));
#4222 = CARTESIAN_POINT('',(-23.34768130271,25.510317667096,0.));
#4223 = CARTESIAN_POINT('',(-23.65406396911,26.346247015328,22.4));
#4224 = CARTESIAN_POINT('',(-23.65406396911,26.346247015328,0.));
#4225 = CARTESIAN_POINT('',(-23.93325079613,27.183323732487,22.4));
#4226 = CARTESIAN_POINT('',(-23.93325079613,27.183323732487,0.));
#4227 = CARTESIAN_POINT('',(-24.18584670797,28.019884699937,22.4));
#4228 = CARTESIAN_POINT('',(-24.18584670797,28.019884699937,0.));
#4229 = CARTESIAN_POINT('',(-24.41756084161,28.876867217727,22.4));
#4230 = CARTESIAN_POINT('',(-24.41756084161,28.876867217727,0.));
#4231 = CARTESIAN_POINT('',(-24.61742186213,29.708806676691,22.4));
#4232 = CARTESIAN_POINT('',(-24.61742186213,29.708806676691,0.));
#4233 = CARTESIAN_POINT('',(-24.7926697081,30.535750790068,22.4));
#4234 = CARTESIAN_POINT('',(-24.7926697081,30.535750790068,0.));
#4235 = CARTESIAN_POINT('',(-24.94408557491,31.356529204668,22.4));
#4236 = CARTESIAN_POINT('',(-24.94408557491,31.356529204668,0.));
#4237 = CARTESIAN_POINT('',(-25.07493971929,32.192067582177,22.4));
#4238 = CARTESIAN_POINT('',(-25.07493971929,32.192067582177,0.));
#4239 = CARTESIAN_POINT('',(-25.17924641753,32.998645806505,22.4));
#4240 = CARTESIAN_POINT('',(-25.17924641753,32.998645806505,0.));
#4241 = CARTESIAN_POINT('',(-25.26180517006,33.79644950036,22.4));
#4242 = CARTESIAN_POINT('',(-25.26180517006,33.79644950036,0.));
#4243 = CARTESIAN_POINT('',(-25.32328609649,34.585059280827,22.4));
#4244 = CARTESIAN_POINT('',(-25.32328609649,34.585059280827,0.));
#4245 = CARTESIAN_POINT('',(-25.36457803544,35.385203702442,22.4));
#4246 = CARTESIAN_POINT('',(-25.36457803544,35.385203702442,0.));
#4247 = CARTESIAN_POINT('',(-25.38411283963,36.155737139385,22.4));
#4248 = CARTESIAN_POINT('',(-25.38411283963,36.155737139385,0.));
#4249 = CARTESIAN_POINT('',(-25.38417475337,36.917036297887,22.4));
#4250 = CARTESIAN_POINT('',(-25.38417475337,36.917036297887,0.));
#4251 = CARTESIAN_POINT('',(-25.36523396147,37.669361311194,22.4));
#4252 = CARTESIAN_POINT('',(-25.36523396147,37.669361311194,0.));
#4253 = CARTESIAN_POINT('',(-25.3256324292,38.434365233661,22.4));
#4254 = CARTESIAN_POINT('',(-25.3256324292,38.434365233661,0.));
#4255 = CARTESIAN_POINT('',(-25.26826250255,39.169854981209,22.4));
#4256 = CARTESIAN_POINT('',(-25.26826250255,39.169854981209,0.));
#4257 = CARTESIAN_POINT('',(-25.19068662453,39.910247261785,22.4));
#4258 = CARTESIAN_POINT('',(-25.19068662453,39.910247261785,0.));
#4259 = CARTESIAN_POINT('',(-25.10161115279,40.605413462525,22.4));
#4260 = CARTESIAN_POINT('',(-25.10161115279,40.605413462525,0.));
#4261 = CARTESIAN_POINT('',(-24.96373685321,41.474897355655,22.4));
#4262 = CARTESIAN_POINT('',(-24.96373685321,41.474897355655,0.));
#4263 = CARTESIAN_POINT('',(-24.92514108638,41.658283603196,22.4));
#4264 = CARTESIAN_POINT('',(-24.92514108638,41.658283603196,0.));
#4265 = CARTESIAN_POINT('',(-24.84061182953,42.118184077311,22.4));
#4266 = CARTESIAN_POINT('',(-24.84061182953,42.118184077311,0.));
#4267 = DEFINITIONAL_REPRESENTATION('',(#4268),#4272);
#4268 = LINE('',#4269,#4270);
#4269 = CARTESIAN_POINT('',(0.617636313455,0.));
#4270 = VECTOR('',#4271,1.);
#4271 = DIRECTION('',(0.,-1.));
#4272 = ( GEOMETRIC_REPRESENTATION_CONTEXT(2) 
PARAMETRIC_REPRESENTATION_CONTEXT() REPRESENTATION_CONTEXT('2D SPACE',''
  ) );
#4273 = ORIENTED_EDGE('',*,*,#4274,.T.);
#4274 = EDGE_CURVE('',#4146,#4275,#4277,.T.);
#4275 = VERTEX_POINT('',#4276);
#4276 = CARTESIAN_POINT('',(-10.79308206105,6.693233868862,22.4));
#4277 = SURFACE_CURVE('',#4278,(#4283,#4290),.PCURVE_S1.);
#4278 = CIRCLE('',#4279,12.7);
#4279 = AXIS2_PLACEMENT_3D('',#4280,#4281,#4282);
#4280 = CARTESIAN_POINT('',(0.,0.,22.4));
#4281 = DIRECTION('',(0.,0.,1.));
#4282 = DIRECTION('',(1.,0.,-0.));
#4283 = PCURVE('',#4154,#4284);
#4284 = DEFINITIONAL_REPRESENTATION('',(#4285),#4289);
#4285 = LINE('',#4286,#4287);
#4286 = CARTESIAN_POINT('',(-0.,-22.4));
#4287 = VECTOR('',#4288,1.);
#4288 = DIRECTION('',(-1.,0.));
#4289 = ( GEOMETRIC_REPRESENTATION_CONTEXT(2) 
PARAMETRIC_REPRESENTATION_CONTEXT() REPRESENTATION_CONTEXT('2D SPACE',''
  ) );
#4290 = PCURVE('',#169,#4291);
#4291 = DEFINITIONAL_REPRESENTATION('',(#4292),#4296);
#4292 = CIRCLE('',#4293,12.7);
#4293 = AXIS2_PLACEMENT_2D('',#4294,#4295);
#4294 = CARTESIAN_POINT('',(0.,-1.204325410458E-15));
#4295 = DIRECTION('',(1.,0.));
#4296 = ( GEOMETRIC_REPRESENTATION_CONTEXT(2) 
PARAMETRIC_REPRESENTATION_CONTEXT() REPRESENTATION_CONTEXT('2D SPACE',''
  ) );
#4297 = ORIENTED_EDGE('',*,*,#4298,.F.);
#4298 = EDGE_CURVE('',#4299,#4275,#4301,.T.);
#4299 = VERTEX_POINT('',#4300);
#4300 = CARTESIAN_POINT('',(-10.79308206105,6.693233868862,0.));
#4301 = SURFACE_CURVE('',#4302,(#4306,#4313),.PCURVE_S1.);
#4302 = LINE('',#4303,#4304);
#4303 = CARTESIAN_POINT('',(-10.79308206105,6.693233868862,0.));
#4304 = VECTOR('',#4305,1.);
#4305 = DIRECTION('',(0.,0.,1.));
#4306 = PCURVE('',#4154,#4307);
#4307 = DEFINITIONAL_REPRESENTATION('',(#4308),#4312);
#4308 = LINE('',#4309,#4310);
#4309 = CARTESIAN_POINT('',(-2.586495005451,0.));
#4310 = VECTOR('',#4311,1.);
#4311 = DIRECTION('',(-0.,-1.));
#4312 = ( GEOMETRIC_REPRESENTATION_CONTEXT(2) 
PARAMETRIC_REPRESENTATION_CONTEXT() REPRESENTATION_CONTEXT('2D SPACE',''
  ) );
#4313 = PCURVE('',#4314,#4319);
#4314 = PLANE('',#4315);
#4315 = AXIS2_PLACEMENT_3D('',#4316,#4317,#4318);
#4316 = CARTESIAN_POINT('',(-11.18585979371,6.920004198541,0.));
#4317 = DIRECTION('',(0.5,0.866025403784,-0.));
#4318 = DIRECTION('',(0.866025403784,-0.5,0.));
#4319 = DEFINITIONAL_REPRESENTATION('',(#4320),#4324);
#4320 = LINE('',#4321,#4322);
#4321 = CARTESIAN_POINT('',(0.453540659359,0.));
#4322 = VECTOR('',#4323,1.);
#4323 = DIRECTION('',(0.,-1.));
#4324 = ( GEOMETRIC_REPRESENTATION_CONTEXT(2) 
PARAMETRIC_REPRESENTATION_CONTEXT() REPRESENTATION_CONTEXT('2D SPACE',''
  ) );
#4325 = ORIENTED_EDGE('',*,*,#4326,.F.);
#4326 = EDGE_CURVE('',#4144,#4299,#4327,.T.);
#4327 = SURFACE_CURVE('',#4328,(#4333,#4340),.PCURVE_S1.);
#4328 = CIRCLE('',#4329,12.7);
#4329 = AXIS2_PLACEMENT_3D('',#4330,#4331,#4332);
#4330 = CARTESIAN_POINT('',(0.,0.,0.));
#4331 = DIRECTION('',(0.,0.,1.));
#4332 = DIRECTION('',(1.,0.,-0.));
#4333 = PCURVE('',#4154,#4334);
#4334 = DEFINITIONAL_REPRESENTATION('',(#4335),#4339);
#4335 = LINE('',#4336,#4337);
#4336 = CARTESIAN_POINT('',(-0.,0.));
#4337 = VECTOR('',#4338,1.);
#4338 = DIRECTION('',(-1.,0.));
#4339 = ( GEOMETRIC_REPRESENTATION_CONTEXT(2) 
PARAMETRIC_REPRESENTATION_CONTEXT() REPRESENTATION_CONTEXT('2D SPACE',''
  ) );
#4340 = PCURVE('',#224,#4341);
#4341 = DEFINITIONAL_REPRESENTATION('',(#4342),#4346);
#4342 = CIRCLE('',#4343,12.7);
#4343 = AXIS2_PLACEMENT_2D('',#4344,#4345);
#4344 = CARTESIAN_POINT('',(0.,-1.204325410458E-15));
#4345 = DIRECTION('',(1.,0.));
#4346 = ( GEOMETRIC_REPRESENTATION_CONTEXT(2) 
PARAMETRIC_REPRESENTATION_CONTEXT() REPRESENTATION_CONTEXT('2D SPACE',''
  ) );
#4347 = ADVANCED_FACE('',(#4348),#4314,.T.);
#4348 = FACE_BOUND('',#4349,.T.);
#4349 = EDGE_LOOP('',(#4350,#4476,#4497,#4498));
#4350 = ORIENTED_EDGE('',*,*,#4351,.T.);
#4351 = EDGE_CURVE('',#4352,#4354,#4356,.T.);
#4352 = VERTEX_POINT('',#4353);
#4353 = CARTESIAN_POINT('',(-11.18585979371,6.920004198541,0.));
#4354 = VERTEX_POINT('',#4355);
#4355 = CARTESIAN_POINT('',(-11.18585979371,6.920004198541,22.4));
#4356 = SURFACE_CURVE('',#4357,(#4361,#4368),.PCURVE_S1.);
#4357 = LINE('',#4358,#4359);
#4358 = CARTESIAN_POINT('',(-11.18585979371,6.920004198541,0.));
#4359 = VECTOR('',#4360,1.);
#4360 = DIRECTION('',(0.,0.,1.));
#4361 = PCURVE('',#4314,#4362);
#4362 = DEFINITIONAL_REPRESENTATION('',(#4363),#4367);
#4363 = LINE('',#4364,#4365);
#4364 = CARTESIAN_POINT('',(0.,0.));
#4365 = VECTOR('',#4366,1.);
#4366 = DIRECTION('',(0.,-1.));
#4367 = ( GEOMETRIC_REPRESENTATION_CONTEXT(2) 
PARAMETRIC_REPRESENTATION_CONTEXT() REPRESENTATION_CONTEXT('2D SPACE',''
  ) );
#4368 = PCURVE('',#4369,#4470);
#4369 = B_SPLINE_SURFACE_WITH_KNOTS('',3,1,(
    (#4370,#4371)
    ,(#4372,#4373)
    ,(#4374,#4375)
    ,(#4376,#4377)
    ,(#4378,#4379)
    ,(#4380,#4381)
    ,(#4382,#4383)
    ,(#4384,#4385)
    ,(#4386,#4387)
    ,(#4388,#4389)
    ,(#4390,#4391)
    ,(#4392,#4393)
    ,(#4394,#4395)
    ,(#4396,#4397)
    ,(#4398,#4399)
    ,(#4400,#4401)
    ,(#4402,#4403)
    ,(#4404,#4405)
    ,(#4406,#4407)
    ,(#4408,#4409)
    ,(#4410,#4411)
    ,(#4412,#4413)
    ,(#4414,#4415)
    ,(#4416,#4417)
    ,(#4418,#4419)
    ,(#4420,#4421)
    ,(#4422,#4423)
    ,(#4424,#4425)
    ,(#4426,#4427)
    ,(#4428,#4429)
    ,(#4430,#4431)
    ,(#4432,#4433)
    ,(#4434,#4435)
    ,(#4436,#4437)
    ,(#4438,#4439)
    ,(#4440,#4441)
    ,(#4442,#4443)
    ,(#4444,#4445)
    ,(#4446,#4447)
    ,(#4448,#4449)
    ,(#4450,#4451)
    ,(#4452,#4453)
    ,(#4454,#4455)
    ,(#4456,#4457)
    ,(#4458,#4459)
    ,(#4460,#4461)
    ,(#4462,#4463)
    ,(#4464,#4465)
    ,(#4466,#4467)
    ,(#4468,#4469
    )),.UNSPECIFIED.,.F.,.F.,.F.,(4,1,1,1,1,1,1,1,1,1,1,1,1,1,1,1,1,1,1,
    1,1,1,1,1,1,1,1,1,1,1,1,1,1,1,1,1,1,1,1,1,1,1,1,1,1,1,1,4),(2,2),(0.
    ,0.72551896577,1.446812427957,2.167545581006,2.834652630785,
    3.561455250387,4.294404186133,5.035083262141,5.726745513771,
    6.485571675342,7.25499120568,8.035460380499,8.765906861733,
    9.568099084978,10.381469893138,11.205727652658,11.975881503332,
    12.819782078992,13.673026185696,14.534915364628,15.33753390218,
    16.21390469293,17.096636274619,17.984915961911,18.809100000342,
    19.705802922083,20.60576324729,21.508256924785,22.342991216384,
    23.248469118661,24.154594114226,25.060793204637,25.896884345071,
    26.801694858737,27.704993846459,28.606214463702,29.435742647904,
    30.331166080504,31.222462333173,32.108696907138,32.921319115104,
    33.794515353684,34.658772776489,35.512251077876,36.288651119977,
    37.115000087988,37.923185154055,38.651120081248),(-22.4,0.),
  .UNSPECIFIED.);
#4370 = CARTESIAN_POINT('',(-41.43277123851,24.444888542547,22.4));
#4371 = CARTESIAN_POINT('',(-41.43277123851,24.444888542547,0.));
#4372 = CARTESIAN_POINT('',(-41.35167550148,24.21673799829,22.4));
#4373 = CARTESIAN_POINT('',(-41.35167550148,24.21673799829,0.));
#4374 = CARTESIAN_POINT('',(-41.19464181722,23.761145309395,22.4));
#4375 = CARTESIAN_POINT('',(-41.19464181722,23.761145309395,0.));
#4376 = CARTESIAN_POINT('',(-40.93315081764,23.087272884393,22.4));
#4377 = CARTESIAN_POINT('',(-40.93315081764,23.087272884393,0.));
#4378 = CARTESIAN_POINT('',(-40.66364077763,22.437925546218,22.4));
#4379 = CARTESIAN_POINT('',(-40.66364077763,22.437925546218,0.));
#4380 = CARTESIAN_POINT('',(-40.37630947488,21.794167231333,22.4));
#4381 = CARTESIAN_POINT('',(-40.37630947488,21.794167231333,0.));
#4382 = CARTESIAN_POINT('',(-40.07101458601,21.154230050993,22.4));
#4383 = CARTESIAN_POINT('',(-40.07101458601,21.154230050993,0.));
#4384 = CARTESIAN_POINT('',(-39.73767654082,20.500776385459,22.4));
#4385 = CARTESIAN_POINT('',(-39.73767654082,20.500776385459,0.));
#4386 = CARTESIAN_POINT('',(-39.39280275271,19.866641964572,22.4));
#4387 = CARTESIAN_POINT('',(-39.39280275271,19.866641964572,0.));
#4388 = CARTESIAN_POINT('',(-39.02769381245,19.233976616042,22.4));
#4389 = CARTESIAN_POINT('',(-39.02769381245,19.233976616042,0.));
#4390 = CARTESIAN_POINT('',(-38.6417218855,18.602543205465,22.4));
#4391 = CARTESIAN_POINT('',(-38.6417218855,18.602543205465,0.));
#4392 = CARTESIAN_POINT('',(-38.22323396093,17.956599898653,22.4));
#4393 = CARTESIAN_POINT('',(-38.22323396093,17.956599898653,0.));
#4394 = CARTESIAN_POINT('',(-37.7932904952,17.329659733906,22.4));
#4395 = CARTESIAN_POINT('',(-37.7932904952,17.329659733906,0.));
#4396 = CARTESIAN_POINT('',(-37.34122229095,16.704963925857,22.4));
#4397 = CARTESIAN_POINT('',(-37.34122229095,16.704963925857,0.));
#4398 = CARTESIAN_POINT('',(-36.86671327556,16.083258788775,22.4));
#4399 = CARTESIAN_POINT('',(-36.86671327556,16.083258788775,0.));
#4400 = CARTESIAN_POINT('',(-36.35611725755,15.450120982886,22.4));
#4401 = CARTESIAN_POINT('',(-36.35611725755,15.450120982886,0.));
#4402 = CARTESIAN_POINT('',(-35.83549505591,14.839160255868,22.4));
#4403 = CARTESIAN_POINT('',(-35.83549505591,14.839160255868,0.));
#4404 = CARTESIAN_POINT('',(-35.29211514646,14.234616334633,22.4));
#4405 = CARTESIAN_POINT('',(-35.29211514646,14.234616334633,0.));
#4406 = CARTESIAN_POINT('',(-34.7260493555,13.637833764081,22.4));
#4407 = CARTESIAN_POINT('',(-34.7260493555,13.637833764081,0.));
#4408 = CARTESIAN_POINT('',(-34.12140405001,13.035975368956,22.4));
#4409 = CARTESIAN_POINT('',(-34.12140405001,13.035975368956,0.));
#4410 = CARTESIAN_POINT('',(-33.50952103009,12.461390002063,22.4));
#4411 = CARTESIAN_POINT('',(-33.50952103009,12.461390002063,0.));
#4412 = CARTESIAN_POINT('',(-32.87564719079,11.89949625629,22.4));
#4413 = CARTESIAN_POINT('',(-32.87564719079,11.89949625629,0.));
#4414 = CARTESIAN_POINT('',(-32.22018178997,11.351993548072,22.4));
#4415 = CARTESIAN_POINT('',(-32.22018178997,11.351993548072,0.));
#4416 = CARTESIAN_POINT('',(-31.5253852448,10.80770093256,22.4));
#4417 = CARTESIAN_POINT('',(-31.5253852448,10.80770093256,0.));
#4418 = CARTESIAN_POINT('',(-30.82743930866,10.296349070352,22.4));
#4419 = CARTESIAN_POINT('',(-30.82743930866,10.296349070352,0.));
#4420 = CARTESIAN_POINT('',(-30.10974756979,9.804851910469,22.4));
#4421 = CARTESIAN_POINT('',(-30.10974756979,9.804851910469,0.));
#4422 = CARTESIAN_POINT('',(-29.37307228834,9.334936033061,22.4));
#4423 = CARTESIAN_POINT('',(-29.37307228834,9.334936033061,0.));
#4424 = CARTESIAN_POINT('',(-28.59796152631,8.877736159194,22.4));
#4425 = CARTESIAN_POINT('',(-28.59796152631,8.877736159194,0.));
#4426 = CARTESIAN_POINT('',(-27.82512003668,8.458434931152,22.4));
#4427 = CARTESIAN_POINT('',(-27.82512003668,8.458434931152,0.));
#4428 = CARTESIAN_POINT('',(-27.03633079942,8.065885752456,22.4));
#4429 = CARTESIAN_POINT('',(-27.03633079942,8.065885752456,0.));
#4430 = CARTESIAN_POINT('',(-26.23272984006,7.701565386865,22.4));
#4431 = CARTESIAN_POINT('',(-26.23272984006,7.701565386865,0.));
#4432 = CARTESIAN_POINT('',(-25.39365612385,7.359394552073,22.4));
#4433 = CARTESIAN_POINT('',(-25.39365612385,7.359394552073,0.));
#4434 = CARTESIAN_POINT('',(-24.56353626989,7.05829302633,22.4));
#4435 = CARTESIAN_POINT('',(-24.56353626989,7.05829302633,0.));
#4436 = CARTESIAN_POINT('',(-23.72290812629,6.789473128783,22.4));
#4437 = CARTESIAN_POINT('',(-23.72290812629,6.789473128783,0.));
#4438 = CARTESIAN_POINT('',(-22.87330718813,6.553918132854,22.4));
#4439 = CARTESIAN_POINT('',(-22.87330718813,6.553918132854,0.));
#4440 = CARTESIAN_POINT('',(-21.993578542,6.348617583179,22.4));
#4441 = CARTESIAN_POINT('',(-21.993578542,6.348617583179,0.));
#4442 = CARTESIAN_POINT('',(-21.13070826488,6.184829517245,22.4));
#4443 = CARTESIAN_POINT('',(-21.13070826488,6.184829517245,0.));
#4444 = CARTESIAN_POINT('',(-20.26456508829,6.056451553258,22.4));
#4445 = CARTESIAN_POINT('',(-20.26456508829,6.056451553258,0.));
#4446 = CARTESIAN_POINT('',(-19.39715798166,5.963735802842,22.4));
#4447 = CARTESIAN_POINT('',(-19.39715798166,5.963735802842,0.));
#4448 = CARTESIAN_POINT('',(-18.50773212447,5.906702294594,22.4));
#4449 = CARTESIAN_POINT('',(-18.50773212447,5.906702294594,0.));
#4450 = CARTESIAN_POINT('',(-17.64429221301,5.8880828143,22.4));
#4451 = CARTESIAN_POINT('',(-17.64429221301,5.8880828143,0.));
#4452 = CARTESIAN_POINT('',(-16.78685937936,5.904570580612,22.4));
#4453 = CARTESIAN_POINT('',(-16.78685937936,5.904570580612,0.));
#4454 = CARTESIAN_POINT('',(-15.93821063201,5.955362642131,22.4));
#4455 = CARTESIAN_POINT('',(-15.93821063201,5.955362642131,0.));
#4456 = CARTESIAN_POINT('',(-15.07836612056,6.043226844491,22.4));
#4457 = CARTESIAN_POINT('',(-15.07836612056,6.043226844491,0.));
#4458 = CARTESIAN_POINT('',(-14.25677158735,6.161621492441,22.4));
#4459 = CARTESIAN_POINT('',(-14.25677158735,6.161621492441,0.));
#4460 = CARTESIAN_POINT('',(-13.44630753464,6.311986744438,22.4));
#4461 = CARTESIAN_POINT('',(-13.44630753464,6.311986744438,0.));
#4462 = CARTESIAN_POINT('',(-12.68223133296,6.483686308152,22.4));
#4463 = CARTESIAN_POINT('',(-12.68223133296,6.483686308152,0.));
#4464 = CARTESIAN_POINT('',(-11.84966423071,6.707112113891,22.4));
#4465 = CARTESIAN_POINT('',(-11.84966423071,6.707112113891,0.));
#4466 = CARTESIAN_POINT('',(-11.52414431974,6.815090118851,22.4));
#4467 = CARTESIAN_POINT('',(-11.52414431974,6.815090118851,0.));
#4468 = CARTESIAN_POINT('',(-11.18585979371,6.920004198541,22.4));
#4469 = CARTESIAN_POINT('',(-11.18585979371,6.920004198541,0.));
#4470 = DEFINITIONAL_REPRESENTATION('',(#4471),#4475);
#4471 = LINE('',#4472,#4473);
#4472 = CARTESIAN_POINT('',(38.651120081248,0.));
#4473 = VECTOR('',#4474,1.);
#4474 = DIRECTION('',(0.,-1.));
#4475 = ( GEOMETRIC_REPRESENTATION_CONTEXT(2) 
PARAMETRIC_REPRESENTATION_CONTEXT() REPRESENTATION_CONTEXT('2D SPACE',''
  ) );
#4476 = ORIENTED_EDGE('',*,*,#4477,.T.);
#4477 = EDGE_CURVE('',#4354,#4275,#4478,.T.);
#4478 = SURFACE_CURVE('',#4479,(#4483,#4490),.PCURVE_S1.);
#4479 = LINE('',#4480,#4481);
#4480 = CARTESIAN_POINT('',(-11.18585979371,6.920004198541,22.4));
#4481 = VECTOR('',#4482,1.);
#4482 = DIRECTION('',(0.866025403784,-0.5,0.));
#4483 = PCURVE('',#4314,#4484);
#4484 = DEFINITIONAL_REPRESENTATION('',(#4485),#4489);
#4485 = LINE('',#4486,#4487);
#4486 = CARTESIAN_POINT('',(0.,-22.4));
#4487 = VECTOR('',#4488,1.);
#4488 = DIRECTION('',(1.,0.));
#4489 = ( GEOMETRIC_REPRESENTATION_CONTEXT(2) 
PARAMETRIC_REPRESENTATION_CONTEXT() REPRESENTATION_CONTEXT('2D SPACE',''
  ) );
#4490 = PCURVE('',#169,#4491);
#4491 = DEFINITIONAL_REPRESENTATION('',(#4492),#4496);
#4492 = LINE('',#4493,#4494);
#4493 = CARTESIAN_POINT('',(-11.18585979371,6.920004198541));
#4494 = VECTOR('',#4495,1.);
#4495 = DIRECTION('',(0.866025403784,-0.5));
#4496 = ( GEOMETRIC_REPRESENTATION_CONTEXT(2) 
PARAMETRIC_REPRESENTATION_CONTEXT() REPRESENTATION_CONTEXT('2D SPACE',''
  ) );
#4497 = ORIENTED_EDGE('',*,*,#4298,.F.);
#4498 = ORIENTED_EDGE('',*,*,#4499,.F.);
#4499 = EDGE_CURVE('',#4352,#4299,#4500,.T.);
#4500 = SURFACE_CURVE('',#4501,(#4505,#4512),.PCURVE_S1.);
#4501 = LINE('',#4502,#4503);
#4502 = CARTESIAN_POINT('',(-11.18585979371,6.920004198541,0.));
#4503 = VECTOR('',#4504,1.);
#4504 = DIRECTION('',(0.866025403784,-0.5,0.));
#4505 = PCURVE('',#4314,#4506);
#4506 = DEFINITIONAL_REPRESENTATION('',(#4507),#4511);
#4507 = LINE('',#4508,#4509);
#4508 = CARTESIAN_POINT('',(0.,0.));
#4509 = VECTOR('',#4510,1.);
#4510 = DIRECTION('',(1.,0.));
#4511 = ( GEOMETRIC_REPRESENTATION_CONTEXT(2) 
PARAMETRIC_REPRESENTATION_CONTEXT() REPRESENTATION_CONTEXT('2D SPACE',''
  ) );
#4512 = PCURVE('',#224,#4513);
#4513 = DEFINITIONAL_REPRESENTATION('',(#4514),#4518);
#4514 = LINE('',#4515,#4516);
#4515 = CARTESIAN_POINT('',(-11.18585979371,6.920004198541));
#4516 = VECTOR('',#4517,1.);
#4517 = DIRECTION('',(0.866025403784,-0.5));
#4518 = ( GEOMETRIC_REPRESENTATION_CONTEXT(2) 
PARAMETRIC_REPRESENTATION_CONTEXT() REPRESENTATION_CONTEXT('2D SPACE',''
  ) );
#4519 = ADVANCED_FACE('',(#4520),#4369,.T.);
#4520 = FACE_BOUND('',#4521,.T.);
#4521 = EDGE_LOOP('',(#4522,#4552,#4667,#4668));
#4522 = ORIENTED_EDGE('',*,*,#4523,.T.);
#4523 = EDGE_CURVE('',#4524,#4526,#4528,.T.);
#4524 = VERTEX_POINT('',#4525);
#4525 = CARTESIAN_POINT('',(-41.43277123851,24.444888542547,0.));
#4526 = VERTEX_POINT('',#4527);
#4527 = CARTESIAN_POINT('',(-41.43277123851,24.444888542547,22.4));
#4528 = SURFACE_CURVE('',#4529,(#4533,#4540),.PCURVE_S1.);
#4529 = LINE('',#4530,#4531);
#4530 = CARTESIAN_POINT('',(-41.43277123851,24.444888542547,0.));
#4531 = VECTOR('',#4532,1.);
#4532 = DIRECTION('',(0.,0.,1.));
#4533 = PCURVE('',#4369,#4534);
#4534 = DEFINITIONAL_REPRESENTATION('',(#4535),#4539);
#4535 = LINE('',#4536,#4537);
#4536 = CARTESIAN_POINT('',(0.,0.));
#4537 = VECTOR('',#4538,1.);
#4538 = DIRECTION('',(0.,-1.));
#4539 = ( GEOMETRIC_REPRESENTATION_CONTEXT(2) 
PARAMETRIC_REPRESENTATION_CONTEXT() REPRESENTATION_CONTEXT('2D SPACE',''
  ) );
#4540 = PCURVE('',#4541,#4546);
#4541 = PLANE('',#4542);
#4542 = AXIS2_PLACEMENT_3D('',#4543,#4544,#4545);
#4543 = CARTESIAN_POINT('',(-41.60414782852,24.926790476563,0.));
#4544 = DIRECTION('',(0.942193902858,0.335068126531,-0.));
#4545 = DIRECTION('',(0.335068126531,-0.942193902858,0.));
#4546 = DEFINITIONAL_REPRESENTATION('',(#4547),#4551);
#4547 = LINE('',#4548,#4549);
#4548 = CARTESIAN_POINT('',(0.511467896952,0.));
#4549 = VECTOR('',#4550,1.);
#4550 = DIRECTION('',(0.,-1.));
#4551 = ( GEOMETRIC_REPRESENTATION_CONTEXT(2) 
PARAMETRIC_REPRESENTATION_CONTEXT() REPRESENTATION_CONTEXT('2D SPACE',''
  ) );
#4552 = ORIENTED_EDGE('',*,*,#4553,.T.);
#4553 = EDGE_CURVE('',#4526,#4354,#4554,.T.);
#4554 = SURFACE_CURVE('',#4555,(#4606,#4613),.PCURVE_S1.);
#4555 = B_SPLINE_CURVE_WITH_KNOTS('',3,(#4556,#4557,#4558,#4559,#4560,
    #4561,#4562,#4563,#4564,#4565,#4566,#4567,#4568,#4569,#4570,#4571,
    #4572,#4573,#4574,#4575,#4576,#4577,#4578,#4579,#4580,#4581,#4582,
    #4583,#4584,#4585,#4586,#4587,#4588,#4589,#4590,#4591,#4592,#4593,
    #4594,#4595,#4596,#4597,#4598,#4599,#4600,#4601,#4602,#4603,#4604,
    #4605),.UNSPECIFIED.,.F.,.F.,(4,1,1,1,1,1,1,1,1,1,1,1,1,1,1,1,1,1,1,
    1,1,1,1,1,1,1,1,1,1,1,1,1,1,1,1,1,1,1,1,1,1,1,1,1,1,1,1,4),(0.,
    0.72551896577,1.446812427957,2.167545581006,2.834652630785,
    3.561455250387,4.294404186133,5.035083262141,5.726745513771,
    6.485571675342,7.25499120568,8.035460380499,8.765906861733,
    9.568099084978,10.381469893138,11.205727652658,11.975881503332,
    12.819782078992,13.673026185696,14.534915364628,15.33753390218,
    16.21390469293,17.096636274619,17.984915961911,18.809100000342,
    19.705802922083,20.60576324729,21.508256924785,22.342991216384,
    23.248469118661,24.154594114226,25.060793204637,25.896884345071,
    26.801694858737,27.704993846459,28.606214463702,29.435742647904,
    30.331166080504,31.222462333173,32.108696907138,32.921319115104,
    33.794515353684,34.658772776489,35.512251077876,36.288651119977,
    37.115000087988,37.923185154055,38.651120081248),.UNSPECIFIED.);
#4556 = CARTESIAN_POINT('',(-41.43277123851,24.444888542547,22.4));
#4557 = CARTESIAN_POINT('',(-41.35167550148,24.21673799829,22.4));
#4558 = CARTESIAN_POINT('',(-41.19464181722,23.761145309395,22.4));
#4559 = CARTESIAN_POINT('',(-40.93315081764,23.087272884393,22.4));
#4560 = CARTESIAN_POINT('',(-40.66364077763,22.437925546218,22.4));
#4561 = CARTESIAN_POINT('',(-40.37630947488,21.794167231333,22.4));
#4562 = CARTESIAN_POINT('',(-40.07101458601,21.154230050993,22.4));
#4563 = CARTESIAN_POINT('',(-39.73767654082,20.500776385459,22.4));
#4564 = CARTESIAN_POINT('',(-39.39280275271,19.866641964572,22.4));
#4565 = CARTESIAN_POINT('',(-39.02769381245,19.233976616042,22.4));
#4566 = CARTESIAN_POINT('',(-38.6417218855,18.602543205465,22.4));
#4567 = CARTESIAN_POINT('',(-38.22323396093,17.956599898653,22.4));
#4568 = CARTESIAN_POINT('',(-37.7932904952,17.329659733906,22.4));
#4569 = CARTESIAN_POINT('',(-37.34122229095,16.704963925857,22.4));
#4570 = CARTESIAN_POINT('',(-36.86671327556,16.083258788775,22.4));
#4571 = CARTESIAN_POINT('',(-36.35611725755,15.450120982886,22.4));
#4572 = CARTESIAN_POINT('',(-35.83549505591,14.839160255868,22.4));
#4573 = CARTESIAN_POINT('',(-35.29211514646,14.234616334633,22.4));
#4574 = CARTESIAN_POINT('',(-34.7260493555,13.637833764081,22.4));
#4575 = CARTESIAN_POINT('',(-34.12140405001,13.035975368956,22.4));
#4576 = CARTESIAN_POINT('',(-33.50952103009,12.461390002063,22.4));
#4577 = CARTESIAN_POINT('',(-32.87564719079,11.89949625629,22.4));
#4578 = CARTESIAN_POINT('',(-32.22018178997,11.351993548072,22.4));
#4579 = CARTESIAN_POINT('',(-31.5253852448,10.80770093256,22.4));
#4580 = CARTESIAN_POINT('',(-30.82743930866,10.296349070352,22.4));
#4581 = CARTESIAN_POINT('',(-30.10974756979,9.804851910469,22.4));
#4582 = CARTESIAN_POINT('',(-29.37307228834,9.334936033061,22.4));
#4583 = CARTESIAN_POINT('',(-28.59796152631,8.877736159194,22.4));
#4584 = CARTESIAN_POINT('',(-27.82512003668,8.458434931152,22.4));
#4585 = CARTESIAN_POINT('',(-27.03633079942,8.065885752456,22.4));
#4586 = CARTESIAN_POINT('',(-26.23272984006,7.701565386865,22.4));
#4587 = CARTESIAN_POINT('',(-25.39365612385,7.359394552073,22.4));
#4588 = CARTESIAN_POINT('',(-24.56353626989,7.05829302633,22.4));
#4589 = CARTESIAN_POINT('',(-23.72290812629,6.789473128783,22.4));
#4590 = CARTESIAN_POINT('',(-22.87330718813,6.553918132854,22.4));
#4591 = CARTESIAN_POINT('',(-21.993578542,6.348617583179,22.4));
#4592 = CARTESIAN_POINT('',(-21.13070826488,6.184829517245,22.4));
#4593 = CARTESIAN_POINT('',(-20.26456508829,6.056451553258,22.4));
#4594 = CARTESIAN_POINT('',(-19.39715798166,5.963735802842,22.4));
#4595 = CARTESIAN_POINT('',(-18.50773212447,5.906702294594,22.4));
#4596 = CARTESIAN_POINT('',(-17.64429221301,5.8880828143,22.4));
#4597 = CARTESIAN_POINT('',(-16.78685937936,5.904570580612,22.4));
#4598 = CARTESIAN_POINT('',(-15.93821063201,5.955362642131,22.4));
#4599 = CARTESIAN_POINT('',(-15.07836612056,6.043226844491,22.4));
#4600 = CARTESIAN_POINT('',(-14.25677158735,6.161621492441,22.4));
#4601 = CARTESIAN_POINT('',(-13.44630753464,6.311986744438,22.4));
#4602 = CARTESIAN_POINT('',(-12.68223133296,6.483686308152,22.4));
#4603 = CARTESIAN_POINT('',(-11.84966423071,6.707112113891,22.4));
#4604 = CARTESIAN_POINT('',(-11.52414431974,6.815090118851,22.4));
#4605 = CARTESIAN_POINT('',(-11.18585979371,6.920004198541,22.4));
#4606 = PCURVE('',#4369,#4607);
#4607 = DEFINITIONAL_REPRESENTATION('',(#4608),#4612);
#4608 = LINE('',#4609,#4610);
#4609 = CARTESIAN_POINT('',(0.,-22.4));
#4610 = VECTOR('',#4611,1.);
#4611 = DIRECTION('',(1.,0.));
#4612 = ( GEOMETRIC_REPRESENTATION_CONTEXT(2) 
PARAMETRIC_REPRESENTATION_CONTEXT() REPRESENTATION_CONTEXT('2D SPACE',''
  ) );
#4613 = PCURVE('',#169,#4614);
#4614 = DEFINITIONAL_REPRESENTATION('',(#4615),#4666);
#4615 = B_SPLINE_CURVE_WITH_KNOTS('',3,(#4616,#4617,#4618,#4619,#4620,
    #4621,#4622,#4623,#4624,#4625,#4626,#4627,#4628,#4629,#4630,#4631,
    #4632,#4633,#4634,#4635,#4636,#4637,#4638,#4639,#4640,#4641,#4642,
    #4643,#4644,#4645,#4646,#4647,#4648,#4649,#4650,#4651,#4652,#4653,
    #4654,#4655,#4656,#4657,#4658,#4659,#4660,#4661,#4662,#4663,#4664,
    #4665),.UNSPECIFIED.,.F.,.F.,(4,1,1,1,1,1,1,1,1,1,1,1,1,1,1,1,1,1,1,
    1,1,1,1,1,1,1,1,1,1,1,1,1,1,1,1,1,1,1,1,1,1,1,1,1,1,1,1,4),(0.,
    0.72551896577,1.446812427957,2.167545581006,2.834652630785,
    3.561455250387,4.294404186133,5.035083262141,5.726745513771,
    6.485571675342,7.25499120568,8.035460380499,8.765906861733,
    9.568099084978,10.381469893138,11.205727652658,11.975881503332,
    12.819782078992,13.673026185696,14.534915364628,15.33753390218,
    16.21390469293,17.096636274619,17.984915961911,18.809100000342,
    19.705802922083,20.60576324729,21.508256924785,22.342991216384,
    23.248469118661,24.154594114226,25.060793204637,25.896884345071,
    26.801694858737,27.704993846459,28.606214463702,29.435742647904,
    30.331166080504,31.222462333173,32.108696907138,32.921319115104,
    33.794515353684,34.658772776489,35.512251077876,36.288651119977,
    37.115000087988,37.923185154055,38.651120081248),.UNSPECIFIED.);
#4616 = CARTESIAN_POINT('',(-41.43277123851,24.444888542547));
#4617 = CARTESIAN_POINT('',(-41.35167550148,24.21673799829));
#4618 = CARTESIAN_POINT('',(-41.19464181722,23.761145309395));
#4619 = CARTESIAN_POINT('',(-40.93315081764,23.087272884393));
#4620 = CARTESIAN_POINT('',(-40.66364077763,22.437925546218));
#4621 = CARTESIAN_POINT('',(-40.37630947488,21.794167231333));
#4622 = CARTESIAN_POINT('',(-40.07101458601,21.154230050993));
#4623 = CARTESIAN_POINT('',(-39.73767654082,20.500776385459));
#4624 = CARTESIAN_POINT('',(-39.39280275271,19.866641964572));
#4625 = CARTESIAN_POINT('',(-39.02769381245,19.233976616042));
#4626 = CARTESIAN_POINT('',(-38.6417218855,18.602543205465));
#4627 = CARTESIAN_POINT('',(-38.22323396093,17.956599898653));
#4628 = CARTESIAN_POINT('',(-37.7932904952,17.329659733906));
#4629 = CARTESIAN_POINT('',(-37.34122229095,16.704963925857));
#4630 = CARTESIAN_POINT('',(-36.86671327556,16.083258788775));
#4631 = CARTESIAN_POINT('',(-36.35611725755,15.450120982886));
#4632 = CARTESIAN_POINT('',(-35.83549505591,14.839160255868));
#4633 = CARTESIAN_POINT('',(-35.29211514646,14.234616334633));
#4634 = CARTESIAN_POINT('',(-34.7260493555,13.637833764081));
#4635 = CARTESIAN_POINT('',(-34.12140405001,13.035975368956));
#4636 = CARTESIAN_POINT('',(-33.50952103009,12.461390002063));
#4637 = CARTESIAN_POINT('',(-32.87564719079,11.89949625629));
#4638 = CARTESIAN_POINT('',(-32.22018178997,11.351993548072));
#4639 = CARTESIAN_POINT('',(-31.5253852448,10.80770093256));
#4640 = CARTESIAN_POINT('',(-30.82743930866,10.296349070352));
#4641 = CARTESIAN_POINT('',(-30.10974756979,9.804851910469));
#4642 = CARTESIAN_POINT('',(-29.37307228834,9.334936033061));
#4643 = CARTESIAN_POINT('',(-28.59796152631,8.877736159194));
#4644 = CARTESIAN_POINT('',(-27.82512003668,8.458434931152));
#4645 = CARTESIAN_POINT('',(-27.03633079942,8.065885752456));
#4646 = CARTESIAN_POINT('',(-26.23272984006,7.701565386865));
#4647 = CARTESIAN_POINT('',(-25.39365612385,7.359394552073));
#4648 = CARTESIAN_POINT('',(-24.56353626989,7.05829302633));
#4649 = CARTESIAN_POINT('',(-23.72290812629,6.789473128783));
#4650 = CARTESIAN_POINT('',(-22.87330718813,6.553918132854));
#4651 = CARTESIAN_POINT('',(-21.993578542,6.348617583179));
#4652 = CARTESIAN_POINT('',(-21.13070826488,6.184829517245));
#4653 = CARTESIAN_POINT('',(-20.26456508829,6.056451553258));
#4654 = CARTESIAN_POINT('',(-19.39715798166,5.963735802842));
#4655 = CARTESIAN_POINT('',(-18.50773212447,5.906702294594));
#4656 = CARTESIAN_POINT('',(-17.64429221301,5.8880828143));
#4657 = CARTESIAN_POINT('',(-16.78685937936,5.904570580612));
#4658 = CARTESIAN_POINT('',(-15.93821063201,5.955362642131));
#4659 = CARTESIAN_POINT('',(-15.07836612056,6.043226844491));
#4660 = CARTESIAN_POINT('',(-14.25677158735,6.161621492441));
#4661 = CARTESIAN_POINT('',(-13.44630753464,6.311986744438));
#4662 = CARTESIAN_POINT('',(-12.68223133296,6.483686308152));
#4663 = CARTESIAN_POINT('',(-11.84966423071,6.707112113891));
#4664 = CARTESIAN_POINT('',(-11.52414431974,6.815090118851));
#4665 = CARTESIAN_POINT('',(-11.18585979371,6.920004198541));
#4666 = ( GEOMETRIC_REPRESENTATION_CONTEXT(2) 
PARAMETRIC_REPRESENTATION_CONTEXT() REPRESENTATION_CONTEXT('2D SPACE',''
  ) );
#4667 = ORIENTED_EDGE('',*,*,#4351,.F.);
#4668 = ORIENTED_EDGE('',*,*,#4669,.F.);
#4669 = EDGE_CURVE('',#4524,#4352,#4670,.T.);
#4670 = SURFACE_CURVE('',#4671,(#4722,#4729),.PCURVE_S1.);
#4671 = B_SPLINE_CURVE_WITH_KNOTS('',3,(#4672,#4673,#4674,#4675,#4676,
    #4677,#4678,#4679,#4680,#4681,#4682,#4683,#4684,#4685,#4686,#4687,
    #4688,#4689,#4690,#4691,#4692,#4693,#4694,#4695,#4696,#4697,#4698,
    #4699,#4700,#4701,#4702,#4703,#4704,#4705,#4706,#4707,#4708,#4709,
    #4710,#4711,#4712,#4713,#4714,#4715,#4716,#4717,#4718,#4719,#4720,
    #4721),.UNSPECIFIED.,.F.,.F.,(4,1,1,1,1,1,1,1,1,1,1,1,1,1,1,1,1,1,1,
    1,1,1,1,1,1,1,1,1,1,1,1,1,1,1,1,1,1,1,1,1,1,1,1,1,1,1,1,4),(0.,
    0.72551896577,1.446812427957,2.167545581006,2.834652630785,
    3.561455250387,4.294404186133,5.035083262141,5.726745513771,
    6.485571675342,7.25499120568,8.035460380499,8.765906861733,
    9.568099084978,10.381469893138,11.205727652658,11.975881503332,
    12.819782078992,13.673026185696,14.534915364628,15.33753390218,
    16.21390469293,17.096636274619,17.984915961911,18.809100000342,
    19.705802922083,20.60576324729,21.508256924785,22.342991216384,
    23.248469118661,24.154594114226,25.060793204637,25.896884345071,
    26.801694858737,27.704993846459,28.606214463702,29.435742647904,
    30.331166080504,31.222462333173,32.108696907138,32.921319115104,
    33.794515353684,34.658772776489,35.512251077876,36.288651119977,
    37.115000087988,37.923185154055,38.651120081248),.UNSPECIFIED.);
#4672 = CARTESIAN_POINT('',(-41.43277123851,24.444888542547,0.));
#4673 = CARTESIAN_POINT('',(-41.35167550148,24.21673799829,0.));
#4674 = CARTESIAN_POINT('',(-41.19464181722,23.761145309395,0.));
#4675 = CARTESIAN_POINT('',(-40.93315081764,23.087272884393,0.));
#4676 = CARTESIAN_POINT('',(-40.66364077763,22.437925546218,0.));
#4677 = CARTESIAN_POINT('',(-40.37630947488,21.794167231333,0.));
#4678 = CARTESIAN_POINT('',(-40.07101458601,21.154230050993,0.));
#4679 = CARTESIAN_POINT('',(-39.73767654082,20.500776385459,0.));
#4680 = CARTESIAN_POINT('',(-39.39280275271,19.866641964572,0.));
#4681 = CARTESIAN_POINT('',(-39.02769381245,19.233976616042,0.));
#4682 = CARTESIAN_POINT('',(-38.6417218855,18.602543205465,0.));
#4683 = CARTESIAN_POINT('',(-38.22323396093,17.956599898653,0.));
#4684 = CARTESIAN_POINT('',(-37.7932904952,17.329659733906,0.));
#4685 = CARTESIAN_POINT('',(-37.34122229095,16.704963925857,0.));
#4686 = CARTESIAN_POINT('',(-36.86671327556,16.083258788775,0.));
#4687 = CARTESIAN_POINT('',(-36.35611725755,15.450120982886,0.));
#4688 = CARTESIAN_POINT('',(-35.83549505591,14.839160255868,0.));
#4689 = CARTESIAN_POINT('',(-35.29211514646,14.234616334633,0.));
#4690 = CARTESIAN_POINT('',(-34.7260493555,13.637833764081,0.));
#4691 = CARTESIAN_POINT('',(-34.12140405001,13.035975368956,0.));
#4692 = CARTESIAN_POINT('',(-33.50952103009,12.461390002063,0.));
#4693 = CARTESIAN_POINT('',(-32.87564719079,11.89949625629,0.));
#4694 = CARTESIAN_POINT('',(-32.22018178997,11.351993548072,0.));
#4695 = CARTESIAN_POINT('',(-31.5253852448,10.80770093256,0.));
#4696 = CARTESIAN_POINT('',(-30.82743930866,10.296349070352,0.));
#4697 = CARTESIAN_POINT('',(-30.10974756979,9.804851910469,0.));
#4698 = CARTESIAN_POINT('',(-29.37307228834,9.334936033061,0.));
#4699 = CARTESIAN_POINT('',(-28.59796152631,8.877736159194,0.));
#4700 = CARTESIAN_POINT('',(-27.82512003668,8.458434931152,0.));
#4701 = CARTESIAN_POINT('',(-27.03633079942,8.065885752456,0.));
#4702 = CARTESIAN_POINT('',(-26.23272984006,7.701565386865,0.));
#4703 = CARTESIAN_POINT('',(-25.39365612385,7.359394552073,0.));
#4704 = CARTESIAN_POINT('',(-24.56353626989,7.05829302633,0.));
#4705 = CARTESIAN_POINT('',(-23.72290812629,6.789473128783,0.));
#4706 = CARTESIAN_POINT('',(-22.87330718813,6.553918132854,0.));
#4707 = CARTESIAN_POINT('',(-21.993578542,6.348617583179,0.));
#4708 = CARTESIAN_POINT('',(-21.13070826488,6.184829517245,0.));
#4709 = CARTESIAN_POINT('',(-20.26456508829,6.056451553258,0.));
#4710 = CARTESIAN_POINT('',(-19.39715798166,5.963735802842,0.));
#4711 = CARTESIAN_POINT('',(-18.50773212447,5.906702294594,0.));
#4712 = CARTESIAN_POINT('',(-17.64429221301,5.8880828143,0.));
#4713 = CARTESIAN_POINT('',(-16.78685937936,5.904570580612,0.));
#4714 = CARTESIAN_POINT('',(-15.93821063201,5.955362642131,0.));
#4715 = CARTESIAN_POINT('',(-15.07836612056,6.043226844491,0.));
#4716 = CARTESIAN_POINT('',(-14.25677158735,6.161621492441,0.));
#4717 = CARTESIAN_POINT('',(-13.44630753464,6.311986744438,0.));
#4718 = CARTESIAN_POINT('',(-12.68223133296,6.483686308152,0.));
#4719 = CARTESIAN_POINT('',(-11.84966423071,6.707112113891,0.));
#4720 = CARTESIAN_POINT('',(-11.52414431974,6.815090118851,0.));
#4721 = CARTESIAN_POINT('',(-11.18585979371,6.920004198541,0.));
#4722 = PCURVE('',#4369,#4723);
#4723 = DEFINITIONAL_REPRESENTATION('',(#4724),#4728);
#4724 = LINE('',#4725,#4726);
#4725 = CARTESIAN_POINT('',(0.,0.));
#4726 = VECTOR('',#4727,1.);
#4727 = DIRECTION('',(1.,0.));
#4728 = ( GEOMETRIC_REPRESENTATION_CONTEXT(2) 
PARAMETRIC_REPRESENTATION_CONTEXT() REPRESENTATION_CONTEXT('2D SPACE',''
  ) );
#4729 = PCURVE('',#224,#4730);
#4730 = DEFINITIONAL_REPRESENTATION('',(#4731),#4782);
#4731 = B_SPLINE_CURVE_WITH_KNOTS('',3,(#4732,#4733,#4734,#4735,#4736,
    #4737,#4738,#4739,#4740,#4741,#4742,#4743,#4744,#4745,#4746,#4747,
    #4748,#4749,#4750,#4751,#4752,#4753,#4754,#4755,#4756,#4757,#4758,
    #4759,#4760,#4761,#4762,#4763,#4764,#4765,#4766,#4767,#4768,#4769,
    #4770,#4771,#4772,#4773,#4774,#4775,#4776,#4777,#4778,#4779,#4780,
    #4781),.UNSPECIFIED.,.F.,.F.,(4,1,1,1,1,1,1,1,1,1,1,1,1,1,1,1,1,1,1,
    1,1,1,1,1,1,1,1,1,1,1,1,1,1,1,1,1,1,1,1,1,1,1,1,1,1,1,1,4),(0.,
    0.72551896577,1.446812427957,2.167545581006,2.834652630785,
    3.561455250387,4.294404186133,5.035083262141,5.726745513771,
    6.485571675342,7.25499120568,8.035460380499,8.765906861733,
    9.568099084978,10.381469893138,11.205727652658,11.975881503332,
    12.819782078992,13.673026185696,14.534915364628,15.33753390218,
    16.21390469293,17.096636274619,17.984915961911,18.809100000342,
    19.705802922083,20.60576324729,21.508256924785,22.342991216384,
    23.248469118661,24.154594114226,25.060793204637,25.896884345071,
    26.801694858737,27.704993846459,28.606214463702,29.435742647904,
    30.331166080504,31.222462333173,32.108696907138,32.921319115104,
    33.794515353684,34.658772776489,35.512251077876,36.288651119977,
    37.115000087988,37.923185154055,38.651120081248),.UNSPECIFIED.);
#4732 = CARTESIAN_POINT('',(-41.43277123851,24.444888542547));
#4733 = CARTESIAN_POINT('',(-41.35167550148,24.21673799829));
#4734 = CARTESIAN_POINT('',(-41.19464181722,23.761145309395));
#4735 = CARTESIAN_POINT('',(-40.93315081764,23.087272884393));
#4736 = CARTESIAN_POINT('',(-40.66364077763,22.437925546218));
#4737 = CARTESIAN_POINT('',(-40.37630947488,21.794167231333));
#4738 = CARTESIAN_POINT('',(-40.07101458601,21.154230050993));
#4739 = CARTESIAN_POINT('',(-39.73767654082,20.500776385459));
#4740 = CARTESIAN_POINT('',(-39.39280275271,19.866641964572));
#4741 = CARTESIAN_POINT('',(-39.02769381245,19.233976616042));
#4742 = CARTESIAN_POINT('',(-38.6417218855,18.602543205465));
#4743 = CARTESIAN_POINT('',(-38.22323396093,17.956599898653));
#4744 = CARTESIAN_POINT('',(-37.7932904952,17.329659733906));
#4745 = CARTESIAN_POINT('',(-37.34122229095,16.704963925857));
#4746 = CARTESIAN_POINT('',(-36.86671327556,16.083258788775));
#4747 = CARTESIAN_POINT('',(-36.35611725755,15.450120982886));
#4748 = CARTESIAN_POINT('',(-35.83549505591,14.839160255868));
#4749 = CARTESIAN_POINT('',(-35.29211514646,14.234616334633));
#4750 = CARTESIAN_POINT('',(-34.7260493555,13.637833764081));
#4751 = CARTESIAN_POINT('',(-34.12140405001,13.035975368956));
#4752 = CARTESIAN_POINT('',(-33.50952103009,12.461390002063));
#4753 = CARTESIAN_POINT('',(-32.87564719079,11.89949625629));
#4754 = CARTESIAN_POINT('',(-32.22018178997,11.351993548072));
#4755 = CARTESIAN_POINT('',(-31.5253852448,10.80770093256));
#4756 = CARTESIAN_POINT('',(-30.82743930866,10.296349070352));
#4757 = CARTESIAN_POINT('',(-30.10974756979,9.804851910469));
#4758 = CARTESIAN_POINT('',(-29.37307228834,9.334936033061));
#4759 = CARTESIAN_POINT('',(-28.59796152631,8.877736159194));
#4760 = CARTESIAN_POINT('',(-27.82512003668,8.458434931152));
#4761 = CARTESIAN_POINT('',(-27.03633079942,8.065885752456));
#4762 = CARTESIAN_POINT('',(-26.23272984006,7.701565386865));
#4763 = CARTESIAN_POINT('',(-25.39365612385,7.359394552073));
#4764 = CARTESIAN_POINT('',(-24.56353626989,7.05829302633));
#4765 = CARTESIAN_POINT('',(-23.72290812629,6.789473128783));
#4766 = CARTESIAN_POINT('',(-22.87330718813,6.553918132854));
#4767 = CARTESIAN_POINT('',(-21.993578542,6.348617583179));
#4768 = CARTESIAN_POINT('',(-21.13070826488,6.184829517245));
#4769 = CARTESIAN_POINT('',(-20.26456508829,6.056451553258));
#4770 = CARTESIAN_POINT('',(-19.39715798166,5.963735802842));
#4771 = CARTESIAN_POINT('',(-18.50773212447,5.906702294594));
#4772 = CARTESIAN_POINT('',(-17.64429221301,5.8880828143));
#4773 = CARTESIAN_POINT('',(-16.78685937936,5.904570580612));
#4774 = CARTESIAN_POINT('',(-15.93821063201,5.955362642131));
#4775 = CARTESIAN_POINT('',(-15.07836612056,6.043226844491));
#4776 = CARTESIAN_POINT('',(-14.25677158735,6.161621492441));
#4777 = CARTESIAN_POINT('',(-13.44630753464,6.311986744438));
#4778 = CARTESIAN_POINT('',(-12.68223133296,6.483686308152));
#4779 = CARTESIAN_POINT('',(-11.84966423071,6.707112113891));
#4780 = CARTESIAN_POINT('',(-11.52414431974,6.815090118851));
#4781 = CARTESIAN_POINT('',(-11.18585979371,6.920004198541));
#4782 = ( GEOMETRIC_REPRESENTATION_CONTEXT(2) 
PARAMETRIC_REPRESENTATION_CONTEXT() REPRESENTATION_CONTEXT('2D SPACE',''
  ) );
#4783 = ADVANCED_FACE('',(#4784),#4541,.T.);
#4784 = FACE_BOUND('',#4785,.T.);
#4785 = EDGE_LOOP('',(#4786,#4816,#4837,#4838));
#4786 = ORIENTED_EDGE('',*,*,#4787,.T.);
#4787 = EDGE_CURVE('',#4788,#4790,#4792,.T.);
#4788 = VERTEX_POINT('',#4789);
#4789 = CARTESIAN_POINT('',(-41.60414782852,24.926790476563,0.));
#4790 = VERTEX_POINT('',#4791);
#4791 = CARTESIAN_POINT('',(-41.60414782852,24.926790476563,22.4));
#4792 = SURFACE_CURVE('',#4793,(#4797,#4804),.PCURVE_S1.);
#4793 = LINE('',#4794,#4795);
#4794 = CARTESIAN_POINT('',(-41.60414782852,24.926790476563,0.));
#4795 = VECTOR('',#4796,1.);
#4796 = DIRECTION('',(0.,0.,1.));
#4797 = PCURVE('',#4541,#4798);
#4798 = DEFINITIONAL_REPRESENTATION('',(#4799),#4803);
#4799 = LINE('',#4800,#4801);
#4800 = CARTESIAN_POINT('',(0.,0.));
#4801 = VECTOR('',#4802,1.);
#4802 = DIRECTION('',(0.,-1.));
#4803 = ( GEOMETRIC_REPRESENTATION_CONTEXT(2) 
PARAMETRIC_REPRESENTATION_CONTEXT() REPRESENTATION_CONTEXT('2D SPACE',''
  ) );
#4804 = PCURVE('',#4805,#4810);
#4805 = CYLINDRICAL_SURFACE('',#4806,48.5);
#4806 = AXIS2_PLACEMENT_3D('',#4807,#4808,#4809);
#4807 = CARTESIAN_POINT('',(0.,0.,0.));
#4808 = DIRECTION('',(-0.,-0.,-1.));
#4809 = DIRECTION('',(1.,0.,-0.));
#4810 = DEFINITIONAL_REPRESENTATION('',(#4811),#4815);
#4811 = LINE('',#4812,#4813);
#4812 = CARTESIAN_POINT('',(-2.601804307414,0.));
#4813 = VECTOR('',#4814,1.);
#4814 = DIRECTION('',(-0.,-1.));
#4815 = ( GEOMETRIC_REPRESENTATION_CONTEXT(2) 
PARAMETRIC_REPRESENTATION_CONTEXT() REPRESENTATION_CONTEXT('2D SPACE',''
  ) );
#4816 = ORIENTED_EDGE('',*,*,#4817,.T.);
#4817 = EDGE_CURVE('',#4790,#4526,#4818,.T.);
#4818 = SURFACE_CURVE('',#4819,(#4823,#4830),.PCURVE_S1.);
#4819 = LINE('',#4820,#4821);
#4820 = CARTESIAN_POINT('',(-42.38190690445,27.113807984988,22.4));
#4821 = VECTOR('',#4822,1.);
#4822 = DIRECTION('',(0.335068126531,-0.942193902858,0.));
#4823 = PCURVE('',#4541,#4824);
#4824 = DEFINITIONAL_REPRESENTATION('',(#4825),#4829);
#4825 = LINE('',#4826,#4827);
#4826 = CARTESIAN_POINT('',(-2.321196838348,-22.4));
#4827 = VECTOR('',#4828,1.);
#4828 = DIRECTION('',(1.,0.));
#4829 = ( GEOMETRIC_REPRESENTATION_CONTEXT(2) 
PARAMETRIC_REPRESENTATION_CONTEXT() REPRESENTATION_CONTEXT('2D SPACE',''
  ) );
#4830 = PCURVE('',#169,#4831);
#4831 = DEFINITIONAL_REPRESENTATION('',(#4832),#4836);
#4832 = LINE('',#4833,#4834);
#4833 = CARTESIAN_POINT('',(-42.38190690445,27.113807984988));
#4834 = VECTOR('',#4835,1.);
#4835 = DIRECTION('',(0.335068126531,-0.942193902858));
#4836 = ( GEOMETRIC_REPRESENTATION_CONTEXT(2) 
PARAMETRIC_REPRESENTATION_CONTEXT() REPRESENTATION_CONTEXT('2D SPACE',''
  ) );
#4837 = ORIENTED_EDGE('',*,*,#4523,.F.);
#4838 = ORIENTED_EDGE('',*,*,#4839,.F.);
#4839 = EDGE_CURVE('',#4788,#4524,#4840,.T.);
#4840 = SURFACE_CURVE('',#4841,(#4845,#4852),.PCURVE_S1.);
#4841 = LINE('',#4842,#4843);
#4842 = CARTESIAN_POINT('',(-42.38190690445,27.113807984988,0.));
#4843 = VECTOR('',#4844,1.);
#4844 = DIRECTION('',(0.335068126531,-0.942193902858,0.));
#4845 = PCURVE('',#4541,#4846);
#4846 = DEFINITIONAL_REPRESENTATION('',(#4847),#4851);
#4847 = LINE('',#4848,#4849);
#4848 = CARTESIAN_POINT('',(-2.321196838348,-0.));
#4849 = VECTOR('',#4850,1.);
#4850 = DIRECTION('',(1.,0.));
#4851 = ( GEOMETRIC_REPRESENTATION_CONTEXT(2) 
PARAMETRIC_REPRESENTATION_CONTEXT() REPRESENTATION_CONTEXT('2D SPACE',''
  ) );
#4852 = PCURVE('',#224,#4853);
#4853 = DEFINITIONAL_REPRESENTATION('',(#4854),#4858);
#4854 = LINE('',#4855,#4856);
#4855 = CARTESIAN_POINT('',(-42.38190690445,27.113807984988));
#4856 = VECTOR('',#4857,1.);
#4857 = DIRECTION('',(0.335068126531,-0.942193902858));
#4858 = ( GEOMETRIC_REPRESENTATION_CONTEXT(2) 
PARAMETRIC_REPRESENTATION_CONTEXT() REPRESENTATION_CONTEXT('2D SPACE',''
  ) );
#4859 = ADVANCED_FACE('',(#4860),#4805,.F.);
#4860 = FACE_BOUND('',#4861,.T.);
#4861 = EDGE_LOOP('',(#4862,#4887,#4909,#4910));
#4862 = ORIENTED_EDGE('',*,*,#4863,.T.);
#4863 = EDGE_CURVE('',#4864,#4866,#4868,.T.);
#4864 = VERTEX_POINT('',#4865);
#4865 = CARTESIAN_POINT('',(-24.93728594532,41.597857753507,0.));
#4866 = VERTEX_POINT('',#4867);
#4867 = CARTESIAN_POINT('',(-24.93728594532,41.597857753507,22.4));
#4868 = SURFACE_CURVE('',#4869,(#4873,#4880),.PCURVE_S1.);
#4869 = LINE('',#4870,#4871);
#4870 = CARTESIAN_POINT('',(-24.93728594532,41.597857753507,0.));
#4871 = VECTOR('',#4872,1.);
#4872 = DIRECTION('',(0.,0.,1.));
#4873 = PCURVE('',#4805,#4874);
#4874 = DEFINITIONAL_REPRESENTATION('',(#4875),#4879);
#4875 = LINE('',#4876,#4877);
#4876 = CARTESIAN_POINT('',(-2.11083696181,0.));
#4877 = VECTOR('',#4878,1.);
#4878 = DIRECTION('',(-0.,-1.));
#4879 = ( GEOMETRIC_REPRESENTATION_CONTEXT(2) 
PARAMETRIC_REPRESENTATION_CONTEXT() REPRESENTATION_CONTEXT('2D SPACE',''
  ) );
#4880 = PCURVE('',#4166,#4881);
#4881 = DEFINITIONAL_REPRESENTATION('',(#4882),#4886);
#4882 = LINE('',#4883,#4884);
#4883 = CARTESIAN_POINT('',(40.083562049213,0.));
#4884 = VECTOR('',#4885,1.);
#4885 = DIRECTION('',(0.,-1.));
#4886 = ( GEOMETRIC_REPRESENTATION_CONTEXT(2) 
PARAMETRIC_REPRESENTATION_CONTEXT() REPRESENTATION_CONTEXT('2D SPACE',''
  ) );
#4887 = ORIENTED_EDGE('',*,*,#4888,.T.);
#4888 = EDGE_CURVE('',#4866,#4790,#4889,.T.);
#4889 = SURFACE_CURVE('',#4890,(#4895,#4902),.PCURVE_S1.);
#4890 = CIRCLE('',#4891,48.5);
#4891 = AXIS2_PLACEMENT_3D('',#4892,#4893,#4894);
#4892 = CARTESIAN_POINT('',(0.,0.,22.4));
#4893 = DIRECTION('',(0.,0.,1.));
#4894 = DIRECTION('',(1.,0.,-0.));
#4895 = PCURVE('',#4805,#4896);
#4896 = DEFINITIONAL_REPRESENTATION('',(#4897),#4901);
#4897 = LINE('',#4898,#4899);
#4898 = CARTESIAN_POINT('',(-0.,-22.4));
#4899 = VECTOR('',#4900,1.);
#4900 = DIRECTION('',(-1.,0.));
#4901 = ( GEOMETRIC_REPRESENTATION_CONTEXT(2) 
PARAMETRIC_REPRESENTATION_CONTEXT() REPRESENTATION_CONTEXT('2D SPACE',''
  ) );
#4902 = PCURVE('',#169,#4903);
#4903 = DEFINITIONAL_REPRESENTATION('',(#4904),#4908);
#4904 = CIRCLE('',#4905,48.5);
#4905 = AXIS2_PLACEMENT_2D('',#4906,#4907);
#4906 = CARTESIAN_POINT('',(0.,-1.204325410458E-15));
#4907 = DIRECTION('',(1.,0.));
#4908 = ( GEOMETRIC_REPRESENTATION_CONTEXT(2) 
PARAMETRIC_REPRESENTATION_CONTEXT() REPRESENTATION_CONTEXT('2D SPACE',''
  ) );
#4909 = ORIENTED_EDGE('',*,*,#4787,.F.);
#4910 = ORIENTED_EDGE('',*,*,#4911,.F.);
#4911 = EDGE_CURVE('',#4864,#4788,#4912,.T.);
#4912 = SURFACE_CURVE('',#4913,(#4918,#4925),.PCURVE_S1.);
#4913 = CIRCLE('',#4914,48.5);
#4914 = AXIS2_PLACEMENT_3D('',#4915,#4916,#4917);
#4915 = CARTESIAN_POINT('',(0.,0.,0.));
#4916 = DIRECTION('',(0.,0.,1.));
#4917 = DIRECTION('',(1.,0.,-0.));
#4918 = PCURVE('',#4805,#4919);
#4919 = DEFINITIONAL_REPRESENTATION('',(#4920),#4924);
#4920 = LINE('',#4921,#4922);
#4921 = CARTESIAN_POINT('',(-0.,0.));
#4922 = VECTOR('',#4923,1.);
#4923 = DIRECTION('',(-1.,0.));
#4924 = ( GEOMETRIC_REPRESENTATION_CONTEXT(2) 
PARAMETRIC_REPRESENTATION_CONTEXT() REPRESENTATION_CONTEXT('2D SPACE',''
  ) );
#4925 = PCURVE('',#224,#4926);
#4926 = DEFINITIONAL_REPRESENTATION('',(#4927),#4931);
#4927 = CIRCLE('',#4928,48.5);
#4928 = AXIS2_PLACEMENT_2D('',#4929,#4930);
#4929 = CARTESIAN_POINT('',(0.,-1.204325410458E-15));
#4930 = DIRECTION('',(1.,0.));
#4931 = ( GEOMETRIC_REPRESENTATION_CONTEXT(2) 
PARAMETRIC_REPRESENTATION_CONTEXT() REPRESENTATION_CONTEXT('2D SPACE',''
  ) );
#4932 = ADVANCED_FACE('',(#4933),#4166,.T.);
#4933 = FACE_BOUND('',#4934,.T.);
#4934 = EDGE_LOOP('',(#4935,#4936,#5051,#5052));
#4935 = ORIENTED_EDGE('',*,*,#4143,.T.);
#4936 = ORIENTED_EDGE('',*,*,#4937,.T.);
#4937 = EDGE_CURVE('',#4146,#4866,#4938,.T.);
#4938 = SURFACE_CURVE('',#4939,(#4990,#4997),.PCURVE_S1.);
#4939 = B_SPLINE_CURVE_WITH_KNOTS('',3,(#4940,#4941,#4942,#4943,#4944,
    #4945,#4946,#4947,#4948,#4949,#4950,#4951,#4952,#4953,#4954,#4955,
    #4956,#4957,#4958,#4959,#4960,#4961,#4962,#4963,#4964,#4965,#4966,
    #4967,#4968,#4969,#4970,#4971,#4972,#4973,#4974,#4975,#4976,#4977,
    #4978,#4979,#4980,#4981,#4982,#4983,#4984,#4985,#4986,#4987,#4988,
    #4989),.UNSPECIFIED.,.F.,.F.,(4,1,1,1,1,1,1,1,1,1,1,1,1,1,1,1,1,1,1,
    1,1,1,1,1,1,1,1,1,1,1,1,1,1,1,1,1,1,1,1,1,1,1,1,1,1,1,1,4),(0.,
    0.770020974153,1.626265687068,2.501235809007,3.323017628822,
    4.226168942917,5.140567564886,6.064285262741,6.923787879437,
    7.860959618837,8.803220404646,9.749496837408,10.625745778606,
    11.577210076157,12.530237508485,13.484135816053,14.364871812505,
    15.318618169461,16.271356512646,17.222443906393,18.098342389538,
    19.044380308015,19.986772779966,20.924790631856,21.786128506054,
    22.713614611572,23.634502775488,24.548028034391,25.38410411673,
    26.281393184443,27.169232325991,28.047009844699,28.847877333261,
    29.704892084705,30.550578145199,31.384742808357,32.14448317376,
    32.956538608657,33.75747556067,34.547827237765,35.268649993444,
    36.041021221912,36.805779378973,37.564485879874,38.261073281275,
    39.01367744831,39.766626217161,40.522198623296),.UNSPECIFIED.);
#4940 = CARTESIAN_POINT('',(-6.472763354746,10.411215929037,22.4));
#4941 = CARTESIAN_POINT('',(-6.72299684186,10.467937873819,22.4));
#4942 = CARTESIAN_POINT('',(-7.253448274928,10.580914225396,22.4));
#4943 = CARTESIAN_POINT('',(-8.058379262551,10.799392952844,22.4));
#4944 = CARTESIAN_POINT('',(-8.871415413983,11.051338416617,22.4));
#4945 = CARTESIAN_POINT('',(-9.688384002235,11.341176354882,22.4));
#4946 = CARTESIAN_POINT('',(-10.50557020188,11.667747403353,22.4));
#4947 = CARTESIAN_POINT('',(-11.33945814575,12.042004666599,22.4));
#4948 = CARTESIAN_POINT('',(-12.14391851892,12.444373459362,22.4));
#4949 = CARTESIAN_POINT('',(-12.93799242807,12.882704866996,22.4));
#4950 = CARTESIAN_POINT('',(-13.71887117599,13.356274631128,22.4));
#4951 = CARTESIAN_POINT('',(-14.50300879911,13.878614089355,22.4));
#4952 = CARTESIAN_POINT('',(-15.24786797697,14.421791094877,22.4));
#4953 = CARTESIAN_POINT('',(-15.97239095456,14.996671693854,22.4));
#4954 = CARTESIAN_POINT('',(-16.67482377029,15.601873509428,22.4));
#4955 = CARTESIAN_POINT('',(-17.37031397466,16.253510118997,22.4));
#4956 = CARTESIAN_POINT('',(-18.02184746069,16.916417202008,22.4));
#4957 = CARTESIAN_POINT('',(-18.64712919656,17.604389346939,22.4));
#4958 = CARTESIAN_POINT('',(-19.2452778987,18.315625513237,22.4));
#4959 = CARTESIAN_POINT('',(-19.82943083279,19.068300558424,22.4));
#4960 = CARTESIAN_POINT('',(-20.36911366601,19.821762028864,22.4));
#4961 = CARTESIAN_POINT('',(-20.87996412599,20.592322515799,22.4));
#4962 = CARTESIAN_POINT('',(-21.36178146569,21.378000242578,22.4));
#4963 = CARTESIAN_POINT('',(-21.82533070478,22.198447728598,22.4));
#4964 = CARTESIAN_POINT('',(-22.24695095124,23.009505576693,22.4));
#4965 = CARTESIAN_POINT('',(-22.63969575983,23.829378996932,22.4));
#4966 = CARTESIAN_POINT('',(-23.00385466584,24.656133011992,22.4));
#4967 = CARTESIAN_POINT('',(-23.34768130271,25.510317667096,22.4));
#4968 = CARTESIAN_POINT('',(-23.65406396911,26.346247015328,22.4));
#4969 = CARTESIAN_POINT('',(-23.93325079613,27.183323732487,22.4));
#4970 = CARTESIAN_POINT('',(-24.18584670797,28.019884699937,22.4));
#4971 = CARTESIAN_POINT('',(-24.41756084161,28.876867217727,22.4));
#4972 = CARTESIAN_POINT('',(-24.61742186213,29.708806676691,22.4));
#4973 = CARTESIAN_POINT('',(-24.7926697081,30.535750790068,22.4));
#4974 = CARTESIAN_POINT('',(-24.94408557491,31.356529204668,22.4));
#4975 = CARTESIAN_POINT('',(-25.07493971929,32.192067582177,22.4));
#4976 = CARTESIAN_POINT('',(-25.17924641753,32.998645806505,22.4));
#4977 = CARTESIAN_POINT('',(-25.26180517006,33.79644950036,22.4));
#4978 = CARTESIAN_POINT('',(-25.32328609649,34.585059280827,22.4));
#4979 = CARTESIAN_POINT('',(-25.36457803544,35.385203702442,22.4));
#4980 = CARTESIAN_POINT('',(-25.38411283963,36.155737139385,22.4));
#4981 = CARTESIAN_POINT('',(-25.38417475337,36.917036297887,22.4));
#4982 = CARTESIAN_POINT('',(-25.36523396147,37.669361311194,22.4));
#4983 = CARTESIAN_POINT('',(-25.3256324292,38.434365233661,22.4));
#4984 = CARTESIAN_POINT('',(-25.26826250255,39.169854981209,22.4));
#4985 = CARTESIAN_POINT('',(-25.19068662453,39.910247261785,22.4));
#4986 = CARTESIAN_POINT('',(-25.10161115279,40.605413462525,22.4));
#4987 = CARTESIAN_POINT('',(-24.96373685321,41.474897355655,22.4));
#4988 = CARTESIAN_POINT('',(-24.92514108638,41.658283603196,22.4));
#4989 = CARTESIAN_POINT('',(-24.84061182953,42.118184077311,22.4));
#4990 = PCURVE('',#4166,#4991);
#4991 = DEFINITIONAL_REPRESENTATION('',(#4992),#4996);
#4992 = LINE('',#4993,#4994);
#4993 = CARTESIAN_POINT('',(0.,-22.4));
#4994 = VECTOR('',#4995,1.);
#4995 = DIRECTION('',(1.,0.));
#4996 = ( GEOMETRIC_REPRESENTATION_CONTEXT(2) 
PARAMETRIC_REPRESENTATION_CONTEXT() REPRESENTATION_CONTEXT('2D SPACE',''
  ) );
#4997 = PCURVE('',#169,#4998);
#4998 = DEFINITIONAL_REPRESENTATION('',(#4999),#5050);
#4999 = B_SPLINE_CURVE_WITH_KNOTS('',3,(#5000,#5001,#5002,#5003,#5004,
    #5005,#5006,#5007,#5008,#5009,#5010,#5011,#5012,#5013,#5014,#5015,
    #5016,#5017,#5018,#5019,#5020,#5021,#5022,#5023,#5024,#5025,#5026,
    #5027,#5028,#5029,#5030,#5031,#5032,#5033,#5034,#5035,#5036,#5037,
    #5038,#5039,#5040,#5041,#5042,#5043,#5044,#5045,#5046,#5047,#5048,
    #5049),.UNSPECIFIED.,.F.,.F.,(4,1,1,1,1,1,1,1,1,1,1,1,1,1,1,1,1,1,1,
    1,1,1,1,1,1,1,1,1,1,1,1,1,1,1,1,1,1,1,1,1,1,1,1,1,1,1,1,4),(0.,
    0.770020974153,1.626265687068,2.501235809007,3.323017628822,
    4.226168942917,5.140567564886,6.064285262741,6.923787879437,
    7.860959618837,8.803220404646,9.749496837408,10.625745778606,
    11.577210076157,12.530237508485,13.484135816053,14.364871812505,
    15.318618169461,16.271356512646,17.222443906393,18.098342389538,
    19.044380308015,19.986772779966,20.924790631856,21.786128506054,
    22.713614611572,23.634502775488,24.548028034391,25.38410411673,
    26.281393184443,27.169232325991,28.047009844699,28.847877333261,
    29.704892084705,30.550578145199,31.384742808357,32.14448317376,
    32.956538608657,33.75747556067,34.547827237765,35.268649993444,
    36.041021221912,36.805779378973,37.564485879874,38.261073281275,
    39.01367744831,39.766626217161,40.522198623296),.UNSPECIFIED.);
#5000 = CARTESIAN_POINT('',(-6.472763354746,10.411215929037));
#5001 = CARTESIAN_POINT('',(-6.72299684186,10.467937873819));
#5002 = CARTESIAN_POINT('',(-7.253448274928,10.580914225396));
#5003 = CARTESIAN_POINT('',(-8.058379262551,10.799392952844));
#5004 = CARTESIAN_POINT('',(-8.871415413983,11.051338416617));
#5005 = CARTESIAN_POINT('',(-9.688384002235,11.341176354882));
#5006 = CARTESIAN_POINT('',(-10.50557020188,11.667747403353));
#5007 = CARTESIAN_POINT('',(-11.33945814575,12.042004666599));
#5008 = CARTESIAN_POINT('',(-12.14391851892,12.444373459362));
#5009 = CARTESIAN_POINT('',(-12.93799242807,12.882704866996));
#5010 = CARTESIAN_POINT('',(-13.71887117599,13.356274631128));
#5011 = CARTESIAN_POINT('',(-14.50300879911,13.878614089355));
#5012 = CARTESIAN_POINT('',(-15.24786797697,14.421791094877));
#5013 = CARTESIAN_POINT('',(-15.97239095456,14.996671693854));
#5014 = CARTESIAN_POINT('',(-16.67482377029,15.601873509428));
#5015 = CARTESIAN_POINT('',(-17.37031397466,16.253510118997));
#5016 = CARTESIAN_POINT('',(-18.02184746069,16.916417202008));
#5017 = CARTESIAN_POINT('',(-18.64712919656,17.604389346939));
#5018 = CARTESIAN_POINT('',(-19.2452778987,18.315625513237));
#5019 = CARTESIAN_POINT('',(-19.82943083279,19.068300558424));
#5020 = CARTESIAN_POINT('',(-20.36911366601,19.821762028864));
#5021 = CARTESIAN_POINT('',(-20.87996412599,20.592322515799));
#5022 = CARTESIAN_POINT('',(-21.36178146569,21.378000242578));
#5023 = CARTESIAN_POINT('',(-21.82533070478,22.198447728598));
#5024 = CARTESIAN_POINT('',(-22.24695095124,23.009505576693));
#5025 = CARTESIAN_POINT('',(-22.63969575983,23.829378996932));
#5026 = CARTESIAN_POINT('',(-23.00385466584,24.656133011992));
#5027 = CARTESIAN_POINT('',(-23.34768130271,25.510317667096));
#5028 = CARTESIAN_POINT('',(-23.65406396911,26.346247015328));
#5029 = CARTESIAN_POINT('',(-23.93325079613,27.183323732487));
#5030 = CARTESIAN_POINT('',(-24.18584670797,28.019884699937));
#5031 = CARTESIAN_POINT('',(-24.41756084161,28.876867217727));
#5032 = CARTESIAN_POINT('',(-24.61742186213,29.708806676691));
#5033 = CARTESIAN_POINT('',(-24.7926697081,30.535750790068));
#5034 = CARTESIAN_POINT('',(-24.94408557491,31.356529204668));
#5035 = CARTESIAN_POINT('',(-25.07493971929,32.192067582177));
#5036 = CARTESIAN_POINT('',(-25.17924641753,32.998645806505));
#5037 = CARTESIAN_POINT('',(-25.26180517006,33.79644950036));
#5038 = CARTESIAN_POINT('',(-25.32328609649,34.585059280827));
#5039 = CARTESIAN_POINT('',(-25.36457803544,35.385203702442));
#5040 = CARTESIAN_POINT('',(-25.38411283963,36.155737139385));
#5041 = CARTESIAN_POINT('',(-25.38417475337,36.917036297887));
#5042 = CARTESIAN_POINT('',(-25.36523396147,37.669361311194));
#5043 = CARTESIAN_POINT('',(-25.3256324292,38.434365233661));
#5044 = CARTESIAN_POINT('',(-25.26826250255,39.169854981209));
#5045 = CARTESIAN_POINT('',(-25.19068662453,39.910247261785));
#5046 = CARTESIAN_POINT('',(-25.10161115279,40.605413462525));
#5047 = CARTESIAN_POINT('',(-24.96373685321,41.474897355655));
#5048 = CARTESIAN_POINT('',(-24.92514108638,41.658283603196));
#5049 = CARTESIAN_POINT('',(-24.84061182953,42.118184077311));
#5050 = ( GEOMETRIC_REPRESENTATION_CONTEXT(2) 
PARAMETRIC_REPRESENTATION_CONTEXT() REPRESENTATION_CONTEXT('2D SPACE',''
  ) );
#5051 = ORIENTED_EDGE('',*,*,#4863,.F.);
#5052 = ORIENTED_EDGE('',*,*,#5053,.F.);
#5053 = EDGE_CURVE('',#4144,#4864,#5054,.T.);
#5054 = SURFACE_CURVE('',#5055,(#5106,#5113),.PCURVE_S1.);
#5055 = B_SPLINE_CURVE_WITH_KNOTS('',3,(#5056,#5057,#5058,#5059,#5060,
    #5061,#5062,#5063,#5064,#5065,#5066,#5067,#5068,#5069,#5070,#5071,
    #5072,#5073,#5074,#5075,#5076,#5077,#5078,#5079,#5080,#5081,#5082,
    #5083,#5084,#5085,#5086,#5087,#5088,#5089,#5090,#5091,#5092,#5093,
    #5094,#5095,#5096,#5097,#5098,#5099,#5100,#5101,#5102,#5103,#5104,
    #5105),.UNSPECIFIED.,.F.,.F.,(4,1,1,1,1,1,1,1,1,1,1,1,1,1,1,1,1,1,1,
    1,1,1,1,1,1,1,1,1,1,1,1,1,1,1,1,1,1,1,1,1,1,1,1,1,1,1,1,4),(0.,
    0.770020974153,1.626265687068,2.501235809007,3.323017628822,
    4.226168942917,5.140567564886,6.064285262741,6.923787879437,
    7.860959618837,8.803220404646,9.749496837408,10.625745778606,
    11.577210076157,12.530237508485,13.484135816053,14.364871812505,
    15.318618169461,16.271356512646,17.222443906393,18.098342389538,
    19.044380308015,19.986772779966,20.924790631856,21.786128506054,
    22.713614611572,23.634502775488,24.548028034391,25.38410411673,
    26.281393184443,27.169232325991,28.047009844699,28.847877333261,
    29.704892084705,30.550578145199,31.384742808357,32.14448317376,
    32.956538608657,33.75747556067,34.547827237765,35.268649993444,
    36.041021221912,36.805779378973,37.564485879874,38.261073281275,
    39.01367744831,39.766626217161,40.522198623296),.UNSPECIFIED.);
#5056 = CARTESIAN_POINT('',(-6.472763354746,10.411215929037,0.));
#5057 = CARTESIAN_POINT('',(-6.72299684186,10.467937873819,0.));
#5058 = CARTESIAN_POINT('',(-7.253448274928,10.580914225396,0.));
#5059 = CARTESIAN_POINT('',(-8.058379262551,10.799392952844,0.));
#5060 = CARTESIAN_POINT('',(-8.871415413983,11.051338416617,0.));
#5061 = CARTESIAN_POINT('',(-9.688384002235,11.341176354882,0.));
#5062 = CARTESIAN_POINT('',(-10.50557020188,11.667747403353,0.));
#5063 = CARTESIAN_POINT('',(-11.33945814575,12.042004666599,0.));
#5064 = CARTESIAN_POINT('',(-12.14391851892,12.444373459362,0.));
#5065 = CARTESIAN_POINT('',(-12.93799242807,12.882704866996,0.));
#5066 = CARTESIAN_POINT('',(-13.71887117599,13.356274631128,0.));
#5067 = CARTESIAN_POINT('',(-14.50300879911,13.878614089355,0.));
#5068 = CARTESIAN_POINT('',(-15.24786797697,14.421791094877,0.));
#5069 = CARTESIAN_POINT('',(-15.97239095456,14.996671693854,0.));
#5070 = CARTESIAN_POINT('',(-16.67482377029,15.601873509428,0.));
#5071 = CARTESIAN_POINT('',(-17.37031397466,16.253510118997,0.));
#5072 = CARTESIAN_POINT('',(-18.02184746069,16.916417202008,0.));
#5073 = CARTESIAN_POINT('',(-18.64712919656,17.604389346939,0.));
#5074 = CARTESIAN_POINT('',(-19.2452778987,18.315625513237,0.));
#5075 = CARTESIAN_POINT('',(-19.82943083279,19.068300558424,0.));
#5076 = CARTESIAN_POINT('',(-20.36911366601,19.821762028864,0.));
#5077 = CARTESIAN_POINT('',(-20.87996412599,20.592322515799,0.));
#5078 = CARTESIAN_POINT('',(-21.36178146569,21.378000242578,0.));
#5079 = CARTESIAN_POINT('',(-21.82533070478,22.198447728598,0.));
#5080 = CARTESIAN_POINT('',(-22.24695095124,23.009505576693,0.));
#5081 = CARTESIAN_POINT('',(-22.63969575983,23.829378996932,0.));
#5082 = CARTESIAN_POINT('',(-23.00385466584,24.656133011992,0.));
#5083 = CARTESIAN_POINT('',(-23.34768130271,25.510317667096,0.));
#5084 = CARTESIAN_POINT('',(-23.65406396911,26.346247015328,0.));
#5085 = CARTESIAN_POINT('',(-23.93325079613,27.183323732487,0.));
#5086 = CARTESIAN_POINT('',(-24.18584670797,28.019884699937,0.));
#5087 = CARTESIAN_POINT('',(-24.41756084161,28.876867217727,0.));
#5088 = CARTESIAN_POINT('',(-24.61742186213,29.708806676691,0.));
#5089 = CARTESIAN_POINT('',(-24.7926697081,30.535750790068,0.));
#5090 = CARTESIAN_POINT('',(-24.94408557491,31.356529204668,0.));
#5091 = CARTESIAN_POINT('',(-25.07493971929,32.192067582177,0.));
#5092 = CARTESIAN_POINT('',(-25.17924641753,32.998645806505,0.));
#5093 = CARTESIAN_POINT('',(-25.26180517006,33.79644950036,0.));
#5094 = CARTESIAN_POINT('',(-25.32328609649,34.585059280827,0.));
#5095 = CARTESIAN_POINT('',(-25.36457803544,35.385203702442,0.));
#5096 = CARTESIAN_POINT('',(-25.38411283963,36.155737139385,0.));
#5097 = CARTESIAN_POINT('',(-25.38417475337,36.917036297887,0.));
#5098 = CARTESIAN_POINT('',(-25.36523396147,37.669361311194,0.));
#5099 = CARTESIAN_POINT('',(-25.3256324292,38.434365233661,0.));
#5100 = CARTESIAN_POINT('',(-25.26826250255,39.169854981209,0.));
#5101 = CARTESIAN_POINT('',(-25.19068662453,39.910247261785,0.));
#5102 = CARTESIAN_POINT('',(-25.10161115279,40.605413462525,0.));
#5103 = CARTESIAN_POINT('',(-24.96373685321,41.474897355655,0.));
#5104 = CARTESIAN_POINT('',(-24.92514108638,41.658283603196,0.));
#5105 = CARTESIAN_POINT('',(-24.84061182953,42.118184077311,0.));
#5106 = PCURVE('',#4166,#5107);
#5107 = DEFINITIONAL_REPRESENTATION('',(#5108),#5112);
#5108 = LINE('',#5109,#5110);
#5109 = CARTESIAN_POINT('',(0.,0.));
#5110 = VECTOR('',#5111,1.);
#5111 = DIRECTION('',(1.,0.));
#5112 = ( GEOMETRIC_REPRESENTATION_CONTEXT(2) 
PARAMETRIC_REPRESENTATION_CONTEXT() REPRESENTATION_CONTEXT('2D SPACE',''
  ) );
#5113 = PCURVE('',#224,#5114);
#5114 = DEFINITIONAL_REPRESENTATION('',(#5115),#5166);
#5115 = B_SPLINE_CURVE_WITH_KNOTS('',3,(#5116,#5117,#5118,#5119,#5120,
    #5121,#5122,#5123,#5124,#5125,#5126,#5127,#5128,#5129,#5130,#5131,
    #5132,#5133,#5134,#5135,#5136,#5137,#5138,#5139,#5140,#5141,#5142,
    #5143,#5144,#5145,#5146,#5147,#5148,#5149,#5150,#5151,#5152,#5153,
    #5154,#5155,#5156,#5157,#5158,#5159,#5160,#5161,#5162,#5163,#5164,
    #5165),.UNSPECIFIED.,.F.,.F.,(4,1,1,1,1,1,1,1,1,1,1,1,1,1,1,1,1,1,1,
    1,1,1,1,1,1,1,1,1,1,1,1,1,1,1,1,1,1,1,1,1,1,1,1,1,1,1,1,4),(0.,
    0.770020974153,1.626265687068,2.501235809007,3.323017628822,
    4.226168942917,5.140567564886,6.064285262741,6.923787879437,
    7.860959618837,8.803220404646,9.749496837408,10.625745778606,
    11.577210076157,12.530237508485,13.484135816053,14.364871812505,
    15.318618169461,16.271356512646,17.222443906393,18.098342389538,
    19.044380308015,19.986772779966,20.924790631856,21.786128506054,
    22.713614611572,23.634502775488,24.548028034391,25.38410411673,
    26.281393184443,27.169232325991,28.047009844699,28.847877333261,
    29.704892084705,30.550578145199,31.384742808357,32.14448317376,
    32.956538608657,33.75747556067,34.547827237765,35.268649993444,
    36.041021221912,36.805779378973,37.564485879874,38.261073281275,
    39.01367744831,39.766626217161,40.522198623296),.UNSPECIFIED.);
#5116 = CARTESIAN_POINT('',(-6.472763354746,10.411215929037));
#5117 = CARTESIAN_POINT('',(-6.72299684186,10.467937873819));
#5118 = CARTESIAN_POINT('',(-7.253448274928,10.580914225396));
#5119 = CARTESIAN_POINT('',(-8.058379262551,10.799392952844));
#5120 = CARTESIAN_POINT('',(-8.871415413983,11.051338416617));
#5121 = CARTESIAN_POINT('',(-9.688384002235,11.341176354882));
#5122 = CARTESIAN_POINT('',(-10.50557020188,11.667747403353));
#5123 = CARTESIAN_POINT('',(-11.33945814575,12.042004666599));
#5124 = CARTESIAN_POINT('',(-12.14391851892,12.444373459362));
#5125 = CARTESIAN_POINT('',(-12.93799242807,12.882704866996));
#5126 = CARTESIAN_POINT('',(-13.71887117599,13.356274631128));
#5127 = CARTESIAN_POINT('',(-14.50300879911,13.878614089355));
#5128 = CARTESIAN_POINT('',(-15.24786797697,14.421791094877));
#5129 = CARTESIAN_POINT('',(-15.97239095456,14.996671693854));
#5130 = CARTESIAN_POINT('',(-16.67482377029,15.601873509428));
#5131 = CARTESIAN_POINT('',(-17.37031397466,16.253510118997));
#5132 = CARTESIAN_POINT('',(-18.02184746069,16.916417202008));
#5133 = CARTESIAN_POINT('',(-18.64712919656,17.604389346939));
#5134 = CARTESIAN_POINT('',(-19.2452778987,18.315625513237));
#5135 = CARTESIAN_POINT('',(-19.82943083279,19.068300558424));
#5136 = CARTESIAN_POINT('',(-20.36911366601,19.821762028864));
#5137 = CARTESIAN_POINT('',(-20.87996412599,20.592322515799));
#5138 = CARTESIAN_POINT('',(-21.36178146569,21.378000242578));
#5139 = CARTESIAN_POINT('',(-21.82533070478,22.198447728598));
#5140 = CARTESIAN_POINT('',(-22.24695095124,23.009505576693));
#5141 = CARTESIAN_POINT('',(-22.63969575983,23.829378996932));
#5142 = CARTESIAN_POINT('',(-23.00385466584,24.656133011992));
#5143 = CARTESIAN_POINT('',(-23.34768130271,25.510317667096));
#5144 = CARTESIAN_POINT('',(-23.65406396911,26.346247015328));
#5145 = CARTESIAN_POINT('',(-23.93325079613,27.183323732487));
#5146 = CARTESIAN_POINT('',(-24.18584670797,28.019884699937));
#5147 = CARTESIAN_POINT('',(-24.41756084161,28.876867217727));
#5148 = CARTESIAN_POINT('',(-24.61742186213,29.708806676691));
#5149 = CARTESIAN_POINT('',(-24.7926697081,30.535750790068));
#5150 = CARTESIAN_POINT('',(-24.94408557491,31.356529204668));
#5151 = CARTESIAN_POINT('',(-25.07493971929,32.192067582177));
#5152 = CARTESIAN_POINT('',(-25.17924641753,32.998645806505));
#5153 = CARTESIAN_POINT('',(-25.26180517006,33.79644950036));
#5154 = CARTESIAN_POINT('',(-25.32328609649,34.585059280827));
#5155 = CARTESIAN_POINT('',(-25.36457803544,35.385203702442));
#5156 = CARTESIAN_POINT('',(-25.38411283963,36.155737139385));
#5157 = CARTESIAN_POINT('',(-25.38417475337,36.917036297887));
#5158 = CARTESIAN_POINT('',(-25.36523396147,37.669361311194));
#5159 = CARTESIAN_POINT('',(-25.3256324292,38.434365233661));
#5160 = CARTESIAN_POINT('',(-25.26826250255,39.169854981209));
#5161 = CARTESIAN_POINT('',(-25.19068662453,39.910247261785));
#5162 = CARTESIAN_POINT('',(-25.10161115279,40.605413462525));
#5163 = CARTESIAN_POINT('',(-24.96373685321,41.474897355655));
#5164 = CARTESIAN_POINT('',(-24.92514108638,41.658283603196));
#5165 = CARTESIAN_POINT('',(-24.84061182953,42.118184077311));
#5166 = ( GEOMETRIC_REPRESENTATION_CONTEXT(2) 
PARAMETRIC_REPRESENTATION_CONTEXT() REPRESENTATION_CONTEXT('2D SPACE',''
  ) );
#5167 = ADVANCED_FACE('',(#5168),#5182,.T.);
#5168 = FACE_BOUND('',#5169,.F.);
#5169 = EDGE_LOOP('',(#5170,#5301,#5325,#5353));
#5170 = ORIENTED_EDGE('',*,*,#5171,.T.);
#5171 = EDGE_CURVE('',#5172,#5174,#5176,.T.);
#5172 = VERTEX_POINT('',#5173);
#5173 = CARTESIAN_POINT('',(-11.40072564005,5.595842642545,0.));
#5174 = VERTEX_POINT('',#5175);
#5175 = CARTESIAN_POINT('',(-11.40072564005,5.595842642545,22.4));
#5176 = SURFACE_CURVE('',#5177,(#5181,#5193),.PCURVE_S1.);
#5177 = LINE('',#5178,#5179);
#5178 = CARTESIAN_POINT('',(-11.40072564005,5.595842642545,0.));
#5179 = VECTOR('',#5180,1.);
#5180 = DIRECTION('',(0.,0.,1.));
#5181 = PCURVE('',#5182,#5187);
#5182 = CYLINDRICAL_SURFACE('',#5183,12.7);
#5183 = AXIS2_PLACEMENT_3D('',#5184,#5185,#5186);
#5184 = CARTESIAN_POINT('',(0.,0.,0.));
#5185 = DIRECTION('',(-0.,-0.,-1.));
#5186 = DIRECTION('',(1.,0.,-0.));
#5187 = DEFINITIONAL_REPRESENTATION('',(#5188),#5192);
#5188 = LINE('',#5189,#5190);
#5189 = CARTESIAN_POINT('',(-2.685306188922,0.));
#5190 = VECTOR('',#5191,1.);
#5191 = DIRECTION('',(-0.,-1.));
#5192 = ( GEOMETRIC_REPRESENTATION_CONTEXT(2) 
PARAMETRIC_REPRESENTATION_CONTEXT() REPRESENTATION_CONTEXT('2D SPACE',''
  ) );
#5193 = PCURVE('',#5194,#5295);
#5194 = B_SPLINE_SURFACE_WITH_KNOTS('',3,1,(
    (#5195,#5196)
    ,(#5197,#5198)
    ,(#5199,#5200)
    ,(#5201,#5202)
    ,(#5203,#5204)
    ,(#5205,#5206)
    ,(#5207,#5208)
    ,(#5209,#5210)
    ,(#5211,#5212)
    ,(#5213,#5214)
    ,(#5215,#5216)
    ,(#5217,#5218)
    ,(#5219,#5220)
    ,(#5221,#5222)
    ,(#5223,#5224)
    ,(#5225,#5226)
    ,(#5227,#5228)
    ,(#5229,#5230)
    ,(#5231,#5232)
    ,(#5233,#5234)
    ,(#5235,#5236)
    ,(#5237,#5238)
    ,(#5239,#5240)
    ,(#5241,#5242)
    ,(#5243,#5244)
    ,(#5245,#5246)
    ,(#5247,#5248)
    ,(#5249,#5250)
    ,(#5251,#5252)
    ,(#5253,#5254)
    ,(#5255,#5256)
    ,(#5257,#5258)
    ,(#5259,#5260)
    ,(#5261,#5262)
    ,(#5263,#5264)
    ,(#5265,#5266)
    ,(#5267,#5268)
    ,(#5269,#5270)
    ,(#5271,#5272)
    ,(#5273,#5274)
    ,(#5275,#5276)
    ,(#5277,#5278)
    ,(#5279,#5280)
    ,(#5281,#5282)
    ,(#5283,#5284)
    ,(#5285,#5286)
    ,(#5287,#5288)
    ,(#5289,#5290)
    ,(#5291,#5292)
    ,(#5293,#5294
    )),.UNSPECIFIED.,.F.,.F.,.F.,(4,1,1,1,1,1,1,1,1,1,1,1,1,1,1,1,1,1,1,
    1,1,1,1,1,1,1,1,1,1,1,1,1,1,1,1,1,1,1,1,1,1,1,1,1,1,1,1,4),(2,2),(0.
    ,0.770020974153,1.626265687068,2.501235809007,3.323017628822,
    4.226168942917,5.140567564886,6.064285262741,6.923787879437,
    7.860959618837,8.803220404646,9.749496837408,10.625745778606,
    11.577210076157,12.530237508485,13.484135816053,14.364871812505,
    15.318618169461,16.271356512646,17.222443906393,18.098342389538,
    19.044380308015,19.986772779966,20.924790631856,21.786128506054,
    22.713614611572,23.634502775488,24.548028034391,25.38410411673,
    26.281393184443,27.169232325991,28.047009844699,28.847877333261,
    29.704892084705,30.550578145199,31.384742808357,32.14448317376,
    32.956538608657,33.75747556067,34.547827237765,35.268649993444,
    36.041021221912,36.805779378973,37.564485879874,38.261073281275,
    39.01367744831,39.766626217161,40.522198623296),(-22.4,0.),
  .UNSPECIFIED.);
#5195 = CARTESIAN_POINT('',(-10.81118546241,5.779995801459,22.4));
#5196 = CARTESIAN_POINT('',(-10.81118546241,5.779995801459,0.));
#5197 = CARTESIAN_POINT('',(-11.05625499152,5.704001703035,22.4));
#5198 = CARTESIAN_POINT('',(-11.05625499152,5.704001703035,0.));
#5199 = CARTESIAN_POINT('',(-11.57212758382,5.536616376993,22.4));
#5200 = CARTESIAN_POINT('',(-11.57212758382,5.536616376993,0.));
#5201 = CARTESIAN_POINT('',(-12.37845763112,5.323359011338,22.4));
#5202 = CARTESIAN_POINT('',(-12.37845763112,5.323359011338,0.));
#5203 = CARTESIAN_POINT('',(-13.20854032434,5.135032107618,22.4));
#5204 = CARTESIAN_POINT('',(-13.20854032434,5.135032107618,0.));
#5205 = CARTESIAN_POINT('',(-14.06097484499,4.97755483101,22.4));
#5206 = CARTESIAN_POINT('',(-14.06097484499,4.97755483101,0.));
#5207 = CARTESIAN_POINT('',(-14.93196437774,4.851780555304,22.4));
#5208 = CARTESIAN_POINT('',(-14.93196437774,4.851780555304,0.));
#5209 = CARTESIAN_POINT('',(-15.84126115267,4.75895288089,22.4));
#5210 = CARTESIAN_POINT('',(-15.84126115267,4.75895288089,0.));
#5211 = CARTESIAN_POINT('',(-16.73912866855,4.705184290526,22.4));
#5212 = CARTESIAN_POINT('',(-16.73912866855,4.705184290526,0.));
#5213 = CARTESIAN_POINT('',(-17.64598255018,4.687753470237,22.4));
#5214 = CARTESIAN_POINT('',(-17.64598255018,4.687753470237,0.));
#5215 = CARTESIAN_POINT('',(-18.55902826521,4.707437542484,22.4));
#5216 = CARTESIAN_POINT('',(-18.55902826521,4.707437542484,0.));
#5217 = CARTESIAN_POINT('',(-19.49928109601,4.767727971147,22.4));
#5218 = CARTESIAN_POINT('',(-19.49928109601,4.767727971147,0.));
#5219 = CARTESIAN_POINT('',(-20.41593656905,4.865703467748,22.4));
#5220 = CARTESIAN_POINT('',(-20.41593656905,4.865703467748,0.));
#5221 = CARTESIAN_POINT('',(-21.33083217275,5.001303181812,22.4));
#5222 = CARTESIAN_POINT('',(-21.33083217275,5.001303181812,0.));
#5223 = CARTESIAN_POINT('',(-22.24175774342,5.174206920646,22.4));
#5224 = CARTESIAN_POINT('',(-22.24175774342,5.174206920646,0.));
#5225 = CARTESIAN_POINT('',(-23.16988823326,5.390795676388,22.4));
#5226 = CARTESIAN_POINT('',(-23.16988823326,5.390795676388,0.));
#5227 = CARTESIAN_POINT('',(-24.06558632509,5.639123307605,22.4));
#5228 = CARTESIAN_POINT('',(-24.06558632509,5.639123307605,0.));
#5229 = CARTESIAN_POINT('',(-24.95108226534,5.922283794279,22.4));
#5230 = CARTESIAN_POINT('',(-24.95108226534,5.922283794279,0.));
#5231 = CARTESIAN_POINT('',(-25.82471231978,6.239158031315,22.4));
#5232 = CARTESIAN_POINT('',(-25.82471231978,6.239158031315,0.));
#5233 = CARTESIAN_POINT('',(-26.706941123,6.598917274194,22.4));
#5234 = CARTESIAN_POINT('',(-26.706941123,6.598917274194,0.));
#5235 = CARTESIAN_POINT('',(-27.55105090177,6.98159263176,22.4));
#5236 = CARTESIAN_POINT('',(-27.55105090177,6.98159263176,0.));
#5237 = CARTESIAN_POINT('',(-28.37874062111,7.393492358608,22.4));
#5238 = CARTESIAN_POINT('',(-28.37874062111,7.393492358608,0.));
#5239 = CARTESIAN_POINT('',(-29.18884554067,7.833000559333,22.4));
#5240 = CARTESIAN_POINT('',(-29.18884554067,7.833000559333,0.));
#5241 = CARTESIAN_POINT('',(-30.00051470063,8.311754305156,22.4));
#5242 = CARTESIAN_POINT('',(-30.00051470063,8.311754305156,0.));
#5243 = CARTESIAN_POINT('',(-30.77117746886,8.803340882316,22.4));
#5244 = CARTESIAN_POINT('',(-30.77117746886,8.803340882316,0.));
#5245 = CARTESIAN_POINT('',(-31.52124116043,9.316999687833,22.4));
#5246 = CARTESIAN_POINT('',(-31.52124116043,9.316999687833,0.));
#5247 = CARTESIAN_POINT('',(-32.24998903158,9.850910214552,22.4));
#5248 = CARTESIAN_POINT('',(-32.24998903158,9.850910214552,0.));
#5249 = CARTESIAN_POINT('',(-32.97484396115,10.418742506961,22.4));
#5250 = CARTESIAN_POINT('',(-32.97484396115,10.418742506961,0.));
#5251 = CARTESIAN_POINT('',(-33.65814380766,10.989487225097,22.4));
#5252 = CARTESIAN_POINT('',(-33.65814380766,10.989487225097,0.));
#5253 = CARTESIAN_POINT('',(-34.31846505083,11.574823513564,22.4));
#5254 = CARTESIAN_POINT('',(-34.31846505083,11.574823513564,0.));
#5255 = CARTESIAN_POINT('',(-34.95550001111,12.173008607268,22.4));
#5256 = CARTESIAN_POINT('',(-34.95550001111,12.173008607268,0.));
#5257 = CARTESIAN_POINT('',(-35.58466159615,12.799320171454,22.4));
#5258 = CARTESIAN_POINT('',(-35.58466159615,12.799320171454,0.));
#5259 = CARTESIAN_POINT('',(-36.17371604663,13.419870367066,22.4));
#5260 = CARTESIAN_POINT('',(-36.17371604663,13.419870367066,0.));
#5261 = CARTESIAN_POINT('',(-36.73895718989,14.048401053775,22.4));
#5262 = CARTESIAN_POINT('',(-36.73895718989,14.048401053775,0.));
#5263 = CARTESIAN_POINT('',(-37.28047638438,14.683508078293,22.4));
#5264 = CARTESIAN_POINT('',(-37.28047638438,14.683508078293,0.));
#5265 = CARTESIAN_POINT('',(-37.81156858636,15.341678466864,22.4));
#5266 = CARTESIAN_POINT('',(-37.81156858636,15.341678466864,0.));
#5267 = CARTESIAN_POINT('',(-38.30518994898,15.98804235015,22.4));
#5268 = CARTESIAN_POINT('',(-38.30518994898,15.98804235015,0.));
#5269 = CARTESIAN_POINT('',(-38.7755897729,16.637681239999,22.4));
#5270 = CARTESIAN_POINT('',(-38.7755897729,16.637681239999,0.));
#5271 = CARTESIAN_POINT('',(-39.22313870727,17.289896880341,22.4));
#5272 = CARTESIAN_POINT('',(-39.22313870727,17.289896880341,0.));
#5273 = CARTESIAN_POINT('',(-39.65897078619,17.962196306679,22.4));
#5274 = CARTESIAN_POINT('',(-39.65897078619,17.962196306679,0.));
#5275 = CARTESIAN_POINT('',(-40.06115514134,18.619730435442,22.4));
#5276 = CARTESIAN_POINT('',(-40.06115514134,18.619730435442,0.));
#5277 = CARTESIAN_POINT('',(-40.44185833946,19.279003889715,22.4));
#5278 = CARTESIAN_POINT('',(-40.44185833946,19.279003889715,0.));
#5279 = CARTESIAN_POINT('',(-40.80161763916,19.940006859091,22.4));
#5280 = CARTESIAN_POINT('',(-40.80161763916,19.940006859091,0.));
#5281 = CARTESIAN_POINT('',(-41.14982366742,20.622320456077,22.4));
#5282 = CARTESIAN_POINT('',(-41.14982366742,20.622320456077,0.));
#5283 = CARTESIAN_POINT('',(-41.46788472731,21.287958225001,22.4));
#5284 = CARTESIAN_POINT('',(-41.46788472731,21.287958225001,0.));
#5285 = CARTESIAN_POINT('',(-41.7708981865,21.967944687759,22.4));
#5286 = CARTESIAN_POINT('',(-41.7708981865,21.967944687759,0.));
#5287 = CARTESIAN_POINT('',(-42.04133966549,22.614514013321,22.4));
#5288 = CARTESIAN_POINT('',(-42.04133966549,22.614514013321,0.));
#5289 = CARTESIAN_POINT('',(-42.35667896609,23.436446302744,22.4));
#5290 = CARTESIAN_POINT('',(-42.35667896609,23.436446302744,0.));
#5291 = CARTESIAN_POINT('',(-42.41494717531,23.614561335235,22.4));
#5292 = CARTESIAN_POINT('',(-42.41494717531,23.614561335235,0.));
#5293 = CARTESIAN_POINT('',(-42.57169292858,24.055111457453,22.4));
#5294 = CARTESIAN_POINT('',(-42.57169292858,24.055111457453,0.));
#5295 = DEFINITIONAL_REPRESENTATION('',(#5296),#5300);
#5296 = LINE('',#5297,#5298);
#5297 = CARTESIAN_POINT('',(0.617636313455,0.));
#5298 = VECTOR('',#5299,1.);
#5299 = DIRECTION('',(0.,-1.));
#5300 = ( GEOMETRIC_REPRESENTATION_CONTEXT(2) 
PARAMETRIC_REPRESENTATION_CONTEXT() REPRESENTATION_CONTEXT('2D SPACE',''
  ) );
#5301 = ORIENTED_EDGE('',*,*,#5302,.T.);
#5302 = EDGE_CURVE('',#5174,#5303,#5305,.T.);
#5303 = VERTEX_POINT('',#5304);
#5304 = CARTESIAN_POINT('',(-12.69370018443,0.399969533376,22.4));
#5305 = SURFACE_CURVE('',#5306,(#5311,#5318),.PCURVE_S1.);
#5306 = CIRCLE('',#5307,12.7);
#5307 = AXIS2_PLACEMENT_3D('',#5308,#5309,#5310);
#5308 = CARTESIAN_POINT('',(0.,0.,22.4));
#5309 = DIRECTION('',(0.,0.,1.));
#5310 = DIRECTION('',(1.,0.,-0.));
#5311 = PCURVE('',#5182,#5312);
#5312 = DEFINITIONAL_REPRESENTATION('',(#5313),#5317);
#5313 = LINE('',#5314,#5315);
#5314 = CARTESIAN_POINT('',(-0.,-22.4));
#5315 = VECTOR('',#5316,1.);
#5316 = DIRECTION('',(-1.,0.));
#5317 = ( GEOMETRIC_REPRESENTATION_CONTEXT(2) 
PARAMETRIC_REPRESENTATION_CONTEXT() REPRESENTATION_CONTEXT('2D SPACE',''
  ) );
#5318 = PCURVE('',#169,#5319);
#5319 = DEFINITIONAL_REPRESENTATION('',(#5320),#5324);
#5320 = CIRCLE('',#5321,12.7);
#5321 = AXIS2_PLACEMENT_2D('',#5322,#5323);
#5322 = CARTESIAN_POINT('',(0.,-1.204325410458E-15));
#5323 = DIRECTION('',(1.,0.));
#5324 = ( GEOMETRIC_REPRESENTATION_CONTEXT(2) 
PARAMETRIC_REPRESENTATION_CONTEXT() REPRESENTATION_CONTEXT('2D SPACE',''
  ) );
#5325 = ORIENTED_EDGE('',*,*,#5326,.F.);
#5326 = EDGE_CURVE('',#5327,#5303,#5329,.T.);
#5327 = VERTEX_POINT('',#5328);
#5328 = CARTESIAN_POINT('',(-12.69370018443,0.399969533376,0.));
#5329 = SURFACE_CURVE('',#5330,(#5334,#5341),.PCURVE_S1.);
#5330 = LINE('',#5331,#5332);
#5331 = CARTESIAN_POINT('',(-12.69370018443,0.399969533376,0.));
#5332 = VECTOR('',#5333,1.);
#5333 = DIRECTION('',(0.,0.,1.));
#5334 = PCURVE('',#5182,#5335);
#5335 = DEFINITIONAL_REPRESENTATION('',(#5336),#5340);
#5336 = LINE('',#5337,#5338);
#5337 = CARTESIAN_POINT('',(-3.11009378105,0.));
#5338 = VECTOR('',#5339,1.);
#5339 = DIRECTION('',(-0.,-1.));
#5340 = ( GEOMETRIC_REPRESENTATION_CONTEXT(2) 
PARAMETRIC_REPRESENTATION_CONTEXT() REPRESENTATION_CONTEXT('2D SPACE',''
  ) );
#5341 = PCURVE('',#5342,#5347);
#5342 = PLANE('',#5343);
#5343 = AXIS2_PLACEMENT_3D('',#5344,#5345,#5346);
#5344 = CARTESIAN_POINT('',(-13.14724084379,0.399969533376,0.));
#5345 = DIRECTION('',(1.224646799147E-16,1.,-0.));
#5346 = DIRECTION('',(1.,-1.224646799147E-16,0.));
#5347 = DEFINITIONAL_REPRESENTATION('',(#5348),#5352);
#5348 = LINE('',#5349,#5350);
#5349 = CARTESIAN_POINT('',(0.453540659359,0.));
#5350 = VECTOR('',#5351,1.);
#5351 = DIRECTION('',(0.,-1.));
#5352 = ( GEOMETRIC_REPRESENTATION_CONTEXT(2) 
PARAMETRIC_REPRESENTATION_CONTEXT() REPRESENTATION_CONTEXT('2D SPACE',''
  ) );
#5353 = ORIENTED_EDGE('',*,*,#5354,.F.);
#5354 = EDGE_CURVE('',#5172,#5327,#5355,.T.);
#5355 = SURFACE_CURVE('',#5356,(#5361,#5368),.PCURVE_S1.);
#5356 = CIRCLE('',#5357,12.7);
#5357 = AXIS2_PLACEMENT_3D('',#5358,#5359,#5360);
#5358 = CARTESIAN_POINT('',(0.,0.,0.));
#5359 = DIRECTION('',(0.,0.,1.));
#5360 = DIRECTION('',(1.,0.,-0.));
#5361 = PCURVE('',#5182,#5362);
#5362 = DEFINITIONAL_REPRESENTATION('',(#5363),#5367);
#5363 = LINE('',#5364,#5365);
#5364 = CARTESIAN_POINT('',(-0.,0.));
#5365 = VECTOR('',#5366,1.);
#5366 = DIRECTION('',(-1.,0.));
#5367 = ( GEOMETRIC_REPRESENTATION_CONTEXT(2) 
PARAMETRIC_REPRESENTATION_CONTEXT() REPRESENTATION_CONTEXT('2D SPACE',''
  ) );
#5368 = PCURVE('',#224,#5369);
#5369 = DEFINITIONAL_REPRESENTATION('',(#5370),#5374);
#5370 = CIRCLE('',#5371,12.7);
#5371 = AXIS2_PLACEMENT_2D('',#5372,#5373);
#5372 = CARTESIAN_POINT('',(0.,-1.204325410458E-15));
#5373 = DIRECTION('',(1.,0.));
#5374 = ( GEOMETRIC_REPRESENTATION_CONTEXT(2) 
PARAMETRIC_REPRESENTATION_CONTEXT() REPRESENTATION_CONTEXT('2D SPACE',''
  ) );
#5375 = ADVANCED_FACE('',(#5376),#5342,.T.);
#5376 = FACE_BOUND('',#5377,.T.);
#5377 = EDGE_LOOP('',(#5378,#5504,#5525,#5526));
#5378 = ORIENTED_EDGE('',*,*,#5379,.T.);
#5379 = EDGE_CURVE('',#5380,#5382,#5384,.T.);
#5380 = VERTEX_POINT('',#5381);
#5381 = CARTESIAN_POINT('',(-13.14724084379,0.399969533376,0.));
#5382 = VERTEX_POINT('',#5383);
#5383 = CARTESIAN_POINT('',(-13.14724084379,0.399969533376,22.4));
#5384 = SURFACE_CURVE('',#5385,(#5389,#5396),.PCURVE_S1.);
#5385 = LINE('',#5386,#5387);
#5386 = CARTESIAN_POINT('',(-13.14724084379,0.399969533376,0.));
#5387 = VECTOR('',#5388,1.);
#5388 = DIRECTION('',(0.,0.,1.));
#5389 = PCURVE('',#5342,#5390);
#5390 = DEFINITIONAL_REPRESENTATION('',(#5391),#5395);
#5391 = LINE('',#5392,#5393);
#5392 = CARTESIAN_POINT('',(0.,0.));
#5393 = VECTOR('',#5394,1.);
#5394 = DIRECTION('',(0.,-1.));
#5395 = ( GEOMETRIC_REPRESENTATION_CONTEXT(2) 
PARAMETRIC_REPRESENTATION_CONTEXT() REPRESENTATION_CONTEXT('2D SPACE',''
  ) );
#5396 = PCURVE('',#5397,#5498);
#5397 = B_SPLINE_SURFACE_WITH_KNOTS('',3,1,(
    (#5398,#5399)
    ,(#5400,#5401)
    ,(#5402,#5403)
    ,(#5404,#5405)
    ,(#5406,#5407)
    ,(#5408,#5409)
    ,(#5410,#5411)
    ,(#5412,#5413)
    ,(#5414,#5415)
    ,(#5416,#5417)
    ,(#5418,#5419)
    ,(#5420,#5421)
    ,(#5422,#5423)
    ,(#5424,#5425)
    ,(#5426,#5427)
    ,(#5428,#5429)
    ,(#5430,#5431)
    ,(#5432,#5433)
    ,(#5434,#5435)
    ,(#5436,#5437)
    ,(#5438,#5439)
    ,(#5440,#5441)
    ,(#5442,#5443)
    ,(#5444,#5445)
    ,(#5446,#5447)
    ,(#5448,#5449)
    ,(#5450,#5451)
    ,(#5452,#5453)
    ,(#5454,#5455)
    ,(#5456,#5457)
    ,(#5458,#5459)
    ,(#5460,#5461)
    ,(#5462,#5463)
    ,(#5464,#5465)
    ,(#5466,#5467)
    ,(#5468,#5469)
    ,(#5470,#5471)
    ,(#5472,#5473)
    ,(#5474,#5475)
    ,(#5476,#5477)
    ,(#5478,#5479)
    ,(#5480,#5481)
    ,(#5482,#5483)
    ,(#5484,#5485)
    ,(#5486,#5487)
    ,(#5488,#5489)
    ,(#5490,#5491)
    ,(#5492,#5493)
    ,(#5494,#5495)
    ,(#5496,#5497
    )),.UNSPECIFIED.,.F.,.F.,.F.,(4,1,1,1,1,1,1,1,1,1,1,1,1,1,1,1,1,1,1,
    1,1,1,1,1,1,1,1,1,1,1,1,1,1,1,1,1,1,1,1,1,1,1,1,1,1,1,1,4),(2,2),(0.
    ,0.72551896577,1.446812427957,2.167545581006,2.834652630785,
    3.561455250387,4.294404186133,5.035083262141,5.726745513771,
    6.485571675342,7.25499120568,8.035460380499,8.765906861733,
    9.568099084978,10.381469893138,11.205727652658,11.975881503332,
    12.819782078992,13.673026185696,14.534915364628,15.33753390218,
    16.21390469293,17.096636274619,17.984915961911,18.809100000342,
    19.705802922083,20.60576324729,21.508256924785,22.342991216384,
    23.248469118661,24.154594114226,25.060793204637,25.896884345071,
    26.801694858737,27.704993846459,28.606214463702,29.435742647904,
    30.331166080504,31.222462333173,32.108696907138,32.921319115104,
    33.794515353684,34.658772776489,35.512251077876,36.288651119977,
    37.115000087988,37.923185154055,38.651120081248),(-22.4,0.),
  .UNSPECIFIED.);
#5398 = CARTESIAN_POINT('',(-48.10427671301,0.45350885127,22.4));
#5399 = CARTESIAN_POINT('',(-48.10427671301,0.45350885127,0.));
#5400 = CARTESIAN_POINT('',(-47.91997047248,0.296472552567,22.4));
#5401 = CARTESIAN_POINT('',(-47.91997047248,0.296472552567,0.));
#5402 = CARTESIAN_POINT('',(-47.55617896821,-1.956544766358E-02,22.4));
#5403 = CARTESIAN_POINT('',(-47.55617896821,-1.956544766358E-02,0.));
#5404 = CARTESIAN_POINT('',(-46.99278490721,-0.472410586833,22.4));
#5405 = CARTESIAN_POINT('',(-46.99278490721,-0.472410586833,0.));
#5406 = CARTESIAN_POINT('',(-46.4347086969,-0.900006857568,22.4));
#5407 = CARTESIAN_POINT('',(-46.4347086969,-0.900006857568,0.));
#5408 = CARTESIAN_POINT('',(-45.86399333198,-1.313852260783,22.4));
#5409 = CARTESIAN_POINT('',(-45.86399333198,-1.313852260783,0.));
#5410 = CARTESIAN_POINT('',(-45.2796316124,-1.715406671348,22.4));
#5411 = CARTESIAN_POINT('',(-45.2796316124,-1.715406671348,0.));
#5412 = CARTESIAN_POINT('',(-44.66422556445,-2.114645123302,22.4));
#5413 = CARTESIAN_POINT('',(-44.66422556445,-2.114645123302,0.));
#5414 = CARTESIAN_POINT('',(-44.04848889241,-2.49138474715,22.4));
#5415 = CARTESIAN_POINT('',(-44.04848889241,-2.49138474715,0.));
#5416 = CARTESIAN_POINT('',(-43.41596260072,-2.856734540937,22.4));
#5417 = CARTESIAN_POINT('',(-43.41596260072,-2.856734540937,0.));
#5418 = CARTESIAN_POINT('',(-42.76598440155,-3.210585951824,22.4));
#5419 = CARTESIAN_POINT('',(-42.76598440155,-3.210585951824,0.));
#5420 = CARTESIAN_POINT('',(-42.08059157428,-3.560745302639,22.4));
#5421 = CARTESIAN_POINT('',(-42.08059157428,-3.560745302639,0.));
#5422 = CARTESIAN_POINT('',(-41.3947795284,-3.888719679102,22.4));
#5423 = CARTESIAN_POINT('',(-41.3947795284,-3.888719679102,0.));
#5424 = CARTESIAN_POINT('',(-40.69092907525,-4.203688016384,22.4));
#5425 = CARTESIAN_POINT('',(-40.69092907525,-4.203688016384,0.));
#5426 = CARTESIAN_POINT('',(-39.96913964506,-4.504845951063,22.4));
#5427 = CARTESIAN_POINT('',(-39.96913964506,-4.504845951063,0.));
#5428 = CARTESIAN_POINT('',(-39.21038161945,-4.797861366055,22.4));
#5429 = CARTESIAN_POINT('',(-39.21038161945,-4.797861366055,0.));
#5430 = CARTESIAN_POINT('',(-38.45402920355,-5.06665777555,22.4));
#5431 = CARTESIAN_POINT('',(-38.45402920355,-5.06665777555,0.));
#5432 = CARTESIAN_POINT('',(-37.68117643743,-5.318518214314,22.4));
#5433 = CARTESIAN_POINT('',(-37.68117643743,-5.318518214314,0.));
#5434 = CARTESIAN_POINT('',(-36.89255779697,-5.552314185468,22.4));
#5435 = CARTESIAN_POINT('',(-36.89255779697,-5.552314185468,0.));
#5436 = CARTESIAN_POINT('',(-36.06799040458,-5.771216192382,22.4));
#5437 = CARTESIAN_POINT('',(-36.06799040458,-5.771216192382,0.));
#5438 = CARTESIAN_POINT('',(-35.25079148173,-5.962880206793,22.4));
#5439 = CARTESIAN_POINT('',(-35.25079148173,-5.962880206793,0.));
#5440 = CARTESIAN_POINT('',(-34.42089376123,-6.132557545214,22.4));
#5441 = CARTESIAN_POINT('',(-34.42089376123,-6.132557545214,0.));
#5442 = CARTESIAN_POINT('',(-33.5794927187,-6.278976098759,22.4));
#5443 = CARTESIAN_POINT('',(-33.5794927187,-6.278976098759,0.));
#5444 = CARTESIAN_POINT('',(-32.70563495237,-6.402949058301,22.4));
#5445 = CARTESIAN_POINT('',(-32.70563495237,-6.402949058301,0.));
#5446 = CARTESIAN_POINT('',(-31.8455201101,-6.496819793177,22.4));
#5447 = CARTESIAN_POINT('',(-31.8455201101,-6.496819793177,0.));
#5448 = CARTESIAN_POINT('',(-30.97823225221,-6.563622950087,22.4));
#5449 = CARTESIAN_POINT('',(-30.97823225221,-6.563622950087,0.));
#5450 = CARTESIAN_POINT('',(-30.10529480543,-6.602244396839,22.4));
#5451 = CARTESIAN_POINT('',(-30.10529480543,-6.602244396839,0.));
#5452 = CARTESIAN_POINT('',(-29.20542925783,-6.6106357212,22.4));
#5453 = CARTESIAN_POINT('',(-29.20542925783,-6.6106357212,0.));
#5454 = CARTESIAN_POINT('',(-28.32647828069,-6.587340491706,22.4));
#5455 = CARTESIAN_POINT('',(-28.32647828069,-6.587340491706,0.));
#5456 = CARTESIAN_POINT('',(-27.44709217365,-6.532903434063,22.4));
#5457 = CARTESIAN_POINT('',(-27.44709217365,-6.532903434063,0.));
#5458 = CARTESIAN_POINT('',(-26.56899314554,-6.4466136461,22.4));
#5459 = CARTESIAN_POINT('',(-26.56899314554,-6.4466136461,0.));
#5460 = CARTESIAN_POINT('',(-25.67124857425,-6.323405423359,22.4));
#5461 = CARTESIAN_POINT('',(-25.67124857425,-6.323405423359,0.));
#5462 = CARTESIAN_POINT('',(-24.80179292967,-6.169107066793,22.4));
#5463 = CARTESIAN_POINT('',(-24.80179292967,-6.169107066793,0.));
#5464 = CARTESIAN_POINT('',(-23.93937765341,-5.981597855311,22.4));
#5465 = CARTESIAN_POINT('',(-23.93937765341,-5.981597855311,0.));
#5466 = CARTESIAN_POINT('',(-23.08582415991,-5.76079399669,22.4));
#5467 = CARTESIAN_POINT('',(-23.08582415991,-5.76079399669,0.));
#5468 = CARTESIAN_POINT('',(-22.22130652909,-5.498725165056,22.4));
#5469 = CARTESIAN_POINT('',(-22.22130652909,-5.498725165056,0.));
#5470 = CARTESIAN_POINT('',(-21.39214491597,-5.209134652432,22.4));
#5471 = CARTESIAN_POINT('',(-21.39214491597,-5.209134652432,0.));
#5472 = CARTESIAN_POINT('',(-20.57785393973,-4.887241642236,22.4));
#5473 = CARTESIAN_POINT('',(-20.57785393973,-4.887241642236,0.));
#5474 = CARTESIAN_POINT('',(-19.78029947476,-4.533832284114,22.4));
#5475 = CARTESIAN_POINT('',(-19.78029947476,-4.533832284114,0.));
#5476 = CARTESIAN_POINT('',(-18.98151733352,-4.138511822526,22.4));
#5477 = CARTESIAN_POINT('',(-18.98151733352,-4.138511822526,0.));
#5478 = CARTESIAN_POINT('',(-18.22444669541,-3.722916809738,22.4));
#5479 = CARTESIAN_POINT('',(-18.22444669541,-3.722916809738,0.));
#5480 = CARTESIAN_POINT('',(-17.49013196259,-3.279921568435,22.4));
#5481 = CARTESIAN_POINT('',(-17.49013196259,-3.279921568435,0.));
#5482 = CARTESIAN_POINT('',(-16.78057661926,-2.811609979174,22.4));
#5483 = CARTESIAN_POINT('',(-16.78057661926,-2.811609979174,0.));
#5484 = CARTESIAN_POINT('',(-16.07986153021,-2.305595092121,22.4));
#5485 = CARTESIAN_POINT('',(-16.07986153021,-2.305595092121,0.));
#5486 = CARTESIAN_POINT('',(-15.42753711682,-1.79226505272,22.4));
#5487 = CARTESIAN_POINT('',(-15.42753711682,-1.79226505272,0.));
#5488 = CARTESIAN_POINT('',(-14.80083728431,-1.256812898286,22.4));
#5489 = CARTESIAN_POINT('',(-14.80083728431,-1.256812898286,0.));
#5490 = CARTESIAN_POINT('',(-14.22497766509,-0.726078613454,22.4));
#5491 = CARTESIAN_POINT('',(-14.22497766509,-0.726078613454,0.));
#5492 = CARTESIAN_POINT('',(-13.61566630706,-0.116302638697,22.4));
#5493 = CARTESIAN_POINT('',(-13.61566630706,-0.116302638697,0.));
#5494 = CARTESIAN_POINT('',(-13.3877467972,0.139969012133,22.4));
#5495 = CARTESIAN_POINT('',(-13.3877467972,0.139969012133,0.));
#5496 = CARTESIAN_POINT('',(-13.14724084379,0.399969533376,22.4));
#5497 = CARTESIAN_POINT('',(-13.14724084379,0.399969533376,0.));
#5498 = DEFINITIONAL_REPRESENTATION('',(#5499),#5503);
#5499 = LINE('',#5500,#5501);
#5500 = CARTESIAN_POINT('',(38.651120081248,0.));
#5501 = VECTOR('',#5502,1.);
#5502 = DIRECTION('',(0.,-1.));
#5503 = ( GEOMETRIC_REPRESENTATION_CONTEXT(2) 
PARAMETRIC_REPRESENTATION_CONTEXT() REPRESENTATION_CONTEXT('2D SPACE',''
  ) );
#5504 = ORIENTED_EDGE('',*,*,#5505,.T.);
#5505 = EDGE_CURVE('',#5382,#5303,#5506,.T.);
#5506 = SURFACE_CURVE('',#5507,(#5511,#5518),.PCURVE_S1.);
#5507 = LINE('',#5508,#5509);
#5508 = CARTESIAN_POINT('',(-13.14724084379,0.399969533376,22.4));
#5509 = VECTOR('',#5510,1.);
#5510 = DIRECTION('',(1.,-1.224646799147E-16,0.));
#5511 = PCURVE('',#5342,#5512);
#5512 = DEFINITIONAL_REPRESENTATION('',(#5513),#5517);
#5513 = LINE('',#5514,#5515);
#5514 = CARTESIAN_POINT('',(0.,-22.4));
#5515 = VECTOR('',#5516,1.);
#5516 = DIRECTION('',(1.,0.));
#5517 = ( GEOMETRIC_REPRESENTATION_CONTEXT(2) 
PARAMETRIC_REPRESENTATION_CONTEXT() REPRESENTATION_CONTEXT('2D SPACE',''
  ) );
#5518 = PCURVE('',#169,#5519);
#5519 = DEFINITIONAL_REPRESENTATION('',(#5520),#5524);
#5520 = LINE('',#5521,#5522);
#5521 = CARTESIAN_POINT('',(-13.14724084379,0.399969533376));
#5522 = VECTOR('',#5523,1.);
#5523 = DIRECTION('',(1.,-1.224646799147E-16));
#5524 = ( GEOMETRIC_REPRESENTATION_CONTEXT(2) 
PARAMETRIC_REPRESENTATION_CONTEXT() REPRESENTATION_CONTEXT('2D SPACE',''
  ) );
#5525 = ORIENTED_EDGE('',*,*,#5326,.F.);
#5526 = ORIENTED_EDGE('',*,*,#5527,.F.);
#5527 = EDGE_CURVE('',#5380,#5327,#5528,.T.);
#5528 = SURFACE_CURVE('',#5529,(#5533,#5540),.PCURVE_S1.);
#5529 = LINE('',#5530,#5531);
#5530 = CARTESIAN_POINT('',(-13.14724084379,0.399969533376,0.));
#5531 = VECTOR('',#5532,1.);
#5532 = DIRECTION('',(1.,-1.224646799147E-16,0.));
#5533 = PCURVE('',#5342,#5534);
#5534 = DEFINITIONAL_REPRESENTATION('',(#5535),#5539);
#5535 = LINE('',#5536,#5537);
#5536 = CARTESIAN_POINT('',(0.,0.));
#5537 = VECTOR('',#5538,1.);
#5538 = DIRECTION('',(1.,0.));
#5539 = ( GEOMETRIC_REPRESENTATION_CONTEXT(2) 
PARAMETRIC_REPRESENTATION_CONTEXT() REPRESENTATION_CONTEXT('2D SPACE',''
  ) );
#5540 = PCURVE('',#224,#5541);
#5541 = DEFINITIONAL_REPRESENTATION('',(#5542),#5546);
#5542 = LINE('',#5543,#5544);
#5543 = CARTESIAN_POINT('',(-13.14724084379,0.399969533376));
#5544 = VECTOR('',#5545,1.);
#5545 = DIRECTION('',(1.,-1.224646799147E-16));
#5546 = ( GEOMETRIC_REPRESENTATION_CONTEXT(2) 
PARAMETRIC_REPRESENTATION_CONTEXT() REPRESENTATION_CONTEXT('2D SPACE',''
  ) );
#5547 = ADVANCED_FACE('',(#5548),#5397,.T.);
#5548 = FACE_BOUND('',#5549,.T.);
#5549 = EDGE_LOOP('',(#5550,#5580,#5695,#5696));
#5550 = ORIENTED_EDGE('',*,*,#5551,.T.);
#5551 = EDGE_CURVE('',#5552,#5554,#5556,.T.);
#5552 = VERTEX_POINT('',#5553);
#5553 = CARTESIAN_POINT('',(-48.10427671301,0.45350885127,0.));
#5554 = VERTEX_POINT('',#5555);
#5555 = CARTESIAN_POINT('',(-48.10427671301,0.45350885127,22.4));
#5556 = SURFACE_CURVE('',#5557,(#5561,#5568),.PCURVE_S1.);
#5557 = LINE('',#5558,#5559);
#5558 = CARTESIAN_POINT('',(-48.10427671301,0.45350885127,0.));
#5559 = VECTOR('',#5560,1.);
#5560 = DIRECTION('',(0.,0.,1.));
#5561 = PCURVE('',#5397,#5562);
#5562 = DEFINITIONAL_REPRESENTATION('',(#5563),#5567);
#5563 = LINE('',#5564,#5565);
#5564 = CARTESIAN_POINT('',(0.,0.));
#5565 = VECTOR('',#5566,1.);
#5566 = DIRECTION('',(0.,-1.));
#5567 = ( GEOMETRIC_REPRESENTATION_CONTEXT(2) 
PARAMETRIC_REPRESENTATION_CONTEXT() REPRESENTATION_CONTEXT('2D SPACE',''
  ) );
#5568 = PCURVE('',#5569,#5574);
#5569 = PLANE('',#5570);
#5570 = AXIS2_PLACEMENT_3D('',#5571,#5572,#5573);
#5571 = CARTESIAN_POINT('',(-48.49364416058,0.785159873254,0.));
#5572 = DIRECTION('',(0.648429791901,0.761274461003,-0.));
#5573 = DIRECTION('',(0.761274461003,-0.648429791901,0.));
#5574 = DEFINITIONAL_REPRESENTATION('',(#5575),#5579);
#5575 = LINE('',#5576,#5577);
#5576 = CARTESIAN_POINT('',(0.511467896951,0.));
#5577 = VECTOR('',#5578,1.);
#5578 = DIRECTION('',(0.,-1.));
#5579 = ( GEOMETRIC_REPRESENTATION_CONTEXT(2) 
PARAMETRIC_REPRESENTATION_CONTEXT() REPRESENTATION_CONTEXT('2D SPACE',''
  ) );
#5580 = ORIENTED_EDGE('',*,*,#5581,.T.);
#5581 = EDGE_CURVE('',#5554,#5382,#5582,.T.);
#5582 = SURFACE_CURVE('',#5583,(#5634,#5641),.PCURVE_S1.);
#5583 = B_SPLINE_CURVE_WITH_KNOTS('',3,(#5584,#5585,#5586,#5587,#5588,
    #5589,#5590,#5591,#5592,#5593,#5594,#5595,#5596,#5597,#5598,#5599,
    #5600,#5601,#5602,#5603,#5604,#5605,#5606,#5607,#5608,#5609,#5610,
    #5611,#5612,#5613,#5614,#5615,#5616,#5617,#5618,#5619,#5620,#5621,
    #5622,#5623,#5624,#5625,#5626,#5627,#5628,#5629,#5630,#5631,#5632,
    #5633),.UNSPECIFIED.,.F.,.F.,(4,1,1,1,1,1,1,1,1,1,1,1,1,1,1,1,1,1,1,
    1,1,1,1,1,1,1,1,1,1,1,1,1,1,1,1,1,1,1,1,1,1,1,1,1,1,1,1,4),(0.,
    0.72551896577,1.446812427957,2.167545581006,2.834652630785,
    3.561455250387,4.294404186133,5.035083262141,5.726745513771,
    6.485571675342,7.25499120568,8.035460380499,8.765906861733,
    9.568099084978,10.381469893138,11.205727652658,11.975881503332,
    12.819782078992,13.673026185696,14.534915364628,15.33753390218,
    16.21390469293,17.096636274619,17.984915961911,18.809100000342,
    19.705802922083,20.60576324729,21.508256924785,22.342991216384,
    23.248469118661,24.154594114226,25.060793204637,25.896884345071,
    26.801694858737,27.704993846459,28.606214463702,29.435742647904,
    30.331166080504,31.222462333173,32.108696907138,32.921319115104,
    33.794515353684,34.658772776489,35.512251077876,36.288651119977,
    37.115000087988,37.923185154055,38.651120081248),.UNSPECIFIED.);
#5584 = CARTESIAN_POINT('',(-48.10427671301,0.45350885127,22.4));
#5585 = CARTESIAN_POINT('',(-47.91997047248,0.296472552567,22.4));
#5586 = CARTESIAN_POINT('',(-47.55617896821,-1.956544766358E-02,22.4));
#5587 = CARTESIAN_POINT('',(-46.99278490721,-0.472410586833,22.4));
#5588 = CARTESIAN_POINT('',(-46.4347086969,-0.900006857568,22.4));
#5589 = CARTESIAN_POINT('',(-45.86399333198,-1.313852260783,22.4));
#5590 = CARTESIAN_POINT('',(-45.2796316124,-1.715406671348,22.4));
#5591 = CARTESIAN_POINT('',(-44.66422556445,-2.114645123302,22.4));
#5592 = CARTESIAN_POINT('',(-44.04848889241,-2.49138474715,22.4));
#5593 = CARTESIAN_POINT('',(-43.41596260072,-2.856734540937,22.4));
#5594 = CARTESIAN_POINT('',(-42.76598440155,-3.210585951824,22.4));
#5595 = CARTESIAN_POINT('',(-42.08059157428,-3.560745302639,22.4));
#5596 = CARTESIAN_POINT('',(-41.3947795284,-3.888719679102,22.4));
#5597 = CARTESIAN_POINT('',(-40.69092907525,-4.203688016384,22.4));
#5598 = CARTESIAN_POINT('',(-39.96913964506,-4.504845951063,22.4));
#5599 = CARTESIAN_POINT('',(-39.21038161945,-4.797861366055,22.4));
#5600 = CARTESIAN_POINT('',(-38.45402920355,-5.06665777555,22.4));
#5601 = CARTESIAN_POINT('',(-37.68117643743,-5.318518214314,22.4));
#5602 = CARTESIAN_POINT('',(-36.89255779697,-5.552314185468,22.4));
#5603 = CARTESIAN_POINT('',(-36.06799040458,-5.771216192382,22.4));
#5604 = CARTESIAN_POINT('',(-35.25079148173,-5.962880206793,22.4));
#5605 = CARTESIAN_POINT('',(-34.42089376123,-6.132557545214,22.4));
#5606 = CARTESIAN_POINT('',(-33.5794927187,-6.278976098759,22.4));
#5607 = CARTESIAN_POINT('',(-32.70563495237,-6.402949058301,22.4));
#5608 = CARTESIAN_POINT('',(-31.8455201101,-6.496819793177,22.4));
#5609 = CARTESIAN_POINT('',(-30.97823225221,-6.563622950087,22.4));
#5610 = CARTESIAN_POINT('',(-30.10529480543,-6.602244396839,22.4));
#5611 = CARTESIAN_POINT('',(-29.20542925783,-6.6106357212,22.4));
#5612 = CARTESIAN_POINT('',(-28.32647828069,-6.587340491706,22.4));
#5613 = CARTESIAN_POINT('',(-27.44709217365,-6.532903434063,22.4));
#5614 = CARTESIAN_POINT('',(-26.56899314554,-6.4466136461,22.4));
#5615 = CARTESIAN_POINT('',(-25.67124857425,-6.323405423359,22.4));
#5616 = CARTESIAN_POINT('',(-24.80179292967,-6.169107066793,22.4));
#5617 = CARTESIAN_POINT('',(-23.93937765341,-5.981597855311,22.4));
#5618 = CARTESIAN_POINT('',(-23.08582415991,-5.76079399669,22.4));
#5619 = CARTESIAN_POINT('',(-22.22130652909,-5.498725165056,22.4));
#5620 = CARTESIAN_POINT('',(-21.39214491597,-5.209134652432,22.4));
#5621 = CARTESIAN_POINT('',(-20.57785393973,-4.887241642236,22.4));
#5622 = CARTESIAN_POINT('',(-19.78029947476,-4.533832284114,22.4));
#5623 = CARTESIAN_POINT('',(-18.98151733352,-4.138511822526,22.4));
#5624 = CARTESIAN_POINT('',(-18.22444669541,-3.722916809738,22.4));
#5625 = CARTESIAN_POINT('',(-17.49013196259,-3.279921568435,22.4));
#5626 = CARTESIAN_POINT('',(-16.78057661926,-2.811609979174,22.4));
#5627 = CARTESIAN_POINT('',(-16.07986153021,-2.305595092121,22.4));
#5628 = CARTESIAN_POINT('',(-15.42753711682,-1.79226505272,22.4));
#5629 = CARTESIAN_POINT('',(-14.80083728431,-1.256812898286,22.4));
#5630 = CARTESIAN_POINT('',(-14.22497766509,-0.726078613454,22.4));
#5631 = CARTESIAN_POINT('',(-13.61566630706,-0.116302638697,22.4));
#5632 = CARTESIAN_POINT('',(-13.3877467972,0.139969012133,22.4));
#5633 = CARTESIAN_POINT('',(-13.14724084379,0.399969533376,22.4));
#5634 = PCURVE('',#5397,#5635);
#5635 = DEFINITIONAL_REPRESENTATION('',(#5636),#5640);
#5636 = LINE('',#5637,#5638);
#5637 = CARTESIAN_POINT('',(0.,-22.4));
#5638 = VECTOR('',#5639,1.);
#5639 = DIRECTION('',(1.,0.));
#5640 = ( GEOMETRIC_REPRESENTATION_CONTEXT(2) 
PARAMETRIC_REPRESENTATION_CONTEXT() REPRESENTATION_CONTEXT('2D SPACE',''
  ) );
#5641 = PCURVE('',#169,#5642);
#5642 = DEFINITIONAL_REPRESENTATION('',(#5643),#5694);
#5643 = B_SPLINE_CURVE_WITH_KNOTS('',3,(#5644,#5645,#5646,#5647,#5648,
    #5649,#5650,#5651,#5652,#5653,#5654,#5655,#5656,#5657,#5658,#5659,
    #5660,#5661,#5662,#5663,#5664,#5665,#5666,#5667,#5668,#5669,#5670,
    #5671,#5672,#5673,#5674,#5675,#5676,#5677,#5678,#5679,#5680,#5681,
    #5682,#5683,#5684,#5685,#5686,#5687,#5688,#5689,#5690,#5691,#5692,
    #5693),.UNSPECIFIED.,.F.,.F.,(4,1,1,1,1,1,1,1,1,1,1,1,1,1,1,1,1,1,1,
    1,1,1,1,1,1,1,1,1,1,1,1,1,1,1,1,1,1,1,1,1,1,1,1,1,1,1,1,4),(0.,
    0.72551896577,1.446812427957,2.167545581006,2.834652630785,
    3.561455250387,4.294404186133,5.035083262141,5.726745513771,
    6.485571675342,7.25499120568,8.035460380499,8.765906861733,
    9.568099084978,10.381469893138,11.205727652658,11.975881503332,
    12.819782078992,13.673026185696,14.534915364628,15.33753390218,
    16.21390469293,17.096636274619,17.984915961911,18.809100000342,
    19.705802922083,20.60576324729,21.508256924785,22.342991216384,
    23.248469118661,24.154594114226,25.060793204637,25.896884345071,
    26.801694858737,27.704993846459,28.606214463702,29.435742647904,
    30.331166080504,31.222462333173,32.108696907138,32.921319115104,
    33.794515353684,34.658772776489,35.512251077876,36.288651119977,
    37.115000087988,37.923185154055,38.651120081248),.UNSPECIFIED.);
#5644 = CARTESIAN_POINT('',(-48.10427671301,0.45350885127));
#5645 = CARTESIAN_POINT('',(-47.91997047248,0.296472552567));
#5646 = CARTESIAN_POINT('',(-47.55617896821,-1.956544766358E-02));
#5647 = CARTESIAN_POINT('',(-46.99278490721,-0.472410586833));
#5648 = CARTESIAN_POINT('',(-46.4347086969,-0.900006857568));
#5649 = CARTESIAN_POINT('',(-45.86399333198,-1.313852260783));
#5650 = CARTESIAN_POINT('',(-45.2796316124,-1.715406671348));
#5651 = CARTESIAN_POINT('',(-44.66422556445,-2.114645123302));
#5652 = CARTESIAN_POINT('',(-44.04848889241,-2.49138474715));
#5653 = CARTESIAN_POINT('',(-43.41596260072,-2.856734540937));
#5654 = CARTESIAN_POINT('',(-42.76598440155,-3.210585951824));
#5655 = CARTESIAN_POINT('',(-42.08059157428,-3.560745302639));
#5656 = CARTESIAN_POINT('',(-41.3947795284,-3.888719679102));
#5657 = CARTESIAN_POINT('',(-40.69092907525,-4.203688016384));
#5658 = CARTESIAN_POINT('',(-39.96913964506,-4.504845951063));
#5659 = CARTESIAN_POINT('',(-39.21038161945,-4.797861366055));
#5660 = CARTESIAN_POINT('',(-38.45402920355,-5.06665777555));
#5661 = CARTESIAN_POINT('',(-37.68117643743,-5.318518214314));
#5662 = CARTESIAN_POINT('',(-36.89255779697,-5.552314185468));
#5663 = CARTESIAN_POINT('',(-36.06799040458,-5.771216192382));
#5664 = CARTESIAN_POINT('',(-35.25079148173,-5.962880206793));
#5665 = CARTESIAN_POINT('',(-34.42089376123,-6.132557545214));
#5666 = CARTESIAN_POINT('',(-33.5794927187,-6.278976098759));
#5667 = CARTESIAN_POINT('',(-32.70563495237,-6.402949058301));
#5668 = CARTESIAN_POINT('',(-31.8455201101,-6.496819793177));
#5669 = CARTESIAN_POINT('',(-30.97823225221,-6.563622950087));
#5670 = CARTESIAN_POINT('',(-30.10529480543,-6.602244396839));
#5671 = CARTESIAN_POINT('',(-29.20542925783,-6.6106357212));
#5672 = CARTESIAN_POINT('',(-28.32647828069,-6.587340491706));
#5673 = CARTESIAN_POINT('',(-27.44709217365,-6.532903434063));
#5674 = CARTESIAN_POINT('',(-26.56899314554,-6.4466136461));
#5675 = CARTESIAN_POINT('',(-25.67124857425,-6.323405423359));
#5676 = CARTESIAN_POINT('',(-24.80179292967,-6.169107066793));
#5677 = CARTESIAN_POINT('',(-23.93937765341,-5.981597855311));
#5678 = CARTESIAN_POINT('',(-23.08582415991,-5.76079399669));
#5679 = CARTESIAN_POINT('',(-22.22130652909,-5.498725165056));
#5680 = CARTESIAN_POINT('',(-21.39214491597,-5.209134652432));
#5681 = CARTESIAN_POINT('',(-20.57785393973,-4.887241642236));
#5682 = CARTESIAN_POINT('',(-19.78029947476,-4.533832284114));
#5683 = CARTESIAN_POINT('',(-18.98151733352,-4.138511822526));
#5684 = CARTESIAN_POINT('',(-18.22444669541,-3.722916809738));
#5685 = CARTESIAN_POINT('',(-17.49013196259,-3.279921568435));
#5686 = CARTESIAN_POINT('',(-16.78057661926,-2.811609979174));
#5687 = CARTESIAN_POINT('',(-16.07986153021,-2.305595092121));
#5688 = CARTESIAN_POINT('',(-15.42753711682,-1.79226505272));
#5689 = CARTESIAN_POINT('',(-14.80083728431,-1.256812898286));
#5690 = CARTESIAN_POINT('',(-14.22497766509,-0.726078613454));
#5691 = CARTESIAN_POINT('',(-13.61566630706,-0.116302638697));
#5692 = CARTESIAN_POINT('',(-13.3877467972,0.139969012133));
#5693 = CARTESIAN_POINT('',(-13.14724084379,0.399969533376));
#5694 = ( GEOMETRIC_REPRESENTATION_CONTEXT(2) 
PARAMETRIC_REPRESENTATION_CONTEXT() REPRESENTATION_CONTEXT('2D SPACE',''
  ) );
#5695 = ORIENTED_EDGE('',*,*,#5379,.F.);
#5696 = ORIENTED_EDGE('',*,*,#5697,.F.);
#5697 = EDGE_CURVE('',#5552,#5380,#5698,.T.);
#5698 = SURFACE_CURVE('',#5699,(#5750,#5757),.PCURVE_S1.);
#5699 = B_SPLINE_CURVE_WITH_KNOTS('',3,(#5700,#5701,#5702,#5703,#5704,
    #5705,#5706,#5707,#5708,#5709,#5710,#5711,#5712,#5713,#5714,#5715,
    #5716,#5717,#5718,#5719,#5720,#5721,#5722,#5723,#5724,#5725,#5726,
    #5727,#5728,#5729,#5730,#5731,#5732,#5733,#5734,#5735,#5736,#5737,
    #5738,#5739,#5740,#5741,#5742,#5743,#5744,#5745,#5746,#5747,#5748,
    #5749),.UNSPECIFIED.,.F.,.F.,(4,1,1,1,1,1,1,1,1,1,1,1,1,1,1,1,1,1,1,
    1,1,1,1,1,1,1,1,1,1,1,1,1,1,1,1,1,1,1,1,1,1,1,1,1,1,1,1,4),(0.,
    0.72551896577,1.446812427957,2.167545581006,2.834652630785,
    3.561455250387,4.294404186133,5.035083262141,5.726745513771,
    6.485571675342,7.25499120568,8.035460380499,8.765906861733,
    9.568099084978,10.381469893138,11.205727652658,11.975881503332,
    12.819782078992,13.673026185696,14.534915364628,15.33753390218,
    16.21390469293,17.096636274619,17.984915961911,18.809100000342,
    19.705802922083,20.60576324729,21.508256924785,22.342991216384,
    23.248469118661,24.154594114226,25.060793204637,25.896884345071,
    26.801694858737,27.704993846459,28.606214463702,29.435742647904,
    30.331166080504,31.222462333173,32.108696907138,32.921319115104,
    33.794515353684,34.658772776489,35.512251077876,36.288651119977,
    37.115000087988,37.923185154055,38.651120081248),.UNSPECIFIED.);
#5700 = CARTESIAN_POINT('',(-48.10427671301,0.45350885127,0.));
#5701 = CARTESIAN_POINT('',(-47.91997047248,0.296472552567,0.));
#5702 = CARTESIAN_POINT('',(-47.55617896821,-1.956544766358E-02,0.));
#5703 = CARTESIAN_POINT('',(-46.99278490721,-0.472410586833,0.));
#5704 = CARTESIAN_POINT('',(-46.4347086969,-0.900006857568,0.));
#5705 = CARTESIAN_POINT('',(-45.86399333198,-1.313852260783,0.));
#5706 = CARTESIAN_POINT('',(-45.2796316124,-1.715406671348,0.));
#5707 = CARTESIAN_POINT('',(-44.66422556445,-2.114645123302,0.));
#5708 = CARTESIAN_POINT('',(-44.04848889241,-2.49138474715,0.));
#5709 = CARTESIAN_POINT('',(-43.41596260072,-2.856734540937,0.));
#5710 = CARTESIAN_POINT('',(-42.76598440155,-3.210585951824,0.));
#5711 = CARTESIAN_POINT('',(-42.08059157428,-3.560745302639,0.));
#5712 = CARTESIAN_POINT('',(-41.3947795284,-3.888719679102,0.));
#5713 = CARTESIAN_POINT('',(-40.69092907525,-4.203688016384,0.));
#5714 = CARTESIAN_POINT('',(-39.96913964506,-4.504845951063,0.));
#5715 = CARTESIAN_POINT('',(-39.21038161945,-4.797861366055,0.));
#5716 = CARTESIAN_POINT('',(-38.45402920355,-5.06665777555,0.));
#5717 = CARTESIAN_POINT('',(-37.68117643743,-5.318518214314,0.));
#5718 = CARTESIAN_POINT('',(-36.89255779697,-5.552314185468,0.));
#5719 = CARTESIAN_POINT('',(-36.06799040458,-5.771216192382,0.));
#5720 = CARTESIAN_POINT('',(-35.25079148173,-5.962880206793,0.));
#5721 = CARTESIAN_POINT('',(-34.42089376123,-6.132557545214,0.));
#5722 = CARTESIAN_POINT('',(-33.5794927187,-6.278976098759,0.));
#5723 = CARTESIAN_POINT('',(-32.70563495237,-6.402949058301,0.));
#5724 = CARTESIAN_POINT('',(-31.8455201101,-6.496819793177,0.));
#5725 = CARTESIAN_POINT('',(-30.97823225221,-6.563622950087,0.));
#5726 = CARTESIAN_POINT('',(-30.10529480543,-6.602244396839,0.));
#5727 = CARTESIAN_POINT('',(-29.20542925783,-6.6106357212,0.));
#5728 = CARTESIAN_POINT('',(-28.32647828069,-6.587340491706,0.));
#5729 = CARTESIAN_POINT('',(-27.44709217365,-6.532903434063,0.));
#5730 = CARTESIAN_POINT('',(-26.56899314554,-6.4466136461,0.));
#5731 = CARTESIAN_POINT('',(-25.67124857425,-6.323405423359,0.));
#5732 = CARTESIAN_POINT('',(-24.80179292967,-6.169107066793,0.));
#5733 = CARTESIAN_POINT('',(-23.93937765341,-5.981597855311,0.));
#5734 = CARTESIAN_POINT('',(-23.08582415991,-5.76079399669,0.));
#5735 = CARTESIAN_POINT('',(-22.22130652909,-5.498725165056,0.));
#5736 = CARTESIAN_POINT('',(-21.39214491597,-5.209134652432,0.));
#5737 = CARTESIAN_POINT('',(-20.57785393973,-4.887241642236,0.));
#5738 = CARTESIAN_POINT('',(-19.78029947476,-4.533832284114,0.));
#5739 = CARTESIAN_POINT('',(-18.98151733352,-4.138511822526,0.));
#5740 = CARTESIAN_POINT('',(-18.22444669541,-3.722916809738,0.));
#5741 = CARTESIAN_POINT('',(-17.49013196259,-3.279921568435,0.));
#5742 = CARTESIAN_POINT('',(-16.78057661926,-2.811609979174,0.));
#5743 = CARTESIAN_POINT('',(-16.07986153021,-2.305595092121,0.));
#5744 = CARTESIAN_POINT('',(-15.42753711682,-1.79226505272,0.));
#5745 = CARTESIAN_POINT('',(-14.80083728431,-1.256812898286,0.));
#5746 = CARTESIAN_POINT('',(-14.22497766509,-0.726078613454,0.));
#5747 = CARTESIAN_POINT('',(-13.61566630706,-0.116302638697,0.));
#5748 = CARTESIAN_POINT('',(-13.3877467972,0.139969012133,0.));
#5749 = CARTESIAN_POINT('',(-13.14724084379,0.399969533376,0.));
#5750 = PCURVE('',#5397,#5751);
#5751 = DEFINITIONAL_REPRESENTATION('',(#5752),#5756);
#5752 = LINE('',#5753,#5754);
#5753 = CARTESIAN_POINT('',(0.,0.));
#5754 = VECTOR('',#5755,1.);
#5755 = DIRECTION('',(1.,0.));
#5756 = ( GEOMETRIC_REPRESENTATION_CONTEXT(2) 
PARAMETRIC_REPRESENTATION_CONTEXT() REPRESENTATION_CONTEXT('2D SPACE',''
  ) );
#5757 = PCURVE('',#224,#5758);
#5758 = DEFINITIONAL_REPRESENTATION('',(#5759),#5810);
#5759 = B_SPLINE_CURVE_WITH_KNOTS('',3,(#5760,#5761,#5762,#5763,#5764,
    #5765,#5766,#5767,#5768,#5769,#5770,#5771,#5772,#5773,#5774,#5775,
    #5776,#5777,#5778,#5779,#5780,#5781,#5782,#5783,#5784,#5785,#5786,
    #5787,#5788,#5789,#5790,#5791,#5792,#5793,#5794,#5795,#5796,#5797,
    #5798,#5799,#5800,#5801,#5802,#5803,#5804,#5805,#5806,#5807,#5808,
    #5809),.UNSPECIFIED.,.F.,.F.,(4,1,1,1,1,1,1,1,1,1,1,1,1,1,1,1,1,1,1,
    1,1,1,1,1,1,1,1,1,1,1,1,1,1,1,1,1,1,1,1,1,1,1,1,1,1,1,1,4),(0.,
    0.72551896577,1.446812427957,2.167545581006,2.834652630785,
    3.561455250387,4.294404186133,5.035083262141,5.726745513771,
    6.485571675342,7.25499120568,8.035460380499,8.765906861733,
    9.568099084978,10.381469893138,11.205727652658,11.975881503332,
    12.819782078992,13.673026185696,14.534915364628,15.33753390218,
    16.21390469293,17.096636274619,17.984915961911,18.809100000342,
    19.705802922083,20.60576324729,21.508256924785,22.342991216384,
    23.248469118661,24.154594114226,25.060793204637,25.896884345071,
    26.801694858737,27.704993846459,28.606214463702,29.435742647904,
    30.331166080504,31.222462333173,32.108696907138,32.921319115104,
    33.794515353684,34.658772776489,35.512251077876,36.288651119977,
    37.115000087988,37.923185154055,38.651120081248),.UNSPECIFIED.);
#5760 = CARTESIAN_POINT('',(-48.10427671301,0.45350885127));
#5761 = CARTESIAN_POINT('',(-47.91997047248,0.296472552567));
#5762 = CARTESIAN_POINT('',(-47.55617896821,-1.956544766358E-02));
#5763 = CARTESIAN_POINT('',(-46.99278490721,-0.472410586833));
#5764 = CARTESIAN_POINT('',(-46.4347086969,-0.900006857568));
#5765 = CARTESIAN_POINT('',(-45.86399333198,-1.313852260783));
#5766 = CARTESIAN_POINT('',(-45.2796316124,-1.715406671348));
#5767 = CARTESIAN_POINT('',(-44.66422556445,-2.114645123302));
#5768 = CARTESIAN_POINT('',(-44.04848889241,-2.49138474715));
#5769 = CARTESIAN_POINT('',(-43.41596260072,-2.856734540937));
#5770 = CARTESIAN_POINT('',(-42.76598440155,-3.210585951824));
#5771 = CARTESIAN_POINT('',(-42.08059157428,-3.560745302639));
#5772 = CARTESIAN_POINT('',(-41.3947795284,-3.888719679102));
#5773 = CARTESIAN_POINT('',(-40.69092907525,-4.203688016384));
#5774 = CARTESIAN_POINT('',(-39.96913964506,-4.504845951063));
#5775 = CARTESIAN_POINT('',(-39.21038161945,-4.797861366055));
#5776 = CARTESIAN_POINT('',(-38.45402920355,-5.06665777555));
#5777 = CARTESIAN_POINT('',(-37.68117643743,-5.318518214314));
#5778 = CARTESIAN_POINT('',(-36.89255779697,-5.552314185468));
#5779 = CARTESIAN_POINT('',(-36.06799040458,-5.771216192382));
#5780 = CARTESIAN_POINT('',(-35.25079148173,-5.962880206793));
#5781 = CARTESIAN_POINT('',(-34.42089376123,-6.132557545214));
#5782 = CARTESIAN_POINT('',(-33.5794927187,-6.278976098759));
#5783 = CARTESIAN_POINT('',(-32.70563495237,-6.402949058301));
#5784 = CARTESIAN_POINT('',(-31.8455201101,-6.496819793177));
#5785 = CARTESIAN_POINT('',(-30.97823225221,-6.563622950087));
#5786 = CARTESIAN_POINT('',(-30.10529480543,-6.602244396839));
#5787 = CARTESIAN_POINT('',(-29.20542925783,-6.6106357212));
#5788 = CARTESIAN_POINT('',(-28.32647828069,-6.587340491706));
#5789 = CARTESIAN_POINT('',(-27.44709217365,-6.532903434063));
#5790 = CARTESIAN_POINT('',(-26.56899314554,-6.4466136461));
#5791 = CARTESIAN_POINT('',(-25.67124857425,-6.323405423359));
#5792 = CARTESIAN_POINT('',(-24.80179292967,-6.169107066793));
#5793 = CARTESIAN_POINT('',(-23.93937765341,-5.981597855311));
#5794 = CARTESIAN_POINT('',(-23.08582415991,-5.76079399669));
#5795 = CARTESIAN_POINT('',(-22.22130652909,-5.498725165056));
#5796 = CARTESIAN_POINT('',(-21.39214491597,-5.209134652432));
#5797 = CARTESIAN_POINT('',(-20.57785393973,-4.887241642236));
#5798 = CARTESIAN_POINT('',(-19.78029947476,-4.533832284114));
#5799 = CARTESIAN_POINT('',(-18.98151733352,-4.138511822526));
#5800 = CARTESIAN_POINT('',(-18.22444669541,-3.722916809738));
#5801 = CARTESIAN_POINT('',(-17.49013196259,-3.279921568435));
#5802 = CARTESIAN_POINT('',(-16.78057661926,-2.811609979174));
#5803 = CARTESIAN_POINT('',(-16.07986153021,-2.305595092121));
#5804 = CARTESIAN_POINT('',(-15.42753711682,-1.79226505272));
#5805 = CARTESIAN_POINT('',(-14.80083728431,-1.256812898286));
#5806 = CARTESIAN_POINT('',(-14.22497766509,-0.726078613454));
#5807 = CARTESIAN_POINT('',(-13.61566630706,-0.116302638697));
#5808 = CARTESIAN_POINT('',(-13.3877467972,0.139969012133));
#5809 = CARTESIAN_POINT('',(-13.14724084379,0.399969533376));
#5810 = ( GEOMETRIC_REPRESENTATION_CONTEXT(2) 
PARAMETRIC_REPRESENTATION_CONTEXT() REPRESENTATION_CONTEXT('2D SPACE',''
  ) );
#5811 = ADVANCED_FACE('',(#5812),#5569,.T.);
#5812 = FACE_BOUND('',#5813,.T.);
#5813 = EDGE_LOOP('',(#5814,#5844,#5865,#5866));
#5814 = ORIENTED_EDGE('',*,*,#5815,.T.);
#5815 = EDGE_CURVE('',#5816,#5818,#5820,.T.);
#5816 = VERTEX_POINT('',#5817);
#5817 = CARTESIAN_POINT('',(-48.49364416058,0.785159873253,0.));
#5818 = VERTEX_POINT('',#5819);
#5819 = CARTESIAN_POINT('',(-48.49364416058,0.785159873253,22.4));
#5820 = SURFACE_CURVE('',#5821,(#5825,#5832),.PCURVE_S1.);
#5821 = LINE('',#5822,#5823);
#5822 = CARTESIAN_POINT('',(-48.49364416058,0.785159873253,0.));
#5823 = VECTOR('',#5824,1.);
#5824 = DIRECTION('',(0.,0.,1.));
#5825 = PCURVE('',#5569,#5826);
#5826 = DEFINITIONAL_REPRESENTATION('',(#5827),#5831);
#5827 = LINE('',#5828,#5829);
#5828 = CARTESIAN_POINT('',(7.91891853303E-16,0.));
#5829 = VECTOR('',#5830,1.);
#5830 = DIRECTION('',(0.,-1.));
#5831 = ( GEOMETRIC_REPRESENTATION_CONTEXT(2) 
PARAMETRIC_REPRESENTATION_CONTEXT() REPRESENTATION_CONTEXT('2D SPACE',''
  ) );
#5832 = PCURVE('',#5833,#5838);
#5833 = CYLINDRICAL_SURFACE('',#5834,48.5);
#5834 = AXIS2_PLACEMENT_3D('',#5835,#5836,#5837);
#5835 = CARTESIAN_POINT('',(0.,0.,0.));
#5836 = DIRECTION('',(-0.,-0.,-1.));
#5837 = DIRECTION('',(1.,0.,-0.));
#5838 = DEFINITIONAL_REPRESENTATION('',(#5839),#5843);
#5839 = LINE('',#5840,#5841);
#5840 = CARTESIAN_POINT('',(-3.125403083013,0.));
#5841 = VECTOR('',#5842,1.);
#5842 = DIRECTION('',(-0.,-1.));
#5843 = ( GEOMETRIC_REPRESENTATION_CONTEXT(2) 
PARAMETRIC_REPRESENTATION_CONTEXT() REPRESENTATION_CONTEXT('2D SPACE',''
  ) );
#5844 = ORIENTED_EDGE('',*,*,#5845,.T.);
#5845 = EDGE_CURVE('',#5818,#5554,#5846,.T.);
#5846 = SURFACE_CURVE('',#5847,(#5851,#5858),.PCURVE_S1.);
#5847 = LINE('',#5848,#5849);
#5848 = CARTESIAN_POINT('',(-50.26071203258,2.290293056105,22.4));
#5849 = VECTOR('',#5850,1.);
#5850 = DIRECTION('',(0.761274461003,-0.648429791901,0.));
#5851 = PCURVE('',#5569,#5852);
#5852 = DEFINITIONAL_REPRESENTATION('',(#5853),#5857);
#5853 = LINE('',#5854,#5855);
#5854 = CARTESIAN_POINT('',(-2.321196838349,-22.4));
#5855 = VECTOR('',#5856,1.);
#5856 = DIRECTION('',(1.,0.));
#5857 = ( GEOMETRIC_REPRESENTATION_CONTEXT(2) 
PARAMETRIC_REPRESENTATION_CONTEXT() REPRESENTATION_CONTEXT('2D SPACE',''
  ) );
#5858 = PCURVE('',#169,#5859);
#5859 = DEFINITIONAL_REPRESENTATION('',(#5860),#5864);
#5860 = LINE('',#5861,#5862);
#5861 = CARTESIAN_POINT('',(-50.26071203258,2.290293056105));
#5862 = VECTOR('',#5863,1.);
#5863 = DIRECTION('',(0.761274461003,-0.648429791901));
#5864 = ( GEOMETRIC_REPRESENTATION_CONTEXT(2) 
PARAMETRIC_REPRESENTATION_CONTEXT() REPRESENTATION_CONTEXT('2D SPACE',''
  ) );
#5865 = ORIENTED_EDGE('',*,*,#5551,.F.);
#5866 = ORIENTED_EDGE('',*,*,#5867,.F.);
#5867 = EDGE_CURVE('',#5816,#5552,#5868,.T.);
#5868 = SURFACE_CURVE('',#5869,(#5873,#5880),.PCURVE_S1.);
#5869 = LINE('',#5870,#5871);
#5870 = CARTESIAN_POINT('',(-50.26071203258,2.290293056105,0.));
#5871 = VECTOR('',#5872,1.);
#5872 = DIRECTION('',(0.761274461003,-0.648429791901,0.));
#5873 = PCURVE('',#5569,#5874);
#5874 = DEFINITIONAL_REPRESENTATION('',(#5875),#5879);
#5875 = LINE('',#5876,#5877);
#5876 = CARTESIAN_POINT('',(-2.321196838349,-0.));
#5877 = VECTOR('',#5878,1.);
#5878 = DIRECTION('',(1.,0.));
#5879 = ( GEOMETRIC_REPRESENTATION_CONTEXT(2) 
PARAMETRIC_REPRESENTATION_CONTEXT() REPRESENTATION_CONTEXT('2D SPACE',''
  ) );
#5880 = PCURVE('',#224,#5881);
#5881 = DEFINITIONAL_REPRESENTATION('',(#5882),#5886);
#5882 = LINE('',#5883,#5884);
#5883 = CARTESIAN_POINT('',(-50.26071203258,2.290293056105));
#5884 = VECTOR('',#5885,1.);
#5885 = DIRECTION('',(0.761274461003,-0.648429791901));
#5886 = ( GEOMETRIC_REPRESENTATION_CONTEXT(2) 
PARAMETRIC_REPRESENTATION_CONTEXT() REPRESENTATION_CONTEXT('2D SPACE',''
  ) );
#5887 = ADVANCED_FACE('',(#5888),#5833,.F.);
#5888 = FACE_BOUND('',#5889,.T.);
#5889 = EDGE_LOOP('',(#5890,#5915,#5937,#5938));
#5890 = ORIENTED_EDGE('',*,*,#5891,.T.);
#5891 = EDGE_CURVE('',#5892,#5894,#5896,.T.);
#5892 = VERTEX_POINT('',#5893);
#5893 = CARTESIAN_POINT('',(-42.39525200684,23.556158584886,0.));
#5894 = VERTEX_POINT('',#5895);
#5895 = CARTESIAN_POINT('',(-42.39525200684,23.556158584886,22.4));
#5896 = SURFACE_CURVE('',#5897,(#5901,#5908),.PCURVE_S1.);
#5897 = LINE('',#5898,#5899);
#5898 = CARTESIAN_POINT('',(-42.39525200684,23.556158584886,0.));
#5899 = VECTOR('',#5900,1.);
#5900 = DIRECTION('',(0.,0.,1.));
#5901 = PCURVE('',#5833,#5902);
#5902 = DEFINITIONAL_REPRESENTATION('',(#5903),#5907);
#5903 = LINE('',#5904,#5905);
#5904 = CARTESIAN_POINT('',(-2.634435737408,0.));
#5905 = VECTOR('',#5906,1.);
#5906 = DIRECTION('',(-0.,-1.));
#5907 = ( GEOMETRIC_REPRESENTATION_CONTEXT(2) 
PARAMETRIC_REPRESENTATION_CONTEXT() REPRESENTATION_CONTEXT('2D SPACE',''
  ) );
#5908 = PCURVE('',#5194,#5909);
#5909 = DEFINITIONAL_REPRESENTATION('',(#5910),#5914);
#5910 = LINE('',#5911,#5912);
#5911 = CARTESIAN_POINT('',(40.083562049213,0.));
#5912 = VECTOR('',#5913,1.);
#5913 = DIRECTION('',(0.,-1.));
#5914 = ( GEOMETRIC_REPRESENTATION_CONTEXT(2) 
PARAMETRIC_REPRESENTATION_CONTEXT() REPRESENTATION_CONTEXT('2D SPACE',''
  ) );
#5915 = ORIENTED_EDGE('',*,*,#5916,.T.);
#5916 = EDGE_CURVE('',#5894,#5818,#5917,.T.);
#5917 = SURFACE_CURVE('',#5918,(#5923,#5930),.PCURVE_S1.);
#5918 = CIRCLE('',#5919,48.5);
#5919 = AXIS2_PLACEMENT_3D('',#5920,#5921,#5922);
#5920 = CARTESIAN_POINT('',(0.,0.,22.4));
#5921 = DIRECTION('',(0.,0.,1.));
#5922 = DIRECTION('',(1.,0.,-0.));
#5923 = PCURVE('',#5833,#5924);
#5924 = DEFINITIONAL_REPRESENTATION('',(#5925),#5929);
#5925 = LINE('',#5926,#5927);
#5926 = CARTESIAN_POINT('',(-0.,-22.4));
#5927 = VECTOR('',#5928,1.);
#5928 = DIRECTION('',(-1.,0.));
#5929 = ( GEOMETRIC_REPRESENTATION_CONTEXT(2) 
PARAMETRIC_REPRESENTATION_CONTEXT() REPRESENTATION_CONTEXT('2D SPACE',''
  ) );
#5930 = PCURVE('',#169,#5931);
#5931 = DEFINITIONAL_REPRESENTATION('',(#5932),#5936);
#5932 = CIRCLE('',#5933,48.5);
#5933 = AXIS2_PLACEMENT_2D('',#5934,#5935);
#5934 = CARTESIAN_POINT('',(0.,-1.204325410458E-15));
#5935 = DIRECTION('',(1.,0.));
#5936 = ( GEOMETRIC_REPRESENTATION_CONTEXT(2) 
PARAMETRIC_REPRESENTATION_CONTEXT() REPRESENTATION_CONTEXT('2D SPACE',''
  ) );
#5937 = ORIENTED_EDGE('',*,*,#5815,.F.);
#5938 = ORIENTED_EDGE('',*,*,#5939,.F.);
#5939 = EDGE_CURVE('',#5892,#5816,#5940,.T.);
#5940 = SURFACE_CURVE('',#5941,(#5946,#5953),.PCURVE_S1.);
#5941 = CIRCLE('',#5942,48.5);
#5942 = AXIS2_PLACEMENT_3D('',#5943,#5944,#5945);
#5943 = CARTESIAN_POINT('',(0.,0.,0.));
#5944 = DIRECTION('',(0.,0.,1.));
#5945 = DIRECTION('',(1.,0.,-0.));
#5946 = PCURVE('',#5833,#5947);
#5947 = DEFINITIONAL_REPRESENTATION('',(#5948),#5952);
#5948 = LINE('',#5949,#5950);
#5949 = CARTESIAN_POINT('',(-0.,0.));
#5950 = VECTOR('',#5951,1.);
#5951 = DIRECTION('',(-1.,0.));
#5952 = ( GEOMETRIC_REPRESENTATION_CONTEXT(2) 
PARAMETRIC_REPRESENTATION_CONTEXT() REPRESENTATION_CONTEXT('2D SPACE',''
  ) );
#5953 = PCURVE('',#224,#5954);
#5954 = DEFINITIONAL_REPRESENTATION('',(#5955),#5959);
#5955 = CIRCLE('',#5956,48.5);
#5956 = AXIS2_PLACEMENT_2D('',#5957,#5958);
#5957 = CARTESIAN_POINT('',(0.,-1.204325410458E-15));
#5958 = DIRECTION('',(1.,0.));
#5959 = ( GEOMETRIC_REPRESENTATION_CONTEXT(2) 
PARAMETRIC_REPRESENTATION_CONTEXT() REPRESENTATION_CONTEXT('2D SPACE',''
  ) );
#5960 = ADVANCED_FACE('',(#5961),#5194,.T.);
#5961 = FACE_BOUND('',#5962,.T.);
#5962 = EDGE_LOOP('',(#5963,#5964,#6079,#6080));
#5963 = ORIENTED_EDGE('',*,*,#5171,.T.);
#5964 = ORIENTED_EDGE('',*,*,#5965,.T.);
#5965 = EDGE_CURVE('',#5174,#5894,#5966,.T.);
#5966 = SURFACE_CURVE('',#5967,(#6018,#6025),.PCURVE_S1.);
#5967 = B_SPLINE_CURVE_WITH_KNOTS('',3,(#5968,#5969,#5970,#5971,#5972,
    #5973,#5974,#5975,#5976,#5977,#5978,#5979,#5980,#5981,#5982,#5983,
    #5984,#5985,#5986,#5987,#5988,#5989,#5990,#5991,#5992,#5993,#5994,
    #5995,#5996,#5997,#5998,#5999,#6000,#6001,#6002,#6003,#6004,#6005,
    #6006,#6007,#6008,#6009,#6010,#6011,#6012,#6013,#6014,#6015,#6016,
    #6017),.UNSPECIFIED.,.F.,.F.,(4,1,1,1,1,1,1,1,1,1,1,1,1,1,1,1,1,1,1,
    1,1,1,1,1,1,1,1,1,1,1,1,1,1,1,1,1,1,1,1,1,1,1,1,1,1,1,1,4),(0.,
    0.770020974153,1.626265687068,2.501235809007,3.323017628822,
    4.226168942917,5.140567564886,6.064285262741,6.923787879437,
    7.860959618837,8.803220404646,9.749496837408,10.625745778606,
    11.577210076157,12.530237508485,13.484135816053,14.364871812505,
    15.318618169461,16.271356512646,17.222443906393,18.098342389538,
    19.044380308015,19.986772779966,20.924790631856,21.786128506054,
    22.713614611572,23.634502775488,24.548028034391,25.38410411673,
    26.281393184443,27.169232325991,28.047009844699,28.847877333261,
    29.704892084705,30.550578145199,31.384742808357,32.14448317376,
    32.956538608657,33.75747556067,34.547827237765,35.268649993444,
    36.041021221912,36.805779378973,37.564485879874,38.261073281275,
    39.01367744831,39.766626217161,40.522198623296),.UNSPECIFIED.);
#5968 = CARTESIAN_POINT('',(-10.81118546241,5.779995801459,22.4));
#5969 = CARTESIAN_POINT('',(-11.05625499152,5.704001703035,22.4));
#5970 = CARTESIAN_POINT('',(-11.57212758382,5.536616376993,22.4));
#5971 = CARTESIAN_POINT('',(-12.37845763112,5.323359011338,22.4));
#5972 = CARTESIAN_POINT('',(-13.20854032434,5.135032107618,22.4));
#5973 = CARTESIAN_POINT('',(-14.06097484499,4.97755483101,22.4));
#5974 = CARTESIAN_POINT('',(-14.93196437774,4.851780555304,22.4));
#5975 = CARTESIAN_POINT('',(-15.84126115267,4.75895288089,22.4));
#5976 = CARTESIAN_POINT('',(-16.73912866855,4.705184290526,22.4));
#5977 = CARTESIAN_POINT('',(-17.64598255018,4.687753470237,22.4));
#5978 = CARTESIAN_POINT('',(-18.55902826521,4.707437542484,22.4));
#5979 = CARTESIAN_POINT('',(-19.49928109601,4.767727971147,22.4));
#5980 = CARTESIAN_POINT('',(-20.41593656905,4.865703467748,22.4));
#5981 = CARTESIAN_POINT('',(-21.33083217275,5.001303181812,22.4));
#5982 = CARTESIAN_POINT('',(-22.24175774342,5.174206920646,22.4));
#5983 = CARTESIAN_POINT('',(-23.16988823326,5.390795676388,22.4));
#5984 = CARTESIAN_POINT('',(-24.06558632509,5.639123307605,22.4));
#5985 = CARTESIAN_POINT('',(-24.95108226534,5.922283794279,22.4));
#5986 = CARTESIAN_POINT('',(-25.82471231978,6.239158031315,22.4));
#5987 = CARTESIAN_POINT('',(-26.706941123,6.598917274194,22.4));
#5988 = CARTESIAN_POINT('',(-27.55105090177,6.98159263176,22.4));
#5989 = CARTESIAN_POINT('',(-28.37874062111,7.393492358608,22.4));
#5990 = CARTESIAN_POINT('',(-29.18884554067,7.833000559333,22.4));
#5991 = CARTESIAN_POINT('',(-30.00051470063,8.311754305156,22.4));
#5992 = CARTESIAN_POINT('',(-30.77117746886,8.803340882316,22.4));
#5993 = CARTESIAN_POINT('',(-31.52124116043,9.316999687833,22.4));
#5994 = CARTESIAN_POINT('',(-32.24998903158,9.850910214552,22.4));
#5995 = CARTESIAN_POINT('',(-32.97484396115,10.418742506961,22.4));
#5996 = CARTESIAN_POINT('',(-33.65814380766,10.989487225097,22.4));
#5997 = CARTESIAN_POINT('',(-34.31846505083,11.574823513564,22.4));
#5998 = CARTESIAN_POINT('',(-34.95550001111,12.173008607268,22.4));
#5999 = CARTESIAN_POINT('',(-35.58466159615,12.799320171454,22.4));
#6000 = CARTESIAN_POINT('',(-36.17371604663,13.419870367066,22.4));
#6001 = CARTESIAN_POINT('',(-36.73895718989,14.048401053775,22.4));
#6002 = CARTESIAN_POINT('',(-37.28047638438,14.683508078293,22.4));
#6003 = CARTESIAN_POINT('',(-37.81156858636,15.341678466864,22.4));
#6004 = CARTESIAN_POINT('',(-38.30518994898,15.98804235015,22.4));
#6005 = CARTESIAN_POINT('',(-38.7755897729,16.637681239999,22.4));
#6006 = CARTESIAN_POINT('',(-39.22313870727,17.289896880341,22.4));
#6007 = CARTESIAN_POINT('',(-39.65897078619,17.962196306679,22.4));
#6008 = CARTESIAN_POINT('',(-40.06115514134,18.619730435442,22.4));
#6009 = CARTESIAN_POINT('',(-40.44185833946,19.279003889715,22.4));
#6010 = CARTESIAN_POINT('',(-40.80161763916,19.940006859091,22.4));
#6011 = CARTESIAN_POINT('',(-41.14982366742,20.622320456077,22.4));
#6012 = CARTESIAN_POINT('',(-41.46788472731,21.287958225001,22.4));
#6013 = CARTESIAN_POINT('',(-41.7708981865,21.967944687759,22.4));
#6014 = CARTESIAN_POINT('',(-42.04133966549,22.614514013321,22.4));
#6015 = CARTESIAN_POINT('',(-42.35667896609,23.436446302744,22.4));
#6016 = CARTESIAN_POINT('',(-42.41494717531,23.614561335235,22.4));
#6017 = CARTESIAN_POINT('',(-42.57169292858,24.055111457453,22.4));
#6018 = PCURVE('',#5194,#6019);
#6019 = DEFINITIONAL_REPRESENTATION('',(#6020),#6024);
#6020 = LINE('',#6021,#6022);
#6021 = CARTESIAN_POINT('',(0.,-22.4));
#6022 = VECTOR('',#6023,1.);
#6023 = DIRECTION('',(1.,0.));
#6024 = ( GEOMETRIC_REPRESENTATION_CONTEXT(2) 
PARAMETRIC_REPRESENTATION_CONTEXT() REPRESENTATION_CONTEXT('2D SPACE',''
  ) );
#6025 = PCURVE('',#169,#6026);
#6026 = DEFINITIONAL_REPRESENTATION('',(#6027),#6078);
#6027 = B_SPLINE_CURVE_WITH_KNOTS('',3,(#6028,#6029,#6030,#6031,#6032,
    #6033,#6034,#6035,#6036,#6037,#6038,#6039,#6040,#6041,#6042,#6043,
    #6044,#6045,#6046,#6047,#6048,#6049,#6050,#6051,#6052,#6053,#6054,
    #6055,#6056,#6057,#6058,#6059,#6060,#6061,#6062,#6063,#6064,#6065,
    #6066,#6067,#6068,#6069,#6070,#6071,#6072,#6073,#6074,#6075,#6076,
    #6077),.UNSPECIFIED.,.F.,.F.,(4,1,1,1,1,1,1,1,1,1,1,1,1,1,1,1,1,1,1,
    1,1,1,1,1,1,1,1,1,1,1,1,1,1,1,1,1,1,1,1,1,1,1,1,1,1,1,1,4),(0.,
    0.770020974153,1.626265687068,2.501235809007,3.323017628822,
    4.226168942917,5.140567564886,6.064285262741,6.923787879437,
    7.860959618837,8.803220404646,9.749496837408,10.625745778606,
    11.577210076157,12.530237508485,13.484135816053,14.364871812505,
    15.318618169461,16.271356512646,17.222443906393,18.098342389538,
    19.044380308015,19.986772779966,20.924790631856,21.786128506054,
    22.713614611572,23.634502775488,24.548028034391,25.38410411673,
    26.281393184443,27.169232325991,28.047009844699,28.847877333261,
    29.704892084705,30.550578145199,31.384742808357,32.14448317376,
    32.956538608657,33.75747556067,34.547827237765,35.268649993444,
    36.041021221912,36.805779378973,37.564485879874,38.261073281275,
    39.01367744831,39.766626217161,40.522198623296),.UNSPECIFIED.);
#6028 = CARTESIAN_POINT('',(-10.81118546241,5.779995801459));
#6029 = CARTESIAN_POINT('',(-11.05625499152,5.704001703035));
#6030 = CARTESIAN_POINT('',(-11.57212758382,5.536616376993));
#6031 = CARTESIAN_POINT('',(-12.37845763112,5.323359011338));
#6032 = CARTESIAN_POINT('',(-13.20854032434,5.135032107618));
#6033 = CARTESIAN_POINT('',(-14.06097484499,4.97755483101));
#6034 = CARTESIAN_POINT('',(-14.93196437774,4.851780555304));
#6035 = CARTESIAN_POINT('',(-15.84126115267,4.75895288089));
#6036 = CARTESIAN_POINT('',(-16.73912866855,4.705184290526));
#6037 = CARTESIAN_POINT('',(-17.64598255018,4.687753470237));
#6038 = CARTESIAN_POINT('',(-18.55902826521,4.707437542484));
#6039 = CARTESIAN_POINT('',(-19.49928109601,4.767727971147));
#6040 = CARTESIAN_POINT('',(-20.41593656905,4.865703467748));
#6041 = CARTESIAN_POINT('',(-21.33083217275,5.001303181812));
#6042 = CARTESIAN_POINT('',(-22.24175774342,5.174206920646));
#6043 = CARTESIAN_POINT('',(-23.16988823326,5.390795676388));
#6044 = CARTESIAN_POINT('',(-24.06558632509,5.639123307605));
#6045 = CARTESIAN_POINT('',(-24.95108226534,5.922283794279));
#6046 = CARTESIAN_POINT('',(-25.82471231978,6.239158031315));
#6047 = CARTESIAN_POINT('',(-26.706941123,6.598917274194));
#6048 = CARTESIAN_POINT('',(-27.55105090177,6.98159263176));
#6049 = CARTESIAN_POINT('',(-28.37874062111,7.393492358608));
#6050 = CARTESIAN_POINT('',(-29.18884554067,7.833000559333));
#6051 = CARTESIAN_POINT('',(-30.00051470063,8.311754305156));
#6052 = CARTESIAN_POINT('',(-30.77117746886,8.803340882316));
#6053 = CARTESIAN_POINT('',(-31.52124116043,9.316999687833));
#6054 = CARTESIAN_POINT('',(-32.24998903158,9.850910214552));
#6055 = CARTESIAN_POINT('',(-32.97484396115,10.418742506961));
#6056 = CARTESIAN_POINT('',(-33.65814380766,10.989487225097));
#6057 = CARTESIAN_POINT('',(-34.31846505083,11.574823513564));
#6058 = CARTESIAN_POINT('',(-34.95550001111,12.173008607268));
#6059 = CARTESIAN_POINT('',(-35.58466159615,12.799320171454));
#6060 = CARTESIAN_POINT('',(-36.17371604663,13.419870367066));
#6061 = CARTESIAN_POINT('',(-36.73895718989,14.048401053775));
#6062 = CARTESIAN_POINT('',(-37.28047638438,14.683508078293));
#6063 = CARTESIAN_POINT('',(-37.81156858636,15.341678466864));
#6064 = CARTESIAN_POINT('',(-38.30518994898,15.98804235015));
#6065 = CARTESIAN_POINT('',(-38.7755897729,16.637681239999));
#6066 = CARTESIAN_POINT('',(-39.22313870727,17.289896880341));
#6067 = CARTESIAN_POINT('',(-39.65897078619,17.962196306679));
#6068 = CARTESIAN_POINT('',(-40.06115514134,18.619730435442));
#6069 = CARTESIAN_POINT('',(-40.44185833946,19.279003889715));
#6070 = CARTESIAN_POINT('',(-40.80161763916,19.940006859091));
#6071 = CARTESIAN_POINT('',(-41.14982366742,20.622320456077));
#6072 = CARTESIAN_POINT('',(-41.46788472731,21.287958225001));
#6073 = CARTESIAN_POINT('',(-41.7708981865,21.967944687759));
#6074 = CARTESIAN_POINT('',(-42.04133966549,22.614514013321));
#6075 = CARTESIAN_POINT('',(-42.35667896609,23.436446302744));
#6076 = CARTESIAN_POINT('',(-42.41494717531,23.614561335235));
#6077 = CARTESIAN_POINT('',(-42.57169292858,24.055111457453));
#6078 = ( GEOMETRIC_REPRESENTATION_CONTEXT(2) 
PARAMETRIC_REPRESENTATION_CONTEXT() REPRESENTATION_CONTEXT('2D SPACE',''
  ) );
#6079 = ORIENTED_EDGE('',*,*,#5891,.F.);
#6080 = ORIENTED_EDGE('',*,*,#6081,.F.);
#6081 = EDGE_CURVE('',#5172,#5892,#6082,.T.);
#6082 = SURFACE_CURVE('',#6083,(#6134,#6141),.PCURVE_S1.);
#6083 = B_SPLINE_CURVE_WITH_KNOTS('',3,(#6084,#6085,#6086,#6087,#6088,
    #6089,#6090,#6091,#6092,#6093,#6094,#6095,#6096,#6097,#6098,#6099,
    #6100,#6101,#6102,#6103,#6104,#6105,#6106,#6107,#6108,#6109,#6110,
    #6111,#6112,#6113,#6114,#6115,#6116,#6117,#6118,#6119,#6120,#6121,
    #6122,#6123,#6124,#6125,#6126,#6127,#6128,#6129,#6130,#6131,#6132,
    #6133),.UNSPECIFIED.,.F.,.F.,(4,1,1,1,1,1,1,1,1,1,1,1,1,1,1,1,1,1,1,
    1,1,1,1,1,1,1,1,1,1,1,1,1,1,1,1,1,1,1,1,1,1,1,1,1,1,1,1,4),(0.,
    0.770020974153,1.626265687068,2.501235809007,3.323017628822,
    4.226168942917,5.140567564886,6.064285262741,6.923787879437,
    7.860959618837,8.803220404646,9.749496837408,10.625745778606,
    11.577210076157,12.530237508485,13.484135816053,14.364871812505,
    15.318618169461,16.271356512646,17.222443906393,18.098342389538,
    19.044380308015,19.986772779966,20.924790631856,21.786128506054,
    22.713614611572,23.634502775488,24.548028034391,25.38410411673,
    26.281393184443,27.169232325991,28.047009844699,28.847877333261,
    29.704892084705,30.550578145199,31.384742808357,32.14448317376,
    32.956538608657,33.75747556067,34.547827237765,35.268649993444,
    36.041021221912,36.805779378973,37.564485879874,38.261073281275,
    39.01367744831,39.766626217161,40.522198623296),.UNSPECIFIED.);
#6084 = CARTESIAN_POINT('',(-10.81118546241,5.779995801459,0.));
#6085 = CARTESIAN_POINT('',(-11.05625499152,5.704001703035,0.));
#6086 = CARTESIAN_POINT('',(-11.57212758382,5.536616376993,0.));
#6087 = CARTESIAN_POINT('',(-12.37845763112,5.323359011338,0.));
#6088 = CARTESIAN_POINT('',(-13.20854032434,5.135032107618,0.));
#6089 = CARTESIAN_POINT('',(-14.06097484499,4.97755483101,0.));
#6090 = CARTESIAN_POINT('',(-14.93196437774,4.851780555304,0.));
#6091 = CARTESIAN_POINT('',(-15.84126115267,4.75895288089,0.));
#6092 = CARTESIAN_POINT('',(-16.73912866855,4.705184290526,0.));
#6093 = CARTESIAN_POINT('',(-17.64598255018,4.687753470237,0.));
#6094 = CARTESIAN_POINT('',(-18.55902826521,4.707437542484,0.));
#6095 = CARTESIAN_POINT('',(-19.49928109601,4.767727971147,0.));
#6096 = CARTESIAN_POINT('',(-20.41593656905,4.865703467748,0.));
#6097 = CARTESIAN_POINT('',(-21.33083217275,5.001303181812,0.));
#6098 = CARTESIAN_POINT('',(-22.24175774342,5.174206920646,0.));
#6099 = CARTESIAN_POINT('',(-23.16988823326,5.390795676388,0.));
#6100 = CARTESIAN_POINT('',(-24.06558632509,5.639123307605,0.));
#6101 = CARTESIAN_POINT('',(-24.95108226534,5.922283794279,0.));
#6102 = CARTESIAN_POINT('',(-25.82471231978,6.239158031315,0.));
#6103 = CARTESIAN_POINT('',(-26.706941123,6.598917274194,0.));
#6104 = CARTESIAN_POINT('',(-27.55105090177,6.98159263176,0.));
#6105 = CARTESIAN_POINT('',(-28.37874062111,7.393492358608,0.));
#6106 = CARTESIAN_POINT('',(-29.18884554067,7.833000559333,0.));
#6107 = CARTESIAN_POINT('',(-30.00051470063,8.311754305156,0.));
#6108 = CARTESIAN_POINT('',(-30.77117746886,8.803340882316,0.));
#6109 = CARTESIAN_POINT('',(-31.52124116043,9.316999687833,0.));
#6110 = CARTESIAN_POINT('',(-32.24998903158,9.850910214552,0.));
#6111 = CARTESIAN_POINT('',(-32.97484396115,10.418742506961,0.));
#6112 = CARTESIAN_POINT('',(-33.65814380766,10.989487225097,0.));
#6113 = CARTESIAN_POINT('',(-34.31846505083,11.574823513564,0.));
#6114 = CARTESIAN_POINT('',(-34.95550001111,12.173008607268,0.));
#6115 = CARTESIAN_POINT('',(-35.58466159615,12.799320171454,0.));
#6116 = CARTESIAN_POINT('',(-36.17371604663,13.419870367066,0.));
#6117 = CARTESIAN_POINT('',(-36.73895718989,14.048401053775,0.));
#6118 = CARTESIAN_POINT('',(-37.28047638438,14.683508078293,0.));
#6119 = CARTESIAN_POINT('',(-37.81156858636,15.341678466864,0.));
#6120 = CARTESIAN_POINT('',(-38.30518994898,15.98804235015,0.));
#6121 = CARTESIAN_POINT('',(-38.7755897729,16.637681239999,0.));
#6122 = CARTESIAN_POINT('',(-39.22313870727,17.289896880341,0.));
#6123 = CARTESIAN_POINT('',(-39.65897078619,17.962196306679,0.));
#6124 = CARTESIAN_POINT('',(-40.06115514134,18.619730435442,0.));
#6125 = CARTESIAN_POINT('',(-40.44185833946,19.279003889715,0.));
#6126 = CARTESIAN_POINT('',(-40.80161763916,19.940006859091,0.));
#6127 = CARTESIAN_POINT('',(-41.14982366742,20.622320456077,0.));
#6128 = CARTESIAN_POINT('',(-41.46788472731,21.287958225001,0.));
#6129 = CARTESIAN_POINT('',(-41.7708981865,21.967944687759,0.));
#6130 = CARTESIAN_POINT('',(-42.04133966549,22.614514013321,0.));
#6131 = CARTESIAN_POINT('',(-42.35667896609,23.436446302744,0.));
#6132 = CARTESIAN_POINT('',(-42.41494717531,23.614561335235,0.));
#6133 = CARTESIAN_POINT('',(-42.57169292858,24.055111457453,0.));
#6134 = PCURVE('',#5194,#6135);
#6135 = DEFINITIONAL_REPRESENTATION('',(#6136),#6140);
#6136 = LINE('',#6137,#6138);
#6137 = CARTESIAN_POINT('',(0.,0.));
#6138 = VECTOR('',#6139,1.);
#6139 = DIRECTION('',(1.,0.));
#6140 = ( GEOMETRIC_REPRESENTATION_CONTEXT(2) 
PARAMETRIC_REPRESENTATION_CONTEXT() REPRESENTATION_CONTEXT('2D SPACE',''
  ) );
#6141 = PCURVE('',#224,#6142);
#6142 = DEFINITIONAL_REPRESENTATION('',(#6143),#6194);
#6143 = B_SPLINE_CURVE_WITH_KNOTS('',3,(#6144,#6145,#6146,#6147,#6148,
    #6149,#6150,#6151,#6152,#6153,#6154,#6155,#6156,#6157,#6158,#6159,
    #6160,#6161,#6162,#6163,#6164,#6165,#6166,#6167,#6168,#6169,#6170,
    #6171,#6172,#6173,#6174,#6175,#6176,#6177,#6178,#6179,#6180,#6181,
    #6182,#6183,#6184,#6185,#6186,#6187,#6188,#6189,#6190,#6191,#6192,
    #6193),.UNSPECIFIED.,.F.,.F.,(4,1,1,1,1,1,1,1,1,1,1,1,1,1,1,1,1,1,1,
    1,1,1,1,1,1,1,1,1,1,1,1,1,1,1,1,1,1,1,1,1,1,1,1,1,1,1,1,4),(0.,
    0.770020974153,1.626265687068,2.501235809007,3.323017628822,
    4.226168942917,5.140567564886,6.064285262741,6.923787879437,
    7.860959618837,8.803220404646,9.749496837408,10.625745778606,
    11.577210076157,12.530237508485,13.484135816053,14.364871812505,
    15.318618169461,16.271356512646,17.222443906393,18.098342389538,
    19.044380308015,19.986772779966,20.924790631856,21.786128506054,
    22.713614611572,23.634502775488,24.548028034391,25.38410411673,
    26.281393184443,27.169232325991,28.047009844699,28.847877333261,
    29.704892084705,30.550578145199,31.384742808357,32.14448317376,
    32.956538608657,33.75747556067,34.547827237765,35.268649993444,
    36.041021221912,36.805779378973,37.564485879874,38.261073281275,
    39.01367744831,39.766626217161,40.522198623296),.UNSPECIFIED.);
#6144 = CARTESIAN_POINT('',(-10.81118546241,5.779995801459));
#6145 = CARTESIAN_POINT('',(-11.05625499152,5.704001703035));
#6146 = CARTESIAN_POINT('',(-11.57212758382,5.536616376993));
#6147 = CARTESIAN_POINT('',(-12.37845763112,5.323359011338));
#6148 = CARTESIAN_POINT('',(-13.20854032434,5.135032107618));
#6149 = CARTESIAN_POINT('',(-14.06097484499,4.97755483101));
#6150 = CARTESIAN_POINT('',(-14.93196437774,4.851780555304));
#6151 = CARTESIAN_POINT('',(-15.84126115267,4.75895288089));
#6152 = CARTESIAN_POINT('',(-16.73912866855,4.705184290526));
#6153 = CARTESIAN_POINT('',(-17.64598255018,4.687753470237));
#6154 = CARTESIAN_POINT('',(-18.55902826521,4.707437542484));
#6155 = CARTESIAN_POINT('',(-19.49928109601,4.767727971147));
#6156 = CARTESIAN_POINT('',(-20.41593656905,4.865703467748));
#6157 = CARTESIAN_POINT('',(-21.33083217275,5.001303181812));
#6158 = CARTESIAN_POINT('',(-22.24175774342,5.174206920646));
#6159 = CARTESIAN_POINT('',(-23.16988823326,5.390795676388));
#6160 = CARTESIAN_POINT('',(-24.06558632509,5.639123307605));
#6161 = CARTESIAN_POINT('',(-24.95108226534,5.922283794279));
#6162 = CARTESIAN_POINT('',(-25.82471231978,6.239158031315));
#6163 = CARTESIAN_POINT('',(-26.706941123,6.598917274194));
#6164 = CARTESIAN_POINT('',(-27.55105090177,6.98159263176));
#6165 = CARTESIAN_POINT('',(-28.37874062111,7.393492358608));
#6166 = CARTESIAN_POINT('',(-29.18884554067,7.833000559333));
#6167 = CARTESIAN_POINT('',(-30.00051470063,8.311754305156));
#6168 = CARTESIAN_POINT('',(-30.77117746886,8.803340882316));
#6169 = CARTESIAN_POINT('',(-31.52124116043,9.316999687833));
#6170 = CARTESIAN_POINT('',(-32.24998903158,9.850910214552));
#6171 = CARTESIAN_POINT('',(-32.97484396115,10.418742506961));
#6172 = CARTESIAN_POINT('',(-33.65814380766,10.989487225097));
#6173 = CARTESIAN_POINT('',(-34.31846505083,11.574823513564));
#6174 = CARTESIAN_POINT('',(-34.95550001111,12.173008607268));
#6175 = CARTESIAN_POINT('',(-35.58466159615,12.799320171454));
#6176 = CARTESIAN_POINT('',(-36.17371604663,13.419870367066));
#6177 = CARTESIAN_POINT('',(-36.73895718989,14.048401053775));
#6178 = CARTESIAN_POINT('',(-37.28047638438,14.683508078293));
#6179 = CARTESIAN_POINT('',(-37.81156858636,15.341678466864));
#6180 = CARTESIAN_POINT('',(-38.30518994898,15.98804235015));
#6181 = CARTESIAN_POINT('',(-38.7755897729,16.637681239999));
#6182 = CARTESIAN_POINT('',(-39.22313870727,17.289896880341));
#6183 = CARTESIAN_POINT('',(-39.65897078619,17.962196306679));
#6184 = CARTESIAN_POINT('',(-40.06115514134,18.619730435442));
#6185 = CARTESIAN_POINT('',(-40.44185833946,19.279003889715));
#6186 = CARTESIAN_POINT('',(-40.80161763916,19.940006859091));
#6187 = CARTESIAN_POINT('',(-41.14982366742,20.622320456077));
#6188 = CARTESIAN_POINT('',(-41.46788472731,21.287958225001));
#6189 = CARTESIAN_POINT('',(-41.7708981865,21.967944687759));
#6190 = CARTESIAN_POINT('',(-42.04133966549,22.614514013321));
#6191 = CARTESIAN_POINT('',(-42.35667896609,23.436446302744));
#6192 = CARTESIAN_POINT('',(-42.41494717531,23.614561335235));
#6193 = CARTESIAN_POINT('',(-42.57169292858,24.055111457453));
#6194 = ( GEOMETRIC_REPRESENTATION_CONTEXT(2) 
PARAMETRIC_REPRESENTATION_CONTEXT() REPRESENTATION_CONTEXT('2D SPACE',''
  ) );
#6195 = ADVANCED_FACE('',(#6196),#6210,.T.);
#6196 = FACE_BOUND('',#6197,.F.);
#6197 = EDGE_LOOP('',(#6198,#6329,#6353,#6381));
#6198 = ORIENTED_EDGE('',*,*,#6199,.T.);
#6199 = EDGE_CURVE('',#6200,#6202,#6204,.T.);
#6200 = VERTEX_POINT('',#6201);
#6201 = CARTESIAN_POINT('',(-12.67123934713,-0.854220936005,0.));
#6202 = VERTEX_POINT('',#6203);
#6203 = CARTESIAN_POINT('',(-12.67123934713,-0.854220936005,22.4));
#6204 = SURFACE_CURVE('',#6205,(#6209,#6221),.PCURVE_S1.);
#6205 = LINE('',#6206,#6207);
#6206 = CARTESIAN_POINT('',(-12.67123934713,-0.854220936005,0.));
#6207 = VECTOR('',#6208,1.);
#6208 = DIRECTION('',(0.,0.,1.));
#6209 = PCURVE('',#6210,#6215);
#6210 = CYLINDRICAL_SURFACE('',#6211,12.7);
#6211 = AXIS2_PLACEMENT_3D('',#6212,#6213,#6214);
#6212 = CARTESIAN_POINT('',(0.,0.,0.));
#6213 = DIRECTION('',(-0.,-0.,-1.));
#6214 = DIRECTION('',(1.,0.,-0.));
#6215 = DEFINITIONAL_REPRESENTATION('',(#6216),#6220);
#6216 = LINE('',#6217,#6218);
#6217 = CARTESIAN_POINT('',(-3.20890496452,0.));
#6218 = VECTOR('',#6219,1.);
#6219 = DIRECTION('',(-0.,-1.));
#6220 = ( GEOMETRIC_REPRESENTATION_CONTEXT(2) 
PARAMETRIC_REPRESENTATION_CONTEXT() REPRESENTATION_CONTEXT('2D SPACE',''
  ) );
#6221 = PCURVE('',#6222,#6323);
#6222 = B_SPLINE_SURFACE_WITH_KNOTS('',3,1,(
    (#6223,#6224)
    ,(#6225,#6226)
    ,(#6227,#6228)
    ,(#6229,#6230)
    ,(#6231,#6232)
    ,(#6233,#6234)
    ,(#6235,#6236)
    ,(#6237,#6238)
    ,(#6239,#6240)
    ,(#6241,#6242)
    ,(#6243,#6244)
    ,(#6245,#6246)
    ,(#6247,#6248)
    ,(#6249,#6250)
    ,(#6251,#6252)
    ,(#6253,#6254)
    ,(#6255,#6256)
    ,(#6257,#6258)
    ,(#6259,#6260)
    ,(#6261,#6262)
    ,(#6263,#6264)
    ,(#6265,#6266)
    ,(#6267,#6268)
    ,(#6269,#6270)
    ,(#6271,#6272)
    ,(#6273,#6274)
    ,(#6275,#6276)
    ,(#6277,#6278)
    ,(#6279,#6280)
    ,(#6281,#6282)
    ,(#6283,#6284)
    ,(#6285,#6286)
    ,(#6287,#6288)
    ,(#6289,#6290)
    ,(#6291,#6292)
    ,(#6293,#6294)
    ,(#6295,#6296)
    ,(#6297,#6298)
    ,(#6299,#6300)
    ,(#6301,#6302)
    ,(#6303,#6304)
    ,(#6305,#6306)
    ,(#6307,#6308)
    ,(#6309,#6310)
    ,(#6311,#6312)
    ,(#6313,#6314)
    ,(#6315,#6316)
    ,(#6317,#6318)
    ,(#6319,#6320)
    ,(#6321,#6322
    )),.UNSPECIFIED.,.F.,.F.,.F.,(4,1,1,1,1,1,1,1,1,1,1,1,1,1,1,1,1,1,1,
    1,1,1,1,1,1,1,1,1,1,1,1,1,1,1,1,1,1,1,1,1,1,1,1,1,1,1,1,4),(2,2),(0.
    ,0.770020974153,1.626265687068,2.501235809007,3.323017628822,
    4.226168942917,5.140567564886,6.064285262741,6.923787879437,
    7.860959618837,8.803220404646,9.749496837408,10.625745778606,
    11.577210076157,12.530237508485,13.484135816053,14.364871812505,
    15.318618169461,16.271356512646,17.222443906393,18.098342389538,
    19.044380308015,19.986772779966,20.924790631856,21.786128506054,
    22.713614611572,23.634502775488,24.548028034391,25.38410411673,
    26.281393184443,27.169232325991,28.047009844699,28.847877333261,
    29.704892084705,30.550578145199,31.384742808357,32.14448317376,
    32.956538608657,33.75747556067,34.547827237765,35.268649993444,
    36.041021221912,36.805779378973,37.564485879874,38.261073281275,
    39.01367744831,39.766626217161,40.522198623296),(-22.4,0.),
  .UNSPECIFIED.);
#6223 = CARTESIAN_POINT('',(-12.2527591562,-0.399969533376,22.4));
#6224 = CARTESIAN_POINT('',(-12.2527591562,-0.399969533376,0.));
#6225 = CARTESIAN_POINT('',(-12.42699854489,-0.588317117704,22.4));
#6226 = CARTESIAN_POINT('',(-12.42699854489,-0.588317117704,0.));
#6227 = CARTESIAN_POINT('',(-12.79006465192,-0.991213358426,22.4));
#6228 = CARTESIAN_POINT('',(-12.79006465192,-0.991213358426,0.));
#6229 = CARTESIAN_POINT('',(-13.38173827388,-1.579064678277,22.4));
#6230 = CARTESIAN_POINT('',(-13.38173827388,-1.579064678277,0.));
#6231 = CARTESIAN_POINT('',(-14.0064475216,-2.157201907725,22.4));
#6232 = CARTESIAN_POINT('',(-14.0064475216,-2.157201907725,0.));
#6233 = CARTESIAN_POINT('',(-14.66593883324,-2.719798490113,22.4));
#6234 = CARTESIAN_POINT('',(-14.66593883324,-2.719798490113,0.));
#6235 = CARTESIAN_POINT('',(-15.35735075718,-3.264216974392,22.4));
#6236 = CARTESIAN_POINT('',(-15.35735075718,-3.264216974392,0.));
#6237 = CARTESIAN_POINT('',(-16.09841102664,-3.799256486071,22.4));
#6238 = CARTESIAN_POINT('',(-16.09841102664,-3.799256486071,0.));
#6239 = CARTESIAN_POINT('',(-16.84910280945,-4.294755209196,22.4));
#6240 = CARTESIAN_POINT('',(-16.84910280945,-4.294755209196,0.));
#6241 = CARTESIAN_POINT('',(-17.62574589831,-4.763277683188,22.4));
#6242 = CARTESIAN_POINT('',(-17.62574589831,-4.763277683188,0.));
#6243 = CARTESIAN_POINT('',(-18.42630871847,-5.202753634089,22.4));
#6244 = CARTESIAN_POINT('',(-18.42630871847,-5.202753634089,0.));
#6245 = CARTESIAN_POINT('',(-19.27073677025,-5.620667006661,22.4));
#6246 = CARTESIAN_POINT('',(-19.27073677025,-5.620667006661,0.));
#6247 = CARTESIAN_POINT('',(-20.11357144472,-5.994145474174,22.4));
#6248 = CARTESIAN_POINT('',(-20.11357144472,-5.994145474174,0.));
#6249 = CARTESIAN_POINT('',(-20.97369413637,-6.3341604789,22.4));
#6250 = CARTESIAN_POINT('',(-20.97369413637,-6.3341604789,0.));
#6251 = CARTESIAN_POINT('',(-21.84903069094,-6.639884233994,22.4));
#6252 = CARTESIAN_POINT('',(-21.84903069094,-6.639884233994,0.));
#6253 = CARTESIAN_POINT('',(-22.76110965105,-6.916378114271,22.4));
#6254 = CARTESIAN_POINT('',(-22.76110965105,-6.916378114271,0.));
#6255 = CARTESIAN_POINT('',(-23.6609707683,-7.14916912309,22.4));
#6256 = CARTESIAN_POINT('',(-23.6609707683,-7.14916912309,0.));
#6257 = CARTESIAN_POINT('',(-24.56941299084,-7.346692918406,22.4));
#6258 = CARTESIAN_POINT('',(-24.56941299084,-7.346692918406,0.));
#6259 = CARTESIAN_POINT('',(-25.48443593001,-7.509086806548,22.4));
#6260 = CARTESIAN_POINT('',(-25.48443593001,-7.509086806548,0.));
#6261 = CARTESIAN_POINT('',(-26.42834810699,-7.638640564576,22.4));
#6262 = CARTESIAN_POINT('',(-26.42834810699,-7.638640564576,0.));
#6263 = CARTESIAN_POINT('',(-27.35070629777,-7.729288872908,22.4));
#6264 = CARTESIAN_POINT('',(-27.35070629777,-7.729288872908,0.));
#6265 = CARTESIAN_POINT('',(-28.2734564846,-7.786418105318,22.4));
#6266 = CARTESIAN_POINT('',(-28.2734564846,-7.786418105318,0.));
#6267 = CARTESIAN_POINT('',(-29.19478202503,-7.810845298097,22.4));
#6268 = CARTESIAN_POINT('',(-29.19478202503,-7.810845298097,0.));
#6269 = CARTESIAN_POINT('',(-30.13708500993,-7.802066972039,22.4));
#6270 = CARTESIAN_POINT('',(-30.13708500993,-7.802066972039,0.));
#6271 = CARTESIAN_POINT('',(-31.05029183355,-7.761671892174,22.4));
#6272 = CARTESIAN_POINT('',(-31.05029183355,-7.761671892174,0.));
#6273 = CARTESIAN_POINT('',(-31.95669544766,-7.691862163502,22.4));
#6274 = CARTESIAN_POINT('',(-31.95669544766,-7.691862163502,0.));
#6275 = CARTESIAN_POINT('',(-32.85476488039,-7.59385601959,22.4));
#6276 = CARTESIAN_POINT('',(-32.85476488039,-7.59385601959,0.));
#6277 = CARTESIAN_POINT('',(-33.76642380967,-7.464526294062,22.4));
#6278 = CARTESIAN_POINT('',(-33.76642380967,-7.464526294062,0.));
#6279 = CARTESIAN_POINT('',(-34.64355119421,-7.311896792332,22.4));
#6280 = CARTESIAN_POINT('',(-34.64355119421,-7.311896792332,0.));
#6281 = CARTESIAN_POINT('',(-35.50807430969,-7.135141318351,22.4));
#6282 = CARTESIAN_POINT('',(-35.50807430969,-7.135141318351,0.));
#6283 = CARTESIAN_POINT('',(-36.35885531524,-6.935615311176,22.4));
#6284 = CARTESIAN_POINT('',(-36.35885531524,-6.935615311176,0.));
#6285 = CARTESIAN_POINT('',(-37.21688101307,-6.707794378428,22.4));
#6286 = CARTESIAN_POINT('',(-37.21688101307,-6.707794378428,0.));
#6287 = CARTESIAN_POINT('',(-38.0372922292,-6.464909369945,22.4));
#6288 = CARTESIAN_POINT('',(-38.0372922292,-6.464909369945,0.));
#6289 = CARTESIAN_POINT('',(-38.84107076188,-6.203206399825,22.4));
#6290 = CARTESIAN_POINT('',(-38.84107076188,-6.203206399825,0.));
#6291 = CARTESIAN_POINT('',(-39.6275936532,-5.923947179717,22.4));
#6292 = CARTESIAN_POINT('',(-39.6275936532,-5.923947179717,0.));
#6293 = CARTESIAN_POINT('',(-40.41661818615,-5.619501004183,22.4));
#6294 = CARTESIAN_POINT('',(-40.41661818615,-5.619501004183,0.));
#6295 = CARTESIAN_POINT('',(-41.16728876768,-5.306544142483,22.4));
#6296 = CARTESIAN_POINT('',(-41.16728876768,-5.306544142483,0.));
#6297 = CARTESIAN_POINT('',(-41.89948641006,-4.979140272547,22.4));
#6298 = CARTESIAN_POINT('',(-41.89948641006,-4.979140272547,0.));
#6299 = CARTESIAN_POINT('',(-42.61318297683,-4.63807942645,22.4));
#6300 = CARTESIAN_POINT('',(-42.61318297683,-4.63807942645,0.));
#6301 = CARTESIAN_POINT('',(-43.32677434212,-4.273767083749,22.4));
#6302 = CARTESIAN_POINT('',(-43.32677434212,-4.273767083749,0.));
#6303 = CARTESIAN_POINT('',(-44.00384327507,-3.905418001963,22.4));
#6304 = CARTESIAN_POINT('',(-44.00384327507,-3.905418001963,0.));
#6305 = CARTESIAN_POINT('',(-44.66317864308,-3.524822041583,22.4));
#6306 = CARTESIAN_POINT('',(-44.66317864308,-3.524822041583,0.));
#6307 = CARTESIAN_POINT('',(-45.30524082056,-3.132256327976,22.4));
#6308 = CARTESIAN_POINT('',(-45.30524082056,-3.132256327976,0.));
#6309 = CARTESIAN_POINT('',(-45.94795288528,-2.715458433768,22.4));
#6310 = CARTESIAN_POINT('',(-45.94795288528,-2.715458433768,0.));
#6311 = CARTESIAN_POINT('',(-46.55622072755,-2.298029746103,22.4));
#6312 = CARTESIAN_POINT('',(-46.55622072755,-2.298029746103,0.));
#6313 = CARTESIAN_POINT('',(-47.15863131228,-1.860650924723,22.4));
#6314 = CARTESIAN_POINT('',(-47.15863131228,-1.860650924723,0.));
#6315 = CARTESIAN_POINT('',(-47.71612516611,-1.435926202974,22.4));
#6316 = CARTESIAN_POINT('',(-47.71612516611,-1.435926202974,0.));
#6317 = CARTESIAN_POINT('',(-48.40018315595,-0.881781610442,22.4));
#6318 = CARTESIAN_POINT('',(-48.40018315595,-0.881781610442,0.));
#6319 = CARTESIAN_POINT('',(-48.53970242161,-0.756663572118,22.4));
#6320 = CARTESIAN_POINT('',(-48.53970242161,-0.756663572118,0.));
#6321 = CARTESIAN_POINT('',(-48.89572328698,-0.45350885127,22.4));
#6322 = CARTESIAN_POINT('',(-48.89572328698,-0.45350885127,0.));
#6323 = DEFINITIONAL_REPRESENTATION('',(#6324),#6328);
#6324 = LINE('',#6325,#6326);
#6325 = CARTESIAN_POINT('',(0.617636313455,0.));
#6326 = VECTOR('',#6327,1.);
#6327 = DIRECTION('',(0.,-1.));
#6328 = ( GEOMETRIC_REPRESENTATION_CONTEXT(2) 
PARAMETRIC_REPRESENTATION_CONTEXT() REPRESENTATION_CONTEXT('2D SPACE',''
  ) );
#6329 = ORIENTED_EDGE('',*,*,#6330,.T.);
#6330 = EDGE_CURVE('',#6202,#6331,#6333,.T.);
#6331 = VERTEX_POINT('',#6332);
#6332 = CARTESIAN_POINT('',(-11.19305159443,-6.000466315575,22.4));
#6333 = SURFACE_CURVE('',#6334,(#6339,#6346),.PCURVE_S1.);
#6334 = CIRCLE('',#6335,12.7);
#6335 = AXIS2_PLACEMENT_3D('',#6336,#6337,#6338);
#6336 = CARTESIAN_POINT('',(0.,0.,22.4));
#6337 = DIRECTION('',(0.,0.,1.));
#6338 = DIRECTION('',(1.,0.,-0.));
#6339 = PCURVE('',#6210,#6340);
#6340 = DEFINITIONAL_REPRESENTATION('',(#6341),#6345);
#6341 = LINE('',#6342,#6343);
#6342 = CARTESIAN_POINT('',(-0.,-22.4));
#6343 = VECTOR('',#6344,1.);
#6344 = DIRECTION('',(-1.,0.));
#6345 = ( GEOMETRIC_REPRESENTATION_CONTEXT(2) 
PARAMETRIC_REPRESENTATION_CONTEXT() REPRESENTATION_CONTEXT('2D SPACE',''
  ) );
#6346 = PCURVE('',#169,#6347);
#6347 = DEFINITIONAL_REPRESENTATION('',(#6348),#6352);
#6348 = CIRCLE('',#6349,12.7);
#6349 = AXIS2_PLACEMENT_2D('',#6350,#6351);
#6350 = CARTESIAN_POINT('',(0.,-1.204325410458E-15));
#6351 = DIRECTION('',(1.,0.));
#6352 = ( GEOMETRIC_REPRESENTATION_CONTEXT(2) 
PARAMETRIC_REPRESENTATION_CONTEXT() REPRESENTATION_CONTEXT('2D SPACE',''
  ) );
#6353 = ORIENTED_EDGE('',*,*,#6354,.F.);
#6354 = EDGE_CURVE('',#6355,#6331,#6357,.T.);
#6355 = VERTEX_POINT('',#6356);
#6356 = CARTESIAN_POINT('',(-11.19305159443,-6.000466315575,0.));
#6357 = SURFACE_CURVE('',#6358,(#6362,#6369),.PCURVE_S1.);
#6358 = LINE('',#6359,#6360);
#6359 = CARTESIAN_POINT('',(-11.19305159443,-6.000466315575,0.));
#6360 = VECTOR('',#6361,1.);
#6361 = DIRECTION('',(0.,0.,1.));
#6362 = PCURVE('',#6210,#6363);
#6363 = DEFINITIONAL_REPRESENTATION('',(#6364),#6368);
#6364 = LINE('',#6365,#6366);
#6365 = CARTESIAN_POINT('',(-3.633692556648,0.));
#6366 = VECTOR('',#6367,1.);
#6367 = DIRECTION('',(-0.,-1.));
#6368 = ( GEOMETRIC_REPRESENTATION_CONTEXT(2) 
PARAMETRIC_REPRESENTATION_CONTEXT() REPRESENTATION_CONTEXT('2D SPACE',''
  ) );
#6369 = PCURVE('',#6370,#6375);
#6370 = PLANE('',#6371);
#6371 = AXIS2_PLACEMENT_3D('',#6372,#6373,#6374);
#6372 = CARTESIAN_POINT('',(-11.58582932708,-6.227236645254,0.));
#6373 = DIRECTION('',(-0.5,0.866025403784,0.));
#6374 = DIRECTION('',(0.866025403784,0.5,0.));
#6375 = DEFINITIONAL_REPRESENTATION('',(#6376),#6380);
#6376 = LINE('',#6377,#6378);
#6377 = CARTESIAN_POINT('',(0.453540659359,0.));
#6378 = VECTOR('',#6379,1.);
#6379 = DIRECTION('',(0.,-1.));
#6380 = ( GEOMETRIC_REPRESENTATION_CONTEXT(2) 
PARAMETRIC_REPRESENTATION_CONTEXT() REPRESENTATION_CONTEXT('2D SPACE',''
  ) );
#6381 = ORIENTED_EDGE('',*,*,#6382,.F.);
#6382 = EDGE_CURVE('',#6200,#6355,#6383,.T.);
#6383 = SURFACE_CURVE('',#6384,(#6389,#6396),.PCURVE_S1.);
#6384 = CIRCLE('',#6385,12.7);
#6385 = AXIS2_PLACEMENT_3D('',#6386,#6387,#6388);
#6386 = CARTESIAN_POINT('',(0.,0.,0.));
#6387 = DIRECTION('',(0.,0.,1.));
#6388 = DIRECTION('',(1.,0.,-0.));
#6389 = PCURVE('',#6210,#6390);
#6390 = DEFINITIONAL_REPRESENTATION('',(#6391),#6395);
#6391 = LINE('',#6392,#6393);
#6392 = CARTESIAN_POINT('',(-0.,0.));
#6393 = VECTOR('',#6394,1.);
#6394 = DIRECTION('',(-1.,0.));
#6395 = ( GEOMETRIC_REPRESENTATION_CONTEXT(2) 
PARAMETRIC_REPRESENTATION_CONTEXT() REPRESENTATION_CONTEXT('2D SPACE',''
  ) );
#6396 = PCURVE('',#224,#6397);
#6397 = DEFINITIONAL_REPRESENTATION('',(#6398),#6402);
#6398 = CIRCLE('',#6399,12.7);
#6399 = AXIS2_PLACEMENT_2D('',#6400,#6401);
#6400 = CARTESIAN_POINT('',(0.,-1.204325410458E-15));
#6401 = DIRECTION('',(1.,0.));
#6402 = ( GEOMETRIC_REPRESENTATION_CONTEXT(2) 
PARAMETRIC_REPRESENTATION_CONTEXT() REPRESENTATION_CONTEXT('2D SPACE',''
  ) );
#6403 = ADVANCED_FACE('',(#6404),#6370,.T.);
#6404 = FACE_BOUND('',#6405,.T.);
#6405 = EDGE_LOOP('',(#6406,#6532,#6553,#6554));
#6406 = ORIENTED_EDGE('',*,*,#6407,.T.);
#6407 = EDGE_CURVE('',#6408,#6410,#6412,.T.);
#6408 = VERTEX_POINT('',#6409);
#6409 = CARTESIAN_POINT('',(-11.58582932708,-6.227236645254,0.));
#6410 = VERTEX_POINT('',#6411);
#6411 = CARTESIAN_POINT('',(-11.58582932708,-6.227236645254,22.4));
#6412 = SURFACE_CURVE('',#6413,(#6417,#6424),.PCURVE_S1.);
#6413 = LINE('',#6414,#6415);
#6414 = CARTESIAN_POINT('',(-11.58582932708,-6.227236645254,0.));
#6415 = VECTOR('',#6416,1.);
#6416 = DIRECTION('',(0.,0.,1.));
#6417 = PCURVE('',#6370,#6418);
#6418 = DEFINITIONAL_REPRESENTATION('',(#6419),#6423);
#6419 = LINE('',#6420,#6421);
#6420 = CARTESIAN_POINT('',(0.,0.));
#6421 = VECTOR('',#6422,1.);
#6422 = DIRECTION('',(0.,-1.));
#6423 = ( GEOMETRIC_REPRESENTATION_CONTEXT(2) 
PARAMETRIC_REPRESENTATION_CONTEXT() REPRESENTATION_CONTEXT('2D SPACE',''
  ) );
#6424 = PCURVE('',#6425,#6526);
#6425 = B_SPLINE_SURFACE_WITH_KNOTS('',3,1,(
    (#6426,#6427)
    ,(#6428,#6429)
    ,(#6430,#6431)
    ,(#6432,#6433)
    ,(#6434,#6435)
    ,(#6436,#6437)
    ,(#6438,#6439)
    ,(#6440,#6441)
    ,(#6442,#6443)
    ,(#6444,#6445)
    ,(#6446,#6447)
    ,(#6448,#6449)
    ,(#6450,#6451)
    ,(#6452,#6453)
    ,(#6454,#6455)
    ,(#6456,#6457)
    ,(#6458,#6459)
    ,(#6460,#6461)
    ,(#6462,#6463)
    ,(#6464,#6465)
    ,(#6466,#6467)
    ,(#6468,#6469)
    ,(#6470,#6471)
    ,(#6472,#6473)
    ,(#6474,#6475)
    ,(#6476,#6477)
    ,(#6478,#6479)
    ,(#6480,#6481)
    ,(#6482,#6483)
    ,(#6484,#6485)
    ,(#6486,#6487)
    ,(#6488,#6489)
    ,(#6490,#6491)
    ,(#6492,#6493)
    ,(#6494,#6495)
    ,(#6496,#6497)
    ,(#6498,#6499)
    ,(#6500,#6501)
    ,(#6502,#6503)
    ,(#6504,#6505)
    ,(#6506,#6507)
    ,(#6508,#6509)
    ,(#6510,#6511)
    ,(#6512,#6513)
    ,(#6514,#6515)
    ,(#6516,#6517)
    ,(#6518,#6519)
    ,(#6520,#6521)
    ,(#6522,#6523)
    ,(#6524,#6525
    )),.UNSPECIFIED.,.F.,.F.,.F.,(4,1,1,1,1,1,1,1,1,1,1,1,1,1,1,1,1,1,1,
    1,1,1,1,1,1,1,1,1,1,1,1,1,1,1,1,1,1,1,1,1,1,1,1,1,1,1,1,4),(2,2),(0.
    ,0.72551896577,1.446812427957,2.167545581006,2.834652630785,
    3.561455250387,4.294404186133,5.035083262141,5.726745513771,
    6.485571675342,7.25499120568,8.035460380499,8.765906861733,
    9.568099084978,10.381469893138,11.205727652658,11.975881503332,
    12.819782078992,13.673026185696,14.534915364628,15.33753390218,
    16.21390469293,17.096636274619,17.984915961911,18.809100000342,
    19.705802922083,20.60576324729,21.508256924785,22.342991216384,
    23.248469118661,24.154594114226,25.060793204637,25.896884345071,
    26.801694858737,27.704993846459,28.606214463702,29.435742647904,
    30.331166080504,31.222462333173,32.108696907138,32.921319115104,
    33.794515353684,34.658772776489,35.512251077876,36.288651119977,
    37.115000087988,37.923185154055,38.651120081248),(-22.4,0.),
  .UNSPECIFIED.);
#6426 = CARTESIAN_POINT('',(-41.88628008978,-23.65938817046,22.4));
#6427 = CARTESIAN_POINT('',(-41.88628008978,-23.65938817046,0.));
#6428 = CARTESIAN_POINT('',(-41.64814805405,-23.70323247419,22.4));
#6429 = CARTESIAN_POINT('',(-41.64814805405,-23.70323247419,0.));
#6430 = CARTESIAN_POINT('',(-41.17507636956,-23.79503365882,22.4));
#6431 = CARTESIAN_POINT('',(-41.17507636956,-23.79503365882,0.));
#6432 = CARTESIAN_POINT('',(-40.4607402308,-23.90551202282,22.4));
#6433 = CARTESIAN_POINT('',(-40.4607402308,-23.90551202282,0.));
#6434 = CARTESIAN_POINT('',(-39.76363392006,-23.99678315068,22.4));
#6435 = CARTESIAN_POINT('',(-39.76363392006,-23.99678315068,0.));
#6436 = CARTESIAN_POINT('',(-39.0624572141,-24.06982610064,22.4));
#6437 = CARTESIAN_POINT('',(-39.0624572141,-24.06982610064,0.));
#6438 = CARTESIAN_POINT('',(-38.35560791466,-24.12540156141,22.4));
#6439 = CARTESIAN_POINT('',(-38.35560791466,-24.12540156141,0.));
#6440 = CARTESIAN_POINT('',(-37.62303141752,-24.16344917899,22.4));
#6441 = CARTESIAN_POINT('',(-37.62303141752,-24.16344917899,0.));
#6442 = CARTESIAN_POINT('',(-36.90141800556,-24.18184692783,22.4));
#6443 = CARTESIAN_POINT('',(-36.90141800556,-24.18184692783,0.));
#6444 = CARTESIAN_POINT('',(-36.17095927151,-24.18198598468,22.4));
#6445 = CARTESIAN_POINT('',(-36.17095927151,-24.18198598468,0.));
#6446 = CARTESIAN_POINT('',(-35.43113593368,-24.16344119609,22.4));
#6447 = CARTESIAN_POINT('',(-35.43113593368,-24.16344119609,0.));
#6448 = CARTESIAN_POINT('',(-34.66248865829,-24.12399167563,22.4));
#6449 = CARTESIAN_POINT('',(-34.66248865829,-24.12399167563,0.));
#6450 = CARTESIAN_POINT('',(-33.9045708161,-24.0651197945,22.4));
#6451 = CARTESIAN_POINT('',(-33.9045708161,-24.0651197945,0.));
#6452 = CARTESIAN_POINT('',(-33.13753427457,-23.9859651494,22.4));
#6453 = CARTESIAN_POINT('',(-33.13753427457,-23.9859651494,0.));
#6454 = CARTESIAN_POINT('',(-32.3618673245,-23.88588085628,22.4));
#6455 = CARTESIAN_POINT('',(-32.3618673245,-23.88588085628,0.));
#6456 = CARTESIAN_POINT('',(-31.55825589149,-23.76026063656,22.4));
#6457 = CARTESIAN_POINT('',(-31.55825589149,-23.76026063656,0.));
#6458 = CARTESIAN_POINT('',(-30.76883728037,-23.61486894768,22.4));
#6459 = CARTESIAN_POINT('',(-30.76883728037,-23.61486894768,0.));
#6460 = CARTESIAN_POINT('',(-29.97359693214,-23.4465601028,22.4));
#6461 = CARTESIAN_POINT('',(-29.97359693214,-23.4465601028,0.));
#6462 = CARTESIAN_POINT('',(-29.17373517003,-23.25472403289,22.4));
#6463 = CARTESIAN_POINT('',(-29.17373517003,-23.25472403289,0.));
#6464 = CARTESIAN_POINT('',(-28.35018785763,-23.03201503562,22.4));
#6465 = CARTESIAN_POINT('',(-28.35018785763,-23.03201503562,0.));
#6466 = CARTESIAN_POINT('',(-27.54664082329,-22.78940147967,22.4));
#6467 = CARTESIAN_POINT('',(-27.54664082329,-22.78940147967,0.));
#6468 = CARTESIAN_POINT('',(-26.74308964558,-22.52139750494,22.4));
#6469 = CARTESIAN_POINT('',(-26.74308964558,-22.52139750494,0.));
#6470 = CARTESIAN_POINT('',(-25.94120569121,-22.22749917063,22.4));
#6471 = CARTESIAN_POINT('',(-25.94120569121,-22.22749917063,0.));
#6472 = CARTESIAN_POINT('',(-25.1224361865,-21.89793401981,22.4));
#6473 = CARTESIAN_POINT('',(-25.1224361865,-21.89793401981,0.));
#6474 = CARTESIAN_POINT('',(-24.33061951549,-21.54917103975,22.4));
#6475 = CARTESIAN_POINT('',(-24.33061951549,-21.54917103975,0.));
#6476 = CARTESIAN_POINT('',(-23.5461246197,-21.17338034174,22.4));
#6477 = CARTESIAN_POINT('',(-23.5461246197,-21.17338034174,0.));
#6478 = CARTESIAN_POINT('',(-22.7708278915,-20.77035877237,22.4));
#6479 = CARTESIAN_POINT('',(-22.7708278915,-20.77035877237,0.));
#6480 = CARTESIAN_POINT('',(-21.98732580511,-20.32769309864,22.4));
#6481 = CARTESIAN_POINT('',(-21.98732580511,-20.32769309864,0.));
#6482 = CARTESIAN_POINT('',(-21.23777954497,-19.86804334954,22.4));
#6483 = CARTESIAN_POINT('',(-21.23777954497,-19.86804334954,0.));
#6484 = CARTESIAN_POINT('',(-20.50342736536,-19.38120642119,22.4));
#6485 = CARTESIAN_POINT('',(-20.50342736536,-19.38120642119,0.));
#6486 = CARTESIAN_POINT('',(-19.78611619396,-18.86742775867,22.4));
#6487 = CARTESIAN_POINT('',(-19.78611619396,-18.86742775867,0.));
#6488 = CARTESIAN_POINT('',(-19.07025070049,-18.31185402218,22.4));
#6489 = CARTESIAN_POINT('',(-19.07025070049,-18.31185402218,0.));
#6490 = CARTESIAN_POINT('',(-18.3944292031,-17.74349990334,22.4));
#6491 = CARTESIAN_POINT('',(-18.3944292031,-17.74349990334,0.));
#6492 = CARTESIAN_POINT('',(-17.74131027098,-17.14990452462,22.4));
#6493 = CARTESIAN_POINT('',(-17.74131027098,-17.14990452462,0.));
#6494 = CARTESIAN_POINT('',(-17.11251319144,-16.53190602705,22.4));
#6495 = CARTESIAN_POINT('',(-17.11251319144,-16.53190602705,0.));
#6496 = CARTESIAN_POINT('',(-16.49485337694,-15.87268894591,22.4));
#6497 = CARTESIAN_POINT('',(-16.49485337694,-15.87268894591,0.));
#6498 = CARTESIAN_POINT('',(-15.92157361245,-15.20731539872,22.4));
#6499 = CARTESIAN_POINT('',(-15.92157361245,-15.20731539872,0.));
#6500 = CARTESIAN_POINT('',(-15.37732344605,-14.52140238647,22.4));
#6501 = CARTESIAN_POINT('',(-15.37732344605,-14.52140238647,0.));
#6502 = CARTESIAN_POINT('',(-14.86332569755,-13.81656367192,22.4));
#6503 = CARTESIAN_POINT('',(-14.86332569755,-13.81656367192,0.));
#6504 = CARTESIAN_POINT('',(-14.36922030194,-13.07481503893,22.4));
#6505 = CARTESIAN_POINT('',(-14.36922030194,-13.07481503893,0.));
#6506 = CARTESIAN_POINT('',(-13.92137540328,-12.33636388111,22.4));
#6507 = CARTESIAN_POINT('',(-13.92137540328,-12.33636388111,0.));
#6508 = CARTESIAN_POINT('',(-13.50693781093,-11.58556138198,22.4));
#6509 = CARTESIAN_POINT('',(-13.50693781093,-11.58556138198,0.));
#6510 = CARTESIAN_POINT('',(-13.12660065284,-10.82521397712,22.4));
#6511 = CARTESIAN_POINT('',(-13.12660065284,-10.82521397712,0.));
#6512 = CARTESIAN_POINT('',(-12.77277102844,-10.03663468572,22.4));
#6513 = CARTESIAN_POINT('',(-12.77277102844,-10.03663468572,0.));
#6514 = CARTESIAN_POINT('',(-12.46450653463,-9.265915624382,22.4));
#6515 = CARTESIAN_POINT('',(-12.46450653463,-9.265915624382,0.));
#6516 = CARTESIAN_POINT('',(-12.18949463635,-8.488850539877,22.4));
#6517 = CARTESIAN_POINT('',(-12.18949463635,-8.488850539877,0.));
#6518 = CARTESIAN_POINT('',(-11.95615271951,-7.741291356944,22.4));
#6519 = CARTESIAN_POINT('',(-11.95615271951,-7.741291356944,0.));
#6520 = CARTESIAN_POINT('',(-11.73336159201,-6.908554193169,22.4));
#6521 = CARTESIAN_POINT('',(-11.73336159201,-6.908554193169,0.));
#6522 = CARTESIAN_POINT('',(-11.66411333187,-6.57265667835,22.4));
#6523 = CARTESIAN_POINT('',(-11.66411333187,-6.57265667835,0.));
#6524 = CARTESIAN_POINT('',(-11.58582932708,-6.227236645254,22.4));
#6525 = CARTESIAN_POINT('',(-11.58582932708,-6.227236645254,0.));
#6526 = DEFINITIONAL_REPRESENTATION('',(#6527),#6531);
#6527 = LINE('',#6528,#6529);
#6528 = CARTESIAN_POINT('',(38.651120081248,0.));
#6529 = VECTOR('',#6530,1.);
#6530 = DIRECTION('',(0.,-1.));
#6531 = ( GEOMETRIC_REPRESENTATION_CONTEXT(2) 
PARAMETRIC_REPRESENTATION_CONTEXT() REPRESENTATION_CONTEXT('2D SPACE',''
  ) );
#6532 = ORIENTED_EDGE('',*,*,#6533,.T.);
#6533 = EDGE_CURVE('',#6410,#6331,#6534,.T.);
#6534 = SURFACE_CURVE('',#6535,(#6539,#6546),.PCURVE_S1.);
#6535 = LINE('',#6536,#6537);
#6536 = CARTESIAN_POINT('',(-11.58582932708,-6.227236645254,22.4));
#6537 = VECTOR('',#6538,1.);
#6538 = DIRECTION('',(0.866025403784,0.5,0.));
#6539 = PCURVE('',#6370,#6540);
#6540 = DEFINITIONAL_REPRESENTATION('',(#6541),#6545);
#6541 = LINE('',#6542,#6543);
#6542 = CARTESIAN_POINT('',(0.,-22.4));
#6543 = VECTOR('',#6544,1.);
#6544 = DIRECTION('',(1.,0.));
#6545 = ( GEOMETRIC_REPRESENTATION_CONTEXT(2) 
PARAMETRIC_REPRESENTATION_CONTEXT() REPRESENTATION_CONTEXT('2D SPACE',''
  ) );
#6546 = PCURVE('',#169,#6547);
#6547 = DEFINITIONAL_REPRESENTATION('',(#6548),#6552);
#6548 = LINE('',#6549,#6550);
#6549 = CARTESIAN_POINT('',(-11.58582932708,-6.227236645254));
#6550 = VECTOR('',#6551,1.);
#6551 = DIRECTION('',(0.866025403784,0.5));
#6552 = ( GEOMETRIC_REPRESENTATION_CONTEXT(2) 
PARAMETRIC_REPRESENTATION_CONTEXT() REPRESENTATION_CONTEXT('2D SPACE',''
  ) );
#6553 = ORIENTED_EDGE('',*,*,#6354,.F.);
#6554 = ORIENTED_EDGE('',*,*,#6555,.F.);
#6555 = EDGE_CURVE('',#6408,#6355,#6556,.T.);
#6556 = SURFACE_CURVE('',#6557,(#6561,#6568),.PCURVE_S1.);
#6557 = LINE('',#6558,#6559);
#6558 = CARTESIAN_POINT('',(-11.58582932708,-6.227236645254,0.));
#6559 = VECTOR('',#6560,1.);
#6560 = DIRECTION('',(0.866025403784,0.5,0.));
#6561 = PCURVE('',#6370,#6562);
#6562 = DEFINITIONAL_REPRESENTATION('',(#6563),#6567);
#6563 = LINE('',#6564,#6565);
#6564 = CARTESIAN_POINT('',(0.,0.));
#6565 = VECTOR('',#6566,1.);
#6566 = DIRECTION('',(1.,0.));
#6567 = ( GEOMETRIC_REPRESENTATION_CONTEXT(2) 
PARAMETRIC_REPRESENTATION_CONTEXT() REPRESENTATION_CONTEXT('2D SPACE',''
  ) );
#6568 = PCURVE('',#224,#6569);
#6569 = DEFINITIONAL_REPRESENTATION('',(#6570),#6574);
#6570 = LINE('',#6571,#6572);
#6571 = CARTESIAN_POINT('',(-11.58582932708,-6.227236645254));
#6572 = VECTOR('',#6573,1.);
#6573 = DIRECTION('',(0.866025403784,0.5));
#6574 = ( GEOMETRIC_REPRESENTATION_CONTEXT(2) 
PARAMETRIC_REPRESENTATION_CONTEXT() REPRESENTATION_CONTEXT('2D SPACE',''
  ) );
#6575 = ADVANCED_FACE('',(#6576),#6425,.T.);
#6576 = FACE_BOUND('',#6577,.T.);
#6577 = EDGE_LOOP('',(#6578,#6608,#6723,#6724));
#6578 = ORIENTED_EDGE('',*,*,#6579,.T.);
#6579 = EDGE_CURVE('',#6580,#6582,#6584,.T.);
#6580 = VERTEX_POINT('',#6581);
#6581 = CARTESIAN_POINT('',(-41.88628008978,-23.65938817046,0.));
#6582 = VERTEX_POINT('',#6583);
#6583 = CARTESIAN_POINT('',(-41.88628008978,-23.65938817046,22.4));
#6584 = SURFACE_CURVE('',#6585,(#6589,#6596),.PCURVE_S1.);
#6585 = LINE('',#6586,#6587);
#6586 = CARTESIAN_POINT('',(-41.88628008978,-23.65938817046,0.));
#6587 = VECTOR('',#6588,1.);
#6588 = DIRECTION('',(0.,0.,1.));
#6589 = PCURVE('',#6425,#6590);
#6590 = DEFINITIONAL_REPRESENTATION('',(#6591),#6595);
#6591 = LINE('',#6592,#6593);
#6592 = CARTESIAN_POINT('',(0.,0.));
#6593 = VECTOR('',#6594,1.);
#6594 = DIRECTION('',(0.,-1.));
#6595 = ( GEOMETRIC_REPRESENTATION_CONTEXT(2) 
PARAMETRIC_REPRESENTATION_CONTEXT() REPRESENTATION_CONTEXT('2D SPACE',''
  ) );
#6596 = PCURVE('',#6597,#6602);
#6597 = PLANE('',#6598);
#6598 = AXIS2_PLACEMENT_3D('',#6599,#6600,#6601);
#6599 = CARTESIAN_POINT('',(-42.38930770177,-23.56685368402,0.));
#6600 = DIRECTION('',(0.180919441855,0.983497918431,-0.));
#6601 = DIRECTION('',(0.983497918431,-0.180919441855,0.));
#6602 = DEFINITIONAL_REPRESENTATION('',(#6603),#6607);
#6603 = LINE('',#6604,#6605);
#6604 = CARTESIAN_POINT('',(0.511467896952,0.));
#6605 = VECTOR('',#6606,1.);
#6606 = DIRECTION('',(0.,-1.));
#6607 = ( GEOMETRIC_REPRESENTATION_CONTEXT(2) 
PARAMETRIC_REPRESENTATION_CONTEXT() REPRESENTATION_CONTEXT('2D SPACE',''
  ) );
#6608 = ORIENTED_EDGE('',*,*,#6609,.T.);
#6609 = EDGE_CURVE('',#6582,#6410,#6610,.T.);
#6610 = SURFACE_CURVE('',#6611,(#6662,#6669),.PCURVE_S1.);
#6611 = B_SPLINE_CURVE_WITH_KNOTS('',3,(#6612,#6613,#6614,#6615,#6616,
    #6617,#6618,#6619,#6620,#6621,#6622,#6623,#6624,#6625,#6626,#6627,
    #6628,#6629,#6630,#6631,#6632,#6633,#6634,#6635,#6636,#6637,#6638,
    #6639,#6640,#6641,#6642,#6643,#6644,#6645,#6646,#6647,#6648,#6649,
    #6650,#6651,#6652,#6653,#6654,#6655,#6656,#6657,#6658,#6659,#6660,
    #6661),.UNSPECIFIED.,.F.,.F.,(4,1,1,1,1,1,1,1,1,1,1,1,1,1,1,1,1,1,1,
    1,1,1,1,1,1,1,1,1,1,1,1,1,1,1,1,1,1,1,1,1,1,1,1,1,1,1,1,4),(0.,
    0.72551896577,1.446812427957,2.167545581006,2.834652630785,
    3.561455250387,4.294404186133,5.035083262141,5.726745513771,
    6.485571675342,7.25499120568,8.035460380499,8.765906861733,
    9.568099084978,10.381469893138,11.205727652658,11.975881503332,
    12.819782078992,13.673026185696,14.534915364628,15.33753390218,
    16.21390469293,17.096636274619,17.984915961911,18.809100000342,
    19.705802922083,20.60576324729,21.508256924785,22.342991216384,
    23.248469118661,24.154594114226,25.060793204637,25.896884345071,
    26.801694858737,27.704993846459,28.606214463702,29.435742647904,
    30.331166080504,31.222462333173,32.108696907138,32.921319115104,
    33.794515353684,34.658772776489,35.512251077876,36.288651119977,
    37.115000087988,37.923185154055,38.651120081248),.UNSPECIFIED.);
#6612 = CARTESIAN_POINT('',(-41.88628008978,-23.65938817046,22.4));
#6613 = CARTESIAN_POINT('',(-41.64814805405,-23.70323247419,22.4));
#6614 = CARTESIAN_POINT('',(-41.17507636956,-23.79503365882,22.4));
#6615 = CARTESIAN_POINT('',(-40.4607402308,-23.90551202282,22.4));
#6616 = CARTESIAN_POINT('',(-39.76363392006,-23.99678315068,22.4));
#6617 = CARTESIAN_POINT('',(-39.0624572141,-24.06982610064,22.4));
#6618 = CARTESIAN_POINT('',(-38.35560791466,-24.12540156141,22.4));
#6619 = CARTESIAN_POINT('',(-37.62303141752,-24.16344917899,22.4));
#6620 = CARTESIAN_POINT('',(-36.90141800556,-24.18184692783,22.4));
#6621 = CARTESIAN_POINT('',(-36.17095927151,-24.18198598468,22.4));
#6622 = CARTESIAN_POINT('',(-35.43113593368,-24.16344119609,22.4));
#6623 = CARTESIAN_POINT('',(-34.66248865829,-24.12399167563,22.4));
#6624 = CARTESIAN_POINT('',(-33.9045708161,-24.0651197945,22.4));
#6625 = CARTESIAN_POINT('',(-33.13753427457,-23.9859651494,22.4));
#6626 = CARTESIAN_POINT('',(-32.3618673245,-23.88588085628,22.4));
#6627 = CARTESIAN_POINT('',(-31.55825589149,-23.76026063656,22.4));
#6628 = CARTESIAN_POINT('',(-30.76883728037,-23.61486894768,22.4));
#6629 = CARTESIAN_POINT('',(-29.97359693214,-23.4465601028,22.4));
#6630 = CARTESIAN_POINT('',(-29.17373517003,-23.25472403289,22.4));
#6631 = CARTESIAN_POINT('',(-28.35018785763,-23.03201503562,22.4));
#6632 = CARTESIAN_POINT('',(-27.54664082329,-22.78940147967,22.4));
#6633 = CARTESIAN_POINT('',(-26.74308964558,-22.52139750494,22.4));
#6634 = CARTESIAN_POINT('',(-25.94120569121,-22.22749917063,22.4));
#6635 = CARTESIAN_POINT('',(-25.1224361865,-21.89793401981,22.4));
#6636 = CARTESIAN_POINT('',(-24.33061951549,-21.54917103975,22.4));
#6637 = CARTESIAN_POINT('',(-23.5461246197,-21.17338034174,22.4));
#6638 = CARTESIAN_POINT('',(-22.7708278915,-20.77035877237,22.4));
#6639 = CARTESIAN_POINT('',(-21.98732580511,-20.32769309864,22.4));
#6640 = CARTESIAN_POINT('',(-21.23777954497,-19.86804334954,22.4));
#6641 = CARTESIAN_POINT('',(-20.50342736536,-19.38120642119,22.4));
#6642 = CARTESIAN_POINT('',(-19.78611619396,-18.86742775867,22.4));
#6643 = CARTESIAN_POINT('',(-19.07025070049,-18.31185402218,22.4));
#6644 = CARTESIAN_POINT('',(-18.3944292031,-17.74349990334,22.4));
#6645 = CARTESIAN_POINT('',(-17.74131027098,-17.14990452462,22.4));
#6646 = CARTESIAN_POINT('',(-17.11251319144,-16.53190602705,22.4));
#6647 = CARTESIAN_POINT('',(-16.49485337694,-15.87268894591,22.4));
#6648 = CARTESIAN_POINT('',(-15.92157361245,-15.20731539872,22.4));
#6649 = CARTESIAN_POINT('',(-15.37732344605,-14.52140238647,22.4));
#6650 = CARTESIAN_POINT('',(-14.86332569755,-13.81656367192,22.4));
#6651 = CARTESIAN_POINT('',(-14.36922030194,-13.07481503893,22.4));
#6652 = CARTESIAN_POINT('',(-13.92137540328,-12.33636388111,22.4));
#6653 = CARTESIAN_POINT('',(-13.50693781093,-11.58556138198,22.4));
#6654 = CARTESIAN_POINT('',(-13.12660065284,-10.82521397712,22.4));
#6655 = CARTESIAN_POINT('',(-12.77277102844,-10.03663468572,22.4));
#6656 = CARTESIAN_POINT('',(-12.46450653463,-9.265915624382,22.4));
#6657 = CARTESIAN_POINT('',(-12.18949463635,-8.488850539877,22.4));
#6658 = CARTESIAN_POINT('',(-11.95615271951,-7.741291356944,22.4));
#6659 = CARTESIAN_POINT('',(-11.73336159201,-6.908554193169,22.4));
#6660 = CARTESIAN_POINT('',(-11.66411333187,-6.57265667835,22.4));
#6661 = CARTESIAN_POINT('',(-11.58582932708,-6.227236645254,22.4));
#6662 = PCURVE('',#6425,#6663);
#6663 = DEFINITIONAL_REPRESENTATION('',(#6664),#6668);
#6664 = LINE('',#6665,#6666);
#6665 = CARTESIAN_POINT('',(0.,-22.4));
#6666 = VECTOR('',#6667,1.);
#6667 = DIRECTION('',(1.,0.));
#6668 = ( GEOMETRIC_REPRESENTATION_CONTEXT(2) 
PARAMETRIC_REPRESENTATION_CONTEXT() REPRESENTATION_CONTEXT('2D SPACE',''
  ) );
#6669 = PCURVE('',#169,#6670);
#6670 = DEFINITIONAL_REPRESENTATION('',(#6671),#6722);
#6671 = B_SPLINE_CURVE_WITH_KNOTS('',3,(#6672,#6673,#6674,#6675,#6676,
    #6677,#6678,#6679,#6680,#6681,#6682,#6683,#6684,#6685,#6686,#6687,
    #6688,#6689,#6690,#6691,#6692,#6693,#6694,#6695,#6696,#6697,#6698,
    #6699,#6700,#6701,#6702,#6703,#6704,#6705,#6706,#6707,#6708,#6709,
    #6710,#6711,#6712,#6713,#6714,#6715,#6716,#6717,#6718,#6719,#6720,
    #6721),.UNSPECIFIED.,.F.,.F.,(4,1,1,1,1,1,1,1,1,1,1,1,1,1,1,1,1,1,1,
    1,1,1,1,1,1,1,1,1,1,1,1,1,1,1,1,1,1,1,1,1,1,1,1,1,1,1,1,4),(0.,
    0.72551896577,1.446812427957,2.167545581006,2.834652630785,
    3.561455250387,4.294404186133,5.035083262141,5.726745513771,
    6.485571675342,7.25499120568,8.035460380499,8.765906861733,
    9.568099084978,10.381469893138,11.205727652658,11.975881503332,
    12.819782078992,13.673026185696,14.534915364628,15.33753390218,
    16.21390469293,17.096636274619,17.984915961911,18.809100000342,
    19.705802922083,20.60576324729,21.508256924785,22.342991216384,
    23.248469118661,24.154594114226,25.060793204637,25.896884345071,
    26.801694858737,27.704993846459,28.606214463702,29.435742647904,
    30.331166080504,31.222462333173,32.108696907138,32.921319115104,
    33.794515353684,34.658772776489,35.512251077876,36.288651119977,
    37.115000087988,37.923185154055,38.651120081248),.UNSPECIFIED.);
#6672 = CARTESIAN_POINT('',(-41.88628008978,-23.65938817046));
#6673 = CARTESIAN_POINT('',(-41.64814805405,-23.70323247419));
#6674 = CARTESIAN_POINT('',(-41.17507636956,-23.79503365882));
#6675 = CARTESIAN_POINT('',(-40.4607402308,-23.90551202282));
#6676 = CARTESIAN_POINT('',(-39.76363392006,-23.99678315068));
#6677 = CARTESIAN_POINT('',(-39.0624572141,-24.06982610064));
#6678 = CARTESIAN_POINT('',(-38.35560791466,-24.12540156141));
#6679 = CARTESIAN_POINT('',(-37.62303141752,-24.16344917899));
#6680 = CARTESIAN_POINT('',(-36.90141800556,-24.18184692783));
#6681 = CARTESIAN_POINT('',(-36.17095927151,-24.18198598468));
#6682 = CARTESIAN_POINT('',(-35.43113593368,-24.16344119609));
#6683 = CARTESIAN_POINT('',(-34.66248865829,-24.12399167563));
#6684 = CARTESIAN_POINT('',(-33.9045708161,-24.0651197945));
#6685 = CARTESIAN_POINT('',(-33.13753427457,-23.9859651494));
#6686 = CARTESIAN_POINT('',(-32.3618673245,-23.88588085628));
#6687 = CARTESIAN_POINT('',(-31.55825589149,-23.76026063656));
#6688 = CARTESIAN_POINT('',(-30.76883728037,-23.61486894768));
#6689 = CARTESIAN_POINT('',(-29.97359693214,-23.4465601028));
#6690 = CARTESIAN_POINT('',(-29.17373517003,-23.25472403289));
#6691 = CARTESIAN_POINT('',(-28.35018785763,-23.03201503562));
#6692 = CARTESIAN_POINT('',(-27.54664082329,-22.78940147967));
#6693 = CARTESIAN_POINT('',(-26.74308964558,-22.52139750494));
#6694 = CARTESIAN_POINT('',(-25.94120569121,-22.22749917063));
#6695 = CARTESIAN_POINT('',(-25.1224361865,-21.89793401981));
#6696 = CARTESIAN_POINT('',(-24.33061951549,-21.54917103975));
#6697 = CARTESIAN_POINT('',(-23.5461246197,-21.17338034174));
#6698 = CARTESIAN_POINT('',(-22.7708278915,-20.77035877237));
#6699 = CARTESIAN_POINT('',(-21.98732580511,-20.32769309864));
#6700 = CARTESIAN_POINT('',(-21.23777954497,-19.86804334954));
#6701 = CARTESIAN_POINT('',(-20.50342736536,-19.38120642119));
#6702 = CARTESIAN_POINT('',(-19.78611619396,-18.86742775867));
#6703 = CARTESIAN_POINT('',(-19.07025070049,-18.31185402218));
#6704 = CARTESIAN_POINT('',(-18.3944292031,-17.74349990334));
#6705 = CARTESIAN_POINT('',(-17.74131027098,-17.14990452462));
#6706 = CARTESIAN_POINT('',(-17.11251319144,-16.53190602705));
#6707 = CARTESIAN_POINT('',(-16.49485337694,-15.87268894591));
#6708 = CARTESIAN_POINT('',(-15.92157361245,-15.20731539872));
#6709 = CARTESIAN_POINT('',(-15.37732344605,-14.52140238647));
#6710 = CARTESIAN_POINT('',(-14.86332569755,-13.81656367192));
#6711 = CARTESIAN_POINT('',(-14.36922030194,-13.07481503893));
#6712 = CARTESIAN_POINT('',(-13.92137540328,-12.33636388111));
#6713 = CARTESIAN_POINT('',(-13.50693781093,-11.58556138198));
#6714 = CARTESIAN_POINT('',(-13.12660065284,-10.82521397712));
#6715 = CARTESIAN_POINT('',(-12.77277102844,-10.03663468572));
#6716 = CARTESIAN_POINT('',(-12.46450653463,-9.265915624382));
#6717 = CARTESIAN_POINT('',(-12.18949463635,-8.488850539877));
#6718 = CARTESIAN_POINT('',(-11.95615271951,-7.741291356944));
#6719 = CARTESIAN_POINT('',(-11.73336159201,-6.908554193169));
#6720 = CARTESIAN_POINT('',(-11.66411333187,-6.57265667835));
#6721 = CARTESIAN_POINT('',(-11.58582932708,-6.227236645254));
#6722 = ( GEOMETRIC_REPRESENTATION_CONTEXT(2) 
PARAMETRIC_REPRESENTATION_CONTEXT() REPRESENTATION_CONTEXT('2D SPACE',''
  ) );
#6723 = ORIENTED_EDGE('',*,*,#6407,.F.);
#6724 = ORIENTED_EDGE('',*,*,#6725,.F.);
#6725 = EDGE_CURVE('',#6580,#6408,#6726,.T.);
#6726 = SURFACE_CURVE('',#6727,(#6778,#6785),.PCURVE_S1.);
#6727 = B_SPLINE_CURVE_WITH_KNOTS('',3,(#6728,#6729,#6730,#6731,#6732,
    #6733,#6734,#6735,#6736,#6737,#6738,#6739,#6740,#6741,#6742,#6743,
    #6744,#6745,#6746,#6747,#6748,#6749,#6750,#6751,#6752,#6753,#6754,
    #6755,#6756,#6757,#6758,#6759,#6760,#6761,#6762,#6763,#6764,#6765,
    #6766,#6767,#6768,#6769,#6770,#6771,#6772,#6773,#6774,#6775,#6776,
    #6777),.UNSPECIFIED.,.F.,.F.,(4,1,1,1,1,1,1,1,1,1,1,1,1,1,1,1,1,1,1,
    1,1,1,1,1,1,1,1,1,1,1,1,1,1,1,1,1,1,1,1,1,1,1,1,1,1,1,1,4),(0.,
    0.72551896577,1.446812427957,2.167545581006,2.834652630785,
    3.561455250387,4.294404186133,5.035083262141,5.726745513771,
    6.485571675342,7.25499120568,8.035460380499,8.765906861733,
    9.568099084978,10.381469893138,11.205727652658,11.975881503332,
    12.819782078992,13.673026185696,14.534915364628,15.33753390218,
    16.21390469293,17.096636274619,17.984915961911,18.809100000342,
    19.705802922083,20.60576324729,21.508256924785,22.342991216384,
    23.248469118661,24.154594114226,25.060793204637,25.896884345071,
    26.801694858737,27.704993846459,28.606214463702,29.435742647904,
    30.331166080504,31.222462333173,32.108696907138,32.921319115104,
    33.794515353684,34.658772776489,35.512251077876,36.288651119977,
    37.115000087988,37.923185154055,38.651120081248),.UNSPECIFIED.);
#6728 = CARTESIAN_POINT('',(-41.88628008978,-23.65938817046,0.));
#6729 = CARTESIAN_POINT('',(-41.64814805405,-23.70323247419,0.));
#6730 = CARTESIAN_POINT('',(-41.17507636956,-23.79503365882,0.));
#6731 = CARTESIAN_POINT('',(-40.4607402308,-23.90551202282,0.));
#6732 = CARTESIAN_POINT('',(-39.76363392006,-23.99678315068,0.));
#6733 = CARTESIAN_POINT('',(-39.0624572141,-24.06982610064,0.));
#6734 = CARTESIAN_POINT('',(-38.35560791466,-24.12540156141,0.));
#6735 = CARTESIAN_POINT('',(-37.62303141752,-24.16344917899,0.));
#6736 = CARTESIAN_POINT('',(-36.90141800556,-24.18184692783,0.));
#6737 = CARTESIAN_POINT('',(-36.17095927151,-24.18198598468,0.));
#6738 = CARTESIAN_POINT('',(-35.43113593368,-24.16344119609,0.));
#6739 = CARTESIAN_POINT('',(-34.66248865829,-24.12399167563,0.));
#6740 = CARTESIAN_POINT('',(-33.9045708161,-24.0651197945,0.));
#6741 = CARTESIAN_POINT('',(-33.13753427457,-23.9859651494,0.));
#6742 = CARTESIAN_POINT('',(-32.3618673245,-23.88588085628,0.));
#6743 = CARTESIAN_POINT('',(-31.55825589149,-23.76026063656,0.));
#6744 = CARTESIAN_POINT('',(-30.76883728037,-23.61486894768,0.));
#6745 = CARTESIAN_POINT('',(-29.97359693214,-23.4465601028,0.));
#6746 = CARTESIAN_POINT('',(-29.17373517003,-23.25472403289,0.));
#6747 = CARTESIAN_POINT('',(-28.35018785763,-23.03201503562,0.));
#6748 = CARTESIAN_POINT('',(-27.54664082329,-22.78940147967,0.));
#6749 = CARTESIAN_POINT('',(-26.74308964558,-22.52139750494,0.));
#6750 = CARTESIAN_POINT('',(-25.94120569121,-22.22749917063,0.));
#6751 = CARTESIAN_POINT('',(-25.1224361865,-21.89793401981,0.));
#6752 = CARTESIAN_POINT('',(-24.33061951549,-21.54917103975,0.));
#6753 = CARTESIAN_POINT('',(-23.5461246197,-21.17338034174,0.));
#6754 = CARTESIAN_POINT('',(-22.7708278915,-20.77035877237,0.));
#6755 = CARTESIAN_POINT('',(-21.98732580511,-20.32769309864,0.));
#6756 = CARTESIAN_POINT('',(-21.23777954497,-19.86804334954,0.));
#6757 = CARTESIAN_POINT('',(-20.50342736536,-19.38120642119,0.));
#6758 = CARTESIAN_POINT('',(-19.78611619396,-18.86742775867,0.));
#6759 = CARTESIAN_POINT('',(-19.07025070049,-18.31185402218,0.));
#6760 = CARTESIAN_POINT('',(-18.3944292031,-17.74349990334,0.));
#6761 = CARTESIAN_POINT('',(-17.74131027098,-17.14990452462,0.));
#6762 = CARTESIAN_POINT('',(-17.11251319144,-16.53190602705,0.));
#6763 = CARTESIAN_POINT('',(-16.49485337694,-15.87268894591,0.));
#6764 = CARTESIAN_POINT('',(-15.92157361245,-15.20731539872,0.));
#6765 = CARTESIAN_POINT('',(-15.37732344605,-14.52140238647,0.));
#6766 = CARTESIAN_POINT('',(-14.86332569755,-13.81656367192,0.));
#6767 = CARTESIAN_POINT('',(-14.36922030194,-13.07481503893,0.));
#6768 = CARTESIAN_POINT('',(-13.92137540328,-12.33636388111,0.));
#6769 = CARTESIAN_POINT('',(-13.50693781093,-11.58556138198,0.));
#6770 = CARTESIAN_POINT('',(-13.12660065284,-10.82521397712,0.));
#6771 = CARTESIAN_POINT('',(-12.77277102844,-10.03663468572,0.));
#6772 = CARTESIAN_POINT('',(-12.46450653463,-9.265915624382,0.));
#6773 = CARTESIAN_POINT('',(-12.18949463635,-8.488850539877,0.));
#6774 = CARTESIAN_POINT('',(-11.95615271951,-7.741291356944,0.));
#6775 = CARTESIAN_POINT('',(-11.73336159201,-6.908554193169,0.));
#6776 = CARTESIAN_POINT('',(-11.66411333187,-6.57265667835,0.));
#6777 = CARTESIAN_POINT('',(-11.58582932708,-6.227236645254,0.));
#6778 = PCURVE('',#6425,#6779);
#6779 = DEFINITIONAL_REPRESENTATION('',(#6780),#6784);
#6780 = LINE('',#6781,#6782);
#6781 = CARTESIAN_POINT('',(0.,0.));
#6782 = VECTOR('',#6783,1.);
#6783 = DIRECTION('',(1.,0.));
#6784 = ( GEOMETRIC_REPRESENTATION_CONTEXT(2) 
PARAMETRIC_REPRESENTATION_CONTEXT() REPRESENTATION_CONTEXT('2D SPACE',''
  ) );
#6785 = PCURVE('',#224,#6786);
#6786 = DEFINITIONAL_REPRESENTATION('',(#6787),#6838);
#6787 = B_SPLINE_CURVE_WITH_KNOTS('',3,(#6788,#6789,#6790,#6791,#6792,
    #6793,#6794,#6795,#6796,#6797,#6798,#6799,#6800,#6801,#6802,#6803,
    #6804,#6805,#6806,#6807,#6808,#6809,#6810,#6811,#6812,#6813,#6814,
    #6815,#6816,#6817,#6818,#6819,#6820,#6821,#6822,#6823,#6824,#6825,
    #6826,#6827,#6828,#6829,#6830,#6831,#6832,#6833,#6834,#6835,#6836,
    #6837),.UNSPECIFIED.,.F.,.F.,(4,1,1,1,1,1,1,1,1,1,1,1,1,1,1,1,1,1,1,
    1,1,1,1,1,1,1,1,1,1,1,1,1,1,1,1,1,1,1,1,1,1,1,1,1,1,1,1,4),(0.,
    0.72551896577,1.446812427957,2.167545581006,2.834652630785,
    3.561455250387,4.294404186133,5.035083262141,5.726745513771,
    6.485571675342,7.25499120568,8.035460380499,8.765906861733,
    9.568099084978,10.381469893138,11.205727652658,11.975881503332,
    12.819782078992,13.673026185696,14.534915364628,15.33753390218,
    16.21390469293,17.096636274619,17.984915961911,18.809100000342,
    19.705802922083,20.60576324729,21.508256924785,22.342991216384,
    23.248469118661,24.154594114226,25.060793204637,25.896884345071,
    26.801694858737,27.704993846459,28.606214463702,29.435742647904,
    30.331166080504,31.222462333173,32.108696907138,32.921319115104,
    33.794515353684,34.658772776489,35.512251077876,36.288651119977,
    37.115000087988,37.923185154055,38.651120081248),.UNSPECIFIED.);
#6788 = CARTESIAN_POINT('',(-41.88628008978,-23.65938817046));
#6789 = CARTESIAN_POINT('',(-41.64814805405,-23.70323247419));
#6790 = CARTESIAN_POINT('',(-41.17507636956,-23.79503365882));
#6791 = CARTESIAN_POINT('',(-40.4607402308,-23.90551202282));
#6792 = CARTESIAN_POINT('',(-39.76363392006,-23.99678315068));
#6793 = CARTESIAN_POINT('',(-39.0624572141,-24.06982610064));
#6794 = CARTESIAN_POINT('',(-38.35560791466,-24.12540156141));
#6795 = CARTESIAN_POINT('',(-37.62303141752,-24.16344917899));
#6796 = CARTESIAN_POINT('',(-36.90141800556,-24.18184692783));
#6797 = CARTESIAN_POINT('',(-36.17095927151,-24.18198598468));
#6798 = CARTESIAN_POINT('',(-35.43113593368,-24.16344119609));
#6799 = CARTESIAN_POINT('',(-34.66248865829,-24.12399167563));
#6800 = CARTESIAN_POINT('',(-33.9045708161,-24.0651197945));
#6801 = CARTESIAN_POINT('',(-33.13753427457,-23.9859651494));
#6802 = CARTESIAN_POINT('',(-32.3618673245,-23.88588085628));
#6803 = CARTESIAN_POINT('',(-31.55825589149,-23.76026063656));
#6804 = CARTESIAN_POINT('',(-30.76883728037,-23.61486894768));
#6805 = CARTESIAN_POINT('',(-29.97359693214,-23.4465601028));
#6806 = CARTESIAN_POINT('',(-29.17373517003,-23.25472403289));
#6807 = CARTESIAN_POINT('',(-28.35018785763,-23.03201503562));
#6808 = CARTESIAN_POINT('',(-27.54664082329,-22.78940147967));
#6809 = CARTESIAN_POINT('',(-26.74308964558,-22.52139750494));
#6810 = CARTESIAN_POINT('',(-25.94120569121,-22.22749917063));
#6811 = CARTESIAN_POINT('',(-25.1224361865,-21.89793401981));
#6812 = CARTESIAN_POINT('',(-24.33061951549,-21.54917103975));
#6813 = CARTESIAN_POINT('',(-23.5461246197,-21.17338034174));
#6814 = CARTESIAN_POINT('',(-22.7708278915,-20.77035877237));
#6815 = CARTESIAN_POINT('',(-21.98732580511,-20.32769309864));
#6816 = CARTESIAN_POINT('',(-21.23777954497,-19.86804334954));
#6817 = CARTESIAN_POINT('',(-20.50342736536,-19.38120642119));
#6818 = CARTESIAN_POINT('',(-19.78611619396,-18.86742775867));
#6819 = CARTESIAN_POINT('',(-19.07025070049,-18.31185402218));
#6820 = CARTESIAN_POINT('',(-18.3944292031,-17.74349990334));
#6821 = CARTESIAN_POINT('',(-17.74131027098,-17.14990452462));
#6822 = CARTESIAN_POINT('',(-17.11251319144,-16.53190602705));
#6823 = CARTESIAN_POINT('',(-16.49485337694,-15.87268894591));
#6824 = CARTESIAN_POINT('',(-15.92157361245,-15.20731539872));
#6825 = CARTESIAN_POINT('',(-15.37732344605,-14.52140238647));
#6826 = CARTESIAN_POINT('',(-14.86332569755,-13.81656367192));
#6827 = CARTESIAN_POINT('',(-14.36922030194,-13.07481503893));
#6828 = CARTESIAN_POINT('',(-13.92137540328,-12.33636388111));
#6829 = CARTESIAN_POINT('',(-13.50693781093,-11.58556138198));
#6830 = CARTESIAN_POINT('',(-13.12660065284,-10.82521397712));
#6831 = CARTESIAN_POINT('',(-12.77277102844,-10.03663468572));
#6832 = CARTESIAN_POINT('',(-12.46450653463,-9.265915624382));
#6833 = CARTESIAN_POINT('',(-12.18949463635,-8.488850539877));
#6834 = CARTESIAN_POINT('',(-11.95615271951,-7.741291356944));
#6835 = CARTESIAN_POINT('',(-11.73336159201,-6.908554193169));
#6836 = CARTESIAN_POINT('',(-11.66411333187,-6.57265667835));
#6837 = CARTESIAN_POINT('',(-11.58582932708,-6.227236645254));
#6838 = ( GEOMETRIC_REPRESENTATION_CONTEXT(2) 
PARAMETRIC_REPRESENTATION_CONTEXT() REPRESENTATION_CONTEXT('2D SPACE',''
  ) );
#6839 = ADVANCED_FACE('',(#6840),#6597,.T.);
#6840 = FACE_BOUND('',#6841,.T.);
#6841 = EDGE_LOOP('',(#6842,#6872,#6893,#6894));
#6842 = ORIENTED_EDGE('',*,*,#6843,.T.);
#6843 = EDGE_CURVE('',#6844,#6846,#6848,.T.);
#6844 = VERTEX_POINT('',#6845);
#6845 = CARTESIAN_POINT('',(-42.38930770177,-23.56685368402,0.));
#6846 = VERTEX_POINT('',#6847);
#6847 = CARTESIAN_POINT('',(-42.38930770177,-23.56685368402,22.4));
#6848 = SURFACE_CURVE('',#6849,(#6853,#6860),.PCURVE_S1.);
#6849 = LINE('',#6850,#6851);
#6850 = CARTESIAN_POINT('',(-42.38930770177,-23.56685368402,0.));
#6851 = VECTOR('',#6852,1.);
#6852 = DIRECTION('',(0.,0.,1.));
#6853 = PCURVE('',#6597,#6854);
#6854 = DEFINITIONAL_REPRESENTATION('',(#6855),#6859);
#6855 = LINE('',#6856,#6857);
#6856 = CARTESIAN_POINT('',(0.,0.));
#6857 = VECTOR('',#6858,1.);
#6858 = DIRECTION('',(0.,-1.));
#6859 = ( GEOMETRIC_REPRESENTATION_CONTEXT(2) 
PARAMETRIC_REPRESENTATION_CONTEXT() REPRESENTATION_CONTEXT('2D SPACE',''
  ) );
#6860 = PCURVE('',#6861,#6866);
#6861 = CYLINDRICAL_SURFACE('',#6862,48.5);
#6862 = AXIS2_PLACEMENT_3D('',#6863,#6864,#6865);
#6863 = CARTESIAN_POINT('',(0.,0.,0.));
#6864 = DIRECTION('',(-0.,-0.,-1.));
#6865 = DIRECTION('',(1.,0.,-0.));
#6866 = DEFINITIONAL_REPRESENTATION('',(#6867),#6871);
#6867 = LINE('',#6868,#6869);
#6868 = CARTESIAN_POINT('',(-3.649001858611,0.));
#6869 = VECTOR('',#6870,1.);
#6870 = DIRECTION('',(-0.,-1.));
#6871 = ( GEOMETRIC_REPRESENTATION_CONTEXT(2) 
PARAMETRIC_REPRESENTATION_CONTEXT() REPRESENTATION_CONTEXT('2D SPACE',''
  ) );
#6872 = ORIENTED_EDGE('',*,*,#6873,.T.);
#6873 = EDGE_CURVE('',#6846,#6582,#6874,.T.);
#6874 = SURFACE_CURVE('',#6875,(#6879,#6886),.PCURVE_S1.);
#6875 = LINE('',#6876,#6877);
#6876 = CARTESIAN_POINT('',(-44.67219996056,-23.14690404759,22.4));
#6877 = VECTOR('',#6878,1.);
#6878 = DIRECTION('',(0.983497918431,-0.180919441855,0.));
#6879 = PCURVE('',#6597,#6880);
#6880 = DEFINITIONAL_REPRESENTATION('',(#6881),#6885);
#6881 = LINE('',#6882,#6883);
#6882 = CARTESIAN_POINT('',(-2.321196838348,-22.4));
#6883 = VECTOR('',#6884,1.);
#6884 = DIRECTION('',(1.,0.));
#6885 = ( GEOMETRIC_REPRESENTATION_CONTEXT(2) 
PARAMETRIC_REPRESENTATION_CONTEXT() REPRESENTATION_CONTEXT('2D SPACE',''
  ) );
#6886 = PCURVE('',#169,#6887);
#6887 = DEFINITIONAL_REPRESENTATION('',(#6888),#6892);
#6888 = LINE('',#6889,#6890);
#6889 = CARTESIAN_POINT('',(-44.67219996056,-23.14690404759));
#6890 = VECTOR('',#6891,1.);
#6891 = DIRECTION('',(0.983497918431,-0.180919441855));
#6892 = ( GEOMETRIC_REPRESENTATION_CONTEXT(2) 
PARAMETRIC_REPRESENTATION_CONTEXT() REPRESENTATION_CONTEXT('2D SPACE',''
  ) );
#6893 = ORIENTED_EDGE('',*,*,#6579,.F.);
#6894 = ORIENTED_EDGE('',*,*,#6895,.F.);
#6895 = EDGE_CURVE('',#6844,#6580,#6896,.T.);
#6896 = SURFACE_CURVE('',#6897,(#6901,#6908),.PCURVE_S1.);
#6897 = LINE('',#6898,#6899);
#6898 = CARTESIAN_POINT('',(-44.67219996056,-23.14690404759,0.));
#6899 = VECTOR('',#6900,1.);
#6900 = DIRECTION('',(0.983497918431,-0.180919441855,0.));
#6901 = PCURVE('',#6597,#6902);
#6902 = DEFINITIONAL_REPRESENTATION('',(#6903),#6907);
#6903 = LINE('',#6904,#6905);
#6904 = CARTESIAN_POINT('',(-2.321196838348,-0.));
#6905 = VECTOR('',#6906,1.);
#6906 = DIRECTION('',(1.,0.));
#6907 = ( GEOMETRIC_REPRESENTATION_CONTEXT(2) 
PARAMETRIC_REPRESENTATION_CONTEXT() REPRESENTATION_CONTEXT('2D SPACE',''
  ) );
#6908 = PCURVE('',#224,#6909);
#6909 = DEFINITIONAL_REPRESENTATION('',(#6910),#6914);
#6910 = LINE('',#6911,#6912);
#6911 = CARTESIAN_POINT('',(-44.67219996056,-23.14690404759));
#6912 = VECTOR('',#6913,1.);
#6913 = DIRECTION('',(0.983497918431,-0.180919441855));
#6914 = ( GEOMETRIC_REPRESENTATION_CONTEXT(2) 
PARAMETRIC_REPRESENTATION_CONTEXT() REPRESENTATION_CONTEXT('2D SPACE',''
  ) );
#6915 = ADVANCED_FACE('',(#6916),#6861,.F.);
#6916 = FACE_BOUND('',#6917,.T.);
#6917 = EDGE_LOOP('',(#6918,#6943,#6965,#6966));
#6918 = ORIENTED_EDGE('',*,*,#6919,.T.);
#6919 = EDGE_CURVE('',#6920,#6922,#6924,.T.);
#6920 = VERTEX_POINT('',#6921);
#6921 = CARTESIAN_POINT('',(-48.49344453021,-0.797394253335,0.));
#6922 = VERTEX_POINT('',#6923);
#6923 = CARTESIAN_POINT('',(-48.49344453021,-0.797394253335,22.4));
#6924 = SURFACE_CURVE('',#6925,(#6929,#6936),.PCURVE_S1.);
#6925 = LINE('',#6926,#6927);
#6926 = CARTESIAN_POINT('',(-48.49344453021,-0.797394253335,0.));
#6927 = VECTOR('',#6928,1.);
#6928 = DIRECTION('',(0.,0.,1.));
#6929 = PCURVE('',#6861,#6930);
#6930 = DEFINITIONAL_REPRESENTATION('',(#6931),#6935);
#6931 = LINE('',#6932,#6933);
#6932 = CARTESIAN_POINT('',(-3.158034513006,0.));
#6933 = VECTOR('',#6934,1.);
#6934 = DIRECTION('',(-0.,-1.));
#6935 = ( GEOMETRIC_REPRESENTATION_CONTEXT(2) 
PARAMETRIC_REPRESENTATION_CONTEXT() REPRESENTATION_CONTEXT('2D SPACE',''
  ) );
#6936 = PCURVE('',#6222,#6937);
#6937 = DEFINITIONAL_REPRESENTATION('',(#6938),#6942);
#6938 = LINE('',#6939,#6940);
#6939 = CARTESIAN_POINT('',(40.083562049213,0.));
#6940 = VECTOR('',#6941,1.);
#6941 = DIRECTION('',(0.,-1.));
#6942 = ( GEOMETRIC_REPRESENTATION_CONTEXT(2) 
PARAMETRIC_REPRESENTATION_CONTEXT() REPRESENTATION_CONTEXT('2D SPACE',''
  ) );
#6943 = ORIENTED_EDGE('',*,*,#6944,.T.);
#6944 = EDGE_CURVE('',#6922,#6846,#6945,.T.);
#6945 = SURFACE_CURVE('',#6946,(#6951,#6958),.PCURVE_S1.);
#6946 = CIRCLE('',#6947,48.5);
#6947 = AXIS2_PLACEMENT_3D('',#6948,#6949,#6950);
#6948 = CARTESIAN_POINT('',(0.,0.,22.4));
#6949 = DIRECTION('',(0.,0.,1.));
#6950 = DIRECTION('',(1.,0.,-0.));
#6951 = PCURVE('',#6861,#6952);
#6952 = DEFINITIONAL_REPRESENTATION('',(#6953),#6957);
#6953 = LINE('',#6954,#6955);
#6954 = CARTESIAN_POINT('',(-0.,-22.4));
#6955 = VECTOR('',#6956,1.);
#6956 = DIRECTION('',(-1.,0.));
#6957 = ( GEOMETRIC_REPRESENTATION_CONTEXT(2) 
PARAMETRIC_REPRESENTATION_CONTEXT() REPRESENTATION_CONTEXT('2D SPACE',''
  ) );
#6958 = PCURVE('',#169,#6959);
#6959 = DEFINITIONAL_REPRESENTATION('',(#6960),#6964);
#6960 = CIRCLE('',#6961,48.5);
#6961 = AXIS2_PLACEMENT_2D('',#6962,#6963);
#6962 = CARTESIAN_POINT('',(0.,-1.204325410458E-15));
#6963 = DIRECTION('',(1.,0.));
#6964 = ( GEOMETRIC_REPRESENTATION_CONTEXT(2) 
PARAMETRIC_REPRESENTATION_CONTEXT() REPRESENTATION_CONTEXT('2D SPACE',''
  ) );
#6965 = ORIENTED_EDGE('',*,*,#6843,.F.);
#6966 = ORIENTED_EDGE('',*,*,#6967,.F.);
#6967 = EDGE_CURVE('',#6920,#6844,#6968,.T.);
#6968 = SURFACE_CURVE('',#6969,(#6974,#6981),.PCURVE_S1.);
#6969 = CIRCLE('',#6970,48.5);
#6970 = AXIS2_PLACEMENT_3D('',#6971,#6972,#6973);
#6971 = CARTESIAN_POINT('',(0.,0.,0.));
#6972 = DIRECTION('',(0.,0.,1.));
#6973 = DIRECTION('',(1.,0.,-0.));
#6974 = PCURVE('',#6861,#6975);
#6975 = DEFINITIONAL_REPRESENTATION('',(#6976),#6980);
#6976 = LINE('',#6977,#6978);
#6977 = CARTESIAN_POINT('',(-0.,0.));
#6978 = VECTOR('',#6979,1.);
#6979 = DIRECTION('',(-1.,0.));
#6980 = ( GEOMETRIC_REPRESENTATION_CONTEXT(2) 
PARAMETRIC_REPRESENTATION_CONTEXT() REPRESENTATION_CONTEXT('2D SPACE',''
  ) );
#6981 = PCURVE('',#224,#6982);
#6982 = DEFINITIONAL_REPRESENTATION('',(#6983),#6987);
#6983 = CIRCLE('',#6984,48.5);
#6984 = AXIS2_PLACEMENT_2D('',#6985,#6986);
#6985 = CARTESIAN_POINT('',(0.,-1.204325410458E-15));
#6986 = DIRECTION('',(1.,0.));
#6987 = ( GEOMETRIC_REPRESENTATION_CONTEXT(2) 
PARAMETRIC_REPRESENTATION_CONTEXT() REPRESENTATION_CONTEXT('2D SPACE',''
  ) );
#6988 = ADVANCED_FACE('',(#6989),#6222,.T.);
#6989 = FACE_BOUND('',#6990,.T.);
#6990 = EDGE_LOOP('',(#6991,#6992,#7107,#7108));
#6991 = ORIENTED_EDGE('',*,*,#6199,.T.);
#6992 = ORIENTED_EDGE('',*,*,#6993,.T.);
#6993 = EDGE_CURVE('',#6202,#6922,#6994,.T.);
#6994 = SURFACE_CURVE('',#6995,(#7046,#7053),.PCURVE_S1.);
#6995 = B_SPLINE_CURVE_WITH_KNOTS('',3,(#6996,#6997,#6998,#6999,#7000,
    #7001,#7002,#7003,#7004,#7005,#7006,#7007,#7008,#7009,#7010,#7011,
    #7012,#7013,#7014,#7015,#7016,#7017,#7018,#7019,#7020,#7021,#7022,
    #7023,#7024,#7025,#7026,#7027,#7028,#7029,#7030,#7031,#7032,#7033,
    #7034,#7035,#7036,#7037,#7038,#7039,#7040,#7041,#7042,#7043,#7044,
    #7045),.UNSPECIFIED.,.F.,.F.,(4,1,1,1,1,1,1,1,1,1,1,1,1,1,1,1,1,1,1,
    1,1,1,1,1,1,1,1,1,1,1,1,1,1,1,1,1,1,1,1,1,1,1,1,1,1,1,1,4),(0.,
    0.770020974153,1.626265687068,2.501235809007,3.323017628822,
    4.226168942917,5.140567564886,6.064285262741,6.923787879437,
    7.860959618837,8.803220404646,9.749496837408,10.625745778606,
    11.577210076157,12.530237508485,13.484135816053,14.364871812505,
    15.318618169461,16.271356512646,17.222443906393,18.098342389538,
    19.044380308015,19.986772779966,20.924790631856,21.786128506054,
    22.713614611572,23.634502775488,24.548028034391,25.38410411673,
    26.281393184443,27.169232325991,28.047009844699,28.847877333261,
    29.704892084705,30.550578145199,31.384742808357,32.14448317376,
    32.956538608657,33.75747556067,34.547827237765,35.268649993444,
    36.041021221912,36.805779378973,37.564485879874,38.261073281275,
    39.01367744831,39.766626217161,40.522198623296),.UNSPECIFIED.);
#6996 = CARTESIAN_POINT('',(-12.2527591562,-0.399969533376,22.4));
#6997 = CARTESIAN_POINT('',(-12.42699854489,-0.588317117704,22.4));
#6998 = CARTESIAN_POINT('',(-12.79006465192,-0.991213358426,22.4));
#6999 = CARTESIAN_POINT('',(-13.38173827388,-1.579064678277,22.4));
#7000 = CARTESIAN_POINT('',(-14.0064475216,-2.157201907725,22.4));
#7001 = CARTESIAN_POINT('',(-14.66593883324,-2.719798490113,22.4));
#7002 = CARTESIAN_POINT('',(-15.35735075718,-3.264216974392,22.4));
#7003 = CARTESIAN_POINT('',(-16.09841102664,-3.799256486071,22.4));
#7004 = CARTESIAN_POINT('',(-16.84910280945,-4.294755209196,22.4));
#7005 = CARTESIAN_POINT('',(-17.62574589831,-4.763277683188,22.4));
#7006 = CARTESIAN_POINT('',(-18.42630871847,-5.202753634089,22.4));
#7007 = CARTESIAN_POINT('',(-19.27073677025,-5.620667006661,22.4));
#7008 = CARTESIAN_POINT('',(-20.11357144472,-5.994145474174,22.4));
#7009 = CARTESIAN_POINT('',(-20.97369413637,-6.3341604789,22.4));
#7010 = CARTESIAN_POINT('',(-21.84903069094,-6.639884233994,22.4));
#7011 = CARTESIAN_POINT('',(-22.76110965105,-6.916378114271,22.4));
#7012 = CARTESIAN_POINT('',(-23.6609707683,-7.14916912309,22.4));
#7013 = CARTESIAN_POINT('',(-24.56941299084,-7.346692918406,22.4));
#7014 = CARTESIAN_POINT('',(-25.48443593001,-7.509086806548,22.4));
#7015 = CARTESIAN_POINT('',(-26.42834810699,-7.638640564576,22.4));
#7016 = CARTESIAN_POINT('',(-27.35070629777,-7.729288872908,22.4));
#7017 = CARTESIAN_POINT('',(-28.2734564846,-7.786418105318,22.4));
#7018 = CARTESIAN_POINT('',(-29.19478202503,-7.810845298097,22.4));
#7019 = CARTESIAN_POINT('',(-30.13708500993,-7.802066972039,22.4));
#7020 = CARTESIAN_POINT('',(-31.05029183355,-7.761671892174,22.4));
#7021 = CARTESIAN_POINT('',(-31.95669544766,-7.691862163502,22.4));
#7022 = CARTESIAN_POINT('',(-32.85476488039,-7.59385601959,22.4));
#7023 = CARTESIAN_POINT('',(-33.76642380967,-7.464526294062,22.4));
#7024 = CARTESIAN_POINT('',(-34.64355119421,-7.311896792332,22.4));
#7025 = CARTESIAN_POINT('',(-35.50807430969,-7.135141318351,22.4));
#7026 = CARTESIAN_POINT('',(-36.35885531524,-6.935615311176,22.4));
#7027 = CARTESIAN_POINT('',(-37.21688101307,-6.707794378428,22.4));
#7028 = CARTESIAN_POINT('',(-38.0372922292,-6.464909369945,22.4));
#7029 = CARTESIAN_POINT('',(-38.84107076188,-6.203206399825,22.4));
#7030 = CARTESIAN_POINT('',(-39.6275936532,-5.923947179717,22.4));
#7031 = CARTESIAN_POINT('',(-40.41661818615,-5.619501004183,22.4));
#7032 = CARTESIAN_POINT('',(-41.16728876768,-5.306544142483,22.4));
#7033 = CARTESIAN_POINT('',(-41.89948641006,-4.979140272547,22.4));
#7034 = CARTESIAN_POINT('',(-42.61318297683,-4.63807942645,22.4));
#7035 = CARTESIAN_POINT('',(-43.32677434212,-4.273767083749,22.4));
#7036 = CARTESIAN_POINT('',(-44.00384327507,-3.905418001963,22.4));
#7037 = CARTESIAN_POINT('',(-44.66317864308,-3.524822041583,22.4));
#7038 = CARTESIAN_POINT('',(-45.30524082056,-3.132256327976,22.4));
#7039 = CARTESIAN_POINT('',(-45.94795288528,-2.715458433768,22.4));
#7040 = CARTESIAN_POINT('',(-46.55622072755,-2.298029746103,22.4));
#7041 = CARTESIAN_POINT('',(-47.15863131228,-1.860650924723,22.4));
#7042 = CARTESIAN_POINT('',(-47.71612516611,-1.435926202974,22.4));
#7043 = CARTESIAN_POINT('',(-48.40018315595,-0.881781610442,22.4));
#7044 = CARTESIAN_POINT('',(-48.53970242161,-0.756663572118,22.4));
#7045 = CARTESIAN_POINT('',(-48.89572328698,-0.45350885127,22.4));
#7046 = PCURVE('',#6222,#7047);
#7047 = DEFINITIONAL_REPRESENTATION('',(#7048),#7052);
#7048 = LINE('',#7049,#7050);
#7049 = CARTESIAN_POINT('',(0.,-22.4));
#7050 = VECTOR('',#7051,1.);
#7051 = DIRECTION('',(1.,0.));
#7052 = ( GEOMETRIC_REPRESENTATION_CONTEXT(2) 
PARAMETRIC_REPRESENTATION_CONTEXT() REPRESENTATION_CONTEXT('2D SPACE',''
  ) );
#7053 = PCURVE('',#169,#7054);
#7054 = DEFINITIONAL_REPRESENTATION('',(#7055),#7106);
#7055 = B_SPLINE_CURVE_WITH_KNOTS('',3,(#7056,#7057,#7058,#7059,#7060,
    #7061,#7062,#7063,#7064,#7065,#7066,#7067,#7068,#7069,#7070,#7071,
    #7072,#7073,#7074,#7075,#7076,#7077,#7078,#7079,#7080,#7081,#7082,
    #7083,#7084,#7085,#7086,#7087,#7088,#7089,#7090,#7091,#7092,#7093,
    #7094,#7095,#7096,#7097,#7098,#7099,#7100,#7101,#7102,#7103,#7104,
    #7105),.UNSPECIFIED.,.F.,.F.,(4,1,1,1,1,1,1,1,1,1,1,1,1,1,1,1,1,1,1,
    1,1,1,1,1,1,1,1,1,1,1,1,1,1,1,1,1,1,1,1,1,1,1,1,1,1,1,1,4),(0.,
    0.770020974153,1.626265687068,2.501235809007,3.323017628822,
    4.226168942917,5.140567564886,6.064285262741,6.923787879437,
    7.860959618837,8.803220404646,9.749496837408,10.625745778606,
    11.577210076157,12.530237508485,13.484135816053,14.364871812505,
    15.318618169461,16.271356512646,17.222443906393,18.098342389538,
    19.044380308015,19.986772779966,20.924790631856,21.786128506054,
    22.713614611572,23.634502775488,24.548028034391,25.38410411673,
    26.281393184443,27.169232325991,28.047009844699,28.847877333261,
    29.704892084705,30.550578145199,31.384742808357,32.14448317376,
    32.956538608657,33.75747556067,34.547827237765,35.268649993444,
    36.041021221912,36.805779378973,37.564485879874,38.261073281275,
    39.01367744831,39.766626217161,40.522198623296),.UNSPECIFIED.);
#7056 = CARTESIAN_POINT('',(-12.2527591562,-0.399969533376));
#7057 = CARTESIAN_POINT('',(-12.42699854489,-0.588317117704));
#7058 = CARTESIAN_POINT('',(-12.79006465192,-0.991213358426));
#7059 = CARTESIAN_POINT('',(-13.38173827388,-1.579064678277));
#7060 = CARTESIAN_POINT('',(-14.0064475216,-2.157201907725));
#7061 = CARTESIAN_POINT('',(-14.66593883324,-2.719798490113));
#7062 = CARTESIAN_POINT('',(-15.35735075718,-3.264216974392));
#7063 = CARTESIAN_POINT('',(-16.09841102664,-3.799256486071));
#7064 = CARTESIAN_POINT('',(-16.84910280945,-4.294755209196));
#7065 = CARTESIAN_POINT('',(-17.62574589831,-4.763277683188));
#7066 = CARTESIAN_POINT('',(-18.42630871847,-5.202753634089));
#7067 = CARTESIAN_POINT('',(-19.27073677025,-5.620667006661));
#7068 = CARTESIAN_POINT('',(-20.11357144472,-5.994145474174));
#7069 = CARTESIAN_POINT('',(-20.97369413637,-6.3341604789));
#7070 = CARTESIAN_POINT('',(-21.84903069094,-6.639884233994));
#7071 = CARTESIAN_POINT('',(-22.76110965105,-6.916378114271));
#7072 = CARTESIAN_POINT('',(-23.6609707683,-7.14916912309));
#7073 = CARTESIAN_POINT('',(-24.56941299084,-7.346692918406));
#7074 = CARTESIAN_POINT('',(-25.48443593001,-7.509086806548));
#7075 = CARTESIAN_POINT('',(-26.42834810699,-7.638640564576));
#7076 = CARTESIAN_POINT('',(-27.35070629777,-7.729288872908));
#7077 = CARTESIAN_POINT('',(-28.2734564846,-7.786418105318));
#7078 = CARTESIAN_POINT('',(-29.19478202503,-7.810845298097));
#7079 = CARTESIAN_POINT('',(-30.13708500993,-7.802066972039));
#7080 = CARTESIAN_POINT('',(-31.05029183355,-7.761671892174));
#7081 = CARTESIAN_POINT('',(-31.95669544766,-7.691862163502));
#7082 = CARTESIAN_POINT('',(-32.85476488039,-7.59385601959));
#7083 = CARTESIAN_POINT('',(-33.76642380967,-7.464526294062));
#7084 = CARTESIAN_POINT('',(-34.64355119421,-7.311896792332));
#7085 = CARTESIAN_POINT('',(-35.50807430969,-7.135141318351));
#7086 = CARTESIAN_POINT('',(-36.35885531524,-6.935615311176));
#7087 = CARTESIAN_POINT('',(-37.21688101307,-6.707794378428));
#7088 = CARTESIAN_POINT('',(-38.0372922292,-6.464909369945));
#7089 = CARTESIAN_POINT('',(-38.84107076188,-6.203206399825));
#7090 = CARTESIAN_POINT('',(-39.6275936532,-5.923947179717));
#7091 = CARTESIAN_POINT('',(-40.41661818615,-5.619501004183));
#7092 = CARTESIAN_POINT('',(-41.16728876768,-5.306544142483));
#7093 = CARTESIAN_POINT('',(-41.89948641006,-4.979140272547));
#7094 = CARTESIAN_POINT('',(-42.61318297683,-4.63807942645));
#7095 = CARTESIAN_POINT('',(-43.32677434212,-4.273767083749));
#7096 = CARTESIAN_POINT('',(-44.00384327507,-3.905418001963));
#7097 = CARTESIAN_POINT('',(-44.66317864308,-3.524822041583));
#7098 = CARTESIAN_POINT('',(-45.30524082056,-3.132256327976));
#7099 = CARTESIAN_POINT('',(-45.94795288528,-2.715458433768));
#7100 = CARTESIAN_POINT('',(-46.55622072755,-2.298029746103));
#7101 = CARTESIAN_POINT('',(-47.15863131228,-1.860650924723));
#7102 = CARTESIAN_POINT('',(-47.71612516611,-1.435926202974));
#7103 = CARTESIAN_POINT('',(-48.40018315595,-0.881781610442));
#7104 = CARTESIAN_POINT('',(-48.53970242161,-0.756663572118));
#7105 = CARTESIAN_POINT('',(-48.89572328698,-0.45350885127));
#7106 = ( GEOMETRIC_REPRESENTATION_CONTEXT(2) 
PARAMETRIC_REPRESENTATION_CONTEXT() REPRESENTATION_CONTEXT('2D SPACE',''
  ) );
#7107 = ORIENTED_EDGE('',*,*,#6919,.F.);
#7108 = ORIENTED_EDGE('',*,*,#7109,.F.);
#7109 = EDGE_CURVE('',#6200,#6920,#7110,.T.);
#7110 = SURFACE_CURVE('',#7111,(#7162,#7169),.PCURVE_S1.);
#7111 = B_SPLINE_CURVE_WITH_KNOTS('',3,(#7112,#7113,#7114,#7115,#7116,
    #7117,#7118,#7119,#7120,#7121,#7122,#7123,#7124,#7125,#7126,#7127,
    #7128,#7129,#7130,#7131,#7132,#7133,#7134,#7135,#7136,#7137,#7138,
    #7139,#7140,#7141,#7142,#7143,#7144,#7145,#7146,#7147,#7148,#7149,
    #7150,#7151,#7152,#7153,#7154,#7155,#7156,#7157,#7158,#7159,#7160,
    #7161),.UNSPECIFIED.,.F.,.F.,(4,1,1,1,1,1,1,1,1,1,1,1,1,1,1,1,1,1,1,
    1,1,1,1,1,1,1,1,1,1,1,1,1,1,1,1,1,1,1,1,1,1,1,1,1,1,1,1,4),(0.,
    0.770020974153,1.626265687068,2.501235809007,3.323017628822,
    4.226168942917,5.140567564886,6.064285262741,6.923787879437,
    7.860959618837,8.803220404646,9.749496837408,10.625745778606,
    11.577210076157,12.530237508485,13.484135816053,14.364871812505,
    15.318618169461,16.271356512646,17.222443906393,18.098342389538,
    19.044380308015,19.986772779966,20.924790631856,21.786128506054,
    22.713614611572,23.634502775488,24.548028034391,25.38410411673,
    26.281393184443,27.169232325991,28.047009844699,28.847877333261,
    29.704892084705,30.550578145199,31.384742808357,32.14448317376,
    32.956538608657,33.75747556067,34.547827237765,35.268649993444,
    36.041021221912,36.805779378973,37.564485879874,38.261073281275,
    39.01367744831,39.766626217161,40.522198623296),.UNSPECIFIED.);
#7112 = CARTESIAN_POINT('',(-12.2527591562,-0.399969533376,0.));
#7113 = CARTESIAN_POINT('',(-12.42699854489,-0.588317117704,0.));
#7114 = CARTESIAN_POINT('',(-12.79006465192,-0.991213358426,0.));
#7115 = CARTESIAN_POINT('',(-13.38173827388,-1.579064678277,0.));
#7116 = CARTESIAN_POINT('',(-14.0064475216,-2.157201907725,0.));
#7117 = CARTESIAN_POINT('',(-14.66593883324,-2.719798490113,0.));
#7118 = CARTESIAN_POINT('',(-15.35735075718,-3.264216974392,0.));
#7119 = CARTESIAN_POINT('',(-16.09841102664,-3.799256486071,0.));
#7120 = CARTESIAN_POINT('',(-16.84910280945,-4.294755209196,0.));
#7121 = CARTESIAN_POINT('',(-17.62574589831,-4.763277683188,0.));
#7122 = CARTESIAN_POINT('',(-18.42630871847,-5.202753634089,0.));
#7123 = CARTESIAN_POINT('',(-19.27073677025,-5.620667006661,0.));
#7124 = CARTESIAN_POINT('',(-20.11357144472,-5.994145474174,0.));
#7125 = CARTESIAN_POINT('',(-20.97369413637,-6.3341604789,0.));
#7126 = CARTESIAN_POINT('',(-21.84903069094,-6.639884233994,0.));
#7127 = CARTESIAN_POINT('',(-22.76110965105,-6.916378114271,0.));
#7128 = CARTESIAN_POINT('',(-23.6609707683,-7.14916912309,0.));
#7129 = CARTESIAN_POINT('',(-24.56941299084,-7.346692918406,0.));
#7130 = CARTESIAN_POINT('',(-25.48443593001,-7.509086806548,0.));
#7131 = CARTESIAN_POINT('',(-26.42834810699,-7.638640564576,0.));
#7132 = CARTESIAN_POINT('',(-27.35070629777,-7.729288872908,0.));
#7133 = CARTESIAN_POINT('',(-28.2734564846,-7.786418105318,0.));
#7134 = CARTESIAN_POINT('',(-29.19478202503,-7.810845298097,0.));
#7135 = CARTESIAN_POINT('',(-30.13708500993,-7.802066972039,0.));
#7136 = CARTESIAN_POINT('',(-31.05029183355,-7.761671892174,0.));
#7137 = CARTESIAN_POINT('',(-31.95669544766,-7.691862163502,0.));
#7138 = CARTESIAN_POINT('',(-32.85476488039,-7.59385601959,0.));
#7139 = CARTESIAN_POINT('',(-33.76642380967,-7.464526294062,0.));
#7140 = CARTESIAN_POINT('',(-34.64355119421,-7.311896792332,0.));
#7141 = CARTESIAN_POINT('',(-35.50807430969,-7.135141318351,0.));
#7142 = CARTESIAN_POINT('',(-36.35885531524,-6.935615311176,0.));
#7143 = CARTESIAN_POINT('',(-37.21688101307,-6.707794378428,0.));
#7144 = CARTESIAN_POINT('',(-38.0372922292,-6.464909369945,0.));
#7145 = CARTESIAN_POINT('',(-38.84107076188,-6.203206399825,0.));
#7146 = CARTESIAN_POINT('',(-39.6275936532,-5.923947179717,0.));
#7147 = CARTESIAN_POINT('',(-40.41661818615,-5.619501004183,0.));
#7148 = CARTESIAN_POINT('',(-41.16728876768,-5.306544142483,0.));
#7149 = CARTESIAN_POINT('',(-41.89948641006,-4.979140272547,0.));
#7150 = CARTESIAN_POINT('',(-42.61318297683,-4.63807942645,0.));
#7151 = CARTESIAN_POINT('',(-43.32677434212,-4.273767083749,0.));
#7152 = CARTESIAN_POINT('',(-44.00384327507,-3.905418001963,0.));
#7153 = CARTESIAN_POINT('',(-44.66317864308,-3.524822041583,0.));
#7154 = CARTESIAN_POINT('',(-45.30524082056,-3.132256327976,0.));
#7155 = CARTESIAN_POINT('',(-45.94795288528,-2.715458433768,0.));
#7156 = CARTESIAN_POINT('',(-46.55622072755,-2.298029746103,0.));
#7157 = CARTESIAN_POINT('',(-47.15863131228,-1.860650924723,0.));
#7158 = CARTESIAN_POINT('',(-47.71612516611,-1.435926202974,0.));
#7159 = CARTESIAN_POINT('',(-48.40018315595,-0.881781610442,0.));
#7160 = CARTESIAN_POINT('',(-48.53970242161,-0.756663572118,0.));
#7161 = CARTESIAN_POINT('',(-48.89572328698,-0.45350885127,0.));
#7162 = PCURVE('',#6222,#7163);
#7163 = DEFINITIONAL_REPRESENTATION('',(#7164),#7168);
#7164 = LINE('',#7165,#7166);
#7165 = CARTESIAN_POINT('',(0.,0.));
#7166 = VECTOR('',#7167,1.);
#7167 = DIRECTION('',(1.,0.));
#7168 = ( GEOMETRIC_REPRESENTATION_CONTEXT(2) 
PARAMETRIC_REPRESENTATION_CONTEXT() REPRESENTATION_CONTEXT('2D SPACE',''
  ) );
#7169 = PCURVE('',#224,#7170);
#7170 = DEFINITIONAL_REPRESENTATION('',(#7171),#7222);
#7171 = B_SPLINE_CURVE_WITH_KNOTS('',3,(#7172,#7173,#7174,#7175,#7176,
    #7177,#7178,#7179,#7180,#7181,#7182,#7183,#7184,#7185,#7186,#7187,
    #7188,#7189,#7190,#7191,#7192,#7193,#7194,#7195,#7196,#7197,#7198,
    #7199,#7200,#7201,#7202,#7203,#7204,#7205,#7206,#7207,#7208,#7209,
    #7210,#7211,#7212,#7213,#7214,#7215,#7216,#7217,#7218,#7219,#7220,
    #7221),.UNSPECIFIED.,.F.,.F.,(4,1,1,1,1,1,1,1,1,1,1,1,1,1,1,1,1,1,1,
    1,1,1,1,1,1,1,1,1,1,1,1,1,1,1,1,1,1,1,1,1,1,1,1,1,1,1,1,4),(0.,
    0.770020974153,1.626265687068,2.501235809007,3.323017628822,
    4.226168942917,5.140567564886,6.064285262741,6.923787879437,
    7.860959618837,8.803220404646,9.749496837408,10.625745778606,
    11.577210076157,12.530237508485,13.484135816053,14.364871812505,
    15.318618169461,16.271356512646,17.222443906393,18.098342389538,
    19.044380308015,19.986772779966,20.924790631856,21.786128506054,
    22.713614611572,23.634502775488,24.548028034391,25.38410411673,
    26.281393184443,27.169232325991,28.047009844699,28.847877333261,
    29.704892084705,30.550578145199,31.384742808357,32.14448317376,
    32.956538608657,33.75747556067,34.547827237765,35.268649993444,
    36.041021221912,36.805779378973,37.564485879874,38.261073281275,
    39.01367744831,39.766626217161,40.522198623296),.UNSPECIFIED.);
#7172 = CARTESIAN_POINT('',(-12.2527591562,-0.399969533376));
#7173 = CARTESIAN_POINT('',(-12.42699854489,-0.588317117704));
#7174 = CARTESIAN_POINT('',(-12.79006465192,-0.991213358426));
#7175 = CARTESIAN_POINT('',(-13.38173827388,-1.579064678277));
#7176 = CARTESIAN_POINT('',(-14.0064475216,-2.157201907725));
#7177 = CARTESIAN_POINT('',(-14.66593883324,-2.719798490113));
#7178 = CARTESIAN_POINT('',(-15.35735075718,-3.264216974392));
#7179 = CARTESIAN_POINT('',(-16.09841102664,-3.799256486071));
#7180 = CARTESIAN_POINT('',(-16.84910280945,-4.294755209196));
#7181 = CARTESIAN_POINT('',(-17.62574589831,-4.763277683188));
#7182 = CARTESIAN_POINT('',(-18.42630871847,-5.202753634089));
#7183 = CARTESIAN_POINT('',(-19.27073677025,-5.620667006661));
#7184 = CARTESIAN_POINT('',(-20.11357144472,-5.994145474174));
#7185 = CARTESIAN_POINT('',(-20.97369413637,-6.3341604789));
#7186 = CARTESIAN_POINT('',(-21.84903069094,-6.639884233994));
#7187 = CARTESIAN_POINT('',(-22.76110965105,-6.916378114271));
#7188 = CARTESIAN_POINT('',(-23.6609707683,-7.14916912309));
#7189 = CARTESIAN_POINT('',(-24.56941299084,-7.346692918406));
#7190 = CARTESIAN_POINT('',(-25.48443593001,-7.509086806548));
#7191 = CARTESIAN_POINT('',(-26.42834810699,-7.638640564576));
#7192 = CARTESIAN_POINT('',(-27.35070629777,-7.729288872908));
#7193 = CARTESIAN_POINT('',(-28.2734564846,-7.786418105318));
#7194 = CARTESIAN_POINT('',(-29.19478202503,-7.810845298097));
#7195 = CARTESIAN_POINT('',(-30.13708500993,-7.802066972039));
#7196 = CARTESIAN_POINT('',(-31.05029183355,-7.761671892174));
#7197 = CARTESIAN_POINT('',(-31.95669544766,-7.691862163502));
#7198 = CARTESIAN_POINT('',(-32.85476488039,-7.59385601959));
#7199 = CARTESIAN_POINT('',(-33.76642380967,-7.464526294062));
#7200 = CARTESIAN_POINT('',(-34.64355119421,-7.311896792332));
#7201 = CARTESIAN_POINT('',(-35.50807430969,-7.135141318351));
#7202 = CARTESIAN_POINT('',(-36.35885531524,-6.935615311176));
#7203 = CARTESIAN_POINT('',(-37.21688101307,-6.707794378428));
#7204 = CARTESIAN_POINT('',(-38.0372922292,-6.464909369945));
#7205 = CARTESIAN_POINT('',(-38.84107076188,-6.203206399825));
#7206 = CARTESIAN_POINT('',(-39.6275936532,-5.923947179717));
#7207 = CARTESIAN_POINT('',(-40.41661818615,-5.619501004183));
#7208 = CARTESIAN_POINT('',(-41.16728876768,-5.306544142483));
#7209 = CARTESIAN_POINT('',(-41.89948641006,-4.979140272547));
#7210 = CARTESIAN_POINT('',(-42.61318297683,-4.63807942645));
#7211 = CARTESIAN_POINT('',(-43.32677434212,-4.273767083749));
#7212 = CARTESIAN_POINT('',(-44.00384327507,-3.905418001963));
#7213 = CARTESIAN_POINT('',(-44.66317864308,-3.524822041583));
#7214 = CARTESIAN_POINT('',(-45.30524082056,-3.132256327976));
#7215 = CARTESIAN_POINT('',(-45.94795288528,-2.715458433768));
#7216 = CARTESIAN_POINT('',(-46.55622072755,-2.298029746103));
#7217 = CARTESIAN_POINT('',(-47.15863131228,-1.860650924723));
#7218 = CARTESIAN_POINT('',(-47.71612516611,-1.435926202974));
#7219 = CARTESIAN_POINT('',(-48.40018315595,-0.881781610442));
#7220 = CARTESIAN_POINT('',(-48.53970242161,-0.756663572118));
#7221 = CARTESIAN_POINT('',(-48.89572328698,-0.45350885127));
#7222 = ( GEOMETRIC_REPRESENTATION_CONTEXT(2) 
PARAMETRIC_REPRESENTATION_CONTEXT() REPRESENTATION_CONTEXT('2D SPACE',''
  ) );
#7223 = ADVANCED_FACE('',(#7224),#7238,.T.);
#7224 = FACE_BOUND('',#7225,.F.);
#7225 = EDGE_LOOP('',(#7226,#7357,#7381,#7409));
#7226 = ORIENTED_EDGE('',*,*,#7227,.T.);
#7227 = EDGE_CURVE('',#7228,#7230,#7232,.T.);
#7228 = VERTEX_POINT('',#7229);
#7229 = CARTESIAN_POINT('',(-10.54650470405,-7.075396704594,0.));
#7230 = VERTEX_POINT('',#7231);
#7231 = CARTESIAN_POINT('',(-10.54650470405,-7.075396704594,22.4));
#7232 = SURFACE_CURVE('',#7233,(#7237,#7249),.PCURVE_S1.);
#7233 = LINE('',#7234,#7235);
#7234 = CARTESIAN_POINT('',(-10.54650470405,-7.075396704594,0.));
#7235 = VECTOR('',#7236,1.);
#7236 = DIRECTION('',(0.,0.,1.));
#7237 = PCURVE('',#7238,#7243);
#7238 = CYLINDRICAL_SURFACE('',#7239,12.7);
#7239 = AXIS2_PLACEMENT_3D('',#7240,#7241,#7242);
#7240 = CARTESIAN_POINT('',(0.,0.,0.));
#7241 = DIRECTION('',(-0.,-0.,-1.));
#7242 = DIRECTION('',(1.,0.,-0.));
#7243 = DEFINITIONAL_REPRESENTATION('',(#7244),#7248);
#7244 = LINE('',#7245,#7246);
#7245 = CARTESIAN_POINT('',(-3.732503740119,0.));
#7246 = VECTOR('',#7247,1.);
#7247 = DIRECTION('',(-0.,-1.));
#7248 = ( GEOMETRIC_REPRESENTATION_CONTEXT(2) 
PARAMETRIC_REPRESENTATION_CONTEXT() REPRESENTATION_CONTEXT('2D SPACE',''
  ) );
#7249 = PCURVE('',#7250,#7351);
#7250 = B_SPLINE_SURFACE_WITH_KNOTS('',3,1,(
    (#7251,#7252)
    ,(#7253,#7254)
    ,(#7255,#7256)
    ,(#7257,#7258)
    ,(#7259,#7260)
    ,(#7261,#7262)
    ,(#7263,#7264)
    ,(#7265,#7266)
    ,(#7267,#7268)
    ,(#7269,#7270)
    ,(#7271,#7272)
    ,(#7273,#7274)
    ,(#7275,#7276)
    ,(#7277,#7278)
    ,(#7279,#7280)
    ,(#7281,#7282)
    ,(#7283,#7284)
    ,(#7285,#7286)
    ,(#7287,#7288)
    ,(#7289,#7290)
    ,(#7291,#7292)
    ,(#7293,#7294)
    ,(#7295,#7296)
    ,(#7297,#7298)
    ,(#7299,#7300)
    ,(#7301,#7302)
    ,(#7303,#7304)
    ,(#7305,#7306)
    ,(#7307,#7308)
    ,(#7309,#7310)
    ,(#7311,#7312)
    ,(#7313,#7314)
    ,(#7315,#7316)
    ,(#7317,#7318)
    ,(#7319,#7320)
    ,(#7321,#7322)
    ,(#7323,#7324)
    ,(#7325,#7326)
    ,(#7327,#7328)
    ,(#7329,#7330)
    ,(#7331,#7332)
    ,(#7333,#7334)
    ,(#7335,#7336)
    ,(#7337,#7338)
    ,(#7339,#7340)
    ,(#7341,#7342)
    ,(#7343,#7344)
    ,(#7345,#7346)
    ,(#7347,#7348)
    ,(#7349,#7350
    )),.UNSPECIFIED.,.F.,.F.,.F.,(4,1,1,1,1,1,1,1,1,1,1,1,1,1,1,1,1,1,1,
    1,1,1,1,1,1,1,1,1,1,1,1,1,1,1,1,1,1,1,1,1,1,1,1,1,1,1,1,4),(2,2),(0.
    ,0.770020974153,1.626265687068,2.501235809007,3.323017628822,
    4.226168942917,5.140567564886,6.064285262741,6.923787879437,
    7.860959618837,8.803220404646,9.749496837408,10.625745778606,
    11.577210076157,12.530237508485,13.484135816053,14.364871812505,
    15.318618169461,16.271356512646,17.222443906393,18.098342389538,
    19.044380308015,19.986772779966,20.924790631856,21.786128506054,
    22.713614611572,23.634502775488,24.548028034391,25.38410411673,
    26.281393184443,27.169232325991,28.047009844699,28.847877333261,
    29.704892084705,30.550578145199,31.384742808357,32.14448317376,
    32.956538608657,33.75747556067,34.547827237765,35.268649993444,
    36.041021221912,36.805779378973,37.564485879874,38.261073281275,
    39.01367744831,39.766626217161,40.522198623296),(-22.4,0.),
  .UNSPECIFIED.);
#7251 = CARTESIAN_POINT('',(-10.41121592903,-6.472763354746,22.4));
#7252 = CARTESIAN_POINT('',(-10.41121592903,-6.472763354746,0.));
#7253 = CARTESIAN_POINT('',(-10.46793787381,-6.72299684186,22.4));
#7254 = CARTESIAN_POINT('',(-10.46793787381,-6.72299684186,0.));
#7255 = CARTESIAN_POINT('',(-10.58091422539,-7.253448274928,22.4));
#7256 = CARTESIAN_POINT('',(-10.58091422539,-7.253448274928,0.));
#7257 = CARTESIAN_POINT('',(-10.79939295284,-8.058379262551,22.4));
#7258 = CARTESIAN_POINT('',(-10.79939295284,-8.058379262551,0.));
#7259 = CARTESIAN_POINT('',(-11.05133841661,-8.871415413983,22.4));
#7260 = CARTESIAN_POINT('',(-11.05133841661,-8.871415413983,0.));
#7261 = CARTESIAN_POINT('',(-11.34117635488,-9.688384002235,22.4));
#7262 = CARTESIAN_POINT('',(-11.34117635488,-9.688384002235,0.));
#7263 = CARTESIAN_POINT('',(-11.66774740335,-10.50557020188,22.4));
#7264 = CARTESIAN_POINT('',(-11.66774740335,-10.50557020188,0.));
#7265 = CARTESIAN_POINT('',(-12.04200466659,-11.33945814575,22.4));
#7266 = CARTESIAN_POINT('',(-12.04200466659,-11.33945814575,0.));
#7267 = CARTESIAN_POINT('',(-12.44437345936,-12.14391851892,22.4));
#7268 = CARTESIAN_POINT('',(-12.44437345936,-12.14391851892,0.));
#7269 = CARTESIAN_POINT('',(-12.88270486699,-12.93799242807,22.4));
#7270 = CARTESIAN_POINT('',(-12.88270486699,-12.93799242807,0.));
#7271 = CARTESIAN_POINT('',(-13.35627463112,-13.71887117599,22.4));
#7272 = CARTESIAN_POINT('',(-13.35627463112,-13.71887117599,0.));
#7273 = CARTESIAN_POINT('',(-13.87861408935,-14.50300879911,22.4));
#7274 = CARTESIAN_POINT('',(-13.87861408935,-14.50300879911,0.));
#7275 = CARTESIAN_POINT('',(-14.42179109487,-15.24786797697,22.4));
#7276 = CARTESIAN_POINT('',(-14.42179109487,-15.24786797697,0.));
#7277 = CARTESIAN_POINT('',(-14.99667169385,-15.97239095456,22.4));
#7278 = CARTESIAN_POINT('',(-14.99667169385,-15.97239095456,0.));
#7279 = CARTESIAN_POINT('',(-15.60187350942,-16.67482377029,22.4));
#7280 = CARTESIAN_POINT('',(-15.60187350942,-16.67482377029,0.));
#7281 = CARTESIAN_POINT('',(-16.25351011899,-17.37031397466,22.4));
#7282 = CARTESIAN_POINT('',(-16.25351011899,-17.37031397466,0.));
#7283 = CARTESIAN_POINT('',(-16.916417202,-18.02184746069,22.4));
#7284 = CARTESIAN_POINT('',(-16.916417202,-18.02184746069,0.));
#7285 = CARTESIAN_POINT('',(-17.60438934693,-18.64712919656,22.4));
#7286 = CARTESIAN_POINT('',(-17.60438934693,-18.64712919656,0.));
#7287 = CARTESIAN_POINT('',(-18.31562551323,-19.2452778987,22.4));
#7288 = CARTESIAN_POINT('',(-18.31562551323,-19.2452778987,0.));
#7289 = CARTESIAN_POINT('',(-19.06830055842,-19.82943083279,22.4));
#7290 = CARTESIAN_POINT('',(-19.06830055842,-19.82943083279,0.));
#7291 = CARTESIAN_POINT('',(-19.82176202886,-20.36911366601,22.4));
#7292 = CARTESIAN_POINT('',(-19.82176202886,-20.36911366601,0.));
#7293 = CARTESIAN_POINT('',(-20.59232251579,-20.87996412599,22.4));
#7294 = CARTESIAN_POINT('',(-20.59232251579,-20.87996412599,0.));
#7295 = CARTESIAN_POINT('',(-21.37800024257,-21.36178146569,22.4));
#7296 = CARTESIAN_POINT('',(-21.37800024257,-21.36178146569,0.));
#7297 = CARTESIAN_POINT('',(-22.19844772859,-21.82533070478,22.4));
#7298 = CARTESIAN_POINT('',(-22.19844772859,-21.82533070478,0.));
#7299 = CARTESIAN_POINT('',(-23.00950557669,-22.24695095124,22.4));
#7300 = CARTESIAN_POINT('',(-23.00950557669,-22.24695095124,0.));
#7301 = CARTESIAN_POINT('',(-23.82937899693,-22.63969575983,22.4));
#7302 = CARTESIAN_POINT('',(-23.82937899693,-22.63969575983,0.));
#7303 = CARTESIAN_POINT('',(-24.65613301199,-23.00385466584,22.4));
#7304 = CARTESIAN_POINT('',(-24.65613301199,-23.00385466584,0.));
#7305 = CARTESIAN_POINT('',(-25.51031766709,-23.34768130271,22.4));
#7306 = CARTESIAN_POINT('',(-25.51031766709,-23.34768130271,0.));
#7307 = CARTESIAN_POINT('',(-26.34624701532,-23.65406396911,22.4));
#7308 = CARTESIAN_POINT('',(-26.34624701532,-23.65406396911,0.));
#7309 = CARTESIAN_POINT('',(-27.18332373248,-23.93325079613,22.4));
#7310 = CARTESIAN_POINT('',(-27.18332373248,-23.93325079613,0.));
#7311 = CARTESIAN_POINT('',(-28.01988469993,-24.18584670797,22.4));
#7312 = CARTESIAN_POINT('',(-28.01988469993,-24.18584670797,0.));
#7313 = CARTESIAN_POINT('',(-28.87686721772,-24.41756084161,22.4));
#7314 = CARTESIAN_POINT('',(-28.87686721772,-24.41756084161,0.));
#7315 = CARTESIAN_POINT('',(-29.70880667669,-24.61742186213,22.4));
#7316 = CARTESIAN_POINT('',(-29.70880667669,-24.61742186213,0.));
#7317 = CARTESIAN_POINT('',(-30.53575079006,-24.7926697081,22.4));
#7318 = CARTESIAN_POINT('',(-30.53575079006,-24.7926697081,0.));
#7319 = CARTESIAN_POINT('',(-31.35652920466,-24.94408557491,22.4));
#7320 = CARTESIAN_POINT('',(-31.35652920466,-24.94408557491,0.));
#7321 = CARTESIAN_POINT('',(-32.19206758217,-25.07493971929,22.4));
#7322 = CARTESIAN_POINT('',(-32.19206758217,-25.07493971929,0.));
#7323 = CARTESIAN_POINT('',(-32.9986458065,-25.17924641753,22.4));
#7324 = CARTESIAN_POINT('',(-32.9986458065,-25.17924641753,0.));
#7325 = CARTESIAN_POINT('',(-33.79644950036,-25.26180517006,22.4));
#7326 = CARTESIAN_POINT('',(-33.79644950036,-25.26180517006,0.));
#7327 = CARTESIAN_POINT('',(-34.58505928082,-25.32328609649,22.4));
#7328 = CARTESIAN_POINT('',(-34.58505928082,-25.32328609649,0.));
#7329 = CARTESIAN_POINT('',(-35.38520370244,-25.36457803544,22.4));
#7330 = CARTESIAN_POINT('',(-35.38520370244,-25.36457803544,0.));
#7331 = CARTESIAN_POINT('',(-36.15573713938,-25.38411283963,22.4));
#7332 = CARTESIAN_POINT('',(-36.15573713938,-25.38411283963,0.));
#7333 = CARTESIAN_POINT('',(-36.91703629788,-25.38417475337,22.4));
#7334 = CARTESIAN_POINT('',(-36.91703629788,-25.38417475337,0.));
#7335 = CARTESIAN_POINT('',(-37.66936131119,-25.36523396147,22.4));
#7336 = CARTESIAN_POINT('',(-37.66936131119,-25.36523396147,0.));
#7337 = CARTESIAN_POINT('',(-38.43436523366,-25.3256324292,22.4));
#7338 = CARTESIAN_POINT('',(-38.43436523366,-25.3256324292,0.));
#7339 = CARTESIAN_POINT('',(-39.1698549812,-25.26826250255,22.4));
#7340 = CARTESIAN_POINT('',(-39.1698549812,-25.26826250255,0.));
#7341 = CARTESIAN_POINT('',(-39.91024726178,-25.19068662453,22.4));
#7342 = CARTESIAN_POINT('',(-39.91024726178,-25.19068662453,0.));
#7343 = CARTESIAN_POINT('',(-40.60541346252,-25.10161115279,22.4));
#7344 = CARTESIAN_POINT('',(-40.60541346252,-25.10161115279,0.));
#7345 = CARTESIAN_POINT('',(-41.47489735565,-24.96373685321,22.4));
#7346 = CARTESIAN_POINT('',(-41.47489735565,-24.96373685321,0.));
#7347 = CARTESIAN_POINT('',(-41.65828360319,-24.92514108638,22.4));
#7348 = CARTESIAN_POINT('',(-41.65828360319,-24.92514108638,0.));
#7349 = CARTESIAN_POINT('',(-42.11818407731,-24.84061182953,22.4));
#7350 = CARTESIAN_POINT('',(-42.11818407731,-24.84061182953,0.));
#7351 = DEFINITIONAL_REPRESENTATION('',(#7352),#7356);
#7352 = LINE('',#7353,#7354);
#7353 = CARTESIAN_POINT('',(0.617636313455,0.));
#7354 = VECTOR('',#7355,1.);
#7355 = DIRECTION('',(0.,-1.));
#7356 = ( GEOMETRIC_REPRESENTATION_CONTEXT(2) 
PARAMETRIC_REPRESENTATION_CONTEXT() REPRESENTATION_CONTEXT('2D SPACE',''
  ) );
#7357 = ORIENTED_EDGE('',*,*,#7358,.T.);
#7358 = EDGE_CURVE('',#7230,#7359,#7361,.T.);
#7359 = VERTEX_POINT('',#7360);
#7360 = CARTESIAN_POINT('',(-6.693233868862,-10.79308206105,22.4));
#7361 = SURFACE_CURVE('',#7362,(#7367,#7374),.PCURVE_S1.);
#7362 = CIRCLE('',#7363,12.7);
#7363 = AXIS2_PLACEMENT_3D('',#7364,#7365,#7366);
#7364 = CARTESIAN_POINT('',(0.,0.,22.4));
#7365 = DIRECTION('',(0.,0.,1.));
#7366 = DIRECTION('',(1.,0.,-0.));
#7367 = PCURVE('',#7238,#7368);
#7368 = DEFINITIONAL_REPRESENTATION('',(#7369),#7373);
#7369 = LINE('',#7370,#7371);
#7370 = CARTESIAN_POINT('',(-0.,-22.4));
#7371 = VECTOR('',#7372,1.);
#7372 = DIRECTION('',(-1.,0.));
#7373 = ( GEOMETRIC_REPRESENTATION_CONTEXT(2) 
PARAMETRIC_REPRESENTATION_CONTEXT() REPRESENTATION_CONTEXT('2D SPACE',''
  ) );
#7374 = PCURVE('',#169,#7375);
#7375 = DEFINITIONAL_REPRESENTATION('',(#7376),#7380);
#7376 = CIRCLE('',#7377,12.7);
#7377 = AXIS2_PLACEMENT_2D('',#7378,#7379);
#7378 = CARTESIAN_POINT('',(0.,-1.204325410458E-15));
#7379 = DIRECTION('',(1.,0.));
#7380 = ( GEOMETRIC_REPRESENTATION_CONTEXT(2) 
PARAMETRIC_REPRESENTATION_CONTEXT() REPRESENTATION_CONTEXT('2D SPACE',''
  ) );
#7381 = ORIENTED_EDGE('',*,*,#7382,.F.);
#7382 = EDGE_CURVE('',#7383,#7359,#7385,.T.);
#7383 = VERTEX_POINT('',#7384);
#7384 = CARTESIAN_POINT('',(-6.693233868862,-10.79308206105,0.));
#7385 = SURFACE_CURVE('',#7386,(#7390,#7397),.PCURVE_S1.);
#7386 = LINE('',#7387,#7388);
#7387 = CARTESIAN_POINT('',(-6.693233868862,-10.79308206105,0.));
#7388 = VECTOR('',#7389,1.);
#7389 = DIRECTION('',(0.,0.,1.));
#7390 = PCURVE('',#7238,#7391);
#7391 = DEFINITIONAL_REPRESENTATION('',(#7392),#7396);
#7392 = LINE('',#7393,#7394);
#7393 = CARTESIAN_POINT('',(-4.157291332246,0.));
#7394 = VECTOR('',#7395,1.);
#7395 = DIRECTION('',(-0.,-1.));
#7396 = ( GEOMETRIC_REPRESENTATION_CONTEXT(2) 
PARAMETRIC_REPRESENTATION_CONTEXT() REPRESENTATION_CONTEXT('2D SPACE',''
  ) );
#7397 = PCURVE('',#7398,#7403);
#7398 = PLANE('',#7399);
#7399 = AXIS2_PLACEMENT_3D('',#7400,#7401,#7402);
#7400 = CARTESIAN_POINT('',(-6.920004198541,-11.18585979371,0.));
#7401 = DIRECTION('',(-0.866025403784,0.5,0.));
#7402 = DIRECTION('',(0.5,0.866025403784,0.));
#7403 = DEFINITIONAL_REPRESENTATION('',(#7404),#7408);
#7404 = LINE('',#7405,#7406);
#7405 = CARTESIAN_POINT('',(0.453540659359,0.));
#7406 = VECTOR('',#7407,1.);
#7407 = DIRECTION('',(0.,-1.));
#7408 = ( GEOMETRIC_REPRESENTATION_CONTEXT(2) 
PARAMETRIC_REPRESENTATION_CONTEXT() REPRESENTATION_CONTEXT('2D SPACE',''
  ) );
#7409 = ORIENTED_EDGE('',*,*,#7410,.F.);
#7410 = EDGE_CURVE('',#7228,#7383,#7411,.T.);
#7411 = SURFACE_CURVE('',#7412,(#7417,#7424),.PCURVE_S1.);
#7412 = CIRCLE('',#7413,12.7);
#7413 = AXIS2_PLACEMENT_3D('',#7414,#7415,#7416);
#7414 = CARTESIAN_POINT('',(0.,0.,0.));
#7415 = DIRECTION('',(0.,0.,1.));
#7416 = DIRECTION('',(1.,0.,-0.));
#7417 = PCURVE('',#7238,#7418);
#7418 = DEFINITIONAL_REPRESENTATION('',(#7419),#7423);
#7419 = LINE('',#7420,#7421);
#7420 = CARTESIAN_POINT('',(-0.,0.));
#7421 = VECTOR('',#7422,1.);
#7422 = DIRECTION('',(-1.,0.));
#7423 = ( GEOMETRIC_REPRESENTATION_CONTEXT(2) 
PARAMETRIC_REPRESENTATION_CONTEXT() REPRESENTATION_CONTEXT('2D SPACE',''
  ) );
#7424 = PCURVE('',#224,#7425);
#7425 = DEFINITIONAL_REPRESENTATION('',(#7426),#7430);
#7426 = CIRCLE('',#7427,12.7);
#7427 = AXIS2_PLACEMENT_2D('',#7428,#7429);
#7428 = CARTESIAN_POINT('',(0.,-1.204325410458E-15));
#7429 = DIRECTION('',(1.,0.));
#7430 = ( GEOMETRIC_REPRESENTATION_CONTEXT(2) 
PARAMETRIC_REPRESENTATION_CONTEXT() REPRESENTATION_CONTEXT('2D SPACE',''
  ) );
#7431 = ADVANCED_FACE('',(#7432),#7398,.T.);
#7432 = FACE_BOUND('',#7433,.T.);
#7433 = EDGE_LOOP('',(#7434,#7560,#7581,#7582));
#7434 = ORIENTED_EDGE('',*,*,#7435,.T.);
#7435 = EDGE_CURVE('',#7436,#7438,#7440,.T.);
#7436 = VERTEX_POINT('',#7437);
#7437 = CARTESIAN_POINT('',(-6.920004198541,-11.18585979371,0.));
#7438 = VERTEX_POINT('',#7439);
#7439 = CARTESIAN_POINT('',(-6.920004198541,-11.18585979371,22.4));
#7440 = SURFACE_CURVE('',#7441,(#7445,#7452),.PCURVE_S1.);
#7441 = LINE('',#7442,#7443);
#7442 = CARTESIAN_POINT('',(-6.920004198541,-11.18585979371,0.));
#7443 = VECTOR('',#7444,1.);
#7444 = DIRECTION('',(0.,0.,1.));
#7445 = PCURVE('',#7398,#7446);
#7446 = DEFINITIONAL_REPRESENTATION('',(#7447),#7451);
#7447 = LINE('',#7448,#7449);
#7448 = CARTESIAN_POINT('',(0.,0.));
#7449 = VECTOR('',#7450,1.);
#7450 = DIRECTION('',(0.,-1.));
#7451 = ( GEOMETRIC_REPRESENTATION_CONTEXT(2) 
PARAMETRIC_REPRESENTATION_CONTEXT() REPRESENTATION_CONTEXT('2D SPACE',''
  ) );
#7452 = PCURVE('',#7453,#7554);
#7453 = B_SPLINE_SURFACE_WITH_KNOTS('',3,1,(
    (#7454,#7455)
    ,(#7456,#7457)
    ,(#7458,#7459)
    ,(#7460,#7461)
    ,(#7462,#7463)
    ,(#7464,#7465)
    ,(#7466,#7467)
    ,(#7468,#7469)
    ,(#7470,#7471)
    ,(#7472,#7473)
    ,(#7474,#7475)
    ,(#7476,#7477)
    ,(#7478,#7479)
    ,(#7480,#7481)
    ,(#7482,#7483)
    ,(#7484,#7485)
    ,(#7486,#7487)
    ,(#7488,#7489)
    ,(#7490,#7491)
    ,(#7492,#7493)
    ,(#7494,#7495)
    ,(#7496,#7497)
    ,(#7498,#7499)
    ,(#7500,#7501)
    ,(#7502,#7503)
    ,(#7504,#7505)
    ,(#7506,#7507)
    ,(#7508,#7509)
    ,(#7510,#7511)
    ,(#7512,#7513)
    ,(#7514,#7515)
    ,(#7516,#7517)
    ,(#7518,#7519)
    ,(#7520,#7521)
    ,(#7522,#7523)
    ,(#7524,#7525)
    ,(#7526,#7527)
    ,(#7528,#7529)
    ,(#7530,#7531)
    ,(#7532,#7533)
    ,(#7534,#7535)
    ,(#7536,#7537)
    ,(#7538,#7539)
    ,(#7540,#7541)
    ,(#7542,#7543)
    ,(#7544,#7545)
    ,(#7546,#7547)
    ,(#7548,#7549)
    ,(#7550,#7551)
    ,(#7552,#7553
    )),.UNSPECIFIED.,.F.,.F.,.F.,(4,1,1,1,1,1,1,1,1,1,1,1,1,1,1,1,1,1,1,
    1,1,1,1,1,1,1,1,1,1,1,1,1,1,1,1,1,1,1,1,1,1,1,1,1,1,1,1,4),(2,2),(0.
    ,0.72551896577,1.446812427957,2.167545581006,2.834652630785,
    3.561455250387,4.294404186133,5.035083262141,5.726745513771,
    6.485571675342,7.25499120568,8.035460380499,8.765906861733,
    9.568099084978,10.381469893138,11.205727652658,11.975881503332,
    12.819782078992,13.673026185696,14.534915364628,15.33753390218,
    16.21390469293,17.096636274619,17.984915961911,18.809100000342,
    19.705802922083,20.60576324729,21.508256924785,22.342991216384,
    23.248469118661,24.154594114226,25.060793204637,25.896884345071,
    26.801694858737,27.704993846459,28.606214463702,29.435742647904,
    30.331166080504,31.222462333173,32.108696907138,32.921319115104,
    33.794515353684,34.658772776489,35.512251077876,36.288651119977,
    37.115000087988,37.923185154055,38.651120081248),(-22.4,0.),
  .UNSPECIFIED.);
#7454 = CARTESIAN_POINT('',(-24.44488854254,-41.43277123851,22.4));
#7455 = CARTESIAN_POINT('',(-24.44488854254,-41.43277123851,0.));
#7456 = CARTESIAN_POINT('',(-24.21673799829,-41.35167550148,22.4));
#7457 = CARTESIAN_POINT('',(-24.21673799829,-41.35167550148,0.));
#7458 = CARTESIAN_POINT('',(-23.76114530939,-41.19464181722,22.4));
#7459 = CARTESIAN_POINT('',(-23.76114530939,-41.19464181722,0.));
#7460 = CARTESIAN_POINT('',(-23.08727288439,-40.93315081764,22.4));
#7461 = CARTESIAN_POINT('',(-23.08727288439,-40.93315081764,0.));
#7462 = CARTESIAN_POINT('',(-22.43792554621,-40.66364077763,22.4));
#7463 = CARTESIAN_POINT('',(-22.43792554621,-40.66364077763,0.));
#7464 = CARTESIAN_POINT('',(-21.79416723133,-40.37630947488,22.4));
#7465 = CARTESIAN_POINT('',(-21.79416723133,-40.37630947488,0.));
#7466 = CARTESIAN_POINT('',(-21.15423005099,-40.07101458601,22.4));
#7467 = CARTESIAN_POINT('',(-21.15423005099,-40.07101458601,0.));
#7468 = CARTESIAN_POINT('',(-20.50077638545,-39.73767654082,22.4));
#7469 = CARTESIAN_POINT('',(-20.50077638545,-39.73767654082,0.));
#7470 = CARTESIAN_POINT('',(-19.86664196457,-39.39280275271,22.4));
#7471 = CARTESIAN_POINT('',(-19.86664196457,-39.39280275271,0.));
#7472 = CARTESIAN_POINT('',(-19.23397661604,-39.02769381245,22.4));
#7473 = CARTESIAN_POINT('',(-19.23397661604,-39.02769381245,0.));
#7474 = CARTESIAN_POINT('',(-18.60254320546,-38.6417218855,22.4));
#7475 = CARTESIAN_POINT('',(-18.60254320546,-38.6417218855,0.));
#7476 = CARTESIAN_POINT('',(-17.95659989865,-38.22323396093,22.4));
#7477 = CARTESIAN_POINT('',(-17.95659989865,-38.22323396093,0.));
#7478 = CARTESIAN_POINT('',(-17.3296597339,-37.7932904952,22.4));
#7479 = CARTESIAN_POINT('',(-17.3296597339,-37.7932904952,0.));
#7480 = CARTESIAN_POINT('',(-16.70496392585,-37.34122229095,22.4));
#7481 = CARTESIAN_POINT('',(-16.70496392585,-37.34122229095,0.));
#7482 = CARTESIAN_POINT('',(-16.08325878877,-36.86671327556,22.4));
#7483 = CARTESIAN_POINT('',(-16.08325878877,-36.86671327556,0.));
#7484 = CARTESIAN_POINT('',(-15.45012098288,-36.35611725755,22.4));
#7485 = CARTESIAN_POINT('',(-15.45012098288,-36.35611725755,0.));
#7486 = CARTESIAN_POINT('',(-14.83916025586,-35.83549505591,22.4));
#7487 = CARTESIAN_POINT('',(-14.83916025586,-35.83549505591,0.));
#7488 = CARTESIAN_POINT('',(-14.23461633463,-35.29211514646,22.4));
#7489 = CARTESIAN_POINT('',(-14.23461633463,-35.29211514646,0.));
#7490 = CARTESIAN_POINT('',(-13.63783376408,-34.7260493555,22.4));
#7491 = CARTESIAN_POINT('',(-13.63783376408,-34.7260493555,0.));
#7492 = CARTESIAN_POINT('',(-13.03597536895,-34.12140405001,22.4));
#7493 = CARTESIAN_POINT('',(-13.03597536895,-34.12140405001,0.));
#7494 = CARTESIAN_POINT('',(-12.46139000206,-33.50952103009,22.4));
#7495 = CARTESIAN_POINT('',(-12.46139000206,-33.50952103009,0.));
#7496 = CARTESIAN_POINT('',(-11.89949625629,-32.87564719079,22.4));
#7497 = CARTESIAN_POINT('',(-11.89949625629,-32.87564719079,0.));
#7498 = CARTESIAN_POINT('',(-11.35199354807,-32.22018178997,22.4));
#7499 = CARTESIAN_POINT('',(-11.35199354807,-32.22018178997,0.));
#7500 = CARTESIAN_POINT('',(-10.80770093256,-31.5253852448,22.4));
#7501 = CARTESIAN_POINT('',(-10.80770093256,-31.5253852448,0.));
#7502 = CARTESIAN_POINT('',(-10.29634907035,-30.82743930866,22.4));
#7503 = CARTESIAN_POINT('',(-10.29634907035,-30.82743930866,0.));
#7504 = CARTESIAN_POINT('',(-9.804851910469,-30.10974756979,22.4));
#7505 = CARTESIAN_POINT('',(-9.804851910469,-30.10974756979,0.));
#7506 = CARTESIAN_POINT('',(-9.334936033061,-29.37307228834,22.4));
#7507 = CARTESIAN_POINT('',(-9.334936033061,-29.37307228834,0.));
#7508 = CARTESIAN_POINT('',(-8.877736159194,-28.59796152631,22.4));
#7509 = CARTESIAN_POINT('',(-8.877736159194,-28.59796152631,0.));
#7510 = CARTESIAN_POINT('',(-8.458434931152,-27.82512003668,22.4));
#7511 = CARTESIAN_POINT('',(-8.458434931152,-27.82512003668,0.));
#7512 = CARTESIAN_POINT('',(-8.065885752456,-27.03633079942,22.4));
#7513 = CARTESIAN_POINT('',(-8.065885752456,-27.03633079942,0.));
#7514 = CARTESIAN_POINT('',(-7.701565386865,-26.23272984006,22.4));
#7515 = CARTESIAN_POINT('',(-7.701565386865,-26.23272984006,0.));
#7516 = CARTESIAN_POINT('',(-7.359394552073,-25.39365612385,22.4));
#7517 = CARTESIAN_POINT('',(-7.359394552073,-25.39365612385,0.));
#7518 = CARTESIAN_POINT('',(-7.05829302633,-24.56353626989,22.4));
#7519 = CARTESIAN_POINT('',(-7.05829302633,-24.56353626989,0.));
#7520 = CARTESIAN_POINT('',(-6.789473128783,-23.72290812629,22.4));
#7521 = CARTESIAN_POINT('',(-6.789473128783,-23.72290812629,0.));
#7522 = CARTESIAN_POINT('',(-6.553918132854,-22.87330718813,22.4));
#7523 = CARTESIAN_POINT('',(-6.553918132854,-22.87330718813,0.));
#7524 = CARTESIAN_POINT('',(-6.348617583179,-21.993578542,22.4));
#7525 = CARTESIAN_POINT('',(-6.348617583179,-21.993578542,0.));
#7526 = CARTESIAN_POINT('',(-6.184829517245,-21.13070826488,22.4));
#7527 = CARTESIAN_POINT('',(-6.184829517245,-21.13070826488,0.));
#7528 = CARTESIAN_POINT('',(-6.056451553258,-20.26456508829,22.4));
#7529 = CARTESIAN_POINT('',(-6.056451553258,-20.26456508829,0.));
#7530 = CARTESIAN_POINT('',(-5.963735802842,-19.39715798166,22.4));
#7531 = CARTESIAN_POINT('',(-5.963735802842,-19.39715798166,0.));
#7532 = CARTESIAN_POINT('',(-5.906702294594,-18.50773212447,22.4));
#7533 = CARTESIAN_POINT('',(-5.906702294594,-18.50773212447,0.));
#7534 = CARTESIAN_POINT('',(-5.8880828143,-17.64429221301,22.4));
#7535 = CARTESIAN_POINT('',(-5.8880828143,-17.64429221301,0.));
#7536 = CARTESIAN_POINT('',(-5.904570580612,-16.78685937936,22.4));
#7537 = CARTESIAN_POINT('',(-5.904570580612,-16.78685937936,0.));
#7538 = CARTESIAN_POINT('',(-5.955362642131,-15.93821063201,22.4));
#7539 = CARTESIAN_POINT('',(-5.955362642131,-15.93821063201,0.));
#7540 = CARTESIAN_POINT('',(-6.043226844491,-15.07836612056,22.4));
#7541 = CARTESIAN_POINT('',(-6.043226844491,-15.07836612056,0.));
#7542 = CARTESIAN_POINT('',(-6.161621492441,-14.25677158735,22.4));
#7543 = CARTESIAN_POINT('',(-6.161621492441,-14.25677158735,0.));
#7544 = CARTESIAN_POINT('',(-6.311986744438,-13.44630753464,22.4));
#7545 = CARTESIAN_POINT('',(-6.311986744438,-13.44630753464,0.));
#7546 = CARTESIAN_POINT('',(-6.483686308152,-12.68223133296,22.4));
#7547 = CARTESIAN_POINT('',(-6.483686308152,-12.68223133296,0.));
#7548 = CARTESIAN_POINT('',(-6.707112113891,-11.84966423071,22.4));
#7549 = CARTESIAN_POINT('',(-6.707112113891,-11.84966423071,0.));
#7550 = CARTESIAN_POINT('',(-6.815090118851,-11.52414431974,22.4));
#7551 = CARTESIAN_POINT('',(-6.815090118851,-11.52414431974,0.));
#7552 = CARTESIAN_POINT('',(-6.920004198541,-11.18585979371,22.4));
#7553 = CARTESIAN_POINT('',(-6.920004198541,-11.18585979371,0.));
#7554 = DEFINITIONAL_REPRESENTATION('',(#7555),#7559);
#7555 = LINE('',#7556,#7557);
#7556 = CARTESIAN_POINT('',(38.651120081248,0.));
#7557 = VECTOR('',#7558,1.);
#7558 = DIRECTION('',(0.,-1.));
#7559 = ( GEOMETRIC_REPRESENTATION_CONTEXT(2) 
PARAMETRIC_REPRESENTATION_CONTEXT() REPRESENTATION_CONTEXT('2D SPACE',''
  ) );
#7560 = ORIENTED_EDGE('',*,*,#7561,.T.);
#7561 = EDGE_CURVE('',#7438,#7359,#7562,.T.);
#7562 = SURFACE_CURVE('',#7563,(#7567,#7574),.PCURVE_S1.);
#7563 = LINE('',#7564,#7565);
#7564 = CARTESIAN_POINT('',(-6.920004198541,-11.18585979371,22.4));
#7565 = VECTOR('',#7566,1.);
#7566 = DIRECTION('',(0.5,0.866025403784,0.));
#7567 = PCURVE('',#7398,#7568);
#7568 = DEFINITIONAL_REPRESENTATION('',(#7569),#7573);
#7569 = LINE('',#7570,#7571);
#7570 = CARTESIAN_POINT('',(0.,-22.4));
#7571 = VECTOR('',#7572,1.);
#7572 = DIRECTION('',(1.,0.));
#7573 = ( GEOMETRIC_REPRESENTATION_CONTEXT(2) 
PARAMETRIC_REPRESENTATION_CONTEXT() REPRESENTATION_CONTEXT('2D SPACE',''
  ) );
#7574 = PCURVE('',#169,#7575);
#7575 = DEFINITIONAL_REPRESENTATION('',(#7576),#7580);
#7576 = LINE('',#7577,#7578);
#7577 = CARTESIAN_POINT('',(-6.920004198541,-11.18585979371));
#7578 = VECTOR('',#7579,1.);
#7579 = DIRECTION('',(0.5,0.866025403784));
#7580 = ( GEOMETRIC_REPRESENTATION_CONTEXT(2) 
PARAMETRIC_REPRESENTATION_CONTEXT() REPRESENTATION_CONTEXT('2D SPACE',''
  ) );
#7581 = ORIENTED_EDGE('',*,*,#7382,.F.);
#7582 = ORIENTED_EDGE('',*,*,#7583,.F.);
#7583 = EDGE_CURVE('',#7436,#7383,#7584,.T.);
#7584 = SURFACE_CURVE('',#7585,(#7589,#7596),.PCURVE_S1.);
#7585 = LINE('',#7586,#7587);
#7586 = CARTESIAN_POINT('',(-6.920004198541,-11.18585979371,0.));
#7587 = VECTOR('',#7588,1.);
#7588 = DIRECTION('',(0.5,0.866025403784,0.));
#7589 = PCURVE('',#7398,#7590);
#7590 = DEFINITIONAL_REPRESENTATION('',(#7591),#7595);
#7591 = LINE('',#7592,#7593);
#7592 = CARTESIAN_POINT('',(0.,0.));
#7593 = VECTOR('',#7594,1.);
#7594 = DIRECTION('',(1.,0.));
#7595 = ( GEOMETRIC_REPRESENTATION_CONTEXT(2) 
PARAMETRIC_REPRESENTATION_CONTEXT() REPRESENTATION_CONTEXT('2D SPACE',''
  ) );
#7596 = PCURVE('',#224,#7597);
#7597 = DEFINITIONAL_REPRESENTATION('',(#7598),#7602);
#7598 = LINE('',#7599,#7600);
#7599 = CARTESIAN_POINT('',(-6.920004198541,-11.18585979371));
#7600 = VECTOR('',#7601,1.);
#7601 = DIRECTION('',(0.5,0.866025403784));
#7602 = ( GEOMETRIC_REPRESENTATION_CONTEXT(2) 
PARAMETRIC_REPRESENTATION_CONTEXT() REPRESENTATION_CONTEXT('2D SPACE',''
  ) );
#7603 = ADVANCED_FACE('',(#7604),#7453,.T.);
#7604 = FACE_BOUND('',#7605,.T.);
#7605 = EDGE_LOOP('',(#7606,#7636,#7751,#7752));
#7606 = ORIENTED_EDGE('',*,*,#7607,.T.);
#7607 = EDGE_CURVE('',#7608,#7610,#7612,.T.);
#7608 = VERTEX_POINT('',#7609);
#7609 = CARTESIAN_POINT('',(-24.44488854254,-41.43277123851,0.));
#7610 = VERTEX_POINT('',#7611);
#7611 = CARTESIAN_POINT('',(-24.44488854254,-41.43277123851,22.4));
#7612 = SURFACE_CURVE('',#7613,(#7617,#7624),.PCURVE_S1.);
#7613 = LINE('',#7614,#7615);
#7614 = CARTESIAN_POINT('',(-24.44488854254,-41.43277123851,0.));
#7615 = VECTOR('',#7616,1.);
#7616 = DIRECTION('',(0.,0.,1.));
#7617 = PCURVE('',#7453,#7618);
#7618 = DEFINITIONAL_REPRESENTATION('',(#7619),#7623);
#7619 = LINE('',#7620,#7621);
#7620 = CARTESIAN_POINT('',(0.,0.));
#7621 = VECTOR('',#7622,1.);
#7622 = DIRECTION('',(0.,-1.));
#7623 = ( GEOMETRIC_REPRESENTATION_CONTEXT(2) 
PARAMETRIC_REPRESENTATION_CONTEXT() REPRESENTATION_CONTEXT('2D SPACE',''
  ) );
#7624 = PCURVE('',#7625,#7630);
#7625 = PLANE('',#7626);
#7626 = AXIS2_PLACEMENT_3D('',#7627,#7628,#7629);
#7627 = CARTESIAN_POINT('',(-24.92679047656,-41.60414782852,0.));
#7628 = DIRECTION('',(-0.335068126531,0.942193902858,0.));
#7629 = DIRECTION('',(0.942193902858,0.335068126531,0.));
#7630 = DEFINITIONAL_REPRESENTATION('',(#7631),#7635);
#7631 = LINE('',#7632,#7633);
#7632 = CARTESIAN_POINT('',(0.511467896952,0.));
#7633 = VECTOR('',#7634,1.);
#7634 = DIRECTION('',(0.,-1.));
#7635 = ( GEOMETRIC_REPRESENTATION_CONTEXT(2) 
PARAMETRIC_REPRESENTATION_CONTEXT() REPRESENTATION_CONTEXT('2D SPACE',''
  ) );
#7636 = ORIENTED_EDGE('',*,*,#7637,.T.);
#7637 = EDGE_CURVE('',#7610,#7438,#7638,.T.);
#7638 = SURFACE_CURVE('',#7639,(#7690,#7697),.PCURVE_S1.);
#7639 = B_SPLINE_CURVE_WITH_KNOTS('',3,(#7640,#7641,#7642,#7643,#7644,
    #7645,#7646,#7647,#7648,#7649,#7650,#7651,#7652,#7653,#7654,#7655,
    #7656,#7657,#7658,#7659,#7660,#7661,#7662,#7663,#7664,#7665,#7666,
    #7667,#7668,#7669,#7670,#7671,#7672,#7673,#7674,#7675,#7676,#7677,
    #7678,#7679,#7680,#7681,#7682,#7683,#7684,#7685,#7686,#7687,#7688,
    #7689),.UNSPECIFIED.,.F.,.F.,(4,1,1,1,1,1,1,1,1,1,1,1,1,1,1,1,1,1,1,
    1,1,1,1,1,1,1,1,1,1,1,1,1,1,1,1,1,1,1,1,1,1,1,1,1,1,1,1,4),(0.,
    0.72551896577,1.446812427957,2.167545581006,2.834652630785,
    3.561455250387,4.294404186133,5.035083262141,5.726745513771,
    6.485571675342,7.25499120568,8.035460380499,8.765906861733,
    9.568099084978,10.381469893138,11.205727652658,11.975881503332,
    12.819782078992,13.673026185696,14.534915364628,15.33753390218,
    16.21390469293,17.096636274619,17.984915961911,18.809100000342,
    19.705802922083,20.60576324729,21.508256924785,22.342991216384,
    23.248469118661,24.154594114226,25.060793204637,25.896884345071,
    26.801694858737,27.704993846459,28.606214463702,29.435742647904,
    30.331166080504,31.222462333173,32.108696907138,32.921319115104,
    33.794515353684,34.658772776489,35.512251077876,36.288651119977,
    37.115000087988,37.923185154055,38.651120081248),.UNSPECIFIED.);
#7640 = CARTESIAN_POINT('',(-24.44488854254,-41.43277123851,22.4));
#7641 = CARTESIAN_POINT('',(-24.21673799829,-41.35167550148,22.4));
#7642 = CARTESIAN_POINT('',(-23.76114530939,-41.19464181722,22.4));
#7643 = CARTESIAN_POINT('',(-23.08727288439,-40.93315081764,22.4));
#7644 = CARTESIAN_POINT('',(-22.43792554621,-40.66364077763,22.4));
#7645 = CARTESIAN_POINT('',(-21.79416723133,-40.37630947488,22.4));
#7646 = CARTESIAN_POINT('',(-21.15423005099,-40.07101458601,22.4));
#7647 = CARTESIAN_POINT('',(-20.50077638545,-39.73767654082,22.4));
#7648 = CARTESIAN_POINT('',(-19.86664196457,-39.39280275271,22.4));
#7649 = CARTESIAN_POINT('',(-19.23397661604,-39.02769381245,22.4));
#7650 = CARTESIAN_POINT('',(-18.60254320546,-38.6417218855,22.4));
#7651 = CARTESIAN_POINT('',(-17.95659989865,-38.22323396093,22.4));
#7652 = CARTESIAN_POINT('',(-17.3296597339,-37.7932904952,22.4));
#7653 = CARTESIAN_POINT('',(-16.70496392585,-37.34122229095,22.4));
#7654 = CARTESIAN_POINT('',(-16.08325878877,-36.86671327556,22.4));
#7655 = CARTESIAN_POINT('',(-15.45012098288,-36.35611725755,22.4));
#7656 = CARTESIAN_POINT('',(-14.83916025586,-35.83549505591,22.4));
#7657 = CARTESIAN_POINT('',(-14.23461633463,-35.29211514646,22.4));
#7658 = CARTESIAN_POINT('',(-13.63783376408,-34.7260493555,22.4));
#7659 = CARTESIAN_POINT('',(-13.03597536895,-34.12140405001,22.4));
#7660 = CARTESIAN_POINT('',(-12.46139000206,-33.50952103009,22.4));
#7661 = CARTESIAN_POINT('',(-11.89949625629,-32.87564719079,22.4));
#7662 = CARTESIAN_POINT('',(-11.35199354807,-32.22018178997,22.4));
#7663 = CARTESIAN_POINT('',(-10.80770093256,-31.5253852448,22.4));
#7664 = CARTESIAN_POINT('',(-10.29634907035,-30.82743930866,22.4));
#7665 = CARTESIAN_POINT('',(-9.804851910469,-30.10974756979,22.4));
#7666 = CARTESIAN_POINT('',(-9.334936033061,-29.37307228834,22.4));
#7667 = CARTESIAN_POINT('',(-8.877736159194,-28.59796152631,22.4));
#7668 = CARTESIAN_POINT('',(-8.458434931152,-27.82512003668,22.4));
#7669 = CARTESIAN_POINT('',(-8.065885752456,-27.03633079942,22.4));
#7670 = CARTESIAN_POINT('',(-7.701565386865,-26.23272984006,22.4));
#7671 = CARTESIAN_POINT('',(-7.359394552073,-25.39365612385,22.4));
#7672 = CARTESIAN_POINT('',(-7.05829302633,-24.56353626989,22.4));
#7673 = CARTESIAN_POINT('',(-6.789473128783,-23.72290812629,22.4));
#7674 = CARTESIAN_POINT('',(-6.553918132854,-22.87330718813,22.4));
#7675 = CARTESIAN_POINT('',(-6.348617583179,-21.993578542,22.4));
#7676 = CARTESIAN_POINT('',(-6.184829517245,-21.13070826488,22.4));
#7677 = CARTESIAN_POINT('',(-6.056451553258,-20.26456508829,22.4));
#7678 = CARTESIAN_POINT('',(-5.963735802842,-19.39715798166,22.4));
#7679 = CARTESIAN_POINT('',(-5.906702294594,-18.50773212447,22.4));
#7680 = CARTESIAN_POINT('',(-5.8880828143,-17.64429221301,22.4));
#7681 = CARTESIAN_POINT('',(-5.904570580612,-16.78685937936,22.4));
#7682 = CARTESIAN_POINT('',(-5.955362642131,-15.93821063201,22.4));
#7683 = CARTESIAN_POINT('',(-6.043226844491,-15.07836612056,22.4));
#7684 = CARTESIAN_POINT('',(-6.161621492441,-14.25677158735,22.4));
#7685 = CARTESIAN_POINT('',(-6.311986744438,-13.44630753464,22.4));
#7686 = CARTESIAN_POINT('',(-6.483686308152,-12.68223133296,22.4));
#7687 = CARTESIAN_POINT('',(-6.707112113891,-11.84966423071,22.4));
#7688 = CARTESIAN_POINT('',(-6.815090118851,-11.52414431974,22.4));
#7689 = CARTESIAN_POINT('',(-6.920004198541,-11.18585979371,22.4));
#7690 = PCURVE('',#7453,#7691);
#7691 = DEFINITIONAL_REPRESENTATION('',(#7692),#7696);
#7692 = LINE('',#7693,#7694);
#7693 = CARTESIAN_POINT('',(0.,-22.4));
#7694 = VECTOR('',#7695,1.);
#7695 = DIRECTION('',(1.,0.));
#7696 = ( GEOMETRIC_REPRESENTATION_CONTEXT(2) 
PARAMETRIC_REPRESENTATION_CONTEXT() REPRESENTATION_CONTEXT('2D SPACE',''
  ) );
#7697 = PCURVE('',#169,#7698);
#7698 = DEFINITIONAL_REPRESENTATION('',(#7699),#7750);
#7699 = B_SPLINE_CURVE_WITH_KNOTS('',3,(#7700,#7701,#7702,#7703,#7704,
    #7705,#7706,#7707,#7708,#7709,#7710,#7711,#7712,#7713,#7714,#7715,
    #7716,#7717,#7718,#7719,#7720,#7721,#7722,#7723,#7724,#7725,#7726,
    #7727,#7728,#7729,#7730,#7731,#7732,#7733,#7734,#7735,#7736,#7737,
    #7738,#7739,#7740,#7741,#7742,#7743,#7744,#7745,#7746,#7747,#7748,
    #7749),.UNSPECIFIED.,.F.,.F.,(4,1,1,1,1,1,1,1,1,1,1,1,1,1,1,1,1,1,1,
    1,1,1,1,1,1,1,1,1,1,1,1,1,1,1,1,1,1,1,1,1,1,1,1,1,1,1,1,4),(0.,
    0.72551896577,1.446812427957,2.167545581006,2.834652630785,
    3.561455250387,4.294404186133,5.035083262141,5.726745513771,
    6.485571675342,7.25499120568,8.035460380499,8.765906861733,
    9.568099084978,10.381469893138,11.205727652658,11.975881503332,
    12.819782078992,13.673026185696,14.534915364628,15.33753390218,
    16.21390469293,17.096636274619,17.984915961911,18.809100000342,
    19.705802922083,20.60576324729,21.508256924785,22.342991216384,
    23.248469118661,24.154594114226,25.060793204637,25.896884345071,
    26.801694858737,27.704993846459,28.606214463702,29.435742647904,
    30.331166080504,31.222462333173,32.108696907138,32.921319115104,
    33.794515353684,34.658772776489,35.512251077876,36.288651119977,
    37.115000087988,37.923185154055,38.651120081248),.UNSPECIFIED.);
#7700 = CARTESIAN_POINT('',(-24.44488854254,-41.43277123851));
#7701 = CARTESIAN_POINT('',(-24.21673799829,-41.35167550148));
#7702 = CARTESIAN_POINT('',(-23.76114530939,-41.19464181722));
#7703 = CARTESIAN_POINT('',(-23.08727288439,-40.93315081764));
#7704 = CARTESIAN_POINT('',(-22.43792554621,-40.66364077763));
#7705 = CARTESIAN_POINT('',(-21.79416723133,-40.37630947488));
#7706 = CARTESIAN_POINT('',(-21.15423005099,-40.07101458601));
#7707 = CARTESIAN_POINT('',(-20.50077638545,-39.73767654082));
#7708 = CARTESIAN_POINT('',(-19.86664196457,-39.39280275271));
#7709 = CARTESIAN_POINT('',(-19.23397661604,-39.02769381245));
#7710 = CARTESIAN_POINT('',(-18.60254320546,-38.6417218855));
#7711 = CARTESIAN_POINT('',(-17.95659989865,-38.22323396093));
#7712 = CARTESIAN_POINT('',(-17.3296597339,-37.7932904952));
#7713 = CARTESIAN_POINT('',(-16.70496392585,-37.34122229095));
#7714 = CARTESIAN_POINT('',(-16.08325878877,-36.86671327556));
#7715 = CARTESIAN_POINT('',(-15.45012098288,-36.35611725755));
#7716 = CARTESIAN_POINT('',(-14.83916025586,-35.83549505591));
#7717 = CARTESIAN_POINT('',(-14.23461633463,-35.29211514646));
#7718 = CARTESIAN_POINT('',(-13.63783376408,-34.7260493555));
#7719 = CARTESIAN_POINT('',(-13.03597536895,-34.12140405001));
#7720 = CARTESIAN_POINT('',(-12.46139000206,-33.50952103009));
#7721 = CARTESIAN_POINT('',(-11.89949625629,-32.87564719079));
#7722 = CARTESIAN_POINT('',(-11.35199354807,-32.22018178997));
#7723 = CARTESIAN_POINT('',(-10.80770093256,-31.5253852448));
#7724 = CARTESIAN_POINT('',(-10.29634907035,-30.82743930866));
#7725 = CARTESIAN_POINT('',(-9.804851910469,-30.10974756979));
#7726 = CARTESIAN_POINT('',(-9.334936033061,-29.37307228834));
#7727 = CARTESIAN_POINT('',(-8.877736159194,-28.59796152631));
#7728 = CARTESIAN_POINT('',(-8.458434931152,-27.82512003668));
#7729 = CARTESIAN_POINT('',(-8.065885752456,-27.03633079942));
#7730 = CARTESIAN_POINT('',(-7.701565386865,-26.23272984006));
#7731 = CARTESIAN_POINT('',(-7.359394552073,-25.39365612385));
#7732 = CARTESIAN_POINT('',(-7.05829302633,-24.56353626989));
#7733 = CARTESIAN_POINT('',(-6.789473128783,-23.72290812629));
#7734 = CARTESIAN_POINT('',(-6.553918132854,-22.87330718813));
#7735 = CARTESIAN_POINT('',(-6.348617583179,-21.993578542));
#7736 = CARTESIAN_POINT('',(-6.184829517245,-21.13070826488));
#7737 = CARTESIAN_POINT('',(-6.056451553258,-20.26456508829));
#7738 = CARTESIAN_POINT('',(-5.963735802842,-19.39715798166));
#7739 = CARTESIAN_POINT('',(-5.906702294594,-18.50773212447));
#7740 = CARTESIAN_POINT('',(-5.8880828143,-17.64429221301));
#7741 = CARTESIAN_POINT('',(-5.904570580612,-16.78685937936));
#7742 = CARTESIAN_POINT('',(-5.955362642131,-15.93821063201));
#7743 = CARTESIAN_POINT('',(-6.043226844491,-15.07836612056));
#7744 = CARTESIAN_POINT('',(-6.161621492441,-14.25677158735));
#7745 = CARTESIAN_POINT('',(-6.311986744438,-13.44630753464));
#7746 = CARTESIAN_POINT('',(-6.483686308152,-12.68223133296));
#7747 = CARTESIAN_POINT('',(-6.707112113891,-11.84966423071));
#7748 = CARTESIAN_POINT('',(-6.815090118851,-11.52414431974));
#7749 = CARTESIAN_POINT('',(-6.920004198541,-11.18585979371));
#7750 = ( GEOMETRIC_REPRESENTATION_CONTEXT(2) 
PARAMETRIC_REPRESENTATION_CONTEXT() REPRESENTATION_CONTEXT('2D SPACE',''
  ) );
#7751 = ORIENTED_EDGE('',*,*,#7435,.F.);
#7752 = ORIENTED_EDGE('',*,*,#7753,.F.);
#7753 = EDGE_CURVE('',#7608,#7436,#7754,.T.);
#7754 = SURFACE_CURVE('',#7755,(#7806,#7813),.PCURVE_S1.);
#7755 = B_SPLINE_CURVE_WITH_KNOTS('',3,(#7756,#7757,#7758,#7759,#7760,
    #7761,#7762,#7763,#7764,#7765,#7766,#7767,#7768,#7769,#7770,#7771,
    #7772,#7773,#7774,#7775,#7776,#7777,#7778,#7779,#7780,#7781,#7782,
    #7783,#7784,#7785,#7786,#7787,#7788,#7789,#7790,#7791,#7792,#7793,
    #7794,#7795,#7796,#7797,#7798,#7799,#7800,#7801,#7802,#7803,#7804,
    #7805),.UNSPECIFIED.,.F.,.F.,(4,1,1,1,1,1,1,1,1,1,1,1,1,1,1,1,1,1,1,
    1,1,1,1,1,1,1,1,1,1,1,1,1,1,1,1,1,1,1,1,1,1,1,1,1,1,1,1,4),(0.,
    0.72551896577,1.446812427957,2.167545581006,2.834652630785,
    3.561455250387,4.294404186133,5.035083262141,5.726745513771,
    6.485571675342,7.25499120568,8.035460380499,8.765906861733,
    9.568099084978,10.381469893138,11.205727652658,11.975881503332,
    12.819782078992,13.673026185696,14.534915364628,15.33753390218,
    16.21390469293,17.096636274619,17.984915961911,18.809100000342,
    19.705802922083,20.60576324729,21.508256924785,22.342991216384,
    23.248469118661,24.154594114226,25.060793204637,25.896884345071,
    26.801694858737,27.704993846459,28.606214463702,29.435742647904,
    30.331166080504,31.222462333173,32.108696907138,32.921319115104,
    33.794515353684,34.658772776489,35.512251077876,36.288651119977,
    37.115000087988,37.923185154055,38.651120081248),.UNSPECIFIED.);
#7756 = CARTESIAN_POINT('',(-24.44488854254,-41.43277123851,0.));
#7757 = CARTESIAN_POINT('',(-24.21673799829,-41.35167550148,0.));
#7758 = CARTESIAN_POINT('',(-23.76114530939,-41.19464181722,0.));
#7759 = CARTESIAN_POINT('',(-23.08727288439,-40.93315081764,0.));
#7760 = CARTESIAN_POINT('',(-22.43792554621,-40.66364077763,0.));
#7761 = CARTESIAN_POINT('',(-21.79416723133,-40.37630947488,0.));
#7762 = CARTESIAN_POINT('',(-21.15423005099,-40.07101458601,0.));
#7763 = CARTESIAN_POINT('',(-20.50077638545,-39.73767654082,0.));
#7764 = CARTESIAN_POINT('',(-19.86664196457,-39.39280275271,0.));
#7765 = CARTESIAN_POINT('',(-19.23397661604,-39.02769381245,0.));
#7766 = CARTESIAN_POINT('',(-18.60254320546,-38.6417218855,0.));
#7767 = CARTESIAN_POINT('',(-17.95659989865,-38.22323396093,0.));
#7768 = CARTESIAN_POINT('',(-17.3296597339,-37.7932904952,0.));
#7769 = CARTESIAN_POINT('',(-16.70496392585,-37.34122229095,0.));
#7770 = CARTESIAN_POINT('',(-16.08325878877,-36.86671327556,0.));
#7771 = CARTESIAN_POINT('',(-15.45012098288,-36.35611725755,0.));
#7772 = CARTESIAN_POINT('',(-14.83916025586,-35.83549505591,0.));
#7773 = CARTESIAN_POINT('',(-14.23461633463,-35.29211514646,0.));
#7774 = CARTESIAN_POINT('',(-13.63783376408,-34.7260493555,0.));
#7775 = CARTESIAN_POINT('',(-13.03597536895,-34.12140405001,0.));
#7776 = CARTESIAN_POINT('',(-12.46139000206,-33.50952103009,0.));
#7777 = CARTESIAN_POINT('',(-11.89949625629,-32.87564719079,0.));
#7778 = CARTESIAN_POINT('',(-11.35199354807,-32.22018178997,0.));
#7779 = CARTESIAN_POINT('',(-10.80770093256,-31.5253852448,0.));
#7780 = CARTESIAN_POINT('',(-10.29634907035,-30.82743930866,0.));
#7781 = CARTESIAN_POINT('',(-9.804851910469,-30.10974756979,0.));
#7782 = CARTESIAN_POINT('',(-9.334936033061,-29.37307228834,0.));
#7783 = CARTESIAN_POINT('',(-8.877736159194,-28.59796152631,0.));
#7784 = CARTESIAN_POINT('',(-8.458434931152,-27.82512003668,0.));
#7785 = CARTESIAN_POINT('',(-8.065885752456,-27.03633079942,0.));
#7786 = CARTESIAN_POINT('',(-7.701565386865,-26.23272984006,0.));
#7787 = CARTESIAN_POINT('',(-7.359394552073,-25.39365612385,0.));
#7788 = CARTESIAN_POINT('',(-7.05829302633,-24.56353626989,0.));
#7789 = CARTESIAN_POINT('',(-6.789473128783,-23.72290812629,0.));
#7790 = CARTESIAN_POINT('',(-6.553918132854,-22.87330718813,0.));
#7791 = CARTESIAN_POINT('',(-6.348617583179,-21.993578542,0.));
#7792 = CARTESIAN_POINT('',(-6.184829517245,-21.13070826488,0.));
#7793 = CARTESIAN_POINT('',(-6.056451553258,-20.26456508829,0.));
#7794 = CARTESIAN_POINT('',(-5.963735802842,-19.39715798166,0.));
#7795 = CARTESIAN_POINT('',(-5.906702294594,-18.50773212447,0.));
#7796 = CARTESIAN_POINT('',(-5.8880828143,-17.64429221301,0.));
#7797 = CARTESIAN_POINT('',(-5.904570580612,-16.78685937936,0.));
#7798 = CARTESIAN_POINT('',(-5.955362642131,-15.93821063201,0.));
#7799 = CARTESIAN_POINT('',(-6.043226844491,-15.07836612056,0.));
#7800 = CARTESIAN_POINT('',(-6.161621492441,-14.25677158735,0.));
#7801 = CARTESIAN_POINT('',(-6.311986744438,-13.44630753464,0.));
#7802 = CARTESIAN_POINT('',(-6.483686308152,-12.68223133296,0.));
#7803 = CARTESIAN_POINT('',(-6.707112113891,-11.84966423071,0.));
#7804 = CARTESIAN_POINT('',(-6.815090118851,-11.52414431974,0.));
#7805 = CARTESIAN_POINT('',(-6.920004198541,-11.18585979371,0.));
#7806 = PCURVE('',#7453,#7807);
#7807 = DEFINITIONAL_REPRESENTATION('',(#7808),#7812);
#7808 = LINE('',#7809,#7810);
#7809 = CARTESIAN_POINT('',(0.,0.));
#7810 = VECTOR('',#7811,1.);
#7811 = DIRECTION('',(1.,0.));
#7812 = ( GEOMETRIC_REPRESENTATION_CONTEXT(2) 
PARAMETRIC_REPRESENTATION_CONTEXT() REPRESENTATION_CONTEXT('2D SPACE',''
  ) );
#7813 = PCURVE('',#224,#7814);
#7814 = DEFINITIONAL_REPRESENTATION('',(#7815),#7866);
#7815 = B_SPLINE_CURVE_WITH_KNOTS('',3,(#7816,#7817,#7818,#7819,#7820,
    #7821,#7822,#7823,#7824,#7825,#7826,#7827,#7828,#7829,#7830,#7831,
    #7832,#7833,#7834,#7835,#7836,#7837,#7838,#7839,#7840,#7841,#7842,
    #7843,#7844,#7845,#7846,#7847,#7848,#7849,#7850,#7851,#7852,#7853,
    #7854,#7855,#7856,#7857,#7858,#7859,#7860,#7861,#7862,#7863,#7864,
    #7865),.UNSPECIFIED.,.F.,.F.,(4,1,1,1,1,1,1,1,1,1,1,1,1,1,1,1,1,1,1,
    1,1,1,1,1,1,1,1,1,1,1,1,1,1,1,1,1,1,1,1,1,1,1,1,1,1,1,1,4),(0.,
    0.72551896577,1.446812427957,2.167545581006,2.834652630785,
    3.561455250387,4.294404186133,5.035083262141,5.726745513771,
    6.485571675342,7.25499120568,8.035460380499,8.765906861733,
    9.568099084978,10.381469893138,11.205727652658,11.975881503332,
    12.819782078992,13.673026185696,14.534915364628,15.33753390218,
    16.21390469293,17.096636274619,17.984915961911,18.809100000342,
    19.705802922083,20.60576324729,21.508256924785,22.342991216384,
    23.248469118661,24.154594114226,25.060793204637,25.896884345071,
    26.801694858737,27.704993846459,28.606214463702,29.435742647904,
    30.331166080504,31.222462333173,32.108696907138,32.921319115104,
    33.794515353684,34.658772776489,35.512251077876,36.288651119977,
    37.115000087988,37.923185154055,38.651120081248),.UNSPECIFIED.);
#7816 = CARTESIAN_POINT('',(-24.44488854254,-41.43277123851));
#7817 = CARTESIAN_POINT('',(-24.21673799829,-41.35167550148));
#7818 = CARTESIAN_POINT('',(-23.76114530939,-41.19464181722));
#7819 = CARTESIAN_POINT('',(-23.08727288439,-40.93315081764));
#7820 = CARTESIAN_POINT('',(-22.43792554621,-40.66364077763));
#7821 = CARTESIAN_POINT('',(-21.79416723133,-40.37630947488));
#7822 = CARTESIAN_POINT('',(-21.15423005099,-40.07101458601));
#7823 = CARTESIAN_POINT('',(-20.50077638545,-39.73767654082));
#7824 = CARTESIAN_POINT('',(-19.86664196457,-39.39280275271));
#7825 = CARTESIAN_POINT('',(-19.23397661604,-39.02769381245));
#7826 = CARTESIAN_POINT('',(-18.60254320546,-38.6417218855));
#7827 = CARTESIAN_POINT('',(-17.95659989865,-38.22323396093));
#7828 = CARTESIAN_POINT('',(-17.3296597339,-37.7932904952));
#7829 = CARTESIAN_POINT('',(-16.70496392585,-37.34122229095));
#7830 = CARTESIAN_POINT('',(-16.08325878877,-36.86671327556));
#7831 = CARTESIAN_POINT('',(-15.45012098288,-36.35611725755));
#7832 = CARTESIAN_POINT('',(-14.83916025586,-35.83549505591));
#7833 = CARTESIAN_POINT('',(-14.23461633463,-35.29211514646));
#7834 = CARTESIAN_POINT('',(-13.63783376408,-34.7260493555));
#7835 = CARTESIAN_POINT('',(-13.03597536895,-34.12140405001));
#7836 = CARTESIAN_POINT('',(-12.46139000206,-33.50952103009));
#7837 = CARTESIAN_POINT('',(-11.89949625629,-32.87564719079));
#7838 = CARTESIAN_POINT('',(-11.35199354807,-32.22018178997));
#7839 = CARTESIAN_POINT('',(-10.80770093256,-31.5253852448));
#7840 = CARTESIAN_POINT('',(-10.29634907035,-30.82743930866));
#7841 = CARTESIAN_POINT('',(-9.804851910469,-30.10974756979));
#7842 = CARTESIAN_POINT('',(-9.334936033061,-29.37307228834));
#7843 = CARTESIAN_POINT('',(-8.877736159194,-28.59796152631));
#7844 = CARTESIAN_POINT('',(-8.458434931152,-27.82512003668));
#7845 = CARTESIAN_POINT('',(-8.065885752456,-27.03633079942));
#7846 = CARTESIAN_POINT('',(-7.701565386865,-26.23272984006));
#7847 = CARTESIAN_POINT('',(-7.359394552073,-25.39365612385));
#7848 = CARTESIAN_POINT('',(-7.05829302633,-24.56353626989));
#7849 = CARTESIAN_POINT('',(-6.789473128783,-23.72290812629));
#7850 = CARTESIAN_POINT('',(-6.553918132854,-22.87330718813));
#7851 = CARTESIAN_POINT('',(-6.348617583179,-21.993578542));
#7852 = CARTESIAN_POINT('',(-6.184829517245,-21.13070826488));
#7853 = CARTESIAN_POINT('',(-6.056451553258,-20.26456508829));
#7854 = CARTESIAN_POINT('',(-5.963735802842,-19.39715798166));
#7855 = CARTESIAN_POINT('',(-5.906702294594,-18.50773212447));
#7856 = CARTESIAN_POINT('',(-5.8880828143,-17.64429221301));
#7857 = CARTESIAN_POINT('',(-5.904570580612,-16.78685937936));
#7858 = CARTESIAN_POINT('',(-5.955362642131,-15.93821063201));
#7859 = CARTESIAN_POINT('',(-6.043226844491,-15.07836612056));
#7860 = CARTESIAN_POINT('',(-6.161621492441,-14.25677158735));
#7861 = CARTESIAN_POINT('',(-6.311986744438,-13.44630753464));
#7862 = CARTESIAN_POINT('',(-6.483686308152,-12.68223133296));
#7863 = CARTESIAN_POINT('',(-6.707112113891,-11.84966423071));
#7864 = CARTESIAN_POINT('',(-6.815090118851,-11.52414431974));
#7865 = CARTESIAN_POINT('',(-6.920004198541,-11.18585979371));
#7866 = ( GEOMETRIC_REPRESENTATION_CONTEXT(2) 
PARAMETRIC_REPRESENTATION_CONTEXT() REPRESENTATION_CONTEXT('2D SPACE',''
  ) );
#7867 = ADVANCED_FACE('',(#7868),#7625,.T.);
#7868 = FACE_BOUND('',#7869,.T.);
#7869 = EDGE_LOOP('',(#7870,#7900,#7921,#7922));
#7870 = ORIENTED_EDGE('',*,*,#7871,.T.);
#7871 = EDGE_CURVE('',#7872,#7874,#7876,.T.);
#7872 = VERTEX_POINT('',#7873);
#7873 = CARTESIAN_POINT('',(-24.92679047656,-41.60414782852,0.));
#7874 = VERTEX_POINT('',#7875);
#7875 = CARTESIAN_POINT('',(-24.92679047656,-41.60414782852,22.4));
#7876 = SURFACE_CURVE('',#7877,(#7881,#7888),.PCURVE_S1.);
#7877 = LINE('',#7878,#7879);
#7878 = CARTESIAN_POINT('',(-24.92679047656,-41.60414782852,0.));
#7879 = VECTOR('',#7880,1.);
#7880 = DIRECTION('',(0.,0.,1.));
#7881 = PCURVE('',#7625,#7882);
#7882 = DEFINITIONAL_REPRESENTATION('',(#7883),#7887);
#7883 = LINE('',#7884,#7885);
#7884 = CARTESIAN_POINT('',(0.,0.));
#7885 = VECTOR('',#7886,1.);
#7886 = DIRECTION('',(0.,-1.));
#7887 = ( GEOMETRIC_REPRESENTATION_CONTEXT(2) 
PARAMETRIC_REPRESENTATION_CONTEXT() REPRESENTATION_CONTEXT('2D SPACE',''
  ) );
#7888 = PCURVE('',#7889,#7894);
#7889 = CYLINDRICAL_SURFACE('',#7890,48.5);
#7890 = AXIS2_PLACEMENT_3D('',#7891,#7892,#7893);
#7891 = CARTESIAN_POINT('',(0.,0.,0.));
#7892 = DIRECTION('',(-0.,-0.,-1.));
#7893 = DIRECTION('',(1.,0.,-0.));
#7894 = DEFINITIONAL_REPRESENTATION('',(#7895),#7899);
#7895 = LINE('',#7896,#7897);
#7896 = CARTESIAN_POINT('',(-4.172600634209,0.));
#7897 = VECTOR('',#7898,1.);
#7898 = DIRECTION('',(-0.,-1.));
#7899 = ( GEOMETRIC_REPRESENTATION_CONTEXT(2) 
PARAMETRIC_REPRESENTATION_CONTEXT() REPRESENTATION_CONTEXT('2D SPACE',''
  ) );
#7900 = ORIENTED_EDGE('',*,*,#7901,.T.);
#7901 = EDGE_CURVE('',#7874,#7610,#7902,.T.);
#7902 = SURFACE_CURVE('',#7903,(#7907,#7914),.PCURVE_S1.);
#7903 = LINE('',#7904,#7905);
#7904 = CARTESIAN_POINT('',(-27.11380798498,-42.38190690445,22.4));
#7905 = VECTOR('',#7906,1.);
#7906 = DIRECTION('',(0.942193902858,0.335068126531,0.));
#7907 = PCURVE('',#7625,#7908);
#7908 = DEFINITIONAL_REPRESENTATION('',(#7909),#7913);
#7909 = LINE('',#7910,#7911);
#7910 = CARTESIAN_POINT('',(-2.321196838348,-22.4));
#7911 = VECTOR('',#7912,1.);
#7912 = DIRECTION('',(1.,0.));
#7913 = ( GEOMETRIC_REPRESENTATION_CONTEXT(2) 
PARAMETRIC_REPRESENTATION_CONTEXT() REPRESENTATION_CONTEXT('2D SPACE',''
  ) );
#7914 = PCURVE('',#169,#7915);
#7915 = DEFINITIONAL_REPRESENTATION('',(#7916),#7920);
#7916 = LINE('',#7917,#7918);
#7917 = CARTESIAN_POINT('',(-27.11380798498,-42.38190690445));
#7918 = VECTOR('',#7919,1.);
#7919 = DIRECTION('',(0.942193902858,0.335068126531));
#7920 = ( GEOMETRIC_REPRESENTATION_CONTEXT(2) 
PARAMETRIC_REPRESENTATION_CONTEXT() REPRESENTATION_CONTEXT('2D SPACE',''
  ) );
#7921 = ORIENTED_EDGE('',*,*,#7607,.F.);
#7922 = ORIENTED_EDGE('',*,*,#7923,.F.);
#7923 = EDGE_CURVE('',#7872,#7608,#7924,.T.);
#7924 = SURFACE_CURVE('',#7925,(#7929,#7936),.PCURVE_S1.);
#7925 = LINE('',#7926,#7927);
#7926 = CARTESIAN_POINT('',(-27.11380798498,-42.38190690445,0.));
#7927 = VECTOR('',#7928,1.);
#7928 = DIRECTION('',(0.942193902858,0.335068126531,0.));
#7929 = PCURVE('',#7625,#7930);
#7930 = DEFINITIONAL_REPRESENTATION('',(#7931),#7935);
#7931 = LINE('',#7932,#7933);
#7932 = CARTESIAN_POINT('',(-2.321196838348,-0.));
#7933 = VECTOR('',#7934,1.);
#7934 = DIRECTION('',(1.,0.));
#7935 = ( GEOMETRIC_REPRESENTATION_CONTEXT(2) 
PARAMETRIC_REPRESENTATION_CONTEXT() REPRESENTATION_CONTEXT('2D SPACE',''
  ) );
#7936 = PCURVE('',#224,#7937);
#7937 = DEFINITIONAL_REPRESENTATION('',(#7938),#7942);
#7938 = LINE('',#7939,#7940);
#7939 = CARTESIAN_POINT('',(-27.11380798498,-42.38190690445));
#7940 = VECTOR('',#7941,1.);
#7941 = DIRECTION('',(0.942193902858,0.335068126531));
#7942 = ( GEOMETRIC_REPRESENTATION_CONTEXT(2) 
PARAMETRIC_REPRESENTATION_CONTEXT() REPRESENTATION_CONTEXT('2D SPACE',''
  ) );
#7943 = ADVANCED_FACE('',(#7944),#7889,.F.);
#7944 = FACE_BOUND('',#7945,.T.);
#7945 = EDGE_LOOP('',(#7946,#7971,#7993,#7994));
#7946 = ORIENTED_EDGE('',*,*,#7947,.T.);
#7947 = EDGE_CURVE('',#7948,#7950,#7952,.T.);
#7948 = VERTEX_POINT('',#7949);
#7949 = CARTESIAN_POINT('',(-41.5978577535,-24.93728594532,0.));
#7950 = VERTEX_POINT('',#7951);
#7951 = CARTESIAN_POINT('',(-41.5978577535,-24.93728594532,22.4));
#7952 = SURFACE_CURVE('',#7953,(#7957,#7964),.PCURVE_S1.);
#7953 = LINE('',#7954,#7955);
#7954 = CARTESIAN_POINT('',(-41.5978577535,-24.93728594532,0.));
#7955 = VECTOR('',#7956,1.);
#7956 = DIRECTION('',(0.,0.,1.));
#7957 = PCURVE('',#7889,#7958);
#7958 = DEFINITIONAL_REPRESENTATION('',(#7959),#7963);
#7959 = LINE('',#7960,#7961);
#7960 = CARTESIAN_POINT('',(-3.681633288605,0.));
#7961 = VECTOR('',#7962,1.);
#7962 = DIRECTION('',(-0.,-1.));
#7963 = ( GEOMETRIC_REPRESENTATION_CONTEXT(2) 
PARAMETRIC_REPRESENTATION_CONTEXT() REPRESENTATION_CONTEXT('2D SPACE',''
  ) );
#7964 = PCURVE('',#7250,#7965);
#7965 = DEFINITIONAL_REPRESENTATION('',(#7966),#7970);
#7966 = LINE('',#7967,#7968);
#7967 = CARTESIAN_POINT('',(40.083562049213,0.));
#7968 = VECTOR('',#7969,1.);
#7969 = DIRECTION('',(0.,-1.));
#7970 = ( GEOMETRIC_REPRESENTATION_CONTEXT(2) 
PARAMETRIC_REPRESENTATION_CONTEXT() REPRESENTATION_CONTEXT('2D SPACE',''
  ) );
#7971 = ORIENTED_EDGE('',*,*,#7972,.T.);
#7972 = EDGE_CURVE('',#7950,#7874,#7973,.T.);
#7973 = SURFACE_CURVE('',#7974,(#7979,#7986),.PCURVE_S1.);
#7974 = CIRCLE('',#7975,48.5);
#7975 = AXIS2_PLACEMENT_3D('',#7976,#7977,#7978);
#7976 = CARTESIAN_POINT('',(0.,0.,22.4));
#7977 = DIRECTION('',(0.,0.,1.));
#7978 = DIRECTION('',(1.,0.,-0.));
#7979 = PCURVE('',#7889,#7980);
#7980 = DEFINITIONAL_REPRESENTATION('',(#7981),#7985);
#7981 = LINE('',#7982,#7983);
#7982 = CARTESIAN_POINT('',(-0.,-22.4));
#7983 = VECTOR('',#7984,1.);
#7984 = DIRECTION('',(-1.,0.));
#7985 = ( GEOMETRIC_REPRESENTATION_CONTEXT(2) 
PARAMETRIC_REPRESENTATION_CONTEXT() REPRESENTATION_CONTEXT('2D SPACE',''
  ) );
#7986 = PCURVE('',#169,#7987);
#7987 = DEFINITIONAL_REPRESENTATION('',(#7988),#7992);
#7988 = CIRCLE('',#7989,48.5);
#7989 = AXIS2_PLACEMENT_2D('',#7990,#7991);
#7990 = CARTESIAN_POINT('',(0.,-1.204325410458E-15));
#7991 = DIRECTION('',(1.,0.));
#7992 = ( GEOMETRIC_REPRESENTATION_CONTEXT(2) 
PARAMETRIC_REPRESENTATION_CONTEXT() REPRESENTATION_CONTEXT('2D SPACE',''
  ) );
#7993 = ORIENTED_EDGE('',*,*,#7871,.F.);
#7994 = ORIENTED_EDGE('',*,*,#7995,.F.);
#7995 = EDGE_CURVE('',#7948,#7872,#7996,.T.);
#7996 = SURFACE_CURVE('',#7997,(#8002,#8009),.PCURVE_S1.);
#7997 = CIRCLE('',#7998,48.5);
#7998 = AXIS2_PLACEMENT_3D('',#7999,#8000,#8001);
#7999 = CARTESIAN_POINT('',(0.,0.,0.));
#8000 = DIRECTION('',(0.,0.,1.));
#8001 = DIRECTION('',(1.,0.,-0.));
#8002 = PCURVE('',#7889,#8003);
#8003 = DEFINITIONAL_REPRESENTATION('',(#8004),#8008);
#8004 = LINE('',#8005,#8006);
#8005 = CARTESIAN_POINT('',(-0.,0.));
#8006 = VECTOR('',#8007,1.);
#8007 = DIRECTION('',(-1.,0.));
#8008 = ( GEOMETRIC_REPRESENTATION_CONTEXT(2) 
PARAMETRIC_REPRESENTATION_CONTEXT() REPRESENTATION_CONTEXT('2D SPACE',''
  ) );
#8009 = PCURVE('',#224,#8010);
#8010 = DEFINITIONAL_REPRESENTATION('',(#8011),#8015);
#8011 = CIRCLE('',#8012,48.5);
#8012 = AXIS2_PLACEMENT_2D('',#8013,#8014);
#8013 = CARTESIAN_POINT('',(0.,-1.204325410458E-15));
#8014 = DIRECTION('',(1.,0.));
#8015 = ( GEOMETRIC_REPRESENTATION_CONTEXT(2) 
PARAMETRIC_REPRESENTATION_CONTEXT() REPRESENTATION_CONTEXT('2D SPACE',''
  ) );
#8016 = ADVANCED_FACE('',(#8017),#7250,.T.);
#8017 = FACE_BOUND('',#8018,.T.);
#8018 = EDGE_LOOP('',(#8019,#8020,#8135,#8136));
#8019 = ORIENTED_EDGE('',*,*,#7227,.T.);
#8020 = ORIENTED_EDGE('',*,*,#8021,.T.);
#8021 = EDGE_CURVE('',#7230,#7950,#8022,.T.);
#8022 = SURFACE_CURVE('',#8023,(#8074,#8081),.PCURVE_S1.);
#8023 = B_SPLINE_CURVE_WITH_KNOTS('',3,(#8024,#8025,#8026,#8027,#8028,
    #8029,#8030,#8031,#8032,#8033,#8034,#8035,#8036,#8037,#8038,#8039,
    #8040,#8041,#8042,#8043,#8044,#8045,#8046,#8047,#8048,#8049,#8050,
    #8051,#8052,#8053,#8054,#8055,#8056,#8057,#8058,#8059,#8060,#8061,
    #8062,#8063,#8064,#8065,#8066,#8067,#8068,#8069,#8070,#8071,#8072,
    #8073),.UNSPECIFIED.,.F.,.F.,(4,1,1,1,1,1,1,1,1,1,1,1,1,1,1,1,1,1,1,
    1,1,1,1,1,1,1,1,1,1,1,1,1,1,1,1,1,1,1,1,1,1,1,1,1,1,1,1,4),(0.,
    0.770020974153,1.626265687068,2.501235809007,3.323017628822,
    4.226168942917,5.140567564886,6.064285262741,6.923787879437,
    7.860959618837,8.803220404646,9.749496837408,10.625745778606,
    11.577210076157,12.530237508485,13.484135816053,14.364871812505,
    15.318618169461,16.271356512646,17.222443906393,18.098342389538,
    19.044380308015,19.986772779966,20.924790631856,21.786128506054,
    22.713614611572,23.634502775488,24.548028034391,25.38410411673,
    26.281393184443,27.169232325991,28.047009844699,28.847877333261,
    29.704892084705,30.550578145199,31.384742808357,32.14448317376,
    32.956538608657,33.75747556067,34.547827237765,35.268649993444,
    36.041021221912,36.805779378973,37.564485879874,38.261073281275,
    39.01367744831,39.766626217161,40.522198623296),.UNSPECIFIED.);
#8024 = CARTESIAN_POINT('',(-10.41121592903,-6.472763354746,22.4));
#8025 = CARTESIAN_POINT('',(-10.46793787381,-6.72299684186,22.4));
#8026 = CARTESIAN_POINT('',(-10.58091422539,-7.253448274928,22.4));
#8027 = CARTESIAN_POINT('',(-10.79939295284,-8.058379262551,22.4));
#8028 = CARTESIAN_POINT('',(-11.05133841661,-8.871415413983,22.4));
#8029 = CARTESIAN_POINT('',(-11.34117635488,-9.688384002235,22.4));
#8030 = CARTESIAN_POINT('',(-11.66774740335,-10.50557020188,22.4));
#8031 = CARTESIAN_POINT('',(-12.04200466659,-11.33945814575,22.4));
#8032 = CARTESIAN_POINT('',(-12.44437345936,-12.14391851892,22.4));
#8033 = CARTESIAN_POINT('',(-12.88270486699,-12.93799242807,22.4));
#8034 = CARTESIAN_POINT('',(-13.35627463112,-13.71887117599,22.4));
#8035 = CARTESIAN_POINT('',(-13.87861408935,-14.50300879911,22.4));
#8036 = CARTESIAN_POINT('',(-14.42179109487,-15.24786797697,22.4));
#8037 = CARTESIAN_POINT('',(-14.99667169385,-15.97239095456,22.4));
#8038 = CARTESIAN_POINT('',(-15.60187350942,-16.67482377029,22.4));
#8039 = CARTESIAN_POINT('',(-16.25351011899,-17.37031397466,22.4));
#8040 = CARTESIAN_POINT('',(-16.916417202,-18.02184746069,22.4));
#8041 = CARTESIAN_POINT('',(-17.60438934693,-18.64712919656,22.4));
#8042 = CARTESIAN_POINT('',(-18.31562551323,-19.2452778987,22.4));
#8043 = CARTESIAN_POINT('',(-19.06830055842,-19.82943083279,22.4));
#8044 = CARTESIAN_POINT('',(-19.82176202886,-20.36911366601,22.4));
#8045 = CARTESIAN_POINT('',(-20.59232251579,-20.87996412599,22.4));
#8046 = CARTESIAN_POINT('',(-21.37800024257,-21.36178146569,22.4));
#8047 = CARTESIAN_POINT('',(-22.19844772859,-21.82533070478,22.4));
#8048 = CARTESIAN_POINT('',(-23.00950557669,-22.24695095124,22.4));
#8049 = CARTESIAN_POINT('',(-23.82937899693,-22.63969575983,22.4));
#8050 = CARTESIAN_POINT('',(-24.65613301199,-23.00385466584,22.4));
#8051 = CARTESIAN_POINT('',(-25.51031766709,-23.34768130271,22.4));
#8052 = CARTESIAN_POINT('',(-26.34624701532,-23.65406396911,22.4));
#8053 = CARTESIAN_POINT('',(-27.18332373248,-23.93325079613,22.4));
#8054 = CARTESIAN_POINT('',(-28.01988469993,-24.18584670797,22.4));
#8055 = CARTESIAN_POINT('',(-28.87686721772,-24.41756084161,22.4));
#8056 = CARTESIAN_POINT('',(-29.70880667669,-24.61742186213,22.4));
#8057 = CARTESIAN_POINT('',(-30.53575079006,-24.7926697081,22.4));
#8058 = CARTESIAN_POINT('',(-31.35652920466,-24.94408557491,22.4));
#8059 = CARTESIAN_POINT('',(-32.19206758217,-25.07493971929,22.4));
#8060 = CARTESIAN_POINT('',(-32.9986458065,-25.17924641753,22.4));
#8061 = CARTESIAN_POINT('',(-33.79644950036,-25.26180517006,22.4));
#8062 = CARTESIAN_POINT('',(-34.58505928082,-25.32328609649,22.4));
#8063 = CARTESIAN_POINT('',(-35.38520370244,-25.36457803544,22.4));
#8064 = CARTESIAN_POINT('',(-36.15573713938,-25.38411283963,22.4));
#8065 = CARTESIAN_POINT('',(-36.91703629788,-25.38417475337,22.4));
#8066 = CARTESIAN_POINT('',(-37.66936131119,-25.36523396147,22.4));
#8067 = CARTESIAN_POINT('',(-38.43436523366,-25.3256324292,22.4));
#8068 = CARTESIAN_POINT('',(-39.1698549812,-25.26826250255,22.4));
#8069 = CARTESIAN_POINT('',(-39.91024726178,-25.19068662453,22.4));
#8070 = CARTESIAN_POINT('',(-40.60541346252,-25.10161115279,22.4));
#8071 = CARTESIAN_POINT('',(-41.47489735565,-24.96373685321,22.4));
#8072 = CARTESIAN_POINT('',(-41.65828360319,-24.92514108638,22.4));
#8073 = CARTESIAN_POINT('',(-42.11818407731,-24.84061182953,22.4));
#8074 = PCURVE('',#7250,#8075);
#8075 = DEFINITIONAL_REPRESENTATION('',(#8076),#8080);
#8076 = LINE('',#8077,#8078);
#8077 = CARTESIAN_POINT('',(0.,-22.4));
#8078 = VECTOR('',#8079,1.);
#8079 = DIRECTION('',(1.,0.));
#8080 = ( GEOMETRIC_REPRESENTATION_CONTEXT(2) 
PARAMETRIC_REPRESENTATION_CONTEXT() REPRESENTATION_CONTEXT('2D SPACE',''
  ) );
#8081 = PCURVE('',#169,#8082);
#8082 = DEFINITIONAL_REPRESENTATION('',(#8083),#8134);
#8083 = B_SPLINE_CURVE_WITH_KNOTS('',3,(#8084,#8085,#8086,#8087,#8088,
    #8089,#8090,#8091,#8092,#8093,#8094,#8095,#8096,#8097,#8098,#8099,
    #8100,#8101,#8102,#8103,#8104,#8105,#8106,#8107,#8108,#8109,#8110,
    #8111,#8112,#8113,#8114,#8115,#8116,#8117,#8118,#8119,#8120,#8121,
    #8122,#8123,#8124,#8125,#8126,#8127,#8128,#8129,#8130,#8131,#8132,
    #8133),.UNSPECIFIED.,.F.,.F.,(4,1,1,1,1,1,1,1,1,1,1,1,1,1,1,1,1,1,1,
    1,1,1,1,1,1,1,1,1,1,1,1,1,1,1,1,1,1,1,1,1,1,1,1,1,1,1,1,4),(0.,
    0.770020974153,1.626265687068,2.501235809007,3.323017628822,
    4.226168942917,5.140567564886,6.064285262741,6.923787879437,
    7.860959618837,8.803220404646,9.749496837408,10.625745778606,
    11.577210076157,12.530237508485,13.484135816053,14.364871812505,
    15.318618169461,16.271356512646,17.222443906393,18.098342389538,
    19.044380308015,19.986772779966,20.924790631856,21.786128506054,
    22.713614611572,23.634502775488,24.548028034391,25.38410411673,
    26.281393184443,27.169232325991,28.047009844699,28.847877333261,
    29.704892084705,30.550578145199,31.384742808357,32.14448317376,
    32.956538608657,33.75747556067,34.547827237765,35.268649993444,
    36.041021221912,36.805779378973,37.564485879874,38.261073281275,
    39.01367744831,39.766626217161,40.522198623296),.UNSPECIFIED.);
#8084 = CARTESIAN_POINT('',(-10.41121592903,-6.472763354746));
#8085 = CARTESIAN_POINT('',(-10.46793787381,-6.72299684186));
#8086 = CARTESIAN_POINT('',(-10.58091422539,-7.253448274928));
#8087 = CARTESIAN_POINT('',(-10.79939295284,-8.058379262551));
#8088 = CARTESIAN_POINT('',(-11.05133841661,-8.871415413983));
#8089 = CARTESIAN_POINT('',(-11.34117635488,-9.688384002235));
#8090 = CARTESIAN_POINT('',(-11.66774740335,-10.50557020188));
#8091 = CARTESIAN_POINT('',(-12.04200466659,-11.33945814575));
#8092 = CARTESIAN_POINT('',(-12.44437345936,-12.14391851892));
#8093 = CARTESIAN_POINT('',(-12.88270486699,-12.93799242807));
#8094 = CARTESIAN_POINT('',(-13.35627463112,-13.71887117599));
#8095 = CARTESIAN_POINT('',(-13.87861408935,-14.50300879911));
#8096 = CARTESIAN_POINT('',(-14.42179109487,-15.24786797697));
#8097 = CARTESIAN_POINT('',(-14.99667169385,-15.97239095456));
#8098 = CARTESIAN_POINT('',(-15.60187350942,-16.67482377029));
#8099 = CARTESIAN_POINT('',(-16.25351011899,-17.37031397466));
#8100 = CARTESIAN_POINT('',(-16.916417202,-18.02184746069));
#8101 = CARTESIAN_POINT('',(-17.60438934693,-18.64712919656));
#8102 = CARTESIAN_POINT('',(-18.31562551323,-19.2452778987));
#8103 = CARTESIAN_POINT('',(-19.06830055842,-19.82943083279));
#8104 = CARTESIAN_POINT('',(-19.82176202886,-20.36911366601));
#8105 = CARTESIAN_POINT('',(-20.59232251579,-20.87996412599));
#8106 = CARTESIAN_POINT('',(-21.37800024257,-21.36178146569));
#8107 = CARTESIAN_POINT('',(-22.19844772859,-21.82533070478));
#8108 = CARTESIAN_POINT('',(-23.00950557669,-22.24695095124));
#8109 = CARTESIAN_POINT('',(-23.82937899693,-22.63969575983));
#8110 = CARTESIAN_POINT('',(-24.65613301199,-23.00385466584));
#8111 = CARTESIAN_POINT('',(-25.51031766709,-23.34768130271));
#8112 = CARTESIAN_POINT('',(-26.34624701532,-23.65406396911));
#8113 = CARTESIAN_POINT('',(-27.18332373248,-23.93325079613));
#8114 = CARTESIAN_POINT('',(-28.01988469993,-24.18584670797));
#8115 = CARTESIAN_POINT('',(-28.87686721772,-24.41756084161));
#8116 = CARTESIAN_POINT('',(-29.70880667669,-24.61742186213));
#8117 = CARTESIAN_POINT('',(-30.53575079006,-24.7926697081));
#8118 = CARTESIAN_POINT('',(-31.35652920466,-24.94408557491));
#8119 = CARTESIAN_POINT('',(-32.19206758217,-25.07493971929));
#8120 = CARTESIAN_POINT('',(-32.9986458065,-25.17924641753));
#8121 = CARTESIAN_POINT('',(-33.79644950036,-25.26180517006));
#8122 = CARTESIAN_POINT('',(-34.58505928082,-25.32328609649));
#8123 = CARTESIAN_POINT('',(-35.38520370244,-25.36457803544));
#8124 = CARTESIAN_POINT('',(-36.15573713938,-25.38411283963));
#8125 = CARTESIAN_POINT('',(-36.91703629788,-25.38417475337));
#8126 = CARTESIAN_POINT('',(-37.66936131119,-25.36523396147));
#8127 = CARTESIAN_POINT('',(-38.43436523366,-25.3256324292));
#8128 = CARTESIAN_POINT('',(-39.1698549812,-25.26826250255));
#8129 = CARTESIAN_POINT('',(-39.91024726178,-25.19068662453));
#8130 = CARTESIAN_POINT('',(-40.60541346252,-25.10161115279));
#8131 = CARTESIAN_POINT('',(-41.47489735565,-24.96373685321));
#8132 = CARTESIAN_POINT('',(-41.65828360319,-24.92514108638));
#8133 = CARTESIAN_POINT('',(-42.11818407731,-24.84061182953));
#8134 = ( GEOMETRIC_REPRESENTATION_CONTEXT(2) 
PARAMETRIC_REPRESENTATION_CONTEXT() REPRESENTATION_CONTEXT('2D SPACE',''
  ) );
#8135 = ORIENTED_EDGE('',*,*,#7947,.F.);
#8136 = ORIENTED_EDGE('',*,*,#8137,.F.);
#8137 = EDGE_CURVE('',#7228,#7948,#8138,.T.);
#8138 = SURFACE_CURVE('',#8139,(#8190,#8197),.PCURVE_S1.);
#8139 = B_SPLINE_CURVE_WITH_KNOTS('',3,(#8140,#8141,#8142,#8143,#8144,
    #8145,#8146,#8147,#8148,#8149,#8150,#8151,#8152,#8153,#8154,#8155,
    #8156,#8157,#8158,#8159,#8160,#8161,#8162,#8163,#8164,#8165,#8166,
    #8167,#8168,#8169,#8170,#8171,#8172,#8173,#8174,#8175,#8176,#8177,
    #8178,#8179,#8180,#8181,#8182,#8183,#8184,#8185,#8186,#8187,#8188,
    #8189),.UNSPECIFIED.,.F.,.F.,(4,1,1,1,1,1,1,1,1,1,1,1,1,1,1,1,1,1,1,
    1,1,1,1,1,1,1,1,1,1,1,1,1,1,1,1,1,1,1,1,1,1,1,1,1,1,1,1,4),(0.,
    0.770020974153,1.626265687068,2.501235809007,3.323017628822,
    4.226168942917,5.140567564886,6.064285262741,6.923787879437,
    7.860959618837,8.803220404646,9.749496837408,10.625745778606,
    11.577210076157,12.530237508485,13.484135816053,14.364871812505,
    15.318618169461,16.271356512646,17.222443906393,18.098342389538,
    19.044380308015,19.986772779966,20.924790631856,21.786128506054,
    22.713614611572,23.634502775488,24.548028034391,25.38410411673,
    26.281393184443,27.169232325991,28.047009844699,28.847877333261,
    29.704892084705,30.550578145199,31.384742808357,32.14448317376,
    32.956538608657,33.75747556067,34.547827237765,35.268649993444,
    36.041021221912,36.805779378973,37.564485879874,38.261073281275,
    39.01367744831,39.766626217161,40.522198623296),.UNSPECIFIED.);
#8140 = CARTESIAN_POINT('',(-10.41121592903,-6.472763354746,0.));
#8141 = CARTESIAN_POINT('',(-10.46793787381,-6.72299684186,0.));
#8142 = CARTESIAN_POINT('',(-10.58091422539,-7.253448274928,0.));
#8143 = CARTESIAN_POINT('',(-10.79939295284,-8.058379262551,0.));
#8144 = CARTESIAN_POINT('',(-11.05133841661,-8.871415413983,0.));
#8145 = CARTESIAN_POINT('',(-11.34117635488,-9.688384002235,0.));
#8146 = CARTESIAN_POINT('',(-11.66774740335,-10.50557020188,0.));
#8147 = CARTESIAN_POINT('',(-12.04200466659,-11.33945814575,0.));
#8148 = CARTESIAN_POINT('',(-12.44437345936,-12.14391851892,0.));
#8149 = CARTESIAN_POINT('',(-12.88270486699,-12.93799242807,0.));
#8150 = CARTESIAN_POINT('',(-13.35627463112,-13.71887117599,0.));
#8151 = CARTESIAN_POINT('',(-13.87861408935,-14.50300879911,0.));
#8152 = CARTESIAN_POINT('',(-14.42179109487,-15.24786797697,0.));
#8153 = CARTESIAN_POINT('',(-14.99667169385,-15.97239095456,0.));
#8154 = CARTESIAN_POINT('',(-15.60187350942,-16.67482377029,0.));
#8155 = CARTESIAN_POINT('',(-16.25351011899,-17.37031397466,0.));
#8156 = CARTESIAN_POINT('',(-16.916417202,-18.02184746069,0.));
#8157 = CARTESIAN_POINT('',(-17.60438934693,-18.64712919656,0.));
#8158 = CARTESIAN_POINT('',(-18.31562551323,-19.2452778987,0.));
#8159 = CARTESIAN_POINT('',(-19.06830055842,-19.82943083279,0.));
#8160 = CARTESIAN_POINT('',(-19.82176202886,-20.36911366601,0.));
#8161 = CARTESIAN_POINT('',(-20.59232251579,-20.87996412599,0.));
#8162 = CARTESIAN_POINT('',(-21.37800024257,-21.36178146569,0.));
#8163 = CARTESIAN_POINT('',(-22.19844772859,-21.82533070478,0.));
#8164 = CARTESIAN_POINT('',(-23.00950557669,-22.24695095124,0.));
#8165 = CARTESIAN_POINT('',(-23.82937899693,-22.63969575983,0.));
#8166 = CARTESIAN_POINT('',(-24.65613301199,-23.00385466584,0.));
#8167 = CARTESIAN_POINT('',(-25.51031766709,-23.34768130271,0.));
#8168 = CARTESIAN_POINT('',(-26.34624701532,-23.65406396911,0.));
#8169 = CARTESIAN_POINT('',(-27.18332373248,-23.93325079613,0.));
#8170 = CARTESIAN_POINT('',(-28.01988469993,-24.18584670797,0.));
#8171 = CARTESIAN_POINT('',(-28.87686721772,-24.41756084161,0.));
#8172 = CARTESIAN_POINT('',(-29.70880667669,-24.61742186213,0.));
#8173 = CARTESIAN_POINT('',(-30.53575079006,-24.7926697081,0.));
#8174 = CARTESIAN_POINT('',(-31.35652920466,-24.94408557491,0.));
#8175 = CARTESIAN_POINT('',(-32.19206758217,-25.07493971929,0.));
#8176 = CARTESIAN_POINT('',(-32.9986458065,-25.17924641753,0.));
#8177 = CARTESIAN_POINT('',(-33.79644950036,-25.26180517006,0.));
#8178 = CARTESIAN_POINT('',(-34.58505928082,-25.32328609649,0.));
#8179 = CARTESIAN_POINT('',(-35.38520370244,-25.36457803544,0.));
#8180 = CARTESIAN_POINT('',(-36.15573713938,-25.38411283963,0.));
#8181 = CARTESIAN_POINT('',(-36.91703629788,-25.38417475337,0.));
#8182 = CARTESIAN_POINT('',(-37.66936131119,-25.36523396147,0.));
#8183 = CARTESIAN_POINT('',(-38.43436523366,-25.3256324292,0.));
#8184 = CARTESIAN_POINT('',(-39.1698549812,-25.26826250255,0.));
#8185 = CARTESIAN_POINT('',(-39.91024726178,-25.19068662453,0.));
#8186 = CARTESIAN_POINT('',(-40.60541346252,-25.10161115279,0.));
#8187 = CARTESIAN_POINT('',(-41.47489735565,-24.96373685321,0.));
#8188 = CARTESIAN_POINT('',(-41.65828360319,-24.92514108638,0.));
#8189 = CARTESIAN_POINT('',(-42.11818407731,-24.84061182953,0.));
#8190 = PCURVE('',#7250,#8191);
#8191 = DEFINITIONAL_REPRESENTATION('',(#8192),#8196);
#8192 = LINE('',#8193,#8194);
#8193 = CARTESIAN_POINT('',(0.,0.));
#8194 = VECTOR('',#8195,1.);
#8195 = DIRECTION('',(1.,0.));
#8196 = ( GEOMETRIC_REPRESENTATION_CONTEXT(2) 
PARAMETRIC_REPRESENTATION_CONTEXT() REPRESENTATION_CONTEXT('2D SPACE',''
  ) );
#8197 = PCURVE('',#224,#8198);
#8198 = DEFINITIONAL_REPRESENTATION('',(#8199),#8250);
#8199 = B_SPLINE_CURVE_WITH_KNOTS('',3,(#8200,#8201,#8202,#8203,#8204,
    #8205,#8206,#8207,#8208,#8209,#8210,#8211,#8212,#8213,#8214,#8215,
    #8216,#8217,#8218,#8219,#8220,#8221,#8222,#8223,#8224,#8225,#8226,
    #8227,#8228,#8229,#8230,#8231,#8232,#8233,#8234,#8235,#8236,#8237,
    #8238,#8239,#8240,#8241,#8242,#8243,#8244,#8245,#8246,#8247,#8248,
    #8249),.UNSPECIFIED.,.F.,.F.,(4,1,1,1,1,1,1,1,1,1,1,1,1,1,1,1,1,1,1,
    1,1,1,1,1,1,1,1,1,1,1,1,1,1,1,1,1,1,1,1,1,1,1,1,1,1,1,1,4),(0.,
    0.770020974153,1.626265687068,2.501235809007,3.323017628822,
    4.226168942917,5.140567564886,6.064285262741,6.923787879437,
    7.860959618837,8.803220404646,9.749496837408,10.625745778606,
    11.577210076157,12.530237508485,13.484135816053,14.364871812505,
    15.318618169461,16.271356512646,17.222443906393,18.098342389538,
    19.044380308015,19.986772779966,20.924790631856,21.786128506054,
    22.713614611572,23.634502775488,24.548028034391,25.38410411673,
    26.281393184443,27.169232325991,28.047009844699,28.847877333261,
    29.704892084705,30.550578145199,31.384742808357,32.14448317376,
    32.956538608657,33.75747556067,34.547827237765,35.268649993444,
    36.041021221912,36.805779378973,37.564485879874,38.261073281275,
    39.01367744831,39.766626217161,40.522198623296),.UNSPECIFIED.);
#8200 = CARTESIAN_POINT('',(-10.41121592903,-6.472763354746));
#8201 = CARTESIAN_POINT('',(-10.46793787381,-6.72299684186));
#8202 = CARTESIAN_POINT('',(-10.58091422539,-7.253448274928));
#8203 = CARTESIAN_POINT('',(-10.79939295284,-8.058379262551));
#8204 = CARTESIAN_POINT('',(-11.05133841661,-8.871415413983));
#8205 = CARTESIAN_POINT('',(-11.34117635488,-9.688384002235));
#8206 = CARTESIAN_POINT('',(-11.66774740335,-10.50557020188));
#8207 = CARTESIAN_POINT('',(-12.04200466659,-11.33945814575));
#8208 = CARTESIAN_POINT('',(-12.44437345936,-12.14391851892));
#8209 = CARTESIAN_POINT('',(-12.88270486699,-12.93799242807));
#8210 = CARTESIAN_POINT('',(-13.35627463112,-13.71887117599));
#8211 = CARTESIAN_POINT('',(-13.87861408935,-14.50300879911));
#8212 = CARTESIAN_POINT('',(-14.42179109487,-15.24786797697));
#8213 = CARTESIAN_POINT('',(-14.99667169385,-15.97239095456));
#8214 = CARTESIAN_POINT('',(-15.60187350942,-16.67482377029));
#8215 = CARTESIAN_POINT('',(-16.25351011899,-17.37031397466));
#8216 = CARTESIAN_POINT('',(-16.916417202,-18.02184746069));
#8217 = CARTESIAN_POINT('',(-17.60438934693,-18.64712919656));
#8218 = CARTESIAN_POINT('',(-18.31562551323,-19.2452778987));
#8219 = CARTESIAN_POINT('',(-19.06830055842,-19.82943083279));
#8220 = CARTESIAN_POINT('',(-19.82176202886,-20.36911366601));
#8221 = CARTESIAN_POINT('',(-20.59232251579,-20.87996412599));
#8222 = CARTESIAN_POINT('',(-21.37800024257,-21.36178146569));
#8223 = CARTESIAN_POINT('',(-22.19844772859,-21.82533070478));
#8224 = CARTESIAN_POINT('',(-23.00950557669,-22.24695095124));
#8225 = CARTESIAN_POINT('',(-23.82937899693,-22.63969575983));
#8226 = CARTESIAN_POINT('',(-24.65613301199,-23.00385466584));
#8227 = CARTESIAN_POINT('',(-25.51031766709,-23.34768130271));
#8228 = CARTESIAN_POINT('',(-26.34624701532,-23.65406396911));
#8229 = CARTESIAN_POINT('',(-27.18332373248,-23.93325079613));
#8230 = CARTESIAN_POINT('',(-28.01988469993,-24.18584670797));
#8231 = CARTESIAN_POINT('',(-28.87686721772,-24.41756084161));
#8232 = CARTESIAN_POINT('',(-29.70880667669,-24.61742186213));
#8233 = CARTESIAN_POINT('',(-30.53575079006,-24.7926697081));
#8234 = CARTESIAN_POINT('',(-31.35652920466,-24.94408557491));
#8235 = CARTESIAN_POINT('',(-32.19206758217,-25.07493971929));
#8236 = CARTESIAN_POINT('',(-32.9986458065,-25.17924641753));
#8237 = CARTESIAN_POINT('',(-33.79644950036,-25.26180517006));
#8238 = CARTESIAN_POINT('',(-34.58505928082,-25.32328609649));
#8239 = CARTESIAN_POINT('',(-35.38520370244,-25.36457803544));
#8240 = CARTESIAN_POINT('',(-36.15573713938,-25.38411283963));
#8241 = CARTESIAN_POINT('',(-36.91703629788,-25.38417475337));
#8242 = CARTESIAN_POINT('',(-37.66936131119,-25.36523396147));
#8243 = CARTESIAN_POINT('',(-38.43436523366,-25.3256324292));
#8244 = CARTESIAN_POINT('',(-39.1698549812,-25.26826250255));
#8245 = CARTESIAN_POINT('',(-39.91024726178,-25.19068662453));
#8246 = CARTESIAN_POINT('',(-40.60541346252,-25.10161115279));
#8247 = CARTESIAN_POINT('',(-41.47489735565,-24.96373685321));
#8248 = CARTESIAN_POINT('',(-41.65828360319,-24.92514108638));
#8249 = CARTESIAN_POINT('',(-42.11818407731,-24.84061182953));
#8250 = ( GEOMETRIC_REPRESENTATION_CONTEXT(2) 
PARAMETRIC_REPRESENTATION_CONTEXT() REPRESENTATION_CONTEXT('2D SPACE',''
  ) );
#8251 = ADVANCED_FACE('',(#8252),#8266,.T.);
#8252 = FACE_BOUND('',#8253,.F.);
#8253 = EDGE_LOOP('',(#8254,#8385,#8409,#8437));
#8254 = ORIENTED_EDGE('',*,*,#8255,.T.);
#8255 = EDGE_CURVE('',#8256,#8258,#8260,.T.);
#8256 = VERTEX_POINT('',#8257);
#8257 = CARTESIAN_POINT('',(-5.595842642545,-11.40072564005,0.));
#8258 = VERTEX_POINT('',#8259);
#8259 = CARTESIAN_POINT('',(-5.595842642545,-11.40072564005,22.4));
#8260 = SURFACE_CURVE('',#8261,(#8265,#8277),.PCURVE_S1.);
#8261 = LINE('',#8262,#8263);
#8262 = CARTESIAN_POINT('',(-5.595842642545,-11.40072564005,0.));
#8263 = VECTOR('',#8264,1.);
#8264 = DIRECTION('',(0.,0.,1.));
#8265 = PCURVE('',#8266,#8271);
#8266 = CYLINDRICAL_SURFACE('',#8267,12.7);
#8267 = AXIS2_PLACEMENT_3D('',#8268,#8269,#8270);
#8268 = CARTESIAN_POINT('',(0.,0.,0.));
#8269 = DIRECTION('',(-0.,-0.,-1.));
#8270 = DIRECTION('',(1.,0.,-0.));
#8271 = DEFINITIONAL_REPRESENTATION('',(#8272),#8276);
#8272 = LINE('',#8273,#8274);
#8273 = CARTESIAN_POINT('',(-4.256102515717,0.));
#8274 = VECTOR('',#8275,1.);
#8275 = DIRECTION('',(-0.,-1.));
#8276 = ( GEOMETRIC_REPRESENTATION_CONTEXT(2) 
PARAMETRIC_REPRESENTATION_CONTEXT() REPRESENTATION_CONTEXT('2D SPACE',''
  ) );
#8277 = PCURVE('',#8278,#8379);
#8278 = B_SPLINE_SURFACE_WITH_KNOTS('',3,1,(
    (#8279,#8280)
    ,(#8281,#8282)
    ,(#8283,#8284)
    ,(#8285,#8286)
    ,(#8287,#8288)
    ,(#8289,#8290)
    ,(#8291,#8292)
    ,(#8293,#8294)
    ,(#8295,#8296)
    ,(#8297,#8298)
    ,(#8299,#8300)
    ,(#8301,#8302)
    ,(#8303,#8304)
    ,(#8305,#8306)
    ,(#8307,#8308)
    ,(#8309,#8310)
    ,(#8311,#8312)
    ,(#8313,#8314)
    ,(#8315,#8316)
    ,(#8317,#8318)
    ,(#8319,#8320)
    ,(#8321,#8322)
    ,(#8323,#8324)
    ,(#8325,#8326)
    ,(#8327,#8328)
    ,(#8329,#8330)
    ,(#8331,#8332)
    ,(#8333,#8334)
    ,(#8335,#8336)
    ,(#8337,#8338)
    ,(#8339,#8340)
    ,(#8341,#8342)
    ,(#8343,#8344)
    ,(#8345,#8346)
    ,(#8347,#8348)
    ,(#8349,#8350)
    ,(#8351,#8352)
    ,(#8353,#8354)
    ,(#8355,#8356)
    ,(#8357,#8358)
    ,(#8359,#8360)
    ,(#8361,#8362)
    ,(#8363,#8364)
    ,(#8365,#8366)
    ,(#8367,#8368)
    ,(#8369,#8370)
    ,(#8371,#8372)
    ,(#8373,#8374)
    ,(#8375,#8376)
    ,(#8377,#8378
    )),.UNSPECIFIED.,.F.,.F.,.F.,(4,1,1,1,1,1,1,1,1,1,1,1,1,1,1,1,1,1,1,
    1,1,1,1,1,1,1,1,1,1,1,1,1,1,1,1,1,1,1,1,1,1,1,1,1,1,1,1,4),(2,2),(0.
    ,0.770020974153,1.626265687068,2.501235809007,3.323017628822,
    4.226168942917,5.140567564886,6.064285262741,6.923787879437,
    7.860959618837,8.803220404646,9.749496837408,10.625745778606,
    11.577210076157,12.530237508485,13.484135816053,14.364871812505,
    15.318618169461,16.271356512646,17.222443906393,18.098342389538,
    19.044380308015,19.986772779966,20.924790631856,21.786128506054,
    22.713614611572,23.634502775488,24.548028034391,25.38410411673,
    26.281393184443,27.169232325991,28.047009844699,28.847877333261,
    29.704892084705,30.550578145199,31.384742808357,32.14448317376,
    32.956538608657,33.75747556067,34.547827237765,35.268649993444,
    36.041021221912,36.805779378973,37.564485879874,38.261073281275,
    39.01367744831,39.766626217161,40.522198623296),(-22.4,0.),
  .UNSPECIFIED.);
#8279 = CARTESIAN_POINT('',(-5.779995801459,-10.81118546241,22.4));
#8280 = CARTESIAN_POINT('',(-5.779995801459,-10.81118546241,0.));
#8281 = CARTESIAN_POINT('',(-5.704001703035,-11.05625499152,22.4));
#8282 = CARTESIAN_POINT('',(-5.704001703035,-11.05625499152,0.));
#8283 = CARTESIAN_POINT('',(-5.536616376993,-11.57212758382,22.4));
#8284 = CARTESIAN_POINT('',(-5.536616376993,-11.57212758382,0.));
#8285 = CARTESIAN_POINT('',(-5.323359011338,-12.37845763112,22.4));
#8286 = CARTESIAN_POINT('',(-5.323359011338,-12.37845763112,0.));
#8287 = CARTESIAN_POINT('',(-5.135032107618,-13.20854032434,22.4));
#8288 = CARTESIAN_POINT('',(-5.135032107618,-13.20854032434,0.));
#8289 = CARTESIAN_POINT('',(-4.97755483101,-14.06097484499,22.4));
#8290 = CARTESIAN_POINT('',(-4.97755483101,-14.06097484499,0.));
#8291 = CARTESIAN_POINT('',(-4.851780555304,-14.93196437774,22.4));
#8292 = CARTESIAN_POINT('',(-4.851780555304,-14.93196437774,0.));
#8293 = CARTESIAN_POINT('',(-4.75895288089,-15.84126115267,22.4));
#8294 = CARTESIAN_POINT('',(-4.75895288089,-15.84126115267,0.));
#8295 = CARTESIAN_POINT('',(-4.705184290526,-16.73912866855,22.4));
#8296 = CARTESIAN_POINT('',(-4.705184290526,-16.73912866855,0.));
#8297 = CARTESIAN_POINT('',(-4.687753470237,-17.64598255018,22.4));
#8298 = CARTESIAN_POINT('',(-4.687753470237,-17.64598255018,0.));
#8299 = CARTESIAN_POINT('',(-4.707437542484,-18.55902826521,22.4));
#8300 = CARTESIAN_POINT('',(-4.707437542484,-18.55902826521,0.));
#8301 = CARTESIAN_POINT('',(-4.767727971147,-19.49928109601,22.4));
#8302 = CARTESIAN_POINT('',(-4.767727971147,-19.49928109601,0.));
#8303 = CARTESIAN_POINT('',(-4.865703467748,-20.41593656905,22.4));
#8304 = CARTESIAN_POINT('',(-4.865703467748,-20.41593656905,0.));
#8305 = CARTESIAN_POINT('',(-5.001303181812,-21.33083217275,22.4));
#8306 = CARTESIAN_POINT('',(-5.001303181812,-21.33083217275,0.));
#8307 = CARTESIAN_POINT('',(-5.174206920646,-22.24175774342,22.4));
#8308 = CARTESIAN_POINT('',(-5.174206920646,-22.24175774342,0.));
#8309 = CARTESIAN_POINT('',(-5.390795676388,-23.16988823326,22.4));
#8310 = CARTESIAN_POINT('',(-5.390795676388,-23.16988823326,0.));
#8311 = CARTESIAN_POINT('',(-5.639123307605,-24.06558632509,22.4));
#8312 = CARTESIAN_POINT('',(-5.639123307605,-24.06558632509,0.));
#8313 = CARTESIAN_POINT('',(-5.922283794279,-24.95108226534,22.4));
#8314 = CARTESIAN_POINT('',(-5.922283794279,-24.95108226534,0.));
#8315 = CARTESIAN_POINT('',(-6.239158031315,-25.82471231978,22.4));
#8316 = CARTESIAN_POINT('',(-6.239158031315,-25.82471231978,0.));
#8317 = CARTESIAN_POINT('',(-6.598917274194,-26.706941123,22.4));
#8318 = CARTESIAN_POINT('',(-6.598917274194,-26.706941123,0.));
#8319 = CARTESIAN_POINT('',(-6.98159263176,-27.55105090177,22.4));
#8320 = CARTESIAN_POINT('',(-6.98159263176,-27.55105090177,0.));
#8321 = CARTESIAN_POINT('',(-7.393492358608,-28.37874062111,22.4));
#8322 = CARTESIAN_POINT('',(-7.393492358608,-28.37874062111,0.));
#8323 = CARTESIAN_POINT('',(-7.833000559333,-29.18884554067,22.4));
#8324 = CARTESIAN_POINT('',(-7.833000559333,-29.18884554067,0.));
#8325 = CARTESIAN_POINT('',(-8.311754305156,-30.00051470063,22.4));
#8326 = CARTESIAN_POINT('',(-8.311754305156,-30.00051470063,0.));
#8327 = CARTESIAN_POINT('',(-8.803340882316,-30.77117746886,22.4));
#8328 = CARTESIAN_POINT('',(-8.803340882316,-30.77117746886,0.));
#8329 = CARTESIAN_POINT('',(-9.316999687833,-31.52124116043,22.4));
#8330 = CARTESIAN_POINT('',(-9.316999687833,-31.52124116043,0.));
#8331 = CARTESIAN_POINT('',(-9.850910214552,-32.24998903158,22.4));
#8332 = CARTESIAN_POINT('',(-9.850910214552,-32.24998903158,0.));
#8333 = CARTESIAN_POINT('',(-10.41874250696,-32.97484396115,22.4));
#8334 = CARTESIAN_POINT('',(-10.41874250696,-32.97484396115,0.));
#8335 = CARTESIAN_POINT('',(-10.98948722509,-33.65814380766,22.4));
#8336 = CARTESIAN_POINT('',(-10.98948722509,-33.65814380766,0.));
#8337 = CARTESIAN_POINT('',(-11.57482351356,-34.31846505083,22.4));
#8338 = CARTESIAN_POINT('',(-11.57482351356,-34.31846505083,0.));
#8339 = CARTESIAN_POINT('',(-12.17300860726,-34.95550001111,22.4));
#8340 = CARTESIAN_POINT('',(-12.17300860726,-34.95550001111,0.));
#8341 = CARTESIAN_POINT('',(-12.79932017145,-35.58466159615,22.4));
#8342 = CARTESIAN_POINT('',(-12.79932017145,-35.58466159615,0.));
#8343 = CARTESIAN_POINT('',(-13.41987036706,-36.17371604663,22.4));
#8344 = CARTESIAN_POINT('',(-13.41987036706,-36.17371604663,0.));
#8345 = CARTESIAN_POINT('',(-14.04840105377,-36.73895718989,22.4));
#8346 = CARTESIAN_POINT('',(-14.04840105377,-36.73895718989,0.));
#8347 = CARTESIAN_POINT('',(-14.68350807829,-37.28047638438,22.4));
#8348 = CARTESIAN_POINT('',(-14.68350807829,-37.28047638438,0.));
#8349 = CARTESIAN_POINT('',(-15.34167846686,-37.81156858636,22.4));
#8350 = CARTESIAN_POINT('',(-15.34167846686,-37.81156858636,0.));
#8351 = CARTESIAN_POINT('',(-15.98804235015,-38.30518994898,22.4));
#8352 = CARTESIAN_POINT('',(-15.98804235015,-38.30518994898,0.));
#8353 = CARTESIAN_POINT('',(-16.63768123999,-38.7755897729,22.4));
#8354 = CARTESIAN_POINT('',(-16.63768123999,-38.7755897729,0.));
#8355 = CARTESIAN_POINT('',(-17.28989688034,-39.22313870727,22.4));
#8356 = CARTESIAN_POINT('',(-17.28989688034,-39.22313870727,0.));
#8357 = CARTESIAN_POINT('',(-17.96219630667,-39.65897078619,22.4));
#8358 = CARTESIAN_POINT('',(-17.96219630667,-39.65897078619,0.));
#8359 = CARTESIAN_POINT('',(-18.61973043544,-40.06115514134,22.4));
#8360 = CARTESIAN_POINT('',(-18.61973043544,-40.06115514134,0.));
#8361 = CARTESIAN_POINT('',(-19.27900388971,-40.44185833946,22.4));
#8362 = CARTESIAN_POINT('',(-19.27900388971,-40.44185833946,0.));
#8363 = CARTESIAN_POINT('',(-19.94000685909,-40.80161763916,22.4));
#8364 = CARTESIAN_POINT('',(-19.94000685909,-40.80161763916,0.));
#8365 = CARTESIAN_POINT('',(-20.62232045607,-41.14982366742,22.4));
#8366 = CARTESIAN_POINT('',(-20.62232045607,-41.14982366742,0.));
#8367 = CARTESIAN_POINT('',(-21.287958225,-41.46788472731,22.4));
#8368 = CARTESIAN_POINT('',(-21.287958225,-41.46788472731,0.));
#8369 = CARTESIAN_POINT('',(-21.96794468775,-41.7708981865,22.4));
#8370 = CARTESIAN_POINT('',(-21.96794468775,-41.7708981865,0.));
#8371 = CARTESIAN_POINT('',(-22.61451401332,-42.04133966549,22.4));
#8372 = CARTESIAN_POINT('',(-22.61451401332,-42.04133966549,0.));
#8373 = CARTESIAN_POINT('',(-23.43644630274,-42.35667896609,22.4));
#8374 = CARTESIAN_POINT('',(-23.43644630274,-42.35667896609,0.));
#8375 = CARTESIAN_POINT('',(-23.61456133523,-42.41494717531,22.4));
#8376 = CARTESIAN_POINT('',(-23.61456133523,-42.41494717531,0.));
#8377 = CARTESIAN_POINT('',(-24.05511145745,-42.57169292858,22.4));
#8378 = CARTESIAN_POINT('',(-24.05511145745,-42.57169292858,0.));
#8379 = DEFINITIONAL_REPRESENTATION('',(#8380),#8384);
#8380 = LINE('',#8381,#8382);
#8381 = CARTESIAN_POINT('',(0.617636313455,0.));
#8382 = VECTOR('',#8383,1.);
#8383 = DIRECTION('',(0.,-1.));
#8384 = ( GEOMETRIC_REPRESENTATION_CONTEXT(2) 
PARAMETRIC_REPRESENTATION_CONTEXT() REPRESENTATION_CONTEXT('2D SPACE',''
  ) );
#8385 = ORIENTED_EDGE('',*,*,#8386,.T.);
#8386 = EDGE_CURVE('',#8258,#8387,#8389,.T.);
#8387 = VERTEX_POINT('',#8388);
#8388 = CARTESIAN_POINT('',(-0.399969533376,-12.69370018443,22.4));
#8389 = SURFACE_CURVE('',#8390,(#8395,#8402),.PCURVE_S1.);
#8390 = CIRCLE('',#8391,12.7);
#8391 = AXIS2_PLACEMENT_3D('',#8392,#8393,#8394);
#8392 = CARTESIAN_POINT('',(0.,0.,22.4));
#8393 = DIRECTION('',(0.,0.,1.));
#8394 = DIRECTION('',(1.,0.,-0.));
#8395 = PCURVE('',#8266,#8396);
#8396 = DEFINITIONAL_REPRESENTATION('',(#8397),#8401);
#8397 = LINE('',#8398,#8399);
#8398 = CARTESIAN_POINT('',(-0.,-22.4));
#8399 = VECTOR('',#8400,1.);
#8400 = DIRECTION('',(-1.,0.));
#8401 = ( GEOMETRIC_REPRESENTATION_CONTEXT(2) 
PARAMETRIC_REPRESENTATION_CONTEXT() REPRESENTATION_CONTEXT('2D SPACE',''
  ) );
#8402 = PCURVE('',#169,#8403);
#8403 = DEFINITIONAL_REPRESENTATION('',(#8404),#8408);
#8404 = CIRCLE('',#8405,12.7);
#8405 = AXIS2_PLACEMENT_2D('',#8406,#8407);
#8406 = CARTESIAN_POINT('',(0.,-1.204325410458E-15));
#8407 = DIRECTION('',(1.,0.));
#8408 = ( GEOMETRIC_REPRESENTATION_CONTEXT(2) 
PARAMETRIC_REPRESENTATION_CONTEXT() REPRESENTATION_CONTEXT('2D SPACE',''
  ) );
#8409 = ORIENTED_EDGE('',*,*,#8410,.F.);
#8410 = EDGE_CURVE('',#8411,#8387,#8413,.T.);
#8411 = VERTEX_POINT('',#8412);
#8412 = CARTESIAN_POINT('',(-0.399969533376,-12.69370018443,0.));
#8413 = SURFACE_CURVE('',#8414,(#8418,#8425),.PCURVE_S1.);
#8414 = LINE('',#8415,#8416);
#8415 = CARTESIAN_POINT('',(-0.399969533376,-12.69370018443,0.));
#8416 = VECTOR('',#8417,1.);
#8417 = DIRECTION('',(0.,0.,1.));
#8418 = PCURVE('',#8266,#8419);
#8419 = DEFINITIONAL_REPRESENTATION('',(#8420),#8424);
#8420 = LINE('',#8421,#8422);
#8421 = CARTESIAN_POINT('',(-4.680890107845,0.));
#8422 = VECTOR('',#8423,1.);
#8423 = DIRECTION('',(-0.,-1.));
#8424 = ( GEOMETRIC_REPRESENTATION_CONTEXT(2) 
PARAMETRIC_REPRESENTATION_CONTEXT() REPRESENTATION_CONTEXT('2D SPACE',''
  ) );
#8425 = PCURVE('',#8426,#8431);
#8426 = PLANE('',#8427);
#8427 = AXIS2_PLACEMENT_3D('',#8428,#8429,#8430);
#8428 = CARTESIAN_POINT('',(-0.399969533376,-13.14724084379,0.));
#8429 = DIRECTION('',(-1.,2.22044604925E-16,0.));
#8430 = DIRECTION('',(2.22044604925E-16,1.,0.));
#8431 = DEFINITIONAL_REPRESENTATION('',(#8432),#8436);
#8432 = LINE('',#8433,#8434);
#8433 = CARTESIAN_POINT('',(0.453540659359,0.));
#8434 = VECTOR('',#8435,1.);
#8435 = DIRECTION('',(0.,-1.));
#8436 = ( GEOMETRIC_REPRESENTATION_CONTEXT(2) 
PARAMETRIC_REPRESENTATION_CONTEXT() REPRESENTATION_CONTEXT('2D SPACE',''
  ) );
#8437 = ORIENTED_EDGE('',*,*,#8438,.F.);
#8438 = EDGE_CURVE('',#8256,#8411,#8439,.T.);
#8439 = SURFACE_CURVE('',#8440,(#8445,#8452),.PCURVE_S1.);
#8440 = CIRCLE('',#8441,12.7);
#8441 = AXIS2_PLACEMENT_3D('',#8442,#8443,#8444);
#8442 = CARTESIAN_POINT('',(0.,0.,0.));
#8443 = DIRECTION('',(0.,0.,1.));
#8444 = DIRECTION('',(1.,0.,-0.));
#8445 = PCURVE('',#8266,#8446);
#8446 = DEFINITIONAL_REPRESENTATION('',(#8447),#8451);
#8447 = LINE('',#8448,#8449);
#8448 = CARTESIAN_POINT('',(-0.,0.));
#8449 = VECTOR('',#8450,1.);
#8450 = DIRECTION('',(-1.,0.));
#8451 = ( GEOMETRIC_REPRESENTATION_CONTEXT(2) 
PARAMETRIC_REPRESENTATION_CONTEXT() REPRESENTATION_CONTEXT('2D SPACE',''
  ) );
#8452 = PCURVE('',#224,#8453);
#8453 = DEFINITIONAL_REPRESENTATION('',(#8454),#8458);
#8454 = CIRCLE('',#8455,12.7);
#8455 = AXIS2_PLACEMENT_2D('',#8456,#8457);
#8456 = CARTESIAN_POINT('',(0.,-1.204325410458E-15));
#8457 = DIRECTION('',(1.,0.));
#8458 = ( GEOMETRIC_REPRESENTATION_CONTEXT(2) 
PARAMETRIC_REPRESENTATION_CONTEXT() REPRESENTATION_CONTEXT('2D SPACE',''
  ) );
#8459 = ADVANCED_FACE('',(#8460),#8426,.T.);
#8460 = FACE_BOUND('',#8461,.T.);
#8461 = EDGE_LOOP('',(#8462,#8588,#8609,#8610));
#8462 = ORIENTED_EDGE('',*,*,#8463,.T.);
#8463 = EDGE_CURVE('',#8464,#8466,#8468,.T.);
#8464 = VERTEX_POINT('',#8465);
#8465 = CARTESIAN_POINT('',(-0.399969533376,-13.14724084379,0.));
#8466 = VERTEX_POINT('',#8467);
#8467 = CARTESIAN_POINT('',(-0.399969533376,-13.14724084379,22.4));
#8468 = SURFACE_CURVE('',#8469,(#8473,#8480),.PCURVE_S1.);
#8469 = LINE('',#8470,#8471);
#8470 = CARTESIAN_POINT('',(-0.399969533376,-13.14724084379,0.));
#8471 = VECTOR('',#8472,1.);
#8472 = DIRECTION('',(0.,0.,1.));
#8473 = PCURVE('',#8426,#8474);
#8474 = DEFINITIONAL_REPRESENTATION('',(#8475),#8479);
#8475 = LINE('',#8476,#8477);
#8476 = CARTESIAN_POINT('',(0.,0.));
#8477 = VECTOR('',#8478,1.);
#8478 = DIRECTION('',(0.,-1.));
#8479 = ( GEOMETRIC_REPRESENTATION_CONTEXT(2) 
PARAMETRIC_REPRESENTATION_CONTEXT() REPRESENTATION_CONTEXT('2D SPACE',''
  ) );
#8480 = PCURVE('',#8481,#8582);
#8481 = B_SPLINE_SURFACE_WITH_KNOTS('',3,1,(
    (#8482,#8483)
    ,(#8484,#8485)
    ,(#8486,#8487)
    ,(#8488,#8489)
    ,(#8490,#8491)
    ,(#8492,#8493)
    ,(#8494,#8495)
    ,(#8496,#8497)
    ,(#8498,#8499)
    ,(#8500,#8501)
    ,(#8502,#8503)
    ,(#8504,#8505)
    ,(#8506,#8507)
    ,(#8508,#8509)
    ,(#8510,#8511)
    ,(#8512,#8513)
    ,(#8514,#8515)
    ,(#8516,#8517)
    ,(#8518,#8519)
    ,(#8520,#8521)
    ,(#8522,#8523)
    ,(#8524,#8525)
    ,(#8526,#8527)
    ,(#8528,#8529)
    ,(#8530,#8531)
    ,(#8532,#8533)
    ,(#8534,#8535)
    ,(#8536,#8537)
    ,(#8538,#8539)
    ,(#8540,#8541)
    ,(#8542,#8543)
    ,(#8544,#8545)
    ,(#8546,#8547)
    ,(#8548,#8549)
    ,(#8550,#8551)
    ,(#8552,#8553)
    ,(#8554,#8555)
    ,(#8556,#8557)
    ,(#8558,#8559)
    ,(#8560,#8561)
    ,(#8562,#8563)
    ,(#8564,#8565)
    ,(#8566,#8567)
    ,(#8568,#8569)
    ,(#8570,#8571)
    ,(#8572,#8573)
    ,(#8574,#8575)
    ,(#8576,#8577)
    ,(#8578,#8579)
    ,(#8580,#8581
    )),.UNSPECIFIED.,.F.,.F.,.F.,(4,1,1,1,1,1,1,1,1,1,1,1,1,1,1,1,1,1,1,
    1,1,1,1,1,1,1,1,1,1,1,1,1,1,1,1,1,1,1,1,1,1,1,1,1,1,1,1,4),(2,2),(0.
    ,0.72551896577,1.446812427957,2.167545581006,2.834652630785,
    3.561455250387,4.294404186133,5.035083262141,5.726745513771,
    6.485571675342,7.25499120568,8.035460380499,8.765906861733,
    9.568099084978,10.381469893138,11.205727652658,11.975881503332,
    12.819782078992,13.673026185696,14.534915364628,15.33753390218,
    16.21390469293,17.096636274619,17.984915961911,18.809100000342,
    19.705802922083,20.60576324729,21.508256924785,22.342991216384,
    23.248469118661,24.154594114226,25.060793204637,25.896884345071,
    26.801694858737,27.704993846459,28.606214463702,29.435742647904,
    30.331166080504,31.222462333173,32.108696907138,32.921319115104,
    33.794515353684,34.658772776489,35.512251077876,36.288651119977,
    37.115000087988,37.923185154055,38.651120081248),(-22.4,0.),
  .UNSPECIFIED.);
#8482 = CARTESIAN_POINT('',(-0.45350885127,-48.10427671301,22.4));
#8483 = CARTESIAN_POINT('',(-0.45350885127,-48.10427671301,0.));
#8484 = CARTESIAN_POINT('',(-0.296472552567,-47.91997047248,22.4));
#8485 = CARTESIAN_POINT('',(-0.296472552567,-47.91997047248,0.));
#8486 = CARTESIAN_POINT('',(1.956544766357E-02,-47.55617896821,22.4));
#8487 = CARTESIAN_POINT('',(1.956544766357E-02,-47.55617896821,0.));
#8488 = CARTESIAN_POINT('',(0.472410586833,-46.99278490721,22.4));
#8489 = CARTESIAN_POINT('',(0.472410586833,-46.99278490721,0.));
#8490 = CARTESIAN_POINT('',(0.900006857568,-46.4347086969,22.4));
#8491 = CARTESIAN_POINT('',(0.900006857568,-46.4347086969,0.));
#8492 = CARTESIAN_POINT('',(1.313852260783,-45.86399333198,22.4));
#8493 = CARTESIAN_POINT('',(1.313852260783,-45.86399333198,0.));
#8494 = CARTESIAN_POINT('',(1.715406671348,-45.2796316124,22.4));
#8495 = CARTESIAN_POINT('',(1.715406671348,-45.2796316124,0.));
#8496 = CARTESIAN_POINT('',(2.114645123302,-44.66422556445,22.4));
#8497 = CARTESIAN_POINT('',(2.114645123302,-44.66422556445,0.));
#8498 = CARTESIAN_POINT('',(2.49138474715,-44.04848889241,22.4));
#8499 = CARTESIAN_POINT('',(2.49138474715,-44.04848889241,0.));
#8500 = CARTESIAN_POINT('',(2.856734540937,-43.41596260072,22.4));
#8501 = CARTESIAN_POINT('',(2.856734540937,-43.41596260072,0.));
#8502 = CARTESIAN_POINT('',(3.210585951824,-42.76598440155,22.4));
#8503 = CARTESIAN_POINT('',(3.210585951824,-42.76598440155,0.));
#8504 = CARTESIAN_POINT('',(3.560745302639,-42.08059157428,22.4));
#8505 = CARTESIAN_POINT('',(3.560745302639,-42.08059157428,0.));
#8506 = CARTESIAN_POINT('',(3.888719679102,-41.3947795284,22.4));
#8507 = CARTESIAN_POINT('',(3.888719679102,-41.3947795284,0.));
#8508 = CARTESIAN_POINT('',(4.203688016384,-40.69092907525,22.4));
#8509 = CARTESIAN_POINT('',(4.203688016384,-40.69092907525,0.));
#8510 = CARTESIAN_POINT('',(4.504845951063,-39.96913964506,22.4));
#8511 = CARTESIAN_POINT('',(4.504845951063,-39.96913964506,0.));
#8512 = CARTESIAN_POINT('',(4.797861366055,-39.21038161945,22.4));
#8513 = CARTESIAN_POINT('',(4.797861366055,-39.21038161945,0.));
#8514 = CARTESIAN_POINT('',(5.06665777555,-38.45402920355,22.4));
#8515 = CARTESIAN_POINT('',(5.06665777555,-38.45402920355,0.));
#8516 = CARTESIAN_POINT('',(5.318518214314,-37.68117643743,22.4));
#8517 = CARTESIAN_POINT('',(5.318518214314,-37.68117643743,0.));
#8518 = CARTESIAN_POINT('',(5.552314185468,-36.89255779697,22.4));
#8519 = CARTESIAN_POINT('',(5.552314185468,-36.89255779697,0.));
#8520 = CARTESIAN_POINT('',(5.771216192382,-36.06799040458,22.4));
#8521 = CARTESIAN_POINT('',(5.771216192382,-36.06799040458,0.));
#8522 = CARTESIAN_POINT('',(5.962880206793,-35.25079148173,22.4));
#8523 = CARTESIAN_POINT('',(5.962880206793,-35.25079148173,0.));
#8524 = CARTESIAN_POINT('',(6.132557545214,-34.42089376123,22.4));
#8525 = CARTESIAN_POINT('',(6.132557545214,-34.42089376123,0.));
#8526 = CARTESIAN_POINT('',(6.278976098759,-33.5794927187,22.4));
#8527 = CARTESIAN_POINT('',(6.278976098759,-33.5794927187,0.));
#8528 = CARTESIAN_POINT('',(6.402949058301,-32.70563495237,22.4));
#8529 = CARTESIAN_POINT('',(6.402949058301,-32.70563495237,0.));
#8530 = CARTESIAN_POINT('',(6.496819793177,-31.8455201101,22.4));
#8531 = CARTESIAN_POINT('',(6.496819793177,-31.8455201101,0.));
#8532 = CARTESIAN_POINT('',(6.563622950087,-30.97823225221,22.4));
#8533 = CARTESIAN_POINT('',(6.563622950087,-30.97823225221,0.));
#8534 = CARTESIAN_POINT('',(6.602244396839,-30.10529480543,22.4));
#8535 = CARTESIAN_POINT('',(6.602244396839,-30.10529480543,0.));
#8536 = CARTESIAN_POINT('',(6.6106357212,-29.20542925783,22.4));
#8537 = CARTESIAN_POINT('',(6.6106357212,-29.20542925783,0.));
#8538 = CARTESIAN_POINT('',(6.587340491706,-28.32647828069,22.4));
#8539 = CARTESIAN_POINT('',(6.587340491706,-28.32647828069,0.));
#8540 = CARTESIAN_POINT('',(6.532903434063,-27.44709217365,22.4));
#8541 = CARTESIAN_POINT('',(6.532903434063,-27.44709217365,0.));
#8542 = CARTESIAN_POINT('',(6.4466136461,-26.56899314554,22.4));
#8543 = CARTESIAN_POINT('',(6.4466136461,-26.56899314554,0.));
#8544 = CARTESIAN_POINT('',(6.323405423359,-25.67124857425,22.4));
#8545 = CARTESIAN_POINT('',(6.323405423359,-25.67124857425,0.));
#8546 = CARTESIAN_POINT('',(6.169107066793,-24.80179292967,22.4));
#8547 = CARTESIAN_POINT('',(6.169107066793,-24.80179292967,0.));
#8548 = CARTESIAN_POINT('',(5.981597855311,-23.93937765341,22.4));
#8549 = CARTESIAN_POINT('',(5.981597855311,-23.93937765341,0.));
#8550 = CARTESIAN_POINT('',(5.76079399669,-23.08582415991,22.4));
#8551 = CARTESIAN_POINT('',(5.76079399669,-23.08582415991,0.));
#8552 = CARTESIAN_POINT('',(5.498725165056,-22.22130652909,22.4));
#8553 = CARTESIAN_POINT('',(5.498725165056,-22.22130652909,0.));
#8554 = CARTESIAN_POINT('',(5.209134652432,-21.39214491597,22.4));
#8555 = CARTESIAN_POINT('',(5.209134652432,-21.39214491597,0.));
#8556 = CARTESIAN_POINT('',(4.887241642236,-20.57785393973,22.4));
#8557 = CARTESIAN_POINT('',(4.887241642236,-20.57785393973,0.));
#8558 = CARTESIAN_POINT('',(4.533832284114,-19.78029947476,22.4));
#8559 = CARTESIAN_POINT('',(4.533832284114,-19.78029947476,0.));
#8560 = CARTESIAN_POINT('',(4.138511822526,-18.98151733352,22.4));
#8561 = CARTESIAN_POINT('',(4.138511822526,-18.98151733352,0.));
#8562 = CARTESIAN_POINT('',(3.722916809738,-18.22444669541,22.4));
#8563 = CARTESIAN_POINT('',(3.722916809738,-18.22444669541,0.));
#8564 = CARTESIAN_POINT('',(3.279921568435,-17.49013196259,22.4));
#8565 = CARTESIAN_POINT('',(3.279921568435,-17.49013196259,0.));
#8566 = CARTESIAN_POINT('',(2.811609979174,-16.78057661926,22.4));
#8567 = CARTESIAN_POINT('',(2.811609979174,-16.78057661926,0.));
#8568 = CARTESIAN_POINT('',(2.305595092121,-16.07986153021,22.4));
#8569 = CARTESIAN_POINT('',(2.305595092121,-16.07986153021,0.));
#8570 = CARTESIAN_POINT('',(1.79226505272,-15.42753711682,22.4));
#8571 = CARTESIAN_POINT('',(1.79226505272,-15.42753711682,0.));
#8572 = CARTESIAN_POINT('',(1.256812898286,-14.80083728431,22.4));
#8573 = CARTESIAN_POINT('',(1.256812898286,-14.80083728431,0.));
#8574 = CARTESIAN_POINT('',(0.726078613454,-14.22497766509,22.4));
#8575 = CARTESIAN_POINT('',(0.726078613454,-14.22497766509,0.));
#8576 = CARTESIAN_POINT('',(0.116302638697,-13.61566630706,22.4));
#8577 = CARTESIAN_POINT('',(0.116302638697,-13.61566630706,0.));
#8578 = CARTESIAN_POINT('',(-0.139969012133,-13.3877467972,22.4));
#8579 = CARTESIAN_POINT('',(-0.139969012133,-13.3877467972,0.));
#8580 = CARTESIAN_POINT('',(-0.399969533376,-13.14724084379,22.4));
#8581 = CARTESIAN_POINT('',(-0.399969533376,-13.14724084379,0.));
#8582 = DEFINITIONAL_REPRESENTATION('',(#8583),#8587);
#8583 = LINE('',#8584,#8585);
#8584 = CARTESIAN_POINT('',(38.651120081248,0.));
#8585 = VECTOR('',#8586,1.);
#8586 = DIRECTION('',(0.,-1.));
#8587 = ( GEOMETRIC_REPRESENTATION_CONTEXT(2) 
PARAMETRIC_REPRESENTATION_CONTEXT() REPRESENTATION_CONTEXT('2D SPACE',''
  ) );
#8588 = ORIENTED_EDGE('',*,*,#8589,.T.);
#8589 = EDGE_CURVE('',#8466,#8387,#8590,.T.);
#8590 = SURFACE_CURVE('',#8591,(#8595,#8602),.PCURVE_S1.);
#8591 = LINE('',#8592,#8593);
#8592 = CARTESIAN_POINT('',(-0.399969533376,-13.14724084379,22.4));
#8593 = VECTOR('',#8594,1.);
#8594 = DIRECTION('',(2.22044604925E-16,1.,0.));
#8595 = PCURVE('',#8426,#8596);
#8596 = DEFINITIONAL_REPRESENTATION('',(#8597),#8601);
#8597 = LINE('',#8598,#8599);
#8598 = CARTESIAN_POINT('',(0.,-22.4));
#8599 = VECTOR('',#8600,1.);
#8600 = DIRECTION('',(1.,0.));
#8601 = ( GEOMETRIC_REPRESENTATION_CONTEXT(2) 
PARAMETRIC_REPRESENTATION_CONTEXT() REPRESENTATION_CONTEXT('2D SPACE',''
  ) );
#8602 = PCURVE('',#169,#8603);
#8603 = DEFINITIONAL_REPRESENTATION('',(#8604),#8608);
#8604 = LINE('',#8605,#8606);
#8605 = CARTESIAN_POINT('',(-0.399969533376,-13.14724084379));
#8606 = VECTOR('',#8607,1.);
#8607 = DIRECTION('',(2.22044604925E-16,1.));
#8608 = ( GEOMETRIC_REPRESENTATION_CONTEXT(2) 
PARAMETRIC_REPRESENTATION_CONTEXT() REPRESENTATION_CONTEXT('2D SPACE',''
  ) );
#8609 = ORIENTED_EDGE('',*,*,#8410,.F.);
#8610 = ORIENTED_EDGE('',*,*,#8611,.F.);
#8611 = EDGE_CURVE('',#8464,#8411,#8612,.T.);
#8612 = SURFACE_CURVE('',#8613,(#8617,#8624),.PCURVE_S1.);
#8613 = LINE('',#8614,#8615);
#8614 = CARTESIAN_POINT('',(-0.399969533376,-13.14724084379,0.));
#8615 = VECTOR('',#8616,1.);
#8616 = DIRECTION('',(2.22044604925E-16,1.,0.));
#8617 = PCURVE('',#8426,#8618);
#8618 = DEFINITIONAL_REPRESENTATION('',(#8619),#8623);
#8619 = LINE('',#8620,#8621);
#8620 = CARTESIAN_POINT('',(0.,0.));
#8621 = VECTOR('',#8622,1.);
#8622 = DIRECTION('',(1.,0.));
#8623 = ( GEOMETRIC_REPRESENTATION_CONTEXT(2) 
PARAMETRIC_REPRESENTATION_CONTEXT() REPRESENTATION_CONTEXT('2D SPACE',''
  ) );
#8624 = PCURVE('',#224,#8625);
#8625 = DEFINITIONAL_REPRESENTATION('',(#8626),#8630);
#8626 = LINE('',#8627,#8628);
#8627 = CARTESIAN_POINT('',(-0.399969533376,-13.14724084379));
#8628 = VECTOR('',#8629,1.);
#8629 = DIRECTION('',(2.22044604925E-16,1.));
#8630 = ( GEOMETRIC_REPRESENTATION_CONTEXT(2) 
PARAMETRIC_REPRESENTATION_CONTEXT() REPRESENTATION_CONTEXT('2D SPACE',''
  ) );
#8631 = ADVANCED_FACE('',(#8632),#8481,.T.);
#8632 = FACE_BOUND('',#8633,.T.);
#8633 = EDGE_LOOP('',(#8634,#8664,#8779,#8780));
#8634 = ORIENTED_EDGE('',*,*,#8635,.T.);
#8635 = EDGE_CURVE('',#8636,#8638,#8640,.T.);
#8636 = VERTEX_POINT('',#8637);
#8637 = CARTESIAN_POINT('',(-0.45350885127,-48.10427671301,0.));
#8638 = VERTEX_POINT('',#8639);
#8639 = CARTESIAN_POINT('',(-0.45350885127,-48.10427671301,22.4));
#8640 = SURFACE_CURVE('',#8641,(#8645,#8652),.PCURVE_S1.);
#8641 = LINE('',#8642,#8643);
#8642 = CARTESIAN_POINT('',(-0.45350885127,-48.10427671301,0.));
#8643 = VECTOR('',#8644,1.);
#8644 = DIRECTION('',(0.,0.,1.));
#8645 = PCURVE('',#8481,#8646);
#8646 = DEFINITIONAL_REPRESENTATION('',(#8647),#8651);
#8647 = LINE('',#8648,#8649);
#8648 = CARTESIAN_POINT('',(0.,0.));
#8649 = VECTOR('',#8650,1.);
#8650 = DIRECTION('',(0.,-1.));
#8651 = ( GEOMETRIC_REPRESENTATION_CONTEXT(2) 
PARAMETRIC_REPRESENTATION_CONTEXT() REPRESENTATION_CONTEXT('2D SPACE',''
  ) );
#8652 = PCURVE('',#8653,#8658);
#8653 = PLANE('',#8654);
#8654 = AXIS2_PLACEMENT_3D('',#8655,#8656,#8657);
#8655 = CARTESIAN_POINT('',(-0.785159873254,-48.49364416058,0.));
#8656 = DIRECTION('',(-0.761274461003,0.648429791901,0.));
#8657 = DIRECTION('',(0.648429791901,0.761274461003,0.));
#8658 = DEFINITIONAL_REPRESENTATION('',(#8659),#8663);
#8659 = LINE('',#8660,#8661);
#8660 = CARTESIAN_POINT('',(0.511467896951,0.));
#8661 = VECTOR('',#8662,1.);
#8662 = DIRECTION('',(0.,-1.));
#8663 = ( GEOMETRIC_REPRESENTATION_CONTEXT(2) 
PARAMETRIC_REPRESENTATION_CONTEXT() REPRESENTATION_CONTEXT('2D SPACE',''
  ) );
#8664 = ORIENTED_EDGE('',*,*,#8665,.T.);
#8665 = EDGE_CURVE('',#8638,#8466,#8666,.T.);
#8666 = SURFACE_CURVE('',#8667,(#8718,#8725),.PCURVE_S1.);
#8667 = B_SPLINE_CURVE_WITH_KNOTS('',3,(#8668,#8669,#8670,#8671,#8672,
    #8673,#8674,#8675,#8676,#8677,#8678,#8679,#8680,#8681,#8682,#8683,
    #8684,#8685,#8686,#8687,#8688,#8689,#8690,#8691,#8692,#8693,#8694,
    #8695,#8696,#8697,#8698,#8699,#8700,#8701,#8702,#8703,#8704,#8705,
    #8706,#8707,#8708,#8709,#8710,#8711,#8712,#8713,#8714,#8715,#8716,
    #8717),.UNSPECIFIED.,.F.,.F.,(4,1,1,1,1,1,1,1,1,1,1,1,1,1,1,1,1,1,1,
    1,1,1,1,1,1,1,1,1,1,1,1,1,1,1,1,1,1,1,1,1,1,1,1,1,1,1,1,4),(0.,
    0.72551896577,1.446812427957,2.167545581006,2.834652630785,
    3.561455250387,4.294404186133,5.035083262141,5.726745513771,
    6.485571675342,7.25499120568,8.035460380499,8.765906861733,
    9.568099084978,10.381469893138,11.205727652658,11.975881503332,
    12.819782078992,13.673026185696,14.534915364628,15.33753390218,
    16.21390469293,17.096636274619,17.984915961911,18.809100000342,
    19.705802922083,20.60576324729,21.508256924785,22.342991216384,
    23.248469118661,24.154594114226,25.060793204637,25.896884345071,
    26.801694858737,27.704993846459,28.606214463702,29.435742647904,
    30.331166080504,31.222462333173,32.108696907138,32.921319115104,
    33.794515353684,34.658772776489,35.512251077876,36.288651119977,
    37.115000087988,37.923185154055,38.651120081248),.UNSPECIFIED.);
#8668 = CARTESIAN_POINT('',(-0.45350885127,-48.10427671301,22.4));
#8669 = CARTESIAN_POINT('',(-0.296472552567,-47.91997047248,22.4));
#8670 = CARTESIAN_POINT('',(1.956544766357E-02,-47.55617896821,22.4));
#8671 = CARTESIAN_POINT('',(0.472410586833,-46.99278490721,22.4));
#8672 = CARTESIAN_POINT('',(0.900006857568,-46.4347086969,22.4));
#8673 = CARTESIAN_POINT('',(1.313852260783,-45.86399333198,22.4));
#8674 = CARTESIAN_POINT('',(1.715406671348,-45.2796316124,22.4));
#8675 = CARTESIAN_POINT('',(2.114645123302,-44.66422556445,22.4));
#8676 = CARTESIAN_POINT('',(2.49138474715,-44.04848889241,22.4));
#8677 = CARTESIAN_POINT('',(2.856734540937,-43.41596260072,22.4));
#8678 = CARTESIAN_POINT('',(3.210585951824,-42.76598440155,22.4));
#8679 = CARTESIAN_POINT('',(3.560745302639,-42.08059157428,22.4));
#8680 = CARTESIAN_POINT('',(3.888719679102,-41.3947795284,22.4));
#8681 = CARTESIAN_POINT('',(4.203688016384,-40.69092907525,22.4));
#8682 = CARTESIAN_POINT('',(4.504845951063,-39.96913964506,22.4));
#8683 = CARTESIAN_POINT('',(4.797861366055,-39.21038161945,22.4));
#8684 = CARTESIAN_POINT('',(5.06665777555,-38.45402920355,22.4));
#8685 = CARTESIAN_POINT('',(5.318518214314,-37.68117643743,22.4));
#8686 = CARTESIAN_POINT('',(5.552314185468,-36.89255779697,22.4));
#8687 = CARTESIAN_POINT('',(5.771216192382,-36.06799040458,22.4));
#8688 = CARTESIAN_POINT('',(5.962880206793,-35.25079148173,22.4));
#8689 = CARTESIAN_POINT('',(6.132557545214,-34.42089376123,22.4));
#8690 = CARTESIAN_POINT('',(6.278976098759,-33.5794927187,22.4));
#8691 = CARTESIAN_POINT('',(6.402949058301,-32.70563495237,22.4));
#8692 = CARTESIAN_POINT('',(6.496819793177,-31.8455201101,22.4));
#8693 = CARTESIAN_POINT('',(6.563622950087,-30.97823225221,22.4));
#8694 = CARTESIAN_POINT('',(6.602244396839,-30.10529480543,22.4));
#8695 = CARTESIAN_POINT('',(6.6106357212,-29.20542925783,22.4));
#8696 = CARTESIAN_POINT('',(6.587340491706,-28.32647828069,22.4));
#8697 = CARTESIAN_POINT('',(6.532903434063,-27.44709217365,22.4));
#8698 = CARTESIAN_POINT('',(6.4466136461,-26.56899314554,22.4));
#8699 = CARTESIAN_POINT('',(6.323405423359,-25.67124857425,22.4));
#8700 = CARTESIAN_POINT('',(6.169107066793,-24.80179292967,22.4));
#8701 = CARTESIAN_POINT('',(5.981597855311,-23.93937765341,22.4));
#8702 = CARTESIAN_POINT('',(5.76079399669,-23.08582415991,22.4));
#8703 = CARTESIAN_POINT('',(5.498725165056,-22.22130652909,22.4));
#8704 = CARTESIAN_POINT('',(5.209134652432,-21.39214491597,22.4));
#8705 = CARTESIAN_POINT('',(4.887241642236,-20.57785393973,22.4));
#8706 = CARTESIAN_POINT('',(4.533832284114,-19.78029947476,22.4));
#8707 = CARTESIAN_POINT('',(4.138511822526,-18.98151733352,22.4));
#8708 = CARTESIAN_POINT('',(3.722916809738,-18.22444669541,22.4));
#8709 = CARTESIAN_POINT('',(3.279921568435,-17.49013196259,22.4));
#8710 = CARTESIAN_POINT('',(2.811609979174,-16.78057661926,22.4));
#8711 = CARTESIAN_POINT('',(2.305595092121,-16.07986153021,22.4));
#8712 = CARTESIAN_POINT('',(1.79226505272,-15.42753711682,22.4));
#8713 = CARTESIAN_POINT('',(1.256812898286,-14.80083728431,22.4));
#8714 = CARTESIAN_POINT('',(0.726078613454,-14.22497766509,22.4));
#8715 = CARTESIAN_POINT('',(0.116302638697,-13.61566630706,22.4));
#8716 = CARTESIAN_POINT('',(-0.139969012133,-13.3877467972,22.4));
#8717 = CARTESIAN_POINT('',(-0.399969533376,-13.14724084379,22.4));
#8718 = PCURVE('',#8481,#8719);
#8719 = DEFINITIONAL_REPRESENTATION('',(#8720),#8724);
#8720 = LINE('',#8721,#8722);
#8721 = CARTESIAN_POINT('',(0.,-22.4));
#8722 = VECTOR('',#8723,1.);
#8723 = DIRECTION('',(1.,0.));
#8724 = ( GEOMETRIC_REPRESENTATION_CONTEXT(2) 
PARAMETRIC_REPRESENTATION_CONTEXT() REPRESENTATION_CONTEXT('2D SPACE',''
  ) );
#8725 = PCURVE('',#169,#8726);
#8726 = DEFINITIONAL_REPRESENTATION('',(#8727),#8778);
#8727 = B_SPLINE_CURVE_WITH_KNOTS('',3,(#8728,#8729,#8730,#8731,#8732,
    #8733,#8734,#8735,#8736,#8737,#8738,#8739,#8740,#8741,#8742,#8743,
    #8744,#8745,#8746,#8747,#8748,#8749,#8750,#8751,#8752,#8753,#8754,
    #8755,#8756,#8757,#8758,#8759,#8760,#8761,#8762,#8763,#8764,#8765,
    #8766,#8767,#8768,#8769,#8770,#8771,#8772,#8773,#8774,#8775,#8776,
    #8777),.UNSPECIFIED.,.F.,.F.,(4,1,1,1,1,1,1,1,1,1,1,1,1,1,1,1,1,1,1,
    1,1,1,1,1,1,1,1,1,1,1,1,1,1,1,1,1,1,1,1,1,1,1,1,1,1,1,1,4),(0.,
    0.72551896577,1.446812427957,2.167545581006,2.834652630785,
    3.561455250387,4.294404186133,5.035083262141,5.726745513771,
    6.485571675342,7.25499120568,8.035460380499,8.765906861733,
    9.568099084978,10.381469893138,11.205727652658,11.975881503332,
    12.819782078992,13.673026185696,14.534915364628,15.33753390218,
    16.21390469293,17.096636274619,17.984915961911,18.809100000342,
    19.705802922083,20.60576324729,21.508256924785,22.342991216384,
    23.248469118661,24.154594114226,25.060793204637,25.896884345071,
    26.801694858737,27.704993846459,28.606214463702,29.435742647904,
    30.331166080504,31.222462333173,32.108696907138,32.921319115104,
    33.794515353684,34.658772776489,35.512251077876,36.288651119977,
    37.115000087988,37.923185154055,38.651120081248),.UNSPECIFIED.);
#8728 = CARTESIAN_POINT('',(-0.45350885127,-48.10427671301));
#8729 = CARTESIAN_POINT('',(-0.296472552567,-47.91997047248));
#8730 = CARTESIAN_POINT('',(1.956544766357E-02,-47.55617896821));
#8731 = CARTESIAN_POINT('',(0.472410586833,-46.99278490721));
#8732 = CARTESIAN_POINT('',(0.900006857568,-46.4347086969));
#8733 = CARTESIAN_POINT('',(1.313852260783,-45.86399333198));
#8734 = CARTESIAN_POINT('',(1.715406671348,-45.2796316124));
#8735 = CARTESIAN_POINT('',(2.114645123302,-44.66422556445));
#8736 = CARTESIAN_POINT('',(2.49138474715,-44.04848889241));
#8737 = CARTESIAN_POINT('',(2.856734540937,-43.41596260072));
#8738 = CARTESIAN_POINT('',(3.210585951824,-42.76598440155));
#8739 = CARTESIAN_POINT('',(3.560745302639,-42.08059157428));
#8740 = CARTESIAN_POINT('',(3.888719679102,-41.3947795284));
#8741 = CARTESIAN_POINT('',(4.203688016384,-40.69092907525));
#8742 = CARTESIAN_POINT('',(4.504845951063,-39.96913964506));
#8743 = CARTESIAN_POINT('',(4.797861366055,-39.21038161945));
#8744 = CARTESIAN_POINT('',(5.06665777555,-38.45402920355));
#8745 = CARTESIAN_POINT('',(5.318518214314,-37.68117643743));
#8746 = CARTESIAN_POINT('',(5.552314185468,-36.89255779697));
#8747 = CARTESIAN_POINT('',(5.771216192382,-36.06799040458));
#8748 = CARTESIAN_POINT('',(5.962880206793,-35.25079148173));
#8749 = CARTESIAN_POINT('',(6.132557545214,-34.42089376123));
#8750 = CARTESIAN_POINT('',(6.278976098759,-33.5794927187));
#8751 = CARTESIAN_POINT('',(6.402949058301,-32.70563495237));
#8752 = CARTESIAN_POINT('',(6.496819793177,-31.8455201101));
#8753 = CARTESIAN_POINT('',(6.563622950087,-30.97823225221));
#8754 = CARTESIAN_POINT('',(6.602244396839,-30.10529480543));
#8755 = CARTESIAN_POINT('',(6.6106357212,-29.20542925783));
#8756 = CARTESIAN_POINT('',(6.587340491706,-28.32647828069));
#8757 = CARTESIAN_POINT('',(6.532903434063,-27.44709217365));
#8758 = CARTESIAN_POINT('',(6.4466136461,-26.56899314554));
#8759 = CARTESIAN_POINT('',(6.323405423359,-25.67124857425));
#8760 = CARTESIAN_POINT('',(6.169107066793,-24.80179292967));
#8761 = CARTESIAN_POINT('',(5.981597855311,-23.93937765341));
#8762 = CARTESIAN_POINT('',(5.76079399669,-23.08582415991));
#8763 = CARTESIAN_POINT('',(5.498725165056,-22.22130652909));
#8764 = CARTESIAN_POINT('',(5.209134652432,-21.39214491597));
#8765 = CARTESIAN_POINT('',(4.887241642236,-20.57785393973));
#8766 = CARTESIAN_POINT('',(4.533832284114,-19.78029947476));
#8767 = CARTESIAN_POINT('',(4.138511822526,-18.98151733352));
#8768 = CARTESIAN_POINT('',(3.722916809738,-18.22444669541));
#8769 = CARTESIAN_POINT('',(3.279921568435,-17.49013196259));
#8770 = CARTESIAN_POINT('',(2.811609979174,-16.78057661926));
#8771 = CARTESIAN_POINT('',(2.305595092121,-16.07986153021));
#8772 = CARTESIAN_POINT('',(1.79226505272,-15.42753711682));
#8773 = CARTESIAN_POINT('',(1.256812898286,-14.80083728431));
#8774 = CARTESIAN_POINT('',(0.726078613454,-14.22497766509));
#8775 = CARTESIAN_POINT('',(0.116302638697,-13.61566630706));
#8776 = CARTESIAN_POINT('',(-0.139969012133,-13.3877467972));
#8777 = CARTESIAN_POINT('',(-0.399969533376,-13.14724084379));
#8778 = ( GEOMETRIC_REPRESENTATION_CONTEXT(2) 
PARAMETRIC_REPRESENTATION_CONTEXT() REPRESENTATION_CONTEXT('2D SPACE',''
  ) );
#8779 = ORIENTED_EDGE('',*,*,#8463,.F.);
#8780 = ORIENTED_EDGE('',*,*,#8781,.F.);
#8781 = EDGE_CURVE('',#8636,#8464,#8782,.T.);
#8782 = SURFACE_CURVE('',#8783,(#8834,#8841),.PCURVE_S1.);
#8783 = B_SPLINE_CURVE_WITH_KNOTS('',3,(#8784,#8785,#8786,#8787,#8788,
    #8789,#8790,#8791,#8792,#8793,#8794,#8795,#8796,#8797,#8798,#8799,
    #8800,#8801,#8802,#8803,#8804,#8805,#8806,#8807,#8808,#8809,#8810,
    #8811,#8812,#8813,#8814,#8815,#8816,#8817,#8818,#8819,#8820,#8821,
    #8822,#8823,#8824,#8825,#8826,#8827,#8828,#8829,#8830,#8831,#8832,
    #8833),.UNSPECIFIED.,.F.,.F.,(4,1,1,1,1,1,1,1,1,1,1,1,1,1,1,1,1,1,1,
    1,1,1,1,1,1,1,1,1,1,1,1,1,1,1,1,1,1,1,1,1,1,1,1,1,1,1,1,4),(0.,
    0.72551896577,1.446812427957,2.167545581006,2.834652630785,
    3.561455250387,4.294404186133,5.035083262141,5.726745513771,
    6.485571675342,7.25499120568,8.035460380499,8.765906861733,
    9.568099084978,10.381469893138,11.205727652658,11.975881503332,
    12.819782078992,13.673026185696,14.534915364628,15.33753390218,
    16.21390469293,17.096636274619,17.984915961911,18.809100000342,
    19.705802922083,20.60576324729,21.508256924785,22.342991216384,
    23.248469118661,24.154594114226,25.060793204637,25.896884345071,
    26.801694858737,27.704993846459,28.606214463702,29.435742647904,
    30.331166080504,31.222462333173,32.108696907138,32.921319115104,
    33.794515353684,34.658772776489,35.512251077876,36.288651119977,
    37.115000087988,37.923185154055,38.651120081248),.UNSPECIFIED.);
#8784 = CARTESIAN_POINT('',(-0.45350885127,-48.10427671301,0.));
#8785 = CARTESIAN_POINT('',(-0.296472552567,-47.91997047248,0.));
#8786 = CARTESIAN_POINT('',(1.956544766357E-02,-47.55617896821,0.));
#8787 = CARTESIAN_POINT('',(0.472410586833,-46.99278490721,0.));
#8788 = CARTESIAN_POINT('',(0.900006857568,-46.4347086969,0.));
#8789 = CARTESIAN_POINT('',(1.313852260783,-45.86399333198,0.));
#8790 = CARTESIAN_POINT('',(1.715406671348,-45.2796316124,0.));
#8791 = CARTESIAN_POINT('',(2.114645123302,-44.66422556445,0.));
#8792 = CARTESIAN_POINT('',(2.49138474715,-44.04848889241,0.));
#8793 = CARTESIAN_POINT('',(2.856734540937,-43.41596260072,0.));
#8794 = CARTESIAN_POINT('',(3.210585951824,-42.76598440155,0.));
#8795 = CARTESIAN_POINT('',(3.560745302639,-42.08059157428,0.));
#8796 = CARTESIAN_POINT('',(3.888719679102,-41.3947795284,0.));
#8797 = CARTESIAN_POINT('',(4.203688016384,-40.69092907525,0.));
#8798 = CARTESIAN_POINT('',(4.504845951063,-39.96913964506,0.));
#8799 = CARTESIAN_POINT('',(4.797861366055,-39.21038161945,0.));
#8800 = CARTESIAN_POINT('',(5.06665777555,-38.45402920355,0.));
#8801 = CARTESIAN_POINT('',(5.318518214314,-37.68117643743,0.));
#8802 = CARTESIAN_POINT('',(5.552314185468,-36.89255779697,0.));
#8803 = CARTESIAN_POINT('',(5.771216192382,-36.06799040458,0.));
#8804 = CARTESIAN_POINT('',(5.962880206793,-35.25079148173,0.));
#8805 = CARTESIAN_POINT('',(6.132557545214,-34.42089376123,0.));
#8806 = CARTESIAN_POINT('',(6.278976098759,-33.5794927187,0.));
#8807 = CARTESIAN_POINT('',(6.402949058301,-32.70563495237,0.));
#8808 = CARTESIAN_POINT('',(6.496819793177,-31.8455201101,0.));
#8809 = CARTESIAN_POINT('',(6.563622950087,-30.97823225221,0.));
#8810 = CARTESIAN_POINT('',(6.602244396839,-30.10529480543,0.));
#8811 = CARTESIAN_POINT('',(6.6106357212,-29.20542925783,0.));
#8812 = CARTESIAN_POINT('',(6.587340491706,-28.32647828069,0.));
#8813 = CARTESIAN_POINT('',(6.532903434063,-27.44709217365,0.));
#8814 = CARTESIAN_POINT('',(6.4466136461,-26.56899314554,0.));
#8815 = CARTESIAN_POINT('',(6.323405423359,-25.67124857425,0.));
#8816 = CARTESIAN_POINT('',(6.169107066793,-24.80179292967,0.));
#8817 = CARTESIAN_POINT('',(5.981597855311,-23.93937765341,0.));
#8818 = CARTESIAN_POINT('',(5.76079399669,-23.08582415991,0.));
#8819 = CARTESIAN_POINT('',(5.498725165056,-22.22130652909,0.));
#8820 = CARTESIAN_POINT('',(5.209134652432,-21.39214491597,0.));
#8821 = CARTESIAN_POINT('',(4.887241642236,-20.57785393973,0.));
#8822 = CARTESIAN_POINT('',(4.533832284114,-19.78029947476,0.));
#8823 = CARTESIAN_POINT('',(4.138511822526,-18.98151733352,0.));
#8824 = CARTESIAN_POINT('',(3.722916809738,-18.22444669541,0.));
#8825 = CARTESIAN_POINT('',(3.279921568435,-17.49013196259,0.));
#8826 = CARTESIAN_POINT('',(2.811609979174,-16.78057661926,0.));
#8827 = CARTESIAN_POINT('',(2.305595092121,-16.07986153021,0.));
#8828 = CARTESIAN_POINT('',(1.79226505272,-15.42753711682,0.));
#8829 = CARTESIAN_POINT('',(1.256812898286,-14.80083728431,0.));
#8830 = CARTESIAN_POINT('',(0.726078613454,-14.22497766509,0.));
#8831 = CARTESIAN_POINT('',(0.116302638697,-13.61566630706,0.));
#8832 = CARTESIAN_POINT('',(-0.139969012133,-13.3877467972,0.));
#8833 = CARTESIAN_POINT('',(-0.399969533376,-13.14724084379,0.));
#8834 = PCURVE('',#8481,#8835);
#8835 = DEFINITIONAL_REPRESENTATION('',(#8836),#8840);
#8836 = LINE('',#8837,#8838);
#8837 = CARTESIAN_POINT('',(0.,0.));
#8838 = VECTOR('',#8839,1.);
#8839 = DIRECTION('',(1.,0.));
#8840 = ( GEOMETRIC_REPRESENTATION_CONTEXT(2) 
PARAMETRIC_REPRESENTATION_CONTEXT() REPRESENTATION_CONTEXT('2D SPACE',''
  ) );
#8841 = PCURVE('',#224,#8842);
#8842 = DEFINITIONAL_REPRESENTATION('',(#8843),#8894);
#8843 = B_SPLINE_CURVE_WITH_KNOTS('',3,(#8844,#8845,#8846,#8847,#8848,
    #8849,#8850,#8851,#8852,#8853,#8854,#8855,#8856,#8857,#8858,#8859,
    #8860,#8861,#8862,#8863,#8864,#8865,#8866,#8867,#8868,#8869,#8870,
    #8871,#8872,#8873,#8874,#8875,#8876,#8877,#8878,#8879,#8880,#8881,
    #8882,#8883,#8884,#8885,#8886,#8887,#8888,#8889,#8890,#8891,#8892,
    #8893),.UNSPECIFIED.,.F.,.F.,(4,1,1,1,1,1,1,1,1,1,1,1,1,1,1,1,1,1,1,
    1,1,1,1,1,1,1,1,1,1,1,1,1,1,1,1,1,1,1,1,1,1,1,1,1,1,1,1,4),(0.,
    0.72551896577,1.446812427957,2.167545581006,2.834652630785,
    3.561455250387,4.294404186133,5.035083262141,5.726745513771,
    6.485571675342,7.25499120568,8.035460380499,8.765906861733,
    9.568099084978,10.381469893138,11.205727652658,11.975881503332,
    12.819782078992,13.673026185696,14.534915364628,15.33753390218,
    16.21390469293,17.096636274619,17.984915961911,18.809100000342,
    19.705802922083,20.60576324729,21.508256924785,22.342991216384,
    23.248469118661,24.154594114226,25.060793204637,25.896884345071,
    26.801694858737,27.704993846459,28.606214463702,29.435742647904,
    30.331166080504,31.222462333173,32.108696907138,32.921319115104,
    33.794515353684,34.658772776489,35.512251077876,36.288651119977,
    37.115000087988,37.923185154055,38.651120081248),.UNSPECIFIED.);
#8844 = CARTESIAN_POINT('',(-0.45350885127,-48.10427671301));
#8845 = CARTESIAN_POINT('',(-0.296472552567,-47.91997047248));
#8846 = CARTESIAN_POINT('',(1.956544766357E-02,-47.55617896821));
#8847 = CARTESIAN_POINT('',(0.472410586833,-46.99278490721));
#8848 = CARTESIAN_POINT('',(0.900006857568,-46.4347086969));
#8849 = CARTESIAN_POINT('',(1.313852260783,-45.86399333198));
#8850 = CARTESIAN_POINT('',(1.715406671348,-45.2796316124));
#8851 = CARTESIAN_POINT('',(2.114645123302,-44.66422556445));
#8852 = CARTESIAN_POINT('',(2.49138474715,-44.04848889241));
#8853 = CARTESIAN_POINT('',(2.856734540937,-43.41596260072));
#8854 = CARTESIAN_POINT('',(3.210585951824,-42.76598440155));
#8855 = CARTESIAN_POINT('',(3.560745302639,-42.08059157428));
#8856 = CARTESIAN_POINT('',(3.888719679102,-41.3947795284));
#8857 = CARTESIAN_POINT('',(4.203688016384,-40.69092907525));
#8858 = CARTESIAN_POINT('',(4.504845951063,-39.96913964506));
#8859 = CARTESIAN_POINT('',(4.797861366055,-39.21038161945));
#8860 = CARTESIAN_POINT('',(5.06665777555,-38.45402920355));
#8861 = CARTESIAN_POINT('',(5.318518214314,-37.68117643743));
#8862 = CARTESIAN_POINT('',(5.552314185468,-36.89255779697));
#8863 = CARTESIAN_POINT('',(5.771216192382,-36.06799040458));
#8864 = CARTESIAN_POINT('',(5.962880206793,-35.25079148173));
#8865 = CARTESIAN_POINT('',(6.132557545214,-34.42089376123));
#8866 = CARTESIAN_POINT('',(6.278976098759,-33.5794927187));
#8867 = CARTESIAN_POINT('',(6.402949058301,-32.70563495237));
#8868 = CARTESIAN_POINT('',(6.496819793177,-31.8455201101));
#8869 = CARTESIAN_POINT('',(6.563622950087,-30.97823225221));
#8870 = CARTESIAN_POINT('',(6.602244396839,-30.10529480543));
#8871 = CARTESIAN_POINT('',(6.6106357212,-29.20542925783));
#8872 = CARTESIAN_POINT('',(6.587340491706,-28.32647828069));
#8873 = CARTESIAN_POINT('',(6.532903434063,-27.44709217365));
#8874 = CARTESIAN_POINT('',(6.4466136461,-26.56899314554));
#8875 = CARTESIAN_POINT('',(6.323405423359,-25.67124857425));
#8876 = CARTESIAN_POINT('',(6.169107066793,-24.80179292967));
#8877 = CARTESIAN_POINT('',(5.981597855311,-23.93937765341));
#8878 = CARTESIAN_POINT('',(5.76079399669,-23.08582415991));
#8879 = CARTESIAN_POINT('',(5.498725165056,-22.22130652909));
#8880 = CARTESIAN_POINT('',(5.209134652432,-21.39214491597));
#8881 = CARTESIAN_POINT('',(4.887241642236,-20.57785393973));
#8882 = CARTESIAN_POINT('',(4.533832284114,-19.78029947476));
#8883 = CARTESIAN_POINT('',(4.138511822526,-18.98151733352));
#8884 = CARTESIAN_POINT('',(3.722916809738,-18.22444669541));
#8885 = CARTESIAN_POINT('',(3.279921568435,-17.49013196259));
#8886 = CARTESIAN_POINT('',(2.811609979174,-16.78057661926));
#8887 = CARTESIAN_POINT('',(2.305595092121,-16.07986153021));
#8888 = CARTESIAN_POINT('',(1.79226505272,-15.42753711682));
#8889 = CARTESIAN_POINT('',(1.256812898286,-14.80083728431));
#8890 = CARTESIAN_POINT('',(0.726078613454,-14.22497766509));
#8891 = CARTESIAN_POINT('',(0.116302638697,-13.61566630706));
#8892 = CARTESIAN_POINT('',(-0.139969012133,-13.3877467972));
#8893 = CARTESIAN_POINT('',(-0.399969533376,-13.14724084379));
#8894 = ( GEOMETRIC_REPRESENTATION_CONTEXT(2) 
PARAMETRIC_REPRESENTATION_CONTEXT() REPRESENTATION_CONTEXT('2D SPACE',''
  ) );
#8895 = ADVANCED_FACE('',(#8896),#8653,.T.);
#8896 = FACE_BOUND('',#8897,.T.);
#8897 = EDGE_LOOP('',(#8898,#8928,#8949,#8950));
#8898 = ORIENTED_EDGE('',*,*,#8899,.T.);
#8899 = EDGE_CURVE('',#8900,#8902,#8904,.T.);
#8900 = VERTEX_POINT('',#8901);
#8901 = CARTESIAN_POINT('',(-0.785159873253,-48.49364416058,0.));
#8902 = VERTEX_POINT('',#8903);
#8903 = CARTESIAN_POINT('',(-0.785159873253,-48.49364416058,22.4));
#8904 = SURFACE_CURVE('',#8905,(#8909,#8916),.PCURVE_S1.);
#8905 = LINE('',#8906,#8907);
#8906 = CARTESIAN_POINT('',(-0.785159873253,-48.49364416058,0.));
#8907 = VECTOR('',#8908,1.);
#8908 = DIRECTION('',(0.,0.,1.));
#8909 = PCURVE('',#8653,#8910);
#8910 = DEFINITIONAL_REPRESENTATION('',(#8911),#8915);
#8911 = LINE('',#8912,#8913);
#8912 = CARTESIAN_POINT('',(-5.039311793747E-16,0.));
#8913 = VECTOR('',#8914,1.);
#8914 = DIRECTION('',(0.,-1.));
#8915 = ( GEOMETRIC_REPRESENTATION_CONTEXT(2) 
PARAMETRIC_REPRESENTATION_CONTEXT() REPRESENTATION_CONTEXT('2D SPACE',''
  ) );
#8916 = PCURVE('',#8917,#8922);
#8917 = CYLINDRICAL_SURFACE('',#8918,48.5);
#8918 = AXIS2_PLACEMENT_3D('',#8919,#8920,#8921);
#8919 = CARTESIAN_POINT('',(0.,0.,0.));
#8920 = DIRECTION('',(-0.,-0.,-1.));
#8921 = DIRECTION('',(1.,0.,-0.));
#8922 = DEFINITIONAL_REPRESENTATION('',(#8923),#8927);
#8923 = LINE('',#8924,#8925);
#8924 = CARTESIAN_POINT('',(-4.696199409808,0.));
#8925 = VECTOR('',#8926,1.);
#8926 = DIRECTION('',(-0.,-1.));
#8927 = ( GEOMETRIC_REPRESENTATION_CONTEXT(2) 
PARAMETRIC_REPRESENTATION_CONTEXT() REPRESENTATION_CONTEXT('2D SPACE',''
  ) );
#8928 = ORIENTED_EDGE('',*,*,#8929,.T.);
#8929 = EDGE_CURVE('',#8902,#8638,#8930,.T.);
#8930 = SURFACE_CURVE('',#8931,(#8935,#8942),.PCURVE_S1.);
#8931 = LINE('',#8932,#8933);
#8932 = CARTESIAN_POINT('',(-2.290293056105,-50.26071203258,22.4));
#8933 = VECTOR('',#8934,1.);
#8934 = DIRECTION('',(0.648429791901,0.761274461003,0.));
#8935 = PCURVE('',#8653,#8936);
#8936 = DEFINITIONAL_REPRESENTATION('',(#8937),#8941);
#8937 = LINE('',#8938,#8939);
#8938 = CARTESIAN_POINT('',(-2.321196838349,-22.4));
#8939 = VECTOR('',#8940,1.);
#8940 = DIRECTION('',(1.,0.));
#8941 = ( GEOMETRIC_REPRESENTATION_CONTEXT(2) 
PARAMETRIC_REPRESENTATION_CONTEXT() REPRESENTATION_CONTEXT('2D SPACE',''
  ) );
#8942 = PCURVE('',#169,#8943);
#8943 = DEFINITIONAL_REPRESENTATION('',(#8944),#8948);
#8944 = LINE('',#8945,#8946);
#8945 = CARTESIAN_POINT('',(-2.290293056105,-50.26071203258));
#8946 = VECTOR('',#8947,1.);
#8947 = DIRECTION('',(0.648429791901,0.761274461003));
#8948 = ( GEOMETRIC_REPRESENTATION_CONTEXT(2) 
PARAMETRIC_REPRESENTATION_CONTEXT() REPRESENTATION_CONTEXT('2D SPACE',''
  ) );
#8949 = ORIENTED_EDGE('',*,*,#8635,.F.);
#8950 = ORIENTED_EDGE('',*,*,#8951,.F.);
#8951 = EDGE_CURVE('',#8900,#8636,#8952,.T.);
#8952 = SURFACE_CURVE('',#8953,(#8957,#8964),.PCURVE_S1.);
#8953 = LINE('',#8954,#8955);
#8954 = CARTESIAN_POINT('',(-2.290293056105,-50.26071203258,0.));
#8955 = VECTOR('',#8956,1.);
#8956 = DIRECTION('',(0.648429791901,0.761274461003,0.));
#8957 = PCURVE('',#8653,#8958);
#8958 = DEFINITIONAL_REPRESENTATION('',(#8959),#8963);
#8959 = LINE('',#8960,#8961);
#8960 = CARTESIAN_POINT('',(-2.321196838349,-0.));
#8961 = VECTOR('',#8962,1.);
#8962 = DIRECTION('',(1.,0.));
#8963 = ( GEOMETRIC_REPRESENTATION_CONTEXT(2) 
PARAMETRIC_REPRESENTATION_CONTEXT() REPRESENTATION_CONTEXT('2D SPACE',''
  ) );
#8964 = PCURVE('',#224,#8965);
#8965 = DEFINITIONAL_REPRESENTATION('',(#8966),#8970);
#8966 = LINE('',#8967,#8968);
#8967 = CARTESIAN_POINT('',(-2.290293056105,-50.26071203258));
#8968 = VECTOR('',#8969,1.);
#8969 = DIRECTION('',(0.648429791901,0.761274461003));
#8970 = ( GEOMETRIC_REPRESENTATION_CONTEXT(2) 
PARAMETRIC_REPRESENTATION_CONTEXT() REPRESENTATION_CONTEXT('2D SPACE',''
  ) );
#8971 = ADVANCED_FACE('',(#8972),#8917,.F.);
#8972 = FACE_BOUND('',#8973,.T.);
#8973 = EDGE_LOOP('',(#8974,#8999,#9021,#9022));
#8974 = ORIENTED_EDGE('',*,*,#8975,.T.);
#8975 = EDGE_CURVE('',#8976,#8978,#8980,.T.);
#8976 = VERTEX_POINT('',#8977);
#8977 = CARTESIAN_POINT('',(-23.55615858488,-42.39525200684,0.));
#8978 = VERTEX_POINT('',#8979);
#8979 = CARTESIAN_POINT('',(-23.55615858488,-42.39525200684,22.4));
#8980 = SURFACE_CURVE('',#8981,(#8985,#8992),.PCURVE_S1.);
#8981 = LINE('',#8982,#8983);
#8982 = CARTESIAN_POINT('',(-23.55615858488,-42.39525200684,0.));
#8983 = VECTOR('',#8984,1.);
#8984 = DIRECTION('',(0.,0.,1.));
#8985 = PCURVE('',#8917,#8986);
#8986 = DEFINITIONAL_REPRESENTATION('',(#8987),#8991);
#8987 = LINE('',#8988,#8989);
#8988 = CARTESIAN_POINT('',(-4.205232064203,0.));
#8989 = VECTOR('',#8990,1.);
#8990 = DIRECTION('',(-0.,-1.));
#8991 = ( GEOMETRIC_REPRESENTATION_CONTEXT(2) 
PARAMETRIC_REPRESENTATION_CONTEXT() REPRESENTATION_CONTEXT('2D SPACE',''
  ) );
#8992 = PCURVE('',#8278,#8993);
#8993 = DEFINITIONAL_REPRESENTATION('',(#8994),#8998);
#8994 = LINE('',#8995,#8996);
#8995 = CARTESIAN_POINT('',(40.083562049213,0.));
#8996 = VECTOR('',#8997,1.);
#8997 = DIRECTION('',(0.,-1.));
#8998 = ( GEOMETRIC_REPRESENTATION_CONTEXT(2) 
PARAMETRIC_REPRESENTATION_CONTEXT() REPRESENTATION_CONTEXT('2D SPACE',''
  ) );
#8999 = ORIENTED_EDGE('',*,*,#9000,.T.);
#9000 = EDGE_CURVE('',#8978,#8902,#9001,.T.);
#9001 = SURFACE_CURVE('',#9002,(#9007,#9014),.PCURVE_S1.);
#9002 = CIRCLE('',#9003,48.5);
#9003 = AXIS2_PLACEMENT_3D('',#9004,#9005,#9006);
#9004 = CARTESIAN_POINT('',(0.,0.,22.4));
#9005 = DIRECTION('',(0.,0.,1.));
#9006 = DIRECTION('',(1.,0.,-0.));
#9007 = PCURVE('',#8917,#9008);
#9008 = DEFINITIONAL_REPRESENTATION('',(#9009),#9013);
#9009 = LINE('',#9010,#9011);
#9010 = CARTESIAN_POINT('',(-0.,-22.4));
#9011 = VECTOR('',#9012,1.);
#9012 = DIRECTION('',(-1.,0.));
#9013 = ( GEOMETRIC_REPRESENTATION_CONTEXT(2) 
PARAMETRIC_REPRESENTATION_CONTEXT() REPRESENTATION_CONTEXT('2D SPACE',''
  ) );
#9014 = PCURVE('',#169,#9015);
#9015 = DEFINITIONAL_REPRESENTATION('',(#9016),#9020);
#9016 = CIRCLE('',#9017,48.5);
#9017 = AXIS2_PLACEMENT_2D('',#9018,#9019);
#9018 = CARTESIAN_POINT('',(0.,-1.204325410458E-15));
#9019 = DIRECTION('',(1.,0.));
#9020 = ( GEOMETRIC_REPRESENTATION_CONTEXT(2) 
PARAMETRIC_REPRESENTATION_CONTEXT() REPRESENTATION_CONTEXT('2D SPACE',''
  ) );
#9021 = ORIENTED_EDGE('',*,*,#8899,.F.);
#9022 = ORIENTED_EDGE('',*,*,#9023,.F.);
#9023 = EDGE_CURVE('',#8976,#8900,#9024,.T.);
#9024 = SURFACE_CURVE('',#9025,(#9030,#9037),.PCURVE_S1.);
#9025 = CIRCLE('',#9026,48.5);
#9026 = AXIS2_PLACEMENT_3D('',#9027,#9028,#9029);
#9027 = CARTESIAN_POINT('',(0.,0.,0.));
#9028 = DIRECTION('',(0.,0.,1.));
#9029 = DIRECTION('',(1.,0.,-0.));
#9030 = PCURVE('',#8917,#9031);
#9031 = DEFINITIONAL_REPRESENTATION('',(#9032),#9036);
#9032 = LINE('',#9033,#9034);
#9033 = CARTESIAN_POINT('',(-0.,0.));
#9034 = VECTOR('',#9035,1.);
#9035 = DIRECTION('',(-1.,0.));
#9036 = ( GEOMETRIC_REPRESENTATION_CONTEXT(2) 
PARAMETRIC_REPRESENTATION_CONTEXT() REPRESENTATION_CONTEXT('2D SPACE',''
  ) );
#9037 = PCURVE('',#224,#9038);
#9038 = DEFINITIONAL_REPRESENTATION('',(#9039),#9043);
#9039 = CIRCLE('',#9040,48.5);
#9040 = AXIS2_PLACEMENT_2D('',#9041,#9042);
#9041 = CARTESIAN_POINT('',(0.,-1.204325410458E-15));
#9042 = DIRECTION('',(1.,0.));
#9043 = ( GEOMETRIC_REPRESENTATION_CONTEXT(2) 
PARAMETRIC_REPRESENTATION_CONTEXT() REPRESENTATION_CONTEXT('2D SPACE',''
  ) );
#9044 = ADVANCED_FACE('',(#9045),#8278,.T.);
#9045 = FACE_BOUND('',#9046,.T.);
#9046 = EDGE_LOOP('',(#9047,#9048,#9163,#9164));
#9047 = ORIENTED_EDGE('',*,*,#8255,.T.);
#9048 = ORIENTED_EDGE('',*,*,#9049,.T.);
#9049 = EDGE_CURVE('',#8258,#8978,#9050,.T.);
#9050 = SURFACE_CURVE('',#9051,(#9102,#9109),.PCURVE_S1.);
#9051 = B_SPLINE_CURVE_WITH_KNOTS('',3,(#9052,#9053,#9054,#9055,#9056,
    #9057,#9058,#9059,#9060,#9061,#9062,#9063,#9064,#9065,#9066,#9067,
    #9068,#9069,#9070,#9071,#9072,#9073,#9074,#9075,#9076,#9077,#9078,
    #9079,#9080,#9081,#9082,#9083,#9084,#9085,#9086,#9087,#9088,#9089,
    #9090,#9091,#9092,#9093,#9094,#9095,#9096,#9097,#9098,#9099,#9100,
    #9101),.UNSPECIFIED.,.F.,.F.,(4,1,1,1,1,1,1,1,1,1,1,1,1,1,1,1,1,1,1,
    1,1,1,1,1,1,1,1,1,1,1,1,1,1,1,1,1,1,1,1,1,1,1,1,1,1,1,1,4),(0.,
    0.770020974153,1.626265687068,2.501235809007,3.323017628822,
    4.226168942917,5.140567564886,6.064285262741,6.923787879437,
    7.860959618837,8.803220404646,9.749496837408,10.625745778606,
    11.577210076157,12.530237508485,13.484135816053,14.364871812505,
    15.318618169461,16.271356512646,17.222443906393,18.098342389538,
    19.044380308015,19.986772779966,20.924790631856,21.786128506054,
    22.713614611572,23.634502775488,24.548028034391,25.38410411673,
    26.281393184443,27.169232325991,28.047009844699,28.847877333261,
    29.704892084705,30.550578145199,31.384742808357,32.14448317376,
    32.956538608657,33.75747556067,34.547827237765,35.268649993444,
    36.041021221912,36.805779378973,37.564485879874,38.261073281275,
    39.01367744831,39.766626217161,40.522198623296),.UNSPECIFIED.);
#9052 = CARTESIAN_POINT('',(-5.779995801459,-10.81118546241,22.4));
#9053 = CARTESIAN_POINT('',(-5.704001703035,-11.05625499152,22.4));
#9054 = CARTESIAN_POINT('',(-5.536616376993,-11.57212758382,22.4));
#9055 = CARTESIAN_POINT('',(-5.323359011338,-12.37845763112,22.4));
#9056 = CARTESIAN_POINT('',(-5.135032107618,-13.20854032434,22.4));
#9057 = CARTESIAN_POINT('',(-4.97755483101,-14.06097484499,22.4));
#9058 = CARTESIAN_POINT('',(-4.851780555304,-14.93196437774,22.4));
#9059 = CARTESIAN_POINT('',(-4.75895288089,-15.84126115267,22.4));
#9060 = CARTESIAN_POINT('',(-4.705184290526,-16.73912866855,22.4));
#9061 = CARTESIAN_POINT('',(-4.687753470237,-17.64598255018,22.4));
#9062 = CARTESIAN_POINT('',(-4.707437542484,-18.55902826521,22.4));
#9063 = CARTESIAN_POINT('',(-4.767727971147,-19.49928109601,22.4));
#9064 = CARTESIAN_POINT('',(-4.865703467748,-20.41593656905,22.4));
#9065 = CARTESIAN_POINT('',(-5.001303181812,-21.33083217275,22.4));
#9066 = CARTESIAN_POINT('',(-5.174206920646,-22.24175774342,22.4));
#9067 = CARTESIAN_POINT('',(-5.390795676388,-23.16988823326,22.4));
#9068 = CARTESIAN_POINT('',(-5.639123307605,-24.06558632509,22.4));
#9069 = CARTESIAN_POINT('',(-5.922283794279,-24.95108226534,22.4));
#9070 = CARTESIAN_POINT('',(-6.239158031315,-25.82471231978,22.4));
#9071 = CARTESIAN_POINT('',(-6.598917274194,-26.706941123,22.4));
#9072 = CARTESIAN_POINT('',(-6.98159263176,-27.55105090177,22.4));
#9073 = CARTESIAN_POINT('',(-7.393492358608,-28.37874062111,22.4));
#9074 = CARTESIAN_POINT('',(-7.833000559333,-29.18884554067,22.4));
#9075 = CARTESIAN_POINT('',(-8.311754305156,-30.00051470063,22.4));
#9076 = CARTESIAN_POINT('',(-8.803340882316,-30.77117746886,22.4));
#9077 = CARTESIAN_POINT('',(-9.316999687833,-31.52124116043,22.4));
#9078 = CARTESIAN_POINT('',(-9.850910214552,-32.24998903158,22.4));
#9079 = CARTESIAN_POINT('',(-10.41874250696,-32.97484396115,22.4));
#9080 = CARTESIAN_POINT('',(-10.98948722509,-33.65814380766,22.4));
#9081 = CARTESIAN_POINT('',(-11.57482351356,-34.31846505083,22.4));
#9082 = CARTESIAN_POINT('',(-12.17300860726,-34.95550001111,22.4));
#9083 = CARTESIAN_POINT('',(-12.79932017145,-35.58466159615,22.4));
#9084 = CARTESIAN_POINT('',(-13.41987036706,-36.17371604663,22.4));
#9085 = CARTESIAN_POINT('',(-14.04840105377,-36.73895718989,22.4));
#9086 = CARTESIAN_POINT('',(-14.68350807829,-37.28047638438,22.4));
#9087 = CARTESIAN_POINT('',(-15.34167846686,-37.81156858636,22.4));
#9088 = CARTESIAN_POINT('',(-15.98804235015,-38.30518994898,22.4));
#9089 = CARTESIAN_POINT('',(-16.63768123999,-38.7755897729,22.4));
#9090 = CARTESIAN_POINT('',(-17.28989688034,-39.22313870727,22.4));
#9091 = CARTESIAN_POINT('',(-17.96219630667,-39.65897078619,22.4));
#9092 = CARTESIAN_POINT('',(-18.61973043544,-40.06115514134,22.4));
#9093 = CARTESIAN_POINT('',(-19.27900388971,-40.44185833946,22.4));
#9094 = CARTESIAN_POINT('',(-19.94000685909,-40.80161763916,22.4));
#9095 = CARTESIAN_POINT('',(-20.62232045607,-41.14982366742,22.4));
#9096 = CARTESIAN_POINT('',(-21.287958225,-41.46788472731,22.4));
#9097 = CARTESIAN_POINT('',(-21.96794468775,-41.7708981865,22.4));
#9098 = CARTESIAN_POINT('',(-22.61451401332,-42.04133966549,22.4));
#9099 = CARTESIAN_POINT('',(-23.43644630274,-42.35667896609,22.4));
#9100 = CARTESIAN_POINT('',(-23.61456133523,-42.41494717531,22.4));
#9101 = CARTESIAN_POINT('',(-24.05511145745,-42.57169292858,22.4));
#9102 = PCURVE('',#8278,#9103);
#9103 = DEFINITIONAL_REPRESENTATION('',(#9104),#9108);
#9104 = LINE('',#9105,#9106);
#9105 = CARTESIAN_POINT('',(0.,-22.4));
#9106 = VECTOR('',#9107,1.);
#9107 = DIRECTION('',(1.,0.));
#9108 = ( GEOMETRIC_REPRESENTATION_CONTEXT(2) 
PARAMETRIC_REPRESENTATION_CONTEXT() REPRESENTATION_CONTEXT('2D SPACE',''
  ) );
#9109 = PCURVE('',#169,#9110);
#9110 = DEFINITIONAL_REPRESENTATION('',(#9111),#9162);
#9111 = B_SPLINE_CURVE_WITH_KNOTS('',3,(#9112,#9113,#9114,#9115,#9116,
    #9117,#9118,#9119,#9120,#9121,#9122,#9123,#9124,#9125,#9126,#9127,
    #9128,#9129,#9130,#9131,#9132,#9133,#9134,#9135,#9136,#9137,#9138,
    #9139,#9140,#9141,#9142,#9143,#9144,#9145,#9146,#9147,#9148,#9149,
    #9150,#9151,#9152,#9153,#9154,#9155,#9156,#9157,#9158,#9159,#9160,
    #9161),.UNSPECIFIED.,.F.,.F.,(4,1,1,1,1,1,1,1,1,1,1,1,1,1,1,1,1,1,1,
    1,1,1,1,1,1,1,1,1,1,1,1,1,1,1,1,1,1,1,1,1,1,1,1,1,1,1,1,4),(0.,
    0.770020974153,1.626265687068,2.501235809007,3.323017628822,
    4.226168942917,5.140567564886,6.064285262741,6.923787879437,
    7.860959618837,8.803220404646,9.749496837408,10.625745778606,
    11.577210076157,12.530237508485,13.484135816053,14.364871812505,
    15.318618169461,16.271356512646,17.222443906393,18.098342389538,
    19.044380308015,19.986772779966,20.924790631856,21.786128506054,
    22.713614611572,23.634502775488,24.548028034391,25.38410411673,
    26.281393184443,27.169232325991,28.047009844699,28.847877333261,
    29.704892084705,30.550578145199,31.384742808357,32.14448317376,
    32.956538608657,33.75747556067,34.547827237765,35.268649993444,
    36.041021221912,36.805779378973,37.564485879874,38.261073281275,
    39.01367744831,39.766626217161,40.522198623296),.UNSPECIFIED.);
#9112 = CARTESIAN_POINT('',(-5.779995801459,-10.81118546241));
#9113 = CARTESIAN_POINT('',(-5.704001703035,-11.05625499152));
#9114 = CARTESIAN_POINT('',(-5.536616376993,-11.57212758382));
#9115 = CARTESIAN_POINT('',(-5.323359011338,-12.37845763112));
#9116 = CARTESIAN_POINT('',(-5.135032107618,-13.20854032434));
#9117 = CARTESIAN_POINT('',(-4.97755483101,-14.06097484499));
#9118 = CARTESIAN_POINT('',(-4.851780555304,-14.93196437774));
#9119 = CARTESIAN_POINT('',(-4.75895288089,-15.84126115267));
#9120 = CARTESIAN_POINT('',(-4.705184290526,-16.73912866855));
#9121 = CARTESIAN_POINT('',(-4.687753470237,-17.64598255018));
#9122 = CARTESIAN_POINT('',(-4.707437542484,-18.55902826521));
#9123 = CARTESIAN_POINT('',(-4.767727971147,-19.49928109601));
#9124 = CARTESIAN_POINT('',(-4.865703467748,-20.41593656905));
#9125 = CARTESIAN_POINT('',(-5.001303181812,-21.33083217275));
#9126 = CARTESIAN_POINT('',(-5.174206920646,-22.24175774342));
#9127 = CARTESIAN_POINT('',(-5.390795676388,-23.16988823326));
#9128 = CARTESIAN_POINT('',(-5.639123307605,-24.06558632509));
#9129 = CARTESIAN_POINT('',(-5.922283794279,-24.95108226534));
#9130 = CARTESIAN_POINT('',(-6.239158031315,-25.82471231978));
#9131 = CARTESIAN_POINT('',(-6.598917274194,-26.706941123));
#9132 = CARTESIAN_POINT('',(-6.98159263176,-27.55105090177));
#9133 = CARTESIAN_POINT('',(-7.393492358608,-28.37874062111));
#9134 = CARTESIAN_POINT('',(-7.833000559333,-29.18884554067));
#9135 = CARTESIAN_POINT('',(-8.311754305156,-30.00051470063));
#9136 = CARTESIAN_POINT('',(-8.803340882316,-30.77117746886));
#9137 = CARTESIAN_POINT('',(-9.316999687833,-31.52124116043));
#9138 = CARTESIAN_POINT('',(-9.850910214552,-32.24998903158));
#9139 = CARTESIAN_POINT('',(-10.41874250696,-32.97484396115));
#9140 = CARTESIAN_POINT('',(-10.98948722509,-33.65814380766));
#9141 = CARTESIAN_POINT('',(-11.57482351356,-34.31846505083));
#9142 = CARTESIAN_POINT('',(-12.17300860726,-34.95550001111));
#9143 = CARTESIAN_POINT('',(-12.79932017145,-35.58466159615));
#9144 = CARTESIAN_POINT('',(-13.41987036706,-36.17371604663));
#9145 = CARTESIAN_POINT('',(-14.04840105377,-36.73895718989));
#9146 = CARTESIAN_POINT('',(-14.68350807829,-37.28047638438));
#9147 = CARTESIAN_POINT('',(-15.34167846686,-37.81156858636));
#9148 = CARTESIAN_POINT('',(-15.98804235015,-38.30518994898));
#9149 = CARTESIAN_POINT('',(-16.63768123999,-38.7755897729));
#9150 = CARTESIAN_POINT('',(-17.28989688034,-39.22313870727));
#9151 = CARTESIAN_POINT('',(-17.96219630667,-39.65897078619));
#9152 = CARTESIAN_POINT('',(-18.61973043544,-40.06115514134));
#9153 = CARTESIAN_POINT('',(-19.27900388971,-40.44185833946));
#9154 = CARTESIAN_POINT('',(-19.94000685909,-40.80161763916));
#9155 = CARTESIAN_POINT('',(-20.62232045607,-41.14982366742));
#9156 = CARTESIAN_POINT('',(-21.287958225,-41.46788472731));
#9157 = CARTESIAN_POINT('',(-21.96794468775,-41.7708981865));
#9158 = CARTESIAN_POINT('',(-22.61451401332,-42.04133966549));
#9159 = CARTESIAN_POINT('',(-23.43644630274,-42.35667896609));
#9160 = CARTESIAN_POINT('',(-23.61456133523,-42.41494717531));
#9161 = CARTESIAN_POINT('',(-24.05511145745,-42.57169292858));
#9162 = ( GEOMETRIC_REPRESENTATION_CONTEXT(2) 
PARAMETRIC_REPRESENTATION_CONTEXT() REPRESENTATION_CONTEXT('2D SPACE',''
  ) );
#9163 = ORIENTED_EDGE('',*,*,#8975,.F.);
#9164 = ORIENTED_EDGE('',*,*,#9165,.F.);
#9165 = EDGE_CURVE('',#8256,#8976,#9166,.T.);
#9166 = SURFACE_CURVE('',#9167,(#9218,#9225),.PCURVE_S1.);
#9167 = B_SPLINE_CURVE_WITH_KNOTS('',3,(#9168,#9169,#9170,#9171,#9172,
    #9173,#9174,#9175,#9176,#9177,#9178,#9179,#9180,#9181,#9182,#9183,
    #9184,#9185,#9186,#9187,#9188,#9189,#9190,#9191,#9192,#9193,#9194,
    #9195,#9196,#9197,#9198,#9199,#9200,#9201,#9202,#9203,#9204,#9205,
    #9206,#9207,#9208,#9209,#9210,#9211,#9212,#9213,#9214,#9215,#9216,
    #9217),.UNSPECIFIED.,.F.,.F.,(4,1,1,1,1,1,1,1,1,1,1,1,1,1,1,1,1,1,1,
    1,1,1,1,1,1,1,1,1,1,1,1,1,1,1,1,1,1,1,1,1,1,1,1,1,1,1,1,4),(0.,
    0.770020974153,1.626265687068,2.501235809007,3.323017628822,
    4.226168942917,5.140567564886,6.064285262741,6.923787879437,
    7.860959618837,8.803220404646,9.749496837408,10.625745778606,
    11.577210076157,12.530237508485,13.484135816053,14.364871812505,
    15.318618169461,16.271356512646,17.222443906393,18.098342389538,
    19.044380308015,19.986772779966,20.924790631856,21.786128506054,
    22.713614611572,23.634502775488,24.548028034391,25.38410411673,
    26.281393184443,27.169232325991,28.047009844699,28.847877333261,
    29.704892084705,30.550578145199,31.384742808357,32.14448317376,
    32.956538608657,33.75747556067,34.547827237765,35.268649993444,
    36.041021221912,36.805779378973,37.564485879874,38.261073281275,
    39.01367744831,39.766626217161,40.522198623296),.UNSPECIFIED.);
#9168 = CARTESIAN_POINT('',(-5.779995801459,-10.81118546241,0.));
#9169 = CARTESIAN_POINT('',(-5.704001703035,-11.05625499152,0.));
#9170 = CARTESIAN_POINT('',(-5.536616376993,-11.57212758382,0.));
#9171 = CARTESIAN_POINT('',(-5.323359011338,-12.37845763112,0.));
#9172 = CARTESIAN_POINT('',(-5.135032107618,-13.20854032434,0.));
#9173 = CARTESIAN_POINT('',(-4.97755483101,-14.06097484499,0.));
#9174 = CARTESIAN_POINT('',(-4.851780555304,-14.93196437774,0.));
#9175 = CARTESIAN_POINT('',(-4.75895288089,-15.84126115267,0.));
#9176 = CARTESIAN_POINT('',(-4.705184290526,-16.73912866855,0.));
#9177 = CARTESIAN_POINT('',(-4.687753470237,-17.64598255018,0.));
#9178 = CARTESIAN_POINT('',(-4.707437542484,-18.55902826521,0.));
#9179 = CARTESIAN_POINT('',(-4.767727971147,-19.49928109601,0.));
#9180 = CARTESIAN_POINT('',(-4.865703467748,-20.41593656905,0.));
#9181 = CARTESIAN_POINT('',(-5.001303181812,-21.33083217275,0.));
#9182 = CARTESIAN_POINT('',(-5.174206920646,-22.24175774342,0.));
#9183 = CARTESIAN_POINT('',(-5.390795676388,-23.16988823326,0.));
#9184 = CARTESIAN_POINT('',(-5.639123307605,-24.06558632509,0.));
#9185 = CARTESIAN_POINT('',(-5.922283794279,-24.95108226534,0.));
#9186 = CARTESIAN_POINT('',(-6.239158031315,-25.82471231978,0.));
#9187 = CARTESIAN_POINT('',(-6.598917274194,-26.706941123,0.));
#9188 = CARTESIAN_POINT('',(-6.98159263176,-27.55105090177,0.));
#9189 = CARTESIAN_POINT('',(-7.393492358608,-28.37874062111,0.));
#9190 = CARTESIAN_POINT('',(-7.833000559333,-29.18884554067,0.));
#9191 = CARTESIAN_POINT('',(-8.311754305156,-30.00051470063,0.));
#9192 = CARTESIAN_POINT('',(-8.803340882316,-30.77117746886,0.));
#9193 = CARTESIAN_POINT('',(-9.316999687833,-31.52124116043,0.));
#9194 = CARTESIAN_POINT('',(-9.850910214552,-32.24998903158,0.));
#9195 = CARTESIAN_POINT('',(-10.41874250696,-32.97484396115,0.));
#9196 = CARTESIAN_POINT('',(-10.98948722509,-33.65814380766,0.));
#9197 = CARTESIAN_POINT('',(-11.57482351356,-34.31846505083,0.));
#9198 = CARTESIAN_POINT('',(-12.17300860726,-34.95550001111,0.));
#9199 = CARTESIAN_POINT('',(-12.79932017145,-35.58466159615,0.));
#9200 = CARTESIAN_POINT('',(-13.41987036706,-36.17371604663,0.));
#9201 = CARTESIAN_POINT('',(-14.04840105377,-36.73895718989,0.));
#9202 = CARTESIAN_POINT('',(-14.68350807829,-37.28047638438,0.));
#9203 = CARTESIAN_POINT('',(-15.34167846686,-37.81156858636,0.));
#9204 = CARTESIAN_POINT('',(-15.98804235015,-38.30518994898,0.));
#9205 = CARTESIAN_POINT('',(-16.63768123999,-38.7755897729,0.));
#9206 = CARTESIAN_POINT('',(-17.28989688034,-39.22313870727,0.));
#9207 = CARTESIAN_POINT('',(-17.96219630667,-39.65897078619,0.));
#9208 = CARTESIAN_POINT('',(-18.61973043544,-40.06115514134,0.));
#9209 = CARTESIAN_POINT('',(-19.27900388971,-40.44185833946,0.));
#9210 = CARTESIAN_POINT('',(-19.94000685909,-40.80161763916,0.));
#9211 = CARTESIAN_POINT('',(-20.62232045607,-41.14982366742,0.));
#9212 = CARTESIAN_POINT('',(-21.287958225,-41.46788472731,0.));
#9213 = CARTESIAN_POINT('',(-21.96794468775,-41.7708981865,0.));
#9214 = CARTESIAN_POINT('',(-22.61451401332,-42.04133966549,0.));
#9215 = CARTESIAN_POINT('',(-23.43644630274,-42.35667896609,0.));
#9216 = CARTESIAN_POINT('',(-23.61456133523,-42.41494717531,0.));
#9217 = CARTESIAN_POINT('',(-24.05511145745,-42.57169292858,0.));
#9218 = PCURVE('',#8278,#9219);
#9219 = DEFINITIONAL_REPRESENTATION('',(#9220),#9224);
#9220 = LINE('',#9221,#9222);
#9221 = CARTESIAN_POINT('',(0.,0.));
#9222 = VECTOR('',#9223,1.);
#9223 = DIRECTION('',(1.,0.));
#9224 = ( GEOMETRIC_REPRESENTATION_CONTEXT(2) 
PARAMETRIC_REPRESENTATION_CONTEXT() REPRESENTATION_CONTEXT('2D SPACE',''
  ) );
#9225 = PCURVE('',#224,#9226);
#9226 = DEFINITIONAL_REPRESENTATION('',(#9227),#9278);
#9227 = B_SPLINE_CURVE_WITH_KNOTS('',3,(#9228,#9229,#9230,#9231,#9232,
    #9233,#9234,#9235,#9236,#9237,#9238,#9239,#9240,#9241,#9242,#9243,
    #9244,#9245,#9246,#9247,#9248,#9249,#9250,#9251,#9252,#9253,#9254,
    #9255,#9256,#9257,#9258,#9259,#9260,#9261,#9262,#9263,#9264,#9265,
    #9266,#9267,#9268,#9269,#9270,#9271,#9272,#9273,#9274,#9275,#9276,
    #9277),.UNSPECIFIED.,.F.,.F.,(4,1,1,1,1,1,1,1,1,1,1,1,1,1,1,1,1,1,1,
    1,1,1,1,1,1,1,1,1,1,1,1,1,1,1,1,1,1,1,1,1,1,1,1,1,1,1,1,4),(0.,
    0.770020974153,1.626265687068,2.501235809007,3.323017628822,
    4.226168942917,5.140567564886,6.064285262741,6.923787879437,
    7.860959618837,8.803220404646,9.749496837408,10.625745778606,
    11.577210076157,12.530237508485,13.484135816053,14.364871812505,
    15.318618169461,16.271356512646,17.222443906393,18.098342389538,
    19.044380308015,19.986772779966,20.924790631856,21.786128506054,
    22.713614611572,23.634502775488,24.548028034391,25.38410411673,
    26.281393184443,27.169232325991,28.047009844699,28.847877333261,
    29.704892084705,30.550578145199,31.384742808357,32.14448317376,
    32.956538608657,33.75747556067,34.547827237765,35.268649993444,
    36.041021221912,36.805779378973,37.564485879874,38.261073281275,
    39.01367744831,39.766626217161,40.522198623296),.UNSPECIFIED.);
#9228 = CARTESIAN_POINT('',(-5.779995801459,-10.81118546241));
#9229 = CARTESIAN_POINT('',(-5.704001703035,-11.05625499152));
#9230 = CARTESIAN_POINT('',(-5.536616376993,-11.57212758382));
#9231 = CARTESIAN_POINT('',(-5.323359011338,-12.37845763112));
#9232 = CARTESIAN_POINT('',(-5.135032107618,-13.20854032434));
#9233 = CARTESIAN_POINT('',(-4.97755483101,-14.06097484499));
#9234 = CARTESIAN_POINT('',(-4.851780555304,-14.93196437774));
#9235 = CARTESIAN_POINT('',(-4.75895288089,-15.84126115267));
#9236 = CARTESIAN_POINT('',(-4.705184290526,-16.73912866855));
#9237 = CARTESIAN_POINT('',(-4.687753470237,-17.64598255018));
#9238 = CARTESIAN_POINT('',(-4.707437542484,-18.55902826521));
#9239 = CARTESIAN_POINT('',(-4.767727971147,-19.49928109601));
#9240 = CARTESIAN_POINT('',(-4.865703467748,-20.41593656905));
#9241 = CARTESIAN_POINT('',(-5.001303181812,-21.33083217275));
#9242 = CARTESIAN_POINT('',(-5.174206920646,-22.24175774342));
#9243 = CARTESIAN_POINT('',(-5.390795676388,-23.16988823326));
#9244 = CARTESIAN_POINT('',(-5.639123307605,-24.06558632509));
#9245 = CARTESIAN_POINT('',(-5.922283794279,-24.95108226534));
#9246 = CARTESIAN_POINT('',(-6.239158031315,-25.82471231978));
#9247 = CARTESIAN_POINT('',(-6.598917274194,-26.706941123));
#9248 = CARTESIAN_POINT('',(-6.98159263176,-27.55105090177));
#9249 = CARTESIAN_POINT('',(-7.393492358608,-28.37874062111));
#9250 = CARTESIAN_POINT('',(-7.833000559333,-29.18884554067));
#9251 = CARTESIAN_POINT('',(-8.311754305156,-30.00051470063));
#9252 = CARTESIAN_POINT('',(-8.803340882316,-30.77117746886));
#9253 = CARTESIAN_POINT('',(-9.316999687833,-31.52124116043));
#9254 = CARTESIAN_POINT('',(-9.850910214552,-32.24998903158));
#9255 = CARTESIAN_POINT('',(-10.41874250696,-32.97484396115));
#9256 = CARTESIAN_POINT('',(-10.98948722509,-33.65814380766));
#9257 = CARTESIAN_POINT('',(-11.57482351356,-34.31846505083));
#9258 = CARTESIAN_POINT('',(-12.17300860726,-34.95550001111));
#9259 = CARTESIAN_POINT('',(-12.79932017145,-35.58466159615));
#9260 = CARTESIAN_POINT('',(-13.41987036706,-36.17371604663));
#9261 = CARTESIAN_POINT('',(-14.04840105377,-36.73895718989));
#9262 = CARTESIAN_POINT('',(-14.68350807829,-37.28047638438));
#9263 = CARTESIAN_POINT('',(-15.34167846686,-37.81156858636));
#9264 = CARTESIAN_POINT('',(-15.98804235015,-38.30518994898));
#9265 = CARTESIAN_POINT('',(-16.63768123999,-38.7755897729));
#9266 = CARTESIAN_POINT('',(-17.28989688034,-39.22313870727));
#9267 = CARTESIAN_POINT('',(-17.96219630667,-39.65897078619));
#9268 = CARTESIAN_POINT('',(-18.61973043544,-40.06115514134));
#9269 = CARTESIAN_POINT('',(-19.27900388971,-40.44185833946));
#9270 = CARTESIAN_POINT('',(-19.94000685909,-40.80161763916));
#9271 = CARTESIAN_POINT('',(-20.62232045607,-41.14982366742));
#9272 = CARTESIAN_POINT('',(-21.287958225,-41.46788472731));
#9273 = CARTESIAN_POINT('',(-21.96794468775,-41.7708981865));
#9274 = CARTESIAN_POINT('',(-22.61451401332,-42.04133966549));
#9275 = CARTESIAN_POINT('',(-23.43644630274,-42.35667896609));
#9276 = CARTESIAN_POINT('',(-23.61456133523,-42.41494717531));
#9277 = CARTESIAN_POINT('',(-24.05511145745,-42.57169292858));
#9278 = ( GEOMETRIC_REPRESENTATION_CONTEXT(2) 
PARAMETRIC_REPRESENTATION_CONTEXT() REPRESENTATION_CONTEXT('2D SPACE',''
  ) );
#9279 = ADVANCED_FACE('',(#9280),#9294,.T.);
#9280 = FACE_BOUND('',#9281,.F.);
#9281 = EDGE_LOOP('',(#9282,#9413,#9437,#9465));
#9282 = ORIENTED_EDGE('',*,*,#9283,.T.);
#9283 = EDGE_CURVE('',#9284,#9286,#9288,.T.);
#9284 = VERTEX_POINT('',#9285);
#9285 = CARTESIAN_POINT('',(0.854220936005,-12.67123934713,0.));
#9286 = VERTEX_POINT('',#9287);
#9287 = CARTESIAN_POINT('',(0.854220936005,-12.67123934713,22.4));
#9288 = SURFACE_CURVE('',#9289,(#9293,#9305),.PCURVE_S1.);
#9289 = LINE('',#9290,#9291);
#9290 = CARTESIAN_POINT('',(0.854220936005,-12.67123934713,0.));
#9291 = VECTOR('',#9292,1.);
#9292 = DIRECTION('',(0.,0.,1.));
#9293 = PCURVE('',#9294,#9299);
#9294 = CYLINDRICAL_SURFACE('',#9295,12.7);
#9295 = AXIS2_PLACEMENT_3D('',#9296,#9297,#9298);
#9296 = CARTESIAN_POINT('',(0.,0.,0.));
#9297 = DIRECTION('',(-0.,-0.,-1.));
#9298 = DIRECTION('',(1.,0.,-0.));
#9299 = DEFINITIONAL_REPRESENTATION('',(#9300),#9304);
#9300 = LINE('',#9301,#9302);
#9301 = CARTESIAN_POINT('',(-4.779701291315,0.));
#9302 = VECTOR('',#9303,1.);
#9303 = DIRECTION('',(-0.,-1.));
#9304 = ( GEOMETRIC_REPRESENTATION_CONTEXT(2) 
PARAMETRIC_REPRESENTATION_CONTEXT() REPRESENTATION_CONTEXT('2D SPACE',''
  ) );
#9305 = PCURVE('',#9306,#9407);
#9306 = B_SPLINE_SURFACE_WITH_KNOTS('',3,1,(
    (#9307,#9308)
    ,(#9309,#9310)
    ,(#9311,#9312)
    ,(#9313,#9314)
    ,(#9315,#9316)
    ,(#9317,#9318)
    ,(#9319,#9320)
    ,(#9321,#9322)
    ,(#9323,#9324)
    ,(#9325,#9326)
    ,(#9327,#9328)
    ,(#9329,#9330)
    ,(#9331,#9332)
    ,(#9333,#9334)
    ,(#9335,#9336)
    ,(#9337,#9338)
    ,(#9339,#9340)
    ,(#9341,#9342)
    ,(#9343,#9344)
    ,(#9345,#9346)
    ,(#9347,#9348)
    ,(#9349,#9350)
    ,(#9351,#9352)
    ,(#9353,#9354)
    ,(#9355,#9356)
    ,(#9357,#9358)
    ,(#9359,#9360)
    ,(#9361,#9362)
    ,(#9363,#9364)
    ,(#9365,#9366)
    ,(#9367,#9368)
    ,(#9369,#9370)
    ,(#9371,#9372)
    ,(#9373,#9374)
    ,(#9375,#9376)
    ,(#9377,#9378)
    ,(#9379,#9380)
    ,(#9381,#9382)
    ,(#9383,#9384)
    ,(#9385,#9386)
    ,(#9387,#9388)
    ,(#9389,#9390)
    ,(#9391,#9392)
    ,(#9393,#9394)
    ,(#9395,#9396)
    ,(#9397,#9398)
    ,(#9399,#9400)
    ,(#9401,#9402)
    ,(#9403,#9404)
    ,(#9405,#9406
    )),.UNSPECIFIED.,.F.,.F.,.F.,(4,1,1,1,1,1,1,1,1,1,1,1,1,1,1,1,1,1,1,
    1,1,1,1,1,1,1,1,1,1,1,1,1,1,1,1,1,1,1,1,1,1,1,1,1,1,1,1,4),(2,2),(0.
    ,0.770020974153,1.626265687068,2.501235809007,3.323017628822,
    4.226168942917,5.140567564886,6.064285262741,6.923787879437,
    7.860959618837,8.803220404646,9.749496837408,10.625745778606,
    11.577210076157,12.530237508485,13.484135816053,14.364871812505,
    15.318618169461,16.271356512646,17.222443906393,18.098342389538,
    19.044380308015,19.986772779966,20.924790631856,21.786128506054,
    22.713614611572,23.634502775488,24.548028034391,25.38410411673,
    26.281393184443,27.169232325991,28.047009844699,28.847877333261,
    29.704892084705,30.550578145199,31.384742808357,32.14448317376,
    32.956538608657,33.75747556067,34.547827237765,35.268649993444,
    36.041021221912,36.805779378973,37.564485879874,38.261073281275,
    39.01367744831,39.766626217161,40.522198623296),(-22.4,0.),
  .UNSPECIFIED.);
#9307 = CARTESIAN_POINT('',(0.399969533376,-12.2527591562,22.4));
#9308 = CARTESIAN_POINT('',(0.399969533376,-12.2527591562,0.));
#9309 = CARTESIAN_POINT('',(0.588317117704,-12.42699854489,22.4));
#9310 = CARTESIAN_POINT('',(0.588317117704,-12.42699854489,0.));
#9311 = CARTESIAN_POINT('',(0.991213358426,-12.79006465192,22.4));
#9312 = CARTESIAN_POINT('',(0.991213358426,-12.79006465192,0.));
#9313 = CARTESIAN_POINT('',(1.579064678277,-13.38173827388,22.4));
#9314 = CARTESIAN_POINT('',(1.579064678277,-13.38173827388,0.));
#9315 = CARTESIAN_POINT('',(2.157201907725,-14.0064475216,22.4));
#9316 = CARTESIAN_POINT('',(2.157201907725,-14.0064475216,0.));
#9317 = CARTESIAN_POINT('',(2.719798490113,-14.66593883324,22.4));
#9318 = CARTESIAN_POINT('',(2.719798490113,-14.66593883324,0.));
#9319 = CARTESIAN_POINT('',(3.264216974392,-15.35735075718,22.4));
#9320 = CARTESIAN_POINT('',(3.264216974392,-15.35735075718,0.));
#9321 = CARTESIAN_POINT('',(3.799256486071,-16.09841102664,22.4));
#9322 = CARTESIAN_POINT('',(3.799256486071,-16.09841102664,0.));
#9323 = CARTESIAN_POINT('',(4.294755209196,-16.84910280945,22.4));
#9324 = CARTESIAN_POINT('',(4.294755209196,-16.84910280945,0.));
#9325 = CARTESIAN_POINT('',(4.763277683188,-17.62574589831,22.4));
#9326 = CARTESIAN_POINT('',(4.763277683188,-17.62574589831,0.));
#9327 = CARTESIAN_POINT('',(5.202753634089,-18.42630871847,22.4));
#9328 = CARTESIAN_POINT('',(5.202753634089,-18.42630871847,0.));
#9329 = CARTESIAN_POINT('',(5.620667006661,-19.27073677025,22.4));
#9330 = CARTESIAN_POINT('',(5.620667006661,-19.27073677025,0.));
#9331 = CARTESIAN_POINT('',(5.994145474174,-20.11357144472,22.4));
#9332 = CARTESIAN_POINT('',(5.994145474174,-20.11357144472,0.));
#9333 = CARTESIAN_POINT('',(6.3341604789,-20.97369413637,22.4));
#9334 = CARTESIAN_POINT('',(6.3341604789,-20.97369413637,0.));
#9335 = CARTESIAN_POINT('',(6.639884233994,-21.84903069094,22.4));
#9336 = CARTESIAN_POINT('',(6.639884233994,-21.84903069094,0.));
#9337 = CARTESIAN_POINT('',(6.916378114271,-22.76110965105,22.4));
#9338 = CARTESIAN_POINT('',(6.916378114271,-22.76110965105,0.));
#9339 = CARTESIAN_POINT('',(7.14916912309,-23.6609707683,22.4));
#9340 = CARTESIAN_POINT('',(7.14916912309,-23.6609707683,0.));
#9341 = CARTESIAN_POINT('',(7.346692918406,-24.56941299084,22.4));
#9342 = CARTESIAN_POINT('',(7.346692918406,-24.56941299084,0.));
#9343 = CARTESIAN_POINT('',(7.509086806548,-25.48443593001,22.4));
#9344 = CARTESIAN_POINT('',(7.509086806548,-25.48443593001,0.));
#9345 = CARTESIAN_POINT('',(7.638640564576,-26.42834810699,22.4));
#9346 = CARTESIAN_POINT('',(7.638640564576,-26.42834810699,0.));
#9347 = CARTESIAN_POINT('',(7.729288872908,-27.35070629777,22.4));
#9348 = CARTESIAN_POINT('',(7.729288872908,-27.35070629777,0.));
#9349 = CARTESIAN_POINT('',(7.786418105318,-28.2734564846,22.4));
#9350 = CARTESIAN_POINT('',(7.786418105318,-28.2734564846,0.));
#9351 = CARTESIAN_POINT('',(7.810845298097,-29.19478202503,22.4));
#9352 = CARTESIAN_POINT('',(7.810845298097,-29.19478202503,0.));
#9353 = CARTESIAN_POINT('',(7.802066972039,-30.13708500993,22.4));
#9354 = CARTESIAN_POINT('',(7.802066972039,-30.13708500993,0.));
#9355 = CARTESIAN_POINT('',(7.761671892174,-31.05029183355,22.4));
#9356 = CARTESIAN_POINT('',(7.761671892174,-31.05029183355,0.));
#9357 = CARTESIAN_POINT('',(7.691862163502,-31.95669544766,22.4));
#9358 = CARTESIAN_POINT('',(7.691862163502,-31.95669544766,0.));
#9359 = CARTESIAN_POINT('',(7.59385601959,-32.85476488039,22.4));
#9360 = CARTESIAN_POINT('',(7.59385601959,-32.85476488039,0.));
#9361 = CARTESIAN_POINT('',(7.464526294062,-33.76642380967,22.4));
#9362 = CARTESIAN_POINT('',(7.464526294062,-33.76642380967,0.));
#9363 = CARTESIAN_POINT('',(7.311896792332,-34.64355119421,22.4));
#9364 = CARTESIAN_POINT('',(7.311896792332,-34.64355119421,0.));
#9365 = CARTESIAN_POINT('',(7.135141318351,-35.50807430969,22.4));
#9366 = CARTESIAN_POINT('',(7.135141318351,-35.50807430969,0.));
#9367 = CARTESIAN_POINT('',(6.935615311176,-36.35885531524,22.4));
#9368 = CARTESIAN_POINT('',(6.935615311176,-36.35885531524,0.));
#9369 = CARTESIAN_POINT('',(6.707794378428,-37.21688101307,22.4));
#9370 = CARTESIAN_POINT('',(6.707794378428,-37.21688101307,0.));
#9371 = CARTESIAN_POINT('',(6.464909369945,-38.0372922292,22.4));
#9372 = CARTESIAN_POINT('',(6.464909369945,-38.0372922292,0.));
#9373 = CARTESIAN_POINT('',(6.203206399825,-38.84107076188,22.4));
#9374 = CARTESIAN_POINT('',(6.203206399825,-38.84107076188,0.));
#9375 = CARTESIAN_POINT('',(5.923947179717,-39.6275936532,22.4));
#9376 = CARTESIAN_POINT('',(5.923947179717,-39.6275936532,0.));
#9377 = CARTESIAN_POINT('',(5.619501004183,-40.41661818615,22.4));
#9378 = CARTESIAN_POINT('',(5.619501004183,-40.41661818615,0.));
#9379 = CARTESIAN_POINT('',(5.306544142483,-41.16728876768,22.4));
#9380 = CARTESIAN_POINT('',(5.306544142483,-41.16728876768,0.));
#9381 = CARTESIAN_POINT('',(4.979140272547,-41.89948641006,22.4));
#9382 = CARTESIAN_POINT('',(4.979140272547,-41.89948641006,0.));
#9383 = CARTESIAN_POINT('',(4.63807942645,-42.61318297683,22.4));
#9384 = CARTESIAN_POINT('',(4.63807942645,-42.61318297683,0.));
#9385 = CARTESIAN_POINT('',(4.273767083749,-43.32677434212,22.4));
#9386 = CARTESIAN_POINT('',(4.273767083749,-43.32677434212,0.));
#9387 = CARTESIAN_POINT('',(3.905418001963,-44.00384327507,22.4));
#9388 = CARTESIAN_POINT('',(3.905418001963,-44.00384327507,0.));
#9389 = CARTESIAN_POINT('',(3.524822041583,-44.66317864308,22.4));
#9390 = CARTESIAN_POINT('',(3.524822041583,-44.66317864308,0.));
#9391 = CARTESIAN_POINT('',(3.132256327976,-45.30524082056,22.4));
#9392 = CARTESIAN_POINT('',(3.132256327976,-45.30524082056,0.));
#9393 = CARTESIAN_POINT('',(2.715458433768,-45.94795288528,22.4));
#9394 = CARTESIAN_POINT('',(2.715458433768,-45.94795288528,0.));
#9395 = CARTESIAN_POINT('',(2.298029746103,-46.55622072755,22.4));
#9396 = CARTESIAN_POINT('',(2.298029746103,-46.55622072755,0.));
#9397 = CARTESIAN_POINT('',(1.860650924723,-47.15863131228,22.4));
#9398 = CARTESIAN_POINT('',(1.860650924723,-47.15863131228,0.));
#9399 = CARTESIAN_POINT('',(1.435926202974,-47.71612516611,22.4));
#9400 = CARTESIAN_POINT('',(1.435926202974,-47.71612516611,0.));
#9401 = CARTESIAN_POINT('',(0.881781610442,-48.40018315595,22.4));
#9402 = CARTESIAN_POINT('',(0.881781610442,-48.40018315595,0.));
#9403 = CARTESIAN_POINT('',(0.756663572118,-48.53970242161,22.4));
#9404 = CARTESIAN_POINT('',(0.756663572118,-48.53970242161,0.));
#9405 = CARTESIAN_POINT('',(0.45350885127,-48.89572328698,22.4));
#9406 = CARTESIAN_POINT('',(0.45350885127,-48.89572328698,0.));
#9407 = DEFINITIONAL_REPRESENTATION('',(#9408),#9412);
#9408 = LINE('',#9409,#9410);
#9409 = CARTESIAN_POINT('',(0.617636313455,0.));
#9410 = VECTOR('',#9411,1.);
#9411 = DIRECTION('',(0.,-1.));
#9412 = ( GEOMETRIC_REPRESENTATION_CONTEXT(2) 
PARAMETRIC_REPRESENTATION_CONTEXT() REPRESENTATION_CONTEXT('2D SPACE',''
  ) );
#9413 = ORIENTED_EDGE('',*,*,#9414,.T.);
#9414 = EDGE_CURVE('',#9286,#9415,#9417,.T.);
#9415 = VERTEX_POINT('',#9416);
#9416 = CARTESIAN_POINT('',(6.000466315575,-11.19305159443,22.4));
#9417 = SURFACE_CURVE('',#9418,(#9423,#9430),.PCURVE_S1.);
#9418 = CIRCLE('',#9419,12.7);
#9419 = AXIS2_PLACEMENT_3D('',#9420,#9421,#9422);
#9420 = CARTESIAN_POINT('',(0.,0.,22.4));
#9421 = DIRECTION('',(0.,0.,1.));
#9422 = DIRECTION('',(1.,0.,-0.));
#9423 = PCURVE('',#9294,#9424);
#9424 = DEFINITIONAL_REPRESENTATION('',(#9425),#9429);
#9425 = LINE('',#9426,#9427);
#9426 = CARTESIAN_POINT('',(-0.,-22.4));
#9427 = VECTOR('',#9428,1.);
#9428 = DIRECTION('',(-1.,0.));
#9429 = ( GEOMETRIC_REPRESENTATION_CONTEXT(2) 
PARAMETRIC_REPRESENTATION_CONTEXT() REPRESENTATION_CONTEXT('2D SPACE',''
  ) );
#9430 = PCURVE('',#169,#9431);
#9431 = DEFINITIONAL_REPRESENTATION('',(#9432),#9436);
#9432 = CIRCLE('',#9433,12.7);
#9433 = AXIS2_PLACEMENT_2D('',#9434,#9435);
#9434 = CARTESIAN_POINT('',(0.,-1.204325410458E-15));
#9435 = DIRECTION('',(1.,0.));
#9436 = ( GEOMETRIC_REPRESENTATION_CONTEXT(2) 
PARAMETRIC_REPRESENTATION_CONTEXT() REPRESENTATION_CONTEXT('2D SPACE',''
  ) );
#9437 = ORIENTED_EDGE('',*,*,#9438,.F.);
#9438 = EDGE_CURVE('',#9439,#9415,#9441,.T.);
#9439 = VERTEX_POINT('',#9440);
#9440 = CARTESIAN_POINT('',(6.000466315575,-11.19305159443,0.));
#9441 = SURFACE_CURVE('',#9442,(#9446,#9453),.PCURVE_S1.);
#9442 = LINE('',#9443,#9444);
#9443 = CARTESIAN_POINT('',(6.000466315575,-11.19305159443,0.));
#9444 = VECTOR('',#9445,1.);
#9445 = DIRECTION('',(0.,0.,1.));
#9446 = PCURVE('',#9294,#9447);
#9447 = DEFINITIONAL_REPRESENTATION('',(#9448),#9452);
#9448 = LINE('',#9449,#9450);
#9449 = CARTESIAN_POINT('',(-5.204488883443,0.));
#9450 = VECTOR('',#9451,1.);
#9451 = DIRECTION('',(-0.,-1.));
#9452 = ( GEOMETRIC_REPRESENTATION_CONTEXT(2) 
PARAMETRIC_REPRESENTATION_CONTEXT() REPRESENTATION_CONTEXT('2D SPACE',''
  ) );
#9453 = PCURVE('',#9454,#9459);
#9454 = PLANE('',#9455);
#9455 = AXIS2_PLACEMENT_3D('',#9456,#9457,#9458);
#9456 = CARTESIAN_POINT('',(6.227236645254,-11.58582932708,0.));
#9457 = DIRECTION('',(-0.866025403784,-0.5,0.));
#9458 = DIRECTION('',(-0.5,0.866025403784,0.));
#9459 = DEFINITIONAL_REPRESENTATION('',(#9460),#9464);
#9460 = LINE('',#9461,#9462);
#9461 = CARTESIAN_POINT('',(0.453540659359,0.));
#9462 = VECTOR('',#9463,1.);
#9463 = DIRECTION('',(0.,-1.));
#9464 = ( GEOMETRIC_REPRESENTATION_CONTEXT(2) 
PARAMETRIC_REPRESENTATION_CONTEXT() REPRESENTATION_CONTEXT('2D SPACE',''
  ) );
#9465 = ORIENTED_EDGE('',*,*,#9466,.F.);
#9466 = EDGE_CURVE('',#9284,#9439,#9467,.T.);
#9467 = SURFACE_CURVE('',#9468,(#9473,#9480),.PCURVE_S1.);
#9468 = CIRCLE('',#9469,12.7);
#9469 = AXIS2_PLACEMENT_3D('',#9470,#9471,#9472);
#9470 = CARTESIAN_POINT('',(0.,0.,0.));
#9471 = DIRECTION('',(0.,0.,1.));
#9472 = DIRECTION('',(1.,0.,-0.));
#9473 = PCURVE('',#9294,#9474);
#9474 = DEFINITIONAL_REPRESENTATION('',(#9475),#9479);
#9475 = LINE('',#9476,#9477);
#9476 = CARTESIAN_POINT('',(-0.,0.));
#9477 = VECTOR('',#9478,1.);
#9478 = DIRECTION('',(-1.,0.));
#9479 = ( GEOMETRIC_REPRESENTATION_CONTEXT(2) 
PARAMETRIC_REPRESENTATION_CONTEXT() REPRESENTATION_CONTEXT('2D SPACE',''
  ) );
#9480 = PCURVE('',#224,#9481);
#9481 = DEFINITIONAL_REPRESENTATION('',(#9482),#9486);
#9482 = CIRCLE('',#9483,12.7);
#9483 = AXIS2_PLACEMENT_2D('',#9484,#9485);
#9484 = CARTESIAN_POINT('',(0.,-1.204325410458E-15));
#9485 = DIRECTION('',(1.,0.));
#9486 = ( GEOMETRIC_REPRESENTATION_CONTEXT(2) 
PARAMETRIC_REPRESENTATION_CONTEXT() REPRESENTATION_CONTEXT('2D SPACE',''
  ) );
#9487 = ADVANCED_FACE('',(#9488),#9454,.T.);
#9488 = FACE_BOUND('',#9489,.T.);
#9489 = EDGE_LOOP('',(#9490,#9616,#9637,#9638));
#9490 = ORIENTED_EDGE('',*,*,#9491,.T.);
#9491 = EDGE_CURVE('',#9492,#9494,#9496,.T.);
#9492 = VERTEX_POINT('',#9493);
#9493 = CARTESIAN_POINT('',(6.227236645254,-11.58582932708,0.));
#9494 = VERTEX_POINT('',#9495);
#9495 = CARTESIAN_POINT('',(6.227236645254,-11.58582932708,22.4));
#9496 = SURFACE_CURVE('',#9497,(#9501,#9508),.PCURVE_S1.);
#9497 = LINE('',#9498,#9499);
#9498 = CARTESIAN_POINT('',(6.227236645254,-11.58582932708,0.));
#9499 = VECTOR('',#9500,1.);
#9500 = DIRECTION('',(0.,0.,1.));
#9501 = PCURVE('',#9454,#9502);
#9502 = DEFINITIONAL_REPRESENTATION('',(#9503),#9507);
#9503 = LINE('',#9504,#9505);
#9504 = CARTESIAN_POINT('',(0.,0.));
#9505 = VECTOR('',#9506,1.);
#9506 = DIRECTION('',(0.,-1.));
#9507 = ( GEOMETRIC_REPRESENTATION_CONTEXT(2) 
PARAMETRIC_REPRESENTATION_CONTEXT() REPRESENTATION_CONTEXT('2D SPACE',''
  ) );
#9508 = PCURVE('',#9509,#9610);
#9509 = B_SPLINE_SURFACE_WITH_KNOTS('',3,1,(
    (#9510,#9511)
    ,(#9512,#9513)
    ,(#9514,#9515)
    ,(#9516,#9517)
    ,(#9518,#9519)
    ,(#9520,#9521)
    ,(#9522,#9523)
    ,(#9524,#9525)
    ,(#9526,#9527)
    ,(#9528,#9529)
    ,(#9530,#9531)
    ,(#9532,#9533)
    ,(#9534,#9535)
    ,(#9536,#9537)
    ,(#9538,#9539)
    ,(#9540,#9541)
    ,(#9542,#9543)
    ,(#9544,#9545)
    ,(#9546,#9547)
    ,(#9548,#9549)
    ,(#9550,#9551)
    ,(#9552,#9553)
    ,(#9554,#9555)
    ,(#9556,#9557)
    ,(#9558,#9559)
    ,(#9560,#9561)
    ,(#9562,#9563)
    ,(#9564,#9565)
    ,(#9566,#9567)
    ,(#9568,#9569)
    ,(#9570,#9571)
    ,(#9572,#9573)
    ,(#9574,#9575)
    ,(#9576,#9577)
    ,(#9578,#9579)
    ,(#9580,#9581)
    ,(#9582,#9583)
    ,(#9584,#9585)
    ,(#9586,#9587)
    ,(#9588,#9589)
    ,(#9590,#9591)
    ,(#9592,#9593)
    ,(#9594,#9595)
    ,(#9596,#9597)
    ,(#9598,#9599)
    ,(#9600,#9601)
    ,(#9602,#9603)
    ,(#9604,#9605)
    ,(#9606,#9607)
    ,(#9608,#9609
    )),.UNSPECIFIED.,.F.,.F.,.F.,(4,1,1,1,1,1,1,1,1,1,1,1,1,1,1,1,1,1,1,
    1,1,1,1,1,1,1,1,1,1,1,1,1,1,1,1,1,1,1,1,1,1,1,1,1,1,1,1,4),(2,2),(0.
    ,0.72551896577,1.446812427957,2.167545581006,2.834652630785,
    3.561455250387,4.294404186133,5.035083262141,5.726745513771,
    6.485571675342,7.25499120568,8.035460380499,8.765906861733,
    9.568099084978,10.381469893138,11.205727652658,11.975881503332,
    12.819782078992,13.673026185696,14.534915364628,15.33753390218,
    16.21390469293,17.096636274619,17.984915961911,18.809100000342,
    19.705802922083,20.60576324729,21.508256924785,22.342991216384,
    23.248469118661,24.154594114226,25.060793204637,25.896884345071,
    26.801694858737,27.704993846459,28.606214463702,29.435742647904,
    30.331166080504,31.222462333173,32.108696907138,32.921319115104,
    33.794515353684,34.658772776489,35.512251077876,36.288651119977,
    37.115000087988,37.923185154055,38.651120081248),(-22.4,0.),
  .UNSPECIFIED.);
#9510 = CARTESIAN_POINT('',(23.659388170465,-41.88628008978,22.4));
#9511 = CARTESIAN_POINT('',(23.659388170465,-41.88628008978,0.));
#9512 = CARTESIAN_POINT('',(23.703232474195,-41.64814805405,22.4));
#9513 = CARTESIAN_POINT('',(23.703232474195,-41.64814805405,0.));
#9514 = CARTESIAN_POINT('',(23.795033658821,-41.17507636956,22.4));
#9515 = CARTESIAN_POINT('',(23.795033658821,-41.17507636956,0.));
#9516 = CARTESIAN_POINT('',(23.90551202282,-40.4607402308,22.4));
#9517 = CARTESIAN_POINT('',(23.90551202282,-40.4607402308,0.));
#9518 = CARTESIAN_POINT('',(23.996783150685,-39.76363392006,22.4));
#9519 = CARTESIAN_POINT('',(23.996783150685,-39.76363392006,0.));
#9520 = CARTESIAN_POINT('',(24.069826100649,-39.0624572141,22.4));
#9521 = CARTESIAN_POINT('',(24.069826100649,-39.0624572141,0.));
#9522 = CARTESIAN_POINT('',(24.125401561411,-38.35560791466,22.4));
#9523 = CARTESIAN_POINT('',(24.125401561411,-38.35560791466,0.));
#9524 = CARTESIAN_POINT('',(24.163449178997,-37.62303141752,22.4));
#9525 = CARTESIAN_POINT('',(24.163449178997,-37.62303141752,0.));
#9526 = CARTESIAN_POINT('',(24.181846927837,-36.90141800556,22.4));
#9527 = CARTESIAN_POINT('',(24.181846927837,-36.90141800556,0.));
#9528 = CARTESIAN_POINT('',(24.181985984682,-36.17095927151,22.4));
#9529 = CARTESIAN_POINT('',(24.181985984682,-36.17095927151,0.));
#9530 = CARTESIAN_POINT('',(24.163441196091,-35.43113593368,22.4));
#9531 = CARTESIAN_POINT('',(24.163441196091,-35.43113593368,0.));
#9532 = CARTESIAN_POINT('',(24.123991675636,-34.66248865829,22.4));
#9533 = CARTESIAN_POINT('',(24.123991675636,-34.66248865829,0.));
#9534 = CARTESIAN_POINT('',(24.065119794503,-33.9045708161,22.4));
#9535 = CARTESIAN_POINT('',(24.065119794503,-33.9045708161,0.));
#9536 = CARTESIAN_POINT('',(23.985965149402,-33.13753427457,22.4));
#9537 = CARTESIAN_POINT('',(23.985965149402,-33.13753427457,0.));
#9538 = CARTESIAN_POINT('',(23.885880856287,-32.3618673245,22.4));
#9539 = CARTESIAN_POINT('',(23.885880856287,-32.3618673245,0.));
#9540 = CARTESIAN_POINT('',(23.760260636565,-31.55825589149,22.4));
#9541 = CARTESIAN_POINT('',(23.760260636565,-31.55825589149,0.));
#9542 = CARTESIAN_POINT('',(23.614868947684,-30.76883728037,22.4));
#9543 = CARTESIAN_POINT('',(23.614868947684,-30.76883728037,0.));
#9544 = CARTESIAN_POINT('',(23.446560102804,-29.97359693214,22.4));
#9545 = CARTESIAN_POINT('',(23.446560102804,-29.97359693214,0.));
#9546 = CARTESIAN_POINT('',(23.254724032897,-29.17373517003,22.4));
#9547 = CARTESIAN_POINT('',(23.254724032897,-29.17373517003,0.));
#9548 = CARTESIAN_POINT('',(23.032015035626,-28.35018785763,22.4));
#9549 = CARTESIAN_POINT('',(23.032015035626,-28.35018785763,0.));
#9550 = CARTESIAN_POINT('',(22.789401479675,-27.54664082329,22.4));
#9551 = CARTESIAN_POINT('',(22.789401479675,-27.54664082329,0.));
#9552 = CARTESIAN_POINT('',(22.52139750494,-26.74308964558,22.4));
#9553 = CARTESIAN_POINT('',(22.52139750494,-26.74308964558,0.));
#9554 = CARTESIAN_POINT('',(22.227499170634,-25.94120569121,22.4));
#9555 = CARTESIAN_POINT('',(22.227499170634,-25.94120569121,0.));
#9556 = CARTESIAN_POINT('',(21.897934019812,-25.1224361865,22.4));
#9557 = CARTESIAN_POINT('',(21.897934019812,-25.1224361865,0.));
#9558 = CARTESIAN_POINT('',(21.549171039754,-24.33061951549,22.4));
#9559 = CARTESIAN_POINT('',(21.549171039754,-24.33061951549,0.));
#9560 = CARTESIAN_POINT('',(21.173380341744,-23.5461246197,22.4));
#9561 = CARTESIAN_POINT('',(21.173380341744,-23.5461246197,0.));
#9562 = CARTESIAN_POINT('',(20.770358772374,-22.7708278915,22.4));
#9563 = CARTESIAN_POINT('',(20.770358772374,-22.7708278915,0.));
#9564 = CARTESIAN_POINT('',(20.327693098642,-21.98732580511,22.4));
#9565 = CARTESIAN_POINT('',(20.327693098642,-21.98732580511,0.));
#9566 = CARTESIAN_POINT('',(19.868043349543,-21.23777954497,22.4));
#9567 = CARTESIAN_POINT('',(19.868043349543,-21.23777954497,0.));
#9568 = CARTESIAN_POINT('',(19.381206421194,-20.50342736536,22.4));
#9569 = CARTESIAN_POINT('',(19.381206421194,-20.50342736536,0.));
#9570 = CARTESIAN_POINT('',(18.867427758678,-19.78611619396,22.4));
#9571 = CARTESIAN_POINT('',(18.867427758678,-19.78611619396,0.));
#9572 = CARTESIAN_POINT('',(18.311854022186,-19.07025070049,22.4));
#9573 = CARTESIAN_POINT('',(18.311854022186,-19.07025070049,0.));
#9574 = CARTESIAN_POINT('',(17.743499903347,-18.3944292031,22.4));
#9575 = CARTESIAN_POINT('',(17.743499903347,-18.3944292031,0.));
#9576 = CARTESIAN_POINT('',(17.149904524627,-17.74131027098,22.4));
#9577 = CARTESIAN_POINT('',(17.149904524627,-17.74131027098,0.));
#9578 = CARTESIAN_POINT('',(16.531906027059,-17.11251319144,22.4));
#9579 = CARTESIAN_POINT('',(16.531906027059,-17.11251319144,0.));
#9580 = CARTESIAN_POINT('',(15.872688945914,-16.49485337694,22.4));
#9581 = CARTESIAN_POINT('',(15.872688945914,-16.49485337694,0.));
#9582 = CARTESIAN_POINT('',(15.207315398725,-15.92157361245,22.4));
#9583 = CARTESIAN_POINT('',(15.207315398725,-15.92157361245,0.));
#9584 = CARTESIAN_POINT('',(14.521402386477,-15.37732344605,22.4));
#9585 = CARTESIAN_POINT('',(14.521402386477,-15.37732344605,0.));
#9586 = CARTESIAN_POINT('',(13.816563671925,-14.86332569755,22.4));
#9587 = CARTESIAN_POINT('',(13.816563671925,-14.86332569755,0.));
#9588 = CARTESIAN_POINT('',(13.074815038934,-14.36922030194,22.4));
#9589 = CARTESIAN_POINT('',(13.074815038934,-14.36922030194,0.));
#9590 = CARTESIAN_POINT('',(12.336363881119,-13.92137540328,22.4));
#9591 = CARTESIAN_POINT('',(12.336363881119,-13.92137540328,0.));
#9592 = CARTESIAN_POINT('',(11.585561381983,-13.50693781093,22.4));
#9593 = CARTESIAN_POINT('',(11.585561381983,-13.50693781093,0.));
#9594 = CARTESIAN_POINT('',(10.825213977129,-13.12660065284,22.4));
#9595 = CARTESIAN_POINT('',(10.825213977129,-13.12660065284,0.));
#9596 = CARTESIAN_POINT('',(10.036634685725,-12.77277102844,22.4));
#9597 = CARTESIAN_POINT('',(10.036634685725,-12.77277102844,0.));
#9598 = CARTESIAN_POINT('',(9.265915624382,-12.46450653463,22.4));
#9599 = CARTESIAN_POINT('',(9.265915624382,-12.46450653463,0.));
#9600 = CARTESIAN_POINT('',(8.488850539877,-12.18949463635,22.4));
#9601 = CARTESIAN_POINT('',(8.488850539877,-12.18949463635,0.));
#9602 = CARTESIAN_POINT('',(7.741291356944,-11.95615271951,22.4));
#9603 = CARTESIAN_POINT('',(7.741291356944,-11.95615271951,0.));
#9604 = CARTESIAN_POINT('',(6.908554193169,-11.73336159201,22.4));
#9605 = CARTESIAN_POINT('',(6.908554193169,-11.73336159201,0.));
#9606 = CARTESIAN_POINT('',(6.57265667835,-11.66411333187,22.4));
#9607 = CARTESIAN_POINT('',(6.57265667835,-11.66411333187,0.));
#9608 = CARTESIAN_POINT('',(6.227236645254,-11.58582932708,22.4));
#9609 = CARTESIAN_POINT('',(6.227236645254,-11.58582932708,0.));
#9610 = DEFINITIONAL_REPRESENTATION('',(#9611),#9615);
#9611 = LINE('',#9612,#9613);
#9612 = CARTESIAN_POINT('',(38.651120081248,0.));
#9613 = VECTOR('',#9614,1.);
#9614 = DIRECTION('',(0.,-1.));
#9615 = ( GEOMETRIC_REPRESENTATION_CONTEXT(2) 
PARAMETRIC_REPRESENTATION_CONTEXT() REPRESENTATION_CONTEXT('2D SPACE',''
  ) );
#9616 = ORIENTED_EDGE('',*,*,#9617,.T.);
#9617 = EDGE_CURVE('',#9494,#9415,#9618,.T.);
#9618 = SURFACE_CURVE('',#9619,(#9623,#9630),.PCURVE_S1.);
#9619 = LINE('',#9620,#9621);
#9620 = CARTESIAN_POINT('',(6.227236645254,-11.58582932708,22.4));
#9621 = VECTOR('',#9622,1.);
#9622 = DIRECTION('',(-0.5,0.866025403784,0.));
#9623 = PCURVE('',#9454,#9624);
#9624 = DEFINITIONAL_REPRESENTATION('',(#9625),#9629);
#9625 = LINE('',#9626,#9627);
#9626 = CARTESIAN_POINT('',(0.,-22.4));
#9627 = VECTOR('',#9628,1.);
#9628 = DIRECTION('',(1.,0.));
#9629 = ( GEOMETRIC_REPRESENTATION_CONTEXT(2) 
PARAMETRIC_REPRESENTATION_CONTEXT() REPRESENTATION_CONTEXT('2D SPACE',''
  ) );
#9630 = PCURVE('',#169,#9631);
#9631 = DEFINITIONAL_REPRESENTATION('',(#9632),#9636);
#9632 = LINE('',#9633,#9634);
#9633 = CARTESIAN_POINT('',(6.227236645254,-11.58582932708));
#9634 = VECTOR('',#9635,1.);
#9635 = DIRECTION('',(-0.5,0.866025403784));
#9636 = ( GEOMETRIC_REPRESENTATION_CONTEXT(2) 
PARAMETRIC_REPRESENTATION_CONTEXT() REPRESENTATION_CONTEXT('2D SPACE',''
  ) );
#9637 = ORIENTED_EDGE('',*,*,#9438,.F.);
#9638 = ORIENTED_EDGE('',*,*,#9639,.F.);
#9639 = EDGE_CURVE('',#9492,#9439,#9640,.T.);
#9640 = SURFACE_CURVE('',#9641,(#9645,#9652),.PCURVE_S1.);
#9641 = LINE('',#9642,#9643);
#9642 = CARTESIAN_POINT('',(6.227236645254,-11.58582932708,0.));
#9643 = VECTOR('',#9644,1.);
#9644 = DIRECTION('',(-0.5,0.866025403784,0.));
#9645 = PCURVE('',#9454,#9646);
#9646 = DEFINITIONAL_REPRESENTATION('',(#9647),#9651);
#9647 = LINE('',#9648,#9649);
#9648 = CARTESIAN_POINT('',(0.,0.));
#9649 = VECTOR('',#9650,1.);
#9650 = DIRECTION('',(1.,0.));
#9651 = ( GEOMETRIC_REPRESENTATION_CONTEXT(2) 
PARAMETRIC_REPRESENTATION_CONTEXT() REPRESENTATION_CONTEXT('2D SPACE',''
  ) );
#9652 = PCURVE('',#224,#9653);
#9653 = DEFINITIONAL_REPRESENTATION('',(#9654),#9658);
#9654 = LINE('',#9655,#9656);
#9655 = CARTESIAN_POINT('',(6.227236645254,-11.58582932708));
#9656 = VECTOR('',#9657,1.);
#9657 = DIRECTION('',(-0.5,0.866025403784));
#9658 = ( GEOMETRIC_REPRESENTATION_CONTEXT(2) 
PARAMETRIC_REPRESENTATION_CONTEXT() REPRESENTATION_CONTEXT('2D SPACE',''
  ) );
#9659 = ADVANCED_FACE('',(#9660),#9509,.T.);
#9660 = FACE_BOUND('',#9661,.T.);
#9661 = EDGE_LOOP('',(#9662,#9692,#9807,#9808));
#9662 = ORIENTED_EDGE('',*,*,#9663,.T.);
#9663 = EDGE_CURVE('',#9664,#9666,#9668,.T.);
#9664 = VERTEX_POINT('',#9665);
#9665 = CARTESIAN_POINT('',(23.659388170465,-41.88628008978,0.));
#9666 = VERTEX_POINT('',#9667);
#9667 = CARTESIAN_POINT('',(23.659388170465,-41.88628008978,22.4));
#9668 = SURFACE_CURVE('',#9669,(#9673,#9680),.PCURVE_S1.);
#9669 = LINE('',#9670,#9671);
#9670 = CARTESIAN_POINT('',(23.659388170465,-41.88628008978,0.));
#9671 = VECTOR('',#9672,1.);
#9672 = DIRECTION('',(0.,0.,1.));
#9673 = PCURVE('',#9509,#9674);
#9674 = DEFINITIONAL_REPRESENTATION('',(#9675),#9679);
#9675 = LINE('',#9676,#9677);
#9676 = CARTESIAN_POINT('',(0.,0.));
#9677 = VECTOR('',#9678,1.);
#9678 = DIRECTION('',(0.,-1.));
#9679 = ( GEOMETRIC_REPRESENTATION_CONTEXT(2) 
PARAMETRIC_REPRESENTATION_CONTEXT() REPRESENTATION_CONTEXT('2D SPACE',''
  ) );
#9680 = PCURVE('',#9681,#9686);
#9681 = PLANE('',#9682);
#9682 = AXIS2_PLACEMENT_3D('',#9683,#9684,#9685);
#9683 = CARTESIAN_POINT('',(23.566853684022,-42.38930770177,0.));
#9684 = DIRECTION('',(-0.983497918431,0.180919441855,0.));
#9685 = DIRECTION('',(0.180919441855,0.983497918431,0.));
#9686 = DEFINITIONAL_REPRESENTATION('',(#9687),#9691);
#9687 = LINE('',#9688,#9689);
#9688 = CARTESIAN_POINT('',(0.511467896952,0.));
#9689 = VECTOR('',#9690,1.);
#9690 = DIRECTION('',(0.,-1.));
#9691 = ( GEOMETRIC_REPRESENTATION_CONTEXT(2) 
PARAMETRIC_REPRESENTATION_CONTEXT() REPRESENTATION_CONTEXT('2D SPACE',''
  ) );
#9692 = ORIENTED_EDGE('',*,*,#9693,.T.);
#9693 = EDGE_CURVE('',#9666,#9494,#9694,.T.);
#9694 = SURFACE_CURVE('',#9695,(#9746,#9753),.PCURVE_S1.);
#9695 = B_SPLINE_CURVE_WITH_KNOTS('',3,(#9696,#9697,#9698,#9699,#9700,
    #9701,#9702,#9703,#9704,#9705,#9706,#9707,#9708,#9709,#9710,#9711,
    #9712,#9713,#9714,#9715,#9716,#9717,#9718,#9719,#9720,#9721,#9722,
    #9723,#9724,#9725,#9726,#9727,#9728,#9729,#9730,#9731,#9732,#9733,
    #9734,#9735,#9736,#9737,#9738,#9739,#9740,#9741,#9742,#9743,#9744,
    #9745),.UNSPECIFIED.,.F.,.F.,(4,1,1,1,1,1,1,1,1,1,1,1,1,1,1,1,1,1,1,
    1,1,1,1,1,1,1,1,1,1,1,1,1,1,1,1,1,1,1,1,1,1,1,1,1,1,1,1,4),(0.,
    0.72551896577,1.446812427957,2.167545581006,2.834652630785,
    3.561455250387,4.294404186133,5.035083262141,5.726745513771,
    6.485571675342,7.25499120568,8.035460380499,8.765906861733,
    9.568099084978,10.381469893138,11.205727652658,11.975881503332,
    12.819782078992,13.673026185696,14.534915364628,15.33753390218,
    16.21390469293,17.096636274619,17.984915961911,18.809100000342,
    19.705802922083,20.60576324729,21.508256924785,22.342991216384,
    23.248469118661,24.154594114226,25.060793204637,25.896884345071,
    26.801694858737,27.704993846459,28.606214463702,29.435742647904,
    30.331166080504,31.222462333173,32.108696907138,32.921319115104,
    33.794515353684,34.658772776489,35.512251077876,36.288651119977,
    37.115000087988,37.923185154055,38.651120081248),.UNSPECIFIED.);
#9696 = CARTESIAN_POINT('',(23.659388170465,-41.88628008978,22.4));
#9697 = CARTESIAN_POINT('',(23.703232474195,-41.64814805405,22.4));
#9698 = CARTESIAN_POINT('',(23.795033658821,-41.17507636956,22.4));
#9699 = CARTESIAN_POINT('',(23.90551202282,-40.4607402308,22.4));
#9700 = CARTESIAN_POINT('',(23.996783150685,-39.76363392006,22.4));
#9701 = CARTESIAN_POINT('',(24.069826100649,-39.0624572141,22.4));
#9702 = CARTESIAN_POINT('',(24.125401561411,-38.35560791466,22.4));
#9703 = CARTESIAN_POINT('',(24.163449178997,-37.62303141752,22.4));
#9704 = CARTESIAN_POINT('',(24.181846927837,-36.90141800556,22.4));
#9705 = CARTESIAN_POINT('',(24.181985984682,-36.17095927151,22.4));
#9706 = CARTESIAN_POINT('',(24.163441196091,-35.43113593368,22.4));
#9707 = CARTESIAN_POINT('',(24.123991675636,-34.66248865829,22.4));
#9708 = CARTESIAN_POINT('',(24.065119794503,-33.9045708161,22.4));
#9709 = CARTESIAN_POINT('',(23.985965149402,-33.13753427457,22.4));
#9710 = CARTESIAN_POINT('',(23.885880856287,-32.3618673245,22.4));
#9711 = CARTESIAN_POINT('',(23.760260636565,-31.55825589149,22.4));
#9712 = CARTESIAN_POINT('',(23.614868947684,-30.76883728037,22.4));
#9713 = CARTESIAN_POINT('',(23.446560102804,-29.97359693214,22.4));
#9714 = CARTESIAN_POINT('',(23.254724032897,-29.17373517003,22.4));
#9715 = CARTESIAN_POINT('',(23.032015035626,-28.35018785763,22.4));
#9716 = CARTESIAN_POINT('',(22.789401479675,-27.54664082329,22.4));
#9717 = CARTESIAN_POINT('',(22.52139750494,-26.74308964558,22.4));
#9718 = CARTESIAN_POINT('',(22.227499170634,-25.94120569121,22.4));
#9719 = CARTESIAN_POINT('',(21.897934019812,-25.1224361865,22.4));
#9720 = CARTESIAN_POINT('',(21.549171039754,-24.33061951549,22.4));
#9721 = CARTESIAN_POINT('',(21.173380341744,-23.5461246197,22.4));
#9722 = CARTESIAN_POINT('',(20.770358772374,-22.7708278915,22.4));
#9723 = CARTESIAN_POINT('',(20.327693098642,-21.98732580511,22.4));
#9724 = CARTESIAN_POINT('',(19.868043349543,-21.23777954497,22.4));
#9725 = CARTESIAN_POINT('',(19.381206421194,-20.50342736536,22.4));
#9726 = CARTESIAN_POINT('',(18.867427758678,-19.78611619396,22.4));
#9727 = CARTESIAN_POINT('',(18.311854022186,-19.07025070049,22.4));
#9728 = CARTESIAN_POINT('',(17.743499903347,-18.3944292031,22.4));
#9729 = CARTESIAN_POINT('',(17.149904524627,-17.74131027098,22.4));
#9730 = CARTESIAN_POINT('',(16.531906027059,-17.11251319144,22.4));
#9731 = CARTESIAN_POINT('',(15.872688945914,-16.49485337694,22.4));
#9732 = CARTESIAN_POINT('',(15.207315398725,-15.92157361245,22.4));
#9733 = CARTESIAN_POINT('',(14.521402386477,-15.37732344605,22.4));
#9734 = CARTESIAN_POINT('',(13.816563671925,-14.86332569755,22.4));
#9735 = CARTESIAN_POINT('',(13.074815038934,-14.36922030194,22.4));
#9736 = CARTESIAN_POINT('',(12.336363881119,-13.92137540328,22.4));
#9737 = CARTESIAN_POINT('',(11.585561381983,-13.50693781093,22.4));
#9738 = CARTESIAN_POINT('',(10.825213977129,-13.12660065284,22.4));
#9739 = CARTESIAN_POINT('',(10.036634685725,-12.77277102844,22.4));
#9740 = CARTESIAN_POINT('',(9.265915624382,-12.46450653463,22.4));
#9741 = CARTESIAN_POINT('',(8.488850539877,-12.18949463635,22.4));
#9742 = CARTESIAN_POINT('',(7.741291356944,-11.95615271951,22.4));
#9743 = CARTESIAN_POINT('',(6.908554193169,-11.73336159201,22.4));
#9744 = CARTESIAN_POINT('',(6.57265667835,-11.66411333187,22.4));
#9745 = CARTESIAN_POINT('',(6.227236645254,-11.58582932708,22.4));
#9746 = PCURVE('',#9509,#9747);
#9747 = DEFINITIONAL_REPRESENTATION('',(#9748),#9752);
#9748 = LINE('',#9749,#9750);
#9749 = CARTESIAN_POINT('',(0.,-22.4));
#9750 = VECTOR('',#9751,1.);
#9751 = DIRECTION('',(1.,0.));
#9752 = ( GEOMETRIC_REPRESENTATION_CONTEXT(2) 
PARAMETRIC_REPRESENTATION_CONTEXT() REPRESENTATION_CONTEXT('2D SPACE',''
  ) );
#9753 = PCURVE('',#169,#9754);
#9754 = DEFINITIONAL_REPRESENTATION('',(#9755),#9806);
#9755 = B_SPLINE_CURVE_WITH_KNOTS('',3,(#9756,#9757,#9758,#9759,#9760,
    #9761,#9762,#9763,#9764,#9765,#9766,#9767,#9768,#9769,#9770,#9771,
    #9772,#9773,#9774,#9775,#9776,#9777,#9778,#9779,#9780,#9781,#9782,
    #9783,#9784,#9785,#9786,#9787,#9788,#9789,#9790,#9791,#9792,#9793,
    #9794,#9795,#9796,#9797,#9798,#9799,#9800,#9801,#9802,#9803,#9804,
    #9805),.UNSPECIFIED.,.F.,.F.,(4,1,1,1,1,1,1,1,1,1,1,1,1,1,1,1,1,1,1,
    1,1,1,1,1,1,1,1,1,1,1,1,1,1,1,1,1,1,1,1,1,1,1,1,1,1,1,1,4),(0.,
    0.72551896577,1.446812427957,2.167545581006,2.834652630785,
    3.561455250387,4.294404186133,5.035083262141,5.726745513771,
    6.485571675342,7.25499120568,8.035460380499,8.765906861733,
    9.568099084978,10.381469893138,11.205727652658,11.975881503332,
    12.819782078992,13.673026185696,14.534915364628,15.33753390218,
    16.21390469293,17.096636274619,17.984915961911,18.809100000342,
    19.705802922083,20.60576324729,21.508256924785,22.342991216384,
    23.248469118661,24.154594114226,25.060793204637,25.896884345071,
    26.801694858737,27.704993846459,28.606214463702,29.435742647904,
    30.331166080504,31.222462333173,32.108696907138,32.921319115104,
    33.794515353684,34.658772776489,35.512251077876,36.288651119977,
    37.115000087988,37.923185154055,38.651120081248),.UNSPECIFIED.);
#9756 = CARTESIAN_POINT('',(23.659388170465,-41.88628008978));
#9757 = CARTESIAN_POINT('',(23.703232474195,-41.64814805405));
#9758 = CARTESIAN_POINT('',(23.795033658821,-41.17507636956));
#9759 = CARTESIAN_POINT('',(23.90551202282,-40.4607402308));
#9760 = CARTESIAN_POINT('',(23.996783150685,-39.76363392006));
#9761 = CARTESIAN_POINT('',(24.069826100649,-39.0624572141));
#9762 = CARTESIAN_POINT('',(24.125401561411,-38.35560791466));
#9763 = CARTESIAN_POINT('',(24.163449178997,-37.62303141752));
#9764 = CARTESIAN_POINT('',(24.181846927837,-36.90141800556));
#9765 = CARTESIAN_POINT('',(24.181985984682,-36.17095927151));
#9766 = CARTESIAN_POINT('',(24.163441196091,-35.43113593368));
#9767 = CARTESIAN_POINT('',(24.123991675636,-34.66248865829));
#9768 = CARTESIAN_POINT('',(24.065119794503,-33.9045708161));
#9769 = CARTESIAN_POINT('',(23.985965149402,-33.13753427457));
#9770 = CARTESIAN_POINT('',(23.885880856287,-32.3618673245));
#9771 = CARTESIAN_POINT('',(23.760260636565,-31.55825589149));
#9772 = CARTESIAN_POINT('',(23.614868947684,-30.76883728037));
#9773 = CARTESIAN_POINT('',(23.446560102804,-29.97359693214));
#9774 = CARTESIAN_POINT('',(23.254724032897,-29.17373517003));
#9775 = CARTESIAN_POINT('',(23.032015035626,-28.35018785763));
#9776 = CARTESIAN_POINT('',(22.789401479675,-27.54664082329));
#9777 = CARTESIAN_POINT('',(22.52139750494,-26.74308964558));
#9778 = CARTESIAN_POINT('',(22.227499170634,-25.94120569121));
#9779 = CARTESIAN_POINT('',(21.897934019812,-25.1224361865));
#9780 = CARTESIAN_POINT('',(21.549171039754,-24.33061951549));
#9781 = CARTESIAN_POINT('',(21.173380341744,-23.5461246197));
#9782 = CARTESIAN_POINT('',(20.770358772374,-22.7708278915));
#9783 = CARTESIAN_POINT('',(20.327693098642,-21.98732580511));
#9784 = CARTESIAN_POINT('',(19.868043349543,-21.23777954497));
#9785 = CARTESIAN_POINT('',(19.381206421194,-20.50342736536));
#9786 = CARTESIAN_POINT('',(18.867427758678,-19.78611619396));
#9787 = CARTESIAN_POINT('',(18.311854022186,-19.07025070049));
#9788 = CARTESIAN_POINT('',(17.743499903347,-18.3944292031));
#9789 = CARTESIAN_POINT('',(17.149904524627,-17.74131027098));
#9790 = CARTESIAN_POINT('',(16.531906027059,-17.11251319144));
#9791 = CARTESIAN_POINT('',(15.872688945914,-16.49485337694));
#9792 = CARTESIAN_POINT('',(15.207315398725,-15.92157361245));
#9793 = CARTESIAN_POINT('',(14.521402386477,-15.37732344605));
#9794 = CARTESIAN_POINT('',(13.816563671925,-14.86332569755));
#9795 = CARTESIAN_POINT('',(13.074815038934,-14.36922030194));
#9796 = CARTESIAN_POINT('',(12.336363881119,-13.92137540328));
#9797 = CARTESIAN_POINT('',(11.585561381983,-13.50693781093));
#9798 = CARTESIAN_POINT('',(10.825213977129,-13.12660065284));
#9799 = CARTESIAN_POINT('',(10.036634685725,-12.77277102844));
#9800 = CARTESIAN_POINT('',(9.265915624382,-12.46450653463));
#9801 = CARTESIAN_POINT('',(8.488850539877,-12.18949463635));
#9802 = CARTESIAN_POINT('',(7.741291356944,-11.95615271951));
#9803 = CARTESIAN_POINT('',(6.908554193169,-11.73336159201));
#9804 = CARTESIAN_POINT('',(6.57265667835,-11.66411333187));
#9805 = CARTESIAN_POINT('',(6.227236645254,-11.58582932708));
#9806 = ( GEOMETRIC_REPRESENTATION_CONTEXT(2) 
PARAMETRIC_REPRESENTATION_CONTEXT() REPRESENTATION_CONTEXT('2D SPACE',''
  ) );
#9807 = ORIENTED_EDGE('',*,*,#9491,.F.);
#9808 = ORIENTED_EDGE('',*,*,#9809,.F.);
#9809 = EDGE_CURVE('',#9664,#9492,#9810,.T.);
#9810 = SURFACE_CURVE('',#9811,(#9862,#9869),.PCURVE_S1.);
#9811 = B_SPLINE_CURVE_WITH_KNOTS('',3,(#9812,#9813,#9814,#9815,#9816,
    #9817,#9818,#9819,#9820,#9821,#9822,#9823,#9824,#9825,#9826,#9827,
    #9828,#9829,#9830,#9831,#9832,#9833,#9834,#9835,#9836,#9837,#9838,
    #9839,#9840,#9841,#9842,#9843,#9844,#9845,#9846,#9847,#9848,#9849,
    #9850,#9851,#9852,#9853,#9854,#9855,#9856,#9857,#9858,#9859,#9860,
    #9861),.UNSPECIFIED.,.F.,.F.,(4,1,1,1,1,1,1,1,1,1,1,1,1,1,1,1,1,1,1,
    1,1,1,1,1,1,1,1,1,1,1,1,1,1,1,1,1,1,1,1,1,1,1,1,1,1,1,1,4),(0.,
    0.72551896577,1.446812427957,2.167545581006,2.834652630785,
    3.561455250387,4.294404186133,5.035083262141,5.726745513771,
    6.485571675342,7.25499120568,8.035460380499,8.765906861733,
    9.568099084978,10.381469893138,11.205727652658,11.975881503332,
    12.819782078992,13.673026185696,14.534915364628,15.33753390218,
    16.21390469293,17.096636274619,17.984915961911,18.809100000342,
    19.705802922083,20.60576324729,21.508256924785,22.342991216384,
    23.248469118661,24.154594114226,25.060793204637,25.896884345071,
    26.801694858737,27.704993846459,28.606214463702,29.435742647904,
    30.331166080504,31.222462333173,32.108696907138,32.921319115104,
    33.794515353684,34.658772776489,35.512251077876,36.288651119977,
    37.115000087988,37.923185154055,38.651120081248),.UNSPECIFIED.);
#9812 = CARTESIAN_POINT('',(23.659388170465,-41.88628008978,0.));
#9813 = CARTESIAN_POINT('',(23.703232474195,-41.64814805405,0.));
#9814 = CARTESIAN_POINT('',(23.795033658821,-41.17507636956,0.));
#9815 = CARTESIAN_POINT('',(23.90551202282,-40.4607402308,0.));
#9816 = CARTESIAN_POINT('',(23.996783150685,-39.76363392006,0.));
#9817 = CARTESIAN_POINT('',(24.069826100649,-39.0624572141,0.));
#9818 = CARTESIAN_POINT('',(24.125401561411,-38.35560791466,0.));
#9819 = CARTESIAN_POINT('',(24.163449178997,-37.62303141752,0.));
#9820 = CARTESIAN_POINT('',(24.181846927837,-36.90141800556,0.));
#9821 = CARTESIAN_POINT('',(24.181985984682,-36.17095927151,0.));
#9822 = CARTESIAN_POINT('',(24.163441196091,-35.43113593368,0.));
#9823 = CARTESIAN_POINT('',(24.123991675636,-34.66248865829,0.));
#9824 = CARTESIAN_POINT('',(24.065119794503,-33.9045708161,0.));
#9825 = CARTESIAN_POINT('',(23.985965149402,-33.13753427457,0.));
#9826 = CARTESIAN_POINT('',(23.885880856287,-32.3618673245,0.));
#9827 = CARTESIAN_POINT('',(23.760260636565,-31.55825589149,0.));
#9828 = CARTESIAN_POINT('',(23.614868947684,-30.76883728037,0.));
#9829 = CARTESIAN_POINT('',(23.446560102804,-29.97359693214,0.));
#9830 = CARTESIAN_POINT('',(23.254724032897,-29.17373517003,0.));
#9831 = CARTESIAN_POINT('',(23.032015035626,-28.35018785763,0.));
#9832 = CARTESIAN_POINT('',(22.789401479675,-27.54664082329,0.));
#9833 = CARTESIAN_POINT('',(22.52139750494,-26.74308964558,0.));
#9834 = CARTESIAN_POINT('',(22.227499170634,-25.94120569121,0.));
#9835 = CARTESIAN_POINT('',(21.897934019812,-25.1224361865,0.));
#9836 = CARTESIAN_POINT('',(21.549171039754,-24.33061951549,0.));
#9837 = CARTESIAN_POINT('',(21.173380341744,-23.5461246197,0.));
#9838 = CARTESIAN_POINT('',(20.770358772374,-22.7708278915,0.));
#9839 = CARTESIAN_POINT('',(20.327693098642,-21.98732580511,0.));
#9840 = CARTESIAN_POINT('',(19.868043349543,-21.23777954497,0.));
#9841 = CARTESIAN_POINT('',(19.381206421194,-20.50342736536,0.));
#9842 = CARTESIAN_POINT('',(18.867427758678,-19.78611619396,0.));
#9843 = CARTESIAN_POINT('',(18.311854022186,-19.07025070049,0.));
#9844 = CARTESIAN_POINT('',(17.743499903347,-18.3944292031,0.));
#9845 = CARTESIAN_POINT('',(17.149904524627,-17.74131027098,0.));
#9846 = CARTESIAN_POINT('',(16.531906027059,-17.11251319144,0.));
#9847 = CARTESIAN_POINT('',(15.872688945914,-16.49485337694,0.));
#9848 = CARTESIAN_POINT('',(15.207315398725,-15.92157361245,0.));
#9849 = CARTESIAN_POINT('',(14.521402386477,-15.37732344605,0.));
#9850 = CARTESIAN_POINT('',(13.816563671925,-14.86332569755,0.));
#9851 = CARTESIAN_POINT('',(13.074815038934,-14.36922030194,0.));
#9852 = CARTESIAN_POINT('',(12.336363881119,-13.92137540328,0.));
#9853 = CARTESIAN_POINT('',(11.585561381983,-13.50693781093,0.));
#9854 = CARTESIAN_POINT('',(10.825213977129,-13.12660065284,0.));
#9855 = CARTESIAN_POINT('',(10.036634685725,-12.77277102844,0.));
#9856 = CARTESIAN_POINT('',(9.265915624382,-12.46450653463,0.));
#9857 = CARTESIAN_POINT('',(8.488850539877,-12.18949463635,0.));
#9858 = CARTESIAN_POINT('',(7.741291356944,-11.95615271951,0.));
#9859 = CARTESIAN_POINT('',(6.908554193169,-11.73336159201,0.));
#9860 = CARTESIAN_POINT('',(6.57265667835,-11.66411333187,0.));
#9861 = CARTESIAN_POINT('',(6.227236645254,-11.58582932708,0.));
#9862 = PCURVE('',#9509,#9863);
#9863 = DEFINITIONAL_REPRESENTATION('',(#9864),#9868);
#9864 = LINE('',#9865,#9866);
#9865 = CARTESIAN_POINT('',(0.,0.));
#9866 = VECTOR('',#9867,1.);
#9867 = DIRECTION('',(1.,0.));
#9868 = ( GEOMETRIC_REPRESENTATION_CONTEXT(2) 
PARAMETRIC_REPRESENTATION_CONTEXT() REPRESENTATION_CONTEXT('2D SPACE',''
  ) );
#9869 = PCURVE('',#224,#9870);
#9870 = DEFINITIONAL_REPRESENTATION('',(#9871),#9922);
#9871 = B_SPLINE_CURVE_WITH_KNOTS('',3,(#9872,#9873,#9874,#9875,#9876,
    #9877,#9878,#9879,#9880,#9881,#9882,#9883,#9884,#9885,#9886,#9887,
    #9888,#9889,#9890,#9891,#9892,#9893,#9894,#9895,#9896,#9897,#9898,
    #9899,#9900,#9901,#9902,#9903,#9904,#9905,#9906,#9907,#9908,#9909,
    #9910,#9911,#9912,#9913,#9914,#9915,#9916,#9917,#9918,#9919,#9920,
    #9921),.UNSPECIFIED.,.F.,.F.,(4,1,1,1,1,1,1,1,1,1,1,1,1,1,1,1,1,1,1,
    1,1,1,1,1,1,1,1,1,1,1,1,1,1,1,1,1,1,1,1,1,1,1,1,1,1,1,1,4),(0.,
    0.72551896577,1.446812427957,2.167545581006,2.834652630785,
    3.561455250387,4.294404186133,5.035083262141,5.726745513771,
    6.485571675342,7.25499120568,8.035460380499,8.765906861733,
    9.568099084978,10.381469893138,11.205727652658,11.975881503332,
    12.819782078992,13.673026185696,14.534915364628,15.33753390218,
    16.21390469293,17.096636274619,17.984915961911,18.809100000342,
    19.705802922083,20.60576324729,21.508256924785,22.342991216384,
    23.248469118661,24.154594114226,25.060793204637,25.896884345071,
    26.801694858737,27.704993846459,28.606214463702,29.435742647904,
    30.331166080504,31.222462333173,32.108696907138,32.921319115104,
    33.794515353684,34.658772776489,35.512251077876,36.288651119977,
    37.115000087988,37.923185154055,38.651120081248),.UNSPECIFIED.);
#9872 = CARTESIAN_POINT('',(23.659388170465,-41.88628008978));
#9873 = CARTESIAN_POINT('',(23.703232474195,-41.64814805405));
#9874 = CARTESIAN_POINT('',(23.795033658821,-41.17507636956));
#9875 = CARTESIAN_POINT('',(23.90551202282,-40.4607402308));
#9876 = CARTESIAN_POINT('',(23.996783150685,-39.76363392006));
#9877 = CARTESIAN_POINT('',(24.069826100649,-39.0624572141));
#9878 = CARTESIAN_POINT('',(24.125401561411,-38.35560791466));
#9879 = CARTESIAN_POINT('',(24.163449178997,-37.62303141752));
#9880 = CARTESIAN_POINT('',(24.181846927837,-36.90141800556));
#9881 = CARTESIAN_POINT('',(24.181985984682,-36.17095927151));
#9882 = CARTESIAN_POINT('',(24.163441196091,-35.43113593368));
#9883 = CARTESIAN_POINT('',(24.123991675636,-34.66248865829));
#9884 = CARTESIAN_POINT('',(24.065119794503,-33.9045708161));
#9885 = CARTESIAN_POINT('',(23.985965149402,-33.13753427457));
#9886 = CARTESIAN_POINT('',(23.885880856287,-32.3618673245));
#9887 = CARTESIAN_POINT('',(23.760260636565,-31.55825589149));
#9888 = CARTESIAN_POINT('',(23.614868947684,-30.76883728037));
#9889 = CARTESIAN_POINT('',(23.446560102804,-29.97359693214));
#9890 = CARTESIAN_POINT('',(23.254724032897,-29.17373517003));
#9891 = CARTESIAN_POINT('',(23.032015035626,-28.35018785763));
#9892 = CARTESIAN_POINT('',(22.789401479675,-27.54664082329));
#9893 = CARTESIAN_POINT('',(22.52139750494,-26.74308964558));
#9894 = CARTESIAN_POINT('',(22.227499170634,-25.94120569121));
#9895 = CARTESIAN_POINT('',(21.897934019812,-25.1224361865));
#9896 = CARTESIAN_POINT('',(21.549171039754,-24.33061951549));
#9897 = CARTESIAN_POINT('',(21.173380341744,-23.5461246197));
#9898 = CARTESIAN_POINT('',(20.770358772374,-22.7708278915));
#9899 = CARTESIAN_POINT('',(20.327693098642,-21.98732580511));
#9900 = CARTESIAN_POINT('',(19.868043349543,-21.23777954497));
#9901 = CARTESIAN_POINT('',(19.381206421194,-20.50342736536));
#9902 = CARTESIAN_POINT('',(18.867427758678,-19.78611619396));
#9903 = CARTESIAN_POINT('',(18.311854022186,-19.07025070049));
#9904 = CARTESIAN_POINT('',(17.743499903347,-18.3944292031));
#9905 = CARTESIAN_POINT('',(17.149904524627,-17.74131027098));
#9906 = CARTESIAN_POINT('',(16.531906027059,-17.11251319144));
#9907 = CARTESIAN_POINT('',(15.872688945914,-16.49485337694));
#9908 = CARTESIAN_POINT('',(15.207315398725,-15.92157361245));
#9909 = CARTESIAN_POINT('',(14.521402386477,-15.37732344605));
#9910 = CARTESIAN_POINT('',(13.816563671925,-14.86332569755));
#9911 = CARTESIAN_POINT('',(13.074815038934,-14.36922030194));
#9912 = CARTESIAN_POINT('',(12.336363881119,-13.92137540328));
#9913 = CARTESIAN_POINT('',(11.585561381983,-13.50693781093));
#9914 = CARTESIAN_POINT('',(10.825213977129,-13.12660065284));
#9915 = CARTESIAN_POINT('',(10.036634685725,-12.77277102844));
#9916 = CARTESIAN_POINT('',(9.265915624382,-12.46450653463));
#9917 = CARTESIAN_POINT('',(8.488850539877,-12.18949463635));
#9918 = CARTESIAN_POINT('',(7.741291356944,-11.95615271951));
#9919 = CARTESIAN_POINT('',(6.908554193169,-11.73336159201));
#9920 = CARTESIAN_POINT('',(6.57265667835,-11.66411333187));
#9921 = CARTESIAN_POINT('',(6.227236645254,-11.58582932708));
#9922 = ( GEOMETRIC_REPRESENTATION_CONTEXT(2) 
PARAMETRIC_REPRESENTATION_CONTEXT() REPRESENTATION_CONTEXT('2D SPACE',''
  ) );
#9923 = ADVANCED_FACE('',(#9924),#9681,.T.);
#9924 = FACE_BOUND('',#9925,.T.);
#9925 = EDGE_LOOP('',(#9926,#9956,#9977,#9978));
#9926 = ORIENTED_EDGE('',*,*,#9927,.T.);
#9927 = EDGE_CURVE('',#9928,#9930,#9932,.T.);
#9928 = VERTEX_POINT('',#9929);
#9929 = CARTESIAN_POINT('',(23.566853684022,-42.38930770177,0.));
#9930 = VERTEX_POINT('',#9931);
#9931 = CARTESIAN_POINT('',(23.566853684022,-42.38930770177,22.4));
#9932 = SURFACE_CURVE('',#9933,(#9937,#9944),.PCURVE_S1.);
#9933 = LINE('',#9934,#9935);
#9934 = CARTESIAN_POINT('',(23.566853684022,-42.38930770177,0.));
#9935 = VECTOR('',#9936,1.);
#9936 = DIRECTION('',(0.,0.,1.));
#9937 = PCURVE('',#9681,#9938);
#9938 = DEFINITIONAL_REPRESENTATION('',(#9939),#9943);
#9939 = LINE('',#9940,#9941);
#9940 = CARTESIAN_POINT('',(0.,0.));
#9941 = VECTOR('',#9942,1.);
#9942 = DIRECTION('',(0.,-1.));
#9943 = ( GEOMETRIC_REPRESENTATION_CONTEXT(2) 
PARAMETRIC_REPRESENTATION_CONTEXT() REPRESENTATION_CONTEXT('2D SPACE',''
  ) );
#9944 = PCURVE('',#9945,#9950);
#9945 = CYLINDRICAL_SURFACE('',#9946,48.5);
#9946 = AXIS2_PLACEMENT_3D('',#9947,#9948,#9949);
#9947 = CARTESIAN_POINT('',(0.,0.,0.));
#9948 = DIRECTION('',(-0.,-0.,-1.));
#9949 = DIRECTION('',(1.,0.,-0.));
#9950 = DEFINITIONAL_REPRESENTATION('',(#9951),#9955);
#9951 = LINE('',#9952,#9953);
#9952 = CARTESIAN_POINT('',(-5.219798185406,0.));
#9953 = VECTOR('',#9954,1.);
#9954 = DIRECTION('',(-0.,-1.));
#9955 = ( GEOMETRIC_REPRESENTATION_CONTEXT(2) 
PARAMETRIC_REPRESENTATION_CONTEXT() REPRESENTATION_CONTEXT('2D SPACE',''
  ) );
#9956 = ORIENTED_EDGE('',*,*,#9957,.T.);
#9957 = EDGE_CURVE('',#9930,#9666,#9958,.T.);
#9958 = SURFACE_CURVE('',#9959,(#9963,#9970),.PCURVE_S1.);
#9959 = LINE('',#9960,#9961);
#9960 = CARTESIAN_POINT('',(23.146904047592,-44.67219996056,22.4));
#9961 = VECTOR('',#9962,1.);
#9962 = DIRECTION('',(0.180919441855,0.983497918431,0.));
#9963 = PCURVE('',#9681,#9964);
#9964 = DEFINITIONAL_REPRESENTATION('',(#9965),#9969);
#9965 = LINE('',#9966,#9967);
#9966 = CARTESIAN_POINT('',(-2.321196838348,-22.4));
#9967 = VECTOR('',#9968,1.);
#9968 = DIRECTION('',(1.,0.));
#9969 = ( GEOMETRIC_REPRESENTATION_CONTEXT(2) 
PARAMETRIC_REPRESENTATION_CONTEXT() REPRESENTATION_CONTEXT('2D SPACE',''
  ) );
#9970 = PCURVE('',#169,#9971);
#9971 = DEFINITIONAL_REPRESENTATION('',(#9972),#9976);
#9972 = LINE('',#9973,#9974);
#9973 = CARTESIAN_POINT('',(23.146904047592,-44.67219996056));
#9974 = VECTOR('',#9975,1.);
#9975 = DIRECTION('',(0.180919441855,0.983497918431));
#9976 = ( GEOMETRIC_REPRESENTATION_CONTEXT(2) 
PARAMETRIC_REPRESENTATION_CONTEXT() REPRESENTATION_CONTEXT('2D SPACE',''
  ) );
#9977 = ORIENTED_EDGE('',*,*,#9663,.F.);
#9978 = ORIENTED_EDGE('',*,*,#9979,.F.);
#9979 = EDGE_CURVE('',#9928,#9664,#9980,.T.);
#9980 = SURFACE_CURVE('',#9981,(#9985,#9992),.PCURVE_S1.);
#9981 = LINE('',#9982,#9983);
#9982 = CARTESIAN_POINT('',(23.146904047592,-44.67219996056,0.));
#9983 = VECTOR('',#9984,1.);
#9984 = DIRECTION('',(0.180919441855,0.983497918431,0.));
#9985 = PCURVE('',#9681,#9986);
#9986 = DEFINITIONAL_REPRESENTATION('',(#9987),#9991);
#9987 = LINE('',#9988,#9989);
#9988 = CARTESIAN_POINT('',(-2.321196838348,-0.));
#9989 = VECTOR('',#9990,1.);
#9990 = DIRECTION('',(1.,0.));
#9991 = ( GEOMETRIC_REPRESENTATION_CONTEXT(2) 
PARAMETRIC_REPRESENTATION_CONTEXT() REPRESENTATION_CONTEXT('2D SPACE',''
  ) );
#9992 = PCURVE('',#224,#9993);
#9993 = DEFINITIONAL_REPRESENTATION('',(#9994),#9998);
#9994 = LINE('',#9995,#9996);
#9995 = CARTESIAN_POINT('',(23.146904047592,-44.67219996056));
#9996 = VECTOR('',#9997,1.);
#9997 = DIRECTION('',(0.180919441855,0.983497918431));
#9998 = ( GEOMETRIC_REPRESENTATION_CONTEXT(2) 
PARAMETRIC_REPRESENTATION_CONTEXT() REPRESENTATION_CONTEXT('2D SPACE',''
  ) );
#9999 = ADVANCED_FACE('',(#10000),#9945,.F.);
#10000 = FACE_BOUND('',#10001,.T.);
#10001 = EDGE_LOOP('',(#10002,#10027,#10049,#10050));
#10002 = ORIENTED_EDGE('',*,*,#10003,.T.);
#10003 = EDGE_CURVE('',#10004,#10006,#10008,.T.);
#10004 = VERTEX_POINT('',#10005);
#10005 = CARTESIAN_POINT('',(0.797394253335,-48.49344453021,0.));
#10006 = VERTEX_POINT('',#10007);
#10007 = CARTESIAN_POINT('',(0.797394253335,-48.49344453021,22.4));
#10008 = SURFACE_CURVE('',#10009,(#10013,#10020),.PCURVE_S1.);
#10009 = LINE('',#10010,#10011);
#10010 = CARTESIAN_POINT('',(0.797394253335,-48.49344453021,0.));
#10011 = VECTOR('',#10012,1.);
#10012 = DIRECTION('',(0.,0.,1.));
#10013 = PCURVE('',#9945,#10014);
#10014 = DEFINITIONAL_REPRESENTATION('',(#10015),#10019);
#10015 = LINE('',#10016,#10017);
#10016 = CARTESIAN_POINT('',(-4.728830839801,0.));
#10017 = VECTOR('',#10018,1.);
#10018 = DIRECTION('',(-0.,-1.));
#10019 = ( GEOMETRIC_REPRESENTATION_CONTEXT(2) 
PARAMETRIC_REPRESENTATION_CONTEXT() REPRESENTATION_CONTEXT('2D SPACE',''
  ) );
#10020 = PCURVE('',#9306,#10021);
#10021 = DEFINITIONAL_REPRESENTATION('',(#10022),#10026);
#10022 = LINE('',#10023,#10024);
#10023 = CARTESIAN_POINT('',(40.083562049213,0.));
#10024 = VECTOR('',#10025,1.);
#10025 = DIRECTION('',(0.,-1.));
#10026 = ( GEOMETRIC_REPRESENTATION_CONTEXT(2) 
PARAMETRIC_REPRESENTATION_CONTEXT() REPRESENTATION_CONTEXT('2D SPACE',''
  ) );
#10027 = ORIENTED_EDGE('',*,*,#10028,.T.);
#10028 = EDGE_CURVE('',#10006,#9930,#10029,.T.);
#10029 = SURFACE_CURVE('',#10030,(#10035,#10042),.PCURVE_S1.);
#10030 = CIRCLE('',#10031,48.5);
#10031 = AXIS2_PLACEMENT_3D('',#10032,#10033,#10034);
#10032 = CARTESIAN_POINT('',(0.,0.,22.4));
#10033 = DIRECTION('',(0.,0.,1.));
#10034 = DIRECTION('',(1.,0.,-0.));
#10035 = PCURVE('',#9945,#10036);
#10036 = DEFINITIONAL_REPRESENTATION('',(#10037),#10041);
#10037 = LINE('',#10038,#10039);
#10038 = CARTESIAN_POINT('',(-0.,-22.4));
#10039 = VECTOR('',#10040,1.);
#10040 = DIRECTION('',(-1.,0.));
#10041 = ( GEOMETRIC_REPRESENTATION_CONTEXT(2) 
PARAMETRIC_REPRESENTATION_CONTEXT() REPRESENTATION_CONTEXT('2D SPACE',''
  ) );
#10042 = PCURVE('',#169,#10043);
#10043 = DEFINITIONAL_REPRESENTATION('',(#10044),#10048);
#10044 = CIRCLE('',#10045,48.5);
#10045 = AXIS2_PLACEMENT_2D('',#10046,#10047);
#10046 = CARTESIAN_POINT('',(0.,-1.204325410458E-15));
#10047 = DIRECTION('',(1.,0.));
#10048 = ( GEOMETRIC_REPRESENTATION_CONTEXT(2) 
PARAMETRIC_REPRESENTATION_CONTEXT() REPRESENTATION_CONTEXT('2D SPACE',''
  ) );
#10049 = ORIENTED_EDGE('',*,*,#9927,.F.);
#10050 = ORIENTED_EDGE('',*,*,#10051,.F.);
#10051 = EDGE_CURVE('',#10004,#9928,#10052,.T.);
#10052 = SURFACE_CURVE('',#10053,(#10058,#10065),.PCURVE_S1.);
#10053 = CIRCLE('',#10054,48.5);
#10054 = AXIS2_PLACEMENT_3D('',#10055,#10056,#10057);
#10055 = CARTESIAN_POINT('',(0.,0.,0.));
#10056 = DIRECTION('',(0.,0.,1.));
#10057 = DIRECTION('',(1.,0.,-0.));
#10058 = PCURVE('',#9945,#10059);
#10059 = DEFINITIONAL_REPRESENTATION('',(#10060),#10064);
#10060 = LINE('',#10061,#10062);
#10061 = CARTESIAN_POINT('',(-0.,0.));
#10062 = VECTOR('',#10063,1.);
#10063 = DIRECTION('',(-1.,0.));
#10064 = ( GEOMETRIC_REPRESENTATION_CONTEXT(2) 
PARAMETRIC_REPRESENTATION_CONTEXT() REPRESENTATION_CONTEXT('2D SPACE',''
  ) );
#10065 = PCURVE('',#224,#10066);
#10066 = DEFINITIONAL_REPRESENTATION('',(#10067),#10071);
#10067 = CIRCLE('',#10068,48.5);
#10068 = AXIS2_PLACEMENT_2D('',#10069,#10070);
#10069 = CARTESIAN_POINT('',(0.,-1.204325410458E-15));
#10070 = DIRECTION('',(1.,0.));
#10071 = ( GEOMETRIC_REPRESENTATION_CONTEXT(2) 
PARAMETRIC_REPRESENTATION_CONTEXT() REPRESENTATION_CONTEXT('2D SPACE',''
  ) );
#10072 = ADVANCED_FACE('',(#10073),#9306,.T.);
#10073 = FACE_BOUND('',#10074,.T.);
#10074 = EDGE_LOOP('',(#10075,#10076,#10191,#10192));
#10075 = ORIENTED_EDGE('',*,*,#9283,.T.);
#10076 = ORIENTED_EDGE('',*,*,#10077,.T.);
#10077 = EDGE_CURVE('',#9286,#10006,#10078,.T.);
#10078 = SURFACE_CURVE('',#10079,(#10130,#10137),.PCURVE_S1.);
#10079 = B_SPLINE_CURVE_WITH_KNOTS('',3,(#10080,#10081,#10082,#10083,
    #10084,#10085,#10086,#10087,#10088,#10089,#10090,#10091,#10092,
    #10093,#10094,#10095,#10096,#10097,#10098,#10099,#10100,#10101,
    #10102,#10103,#10104,#10105,#10106,#10107,#10108,#10109,#10110,
    #10111,#10112,#10113,#10114,#10115,#10116,#10117,#10118,#10119,
    #10120,#10121,#10122,#10123,#10124,#10125,#10126,#10127,#10128,
    #10129),.UNSPECIFIED.,.F.,.F.,(4,1,1,1,1,1,1,1,1,1,1,1,1,1,1,1,1,1,1
    ,1,1,1,1,1,1,1,1,1,1,1,1,1,1,1,1,1,1,1,1,1,1,1,1,1,1,1,1,4),(0.,
    0.770020974153,1.626265687068,2.501235809007,3.323017628822,
    4.226168942917,5.140567564886,6.064285262741,6.923787879437,
    7.860959618837,8.803220404646,9.749496837408,10.625745778606,
    11.577210076157,12.530237508485,13.484135816053,14.364871812505,
    15.318618169461,16.271356512646,17.222443906393,18.098342389538,
    19.044380308015,19.986772779966,20.924790631856,21.786128506054,
    22.713614611572,23.634502775488,24.548028034391,25.38410411673,
    26.281393184443,27.169232325991,28.047009844699,28.847877333261,
    29.704892084705,30.550578145199,31.384742808357,32.14448317376,
    32.956538608657,33.75747556067,34.547827237765,35.268649993444,
    36.041021221912,36.805779378973,37.564485879874,38.261073281275,
    39.01367744831,39.766626217161,40.522198623296),.UNSPECIFIED.);
#10080 = CARTESIAN_POINT('',(0.399969533376,-12.2527591562,22.4));
#10081 = CARTESIAN_POINT('',(0.588317117704,-12.42699854489,22.4));
#10082 = CARTESIAN_POINT('',(0.991213358426,-12.79006465192,22.4));
#10083 = CARTESIAN_POINT('',(1.579064678277,-13.38173827388,22.4));
#10084 = CARTESIAN_POINT('',(2.157201907725,-14.0064475216,22.4));
#10085 = CARTESIAN_POINT('',(2.719798490113,-14.66593883324,22.4));
#10086 = CARTESIAN_POINT('',(3.264216974392,-15.35735075718,22.4));
#10087 = CARTESIAN_POINT('',(3.799256486071,-16.09841102664,22.4));
#10088 = CARTESIAN_POINT('',(4.294755209196,-16.84910280945,22.4));
#10089 = CARTESIAN_POINT('',(4.763277683188,-17.62574589831,22.4));
#10090 = CARTESIAN_POINT('',(5.202753634089,-18.42630871847,22.4));
#10091 = CARTESIAN_POINT('',(5.620667006661,-19.27073677025,22.4));
#10092 = CARTESIAN_POINT('',(5.994145474174,-20.11357144472,22.4));
#10093 = CARTESIAN_POINT('',(6.3341604789,-20.97369413637,22.4));
#10094 = CARTESIAN_POINT('',(6.639884233994,-21.84903069094,22.4));
#10095 = CARTESIAN_POINT('',(6.916378114271,-22.76110965105,22.4));
#10096 = CARTESIAN_POINT('',(7.14916912309,-23.6609707683,22.4));
#10097 = CARTESIAN_POINT('',(7.346692918406,-24.56941299084,22.4));
#10098 = CARTESIAN_POINT('',(7.509086806548,-25.48443593001,22.4));
#10099 = CARTESIAN_POINT('',(7.638640564576,-26.42834810699,22.4));
#10100 = CARTESIAN_POINT('',(7.729288872908,-27.35070629777,22.4));
#10101 = CARTESIAN_POINT('',(7.786418105318,-28.2734564846,22.4));
#10102 = CARTESIAN_POINT('',(7.810845298097,-29.19478202503,22.4));
#10103 = CARTESIAN_POINT('',(7.802066972039,-30.13708500993,22.4));
#10104 = CARTESIAN_POINT('',(7.761671892174,-31.05029183355,22.4));
#10105 = CARTESIAN_POINT('',(7.691862163502,-31.95669544766,22.4));
#10106 = CARTESIAN_POINT('',(7.59385601959,-32.85476488039,22.4));
#10107 = CARTESIAN_POINT('',(7.464526294062,-33.76642380967,22.4));
#10108 = CARTESIAN_POINT('',(7.311896792332,-34.64355119421,22.4));
#10109 = CARTESIAN_POINT('',(7.135141318351,-35.50807430969,22.4));
#10110 = CARTESIAN_POINT('',(6.935615311176,-36.35885531524,22.4));
#10111 = CARTESIAN_POINT('',(6.707794378428,-37.21688101307,22.4));
#10112 = CARTESIAN_POINT('',(6.464909369945,-38.0372922292,22.4));
#10113 = CARTESIAN_POINT('',(6.203206399825,-38.84107076188,22.4));
#10114 = CARTESIAN_POINT('',(5.923947179717,-39.6275936532,22.4));
#10115 = CARTESIAN_POINT('',(5.619501004183,-40.41661818615,22.4));
#10116 = CARTESIAN_POINT('',(5.306544142483,-41.16728876768,22.4));
#10117 = CARTESIAN_POINT('',(4.979140272547,-41.89948641006,22.4));
#10118 = CARTESIAN_POINT('',(4.63807942645,-42.61318297683,22.4));
#10119 = CARTESIAN_POINT('',(4.273767083749,-43.32677434212,22.4));
#10120 = CARTESIAN_POINT('',(3.905418001963,-44.00384327507,22.4));
#10121 = CARTESIAN_POINT('',(3.524822041583,-44.66317864308,22.4));
#10122 = CARTESIAN_POINT('',(3.132256327976,-45.30524082056,22.4));
#10123 = CARTESIAN_POINT('',(2.715458433768,-45.94795288528,22.4));
#10124 = CARTESIAN_POINT('',(2.298029746103,-46.55622072755,22.4));
#10125 = CARTESIAN_POINT('',(1.860650924723,-47.15863131228,22.4));
#10126 = CARTESIAN_POINT('',(1.435926202974,-47.71612516611,22.4));
#10127 = CARTESIAN_POINT('',(0.881781610442,-48.40018315595,22.4));
#10128 = CARTESIAN_POINT('',(0.756663572118,-48.53970242161,22.4));
#10129 = CARTESIAN_POINT('',(0.45350885127,-48.89572328698,22.4));
#10130 = PCURVE('',#9306,#10131);
#10131 = DEFINITIONAL_REPRESENTATION('',(#10132),#10136);
#10132 = LINE('',#10133,#10134);
#10133 = CARTESIAN_POINT('',(0.,-22.4));
#10134 = VECTOR('',#10135,1.);
#10135 = DIRECTION('',(1.,0.));
#10136 = ( GEOMETRIC_REPRESENTATION_CONTEXT(2) 
PARAMETRIC_REPRESENTATION_CONTEXT() REPRESENTATION_CONTEXT('2D SPACE',''
  ) );
#10137 = PCURVE('',#169,#10138);
#10138 = DEFINITIONAL_REPRESENTATION('',(#10139),#10190);
#10139 = B_SPLINE_CURVE_WITH_KNOTS('',3,(#10140,#10141,#10142,#10143,
    #10144,#10145,#10146,#10147,#10148,#10149,#10150,#10151,#10152,
    #10153,#10154,#10155,#10156,#10157,#10158,#10159,#10160,#10161,
    #10162,#10163,#10164,#10165,#10166,#10167,#10168,#10169,#10170,
    #10171,#10172,#10173,#10174,#10175,#10176,#10177,#10178,#10179,
    #10180,#10181,#10182,#10183,#10184,#10185,#10186,#10187,#10188,
    #10189),.UNSPECIFIED.,.F.,.F.,(4,1,1,1,1,1,1,1,1,1,1,1,1,1,1,1,1,1,1
    ,1,1,1,1,1,1,1,1,1,1,1,1,1,1,1,1,1,1,1,1,1,1,1,1,1,1,1,1,4),(0.,
    0.770020974153,1.626265687068,2.501235809007,3.323017628822,
    4.226168942917,5.140567564886,6.064285262741,6.923787879437,
    7.860959618837,8.803220404646,9.749496837408,10.625745778606,
    11.577210076157,12.530237508485,13.484135816053,14.364871812505,
    15.318618169461,16.271356512646,17.222443906393,18.098342389538,
    19.044380308015,19.986772779966,20.924790631856,21.786128506054,
    22.713614611572,23.634502775488,24.548028034391,25.38410411673,
    26.281393184443,27.169232325991,28.047009844699,28.847877333261,
    29.704892084705,30.550578145199,31.384742808357,32.14448317376,
    32.956538608657,33.75747556067,34.547827237765,35.268649993444,
    36.041021221912,36.805779378973,37.564485879874,38.261073281275,
    39.01367744831,39.766626217161,40.522198623296),.UNSPECIFIED.);
#10140 = CARTESIAN_POINT('',(0.399969533376,-12.2527591562));
#10141 = CARTESIAN_POINT('',(0.588317117704,-12.42699854489));
#10142 = CARTESIAN_POINT('',(0.991213358426,-12.79006465192));
#10143 = CARTESIAN_POINT('',(1.579064678277,-13.38173827388));
#10144 = CARTESIAN_POINT('',(2.157201907725,-14.0064475216));
#10145 = CARTESIAN_POINT('',(2.719798490113,-14.66593883324));
#10146 = CARTESIAN_POINT('',(3.264216974392,-15.35735075718));
#10147 = CARTESIAN_POINT('',(3.799256486071,-16.09841102664));
#10148 = CARTESIAN_POINT('',(4.294755209196,-16.84910280945));
#10149 = CARTESIAN_POINT('',(4.763277683188,-17.62574589831));
#10150 = CARTESIAN_POINT('',(5.202753634089,-18.42630871847));
#10151 = CARTESIAN_POINT('',(5.620667006661,-19.27073677025));
#10152 = CARTESIAN_POINT('',(5.994145474174,-20.11357144472));
#10153 = CARTESIAN_POINT('',(6.3341604789,-20.97369413637));
#10154 = CARTESIAN_POINT('',(6.639884233994,-21.84903069094));
#10155 = CARTESIAN_POINT('',(6.916378114271,-22.76110965105));
#10156 = CARTESIAN_POINT('',(7.14916912309,-23.6609707683));
#10157 = CARTESIAN_POINT('',(7.346692918406,-24.56941299084));
#10158 = CARTESIAN_POINT('',(7.509086806548,-25.48443593001));
#10159 = CARTESIAN_POINT('',(7.638640564576,-26.42834810699));
#10160 = CARTESIAN_POINT('',(7.729288872908,-27.35070629777));
#10161 = CARTESIAN_POINT('',(7.786418105318,-28.2734564846));
#10162 = CARTESIAN_POINT('',(7.810845298097,-29.19478202503));
#10163 = CARTESIAN_POINT('',(7.802066972039,-30.13708500993));
#10164 = CARTESIAN_POINT('',(7.761671892174,-31.05029183355));
#10165 = CARTESIAN_POINT('',(7.691862163502,-31.95669544766));
#10166 = CARTESIAN_POINT('',(7.59385601959,-32.85476488039));
#10167 = CARTESIAN_POINT('',(7.464526294062,-33.76642380967));
#10168 = CARTESIAN_POINT('',(7.311896792332,-34.64355119421));
#10169 = CARTESIAN_POINT('',(7.135141318351,-35.50807430969));
#10170 = CARTESIAN_POINT('',(6.935615311176,-36.35885531524));
#10171 = CARTESIAN_POINT('',(6.707794378428,-37.21688101307));
#10172 = CARTESIAN_POINT('',(6.464909369945,-38.0372922292));
#10173 = CARTESIAN_POINT('',(6.203206399825,-38.84107076188));
#10174 = CARTESIAN_POINT('',(5.923947179717,-39.6275936532));
#10175 = CARTESIAN_POINT('',(5.619501004183,-40.41661818615));
#10176 = CARTESIAN_POINT('',(5.306544142483,-41.16728876768));
#10177 = CARTESIAN_POINT('',(4.979140272547,-41.89948641006));
#10178 = CARTESIAN_POINT('',(4.63807942645,-42.61318297683));
#10179 = CARTESIAN_POINT('',(4.273767083749,-43.32677434212));
#10180 = CARTESIAN_POINT('',(3.905418001963,-44.00384327507));
#10181 = CARTESIAN_POINT('',(3.524822041583,-44.66317864308));
#10182 = CARTESIAN_POINT('',(3.132256327976,-45.30524082056));
#10183 = CARTESIAN_POINT('',(2.715458433768,-45.94795288528));
#10184 = CARTESIAN_POINT('',(2.298029746103,-46.55622072755));
#10185 = CARTESIAN_POINT('',(1.860650924723,-47.15863131228));
#10186 = CARTESIAN_POINT('',(1.435926202974,-47.71612516611));
#10187 = CARTESIAN_POINT('',(0.881781610442,-48.40018315595));
#10188 = CARTESIAN_POINT('',(0.756663572118,-48.53970242161));
#10189 = CARTESIAN_POINT('',(0.45350885127,-48.89572328698));
#10190 = ( GEOMETRIC_REPRESENTATION_CONTEXT(2) 
PARAMETRIC_REPRESENTATION_CONTEXT() REPRESENTATION_CONTEXT('2D SPACE',''
  ) );
#10191 = ORIENTED_EDGE('',*,*,#10003,.F.);
#10192 = ORIENTED_EDGE('',*,*,#10193,.F.);
#10193 = EDGE_CURVE('',#9284,#10004,#10194,.T.);
#10194 = SURFACE_CURVE('',#10195,(#10246,#10253),.PCURVE_S1.);
#10195 = B_SPLINE_CURVE_WITH_KNOTS('',3,(#10196,#10197,#10198,#10199,
    #10200,#10201,#10202,#10203,#10204,#10205,#10206,#10207,#10208,
    #10209,#10210,#10211,#10212,#10213,#10214,#10215,#10216,#10217,
    #10218,#10219,#10220,#10221,#10222,#10223,#10224,#10225,#10226,
    #10227,#10228,#10229,#10230,#10231,#10232,#10233,#10234,#10235,
    #10236,#10237,#10238,#10239,#10240,#10241,#10242,#10243,#10244,
    #10245),.UNSPECIFIED.,.F.,.F.,(4,1,1,1,1,1,1,1,1,1,1,1,1,1,1,1,1,1,1
    ,1,1,1,1,1,1,1,1,1,1,1,1,1,1,1,1,1,1,1,1,1,1,1,1,1,1,1,1,4),(0.,
    0.770020974153,1.626265687068,2.501235809007,3.323017628822,
    4.226168942917,5.140567564886,6.064285262741,6.923787879437,
    7.860959618837,8.803220404646,9.749496837408,10.625745778606,
    11.577210076157,12.530237508485,13.484135816053,14.364871812505,
    15.318618169461,16.271356512646,17.222443906393,18.098342389538,
    19.044380308015,19.986772779966,20.924790631856,21.786128506054,
    22.713614611572,23.634502775488,24.548028034391,25.38410411673,
    26.281393184443,27.169232325991,28.047009844699,28.847877333261,
    29.704892084705,30.550578145199,31.384742808357,32.14448317376,
    32.956538608657,33.75747556067,34.547827237765,35.268649993444,
    36.041021221912,36.805779378973,37.564485879874,38.261073281275,
    39.01367744831,39.766626217161,40.522198623296),.UNSPECIFIED.);
#10196 = CARTESIAN_POINT('',(0.399969533376,-12.2527591562,0.));
#10197 = CARTESIAN_POINT('',(0.588317117704,-12.42699854489,0.));
#10198 = CARTESIAN_POINT('',(0.991213358426,-12.79006465192,0.));
#10199 = CARTESIAN_POINT('',(1.579064678277,-13.38173827388,0.));
#10200 = CARTESIAN_POINT('',(2.157201907725,-14.0064475216,0.));
#10201 = CARTESIAN_POINT('',(2.719798490113,-14.66593883324,0.));
#10202 = CARTESIAN_POINT('',(3.264216974392,-15.35735075718,0.));
#10203 = CARTESIAN_POINT('',(3.799256486071,-16.09841102664,0.));
#10204 = CARTESIAN_POINT('',(4.294755209196,-16.84910280945,0.));
#10205 = CARTESIAN_POINT('',(4.763277683188,-17.62574589831,0.));
#10206 = CARTESIAN_POINT('',(5.202753634089,-18.42630871847,0.));
#10207 = CARTESIAN_POINT('',(5.620667006661,-19.27073677025,0.));
#10208 = CARTESIAN_POINT('',(5.994145474174,-20.11357144472,0.));
#10209 = CARTESIAN_POINT('',(6.3341604789,-20.97369413637,0.));
#10210 = CARTESIAN_POINT('',(6.639884233994,-21.84903069094,0.));
#10211 = CARTESIAN_POINT('',(6.916378114271,-22.76110965105,0.));
#10212 = CARTESIAN_POINT('',(7.14916912309,-23.6609707683,0.));
#10213 = CARTESIAN_POINT('',(7.346692918406,-24.56941299084,0.));
#10214 = CARTESIAN_POINT('',(7.509086806548,-25.48443593001,0.));
#10215 = CARTESIAN_POINT('',(7.638640564576,-26.42834810699,0.));
#10216 = CARTESIAN_POINT('',(7.729288872908,-27.35070629777,0.));
#10217 = CARTESIAN_POINT('',(7.786418105318,-28.2734564846,0.));
#10218 = CARTESIAN_POINT('',(7.810845298097,-29.19478202503,0.));
#10219 = CARTESIAN_POINT('',(7.802066972039,-30.13708500993,0.));
#10220 = CARTESIAN_POINT('',(7.761671892174,-31.05029183355,0.));
#10221 = CARTESIAN_POINT('',(7.691862163502,-31.95669544766,0.));
#10222 = CARTESIAN_POINT('',(7.59385601959,-32.85476488039,0.));
#10223 = CARTESIAN_POINT('',(7.464526294062,-33.76642380967,0.));
#10224 = CARTESIAN_POINT('',(7.311896792332,-34.64355119421,0.));
#10225 = CARTESIAN_POINT('',(7.135141318351,-35.50807430969,0.));
#10226 = CARTESIAN_POINT('',(6.935615311176,-36.35885531524,0.));
#10227 = CARTESIAN_POINT('',(6.707794378428,-37.21688101307,0.));
#10228 = CARTESIAN_POINT('',(6.464909369945,-38.0372922292,0.));
#10229 = CARTESIAN_POINT('',(6.203206399825,-38.84107076188,0.));
#10230 = CARTESIAN_POINT('',(5.923947179717,-39.6275936532,0.));
#10231 = CARTESIAN_POINT('',(5.619501004183,-40.41661818615,0.));
#10232 = CARTESIAN_POINT('',(5.306544142483,-41.16728876768,0.));
#10233 = CARTESIAN_POINT('',(4.979140272547,-41.89948641006,0.));
#10234 = CARTESIAN_POINT('',(4.63807942645,-42.61318297683,0.));
#10235 = CARTESIAN_POINT('',(4.273767083749,-43.32677434212,0.));
#10236 = CARTESIAN_POINT('',(3.905418001963,-44.00384327507,0.));
#10237 = CARTESIAN_POINT('',(3.524822041583,-44.66317864308,0.));
#10238 = CARTESIAN_POINT('',(3.132256327976,-45.30524082056,0.));
#10239 = CARTESIAN_POINT('',(2.715458433768,-45.94795288528,0.));
#10240 = CARTESIAN_POINT('',(2.298029746103,-46.55622072755,0.));
#10241 = CARTESIAN_POINT('',(1.860650924723,-47.15863131228,0.));
#10242 = CARTESIAN_POINT('',(1.435926202974,-47.71612516611,0.));
#10243 = CARTESIAN_POINT('',(0.881781610442,-48.40018315595,0.));
#10244 = CARTESIAN_POINT('',(0.756663572118,-48.53970242161,0.));
#10245 = CARTESIAN_POINT('',(0.45350885127,-48.89572328698,0.));
#10246 = PCURVE('',#9306,#10247);
#10247 = DEFINITIONAL_REPRESENTATION('',(#10248),#10252);
#10248 = LINE('',#10249,#10250);
#10249 = CARTESIAN_POINT('',(0.,0.));
#10250 = VECTOR('',#10251,1.);
#10251 = DIRECTION('',(1.,0.));
#10252 = ( GEOMETRIC_REPRESENTATION_CONTEXT(2) 
PARAMETRIC_REPRESENTATION_CONTEXT() REPRESENTATION_CONTEXT('2D SPACE',''
  ) );
#10253 = PCURVE('',#224,#10254);
#10254 = DEFINITIONAL_REPRESENTATION('',(#10255),#10306);
#10255 = B_SPLINE_CURVE_WITH_KNOTS('',3,(#10256,#10257,#10258,#10259,
    #10260,#10261,#10262,#10263,#10264,#10265,#10266,#10267,#10268,
    #10269,#10270,#10271,#10272,#10273,#10274,#10275,#10276,#10277,
    #10278,#10279,#10280,#10281,#10282,#10283,#10284,#10285,#10286,
    #10287,#10288,#10289,#10290,#10291,#10292,#10293,#10294,#10295,
    #10296,#10297,#10298,#10299,#10300,#10301,#10302,#10303,#10304,
    #10305),.UNSPECIFIED.,.F.,.F.,(4,1,1,1,1,1,1,1,1,1,1,1,1,1,1,1,1,1,1
    ,1,1,1,1,1,1,1,1,1,1,1,1,1,1,1,1,1,1,1,1,1,1,1,1,1,1,1,1,4),(0.,
    0.770020974153,1.626265687068,2.501235809007,3.323017628822,
    4.226168942917,5.140567564886,6.064285262741,6.923787879437,
    7.860959618837,8.803220404646,9.749496837408,10.625745778606,
    11.577210076157,12.530237508485,13.484135816053,14.364871812505,
    15.318618169461,16.271356512646,17.222443906393,18.098342389538,
    19.044380308015,19.986772779966,20.924790631856,21.786128506054,
    22.713614611572,23.634502775488,24.548028034391,25.38410411673,
    26.281393184443,27.169232325991,28.047009844699,28.847877333261,
    29.704892084705,30.550578145199,31.384742808357,32.14448317376,
    32.956538608657,33.75747556067,34.547827237765,35.268649993444,
    36.041021221912,36.805779378973,37.564485879874,38.261073281275,
    39.01367744831,39.766626217161,40.522198623296),.UNSPECIFIED.);
#10256 = CARTESIAN_POINT('',(0.399969533376,-12.2527591562));
#10257 = CARTESIAN_POINT('',(0.588317117704,-12.42699854489));
#10258 = CARTESIAN_POINT('',(0.991213358426,-12.79006465192));
#10259 = CARTESIAN_POINT('',(1.579064678277,-13.38173827388));
#10260 = CARTESIAN_POINT('',(2.157201907725,-14.0064475216));
#10261 = CARTESIAN_POINT('',(2.719798490113,-14.66593883324));
#10262 = CARTESIAN_POINT('',(3.264216974392,-15.35735075718));
#10263 = CARTESIAN_POINT('',(3.799256486071,-16.09841102664));
#10264 = CARTESIAN_POINT('',(4.294755209196,-16.84910280945));
#10265 = CARTESIAN_POINT('',(4.763277683188,-17.62574589831));
#10266 = CARTESIAN_POINT('',(5.202753634089,-18.42630871847));
#10267 = CARTESIAN_POINT('',(5.620667006661,-19.27073677025));
#10268 = CARTESIAN_POINT('',(5.994145474174,-20.11357144472));
#10269 = CARTESIAN_POINT('',(6.3341604789,-20.97369413637));
#10270 = CARTESIAN_POINT('',(6.639884233994,-21.84903069094));
#10271 = CARTESIAN_POINT('',(6.916378114271,-22.76110965105));
#10272 = CARTESIAN_POINT('',(7.14916912309,-23.6609707683));
#10273 = CARTESIAN_POINT('',(7.346692918406,-24.56941299084));
#10274 = CARTESIAN_POINT('',(7.509086806548,-25.48443593001));
#10275 = CARTESIAN_POINT('',(7.638640564576,-26.42834810699));
#10276 = CARTESIAN_POINT('',(7.729288872908,-27.35070629777));
#10277 = CARTESIAN_POINT('',(7.786418105318,-28.2734564846));
#10278 = CARTESIAN_POINT('',(7.810845298097,-29.19478202503));
#10279 = CARTESIAN_POINT('',(7.802066972039,-30.13708500993));
#10280 = CARTESIAN_POINT('',(7.761671892174,-31.05029183355));
#10281 = CARTESIAN_POINT('',(7.691862163502,-31.95669544766));
#10282 = CARTESIAN_POINT('',(7.59385601959,-32.85476488039));
#10283 = CARTESIAN_POINT('',(7.464526294062,-33.76642380967));
#10284 = CARTESIAN_POINT('',(7.311896792332,-34.64355119421));
#10285 = CARTESIAN_POINT('',(7.135141318351,-35.50807430969));
#10286 = CARTESIAN_POINT('',(6.935615311176,-36.35885531524));
#10287 = CARTESIAN_POINT('',(6.707794378428,-37.21688101307));
#10288 = CARTESIAN_POINT('',(6.464909369945,-38.0372922292));
#10289 = CARTESIAN_POINT('',(6.203206399825,-38.84107076188));
#10290 = CARTESIAN_POINT('',(5.923947179717,-39.6275936532));
#10291 = CARTESIAN_POINT('',(5.619501004183,-40.41661818615));
#10292 = CARTESIAN_POINT('',(5.306544142483,-41.16728876768));
#10293 = CARTESIAN_POINT('',(4.979140272547,-41.89948641006));
#10294 = CARTESIAN_POINT('',(4.63807942645,-42.61318297683));
#10295 = CARTESIAN_POINT('',(4.273767083749,-43.32677434212));
#10296 = CARTESIAN_POINT('',(3.905418001963,-44.00384327507));
#10297 = CARTESIAN_POINT('',(3.524822041583,-44.66317864308));
#10298 = CARTESIAN_POINT('',(3.132256327976,-45.30524082056));
#10299 = CARTESIAN_POINT('',(2.715458433768,-45.94795288528));
#10300 = CARTESIAN_POINT('',(2.298029746103,-46.55622072755));
#10301 = CARTESIAN_POINT('',(1.860650924723,-47.15863131228));
#10302 = CARTESIAN_POINT('',(1.435926202974,-47.71612516611));
#10303 = CARTESIAN_POINT('',(0.881781610442,-48.40018315595));
#10304 = CARTESIAN_POINT('',(0.756663572118,-48.53970242161));
#10305 = CARTESIAN_POINT('',(0.45350885127,-48.89572328698));
#10306 = ( GEOMETRIC_REPRESENTATION_CONTEXT(2) 
PARAMETRIC_REPRESENTATION_CONTEXT() REPRESENTATION_CONTEXT('2D SPACE',''
  ) );
#10307 = ADVANCED_FACE('',(#10308),#10322,.T.);
#10308 = FACE_BOUND('',#10309,.F.);
#10309 = EDGE_LOOP('',(#10310,#10441,#10465,#10493));
#10310 = ORIENTED_EDGE('',*,*,#10311,.T.);
#10311 = EDGE_CURVE('',#10312,#10314,#10316,.T.);
#10312 = VERTEX_POINT('',#10313);
#10313 = CARTESIAN_POINT('',(7.075396704594,-10.54650470405,0.));
#10314 = VERTEX_POINT('',#10315);
#10315 = CARTESIAN_POINT('',(7.075396704594,-10.54650470405,22.4));
#10316 = SURFACE_CURVE('',#10317,(#10321,#10333),.PCURVE_S1.);
#10317 = LINE('',#10318,#10319);
#10318 = CARTESIAN_POINT('',(7.075396704594,-10.54650470405,0.));
#10319 = VECTOR('',#10320,1.);
#10320 = DIRECTION('',(0.,0.,1.));
#10321 = PCURVE('',#10322,#10327);
#10322 = CYLINDRICAL_SURFACE('',#10323,12.7);
#10323 = AXIS2_PLACEMENT_3D('',#10324,#10325,#10326);
#10324 = CARTESIAN_POINT('',(0.,0.,0.));
#10325 = DIRECTION('',(-0.,-0.,-1.));
#10326 = DIRECTION('',(1.,0.,-0.));
#10327 = DEFINITIONAL_REPRESENTATION('',(#10328),#10332);
#10328 = LINE('',#10329,#10330);
#10329 = CARTESIAN_POINT('',(-5.303300066914,0.));
#10330 = VECTOR('',#10331,1.);
#10331 = DIRECTION('',(-0.,-1.));
#10332 = ( GEOMETRIC_REPRESENTATION_CONTEXT(2) 
PARAMETRIC_REPRESENTATION_CONTEXT() REPRESENTATION_CONTEXT('2D SPACE',''
  ) );
#10333 = PCURVE('',#10334,#10435);
#10334 = B_SPLINE_SURFACE_WITH_KNOTS('',3,1,(
    (#10335,#10336)
    ,(#10337,#10338)
    ,(#10339,#10340)
    ,(#10341,#10342)
    ,(#10343,#10344)
    ,(#10345,#10346)
    ,(#10347,#10348)
    ,(#10349,#10350)
    ,(#10351,#10352)
    ,(#10353,#10354)
    ,(#10355,#10356)
    ,(#10357,#10358)
    ,(#10359,#10360)
    ,(#10361,#10362)
    ,(#10363,#10364)
    ,(#10365,#10366)
    ,(#10367,#10368)
    ,(#10369,#10370)
    ,(#10371,#10372)
    ,(#10373,#10374)
    ,(#10375,#10376)
    ,(#10377,#10378)
    ,(#10379,#10380)
    ,(#10381,#10382)
    ,(#10383,#10384)
    ,(#10385,#10386)
    ,(#10387,#10388)
    ,(#10389,#10390)
    ,(#10391,#10392)
    ,(#10393,#10394)
    ,(#10395,#10396)
    ,(#10397,#10398)
    ,(#10399,#10400)
    ,(#10401,#10402)
    ,(#10403,#10404)
    ,(#10405,#10406)
    ,(#10407,#10408)
    ,(#10409,#10410)
    ,(#10411,#10412)
    ,(#10413,#10414)
    ,(#10415,#10416)
    ,(#10417,#10418)
    ,(#10419,#10420)
    ,(#10421,#10422)
    ,(#10423,#10424)
    ,(#10425,#10426)
    ,(#10427,#10428)
    ,(#10429,#10430)
    ,(#10431,#10432)
    ,(#10433,#10434
    )),.UNSPECIFIED.,.F.,.F.,.F.,(4,1,1,1,1,1,1,1,1,1,1,1,1,1,1,1,1,1,1,
    1,1,1,1,1,1,1,1,1,1,1,1,1,1,1,1,1,1,1,1,1,1,1,1,1,1,1,1,4),(2,2),(0.
    ,0.770020974153,1.626265687068,2.501235809007,3.323017628822,
    4.226168942917,5.140567564886,6.064285262741,6.923787879437,
    7.860959618837,8.803220404646,9.749496837408,10.625745778606,
    11.577210076157,12.530237508485,13.484135816053,14.364871812505,
    15.318618169461,16.271356512646,17.222443906393,18.098342389538,
    19.044380308015,19.986772779966,20.924790631856,21.786128506054,
    22.713614611572,23.634502775488,24.548028034391,25.38410411673,
    26.281393184443,27.169232325991,28.047009844699,28.847877333261,
    29.704892084705,30.550578145199,31.384742808357,32.14448317376,
    32.956538608657,33.75747556067,34.547827237765,35.268649993444,
    36.041021221912,36.805779378973,37.564485879874,38.261073281275,
    39.01367744831,39.766626217161,40.522198623296),(-22.4,0.),
  .UNSPECIFIED.);
#10335 = CARTESIAN_POINT('',(6.472763354746,-10.41121592903,22.4));
#10336 = CARTESIAN_POINT('',(6.472763354746,-10.41121592903,0.));
#10337 = CARTESIAN_POINT('',(6.72299684186,-10.46793787381,22.4));
#10338 = CARTESIAN_POINT('',(6.72299684186,-10.46793787381,0.));
#10339 = CARTESIAN_POINT('',(7.253448274928,-10.58091422539,22.4));
#10340 = CARTESIAN_POINT('',(7.253448274928,-10.58091422539,0.));
#10341 = CARTESIAN_POINT('',(8.058379262551,-10.79939295284,22.4));
#10342 = CARTESIAN_POINT('',(8.058379262551,-10.79939295284,0.));
#10343 = CARTESIAN_POINT('',(8.871415413983,-11.05133841661,22.4));
#10344 = CARTESIAN_POINT('',(8.871415413983,-11.05133841661,0.));
#10345 = CARTESIAN_POINT('',(9.688384002235,-11.34117635488,22.4));
#10346 = CARTESIAN_POINT('',(9.688384002235,-11.34117635488,0.));
#10347 = CARTESIAN_POINT('',(10.50557020188,-11.66774740335,22.4));
#10348 = CARTESIAN_POINT('',(10.50557020188,-11.66774740335,0.));
#10349 = CARTESIAN_POINT('',(11.339458145751,-12.04200466659,22.4));
#10350 = CARTESIAN_POINT('',(11.339458145751,-12.04200466659,0.));
#10351 = CARTESIAN_POINT('',(12.143918518925,-12.44437345936,22.4));
#10352 = CARTESIAN_POINT('',(12.143918518925,-12.44437345936,0.));
#10353 = CARTESIAN_POINT('',(12.937992428077,-12.88270486699,22.4));
#10354 = CARTESIAN_POINT('',(12.937992428077,-12.88270486699,0.));
#10355 = CARTESIAN_POINT('',(13.71887117599,-13.35627463112,22.4));
#10356 = CARTESIAN_POINT('',(13.71887117599,-13.35627463112,0.));
#10357 = CARTESIAN_POINT('',(14.50300879911,-13.87861408935,22.4));
#10358 = CARTESIAN_POINT('',(14.50300879911,-13.87861408935,0.));
#10359 = CARTESIAN_POINT('',(15.247867976975,-14.42179109487,22.4));
#10360 = CARTESIAN_POINT('',(15.247867976975,-14.42179109487,0.));
#10361 = CARTESIAN_POINT('',(15.972390954561,-14.99667169385,22.4));
#10362 = CARTESIAN_POINT('',(15.972390954561,-14.99667169385,0.));
#10363 = CARTESIAN_POINT('',(16.674823770299,-15.60187350942,22.4));
#10364 = CARTESIAN_POINT('',(16.674823770299,-15.60187350942,0.));
#10365 = CARTESIAN_POINT('',(17.370313974662,-16.25351011899,22.4));
#10366 = CARTESIAN_POINT('',(17.370313974662,-16.25351011899,0.));
#10367 = CARTESIAN_POINT('',(18.021847460699,-16.916417202,22.4));
#10368 = CARTESIAN_POINT('',(18.021847460699,-16.916417202,0.));
#10369 = CARTESIAN_POINT('',(18.647129196565,-17.60438934693,22.4));
#10370 = CARTESIAN_POINT('',(18.647129196565,-17.60438934693,0.));
#10371 = CARTESIAN_POINT('',(19.245277898701,-18.31562551323,22.4));
#10372 = CARTESIAN_POINT('',(19.245277898701,-18.31562551323,0.));
#10373 = CARTESIAN_POINT('',(19.829430832797,-19.06830055842,22.4));
#10374 = CARTESIAN_POINT('',(19.829430832797,-19.06830055842,0.));
#10375 = CARTESIAN_POINT('',(20.369113666013,-19.82176202886,22.4));
#10376 = CARTESIAN_POINT('',(20.369113666013,-19.82176202886,0.));
#10377 = CARTESIAN_POINT('',(20.879964125993,-20.59232251579,22.4));
#10378 = CARTESIAN_POINT('',(20.879964125993,-20.59232251579,0.));
#10379 = CARTESIAN_POINT('',(21.361781465698,-21.37800024257,22.4));
#10380 = CARTESIAN_POINT('',(21.361781465698,-21.37800024257,0.));
#10381 = CARTESIAN_POINT('',(21.825330704782,-22.19844772859,22.4));
#10382 = CARTESIAN_POINT('',(21.825330704782,-22.19844772859,0.));
#10383 = CARTESIAN_POINT('',(22.24695095124,-23.00950557669,22.4));
#10384 = CARTESIAN_POINT('',(22.24695095124,-23.00950557669,0.));
#10385 = CARTESIAN_POINT('',(22.639695759835,-23.82937899693,22.4));
#10386 = CARTESIAN_POINT('',(22.639695759835,-23.82937899693,0.));
#10387 = CARTESIAN_POINT('',(23.003854665844,-24.65613301199,22.4));
#10388 = CARTESIAN_POINT('',(23.003854665844,-24.65613301199,0.));
#10389 = CARTESIAN_POINT('',(23.347681302711,-25.51031766709,22.4));
#10390 = CARTESIAN_POINT('',(23.347681302711,-25.51031766709,0.));
#10391 = CARTESIAN_POINT('',(23.654063969115,-26.34624701532,22.4));
#10392 = CARTESIAN_POINT('',(23.654063969115,-26.34624701532,0.));
#10393 = CARTESIAN_POINT('',(23.933250796132,-27.18332373248,22.4));
#10394 = CARTESIAN_POINT('',(23.933250796132,-27.18332373248,0.));
#10395 = CARTESIAN_POINT('',(24.185846707977,-28.01988469993,22.4));
#10396 = CARTESIAN_POINT('',(24.185846707977,-28.01988469993,0.));
#10397 = CARTESIAN_POINT('',(24.417560841616,-28.87686721772,22.4));
#10398 = CARTESIAN_POINT('',(24.417560841616,-28.87686721772,0.));
#10399 = CARTESIAN_POINT('',(24.617421862138,-29.70880667669,22.4));
#10400 = CARTESIAN_POINT('',(24.617421862138,-29.70880667669,0.));
#10401 = CARTESIAN_POINT('',(24.792669708108,-30.53575079006,22.4));
#10402 = CARTESIAN_POINT('',(24.792669708108,-30.53575079006,0.));
#10403 = CARTESIAN_POINT('',(24.944085574916,-31.35652920466,22.4));
#10404 = CARTESIAN_POINT('',(24.944085574916,-31.35652920466,0.));
#10405 = CARTESIAN_POINT('',(25.074939719293,-32.19206758217,22.4));
#10406 = CARTESIAN_POINT('',(25.074939719293,-32.19206758217,0.));
#10407 = CARTESIAN_POINT('',(25.179246417538,-32.9986458065,22.4));
#10408 = CARTESIAN_POINT('',(25.179246417538,-32.9986458065,0.));
#10409 = CARTESIAN_POINT('',(25.261805170062,-33.79644950036,22.4));
#10410 = CARTESIAN_POINT('',(25.261805170062,-33.79644950036,0.));
#10411 = CARTESIAN_POINT('',(25.323286096493,-34.58505928082,22.4));
#10412 = CARTESIAN_POINT('',(25.323286096493,-34.58505928082,0.));
#10413 = CARTESIAN_POINT('',(25.364578035447,-35.38520370244,22.4));
#10414 = CARTESIAN_POINT('',(25.364578035447,-35.38520370244,0.));
#10415 = CARTESIAN_POINT('',(25.384112839637,-36.15573713938,22.4));
#10416 = CARTESIAN_POINT('',(25.384112839637,-36.15573713938,0.));
#10417 = CARTESIAN_POINT('',(25.384174753375,-36.91703629788,22.4));
#10418 = CARTESIAN_POINT('',(25.384174753375,-36.91703629788,0.));
#10419 = CARTESIAN_POINT('',(25.365233961474,-37.66936131119,22.4));
#10420 = CARTESIAN_POINT('',(25.365233961474,-37.66936131119,0.));
#10421 = CARTESIAN_POINT('',(25.325632429205,-38.43436523366,22.4));
#10422 = CARTESIAN_POINT('',(25.325632429205,-38.43436523366,0.));
#10423 = CARTESIAN_POINT('',(25.268262502557,-39.1698549812,22.4));
#10424 = CARTESIAN_POINT('',(25.268262502557,-39.1698549812,0.));
#10425 = CARTESIAN_POINT('',(25.19068662453,-39.91024726178,22.4));
#10426 = CARTESIAN_POINT('',(25.19068662453,-39.91024726178,0.));
#10427 = CARTESIAN_POINT('',(25.101611152792,-40.60541346252,22.4));
#10428 = CARTESIAN_POINT('',(25.101611152792,-40.60541346252,0.));
#10429 = CARTESIAN_POINT('',(24.96373685321,-41.47489735565,22.4));
#10430 = CARTESIAN_POINT('',(24.96373685321,-41.47489735565,0.));
#10431 = CARTESIAN_POINT('',(24.92514108638,-41.65828360319,22.4));
#10432 = CARTESIAN_POINT('',(24.92514108638,-41.65828360319,0.));
#10433 = CARTESIAN_POINT('',(24.840611829535,-42.11818407731,22.4));
#10434 = CARTESIAN_POINT('',(24.840611829535,-42.11818407731,0.));
#10435 = DEFINITIONAL_REPRESENTATION('',(#10436),#10440);
#10436 = LINE('',#10437,#10438);
#10437 = CARTESIAN_POINT('',(0.617636313455,0.));
#10438 = VECTOR('',#10439,1.);
#10439 = DIRECTION('',(0.,-1.));
#10440 = ( GEOMETRIC_REPRESENTATION_CONTEXT(2) 
PARAMETRIC_REPRESENTATION_CONTEXT() REPRESENTATION_CONTEXT('2D SPACE',''
  ) );
#10441 = ORIENTED_EDGE('',*,*,#10442,.T.);
#10442 = EDGE_CURVE('',#10314,#10443,#10445,.T.);
#10443 = VERTEX_POINT('',#10444);
#10444 = CARTESIAN_POINT('',(10.793082061057,-6.693233868862,22.4));
#10445 = SURFACE_CURVE('',#10446,(#10451,#10458),.PCURVE_S1.);
#10446 = CIRCLE('',#10447,12.7);
#10447 = AXIS2_PLACEMENT_3D('',#10448,#10449,#10450);
#10448 = CARTESIAN_POINT('',(0.,0.,22.4));
#10449 = DIRECTION('',(0.,0.,1.));
#10450 = DIRECTION('',(1.,0.,-0.));
#10451 = PCURVE('',#10322,#10452);
#10452 = DEFINITIONAL_REPRESENTATION('',(#10453),#10457);
#10453 = LINE('',#10454,#10455);
#10454 = CARTESIAN_POINT('',(-0.,-22.4));
#10455 = VECTOR('',#10456,1.);
#10456 = DIRECTION('',(-1.,0.));
#10457 = ( GEOMETRIC_REPRESENTATION_CONTEXT(2) 
PARAMETRIC_REPRESENTATION_CONTEXT() REPRESENTATION_CONTEXT('2D SPACE',''
  ) );
#10458 = PCURVE('',#169,#10459);
#10459 = DEFINITIONAL_REPRESENTATION('',(#10460),#10464);
#10460 = CIRCLE('',#10461,12.7);
#10461 = AXIS2_PLACEMENT_2D('',#10462,#10463);
#10462 = CARTESIAN_POINT('',(0.,-1.204325410458E-15));
#10463 = DIRECTION('',(1.,0.));
#10464 = ( GEOMETRIC_REPRESENTATION_CONTEXT(2) 
PARAMETRIC_REPRESENTATION_CONTEXT() REPRESENTATION_CONTEXT('2D SPACE',''
  ) );
#10465 = ORIENTED_EDGE('',*,*,#10466,.F.);
#10466 = EDGE_CURVE('',#10467,#10443,#10469,.T.);
#10467 = VERTEX_POINT('',#10468);
#10468 = CARTESIAN_POINT('',(10.793082061057,-6.693233868862,0.));
#10469 = SURFACE_CURVE('',#10470,(#10474,#10481),.PCURVE_S1.);
#10470 = LINE('',#10471,#10472);
#10471 = CARTESIAN_POINT('',(10.793082061057,-6.693233868862,0.));
#10472 = VECTOR('',#10473,1.);
#10473 = DIRECTION('',(0.,0.,1.));
#10474 = PCURVE('',#10322,#10475);
#10475 = DEFINITIONAL_REPRESENTATION('',(#10476),#10480);
#10476 = LINE('',#10477,#10478);
#10477 = CARTESIAN_POINT('',(-5.728087659041,0.));
#10478 = VECTOR('',#10479,1.);
#10479 = DIRECTION('',(-0.,-1.));
#10480 = ( GEOMETRIC_REPRESENTATION_CONTEXT(2) 
PARAMETRIC_REPRESENTATION_CONTEXT() REPRESENTATION_CONTEXT('2D SPACE',''
  ) );
#10481 = PCURVE('',#10482,#10487);
#10482 = PLANE('',#10483);
#10483 = AXIS2_PLACEMENT_3D('',#10484,#10485,#10486);
#10484 = CARTESIAN_POINT('',(11.185859793711,-6.920004198541,0.));
#10485 = DIRECTION('',(-0.5,-0.866025403784,0.));
#10486 = DIRECTION('',(-0.866025403784,0.5,0.));
#10487 = DEFINITIONAL_REPRESENTATION('',(#10488),#10492);
#10488 = LINE('',#10489,#10490);
#10489 = CARTESIAN_POINT('',(0.453540659359,0.));
#10490 = VECTOR('',#10491,1.);
#10491 = DIRECTION('',(0.,-1.));
#10492 = ( GEOMETRIC_REPRESENTATION_CONTEXT(2) 
PARAMETRIC_REPRESENTATION_CONTEXT() REPRESENTATION_CONTEXT('2D SPACE',''
  ) );
#10493 = ORIENTED_EDGE('',*,*,#10494,.F.);
#10494 = EDGE_CURVE('',#10312,#10467,#10495,.T.);
#10495 = SURFACE_CURVE('',#10496,(#10501,#10508),.PCURVE_S1.);
#10496 = CIRCLE('',#10497,12.7);
#10497 = AXIS2_PLACEMENT_3D('',#10498,#10499,#10500);
#10498 = CARTESIAN_POINT('',(0.,0.,0.));
#10499 = DIRECTION('',(0.,0.,1.));
#10500 = DIRECTION('',(1.,0.,-0.));
#10501 = PCURVE('',#10322,#10502);
#10502 = DEFINITIONAL_REPRESENTATION('',(#10503),#10507);
#10503 = LINE('',#10504,#10505);
#10504 = CARTESIAN_POINT('',(-0.,0.));
#10505 = VECTOR('',#10506,1.);
#10506 = DIRECTION('',(-1.,0.));
#10507 = ( GEOMETRIC_REPRESENTATION_CONTEXT(2) 
PARAMETRIC_REPRESENTATION_CONTEXT() REPRESENTATION_CONTEXT('2D SPACE',''
  ) );
#10508 = PCURVE('',#224,#10509);
#10509 = DEFINITIONAL_REPRESENTATION('',(#10510),#10514);
#10510 = CIRCLE('',#10511,12.7);
#10511 = AXIS2_PLACEMENT_2D('',#10512,#10513);
#10512 = CARTESIAN_POINT('',(0.,-1.204325410458E-15));
#10513 = DIRECTION('',(1.,0.));
#10514 = ( GEOMETRIC_REPRESENTATION_CONTEXT(2) 
PARAMETRIC_REPRESENTATION_CONTEXT() REPRESENTATION_CONTEXT('2D SPACE',''
  ) );
#10515 = ADVANCED_FACE('',(#10516),#10482,.T.);
#10516 = FACE_BOUND('',#10517,.T.);
#10517 = EDGE_LOOP('',(#10518,#10644,#10665,#10666));
#10518 = ORIENTED_EDGE('',*,*,#10519,.T.);
#10519 = EDGE_CURVE('',#10520,#10522,#10524,.T.);
#10520 = VERTEX_POINT('',#10521);
#10521 = CARTESIAN_POINT('',(11.185859793711,-6.920004198541,0.));
#10522 = VERTEX_POINT('',#10523);
#10523 = CARTESIAN_POINT('',(11.185859793711,-6.920004198541,22.4));
#10524 = SURFACE_CURVE('',#10525,(#10529,#10536),.PCURVE_S1.);
#10525 = LINE('',#10526,#10527);
#10526 = CARTESIAN_POINT('',(11.185859793711,-6.920004198541,0.));
#10527 = VECTOR('',#10528,1.);
#10528 = DIRECTION('',(0.,0.,1.));
#10529 = PCURVE('',#10482,#10530);
#10530 = DEFINITIONAL_REPRESENTATION('',(#10531),#10535);
#10531 = LINE('',#10532,#10533);
#10532 = CARTESIAN_POINT('',(0.,0.));
#10533 = VECTOR('',#10534,1.);
#10534 = DIRECTION('',(0.,-1.));
#10535 = ( GEOMETRIC_REPRESENTATION_CONTEXT(2) 
PARAMETRIC_REPRESENTATION_CONTEXT() REPRESENTATION_CONTEXT('2D SPACE',''
  ) );
#10536 = PCURVE('',#10537,#10638);
#10537 = B_SPLINE_SURFACE_WITH_KNOTS('',3,1,(
    (#10538,#10539)
    ,(#10540,#10541)
    ,(#10542,#10543)
    ,(#10544,#10545)
    ,(#10546,#10547)
    ,(#10548,#10549)
    ,(#10550,#10551)
    ,(#10552,#10553)
    ,(#10554,#10555)
    ,(#10556,#10557)
    ,(#10558,#10559)
    ,(#10560,#10561)
    ,(#10562,#10563)
    ,(#10564,#10565)
    ,(#10566,#10567)
    ,(#10568,#10569)
    ,(#10570,#10571)
    ,(#10572,#10573)
    ,(#10574,#10575)
    ,(#10576,#10577)
    ,(#10578,#10579)
    ,(#10580,#10581)
    ,(#10582,#10583)
    ,(#10584,#10585)
    ,(#10586,#10587)
    ,(#10588,#10589)
    ,(#10590,#10591)
    ,(#10592,#10593)
    ,(#10594,#10595)
    ,(#10596,#10597)
    ,(#10598,#10599)
    ,(#10600,#10601)
    ,(#10602,#10603)
    ,(#10604,#10605)
    ,(#10606,#10607)
    ,(#10608,#10609)
    ,(#10610,#10611)
    ,(#10612,#10613)
    ,(#10614,#10615)
    ,(#10616,#10617)
    ,(#10618,#10619)
    ,(#10620,#10621)
    ,(#10622,#10623)
    ,(#10624,#10625)
    ,(#10626,#10627)
    ,(#10628,#10629)
    ,(#10630,#10631)
    ,(#10632,#10633)
    ,(#10634,#10635)
    ,(#10636,#10637
    )),.UNSPECIFIED.,.F.,.F.,.F.,(4,1,1,1,1,1,1,1,1,1,1,1,1,1,1,1,1,1,1,
    1,1,1,1,1,1,1,1,1,1,1,1,1,1,1,1,1,1,1,1,1,1,1,1,1,1,1,1,4),(2,2),(0.
    ,0.72551896577,1.446812427957,2.167545581006,2.834652630785,
    3.561455250387,4.294404186133,5.035083262141,5.726745513771,
    6.485571675342,7.25499120568,8.035460380499,8.765906861733,
    9.568099084978,10.381469893138,11.205727652658,11.975881503332,
    12.819782078992,13.673026185696,14.534915364628,15.33753390218,
    16.21390469293,17.096636274619,17.984915961911,18.809100000342,
    19.705802922083,20.60576324729,21.508256924785,22.342991216384,
    23.248469118661,24.154594114226,25.060793204637,25.896884345071,
    26.801694858737,27.704993846459,28.606214463702,29.435742647904,
    30.331166080504,31.222462333173,32.108696907138,32.921319115104,
    33.794515353684,34.658772776489,35.512251077876,36.288651119977,
    37.115000087988,37.923185154055,38.651120081248),(-22.4,0.),
  .UNSPECIFIED.);
#10538 = CARTESIAN_POINT('',(41.43277123851,-24.44488854254,22.4));
#10539 = CARTESIAN_POINT('',(41.43277123851,-24.44488854254,0.));
#10540 = CARTESIAN_POINT('',(41.351675501489,-24.21673799829,22.4));
#10541 = CARTESIAN_POINT('',(41.351675501489,-24.21673799829,0.));
#10542 = CARTESIAN_POINT('',(41.194641817226,-23.76114530939,22.4));
#10543 = CARTESIAN_POINT('',(41.194641817226,-23.76114530939,0.));
#10544 = CARTESIAN_POINT('',(40.933150817641,-23.08727288439,22.4));
#10545 = CARTESIAN_POINT('',(40.933150817641,-23.08727288439,0.));
#10546 = CARTESIAN_POINT('',(40.663640777632,-22.43792554621,22.4));
#10547 = CARTESIAN_POINT('',(40.663640777632,-22.43792554621,0.));
#10548 = CARTESIAN_POINT('',(40.376309474887,-21.79416723133,22.4));
#10549 = CARTESIAN_POINT('',(40.376309474887,-21.79416723133,0.));
#10550 = CARTESIAN_POINT('',(40.071014586017,-21.15423005099,22.4));
#10551 = CARTESIAN_POINT('',(40.071014586017,-21.15423005099,0.));
#10552 = CARTESIAN_POINT('',(39.737676540828,-20.50077638545,22.4));
#10553 = CARTESIAN_POINT('',(39.737676540828,-20.50077638545,0.));
#10554 = CARTESIAN_POINT('',(39.392802752718,-19.86664196457,22.4));
#10555 = CARTESIAN_POINT('',(39.392802752718,-19.86664196457,0.));
#10556 = CARTESIAN_POINT('',(39.02769381245,-19.23397661604,22.4));
#10557 = CARTESIAN_POINT('',(39.02769381245,-19.23397661604,0.));
#10558 = CARTESIAN_POINT('',(38.641721885509,-18.60254320546,22.4));
#10559 = CARTESIAN_POINT('',(38.641721885509,-18.60254320546,0.));
#10560 = CARTESIAN_POINT('',(38.223233960931,-17.95659989865,22.4));
#10561 = CARTESIAN_POINT('',(38.223233960931,-17.95659989865,0.));
#10562 = CARTESIAN_POINT('',(37.793290495209,-17.3296597339,22.4));
#10563 = CARTESIAN_POINT('',(37.793290495209,-17.3296597339,0.));
#10564 = CARTESIAN_POINT('',(37.341222290957,-16.70496392585,22.4));
#10565 = CARTESIAN_POINT('',(37.341222290957,-16.70496392585,0.));
#10566 = CARTESIAN_POINT('',(36.866713275563,-16.08325878877,22.4));
#10567 = CARTESIAN_POINT('',(36.866713275563,-16.08325878877,0.));
#10568 = CARTESIAN_POINT('',(36.356117257554,-15.45012098288,22.4));
#10569 = CARTESIAN_POINT('',(36.356117257554,-15.45012098288,0.));
#10570 = CARTESIAN_POINT('',(35.835495055919,-14.83916025586,22.4));
#10571 = CARTESIAN_POINT('',(35.835495055919,-14.83916025586,0.));
#10572 = CARTESIAN_POINT('',(35.292115146461,-14.23461633463,22.4));
#10573 = CARTESIAN_POINT('',(35.292115146461,-14.23461633463,0.));
#10574 = CARTESIAN_POINT('',(34.726049355503,-13.63783376408,22.4));
#10575 = CARTESIAN_POINT('',(34.726049355503,-13.63783376408,0.));
#10576 = CARTESIAN_POINT('',(34.121404050012,-13.03597536895,22.4));
#10577 = CARTESIAN_POINT('',(34.121404050012,-13.03597536895,0.));
#10578 = CARTESIAN_POINT('',(33.50952103009,-12.46139000206,22.4));
#10579 = CARTESIAN_POINT('',(33.50952103009,-12.46139000206,0.));
#10580 = CARTESIAN_POINT('',(32.875647190797,-11.89949625629,22.4));
#10581 = CARTESIAN_POINT('',(32.875647190797,-11.89949625629,0.));
#10582 = CARTESIAN_POINT('',(32.220181789974,-11.35199354807,22.4));
#10583 = CARTESIAN_POINT('',(32.220181789974,-11.35199354807,0.));
#10584 = CARTESIAN_POINT('',(31.525385244805,-10.80770093256,22.4));
#10585 = CARTESIAN_POINT('',(31.525385244805,-10.80770093256,0.));
#10586 = CARTESIAN_POINT('',(30.827439308668,-10.29634907035,22.4));
#10587 = CARTESIAN_POINT('',(30.827439308668,-10.29634907035,0.));
#10588 = CARTESIAN_POINT('',(30.109747569794,-9.804851910469,22.4));
#10589 = CARTESIAN_POINT('',(30.109747569794,-9.804851910469,0.));
#10590 = CARTESIAN_POINT('',(29.373072288346,-9.334936033061,22.4));
#10591 = CARTESIAN_POINT('',(29.373072288346,-9.334936033061,0.));
#10592 = CARTESIAN_POINT('',(28.597961526315,-8.877736159194,22.4));
#10593 = CARTESIAN_POINT('',(28.597961526315,-8.877736159194,0.));
#10594 = CARTESIAN_POINT('',(27.825120036683,-8.458434931152,22.4));
#10595 = CARTESIAN_POINT('',(27.825120036683,-8.458434931152,0.));
#10596 = CARTESIAN_POINT('',(27.036330799426,-8.065885752456,22.4));
#10597 = CARTESIAN_POINT('',(27.036330799426,-8.065885752456,0.));
#10598 = CARTESIAN_POINT('',(26.232729840065,-7.701565386865,22.4));
#10599 = CARTESIAN_POINT('',(26.232729840065,-7.701565386865,0.));
#10600 = CARTESIAN_POINT('',(25.393656123853,-7.359394552073,22.4));
#10601 = CARTESIAN_POINT('',(25.393656123853,-7.359394552073,0.));
#10602 = CARTESIAN_POINT('',(24.563536269898,-7.05829302633,22.4));
#10603 = CARTESIAN_POINT('',(24.563536269898,-7.05829302633,0.));
#10604 = CARTESIAN_POINT('',(23.722908126298,-6.789473128783,22.4));
#10605 = CARTESIAN_POINT('',(23.722908126298,-6.789473128783,0.));
#10606 = CARTESIAN_POINT('',(22.87330718813,-6.553918132854,22.4));
#10607 = CARTESIAN_POINT('',(22.87330718813,-6.553918132854,0.));
#10608 = CARTESIAN_POINT('',(21.993578542003,-6.348617583179,22.4));
#10609 = CARTESIAN_POINT('',(21.993578542003,-6.348617583179,0.));
#10610 = CARTESIAN_POINT('',(21.130708264884,-6.184829517245,22.4));
#10611 = CARTESIAN_POINT('',(21.130708264884,-6.184829517245,0.));
#10612 = CARTESIAN_POINT('',(20.264565088294,-6.056451553258,22.4));
#10613 = CARTESIAN_POINT('',(20.264565088294,-6.056451553258,0.));
#10614 = CARTESIAN_POINT('',(19.397157981669,-5.963735802842,22.4));
#10615 = CARTESIAN_POINT('',(19.397157981669,-5.963735802842,0.));
#10616 = CARTESIAN_POINT('',(18.507732124473,-5.906702294594,22.4));
#10617 = CARTESIAN_POINT('',(18.507732124473,-5.906702294594,0.));
#10618 = CARTESIAN_POINT('',(17.644292213018,-5.8880828143,22.4));
#10619 = CARTESIAN_POINT('',(17.644292213018,-5.8880828143,0.));
#10620 = CARTESIAN_POINT('',(16.786859379368,-5.904570580612,22.4));
#10621 = CARTESIAN_POINT('',(16.786859379368,-5.904570580612,0.));
#10622 = CARTESIAN_POINT('',(15.938210632017,-5.955362642131,22.4));
#10623 = CARTESIAN_POINT('',(15.938210632017,-5.955362642131,0.));
#10624 = CARTESIAN_POINT('',(15.078366120564,-6.043226844491,22.4));
#10625 = CARTESIAN_POINT('',(15.078366120564,-6.043226844491,0.));
#10626 = CARTESIAN_POINT('',(14.256771587356,-6.161621492441,22.4));
#10627 = CARTESIAN_POINT('',(14.256771587356,-6.161621492441,0.));
#10628 = CARTESIAN_POINT('',(13.44630753464,-6.311986744438,22.4));
#10629 = CARTESIAN_POINT('',(13.44630753464,-6.311986744438,0.));
#10630 = CARTESIAN_POINT('',(12.682231332966,-6.483686308152,22.4));
#10631 = CARTESIAN_POINT('',(12.682231332966,-6.483686308152,0.));
#10632 = CARTESIAN_POINT('',(11.849664230714,-6.707112113891,22.4));
#10633 = CARTESIAN_POINT('',(11.849664230714,-6.707112113891,0.));
#10634 = CARTESIAN_POINT('',(11.524144319743,-6.815090118851,22.4));
#10635 = CARTESIAN_POINT('',(11.524144319743,-6.815090118851,0.));
#10636 = CARTESIAN_POINT('',(11.185859793711,-6.920004198541,22.4));
#10637 = CARTESIAN_POINT('',(11.185859793711,-6.920004198541,0.));
#10638 = DEFINITIONAL_REPRESENTATION('',(#10639),#10643);
#10639 = LINE('',#10640,#10641);
#10640 = CARTESIAN_POINT('',(38.651120081248,0.));
#10641 = VECTOR('',#10642,1.);
#10642 = DIRECTION('',(0.,-1.));
#10643 = ( GEOMETRIC_REPRESENTATION_CONTEXT(2) 
PARAMETRIC_REPRESENTATION_CONTEXT() REPRESENTATION_CONTEXT('2D SPACE',''
  ) );
#10644 = ORIENTED_EDGE('',*,*,#10645,.T.);
#10645 = EDGE_CURVE('',#10522,#10443,#10646,.T.);
#10646 = SURFACE_CURVE('',#10647,(#10651,#10658),.PCURVE_S1.);
#10647 = LINE('',#10648,#10649);
#10648 = CARTESIAN_POINT('',(11.185859793711,-6.920004198541,22.4));
#10649 = VECTOR('',#10650,1.);
#10650 = DIRECTION('',(-0.866025403784,0.5,0.));
#10651 = PCURVE('',#10482,#10652);
#10652 = DEFINITIONAL_REPRESENTATION('',(#10653),#10657);
#10653 = LINE('',#10654,#10655);
#10654 = CARTESIAN_POINT('',(0.,-22.4));
#10655 = VECTOR('',#10656,1.);
#10656 = DIRECTION('',(1.,0.));
#10657 = ( GEOMETRIC_REPRESENTATION_CONTEXT(2) 
PARAMETRIC_REPRESENTATION_CONTEXT() REPRESENTATION_CONTEXT('2D SPACE',''
  ) );
#10658 = PCURVE('',#169,#10659);
#10659 = DEFINITIONAL_REPRESENTATION('',(#10660),#10664);
#10660 = LINE('',#10661,#10662);
#10661 = CARTESIAN_POINT('',(11.185859793711,-6.920004198541));
#10662 = VECTOR('',#10663,1.);
#10663 = DIRECTION('',(-0.866025403784,0.5));
#10664 = ( GEOMETRIC_REPRESENTATION_CONTEXT(2) 
PARAMETRIC_REPRESENTATION_CONTEXT() REPRESENTATION_CONTEXT('2D SPACE',''
  ) );
#10665 = ORIENTED_EDGE('',*,*,#10466,.F.);
#10666 = ORIENTED_EDGE('',*,*,#10667,.F.);
#10667 = EDGE_CURVE('',#10520,#10467,#10668,.T.);
#10668 = SURFACE_CURVE('',#10669,(#10673,#10680),.PCURVE_S1.);
#10669 = LINE('',#10670,#10671);
#10670 = CARTESIAN_POINT('',(11.185859793711,-6.920004198541,0.));
#10671 = VECTOR('',#10672,1.);
#10672 = DIRECTION('',(-0.866025403784,0.5,0.));
#10673 = PCURVE('',#10482,#10674);
#10674 = DEFINITIONAL_REPRESENTATION('',(#10675),#10679);
#10675 = LINE('',#10676,#10677);
#10676 = CARTESIAN_POINT('',(0.,0.));
#10677 = VECTOR('',#10678,1.);
#10678 = DIRECTION('',(1.,0.));
#10679 = ( GEOMETRIC_REPRESENTATION_CONTEXT(2) 
PARAMETRIC_REPRESENTATION_CONTEXT() REPRESENTATION_CONTEXT('2D SPACE',''
  ) );
#10680 = PCURVE('',#224,#10681);
#10681 = DEFINITIONAL_REPRESENTATION('',(#10682),#10686);
#10682 = LINE('',#10683,#10684);
#10683 = CARTESIAN_POINT('',(11.185859793711,-6.920004198541));
#10684 = VECTOR('',#10685,1.);
#10685 = DIRECTION('',(-0.866025403784,0.5));
#10686 = ( GEOMETRIC_REPRESENTATION_CONTEXT(2) 
PARAMETRIC_REPRESENTATION_CONTEXT() REPRESENTATION_CONTEXT('2D SPACE',''
  ) );
#10687 = ADVANCED_FACE('',(#10688),#10537,.T.);
#10688 = FACE_BOUND('',#10689,.T.);
#10689 = EDGE_LOOP('',(#10690,#10720,#10835,#10836));
#10690 = ORIENTED_EDGE('',*,*,#10691,.T.);
#10691 = EDGE_CURVE('',#10692,#10694,#10696,.T.);
#10692 = VERTEX_POINT('',#10693);
#10693 = CARTESIAN_POINT('',(41.43277123851,-24.44488854254,0.));
#10694 = VERTEX_POINT('',#10695);
#10695 = CARTESIAN_POINT('',(41.43277123851,-24.44488854254,22.4));
#10696 = SURFACE_CURVE('',#10697,(#10701,#10708),.PCURVE_S1.);
#10697 = LINE('',#10698,#10699);
#10698 = CARTESIAN_POINT('',(41.43277123851,-24.44488854254,0.));
#10699 = VECTOR('',#10700,1.);
#10700 = DIRECTION('',(0.,0.,1.));
#10701 = PCURVE('',#10537,#10702);
#10702 = DEFINITIONAL_REPRESENTATION('',(#10703),#10707);
#10703 = LINE('',#10704,#10705);
#10704 = CARTESIAN_POINT('',(0.,0.));
#10705 = VECTOR('',#10706,1.);
#10706 = DIRECTION('',(0.,-1.));
#10707 = ( GEOMETRIC_REPRESENTATION_CONTEXT(2) 
PARAMETRIC_REPRESENTATION_CONTEXT() REPRESENTATION_CONTEXT('2D SPACE',''
  ) );
#10708 = PCURVE('',#10709,#10714);
#10709 = PLANE('',#10710);
#10710 = AXIS2_PLACEMENT_3D('',#10711,#10712,#10713);
#10711 = CARTESIAN_POINT('',(41.604147828522,-24.92679047656,0.));
#10712 = DIRECTION('',(-0.942193902858,-0.335068126531,0.));
#10713 = DIRECTION('',(-0.335068126531,0.942193902858,0.));
#10714 = DEFINITIONAL_REPRESENTATION('',(#10715),#10719);
#10715 = LINE('',#10716,#10717);
#10716 = CARTESIAN_POINT('',(0.511467896952,0.));
#10717 = VECTOR('',#10718,1.);
#10718 = DIRECTION('',(0.,-1.));
#10719 = ( GEOMETRIC_REPRESENTATION_CONTEXT(2) 
PARAMETRIC_REPRESENTATION_CONTEXT() REPRESENTATION_CONTEXT('2D SPACE',''
  ) );
#10720 = ORIENTED_EDGE('',*,*,#10721,.T.);
#10721 = EDGE_CURVE('',#10694,#10522,#10722,.T.);
#10722 = SURFACE_CURVE('',#10723,(#10774,#10781),.PCURVE_S1.);
#10723 = B_SPLINE_CURVE_WITH_KNOTS('',3,(#10724,#10725,#10726,#10727,
    #10728,#10729,#10730,#10731,#10732,#10733,#10734,#10735,#10736,
    #10737,#10738,#10739,#10740,#10741,#10742,#10743,#10744,#10745,
    #10746,#10747,#10748,#10749,#10750,#10751,#10752,#10753,#10754,
    #10755,#10756,#10757,#10758,#10759,#10760,#10761,#10762,#10763,
    #10764,#10765,#10766,#10767,#10768,#10769,#10770,#10771,#10772,
    #10773),.UNSPECIFIED.,.F.,.F.,(4,1,1,1,1,1,1,1,1,1,1,1,1,1,1,1,1,1,1
    ,1,1,1,1,1,1,1,1,1,1,1,1,1,1,1,1,1,1,1,1,1,1,1,1,1,1,1,1,4),(0.,
    0.72551896577,1.446812427957,2.167545581006,2.834652630785,
    3.561455250387,4.294404186133,5.035083262141,5.726745513771,
    6.485571675342,7.25499120568,8.035460380499,8.765906861733,
    9.568099084978,10.381469893138,11.205727652658,11.975881503332,
    12.819782078992,13.673026185696,14.534915364628,15.33753390218,
    16.21390469293,17.096636274619,17.984915961911,18.809100000342,
    19.705802922083,20.60576324729,21.508256924785,22.342991216384,
    23.248469118661,24.154594114226,25.060793204637,25.896884345071,
    26.801694858737,27.704993846459,28.606214463702,29.435742647904,
    30.331166080504,31.222462333173,32.108696907138,32.921319115104,
    33.794515353684,34.658772776489,35.512251077876,36.288651119977,
    37.115000087988,37.923185154055,38.651120081248),.UNSPECIFIED.);
#10724 = CARTESIAN_POINT('',(41.43277123851,-24.44488854254,22.4));
#10725 = CARTESIAN_POINT('',(41.351675501489,-24.21673799829,22.4));
#10726 = CARTESIAN_POINT('',(41.194641817226,-23.76114530939,22.4));
#10727 = CARTESIAN_POINT('',(40.933150817641,-23.08727288439,22.4));
#10728 = CARTESIAN_POINT('',(40.663640777632,-22.43792554621,22.4));
#10729 = CARTESIAN_POINT('',(40.376309474887,-21.79416723133,22.4));
#10730 = CARTESIAN_POINT('',(40.071014586017,-21.15423005099,22.4));
#10731 = CARTESIAN_POINT('',(39.737676540828,-20.50077638545,22.4));
#10732 = CARTESIAN_POINT('',(39.392802752718,-19.86664196457,22.4));
#10733 = CARTESIAN_POINT('',(39.02769381245,-19.23397661604,22.4));
#10734 = CARTESIAN_POINT('',(38.641721885509,-18.60254320546,22.4));
#10735 = CARTESIAN_POINT('',(38.223233960931,-17.95659989865,22.4));
#10736 = CARTESIAN_POINT('',(37.793290495209,-17.3296597339,22.4));
#10737 = CARTESIAN_POINT('',(37.341222290957,-16.70496392585,22.4));
#10738 = CARTESIAN_POINT('',(36.866713275563,-16.08325878877,22.4));
#10739 = CARTESIAN_POINT('',(36.356117257554,-15.45012098288,22.4));
#10740 = CARTESIAN_POINT('',(35.835495055919,-14.83916025586,22.4));
#10741 = CARTESIAN_POINT('',(35.292115146461,-14.23461633463,22.4));
#10742 = CARTESIAN_POINT('',(34.726049355503,-13.63783376408,22.4));
#10743 = CARTESIAN_POINT('',(34.121404050012,-13.03597536895,22.4));
#10744 = CARTESIAN_POINT('',(33.50952103009,-12.46139000206,22.4));
#10745 = CARTESIAN_POINT('',(32.875647190797,-11.89949625629,22.4));
#10746 = CARTESIAN_POINT('',(32.220181789974,-11.35199354807,22.4));
#10747 = CARTESIAN_POINT('',(31.525385244805,-10.80770093256,22.4));
#10748 = CARTESIAN_POINT('',(30.827439308668,-10.29634907035,22.4));
#10749 = CARTESIAN_POINT('',(30.109747569794,-9.804851910469,22.4));
#10750 = CARTESIAN_POINT('',(29.373072288346,-9.334936033061,22.4));
#10751 = CARTESIAN_POINT('',(28.597961526315,-8.877736159194,22.4));
#10752 = CARTESIAN_POINT('',(27.825120036683,-8.458434931152,22.4));
#10753 = CARTESIAN_POINT('',(27.036330799426,-8.065885752456,22.4));
#10754 = CARTESIAN_POINT('',(26.232729840065,-7.701565386865,22.4));
#10755 = CARTESIAN_POINT('',(25.393656123853,-7.359394552073,22.4));
#10756 = CARTESIAN_POINT('',(24.563536269898,-7.05829302633,22.4));
#10757 = CARTESIAN_POINT('',(23.722908126298,-6.789473128783,22.4));
#10758 = CARTESIAN_POINT('',(22.87330718813,-6.553918132854,22.4));
#10759 = CARTESIAN_POINT('',(21.993578542003,-6.348617583179,22.4));
#10760 = CARTESIAN_POINT('',(21.130708264884,-6.184829517245,22.4));
#10761 = CARTESIAN_POINT('',(20.264565088294,-6.056451553258,22.4));
#10762 = CARTESIAN_POINT('',(19.397157981669,-5.963735802842,22.4));
#10763 = CARTESIAN_POINT('',(18.507732124473,-5.906702294594,22.4));
#10764 = CARTESIAN_POINT('',(17.644292213018,-5.8880828143,22.4));
#10765 = CARTESIAN_POINT('',(16.786859379368,-5.904570580612,22.4));
#10766 = CARTESIAN_POINT('',(15.938210632017,-5.955362642131,22.4));
#10767 = CARTESIAN_POINT('',(15.078366120564,-6.043226844491,22.4));
#10768 = CARTESIAN_POINT('',(14.256771587356,-6.161621492441,22.4));
#10769 = CARTESIAN_POINT('',(13.44630753464,-6.311986744438,22.4));
#10770 = CARTESIAN_POINT('',(12.682231332966,-6.483686308152,22.4));
#10771 = CARTESIAN_POINT('',(11.849664230714,-6.707112113891,22.4));
#10772 = CARTESIAN_POINT('',(11.524144319743,-6.815090118851,22.4));
#10773 = CARTESIAN_POINT('',(11.185859793711,-6.920004198541,22.4));
#10774 = PCURVE('',#10537,#10775);
#10775 = DEFINITIONAL_REPRESENTATION('',(#10776),#10780);
#10776 = LINE('',#10777,#10778);
#10777 = CARTESIAN_POINT('',(0.,-22.4));
#10778 = VECTOR('',#10779,1.);
#10779 = DIRECTION('',(1.,0.));
#10780 = ( GEOMETRIC_REPRESENTATION_CONTEXT(2) 
PARAMETRIC_REPRESENTATION_CONTEXT() REPRESENTATION_CONTEXT('2D SPACE',''
  ) );
#10781 = PCURVE('',#169,#10782);
#10782 = DEFINITIONAL_REPRESENTATION('',(#10783),#10834);
#10783 = B_SPLINE_CURVE_WITH_KNOTS('',3,(#10784,#10785,#10786,#10787,
    #10788,#10789,#10790,#10791,#10792,#10793,#10794,#10795,#10796,
    #10797,#10798,#10799,#10800,#10801,#10802,#10803,#10804,#10805,
    #10806,#10807,#10808,#10809,#10810,#10811,#10812,#10813,#10814,
    #10815,#10816,#10817,#10818,#10819,#10820,#10821,#10822,#10823,
    #10824,#10825,#10826,#10827,#10828,#10829,#10830,#10831,#10832,
    #10833),.UNSPECIFIED.,.F.,.F.,(4,1,1,1,1,1,1,1,1,1,1,1,1,1,1,1,1,1,1
    ,1,1,1,1,1,1,1,1,1,1,1,1,1,1,1,1,1,1,1,1,1,1,1,1,1,1,1,1,4),(0.,
    0.72551896577,1.446812427957,2.167545581006,2.834652630785,
    3.561455250387,4.294404186133,5.035083262141,5.726745513771,
    6.485571675342,7.25499120568,8.035460380499,8.765906861733,
    9.568099084978,10.381469893138,11.205727652658,11.975881503332,
    12.819782078992,13.673026185696,14.534915364628,15.33753390218,
    16.21390469293,17.096636274619,17.984915961911,18.809100000342,
    19.705802922083,20.60576324729,21.508256924785,22.342991216384,
    23.248469118661,24.154594114226,25.060793204637,25.896884345071,
    26.801694858737,27.704993846459,28.606214463702,29.435742647904,
    30.331166080504,31.222462333173,32.108696907138,32.921319115104,
    33.794515353684,34.658772776489,35.512251077876,36.288651119977,
    37.115000087988,37.923185154055,38.651120081248),.UNSPECIFIED.);
#10784 = CARTESIAN_POINT('',(41.43277123851,-24.44488854254));
#10785 = CARTESIAN_POINT('',(41.351675501489,-24.21673799829));
#10786 = CARTESIAN_POINT('',(41.194641817226,-23.76114530939));
#10787 = CARTESIAN_POINT('',(40.933150817641,-23.08727288439));
#10788 = CARTESIAN_POINT('',(40.663640777632,-22.43792554621));
#10789 = CARTESIAN_POINT('',(40.376309474887,-21.79416723133));
#10790 = CARTESIAN_POINT('',(40.071014586017,-21.15423005099));
#10791 = CARTESIAN_POINT('',(39.737676540828,-20.50077638545));
#10792 = CARTESIAN_POINT('',(39.392802752718,-19.86664196457));
#10793 = CARTESIAN_POINT('',(39.02769381245,-19.23397661604));
#10794 = CARTESIAN_POINT('',(38.641721885509,-18.60254320546));
#10795 = CARTESIAN_POINT('',(38.223233960931,-17.95659989865));
#10796 = CARTESIAN_POINT('',(37.793290495209,-17.3296597339));
#10797 = CARTESIAN_POINT('',(37.341222290957,-16.70496392585));
#10798 = CARTESIAN_POINT('',(36.866713275563,-16.08325878877));
#10799 = CARTESIAN_POINT('',(36.356117257554,-15.45012098288));
#10800 = CARTESIAN_POINT('',(35.835495055919,-14.83916025586));
#10801 = CARTESIAN_POINT('',(35.292115146461,-14.23461633463));
#10802 = CARTESIAN_POINT('',(34.726049355503,-13.63783376408));
#10803 = CARTESIAN_POINT('',(34.121404050012,-13.03597536895));
#10804 = CARTESIAN_POINT('',(33.50952103009,-12.46139000206));
#10805 = CARTESIAN_POINT('',(32.875647190797,-11.89949625629));
#10806 = CARTESIAN_POINT('',(32.220181789974,-11.35199354807));
#10807 = CARTESIAN_POINT('',(31.525385244805,-10.80770093256));
#10808 = CARTESIAN_POINT('',(30.827439308668,-10.29634907035));
#10809 = CARTESIAN_POINT('',(30.109747569794,-9.804851910469));
#10810 = CARTESIAN_POINT('',(29.373072288346,-9.334936033061));
#10811 = CARTESIAN_POINT('',(28.597961526315,-8.877736159194));
#10812 = CARTESIAN_POINT('',(27.825120036683,-8.458434931152));
#10813 = CARTESIAN_POINT('',(27.036330799426,-8.065885752456));
#10814 = CARTESIAN_POINT('',(26.232729840065,-7.701565386865));
#10815 = CARTESIAN_POINT('',(25.393656123853,-7.359394552073));
#10816 = CARTESIAN_POINT('',(24.563536269898,-7.05829302633));
#10817 = CARTESIAN_POINT('',(23.722908126298,-6.789473128783));
#10818 = CARTESIAN_POINT('',(22.87330718813,-6.553918132854));
#10819 = CARTESIAN_POINT('',(21.993578542003,-6.348617583179));
#10820 = CARTESIAN_POINT('',(21.130708264884,-6.184829517245));
#10821 = CARTESIAN_POINT('',(20.264565088294,-6.056451553258));
#10822 = CARTESIAN_POINT('',(19.397157981669,-5.963735802842));
#10823 = CARTESIAN_POINT('',(18.507732124473,-5.906702294594));
#10824 = CARTESIAN_POINT('',(17.644292213018,-5.8880828143));
#10825 = CARTESIAN_POINT('',(16.786859379368,-5.904570580612));
#10826 = CARTESIAN_POINT('',(15.938210632017,-5.955362642131));
#10827 = CARTESIAN_POINT('',(15.078366120564,-6.043226844491));
#10828 = CARTESIAN_POINT('',(14.256771587356,-6.161621492441));
#10829 = CARTESIAN_POINT('',(13.44630753464,-6.311986744438));
#10830 = CARTESIAN_POINT('',(12.682231332966,-6.483686308152));
#10831 = CARTESIAN_POINT('',(11.849664230714,-6.707112113891));
#10832 = CARTESIAN_POINT('',(11.524144319743,-6.815090118851));
#10833 = CARTESIAN_POINT('',(11.185859793711,-6.920004198541));
#10834 = ( GEOMETRIC_REPRESENTATION_CONTEXT(2) 
PARAMETRIC_REPRESENTATION_CONTEXT() REPRESENTATION_CONTEXT('2D SPACE',''
  ) );
#10835 = ORIENTED_EDGE('',*,*,#10519,.F.);
#10836 = ORIENTED_EDGE('',*,*,#10837,.F.);
#10837 = EDGE_CURVE('',#10692,#10520,#10838,.T.);
#10838 = SURFACE_CURVE('',#10839,(#10890,#10897),.PCURVE_S1.);
#10839 = B_SPLINE_CURVE_WITH_KNOTS('',3,(#10840,#10841,#10842,#10843,
    #10844,#10845,#10846,#10847,#10848,#10849,#10850,#10851,#10852,
    #10853,#10854,#10855,#10856,#10857,#10858,#10859,#10860,#10861,
    #10862,#10863,#10864,#10865,#10866,#10867,#10868,#10869,#10870,
    #10871,#10872,#10873,#10874,#10875,#10876,#10877,#10878,#10879,
    #10880,#10881,#10882,#10883,#10884,#10885,#10886,#10887,#10888,
    #10889),.UNSPECIFIED.,.F.,.F.,(4,1,1,1,1,1,1,1,1,1,1,1,1,1,1,1,1,1,1
    ,1,1,1,1,1,1,1,1,1,1,1,1,1,1,1,1,1,1,1,1,1,1,1,1,1,1,1,1,4),(0.,
    0.72551896577,1.446812427957,2.167545581006,2.834652630785,
    3.561455250387,4.294404186133,5.035083262141,5.726745513771,
    6.485571675342,7.25499120568,8.035460380499,8.765906861733,
    9.568099084978,10.381469893138,11.205727652658,11.975881503332,
    12.819782078992,13.673026185696,14.534915364628,15.33753390218,
    16.21390469293,17.096636274619,17.984915961911,18.809100000342,
    19.705802922083,20.60576324729,21.508256924785,22.342991216384,
    23.248469118661,24.154594114226,25.060793204637,25.896884345071,
    26.801694858737,27.704993846459,28.606214463702,29.435742647904,
    30.331166080504,31.222462333173,32.108696907138,32.921319115104,
    33.794515353684,34.658772776489,35.512251077876,36.288651119977,
    37.115000087988,37.923185154055,38.651120081248),.UNSPECIFIED.);
#10840 = CARTESIAN_POINT('',(41.43277123851,-24.44488854254,0.));
#10841 = CARTESIAN_POINT('',(41.351675501489,-24.21673799829,0.));
#10842 = CARTESIAN_POINT('',(41.194641817226,-23.76114530939,0.));
#10843 = CARTESIAN_POINT('',(40.933150817641,-23.08727288439,0.));
#10844 = CARTESIAN_POINT('',(40.663640777632,-22.43792554621,0.));
#10845 = CARTESIAN_POINT('',(40.376309474887,-21.79416723133,0.));
#10846 = CARTESIAN_POINT('',(40.071014586017,-21.15423005099,0.));
#10847 = CARTESIAN_POINT('',(39.737676540828,-20.50077638545,0.));
#10848 = CARTESIAN_POINT('',(39.392802752718,-19.86664196457,0.));
#10849 = CARTESIAN_POINT('',(39.02769381245,-19.23397661604,0.));
#10850 = CARTESIAN_POINT('',(38.641721885509,-18.60254320546,0.));
#10851 = CARTESIAN_POINT('',(38.223233960931,-17.95659989865,0.));
#10852 = CARTESIAN_POINT('',(37.793290495209,-17.3296597339,0.));
#10853 = CARTESIAN_POINT('',(37.341222290957,-16.70496392585,0.));
#10854 = CARTESIAN_POINT('',(36.866713275563,-16.08325878877,0.));
#10855 = CARTESIAN_POINT('',(36.356117257554,-15.45012098288,0.));
#10856 = CARTESIAN_POINT('',(35.835495055919,-14.83916025586,0.));
#10857 = CARTESIAN_POINT('',(35.292115146461,-14.23461633463,0.));
#10858 = CARTESIAN_POINT('',(34.726049355503,-13.63783376408,0.));
#10859 = CARTESIAN_POINT('',(34.121404050012,-13.03597536895,0.));
#10860 = CARTESIAN_POINT('',(33.50952103009,-12.46139000206,0.));
#10861 = CARTESIAN_POINT('',(32.875647190797,-11.89949625629,0.));
#10862 = CARTESIAN_POINT('',(32.220181789974,-11.35199354807,0.));
#10863 = CARTESIAN_POINT('',(31.525385244805,-10.80770093256,0.));
#10864 = CARTESIAN_POINT('',(30.827439308668,-10.29634907035,0.));
#10865 = CARTESIAN_POINT('',(30.109747569794,-9.804851910469,0.));
#10866 = CARTESIAN_POINT('',(29.373072288346,-9.334936033061,0.));
#10867 = CARTESIAN_POINT('',(28.597961526315,-8.877736159194,0.));
#10868 = CARTESIAN_POINT('',(27.825120036683,-8.458434931152,0.));
#10869 = CARTESIAN_POINT('',(27.036330799426,-8.065885752456,0.));
#10870 = CARTESIAN_POINT('',(26.232729840065,-7.701565386865,0.));
#10871 = CARTESIAN_POINT('',(25.393656123853,-7.359394552073,0.));
#10872 = CARTESIAN_POINT('',(24.563536269898,-7.05829302633,0.));
#10873 = CARTESIAN_POINT('',(23.722908126298,-6.789473128783,0.));
#10874 = CARTESIAN_POINT('',(22.87330718813,-6.553918132854,0.));
#10875 = CARTESIAN_POINT('',(21.993578542003,-6.348617583179,0.));
#10876 = CARTESIAN_POINT('',(21.130708264884,-6.184829517245,0.));
#10877 = CARTESIAN_POINT('',(20.264565088294,-6.056451553258,0.));
#10878 = CARTESIAN_POINT('',(19.397157981669,-5.963735802842,0.));
#10879 = CARTESIAN_POINT('',(18.507732124473,-5.906702294594,0.));
#10880 = CARTESIAN_POINT('',(17.644292213018,-5.8880828143,0.));
#10881 = CARTESIAN_POINT('',(16.786859379368,-5.904570580612,0.));
#10882 = CARTESIAN_POINT('',(15.938210632017,-5.955362642131,0.));
#10883 = CARTESIAN_POINT('',(15.078366120564,-6.043226844491,0.));
#10884 = CARTESIAN_POINT('',(14.256771587356,-6.161621492441,0.));
#10885 = CARTESIAN_POINT('',(13.44630753464,-6.311986744438,0.));
#10886 = CARTESIAN_POINT('',(12.682231332966,-6.483686308152,0.));
#10887 = CARTESIAN_POINT('',(11.849664230714,-6.707112113891,0.));
#10888 = CARTESIAN_POINT('',(11.524144319743,-6.815090118851,0.));
#10889 = CARTESIAN_POINT('',(11.185859793711,-6.920004198541,0.));
#10890 = PCURVE('',#10537,#10891);
#10891 = DEFINITIONAL_REPRESENTATION('',(#10892),#10896);
#10892 = LINE('',#10893,#10894);
#10893 = CARTESIAN_POINT('',(0.,0.));
#10894 = VECTOR('',#10895,1.);
#10895 = DIRECTION('',(1.,0.));
#10896 = ( GEOMETRIC_REPRESENTATION_CONTEXT(2) 
PARAMETRIC_REPRESENTATION_CONTEXT() REPRESENTATION_CONTEXT('2D SPACE',''
  ) );
#10897 = PCURVE('',#224,#10898);
#10898 = DEFINITIONAL_REPRESENTATION('',(#10899),#10950);
#10899 = B_SPLINE_CURVE_WITH_KNOTS('',3,(#10900,#10901,#10902,#10903,
    #10904,#10905,#10906,#10907,#10908,#10909,#10910,#10911,#10912,
    #10913,#10914,#10915,#10916,#10917,#10918,#10919,#10920,#10921,
    #10922,#10923,#10924,#10925,#10926,#10927,#10928,#10929,#10930,
    #10931,#10932,#10933,#10934,#10935,#10936,#10937,#10938,#10939,
    #10940,#10941,#10942,#10943,#10944,#10945,#10946,#10947,#10948,
    #10949),.UNSPECIFIED.,.F.,.F.,(4,1,1,1,1,1,1,1,1,1,1,1,1,1,1,1,1,1,1
    ,1,1,1,1,1,1,1,1,1,1,1,1,1,1,1,1,1,1,1,1,1,1,1,1,1,1,1,1,4),(0.,
    0.72551896577,1.446812427957,2.167545581006,2.834652630785,
    3.561455250387,4.294404186133,5.035083262141,5.726745513771,
    6.485571675342,7.25499120568,8.035460380499,8.765906861733,
    9.568099084978,10.381469893138,11.205727652658,11.975881503332,
    12.819782078992,13.673026185696,14.534915364628,15.33753390218,
    16.21390469293,17.096636274619,17.984915961911,18.809100000342,
    19.705802922083,20.60576324729,21.508256924785,22.342991216384,
    23.248469118661,24.154594114226,25.060793204637,25.896884345071,
    26.801694858737,27.704993846459,28.606214463702,29.435742647904,
    30.331166080504,31.222462333173,32.108696907138,32.921319115104,
    33.794515353684,34.658772776489,35.512251077876,36.288651119977,
    37.115000087988,37.923185154055,38.651120081248),.UNSPECIFIED.);
#10900 = CARTESIAN_POINT('',(41.43277123851,-24.44488854254));
#10901 = CARTESIAN_POINT('',(41.351675501489,-24.21673799829));
#10902 = CARTESIAN_POINT('',(41.194641817226,-23.76114530939));
#10903 = CARTESIAN_POINT('',(40.933150817641,-23.08727288439));
#10904 = CARTESIAN_POINT('',(40.663640777632,-22.43792554621));
#10905 = CARTESIAN_POINT('',(40.376309474887,-21.79416723133));
#10906 = CARTESIAN_POINT('',(40.071014586017,-21.15423005099));
#10907 = CARTESIAN_POINT('',(39.737676540828,-20.50077638545));
#10908 = CARTESIAN_POINT('',(39.392802752718,-19.86664196457));
#10909 = CARTESIAN_POINT('',(39.02769381245,-19.23397661604));
#10910 = CARTESIAN_POINT('',(38.641721885509,-18.60254320546));
#10911 = CARTESIAN_POINT('',(38.223233960931,-17.95659989865));
#10912 = CARTESIAN_POINT('',(37.793290495209,-17.3296597339));
#10913 = CARTESIAN_POINT('',(37.341222290957,-16.70496392585));
#10914 = CARTESIAN_POINT('',(36.866713275563,-16.08325878877));
#10915 = CARTESIAN_POINT('',(36.356117257554,-15.45012098288));
#10916 = CARTESIAN_POINT('',(35.835495055919,-14.83916025586));
#10917 = CARTESIAN_POINT('',(35.292115146461,-14.23461633463));
#10918 = CARTESIAN_POINT('',(34.726049355503,-13.63783376408));
#10919 = CARTESIAN_POINT('',(34.121404050012,-13.03597536895));
#10920 = CARTESIAN_POINT('',(33.50952103009,-12.46139000206));
#10921 = CARTESIAN_POINT('',(32.875647190797,-11.89949625629));
#10922 = CARTESIAN_POINT('',(32.220181789974,-11.35199354807));
#10923 = CARTESIAN_POINT('',(31.525385244805,-10.80770093256));
#10924 = CARTESIAN_POINT('',(30.827439308668,-10.29634907035));
#10925 = CARTESIAN_POINT('',(30.109747569794,-9.804851910469));
#10926 = CARTESIAN_POINT('',(29.373072288346,-9.334936033061));
#10927 = CARTESIAN_POINT('',(28.597961526315,-8.877736159194));
#10928 = CARTESIAN_POINT('',(27.825120036683,-8.458434931152));
#10929 = CARTESIAN_POINT('',(27.036330799426,-8.065885752456));
#10930 = CARTESIAN_POINT('',(26.232729840065,-7.701565386865));
#10931 = CARTESIAN_POINT('',(25.393656123853,-7.359394552073));
#10932 = CARTESIAN_POINT('',(24.563536269898,-7.05829302633));
#10933 = CARTESIAN_POINT('',(23.722908126298,-6.789473128783));
#10934 = CARTESIAN_POINT('',(22.87330718813,-6.553918132854));
#10935 = CARTESIAN_POINT('',(21.993578542003,-6.348617583179));
#10936 = CARTESIAN_POINT('',(21.130708264884,-6.184829517245));
#10937 = CARTESIAN_POINT('',(20.264565088294,-6.056451553258));
#10938 = CARTESIAN_POINT('',(19.397157981669,-5.963735802842));
#10939 = CARTESIAN_POINT('',(18.507732124473,-5.906702294594));
#10940 = CARTESIAN_POINT('',(17.644292213018,-5.8880828143));
#10941 = CARTESIAN_POINT('',(16.786859379368,-5.904570580612));
#10942 = CARTESIAN_POINT('',(15.938210632017,-5.955362642131));
#10943 = CARTESIAN_POINT('',(15.078366120564,-6.043226844491));
#10944 = CARTESIAN_POINT('',(14.256771587356,-6.161621492441));
#10945 = CARTESIAN_POINT('',(13.44630753464,-6.311986744438));
#10946 = CARTESIAN_POINT('',(12.682231332966,-6.483686308152));
#10947 = CARTESIAN_POINT('',(11.849664230714,-6.707112113891));
#10948 = CARTESIAN_POINT('',(11.524144319743,-6.815090118851));
#10949 = CARTESIAN_POINT('',(11.185859793711,-6.920004198541));
#10950 = ( GEOMETRIC_REPRESENTATION_CONTEXT(2) 
PARAMETRIC_REPRESENTATION_CONTEXT() REPRESENTATION_CONTEXT('2D SPACE',''
  ) );
#10951 = ADVANCED_FACE('',(#10952),#10709,.T.);
#10952 = FACE_BOUND('',#10953,.T.);
#10953 = EDGE_LOOP('',(#10954,#10984,#11005,#11006));
#10954 = ORIENTED_EDGE('',*,*,#10955,.T.);
#10955 = EDGE_CURVE('',#10956,#10958,#10960,.T.);
#10956 = VERTEX_POINT('',#10957);
#10957 = CARTESIAN_POINT('',(41.604147828522,-24.92679047656,0.));
#10958 = VERTEX_POINT('',#10959);
#10959 = CARTESIAN_POINT('',(41.604147828522,-24.92679047656,22.4));
#10960 = SURFACE_CURVE('',#10961,(#10965,#10972),.PCURVE_S1.);
#10961 = LINE('',#10962,#10963);
#10962 = CARTESIAN_POINT('',(41.604147828522,-24.92679047656,0.));
#10963 = VECTOR('',#10964,1.);
#10964 = DIRECTION('',(0.,0.,1.));
#10965 = PCURVE('',#10709,#10966);
#10966 = DEFINITIONAL_REPRESENTATION('',(#10967),#10971);
#10967 = LINE('',#10968,#10969);
#10968 = CARTESIAN_POINT('',(0.,0.));
#10969 = VECTOR('',#10970,1.);
#10970 = DIRECTION('',(0.,-1.));
#10971 = ( GEOMETRIC_REPRESENTATION_CONTEXT(2) 
PARAMETRIC_REPRESENTATION_CONTEXT() REPRESENTATION_CONTEXT('2D SPACE',''
  ) );
#10972 = PCURVE('',#10973,#10978);
#10973 = CYLINDRICAL_SURFACE('',#10974,48.5);
#10974 = AXIS2_PLACEMENT_3D('',#10975,#10976,#10977);
#10975 = CARTESIAN_POINT('',(0.,0.,0.));
#10976 = DIRECTION('',(-0.,-0.,-1.));
#10977 = DIRECTION('',(1.,0.,-0.));
#10978 = DEFINITIONAL_REPRESENTATION('',(#10979),#10983);
#10979 = LINE('',#10980,#10981);
#10980 = CARTESIAN_POINT('',(-5.743396961004,0.));
#10981 = VECTOR('',#10982,1.);
#10982 = DIRECTION('',(-0.,-1.));
#10983 = ( GEOMETRIC_REPRESENTATION_CONTEXT(2) 
PARAMETRIC_REPRESENTATION_CONTEXT() REPRESENTATION_CONTEXT('2D SPACE',''
  ) );
#10984 = ORIENTED_EDGE('',*,*,#10985,.T.);
#10985 = EDGE_CURVE('',#10958,#10694,#10986,.T.);
#10986 = SURFACE_CURVE('',#10987,(#10991,#10998),.PCURVE_S1.);
#10987 = LINE('',#10988,#10989);
#10988 = CARTESIAN_POINT('',(42.381906904456,-27.11380798498,22.4));
#10989 = VECTOR('',#10990,1.);
#10990 = DIRECTION('',(-0.335068126531,0.942193902858,0.));
#10991 = PCURVE('',#10709,#10992);
#10992 = DEFINITIONAL_REPRESENTATION('',(#10993),#10997);
#10993 = LINE('',#10994,#10995);
#10994 = CARTESIAN_POINT('',(-2.321196838348,-22.4));
#10995 = VECTOR('',#10996,1.);
#10996 = DIRECTION('',(1.,0.));
#10997 = ( GEOMETRIC_REPRESENTATION_CONTEXT(2) 
PARAMETRIC_REPRESENTATION_CONTEXT() REPRESENTATION_CONTEXT('2D SPACE',''
  ) );
#10998 = PCURVE('',#169,#10999);
#10999 = DEFINITIONAL_REPRESENTATION('',(#11000),#11004);
#11000 = LINE('',#11001,#11002);
#11001 = CARTESIAN_POINT('',(42.381906904456,-27.11380798498));
#11002 = VECTOR('',#11003,1.);
#11003 = DIRECTION('',(-0.335068126531,0.942193902858));
#11004 = ( GEOMETRIC_REPRESENTATION_CONTEXT(2) 
PARAMETRIC_REPRESENTATION_CONTEXT() REPRESENTATION_CONTEXT('2D SPACE',''
  ) );
#11005 = ORIENTED_EDGE('',*,*,#10691,.F.);
#11006 = ORIENTED_EDGE('',*,*,#11007,.F.);
#11007 = EDGE_CURVE('',#10956,#10692,#11008,.T.);
#11008 = SURFACE_CURVE('',#11009,(#11013,#11020),.PCURVE_S1.);
#11009 = LINE('',#11010,#11011);
#11010 = CARTESIAN_POINT('',(42.381906904456,-27.11380798498,0.));
#11011 = VECTOR('',#11012,1.);
#11012 = DIRECTION('',(-0.335068126531,0.942193902858,0.));
#11013 = PCURVE('',#10709,#11014);
#11014 = DEFINITIONAL_REPRESENTATION('',(#11015),#11019);
#11015 = LINE('',#11016,#11017);
#11016 = CARTESIAN_POINT('',(-2.321196838348,-0.));
#11017 = VECTOR('',#11018,1.);
#11018 = DIRECTION('',(1.,0.));
#11019 = ( GEOMETRIC_REPRESENTATION_CONTEXT(2) 
PARAMETRIC_REPRESENTATION_CONTEXT() REPRESENTATION_CONTEXT('2D SPACE',''
  ) );
#11020 = PCURVE('',#224,#11021);
#11021 = DEFINITIONAL_REPRESENTATION('',(#11022),#11026);
#11022 = LINE('',#11023,#11024);
#11023 = CARTESIAN_POINT('',(42.381906904456,-27.11380798498));
#11024 = VECTOR('',#11025,1.);
#11025 = DIRECTION('',(-0.335068126531,0.942193902858));
#11026 = ( GEOMETRIC_REPRESENTATION_CONTEXT(2) 
PARAMETRIC_REPRESENTATION_CONTEXT() REPRESENTATION_CONTEXT('2D SPACE',''
  ) );
#11027 = ADVANCED_FACE('',(#11028),#10973,.F.);
#11028 = FACE_BOUND('',#11029,.T.);
#11029 = EDGE_LOOP('',(#11030,#11055,#11077,#11078));
#11030 = ORIENTED_EDGE('',*,*,#11031,.T.);
#11031 = EDGE_CURVE('',#11032,#11034,#11036,.T.);
#11032 = VERTEX_POINT('',#11033);
#11033 = CARTESIAN_POINT('',(24.937285945326,-41.5978577535,0.));
#11034 = VERTEX_POINT('',#11035);
#11035 = CARTESIAN_POINT('',(24.937285945326,-41.5978577535,22.4));
#11036 = SURFACE_CURVE('',#11037,(#11041,#11048),.PCURVE_S1.);
#11037 = LINE('',#11038,#11039);
#11038 = CARTESIAN_POINT('',(24.937285945326,-41.5978577535,0.));
#11039 = VECTOR('',#11040,1.);
#11040 = DIRECTION('',(0.,0.,1.));
#11041 = PCURVE('',#10973,#11042);
#11042 = DEFINITIONAL_REPRESENTATION('',(#11043),#11047);
#11043 = LINE('',#11044,#11045);
#11044 = CARTESIAN_POINT('',(-5.252429615399,0.));
#11045 = VECTOR('',#11046,1.);
#11046 = DIRECTION('',(-0.,-1.));
#11047 = ( GEOMETRIC_REPRESENTATION_CONTEXT(2) 
PARAMETRIC_REPRESENTATION_CONTEXT() REPRESENTATION_CONTEXT('2D SPACE',''
  ) );
#11048 = PCURVE('',#10334,#11049);
#11049 = DEFINITIONAL_REPRESENTATION('',(#11050),#11054);
#11050 = LINE('',#11051,#11052);
#11051 = CARTESIAN_POINT('',(40.083562049213,0.));
#11052 = VECTOR('',#11053,1.);
#11053 = DIRECTION('',(0.,-1.));
#11054 = ( GEOMETRIC_REPRESENTATION_CONTEXT(2) 
PARAMETRIC_REPRESENTATION_CONTEXT() REPRESENTATION_CONTEXT('2D SPACE',''
  ) );
#11055 = ORIENTED_EDGE('',*,*,#11056,.T.);
#11056 = EDGE_CURVE('',#11034,#10958,#11057,.T.);
#11057 = SURFACE_CURVE('',#11058,(#11063,#11070),.PCURVE_S1.);
#11058 = CIRCLE('',#11059,48.5);
#11059 = AXIS2_PLACEMENT_3D('',#11060,#11061,#11062);
#11060 = CARTESIAN_POINT('',(0.,0.,22.4));
#11061 = DIRECTION('',(0.,0.,1.));
#11062 = DIRECTION('',(1.,0.,-0.));
#11063 = PCURVE('',#10973,#11064);
#11064 = DEFINITIONAL_REPRESENTATION('',(#11065),#11069);
#11065 = LINE('',#11066,#11067);
#11066 = CARTESIAN_POINT('',(-0.,-22.4));
#11067 = VECTOR('',#11068,1.);
#11068 = DIRECTION('',(-1.,0.));
#11069 = ( GEOMETRIC_REPRESENTATION_CONTEXT(2) 
PARAMETRIC_REPRESENTATION_CONTEXT() REPRESENTATION_CONTEXT('2D SPACE',''
  ) );
#11070 = PCURVE('',#169,#11071);
#11071 = DEFINITIONAL_REPRESENTATION('',(#11072),#11076);
#11072 = CIRCLE('',#11073,48.5);
#11073 = AXIS2_PLACEMENT_2D('',#11074,#11075);
#11074 = CARTESIAN_POINT('',(0.,-1.204325410458E-15));
#11075 = DIRECTION('',(1.,0.));
#11076 = ( GEOMETRIC_REPRESENTATION_CONTEXT(2) 
PARAMETRIC_REPRESENTATION_CONTEXT() REPRESENTATION_CONTEXT('2D SPACE',''
  ) );
#11077 = ORIENTED_EDGE('',*,*,#10955,.F.);
#11078 = ORIENTED_EDGE('',*,*,#11079,.F.);
#11079 = EDGE_CURVE('',#11032,#10956,#11080,.T.);
#11080 = SURFACE_CURVE('',#11081,(#11086,#11093),.PCURVE_S1.);
#11081 = CIRCLE('',#11082,48.5);
#11082 = AXIS2_PLACEMENT_3D('',#11083,#11084,#11085);
#11083 = CARTESIAN_POINT('',(0.,0.,0.));
#11084 = DIRECTION('',(0.,0.,1.));
#11085 = DIRECTION('',(1.,0.,-0.));
#11086 = PCURVE('',#10973,#11087);
#11087 = DEFINITIONAL_REPRESENTATION('',(#11088),#11092);
#11088 = LINE('',#11089,#11090);
#11089 = CARTESIAN_POINT('',(-0.,0.));
#11090 = VECTOR('',#11091,1.);
#11091 = DIRECTION('',(-1.,0.));
#11092 = ( GEOMETRIC_REPRESENTATION_CONTEXT(2) 
PARAMETRIC_REPRESENTATION_CONTEXT() REPRESENTATION_CONTEXT('2D SPACE',''
  ) );
#11093 = PCURVE('',#224,#11094);
#11094 = DEFINITIONAL_REPRESENTATION('',(#11095),#11099);
#11095 = CIRCLE('',#11096,48.5);
#11096 = AXIS2_PLACEMENT_2D('',#11097,#11098);
#11097 = CARTESIAN_POINT('',(0.,-1.204325410458E-15));
#11098 = DIRECTION('',(1.,0.));
#11099 = ( GEOMETRIC_REPRESENTATION_CONTEXT(2) 
PARAMETRIC_REPRESENTATION_CONTEXT() REPRESENTATION_CONTEXT('2D SPACE',''
  ) );
#11100 = ADVANCED_FACE('',(#11101),#10334,.T.);
#11101 = FACE_BOUND('',#11102,.T.);
#11102 = EDGE_LOOP('',(#11103,#11104,#11219,#11220));
#11103 = ORIENTED_EDGE('',*,*,#10311,.T.);
#11104 = ORIENTED_EDGE('',*,*,#11105,.T.);
#11105 = EDGE_CURVE('',#10314,#11034,#11106,.T.);
#11106 = SURFACE_CURVE('',#11107,(#11158,#11165),.PCURVE_S1.);
#11107 = B_SPLINE_CURVE_WITH_KNOTS('',3,(#11108,#11109,#11110,#11111,
    #11112,#11113,#11114,#11115,#11116,#11117,#11118,#11119,#11120,
    #11121,#11122,#11123,#11124,#11125,#11126,#11127,#11128,#11129,
    #11130,#11131,#11132,#11133,#11134,#11135,#11136,#11137,#11138,
    #11139,#11140,#11141,#11142,#11143,#11144,#11145,#11146,#11147,
    #11148,#11149,#11150,#11151,#11152,#11153,#11154,#11155,#11156,
    #11157),.UNSPECIFIED.,.F.,.F.,(4,1,1,1,1,1,1,1,1,1,1,1,1,1,1,1,1,1,1
    ,1,1,1,1,1,1,1,1,1,1,1,1,1,1,1,1,1,1,1,1,1,1,1,1,1,1,1,1,4),(0.,
    0.770020974153,1.626265687068,2.501235809007,3.323017628822,
    4.226168942917,5.140567564886,6.064285262741,6.923787879437,
    7.860959618837,8.803220404646,9.749496837408,10.625745778606,
    11.577210076157,12.530237508485,13.484135816053,14.364871812505,
    15.318618169461,16.271356512646,17.222443906393,18.098342389538,
    19.044380308015,19.986772779966,20.924790631856,21.786128506054,
    22.713614611572,23.634502775488,24.548028034391,25.38410411673,
    26.281393184443,27.169232325991,28.047009844699,28.847877333261,
    29.704892084705,30.550578145199,31.384742808357,32.14448317376,
    32.956538608657,33.75747556067,34.547827237765,35.268649993444,
    36.041021221912,36.805779378973,37.564485879874,38.261073281275,
    39.01367744831,39.766626217161,40.522198623296),.UNSPECIFIED.);
#11108 = CARTESIAN_POINT('',(6.472763354746,-10.41121592903,22.4));
#11109 = CARTESIAN_POINT('',(6.72299684186,-10.46793787381,22.4));
#11110 = CARTESIAN_POINT('',(7.253448274928,-10.58091422539,22.4));
#11111 = CARTESIAN_POINT('',(8.058379262551,-10.79939295284,22.4));
#11112 = CARTESIAN_POINT('',(8.871415413983,-11.05133841661,22.4));
#11113 = CARTESIAN_POINT('',(9.688384002235,-11.34117635488,22.4));
#11114 = CARTESIAN_POINT('',(10.50557020188,-11.66774740335,22.4));
#11115 = CARTESIAN_POINT('',(11.339458145751,-12.04200466659,22.4));
#11116 = CARTESIAN_POINT('',(12.143918518925,-12.44437345936,22.4));
#11117 = CARTESIAN_POINT('',(12.937992428077,-12.88270486699,22.4));
#11118 = CARTESIAN_POINT('',(13.71887117599,-13.35627463112,22.4));
#11119 = CARTESIAN_POINT('',(14.50300879911,-13.87861408935,22.4));
#11120 = CARTESIAN_POINT('',(15.247867976975,-14.42179109487,22.4));
#11121 = CARTESIAN_POINT('',(15.972390954561,-14.99667169385,22.4));
#11122 = CARTESIAN_POINT('',(16.674823770299,-15.60187350942,22.4));
#11123 = CARTESIAN_POINT('',(17.370313974662,-16.25351011899,22.4));
#11124 = CARTESIAN_POINT('',(18.021847460699,-16.916417202,22.4));
#11125 = CARTESIAN_POINT('',(18.647129196565,-17.60438934693,22.4));
#11126 = CARTESIAN_POINT('',(19.245277898701,-18.31562551323,22.4));
#11127 = CARTESIAN_POINT('',(19.829430832797,-19.06830055842,22.4));
#11128 = CARTESIAN_POINT('',(20.369113666013,-19.82176202886,22.4));
#11129 = CARTESIAN_POINT('',(20.879964125993,-20.59232251579,22.4));
#11130 = CARTESIAN_POINT('',(21.361781465698,-21.37800024257,22.4));
#11131 = CARTESIAN_POINT('',(21.825330704782,-22.19844772859,22.4));
#11132 = CARTESIAN_POINT('',(22.24695095124,-23.00950557669,22.4));
#11133 = CARTESIAN_POINT('',(22.639695759835,-23.82937899693,22.4));
#11134 = CARTESIAN_POINT('',(23.003854665844,-24.65613301199,22.4));
#11135 = CARTESIAN_POINT('',(23.347681302711,-25.51031766709,22.4));
#11136 = CARTESIAN_POINT('',(23.654063969115,-26.34624701532,22.4));
#11137 = CARTESIAN_POINT('',(23.933250796132,-27.18332373248,22.4));
#11138 = CARTESIAN_POINT('',(24.185846707977,-28.01988469993,22.4));
#11139 = CARTESIAN_POINT('',(24.417560841616,-28.87686721772,22.4));
#11140 = CARTESIAN_POINT('',(24.617421862138,-29.70880667669,22.4));
#11141 = CARTESIAN_POINT('',(24.792669708108,-30.53575079006,22.4));
#11142 = CARTESIAN_POINT('',(24.944085574916,-31.35652920466,22.4));
#11143 = CARTESIAN_POINT('',(25.074939719293,-32.19206758217,22.4));
#11144 = CARTESIAN_POINT('',(25.179246417538,-32.9986458065,22.4));
#11145 = CARTESIAN_POINT('',(25.261805170062,-33.79644950036,22.4));
#11146 = CARTESIAN_POINT('',(25.323286096493,-34.58505928082,22.4));
#11147 = CARTESIAN_POINT('',(25.364578035447,-35.38520370244,22.4));
#11148 = CARTESIAN_POINT('',(25.384112839637,-36.15573713938,22.4));
#11149 = CARTESIAN_POINT('',(25.384174753375,-36.91703629788,22.4));
#11150 = CARTESIAN_POINT('',(25.365233961474,-37.66936131119,22.4));
#11151 = CARTESIAN_POINT('',(25.325632429205,-38.43436523366,22.4));
#11152 = CARTESIAN_POINT('',(25.268262502557,-39.1698549812,22.4));
#11153 = CARTESIAN_POINT('',(25.19068662453,-39.91024726178,22.4));
#11154 = CARTESIAN_POINT('',(25.101611152792,-40.60541346252,22.4));
#11155 = CARTESIAN_POINT('',(24.96373685321,-41.47489735565,22.4));
#11156 = CARTESIAN_POINT('',(24.92514108638,-41.65828360319,22.4));
#11157 = CARTESIAN_POINT('',(24.840611829535,-42.11818407731,22.4));
#11158 = PCURVE('',#10334,#11159);
#11159 = DEFINITIONAL_REPRESENTATION('',(#11160),#11164);
#11160 = LINE('',#11161,#11162);
#11161 = CARTESIAN_POINT('',(0.,-22.4));
#11162 = VECTOR('',#11163,1.);
#11163 = DIRECTION('',(1.,0.));
#11164 = ( GEOMETRIC_REPRESENTATION_CONTEXT(2) 
PARAMETRIC_REPRESENTATION_CONTEXT() REPRESENTATION_CONTEXT('2D SPACE',''
  ) );
#11165 = PCURVE('',#169,#11166);
#11166 = DEFINITIONAL_REPRESENTATION('',(#11167),#11218);
#11167 = B_SPLINE_CURVE_WITH_KNOTS('',3,(#11168,#11169,#11170,#11171,
    #11172,#11173,#11174,#11175,#11176,#11177,#11178,#11179,#11180,
    #11181,#11182,#11183,#11184,#11185,#11186,#11187,#11188,#11189,
    #11190,#11191,#11192,#11193,#11194,#11195,#11196,#11197,#11198,
    #11199,#11200,#11201,#11202,#11203,#11204,#11205,#11206,#11207,
    #11208,#11209,#11210,#11211,#11212,#11213,#11214,#11215,#11216,
    #11217),.UNSPECIFIED.,.F.,.F.,(4,1,1,1,1,1,1,1,1,1,1,1,1,1,1,1,1,1,1
    ,1,1,1,1,1,1,1,1,1,1,1,1,1,1,1,1,1,1,1,1,1,1,1,1,1,1,1,1,4),(0.,
    0.770020974153,1.626265687068,2.501235809007,3.323017628822,
    4.226168942917,5.140567564886,6.064285262741,6.923787879437,
    7.860959618837,8.803220404646,9.749496837408,10.625745778606,
    11.577210076157,12.530237508485,13.484135816053,14.364871812505,
    15.318618169461,16.271356512646,17.222443906393,18.098342389538,
    19.044380308015,19.986772779966,20.924790631856,21.786128506054,
    22.713614611572,23.634502775488,24.548028034391,25.38410411673,
    26.281393184443,27.169232325991,28.047009844699,28.847877333261,
    29.704892084705,30.550578145199,31.384742808357,32.14448317376,
    32.956538608657,33.75747556067,34.547827237765,35.268649993444,
    36.041021221912,36.805779378973,37.564485879874,38.261073281275,
    39.01367744831,39.766626217161,40.522198623296),.UNSPECIFIED.);
#11168 = CARTESIAN_POINT('',(6.472763354746,-10.41121592903));
#11169 = CARTESIAN_POINT('',(6.72299684186,-10.46793787381));
#11170 = CARTESIAN_POINT('',(7.253448274928,-10.58091422539));
#11171 = CARTESIAN_POINT('',(8.058379262551,-10.79939295284));
#11172 = CARTESIAN_POINT('',(8.871415413983,-11.05133841661));
#11173 = CARTESIAN_POINT('',(9.688384002235,-11.34117635488));
#11174 = CARTESIAN_POINT('',(10.50557020188,-11.66774740335));
#11175 = CARTESIAN_POINT('',(11.339458145751,-12.04200466659));
#11176 = CARTESIAN_POINT('',(12.143918518925,-12.44437345936));
#11177 = CARTESIAN_POINT('',(12.937992428077,-12.88270486699));
#11178 = CARTESIAN_POINT('',(13.71887117599,-13.35627463112));
#11179 = CARTESIAN_POINT('',(14.50300879911,-13.87861408935));
#11180 = CARTESIAN_POINT('',(15.247867976975,-14.42179109487));
#11181 = CARTESIAN_POINT('',(15.972390954561,-14.99667169385));
#11182 = CARTESIAN_POINT('',(16.674823770299,-15.60187350942));
#11183 = CARTESIAN_POINT('',(17.370313974662,-16.25351011899));
#11184 = CARTESIAN_POINT('',(18.021847460699,-16.916417202));
#11185 = CARTESIAN_POINT('',(18.647129196565,-17.60438934693));
#11186 = CARTESIAN_POINT('',(19.245277898701,-18.31562551323));
#11187 = CARTESIAN_POINT('',(19.829430832797,-19.06830055842));
#11188 = CARTESIAN_POINT('',(20.369113666013,-19.82176202886));
#11189 = CARTESIAN_POINT('',(20.879964125993,-20.59232251579));
#11190 = CARTESIAN_POINT('',(21.361781465698,-21.37800024257));
#11191 = CARTESIAN_POINT('',(21.825330704782,-22.19844772859));
#11192 = CARTESIAN_POINT('',(22.24695095124,-23.00950557669));
#11193 = CARTESIAN_POINT('',(22.639695759835,-23.82937899693));
#11194 = CARTESIAN_POINT('',(23.003854665844,-24.65613301199));
#11195 = CARTESIAN_POINT('',(23.347681302711,-25.51031766709));
#11196 = CARTESIAN_POINT('',(23.654063969115,-26.34624701532));
#11197 = CARTESIAN_POINT('',(23.933250796132,-27.18332373248));
#11198 = CARTESIAN_POINT('',(24.185846707977,-28.01988469993));
#11199 = CARTESIAN_POINT('',(24.417560841616,-28.87686721772));
#11200 = CARTESIAN_POINT('',(24.617421862138,-29.70880667669));
#11201 = CARTESIAN_POINT('',(24.792669708108,-30.53575079006));
#11202 = CARTESIAN_POINT('',(24.944085574916,-31.35652920466));
#11203 = CARTESIAN_POINT('',(25.074939719293,-32.19206758217));
#11204 = CARTESIAN_POINT('',(25.179246417538,-32.9986458065));
#11205 = CARTESIAN_POINT('',(25.261805170062,-33.79644950036));
#11206 = CARTESIAN_POINT('',(25.323286096493,-34.58505928082));
#11207 = CARTESIAN_POINT('',(25.364578035447,-35.38520370244));
#11208 = CARTESIAN_POINT('',(25.384112839637,-36.15573713938));
#11209 = CARTESIAN_POINT('',(25.384174753375,-36.91703629788));
#11210 = CARTESIAN_POINT('',(25.365233961474,-37.66936131119));
#11211 = CARTESIAN_POINT('',(25.325632429205,-38.43436523366));
#11212 = CARTESIAN_POINT('',(25.268262502557,-39.1698549812));
#11213 = CARTESIAN_POINT('',(25.19068662453,-39.91024726178));
#11214 = CARTESIAN_POINT('',(25.101611152792,-40.60541346252));
#11215 = CARTESIAN_POINT('',(24.96373685321,-41.47489735565));
#11216 = CARTESIAN_POINT('',(24.92514108638,-41.65828360319));
#11217 = CARTESIAN_POINT('',(24.840611829535,-42.11818407731));
#11218 = ( GEOMETRIC_REPRESENTATION_CONTEXT(2) 
PARAMETRIC_REPRESENTATION_CONTEXT() REPRESENTATION_CONTEXT('2D SPACE',''
  ) );
#11219 = ORIENTED_EDGE('',*,*,#11031,.F.);
#11220 = ORIENTED_EDGE('',*,*,#11221,.F.);
#11221 = EDGE_CURVE('',#10312,#11032,#11222,.T.);
#11222 = SURFACE_CURVE('',#11223,(#11274,#11281),.PCURVE_S1.);
#11223 = B_SPLINE_CURVE_WITH_KNOTS('',3,(#11224,#11225,#11226,#11227,
    #11228,#11229,#11230,#11231,#11232,#11233,#11234,#11235,#11236,
    #11237,#11238,#11239,#11240,#11241,#11242,#11243,#11244,#11245,
    #11246,#11247,#11248,#11249,#11250,#11251,#11252,#11253,#11254,
    #11255,#11256,#11257,#11258,#11259,#11260,#11261,#11262,#11263,
    #11264,#11265,#11266,#11267,#11268,#11269,#11270,#11271,#11272,
    #11273),.UNSPECIFIED.,.F.,.F.,(4,1,1,1,1,1,1,1,1,1,1,1,1,1,1,1,1,1,1
    ,1,1,1,1,1,1,1,1,1,1,1,1,1,1,1,1,1,1,1,1,1,1,1,1,1,1,1,1,4),(0.,
    0.770020974153,1.626265687068,2.501235809007,3.323017628822,
    4.226168942917,5.140567564886,6.064285262741,6.923787879437,
    7.860959618837,8.803220404646,9.749496837408,10.625745778606,
    11.577210076157,12.530237508485,13.484135816053,14.364871812505,
    15.318618169461,16.271356512646,17.222443906393,18.098342389538,
    19.044380308015,19.986772779966,20.924790631856,21.786128506054,
    22.713614611572,23.634502775488,24.548028034391,25.38410411673,
    26.281393184443,27.169232325991,28.047009844699,28.847877333261,
    29.704892084705,30.550578145199,31.384742808357,32.14448317376,
    32.956538608657,33.75747556067,34.547827237765,35.268649993444,
    36.041021221912,36.805779378973,37.564485879874,38.261073281275,
    39.01367744831,39.766626217161,40.522198623296),.UNSPECIFIED.);
#11224 = CARTESIAN_POINT('',(6.472763354746,-10.41121592903,0.));
#11225 = CARTESIAN_POINT('',(6.72299684186,-10.46793787381,0.));
#11226 = CARTESIAN_POINT('',(7.253448274928,-10.58091422539,0.));
#11227 = CARTESIAN_POINT('',(8.058379262551,-10.79939295284,0.));
#11228 = CARTESIAN_POINT('',(8.871415413983,-11.05133841661,0.));
#11229 = CARTESIAN_POINT('',(9.688384002235,-11.34117635488,0.));
#11230 = CARTESIAN_POINT('',(10.50557020188,-11.66774740335,0.));
#11231 = CARTESIAN_POINT('',(11.339458145751,-12.04200466659,0.));
#11232 = CARTESIAN_POINT('',(12.143918518925,-12.44437345936,0.));
#11233 = CARTESIAN_POINT('',(12.937992428077,-12.88270486699,0.));
#11234 = CARTESIAN_POINT('',(13.71887117599,-13.35627463112,0.));
#11235 = CARTESIAN_POINT('',(14.50300879911,-13.87861408935,0.));
#11236 = CARTESIAN_POINT('',(15.247867976975,-14.42179109487,0.));
#11237 = CARTESIAN_POINT('',(15.972390954561,-14.99667169385,0.));
#11238 = CARTESIAN_POINT('',(16.674823770299,-15.60187350942,0.));
#11239 = CARTESIAN_POINT('',(17.370313974662,-16.25351011899,0.));
#11240 = CARTESIAN_POINT('',(18.021847460699,-16.916417202,0.));
#11241 = CARTESIAN_POINT('',(18.647129196565,-17.60438934693,0.));
#11242 = CARTESIAN_POINT('',(19.245277898701,-18.31562551323,0.));
#11243 = CARTESIAN_POINT('',(19.829430832797,-19.06830055842,0.));
#11244 = CARTESIAN_POINT('',(20.369113666013,-19.82176202886,0.));
#11245 = CARTESIAN_POINT('',(20.879964125993,-20.59232251579,0.));
#11246 = CARTESIAN_POINT('',(21.361781465698,-21.37800024257,0.));
#11247 = CARTESIAN_POINT('',(21.825330704782,-22.19844772859,0.));
#11248 = CARTESIAN_POINT('',(22.24695095124,-23.00950557669,0.));
#11249 = CARTESIAN_POINT('',(22.639695759835,-23.82937899693,0.));
#11250 = CARTESIAN_POINT('',(23.003854665844,-24.65613301199,0.));
#11251 = CARTESIAN_POINT('',(23.347681302711,-25.51031766709,0.));
#11252 = CARTESIAN_POINT('',(23.654063969115,-26.34624701532,0.));
#11253 = CARTESIAN_POINT('',(23.933250796132,-27.18332373248,0.));
#11254 = CARTESIAN_POINT('',(24.185846707977,-28.01988469993,0.));
#11255 = CARTESIAN_POINT('',(24.417560841616,-28.87686721772,0.));
#11256 = CARTESIAN_POINT('',(24.617421862138,-29.70880667669,0.));
#11257 = CARTESIAN_POINT('',(24.792669708108,-30.53575079006,0.));
#11258 = CARTESIAN_POINT('',(24.944085574916,-31.35652920466,0.));
#11259 = CARTESIAN_POINT('',(25.074939719293,-32.19206758217,0.));
#11260 = CARTESIAN_POINT('',(25.179246417538,-32.9986458065,0.));
#11261 = CARTESIAN_POINT('',(25.261805170062,-33.79644950036,0.));
#11262 = CARTESIAN_POINT('',(25.323286096493,-34.58505928082,0.));
#11263 = CARTESIAN_POINT('',(25.364578035447,-35.38520370244,0.));
#11264 = CARTESIAN_POINT('',(25.384112839637,-36.15573713938,0.));
#11265 = CARTESIAN_POINT('',(25.384174753375,-36.91703629788,0.));
#11266 = CARTESIAN_POINT('',(25.365233961474,-37.66936131119,0.));
#11267 = CARTESIAN_POINT('',(25.325632429205,-38.43436523366,0.));
#11268 = CARTESIAN_POINT('',(25.268262502557,-39.1698549812,0.));
#11269 = CARTESIAN_POINT('',(25.19068662453,-39.91024726178,0.));
#11270 = CARTESIAN_POINT('',(25.101611152792,-40.60541346252,0.));
#11271 = CARTESIAN_POINT('',(24.96373685321,-41.47489735565,0.));
#11272 = CARTESIAN_POINT('',(24.92514108638,-41.65828360319,0.));
#11273 = CARTESIAN_POINT('',(24.840611829535,-42.11818407731,0.));
#11274 = PCURVE('',#10334,#11275);
#11275 = DEFINITIONAL_REPRESENTATION('',(#11276),#11280);
#11276 = LINE('',#11277,#11278);
#11277 = CARTESIAN_POINT('',(0.,0.));
#11278 = VECTOR('',#11279,1.);
#11279 = DIRECTION('',(1.,0.));
#11280 = ( GEOMETRIC_REPRESENTATION_CONTEXT(2) 
PARAMETRIC_REPRESENTATION_CONTEXT() REPRESENTATION_CONTEXT('2D SPACE',''
  ) );
#11281 = PCURVE('',#224,#11282);
#11282 = DEFINITIONAL_REPRESENTATION('',(#11283),#11334);
#11283 = B_SPLINE_CURVE_WITH_KNOTS('',3,(#11284,#11285,#11286,#11287,
    #11288,#11289,#11290,#11291,#11292,#11293,#11294,#11295,#11296,
    #11297,#11298,#11299,#11300,#11301,#11302,#11303,#11304,#11305,
    #11306,#11307,#11308,#11309,#11310,#11311,#11312,#11313,#11314,
    #11315,#11316,#11317,#11318,#11319,#11320,#11321,#11322,#11323,
    #11324,#11325,#11326,#11327,#11328,#11329,#11330,#11331,#11332,
    #11333),.UNSPECIFIED.,.F.,.F.,(4,1,1,1,1,1,1,1,1,1,1,1,1,1,1,1,1,1,1
    ,1,1,1,1,1,1,1,1,1,1,1,1,1,1,1,1,1,1,1,1,1,1,1,1,1,1,1,1,4),(0.,
    0.770020974153,1.626265687068,2.501235809007,3.323017628822,
    4.226168942917,5.140567564886,6.064285262741,6.923787879437,
    7.860959618837,8.803220404646,9.749496837408,10.625745778606,
    11.577210076157,12.530237508485,13.484135816053,14.364871812505,
    15.318618169461,16.271356512646,17.222443906393,18.098342389538,
    19.044380308015,19.986772779966,20.924790631856,21.786128506054,
    22.713614611572,23.634502775488,24.548028034391,25.38410411673,
    26.281393184443,27.169232325991,28.047009844699,28.847877333261,
    29.704892084705,30.550578145199,31.384742808357,32.14448317376,
    32.956538608657,33.75747556067,34.547827237765,35.268649993444,
    36.041021221912,36.805779378973,37.564485879874,38.261073281275,
    39.01367744831,39.766626217161,40.522198623296),.UNSPECIFIED.);
#11284 = CARTESIAN_POINT('',(6.472763354746,-10.41121592903));
#11285 = CARTESIAN_POINT('',(6.72299684186,-10.46793787381));
#11286 = CARTESIAN_POINT('',(7.253448274928,-10.58091422539));
#11287 = CARTESIAN_POINT('',(8.058379262551,-10.79939295284));
#11288 = CARTESIAN_POINT('',(8.871415413983,-11.05133841661));
#11289 = CARTESIAN_POINT('',(9.688384002235,-11.34117635488));
#11290 = CARTESIAN_POINT('',(10.50557020188,-11.66774740335));
#11291 = CARTESIAN_POINT('',(11.339458145751,-12.04200466659));
#11292 = CARTESIAN_POINT('',(12.143918518925,-12.44437345936));
#11293 = CARTESIAN_POINT('',(12.937992428077,-12.88270486699));
#11294 = CARTESIAN_POINT('',(13.71887117599,-13.35627463112));
#11295 = CARTESIAN_POINT('',(14.50300879911,-13.87861408935));
#11296 = CARTESIAN_POINT('',(15.247867976975,-14.42179109487));
#11297 = CARTESIAN_POINT('',(15.972390954561,-14.99667169385));
#11298 = CARTESIAN_POINT('',(16.674823770299,-15.60187350942));
#11299 = CARTESIAN_POINT('',(17.370313974662,-16.25351011899));
#11300 = CARTESIAN_POINT('',(18.021847460699,-16.916417202));
#11301 = CARTESIAN_POINT('',(18.647129196565,-17.60438934693));
#11302 = CARTESIAN_POINT('',(19.245277898701,-18.31562551323));
#11303 = CARTESIAN_POINT('',(19.829430832797,-19.06830055842));
#11304 = CARTESIAN_POINT('',(20.369113666013,-19.82176202886));
#11305 = CARTESIAN_POINT('',(20.879964125993,-20.59232251579));
#11306 = CARTESIAN_POINT('',(21.361781465698,-21.37800024257));
#11307 = CARTESIAN_POINT('',(21.825330704782,-22.19844772859));
#11308 = CARTESIAN_POINT('',(22.24695095124,-23.00950557669));
#11309 = CARTESIAN_POINT('',(22.639695759835,-23.82937899693));
#11310 = CARTESIAN_POINT('',(23.003854665844,-24.65613301199));
#11311 = CARTESIAN_POINT('',(23.347681302711,-25.51031766709));
#11312 = CARTESIAN_POINT('',(23.654063969115,-26.34624701532));
#11313 = CARTESIAN_POINT('',(23.933250796132,-27.18332373248));
#11314 = CARTESIAN_POINT('',(24.185846707977,-28.01988469993));
#11315 = CARTESIAN_POINT('',(24.417560841616,-28.87686721772));
#11316 = CARTESIAN_POINT('',(24.617421862138,-29.70880667669));
#11317 = CARTESIAN_POINT('',(24.792669708108,-30.53575079006));
#11318 = CARTESIAN_POINT('',(24.944085574916,-31.35652920466));
#11319 = CARTESIAN_POINT('',(25.074939719293,-32.19206758217));
#11320 = CARTESIAN_POINT('',(25.179246417538,-32.9986458065));
#11321 = CARTESIAN_POINT('',(25.261805170062,-33.79644950036));
#11322 = CARTESIAN_POINT('',(25.323286096493,-34.58505928082));
#11323 = CARTESIAN_POINT('',(25.364578035447,-35.38520370244));
#11324 = CARTESIAN_POINT('',(25.384112839637,-36.15573713938));
#11325 = CARTESIAN_POINT('',(25.384174753375,-36.91703629788));
#11326 = CARTESIAN_POINT('',(25.365233961474,-37.66936131119));
#11327 = CARTESIAN_POINT('',(25.325632429205,-38.43436523366));
#11328 = CARTESIAN_POINT('',(25.268262502557,-39.1698549812));
#11329 = CARTESIAN_POINT('',(25.19068662453,-39.91024726178));
#11330 = CARTESIAN_POINT('',(25.101611152792,-40.60541346252));
#11331 = CARTESIAN_POINT('',(24.96373685321,-41.47489735565));
#11332 = CARTESIAN_POINT('',(24.92514108638,-41.65828360319));
#11333 = CARTESIAN_POINT('',(24.840611829535,-42.11818407731));
#11334 = ( GEOMETRIC_REPRESENTATION_CONTEXT(2) 
PARAMETRIC_REPRESENTATION_CONTEXT() REPRESENTATION_CONTEXT('2D SPACE',''
  ) );
#11335 = ADVANCED_FACE('',(#11336),#11350,.T.);
#11336 = FACE_BOUND('',#11337,.F.);
#11337 = EDGE_LOOP('',(#11338,#11469,#11493,#11521));
#11338 = ORIENTED_EDGE('',*,*,#11339,.T.);
#11339 = EDGE_CURVE('',#11340,#11342,#11344,.T.);
#11340 = VERTEX_POINT('',#11341);
#11341 = CARTESIAN_POINT('',(11.400725640058,-5.595842642545,0.));
#11342 = VERTEX_POINT('',#11343);
#11343 = CARTESIAN_POINT('',(11.400725640058,-5.595842642545,22.4));
#11344 = SURFACE_CURVE('',#11345,(#11349,#11361),.PCURVE_S1.);
#11345 = LINE('',#11346,#11347);
#11346 = CARTESIAN_POINT('',(11.400725640058,-5.595842642545,0.));
#11347 = VECTOR('',#11348,1.);
#11348 = DIRECTION('',(0.,0.,1.));
#11349 = PCURVE('',#11350,#11355);
#11350 = CYLINDRICAL_SURFACE('',#11351,12.7);
#11351 = AXIS2_PLACEMENT_3D('',#11352,#11353,#11354);
#11352 = CARTESIAN_POINT('',(0.,0.,0.));
#11353 = DIRECTION('',(-0.,-0.,-1.));
#11354 = DIRECTION('',(1.,0.,-0.));
#11355 = DEFINITIONAL_REPRESENTATION('',(#11356),#11360);
#11356 = LINE('',#11357,#11358);
#11357 = CARTESIAN_POINT('',(-5.826898842512,0.));
#11358 = VECTOR('',#11359,1.);
#11359 = DIRECTION('',(-0.,-1.));
#11360 = ( GEOMETRIC_REPRESENTATION_CONTEXT(2) 
PARAMETRIC_REPRESENTATION_CONTEXT() REPRESENTATION_CONTEXT('2D SPACE',''
  ) );
#11361 = PCURVE('',#11362,#11463);
#11362 = B_SPLINE_SURFACE_WITH_KNOTS('',3,1,(
    (#11363,#11364)
    ,(#11365,#11366)
    ,(#11367,#11368)
    ,(#11369,#11370)
    ,(#11371,#11372)
    ,(#11373,#11374)
    ,(#11375,#11376)
    ,(#11377,#11378)
    ,(#11379,#11380)
    ,(#11381,#11382)
    ,(#11383,#11384)
    ,(#11385,#11386)
    ,(#11387,#11388)
    ,(#11389,#11390)
    ,(#11391,#11392)
    ,(#11393,#11394)
    ,(#11395,#11396)
    ,(#11397,#11398)
    ,(#11399,#11400)
    ,(#11401,#11402)
    ,(#11403,#11404)
    ,(#11405,#11406)
    ,(#11407,#11408)
    ,(#11409,#11410)
    ,(#11411,#11412)
    ,(#11413,#11414)
    ,(#11415,#11416)
    ,(#11417,#11418)
    ,(#11419,#11420)
    ,(#11421,#11422)
    ,(#11423,#11424)
    ,(#11425,#11426)
    ,(#11427,#11428)
    ,(#11429,#11430)
    ,(#11431,#11432)
    ,(#11433,#11434)
    ,(#11435,#11436)
    ,(#11437,#11438)
    ,(#11439,#11440)
    ,(#11441,#11442)
    ,(#11443,#11444)
    ,(#11445,#11446)
    ,(#11447,#11448)
    ,(#11449,#11450)
    ,(#11451,#11452)
    ,(#11453,#11454)
    ,(#11455,#11456)
    ,(#11457,#11458)
    ,(#11459,#11460)
    ,(#11461,#11462
    )),.UNSPECIFIED.,.F.,.F.,.F.,(4,1,1,1,1,1,1,1,1,1,1,1,1,1,1,1,1,1,1,
    1,1,1,1,1,1,1,1,1,1,1,1,1,1,1,1,1,1,1,1,1,1,1,1,1,1,1,1,4),(2,2),(0.
    ,0.770020974153,1.626265687068,2.501235809007,3.323017628822,
    4.226168942917,5.140567564886,6.064285262741,6.923787879437,
    7.860959618837,8.803220404646,9.749496837408,10.625745778606,
    11.577210076157,12.530237508485,13.484135816053,14.364871812505,
    15.318618169461,16.271356512646,17.222443906393,18.098342389538,
    19.044380308015,19.986772779966,20.924790631856,21.786128506054,
    22.713614611572,23.634502775488,24.548028034391,25.38410411673,
    26.281393184443,27.169232325991,28.047009844699,28.847877333261,
    29.704892084705,30.550578145199,31.384742808357,32.14448317376,
    32.956538608657,33.75747556067,34.547827237765,35.268649993444,
    36.041021221912,36.805779378973,37.564485879874,38.261073281275,
    39.01367744831,39.766626217161,40.522198623296),(-22.4,0.),
  .UNSPECIFIED.);
#11363 = CARTESIAN_POINT('',(10.811185462413,-5.779995801459,22.4));
#11364 = CARTESIAN_POINT('',(10.811185462413,-5.779995801459,0.));
#11365 = CARTESIAN_POINT('',(11.056254991523,-5.704001703035,22.4));
#11366 = CARTESIAN_POINT('',(11.056254991523,-5.704001703035,0.));
#11367 = CARTESIAN_POINT('',(11.572127583822,-5.536616376993,22.4));
#11368 = CARTESIAN_POINT('',(11.572127583822,-5.536616376993,0.));
#11369 = CARTESIAN_POINT('',(12.378457631121,-5.323359011338,22.4));
#11370 = CARTESIAN_POINT('',(12.378457631121,-5.323359011338,0.));
#11371 = CARTESIAN_POINT('',(13.208540324342,-5.135032107618,22.4));
#11372 = CARTESIAN_POINT('',(13.208540324342,-5.135032107618,0.));
#11373 = CARTESIAN_POINT('',(14.060974844995,-4.97755483101,22.4));
#11374 = CARTESIAN_POINT('',(14.060974844995,-4.97755483101,0.));
#11375 = CARTESIAN_POINT('',(14.931964377745,-4.851780555304,22.4));
#11376 = CARTESIAN_POINT('',(14.931964377745,-4.851780555304,0.));
#11377 = CARTESIAN_POINT('',(15.84126115267,-4.75895288089,22.4));
#11378 = CARTESIAN_POINT('',(15.84126115267,-4.75895288089,0.));
#11379 = CARTESIAN_POINT('',(16.739128668558,-4.705184290526,22.4));
#11380 = CARTESIAN_POINT('',(16.739128668558,-4.705184290526,0.));
#11381 = CARTESIAN_POINT('',(17.645982550184,-4.687753470237,22.4));
#11382 = CARTESIAN_POINT('',(17.645982550184,-4.687753470237,0.));
#11383 = CARTESIAN_POINT('',(18.559028265218,-4.707437542484,22.4));
#11384 = CARTESIAN_POINT('',(18.559028265218,-4.707437542484,0.));
#11385 = CARTESIAN_POINT('',(19.499281096016,-4.767727971147,22.4));
#11386 = CARTESIAN_POINT('',(19.499281096016,-4.767727971147,0.));
#11387 = CARTESIAN_POINT('',(20.41593656905,-4.865703467748,22.4));
#11388 = CARTESIAN_POINT('',(20.41593656905,-4.865703467748,0.));
#11389 = CARTESIAN_POINT('',(21.330832172754,-5.001303181812,22.4));
#11390 = CARTESIAN_POINT('',(21.330832172754,-5.001303181812,0.));
#11391 = CARTESIAN_POINT('',(22.241757743422,-5.174206920646,22.4));
#11392 = CARTESIAN_POINT('',(22.241757743422,-5.174206920646,0.));
#11393 = CARTESIAN_POINT('',(23.169888233268,-5.390795676388,22.4));
#11394 = CARTESIAN_POINT('',(23.169888233268,-5.390795676388,0.));
#11395 = CARTESIAN_POINT('',(24.065586325098,-5.639123307605,22.4));
#11396 = CARTESIAN_POINT('',(24.065586325098,-5.639123307605,0.));
#11397 = CARTESIAN_POINT('',(24.951082265345,-5.922283794279,22.4));
#11398 = CARTESIAN_POINT('',(24.951082265345,-5.922283794279,0.));
#11399 = CARTESIAN_POINT('',(25.824712319785,-6.239158031315,22.4));
#11400 = CARTESIAN_POINT('',(25.824712319785,-6.239158031315,0.));
#11401 = CARTESIAN_POINT('',(26.706941123,-6.598917274194,22.4));
#11402 = CARTESIAN_POINT('',(26.706941123,-6.598917274194,0.));
#11403 = CARTESIAN_POINT('',(27.551050901772,-6.98159263176,22.4));
#11404 = CARTESIAN_POINT('',(27.551050901772,-6.98159263176,0.));
#11405 = CARTESIAN_POINT('',(28.378740621118,-7.393492358608,22.4));
#11406 = CARTESIAN_POINT('',(28.378740621118,-7.393492358608,0.));
#11407 = CARTESIAN_POINT('',(29.188845540675,-7.833000559333,22.4));
#11408 = CARTESIAN_POINT('',(29.188845540675,-7.833000559333,0.));
#11409 = CARTESIAN_POINT('',(30.000514700637,-8.311754305156,22.4));
#11410 = CARTESIAN_POINT('',(30.000514700637,-8.311754305156,0.));
#11411 = CARTESIAN_POINT('',(30.771177468867,-8.803340882316,22.4));
#11412 = CARTESIAN_POINT('',(30.771177468867,-8.803340882316,0.));
#11413 = CARTESIAN_POINT('',(31.521241160434,-9.316999687833,22.4));
#11414 = CARTESIAN_POINT('',(31.521241160434,-9.316999687833,0.));
#11415 = CARTESIAN_POINT('',(32.249989031582,-9.850910214552,22.4));
#11416 = CARTESIAN_POINT('',(32.249989031582,-9.850910214552,0.));
#11417 = CARTESIAN_POINT('',(32.974843961159,-10.41874250696,22.4));
#11418 = CARTESIAN_POINT('',(32.974843961159,-10.41874250696,0.));
#11419 = CARTESIAN_POINT('',(33.65814380766,-10.98948722509,22.4));
#11420 = CARTESIAN_POINT('',(33.65814380766,-10.98948722509,0.));
#11421 = CARTESIAN_POINT('',(34.318465050838,-11.57482351356,22.4));
#11422 = CARTESIAN_POINT('',(34.318465050838,-11.57482351356,0.));
#11423 = CARTESIAN_POINT('',(34.955500011113,-12.17300860726,22.4));
#11424 = CARTESIAN_POINT('',(34.955500011113,-12.17300860726,0.));
#11425 = CARTESIAN_POINT('',(35.584661596155,-12.79932017145,22.4));
#11426 = CARTESIAN_POINT('',(35.584661596155,-12.79932017145,0.));
#11427 = CARTESIAN_POINT('',(36.173716046636,-13.41987036706,22.4));
#11428 = CARTESIAN_POINT('',(36.173716046636,-13.41987036706,0.));
#11429 = CARTESIAN_POINT('',(36.738957189893,-14.04840105377,22.4));
#11430 = CARTESIAN_POINT('',(36.738957189893,-14.04840105377,0.));
#11431 = CARTESIAN_POINT('',(37.280476384384,-14.68350807829,22.4));
#11432 = CARTESIAN_POINT('',(37.280476384384,-14.68350807829,0.));
#11433 = CARTESIAN_POINT('',(37.81156858636,-15.34167846686,22.4));
#11434 = CARTESIAN_POINT('',(37.81156858636,-15.34167846686,0.));
#11435 = CARTESIAN_POINT('',(38.305189948989,-15.98804235015,22.4));
#11436 = CARTESIAN_POINT('',(38.305189948989,-15.98804235015,0.));
#11437 = CARTESIAN_POINT('',(38.775589772907,-16.63768123999,22.4));
#11438 = CARTESIAN_POINT('',(38.775589772907,-16.63768123999,0.));
#11439 = CARTESIAN_POINT('',(39.223138707278,-17.28989688034,22.4));
#11440 = CARTESIAN_POINT('',(39.223138707278,-17.28989688034,0.));
#11441 = CARTESIAN_POINT('',(39.658970786191,-17.96219630667,22.4));
#11442 = CARTESIAN_POINT('',(39.658970786191,-17.96219630667,0.));
#11443 = CARTESIAN_POINT('',(40.061155141349,-18.61973043544,22.4));
#11444 = CARTESIAN_POINT('',(40.061155141349,-18.61973043544,0.));
#11445 = CARTESIAN_POINT('',(40.441858339469,-19.27900388971,22.4));
#11446 = CARTESIAN_POINT('',(40.441858339469,-19.27900388971,0.));
#11447 = CARTESIAN_POINT('',(40.801617639169,-19.94000685909,22.4));
#11448 = CARTESIAN_POINT('',(40.801617639169,-19.94000685909,0.));
#11449 = CARTESIAN_POINT('',(41.149823667429,-20.62232045607,22.4));
#11450 = CARTESIAN_POINT('',(41.149823667429,-20.62232045607,0.));
#11451 = CARTESIAN_POINT('',(41.467884727312,-21.287958225,22.4));
#11452 = CARTESIAN_POINT('',(41.467884727312,-21.287958225,0.));
#11453 = CARTESIAN_POINT('',(41.770898186508,-21.96794468775,22.4));
#11454 = CARTESIAN_POINT('',(41.770898186508,-21.96794468775,0.));
#11455 = CARTESIAN_POINT('',(42.041339665499,-22.61451401332,22.4));
#11456 = CARTESIAN_POINT('',(42.041339665499,-22.61451401332,0.));
#11457 = CARTESIAN_POINT('',(42.356678966097,-23.43644630274,22.4));
#11458 = CARTESIAN_POINT('',(42.356678966097,-23.43644630274,0.));
#11459 = CARTESIAN_POINT('',(42.414947175314,-23.61456133523,22.4));
#11460 = CARTESIAN_POINT('',(42.414947175314,-23.61456133523,0.));
#11461 = CARTESIAN_POINT('',(42.571692928581,-24.05511145745,22.4));
#11462 = CARTESIAN_POINT('',(42.571692928581,-24.05511145745,0.));
#11463 = DEFINITIONAL_REPRESENTATION('',(#11464),#11468);
#11464 = LINE('',#11465,#11466);
#11465 = CARTESIAN_POINT('',(0.617636313455,0.));
#11466 = VECTOR('',#11467,1.);
#11467 = DIRECTION('',(0.,-1.));
#11468 = ( GEOMETRIC_REPRESENTATION_CONTEXT(2) 
PARAMETRIC_REPRESENTATION_CONTEXT() REPRESENTATION_CONTEXT('2D SPACE',''
  ) );
#11469 = ORIENTED_EDGE('',*,*,#11470,.T.);
#11470 = EDGE_CURVE('',#11342,#11471,#11473,.T.);
#11471 = VERTEX_POINT('',#11472);
#11472 = CARTESIAN_POINT('',(12.693700184437,-0.399969533376,22.4));
#11473 = SURFACE_CURVE('',#11474,(#11479,#11486),.PCURVE_S1.);
#11474 = CIRCLE('',#11475,12.7);
#11475 = AXIS2_PLACEMENT_3D('',#11476,#11477,#11478);
#11476 = CARTESIAN_POINT('',(0.,0.,22.4));
#11477 = DIRECTION('',(0.,0.,1.));
#11478 = DIRECTION('',(1.,0.,-0.));
#11479 = PCURVE('',#11350,#11480);
#11480 = DEFINITIONAL_REPRESENTATION('',(#11481),#11485);
#11481 = LINE('',#11482,#11483);
#11482 = CARTESIAN_POINT('',(-0.,-22.4));
#11483 = VECTOR('',#11484,1.);
#11484 = DIRECTION('',(-1.,0.));
#11485 = ( GEOMETRIC_REPRESENTATION_CONTEXT(2) 
PARAMETRIC_REPRESENTATION_CONTEXT() REPRESENTATION_CONTEXT('2D SPACE',''
  ) );
#11486 = PCURVE('',#169,#11487);
#11487 = DEFINITIONAL_REPRESENTATION('',(#11488),#11492);
#11488 = CIRCLE('',#11489,12.7);
#11489 = AXIS2_PLACEMENT_2D('',#11490,#11491);
#11490 = CARTESIAN_POINT('',(0.,-1.204325410458E-15));
#11491 = DIRECTION('',(1.,0.));
#11492 = ( GEOMETRIC_REPRESENTATION_CONTEXT(2) 
PARAMETRIC_REPRESENTATION_CONTEXT() REPRESENTATION_CONTEXT('2D SPACE',''
  ) );
#11493 = ORIENTED_EDGE('',*,*,#11494,.F.);
#11494 = EDGE_CURVE('',#11495,#11471,#11497,.T.);
#11495 = VERTEX_POINT('',#11496);
#11496 = CARTESIAN_POINT('',(12.693700184437,-0.399969533376,0.));
#11497 = SURFACE_CURVE('',#11498,(#11502,#11509),.PCURVE_S1.);
#11498 = LINE('',#11499,#11500);
#11499 = CARTESIAN_POINT('',(12.693700184437,-0.399969533376,0.));
#11500 = VECTOR('',#11501,1.);
#11501 = DIRECTION('',(0.,0.,1.));
#11502 = PCURVE('',#11350,#11503);
#11503 = DEFINITIONAL_REPRESENTATION('',(#11504),#11508);
#11504 = LINE('',#11505,#11506);
#11505 = CARTESIAN_POINT('',(-6.251686434639,0.));
#11506 = VECTOR('',#11507,1.);
#11507 = DIRECTION('',(-0.,-1.));
#11508 = ( GEOMETRIC_REPRESENTATION_CONTEXT(2) 
PARAMETRIC_REPRESENTATION_CONTEXT() REPRESENTATION_CONTEXT('2D SPACE',''
  ) );
#11509 = PCURVE('',#11510,#11515);
#11510 = PLANE('',#11511);
#11511 = AXIS2_PLACEMENT_3D('',#11512,#11513,#11514);
#11512 = CARTESIAN_POINT('',(13.147240843796,-0.399969533376,0.));
#11513 = DIRECTION('',(0.,-1.,0.));
#11514 = DIRECTION('',(-1.,0.,0.));
#11515 = DEFINITIONAL_REPRESENTATION('',(#11516),#11520);
#11516 = LINE('',#11517,#11518);
#11517 = CARTESIAN_POINT('',(0.453540659359,0.));
#11518 = VECTOR('',#11519,1.);
#11519 = DIRECTION('',(0.,-1.));
#11520 = ( GEOMETRIC_REPRESENTATION_CONTEXT(2) 
PARAMETRIC_REPRESENTATION_CONTEXT() REPRESENTATION_CONTEXT('2D SPACE',''
  ) );
#11521 = ORIENTED_EDGE('',*,*,#11522,.F.);
#11522 = EDGE_CURVE('',#11340,#11495,#11523,.T.);
#11523 = SURFACE_CURVE('',#11524,(#11529,#11536),.PCURVE_S1.);
#11524 = CIRCLE('',#11525,12.7);
#11525 = AXIS2_PLACEMENT_3D('',#11526,#11527,#11528);
#11526 = CARTESIAN_POINT('',(0.,0.,0.));
#11527 = DIRECTION('',(0.,0.,1.));
#11528 = DIRECTION('',(1.,0.,-0.));
#11529 = PCURVE('',#11350,#11530);
#11530 = DEFINITIONAL_REPRESENTATION('',(#11531),#11535);
#11531 = LINE('',#11532,#11533);
#11532 = CARTESIAN_POINT('',(-0.,0.));
#11533 = VECTOR('',#11534,1.);
#11534 = DIRECTION('',(-1.,0.));
#11535 = ( GEOMETRIC_REPRESENTATION_CONTEXT(2) 
PARAMETRIC_REPRESENTATION_CONTEXT() REPRESENTATION_CONTEXT('2D SPACE',''
  ) );
#11536 = PCURVE('',#224,#11537);
#11537 = DEFINITIONAL_REPRESENTATION('',(#11538),#11542);
#11538 = CIRCLE('',#11539,12.7);
#11539 = AXIS2_PLACEMENT_2D('',#11540,#11541);
#11540 = CARTESIAN_POINT('',(0.,-1.204325410458E-15));
#11541 = DIRECTION('',(1.,0.));
#11542 = ( GEOMETRIC_REPRESENTATION_CONTEXT(2) 
PARAMETRIC_REPRESENTATION_CONTEXT() REPRESENTATION_CONTEXT('2D SPACE',''
  ) );
#11543 = ADVANCED_FACE('',(#11544),#11510,.T.);
#11544 = FACE_BOUND('',#11545,.T.);
#11545 = EDGE_LOOP('',(#11546,#11672,#11693,#11694));
#11546 = ORIENTED_EDGE('',*,*,#11547,.T.);
#11547 = EDGE_CURVE('',#11548,#11550,#11552,.T.);
#11548 = VERTEX_POINT('',#11549);
#11549 = CARTESIAN_POINT('',(13.147240843796,-0.399969533376,0.));
#11550 = VERTEX_POINT('',#11551);
#11551 = CARTESIAN_POINT('',(13.147240843796,-0.399969533376,22.4));
#11552 = SURFACE_CURVE('',#11553,(#11557,#11564),.PCURVE_S1.);
#11553 = LINE('',#11554,#11555);
#11554 = CARTESIAN_POINT('',(13.147240843796,-0.399969533376,0.));
#11555 = VECTOR('',#11556,1.);
#11556 = DIRECTION('',(0.,0.,1.));
#11557 = PCURVE('',#11510,#11558);
#11558 = DEFINITIONAL_REPRESENTATION('',(#11559),#11563);
#11559 = LINE('',#11560,#11561);
#11560 = CARTESIAN_POINT('',(0.,-0.));
#11561 = VECTOR('',#11562,1.);
#11562 = DIRECTION('',(0.,-1.));
#11563 = ( GEOMETRIC_REPRESENTATION_CONTEXT(2) 
PARAMETRIC_REPRESENTATION_CONTEXT() REPRESENTATION_CONTEXT('2D SPACE',''
  ) );
#11564 = PCURVE('',#11565,#11666);
#11565 = B_SPLINE_SURFACE_WITH_KNOTS('',3,1,(
    (#11566,#11567)
    ,(#11568,#11569)
    ,(#11570,#11571)
    ,(#11572,#11573)
    ,(#11574,#11575)
    ,(#11576,#11577)
    ,(#11578,#11579)
    ,(#11580,#11581)
    ,(#11582,#11583)
    ,(#11584,#11585)
    ,(#11586,#11587)
    ,(#11588,#11589)
    ,(#11590,#11591)
    ,(#11592,#11593)
    ,(#11594,#11595)
    ,(#11596,#11597)
    ,(#11598,#11599)
    ,(#11600,#11601)
    ,(#11602,#11603)
    ,(#11604,#11605)
    ,(#11606,#11607)
    ,(#11608,#11609)
    ,(#11610,#11611)
    ,(#11612,#11613)
    ,(#11614,#11615)
    ,(#11616,#11617)
    ,(#11618,#11619)
    ,(#11620,#11621)
    ,(#11622,#11623)
    ,(#11624,#11625)
    ,(#11626,#11627)
    ,(#11628,#11629)
    ,(#11630,#11631)
    ,(#11632,#11633)
    ,(#11634,#11635)
    ,(#11636,#11637)
    ,(#11638,#11639)
    ,(#11640,#11641)
    ,(#11642,#11643)
    ,(#11644,#11645)
    ,(#11646,#11647)
    ,(#11648,#11649)
    ,(#11650,#11651)
    ,(#11652,#11653)
    ,(#11654,#11655)
    ,(#11656,#11657)
    ,(#11658,#11659)
    ,(#11660,#11661)
    ,(#11662,#11663)
    ,(#11664,#11665
    )),.UNSPECIFIED.,.F.,.F.,.F.,(4,1,1,1,1,1,1,1,1,1,1,1,1,1,1,1,1,1,1,
    1,1,1,1,1,1,1,1,1,1,1,1,1,1,1,1,1,1,1,1,1,1,1,1,1,1,1,1,4),(2,2),(0.
    ,0.72551896577,1.446812427957,2.167545581006,2.834652630785,
    3.561455250387,4.294404186133,5.035083262141,5.726745513771,
    6.485571675342,7.25499120568,8.035460380499,8.765906861733,
    9.568099084978,10.381469893138,11.205727652658,11.975881503332,
    12.819782078992,13.673026185696,14.534915364628,15.33753390218,
    16.21390469293,17.096636274619,17.984915961911,18.809100000342,
    19.705802922083,20.60576324729,21.508256924785,22.342991216384,
    23.248469118661,24.154594114226,25.060793204637,25.896884345071,
    26.801694858737,27.704993846459,28.606214463702,29.435742647904,
    30.331166080504,31.222462333173,32.108696907138,32.921319115104,
    33.794515353684,34.658772776489,35.512251077876,36.288651119977,
    37.115000087988,37.923185154055,38.651120081248),(-22.4,0.),
  .UNSPECIFIED.);
#11566 = CARTESIAN_POINT('',(48.104276713012,-0.45350885127,22.4));
#11567 = CARTESIAN_POINT('',(48.104276713012,-0.45350885127,0.));
#11568 = CARTESIAN_POINT('',(47.919970472485,-0.296472552567,22.4));
#11569 = CARTESIAN_POINT('',(47.919970472485,-0.296472552567,0.));
#11570 = CARTESIAN_POINT('',(47.556178968215,1.956544766359E-02,22.4));
#11571 = CARTESIAN_POINT('',(47.556178968215,1.956544766359E-02,0.));
#11572 = CARTESIAN_POINT('',(46.992784907213,0.472410586833,22.4));
#11573 = CARTESIAN_POINT('',(46.992784907213,0.472410586833,0.));
#11574 = CARTESIAN_POINT('',(46.434708696903,0.900006857568,22.4));
#11575 = CARTESIAN_POINT('',(46.434708696903,0.900006857568,0.));
#11576 = CARTESIAN_POINT('',(45.863993331981,1.313852260783,22.4));
#11577 = CARTESIAN_POINT('',(45.863993331981,1.313852260783,0.));
#11578 = CARTESIAN_POINT('',(45.279631612404,1.715406671348,22.4));
#11579 = CARTESIAN_POINT('',(45.279631612404,1.715406671348,0.));
#11580 = CARTESIAN_POINT('',(44.664225564456,2.114645123302,22.4));
#11581 = CARTESIAN_POINT('',(44.664225564456,2.114645123302,0.));
#11582 = CARTESIAN_POINT('',(44.04848889241,2.49138474715,22.4));
#11583 = CARTESIAN_POINT('',(44.04848889241,2.49138474715,0.));
#11584 = CARTESIAN_POINT('',(43.415962600723,2.856734540937,22.4));
#11585 = CARTESIAN_POINT('',(43.415962600723,2.856734540937,0.));
#11586 = CARTESIAN_POINT('',(42.765984401556,3.210585951824,22.4));
#11587 = CARTESIAN_POINT('',(42.765984401556,3.210585951824,0.));
#11588 = CARTESIAN_POINT('',(42.080591574289,3.560745302639,22.4));
#11589 = CARTESIAN_POINT('',(42.080591574289,3.560745302639,0.));
#11590 = CARTESIAN_POINT('',(41.394779528409,3.888719679102,22.4));
#11591 = CARTESIAN_POINT('',(41.394779528409,3.888719679102,0.));
#11592 = CARTESIAN_POINT('',(40.690929075259,4.203688016384,22.4));
#11593 = CARTESIAN_POINT('',(40.690929075259,4.203688016384,0.));
#11594 = CARTESIAN_POINT('',(39.969139645062,4.504845951063,22.4));
#11595 = CARTESIAN_POINT('',(39.969139645062,4.504845951063,0.));
#11596 = CARTESIAN_POINT('',(39.21038161945,4.797861366055,22.4));
#11597 = CARTESIAN_POINT('',(39.21038161945,4.797861366055,0.));
#11598 = CARTESIAN_POINT('',(38.454029203552,5.06665777555,22.4));
#11599 = CARTESIAN_POINT('',(38.454029203552,5.06665777555,0.));
#11600 = CARTESIAN_POINT('',(37.681176437437,5.318518214314,22.4));
#11601 = CARTESIAN_POINT('',(37.681176437437,5.318518214314,0.));
#11602 = CARTESIAN_POINT('',(36.892557796978,5.552314185468,22.4));
#11603 = CARTESIAN_POINT('',(36.892557796978,5.552314185468,0.));
#11604 = CARTESIAN_POINT('',(36.067990404581,5.771216192382,22.4));
#11605 = CARTESIAN_POINT('',(36.067990404581,5.771216192382,0.));
#11606 = CARTESIAN_POINT('',(35.250791481739,5.962880206793,22.4));
#11607 = CARTESIAN_POINT('',(35.250791481739,5.962880206793,0.));
#11608 = CARTESIAN_POINT('',(34.42089376123,6.132557545214,22.4));
#11609 = CARTESIAN_POINT('',(34.42089376123,6.132557545214,0.));
#11610 = CARTESIAN_POINT('',(33.579492718706,6.278976098759,22.4));
#11611 = CARTESIAN_POINT('',(33.579492718706,6.278976098759,0.));
#11612 = CARTESIAN_POINT('',(32.705634952372,6.402949058301,22.4));
#11613 = CARTESIAN_POINT('',(32.705634952372,6.402949058301,0.));
#11614 = CARTESIAN_POINT('',(31.845520110105,6.496819793177,22.4));
#11615 = CARTESIAN_POINT('',(31.845520110105,6.496819793177,0.));
#11616 = CARTESIAN_POINT('',(30.978232252213,6.563622950087,22.4));
#11617 = CARTESIAN_POINT('',(30.978232252213,6.563622950087,0.));
#11618 = CARTESIAN_POINT('',(30.105294805435,6.602244396839,22.4));
#11619 = CARTESIAN_POINT('',(30.105294805435,6.602244396839,0.));
#11620 = CARTESIAN_POINT('',(29.205429257836,6.6106357212,22.4));
#11621 = CARTESIAN_POINT('',(29.205429257836,6.6106357212,0.));
#11622 = CARTESIAN_POINT('',(28.326478280694,6.587340491706,22.4));
#11623 = CARTESIAN_POINT('',(28.326478280694,6.587340491706,0.));
#11624 = CARTESIAN_POINT('',(27.44709217365,6.532903434063,22.4));
#11625 = CARTESIAN_POINT('',(27.44709217365,6.532903434063,0.));
#11626 = CARTESIAN_POINT('',(26.568993145543,6.4466136461,22.4));
#11627 = CARTESIAN_POINT('',(26.568993145543,6.4466136461,0.));
#11628 = CARTESIAN_POINT('',(25.671248574259,6.323405423359,22.4));
#11629 = CARTESIAN_POINT('',(25.671248574259,6.323405423359,0.));
#11630 = CARTESIAN_POINT('',(24.801792929677,6.169107066793,22.4));
#11631 = CARTESIAN_POINT('',(24.801792929677,6.169107066793,0.));
#11632 = CARTESIAN_POINT('',(23.93937765341,5.981597855311,22.4));
#11633 = CARTESIAN_POINT('',(23.93937765341,5.981597855311,0.));
#11634 = CARTESIAN_POINT('',(23.085824159913,5.76079399669,22.4));
#11635 = CARTESIAN_POINT('',(23.085824159913,5.76079399669,0.));
#11636 = CARTESIAN_POINT('',(22.221306529092,5.498725165056,22.4));
#11637 = CARTESIAN_POINT('',(22.221306529092,5.498725165056,0.));
#11638 = CARTESIAN_POINT('',(21.39214491597,5.209134652432,22.4));
#11639 = CARTESIAN_POINT('',(21.39214491597,5.209134652432,0.));
#11640 = CARTESIAN_POINT('',(20.577853939735,4.887241642236,22.4));
#11641 = CARTESIAN_POINT('',(20.577853939735,4.887241642236,0.));
#11642 = CARTESIAN_POINT('',(19.780299474767,4.533832284114,22.4));
#11643 = CARTESIAN_POINT('',(19.780299474767,4.533832284114,0.));
#11644 = CARTESIAN_POINT('',(18.981517333528,4.138511822526,22.4));
#11645 = CARTESIAN_POINT('',(18.981517333528,4.138511822526,0.));
#11646 = CARTESIAN_POINT('',(18.224446695419,3.722916809738,22.4));
#11647 = CARTESIAN_POINT('',(18.224446695419,3.722916809738,0.));
#11648 = CARTESIAN_POINT('',(17.490131962596,3.279921568435,22.4));
#11649 = CARTESIAN_POINT('',(17.490131962596,3.279921568435,0.));
#11650 = CARTESIAN_POINT('',(16.78057661926,2.811609979174,22.4));
#11651 = CARTESIAN_POINT('',(16.78057661926,2.811609979174,0.));
#11652 = CARTESIAN_POINT('',(16.079861530216,2.305595092121,22.4));
#11653 = CARTESIAN_POINT('',(16.079861530216,2.305595092121,0.));
#11654 = CARTESIAN_POINT('',(15.427537116823,1.79226505272,22.4));
#11655 = CARTESIAN_POINT('',(15.427537116823,1.79226505272,0.));
#11656 = CARTESIAN_POINT('',(14.800837284315,1.256812898286,22.4));
#11657 = CARTESIAN_POINT('',(14.800837284315,1.256812898286,0.));
#11658 = CARTESIAN_POINT('',(14.224977665096,0.726078613454,22.4));
#11659 = CARTESIAN_POINT('',(14.224977665096,0.726078613454,0.));
#11660 = CARTESIAN_POINT('',(13.61566630706,0.116302638697,22.4));
#11661 = CARTESIAN_POINT('',(13.61566630706,0.116302638697,0.));
#11662 = CARTESIAN_POINT('',(13.387746797201,-0.139969012133,22.4));
#11663 = CARTESIAN_POINT('',(13.387746797201,-0.139969012133,0.));
#11664 = CARTESIAN_POINT('',(13.147240843796,-0.399969533376,22.4));
#11665 = CARTESIAN_POINT('',(13.147240843796,-0.399969533376,0.));
#11666 = DEFINITIONAL_REPRESENTATION('',(#11667),#11671);
#11667 = LINE('',#11668,#11669);
#11668 = CARTESIAN_POINT('',(38.651120081248,0.));
#11669 = VECTOR('',#11670,1.);
#11670 = DIRECTION('',(0.,-1.));
#11671 = ( GEOMETRIC_REPRESENTATION_CONTEXT(2) 
PARAMETRIC_REPRESENTATION_CONTEXT() REPRESENTATION_CONTEXT('2D SPACE',''
  ) );
#11672 = ORIENTED_EDGE('',*,*,#11673,.T.);
#11673 = EDGE_CURVE('',#11550,#11471,#11674,.T.);
#11674 = SURFACE_CURVE('',#11675,(#11679,#11686),.PCURVE_S1.);
#11675 = LINE('',#11676,#11677);
#11676 = CARTESIAN_POINT('',(13.147240843796,-0.399969533376,22.4));
#11677 = VECTOR('',#11678,1.);
#11678 = DIRECTION('',(-1.,0.,0.));
#11679 = PCURVE('',#11510,#11680);
#11680 = DEFINITIONAL_REPRESENTATION('',(#11681),#11685);
#11681 = LINE('',#11682,#11683);
#11682 = CARTESIAN_POINT('',(0.,-22.4));
#11683 = VECTOR('',#11684,1.);
#11684 = DIRECTION('',(1.,0.));
#11685 = ( GEOMETRIC_REPRESENTATION_CONTEXT(2) 
PARAMETRIC_REPRESENTATION_CONTEXT() REPRESENTATION_CONTEXT('2D SPACE',''
  ) );
#11686 = PCURVE('',#169,#11687);
#11687 = DEFINITIONAL_REPRESENTATION('',(#11688),#11692);
#11688 = LINE('',#11689,#11690);
#11689 = CARTESIAN_POINT('',(13.147240843796,-0.399969533376));
#11690 = VECTOR('',#11691,1.);
#11691 = DIRECTION('',(-1.,0.));
#11692 = ( GEOMETRIC_REPRESENTATION_CONTEXT(2) 
PARAMETRIC_REPRESENTATION_CONTEXT() REPRESENTATION_CONTEXT('2D SPACE',''
  ) );
#11693 = ORIENTED_EDGE('',*,*,#11494,.F.);
#11694 = ORIENTED_EDGE('',*,*,#11695,.F.);
#11695 = EDGE_CURVE('',#11548,#11495,#11696,.T.);
#11696 = SURFACE_CURVE('',#11697,(#11701,#11708),.PCURVE_S1.);
#11697 = LINE('',#11698,#11699);
#11698 = CARTESIAN_POINT('',(13.147240843796,-0.399969533376,0.));
#11699 = VECTOR('',#11700,1.);
#11700 = DIRECTION('',(-1.,0.,0.));
#11701 = PCURVE('',#11510,#11702);
#11702 = DEFINITIONAL_REPRESENTATION('',(#11703),#11707);
#11703 = LINE('',#11704,#11705);
#11704 = CARTESIAN_POINT('',(0.,-0.));
#11705 = VECTOR('',#11706,1.);
#11706 = DIRECTION('',(1.,0.));
#11707 = ( GEOMETRIC_REPRESENTATION_CONTEXT(2) 
PARAMETRIC_REPRESENTATION_CONTEXT() REPRESENTATION_CONTEXT('2D SPACE',''
  ) );
#11708 = PCURVE('',#224,#11709);
#11709 = DEFINITIONAL_REPRESENTATION('',(#11710),#11714);
#11710 = LINE('',#11711,#11712);
#11711 = CARTESIAN_POINT('',(13.147240843796,-0.399969533376));
#11712 = VECTOR('',#11713,1.);
#11713 = DIRECTION('',(-1.,0.));
#11714 = ( GEOMETRIC_REPRESENTATION_CONTEXT(2) 
PARAMETRIC_REPRESENTATION_CONTEXT() REPRESENTATION_CONTEXT('2D SPACE',''
  ) );
#11715 = ADVANCED_FACE('',(#11716),#11565,.T.);
#11716 = FACE_BOUND('',#11717,.T.);
#11717 = EDGE_LOOP('',(#11718,#11748,#11863,#11864));
#11718 = ORIENTED_EDGE('',*,*,#11719,.T.);
#11719 = EDGE_CURVE('',#11720,#11722,#11724,.T.);
#11720 = VERTEX_POINT('',#11721);
#11721 = CARTESIAN_POINT('',(48.104276713012,-0.45350885127,0.));
#11722 = VERTEX_POINT('',#11723);
#11723 = CARTESIAN_POINT('',(48.104276713012,-0.45350885127,22.4));
#11724 = SURFACE_CURVE('',#11725,(#11729,#11736),.PCURVE_S1.);
#11725 = LINE('',#11726,#11727);
#11726 = CARTESIAN_POINT('',(48.104276713012,-0.45350885127,0.));
#11727 = VECTOR('',#11728,1.);
#11728 = DIRECTION('',(0.,0.,1.));
#11729 = PCURVE('',#11565,#11730);
#11730 = DEFINITIONAL_REPRESENTATION('',(#11731),#11735);
#11731 = LINE('',#11732,#11733);
#11732 = CARTESIAN_POINT('',(0.,0.));
#11733 = VECTOR('',#11734,1.);
#11734 = DIRECTION('',(0.,-1.));
#11735 = ( GEOMETRIC_REPRESENTATION_CONTEXT(2) 
PARAMETRIC_REPRESENTATION_CONTEXT() REPRESENTATION_CONTEXT('2D SPACE',''
  ) );
#11736 = PCURVE('',#11737,#11742);
#11737 = PLANE('',#11738);
#11738 = AXIS2_PLACEMENT_3D('',#11739,#11740,#11741);
#11739 = CARTESIAN_POINT('',(48.493644160584,-0.785159873254,0.));
#11740 = DIRECTION('',(-0.648429791901,-0.761274461003,0.));
#11741 = DIRECTION('',(-0.761274461003,0.648429791901,0.));
#11742 = DEFINITIONAL_REPRESENTATION('',(#11743),#11747);
#11743 = LINE('',#11744,#11745);
#11744 = CARTESIAN_POINT('',(0.511467896951,0.));
#11745 = VECTOR('',#11746,1.);
#11746 = DIRECTION('',(0.,-1.));
#11747 = ( GEOMETRIC_REPRESENTATION_CONTEXT(2) 
PARAMETRIC_REPRESENTATION_CONTEXT() REPRESENTATION_CONTEXT('2D SPACE',''
  ) );
#11748 = ORIENTED_EDGE('',*,*,#11749,.T.);
#11749 = EDGE_CURVE('',#11722,#11550,#11750,.T.);
#11750 = SURFACE_CURVE('',#11751,(#11802,#11809),.PCURVE_S1.);
#11751 = B_SPLINE_CURVE_WITH_KNOTS('',3,(#11752,#11753,#11754,#11755,
    #11756,#11757,#11758,#11759,#11760,#11761,#11762,#11763,#11764,
    #11765,#11766,#11767,#11768,#11769,#11770,#11771,#11772,#11773,
    #11774,#11775,#11776,#11777,#11778,#11779,#11780,#11781,#11782,
    #11783,#11784,#11785,#11786,#11787,#11788,#11789,#11790,#11791,
    #11792,#11793,#11794,#11795,#11796,#11797,#11798,#11799,#11800,
    #11801),.UNSPECIFIED.,.F.,.F.,(4,1,1,1,1,1,1,1,1,1,1,1,1,1,1,1,1,1,1
    ,1,1,1,1,1,1,1,1,1,1,1,1,1,1,1,1,1,1,1,1,1,1,1,1,1,1,1,1,4),(0.,
    0.72551896577,1.446812427957,2.167545581006,2.834652630785,
    3.561455250387,4.294404186133,5.035083262141,5.726745513771,
    6.485571675342,7.25499120568,8.035460380499,8.765906861733,
    9.568099084978,10.381469893138,11.205727652658,11.975881503332,
    12.819782078992,13.673026185696,14.534915364628,15.33753390218,
    16.21390469293,17.096636274619,17.984915961911,18.809100000342,
    19.705802922083,20.60576324729,21.508256924785,22.342991216384,
    23.248469118661,24.154594114226,25.060793204637,25.896884345071,
    26.801694858737,27.704993846459,28.606214463702,29.435742647904,
    30.331166080504,31.222462333173,32.108696907138,32.921319115104,
    33.794515353684,34.658772776489,35.512251077876,36.288651119977,
    37.115000087988,37.923185154055,38.651120081248),.UNSPECIFIED.);
#11752 = CARTESIAN_POINT('',(48.104276713012,-0.45350885127,22.4));
#11753 = CARTESIAN_POINT('',(47.919970472485,-0.296472552567,22.4));
#11754 = CARTESIAN_POINT('',(47.556178968215,1.956544766359E-02,22.4));
#11755 = CARTESIAN_POINT('',(46.992784907213,0.472410586833,22.4));
#11756 = CARTESIAN_POINT('',(46.434708696903,0.900006857568,22.4));
#11757 = CARTESIAN_POINT('',(45.863993331981,1.313852260783,22.4));
#11758 = CARTESIAN_POINT('',(45.279631612404,1.715406671348,22.4));
#11759 = CARTESIAN_POINT('',(44.664225564456,2.114645123302,22.4));
#11760 = CARTESIAN_POINT('',(44.04848889241,2.49138474715,22.4));
#11761 = CARTESIAN_POINT('',(43.415962600723,2.856734540937,22.4));
#11762 = CARTESIAN_POINT('',(42.765984401556,3.210585951824,22.4));
#11763 = CARTESIAN_POINT('',(42.080591574289,3.560745302639,22.4));
#11764 = CARTESIAN_POINT('',(41.394779528409,3.888719679102,22.4));
#11765 = CARTESIAN_POINT('',(40.690929075259,4.203688016384,22.4));
#11766 = CARTESIAN_POINT('',(39.969139645062,4.504845951063,22.4));
#11767 = CARTESIAN_POINT('',(39.21038161945,4.797861366055,22.4));
#11768 = CARTESIAN_POINT('',(38.454029203552,5.06665777555,22.4));
#11769 = CARTESIAN_POINT('',(37.681176437437,5.318518214314,22.4));
#11770 = CARTESIAN_POINT('',(36.892557796978,5.552314185468,22.4));
#11771 = CARTESIAN_POINT('',(36.067990404581,5.771216192382,22.4));
#11772 = CARTESIAN_POINT('',(35.250791481739,5.962880206793,22.4));
#11773 = CARTESIAN_POINT('',(34.42089376123,6.132557545214,22.4));
#11774 = CARTESIAN_POINT('',(33.579492718706,6.278976098759,22.4));
#11775 = CARTESIAN_POINT('',(32.705634952372,6.402949058301,22.4));
#11776 = CARTESIAN_POINT('',(31.845520110105,6.496819793177,22.4));
#11777 = CARTESIAN_POINT('',(30.978232252213,6.563622950087,22.4));
#11778 = CARTESIAN_POINT('',(30.105294805435,6.602244396839,22.4));
#11779 = CARTESIAN_POINT('',(29.205429257836,6.6106357212,22.4));
#11780 = CARTESIAN_POINT('',(28.326478280694,6.587340491706,22.4));
#11781 = CARTESIAN_POINT('',(27.44709217365,6.532903434063,22.4));
#11782 = CARTESIAN_POINT('',(26.568993145543,6.4466136461,22.4));
#11783 = CARTESIAN_POINT('',(25.671248574259,6.323405423359,22.4));
#11784 = CARTESIAN_POINT('',(24.801792929677,6.169107066793,22.4));
#11785 = CARTESIAN_POINT('',(23.93937765341,5.981597855311,22.4));
#11786 = CARTESIAN_POINT('',(23.085824159913,5.76079399669,22.4));
#11787 = CARTESIAN_POINT('',(22.221306529092,5.498725165056,22.4));
#11788 = CARTESIAN_POINT('',(21.39214491597,5.209134652432,22.4));
#11789 = CARTESIAN_POINT('',(20.577853939735,4.887241642236,22.4));
#11790 = CARTESIAN_POINT('',(19.780299474767,4.533832284114,22.4));
#11791 = CARTESIAN_POINT('',(18.981517333528,4.138511822526,22.4));
#11792 = CARTESIAN_POINT('',(18.224446695419,3.722916809738,22.4));
#11793 = CARTESIAN_POINT('',(17.490131962596,3.279921568435,22.4));
#11794 = CARTESIAN_POINT('',(16.78057661926,2.811609979174,22.4));
#11795 = CARTESIAN_POINT('',(16.079861530216,2.305595092121,22.4));
#11796 = CARTESIAN_POINT('',(15.427537116823,1.79226505272,22.4));
#11797 = CARTESIAN_POINT('',(14.800837284315,1.256812898286,22.4));
#11798 = CARTESIAN_POINT('',(14.224977665096,0.726078613454,22.4));
#11799 = CARTESIAN_POINT('',(13.61566630706,0.116302638697,22.4));
#11800 = CARTESIAN_POINT('',(13.387746797201,-0.139969012133,22.4));
#11801 = CARTESIAN_POINT('',(13.147240843796,-0.399969533376,22.4));
#11802 = PCURVE('',#11565,#11803);
#11803 = DEFINITIONAL_REPRESENTATION('',(#11804),#11808);
#11804 = LINE('',#11805,#11806);
#11805 = CARTESIAN_POINT('',(0.,-22.4));
#11806 = VECTOR('',#11807,1.);
#11807 = DIRECTION('',(1.,0.));
#11808 = ( GEOMETRIC_REPRESENTATION_CONTEXT(2) 
PARAMETRIC_REPRESENTATION_CONTEXT() REPRESENTATION_CONTEXT('2D SPACE',''
  ) );
#11809 = PCURVE('',#169,#11810);
#11810 = DEFINITIONAL_REPRESENTATION('',(#11811),#11862);
#11811 = B_SPLINE_CURVE_WITH_KNOTS('',3,(#11812,#11813,#11814,#11815,
    #11816,#11817,#11818,#11819,#11820,#11821,#11822,#11823,#11824,
    #11825,#11826,#11827,#11828,#11829,#11830,#11831,#11832,#11833,
    #11834,#11835,#11836,#11837,#11838,#11839,#11840,#11841,#11842,
    #11843,#11844,#11845,#11846,#11847,#11848,#11849,#11850,#11851,
    #11852,#11853,#11854,#11855,#11856,#11857,#11858,#11859,#11860,
    #11861),.UNSPECIFIED.,.F.,.F.,(4,1,1,1,1,1,1,1,1,1,1,1,1,1,1,1,1,1,1
    ,1,1,1,1,1,1,1,1,1,1,1,1,1,1,1,1,1,1,1,1,1,1,1,1,1,1,1,1,4),(0.,
    0.72551896577,1.446812427957,2.167545581006,2.834652630785,
    3.561455250387,4.294404186133,5.035083262141,5.726745513771,
    6.485571675342,7.25499120568,8.035460380499,8.765906861733,
    9.568099084978,10.381469893138,11.205727652658,11.975881503332,
    12.819782078992,13.673026185696,14.534915364628,15.33753390218,
    16.21390469293,17.096636274619,17.984915961911,18.809100000342,
    19.705802922083,20.60576324729,21.508256924785,22.342991216384,
    23.248469118661,24.154594114226,25.060793204637,25.896884345071,
    26.801694858737,27.704993846459,28.606214463702,29.435742647904,
    30.331166080504,31.222462333173,32.108696907138,32.921319115104,
    33.794515353684,34.658772776489,35.512251077876,36.288651119977,
    37.115000087988,37.923185154055,38.651120081248),.UNSPECIFIED.);
#11812 = CARTESIAN_POINT('',(48.104276713012,-0.45350885127));
#11813 = CARTESIAN_POINT('',(47.919970472485,-0.296472552567));
#11814 = CARTESIAN_POINT('',(47.556178968215,1.956544766358E-02));
#11815 = CARTESIAN_POINT('',(46.992784907213,0.472410586833));
#11816 = CARTESIAN_POINT('',(46.434708696903,0.900006857568));
#11817 = CARTESIAN_POINT('',(45.863993331981,1.313852260783));
#11818 = CARTESIAN_POINT('',(45.279631612404,1.715406671348));
#11819 = CARTESIAN_POINT('',(44.664225564456,2.114645123302));
#11820 = CARTESIAN_POINT('',(44.04848889241,2.49138474715));
#11821 = CARTESIAN_POINT('',(43.415962600723,2.856734540937));
#11822 = CARTESIAN_POINT('',(42.765984401556,3.210585951824));
#11823 = CARTESIAN_POINT('',(42.080591574289,3.560745302639));
#11824 = CARTESIAN_POINT('',(41.394779528409,3.888719679102));
#11825 = CARTESIAN_POINT('',(40.690929075259,4.203688016384));
#11826 = CARTESIAN_POINT('',(39.969139645062,4.504845951063));
#11827 = CARTESIAN_POINT('',(39.21038161945,4.797861366055));
#11828 = CARTESIAN_POINT('',(38.454029203552,5.06665777555));
#11829 = CARTESIAN_POINT('',(37.681176437437,5.318518214314));
#11830 = CARTESIAN_POINT('',(36.892557796978,5.552314185468));
#11831 = CARTESIAN_POINT('',(36.067990404581,5.771216192382));
#11832 = CARTESIAN_POINT('',(35.250791481739,5.962880206793));
#11833 = CARTESIAN_POINT('',(34.42089376123,6.132557545214));
#11834 = CARTESIAN_POINT('',(33.579492718706,6.278976098759));
#11835 = CARTESIAN_POINT('',(32.705634952372,6.402949058301));
#11836 = CARTESIAN_POINT('',(31.845520110105,6.496819793177));
#11837 = CARTESIAN_POINT('',(30.978232252213,6.563622950087));
#11838 = CARTESIAN_POINT('',(30.105294805435,6.602244396839));
#11839 = CARTESIAN_POINT('',(29.205429257836,6.6106357212));
#11840 = CARTESIAN_POINT('',(28.326478280694,6.587340491706));
#11841 = CARTESIAN_POINT('',(27.44709217365,6.532903434063));
#11842 = CARTESIAN_POINT('',(26.568993145543,6.4466136461));
#11843 = CARTESIAN_POINT('',(25.671248574259,6.323405423359));
#11844 = CARTESIAN_POINT('',(24.801792929677,6.169107066793));
#11845 = CARTESIAN_POINT('',(23.93937765341,5.981597855311));
#11846 = CARTESIAN_POINT('',(23.085824159913,5.76079399669));
#11847 = CARTESIAN_POINT('',(22.221306529092,5.498725165056));
#11848 = CARTESIAN_POINT('',(21.39214491597,5.209134652432));
#11849 = CARTESIAN_POINT('',(20.577853939735,4.887241642236));
#11850 = CARTESIAN_POINT('',(19.780299474767,4.533832284114));
#11851 = CARTESIAN_POINT('',(18.981517333528,4.138511822526));
#11852 = CARTESIAN_POINT('',(18.224446695419,3.722916809738));
#11853 = CARTESIAN_POINT('',(17.490131962596,3.279921568435));
#11854 = CARTESIAN_POINT('',(16.78057661926,2.811609979174));
#11855 = CARTESIAN_POINT('',(16.079861530216,2.305595092121));
#11856 = CARTESIAN_POINT('',(15.427537116823,1.79226505272));
#11857 = CARTESIAN_POINT('',(14.800837284315,1.256812898286));
#11858 = CARTESIAN_POINT('',(14.224977665096,0.726078613454));
#11859 = CARTESIAN_POINT('',(13.61566630706,0.116302638697));
#11860 = CARTESIAN_POINT('',(13.387746797201,-0.139969012133));
#11861 = CARTESIAN_POINT('',(13.147240843796,-0.399969533376));
#11862 = ( GEOMETRIC_REPRESENTATION_CONTEXT(2) 
PARAMETRIC_REPRESENTATION_CONTEXT() REPRESENTATION_CONTEXT('2D SPACE',''
  ) );
#11863 = ORIENTED_EDGE('',*,*,#11547,.F.);
#11864 = ORIENTED_EDGE('',*,*,#11865,.F.);
#11865 = EDGE_CURVE('',#11720,#11548,#11866,.T.);
#11866 = SURFACE_CURVE('',#11867,(#11918,#11925),.PCURVE_S1.);
#11867 = B_SPLINE_CURVE_WITH_KNOTS('',3,(#11868,#11869,#11870,#11871,
    #11872,#11873,#11874,#11875,#11876,#11877,#11878,#11879,#11880,
    #11881,#11882,#11883,#11884,#11885,#11886,#11887,#11888,#11889,
    #11890,#11891,#11892,#11893,#11894,#11895,#11896,#11897,#11898,
    #11899,#11900,#11901,#11902,#11903,#11904,#11905,#11906,#11907,
    #11908,#11909,#11910,#11911,#11912,#11913,#11914,#11915,#11916,
    #11917),.UNSPECIFIED.,.F.,.F.,(4,1,1,1,1,1,1,1,1,1,1,1,1,1,1,1,1,1,1
    ,1,1,1,1,1,1,1,1,1,1,1,1,1,1,1,1,1,1,1,1,1,1,1,1,1,1,1,1,4),(0.,
    0.72551896577,1.446812427957,2.167545581006,2.834652630785,
    3.561455250387,4.294404186133,5.035083262141,5.726745513771,
    6.485571675342,7.25499120568,8.035460380499,8.765906861733,
    9.568099084978,10.381469893138,11.205727652658,11.975881503332,
    12.819782078992,13.673026185696,14.534915364628,15.33753390218,
    16.21390469293,17.096636274619,17.984915961911,18.809100000342,
    19.705802922083,20.60576324729,21.508256924785,22.342991216384,
    23.248469118661,24.154594114226,25.060793204637,25.896884345071,
    26.801694858737,27.704993846459,28.606214463702,29.435742647904,
    30.331166080504,31.222462333173,32.108696907138,32.921319115104,
    33.794515353684,34.658772776489,35.512251077876,36.288651119977,
    37.115000087988,37.923185154055,38.651120081248),.UNSPECIFIED.);
#11868 = CARTESIAN_POINT('',(48.104276713012,-0.45350885127,0.));
#11869 = CARTESIAN_POINT('',(47.919970472485,-0.296472552567,0.));
#11870 = CARTESIAN_POINT('',(47.556178968215,1.956544766359E-02,0.));
#11871 = CARTESIAN_POINT('',(46.992784907213,0.472410586833,0.));
#11872 = CARTESIAN_POINT('',(46.434708696903,0.900006857568,0.));
#11873 = CARTESIAN_POINT('',(45.863993331981,1.313852260783,0.));
#11874 = CARTESIAN_POINT('',(45.279631612404,1.715406671348,0.));
#11875 = CARTESIAN_POINT('',(44.664225564456,2.114645123302,0.));
#11876 = CARTESIAN_POINT('',(44.04848889241,2.49138474715,0.));
#11877 = CARTESIAN_POINT('',(43.415962600723,2.856734540937,0.));
#11878 = CARTESIAN_POINT('',(42.765984401556,3.210585951824,0.));
#11879 = CARTESIAN_POINT('',(42.080591574289,3.560745302639,0.));
#11880 = CARTESIAN_POINT('',(41.394779528409,3.888719679102,0.));
#11881 = CARTESIAN_POINT('',(40.690929075259,4.203688016384,0.));
#11882 = CARTESIAN_POINT('',(39.969139645062,4.504845951063,0.));
#11883 = CARTESIAN_POINT('',(39.21038161945,4.797861366055,0.));
#11884 = CARTESIAN_POINT('',(38.454029203552,5.06665777555,0.));
#11885 = CARTESIAN_POINT('',(37.681176437437,5.318518214314,0.));
#11886 = CARTESIAN_POINT('',(36.892557796978,5.552314185468,0.));
#11887 = CARTESIAN_POINT('',(36.067990404581,5.771216192382,0.));
#11888 = CARTESIAN_POINT('',(35.250791481739,5.962880206793,0.));
#11889 = CARTESIAN_POINT('',(34.42089376123,6.132557545214,0.));
#11890 = CARTESIAN_POINT('',(33.579492718706,6.278976098759,0.));
#11891 = CARTESIAN_POINT('',(32.705634952372,6.402949058301,0.));
#11892 = CARTESIAN_POINT('',(31.845520110105,6.496819793177,0.));
#11893 = CARTESIAN_POINT('',(30.978232252213,6.563622950087,0.));
#11894 = CARTESIAN_POINT('',(30.105294805435,6.602244396839,0.));
#11895 = CARTESIAN_POINT('',(29.205429257836,6.6106357212,0.));
#11896 = CARTESIAN_POINT('',(28.326478280694,6.587340491706,0.));
#11897 = CARTESIAN_POINT('',(27.44709217365,6.532903434063,0.));
#11898 = CARTESIAN_POINT('',(26.568993145543,6.4466136461,0.));
#11899 = CARTESIAN_POINT('',(25.671248574259,6.323405423359,0.));
#11900 = CARTESIAN_POINT('',(24.801792929677,6.169107066793,0.));
#11901 = CARTESIAN_POINT('',(23.93937765341,5.981597855311,0.));
#11902 = CARTESIAN_POINT('',(23.085824159913,5.76079399669,0.));
#11903 = CARTESIAN_POINT('',(22.221306529092,5.498725165056,0.));
#11904 = CARTESIAN_POINT('',(21.39214491597,5.209134652432,0.));
#11905 = CARTESIAN_POINT('',(20.577853939735,4.887241642236,0.));
#11906 = CARTESIAN_POINT('',(19.780299474767,4.533832284114,0.));
#11907 = CARTESIAN_POINT('',(18.981517333528,4.138511822526,0.));
#11908 = CARTESIAN_POINT('',(18.224446695419,3.722916809738,0.));
#11909 = CARTESIAN_POINT('',(17.490131962596,3.279921568435,0.));
#11910 = CARTESIAN_POINT('',(16.78057661926,2.811609979174,0.));
#11911 = CARTESIAN_POINT('',(16.079861530216,2.305595092121,0.));
#11912 = CARTESIAN_POINT('',(15.427537116823,1.79226505272,0.));
#11913 = CARTESIAN_POINT('',(14.800837284315,1.256812898286,0.));
#11914 = CARTESIAN_POINT('',(14.224977665096,0.726078613454,0.));
#11915 = CARTESIAN_POINT('',(13.61566630706,0.116302638697,0.));
#11916 = CARTESIAN_POINT('',(13.387746797201,-0.139969012133,0.));
#11917 = CARTESIAN_POINT('',(13.147240843796,-0.399969533376,0.));
#11918 = PCURVE('',#11565,#11919);
#11919 = DEFINITIONAL_REPRESENTATION('',(#11920),#11924);
#11920 = LINE('',#11921,#11922);
#11921 = CARTESIAN_POINT('',(0.,0.));
#11922 = VECTOR('',#11923,1.);
#11923 = DIRECTION('',(1.,0.));
#11924 = ( GEOMETRIC_REPRESENTATION_CONTEXT(2) 
PARAMETRIC_REPRESENTATION_CONTEXT() REPRESENTATION_CONTEXT('2D SPACE',''
  ) );
#11925 = PCURVE('',#224,#11926);
#11926 = DEFINITIONAL_REPRESENTATION('',(#11927),#11978);
#11927 = B_SPLINE_CURVE_WITH_KNOTS('',3,(#11928,#11929,#11930,#11931,
    #11932,#11933,#11934,#11935,#11936,#11937,#11938,#11939,#11940,
    #11941,#11942,#11943,#11944,#11945,#11946,#11947,#11948,#11949,
    #11950,#11951,#11952,#11953,#11954,#11955,#11956,#11957,#11958,
    #11959,#11960,#11961,#11962,#11963,#11964,#11965,#11966,#11967,
    #11968,#11969,#11970,#11971,#11972,#11973,#11974,#11975,#11976,
    #11977),.UNSPECIFIED.,.F.,.F.,(4,1,1,1,1,1,1,1,1,1,1,1,1,1,1,1,1,1,1
    ,1,1,1,1,1,1,1,1,1,1,1,1,1,1,1,1,1,1,1,1,1,1,1,1,1,1,1,1,4),(0.,
    0.72551896577,1.446812427957,2.167545581006,2.834652630785,
    3.561455250387,4.294404186133,5.035083262141,5.726745513771,
    6.485571675342,7.25499120568,8.035460380499,8.765906861733,
    9.568099084978,10.381469893138,11.205727652658,11.975881503332,
    12.819782078992,13.673026185696,14.534915364628,15.33753390218,
    16.21390469293,17.096636274619,17.984915961911,18.809100000342,
    19.705802922083,20.60576324729,21.508256924785,22.342991216384,
    23.248469118661,24.154594114226,25.060793204637,25.896884345071,
    26.801694858737,27.704993846459,28.606214463702,29.435742647904,
    30.331166080504,31.222462333173,32.108696907138,32.921319115104,
    33.794515353684,34.658772776489,35.512251077876,36.288651119977,
    37.115000087988,37.923185154055,38.651120081248),.UNSPECIFIED.);
#11928 = CARTESIAN_POINT('',(48.104276713012,-0.45350885127));
#11929 = CARTESIAN_POINT('',(47.919970472485,-0.296472552567));
#11930 = CARTESIAN_POINT('',(47.556178968215,1.956544766358E-02));
#11931 = CARTESIAN_POINT('',(46.992784907213,0.472410586833));
#11932 = CARTESIAN_POINT('',(46.434708696903,0.900006857568));
#11933 = CARTESIAN_POINT('',(45.863993331981,1.313852260783));
#11934 = CARTESIAN_POINT('',(45.279631612404,1.715406671348));
#11935 = CARTESIAN_POINT('',(44.664225564456,2.114645123302));
#11936 = CARTESIAN_POINT('',(44.04848889241,2.49138474715));
#11937 = CARTESIAN_POINT('',(43.415962600723,2.856734540937));
#11938 = CARTESIAN_POINT('',(42.765984401556,3.210585951824));
#11939 = CARTESIAN_POINT('',(42.080591574289,3.560745302639));
#11940 = CARTESIAN_POINT('',(41.394779528409,3.888719679102));
#11941 = CARTESIAN_POINT('',(40.690929075259,4.203688016384));
#11942 = CARTESIAN_POINT('',(39.969139645062,4.504845951063));
#11943 = CARTESIAN_POINT('',(39.21038161945,4.797861366055));
#11944 = CARTESIAN_POINT('',(38.454029203552,5.06665777555));
#11945 = CARTESIAN_POINT('',(37.681176437437,5.318518214314));
#11946 = CARTESIAN_POINT('',(36.892557796978,5.552314185468));
#11947 = CARTESIAN_POINT('',(36.067990404581,5.771216192382));
#11948 = CARTESIAN_POINT('',(35.250791481739,5.962880206793));
#11949 = CARTESIAN_POINT('',(34.42089376123,6.132557545214));
#11950 = CARTESIAN_POINT('',(33.579492718706,6.278976098759));
#11951 = CARTESIAN_POINT('',(32.705634952372,6.402949058301));
#11952 = CARTESIAN_POINT('',(31.845520110105,6.496819793177));
#11953 = CARTESIAN_POINT('',(30.978232252213,6.563622950087));
#11954 = CARTESIAN_POINT('',(30.105294805435,6.602244396839));
#11955 = CARTESIAN_POINT('',(29.205429257836,6.6106357212));
#11956 = CARTESIAN_POINT('',(28.326478280694,6.587340491706));
#11957 = CARTESIAN_POINT('',(27.44709217365,6.532903434063));
#11958 = CARTESIAN_POINT('',(26.568993145543,6.4466136461));
#11959 = CARTESIAN_POINT('',(25.671248574259,6.323405423359));
#11960 = CARTESIAN_POINT('',(24.801792929677,6.169107066793));
#11961 = CARTESIAN_POINT('',(23.93937765341,5.981597855311));
#11962 = CARTESIAN_POINT('',(23.085824159913,5.76079399669));
#11963 = CARTESIAN_POINT('',(22.221306529092,5.498725165056));
#11964 = CARTESIAN_POINT('',(21.39214491597,5.209134652432));
#11965 = CARTESIAN_POINT('',(20.577853939735,4.887241642236));
#11966 = CARTESIAN_POINT('',(19.780299474767,4.533832284114));
#11967 = CARTESIAN_POINT('',(18.981517333528,4.138511822526));
#11968 = CARTESIAN_POINT('',(18.224446695419,3.722916809738));
#11969 = CARTESIAN_POINT('',(17.490131962596,3.279921568435));
#11970 = CARTESIAN_POINT('',(16.78057661926,2.811609979174));
#11971 = CARTESIAN_POINT('',(16.079861530216,2.305595092121));
#11972 = CARTESIAN_POINT('',(15.427537116823,1.79226505272));
#11973 = CARTESIAN_POINT('',(14.800837284315,1.256812898286));
#11974 = CARTESIAN_POINT('',(14.224977665096,0.726078613454));
#11975 = CARTESIAN_POINT('',(13.61566630706,0.116302638697));
#11976 = CARTESIAN_POINT('',(13.387746797201,-0.139969012133));
#11977 = CARTESIAN_POINT('',(13.147240843796,-0.399969533376));
#11978 = ( GEOMETRIC_REPRESENTATION_CONTEXT(2) 
PARAMETRIC_REPRESENTATION_CONTEXT() REPRESENTATION_CONTEXT('2D SPACE',''
  ) );
#11979 = ADVANCED_FACE('',(#11980),#11737,.T.);
#11980 = FACE_BOUND('',#11981,.T.);
#11981 = EDGE_LOOP('',(#11982,#12012,#12033,#12034));
#11982 = ORIENTED_EDGE('',*,*,#11983,.T.);
#11983 = EDGE_CURVE('',#11984,#11986,#11988,.T.);
#11984 = VERTEX_POINT('',#11985);
#11985 = CARTESIAN_POINT('',(48.493644160584,-0.785159873253,0.));
#11986 = VERTEX_POINT('',#11987);
#11987 = CARTESIAN_POINT('',(48.493644160584,-0.785159873253,22.4));
#11988 = SURFACE_CURVE('',#11989,(#11993,#12000),.PCURVE_S1.);
#11989 = LINE('',#11990,#11991);
#11990 = CARTESIAN_POINT('',(48.493644160584,-0.785159873253,0.));
#11991 = VECTOR('',#11992,1.);
#11992 = DIRECTION('',(0.,0.,1.));
#11993 = PCURVE('',#11737,#11994);
#11994 = DEFINITIONAL_REPRESENTATION('',(#11995),#11999);
#11995 = LINE('',#11996,#11997);
#11996 = CARTESIAN_POINT('',(-1.007862358749E-15,-0.));
#11997 = VECTOR('',#11998,1.);
#11998 = DIRECTION('',(0.,-1.));
#11999 = ( GEOMETRIC_REPRESENTATION_CONTEXT(2) 
PARAMETRIC_REPRESENTATION_CONTEXT() REPRESENTATION_CONTEXT('2D SPACE',''
  ) );
#12000 = PCURVE('',#12001,#12006);
#12001 = CYLINDRICAL_SURFACE('',#12002,48.5);
#12002 = AXIS2_PLACEMENT_3D('',#12003,#12004,#12005);
#12003 = CARTESIAN_POINT('',(0.,0.,0.));
#12004 = DIRECTION('',(-0.,-0.,-1.));
#12005 = DIRECTION('',(1.,0.,-0.));
#12006 = DEFINITIONAL_REPRESENTATION('',(#12007),#12011);
#12007 = LINE('',#12008,#12009);
#12008 = CARTESIAN_POINT('',(-6.266995736602,0.));
#12009 = VECTOR('',#12010,1.);
#12010 = DIRECTION('',(-0.,-1.));
#12011 = ( GEOMETRIC_REPRESENTATION_CONTEXT(2) 
PARAMETRIC_REPRESENTATION_CONTEXT() REPRESENTATION_CONTEXT('2D SPACE',''
  ) );
#12012 = ORIENTED_EDGE('',*,*,#12013,.T.);
#12013 = EDGE_CURVE('',#11986,#11722,#12014,.T.);
#12014 = SURFACE_CURVE('',#12015,(#12019,#12026),.PCURVE_S1.);
#12015 = LINE('',#12016,#12017);
#12016 = CARTESIAN_POINT('',(50.26071203258,-2.290293056105,22.4));
#12017 = VECTOR('',#12018,1.);
#12018 = DIRECTION('',(-0.761274461003,0.648429791901,0.));
#12019 = PCURVE('',#11737,#12020);
#12020 = DEFINITIONAL_REPRESENTATION('',(#12021),#12025);
#12021 = LINE('',#12022,#12023);
#12022 = CARTESIAN_POINT('',(-2.321196838349,-22.4));
#12023 = VECTOR('',#12024,1.);
#12024 = DIRECTION('',(1.,0.));
#12025 = ( GEOMETRIC_REPRESENTATION_CONTEXT(2) 
PARAMETRIC_REPRESENTATION_CONTEXT() REPRESENTATION_CONTEXT('2D SPACE',''
  ) );
#12026 = PCURVE('',#169,#12027);
#12027 = DEFINITIONAL_REPRESENTATION('',(#12028),#12032);
#12028 = LINE('',#12029,#12030);
#12029 = CARTESIAN_POINT('',(50.26071203258,-2.290293056105));
#12030 = VECTOR('',#12031,1.);
#12031 = DIRECTION('',(-0.761274461003,0.648429791901));
#12032 = ( GEOMETRIC_REPRESENTATION_CONTEXT(2) 
PARAMETRIC_REPRESENTATION_CONTEXT() REPRESENTATION_CONTEXT('2D SPACE',''
  ) );
#12033 = ORIENTED_EDGE('',*,*,#11719,.F.);
#12034 = ORIENTED_EDGE('',*,*,#12035,.F.);
#12035 = EDGE_CURVE('',#11984,#11720,#12036,.T.);
#12036 = SURFACE_CURVE('',#12037,(#12041,#12048),.PCURVE_S1.);
#12037 = LINE('',#12038,#12039);
#12038 = CARTESIAN_POINT('',(50.26071203258,-2.290293056105,0.));
#12039 = VECTOR('',#12040,1.);
#12040 = DIRECTION('',(-0.761274461003,0.648429791901,0.));
#12041 = PCURVE('',#11737,#12042);
#12042 = DEFINITIONAL_REPRESENTATION('',(#12043),#12047);
#12043 = LINE('',#12044,#12045);
#12044 = CARTESIAN_POINT('',(-2.321196838349,-0.));
#12045 = VECTOR('',#12046,1.);
#12046 = DIRECTION('',(1.,0.));
#12047 = ( GEOMETRIC_REPRESENTATION_CONTEXT(2) 
PARAMETRIC_REPRESENTATION_CONTEXT() REPRESENTATION_CONTEXT('2D SPACE',''
  ) );
#12048 = PCURVE('',#224,#12049);
#12049 = DEFINITIONAL_REPRESENTATION('',(#12050),#12054);
#12050 = LINE('',#12051,#12052);
#12051 = CARTESIAN_POINT('',(50.26071203258,-2.290293056105));
#12052 = VECTOR('',#12053,1.);
#12053 = DIRECTION('',(-0.761274461003,0.648429791901));
#12054 = ( GEOMETRIC_REPRESENTATION_CONTEXT(2) 
PARAMETRIC_REPRESENTATION_CONTEXT() REPRESENTATION_CONTEXT('2D SPACE',''
  ) );
#12055 = ADVANCED_FACE('',(#12056),#12001,.F.);
#12056 = FACE_BOUND('',#12057,.T.);
#12057 = EDGE_LOOP('',(#12058,#12083,#12105,#12106));
#12058 = ORIENTED_EDGE('',*,*,#12059,.T.);
#12059 = EDGE_CURVE('',#12060,#12062,#12064,.T.);
#12060 = VERTEX_POINT('',#12061);
#12061 = CARTESIAN_POINT('',(42.395252006843,-23.55615858488,0.));
#12062 = VERTEX_POINT('',#12063);
#12063 = CARTESIAN_POINT('',(42.395252006843,-23.55615858488,22.4));
#12064 = SURFACE_CURVE('',#12065,(#12069,#12076),.PCURVE_S1.);
#12065 = LINE('',#12066,#12067);
#12066 = CARTESIAN_POINT('',(42.395252006843,-23.55615858488,0.));
#12067 = VECTOR('',#12068,1.);
#12068 = DIRECTION('',(0.,0.,1.));
#12069 = PCURVE('',#12001,#12070);
#12070 = DEFINITIONAL_REPRESENTATION('',(#12071),#12075);
#12071 = LINE('',#12072,#12073);
#12072 = CARTESIAN_POINT('',(-5.776028390998,0.));
#12073 = VECTOR('',#12074,1.);
#12074 = DIRECTION('',(-0.,-1.));
#12075 = ( GEOMETRIC_REPRESENTATION_CONTEXT(2) 
PARAMETRIC_REPRESENTATION_CONTEXT() REPRESENTATION_CONTEXT('2D SPACE',''
  ) );
#12076 = PCURVE('',#11362,#12077);
#12077 = DEFINITIONAL_REPRESENTATION('',(#12078),#12082);
#12078 = LINE('',#12079,#12080);
#12079 = CARTESIAN_POINT('',(40.083562049213,0.));
#12080 = VECTOR('',#12081,1.);
#12081 = DIRECTION('',(0.,-1.));
#12082 = ( GEOMETRIC_REPRESENTATION_CONTEXT(2) 
PARAMETRIC_REPRESENTATION_CONTEXT() REPRESENTATION_CONTEXT('2D SPACE',''
  ) );
#12083 = ORIENTED_EDGE('',*,*,#12084,.T.);
#12084 = EDGE_CURVE('',#12062,#11986,#12085,.T.);
#12085 = SURFACE_CURVE('',#12086,(#12091,#12098),.PCURVE_S1.);
#12086 = CIRCLE('',#12087,48.5);
#12087 = AXIS2_PLACEMENT_3D('',#12088,#12089,#12090);
#12088 = CARTESIAN_POINT('',(0.,0.,22.4));
#12089 = DIRECTION('',(0.,0.,1.));
#12090 = DIRECTION('',(1.,0.,-0.));
#12091 = PCURVE('',#12001,#12092);
#12092 = DEFINITIONAL_REPRESENTATION('',(#12093),#12097);
#12093 = LINE('',#12094,#12095);
#12094 = CARTESIAN_POINT('',(-0.,-22.4));
#12095 = VECTOR('',#12096,1.);
#12096 = DIRECTION('',(-1.,0.));
#12097 = ( GEOMETRIC_REPRESENTATION_CONTEXT(2) 
PARAMETRIC_REPRESENTATION_CONTEXT() REPRESENTATION_CONTEXT('2D SPACE',''
  ) );
#12098 = PCURVE('',#169,#12099);
#12099 = DEFINITIONAL_REPRESENTATION('',(#12100),#12104);
#12100 = CIRCLE('',#12101,48.5);
#12101 = AXIS2_PLACEMENT_2D('',#12102,#12103);
#12102 = CARTESIAN_POINT('',(0.,-1.204325410458E-15));
#12103 = DIRECTION('',(1.,0.));
#12104 = ( GEOMETRIC_REPRESENTATION_CONTEXT(2) 
PARAMETRIC_REPRESENTATION_CONTEXT() REPRESENTATION_CONTEXT('2D SPACE',''
  ) );
#12105 = ORIENTED_EDGE('',*,*,#11983,.F.);
#12106 = ORIENTED_EDGE('',*,*,#12107,.F.);
#12107 = EDGE_CURVE('',#12060,#11984,#12108,.T.);
#12108 = SURFACE_CURVE('',#12109,(#12114,#12121),.PCURVE_S1.);
#12109 = CIRCLE('',#12110,48.5);
#12110 = AXIS2_PLACEMENT_3D('',#12111,#12112,#12113);
#12111 = CARTESIAN_POINT('',(0.,0.,0.));
#12112 = DIRECTION('',(0.,0.,1.));
#12113 = DIRECTION('',(1.,0.,-0.));
#12114 = PCURVE('',#12001,#12115);
#12115 = DEFINITIONAL_REPRESENTATION('',(#12116),#12120);
#12116 = LINE('',#12117,#12118);
#12117 = CARTESIAN_POINT('',(-0.,0.));
#12118 = VECTOR('',#12119,1.);
#12119 = DIRECTION('',(-1.,0.));
#12120 = ( GEOMETRIC_REPRESENTATION_CONTEXT(2) 
PARAMETRIC_REPRESENTATION_CONTEXT() REPRESENTATION_CONTEXT('2D SPACE',''
  ) );
#12121 = PCURVE('',#224,#12122);
#12122 = DEFINITIONAL_REPRESENTATION('',(#12123),#12127);
#12123 = CIRCLE('',#12124,48.5);
#12124 = AXIS2_PLACEMENT_2D('',#12125,#12126);
#12125 = CARTESIAN_POINT('',(0.,-1.204325410458E-15));
#12126 = DIRECTION('',(1.,0.));
#12127 = ( GEOMETRIC_REPRESENTATION_CONTEXT(2) 
PARAMETRIC_REPRESENTATION_CONTEXT() REPRESENTATION_CONTEXT('2D SPACE',''
  ) );
#12128 = ADVANCED_FACE('',(#12129),#11362,.T.);
#12129 = FACE_BOUND('',#12130,.T.);
#12130 = EDGE_LOOP('',(#12131,#12132,#12247,#12248));
#12131 = ORIENTED_EDGE('',*,*,#11339,.T.);
#12132 = ORIENTED_EDGE('',*,*,#12133,.T.);
#12133 = EDGE_CURVE('',#11342,#12062,#12134,.T.);
#12134 = SURFACE_CURVE('',#12135,(#12186,#12193),.PCURVE_S1.);
#12135 = B_SPLINE_CURVE_WITH_KNOTS('',3,(#12136,#12137,#12138,#12139,
    #12140,#12141,#12142,#12143,#12144,#12145,#12146,#12147,#12148,
    #12149,#12150,#12151,#12152,#12153,#12154,#12155,#12156,#12157,
    #12158,#12159,#12160,#12161,#12162,#12163,#12164,#12165,#12166,
    #12167,#12168,#12169,#12170,#12171,#12172,#12173,#12174,#12175,
    #12176,#12177,#12178,#12179,#12180,#12181,#12182,#12183,#12184,
    #12185),.UNSPECIFIED.,.F.,.F.,(4,1,1,1,1,1,1,1,1,1,1,1,1,1,1,1,1,1,1
    ,1,1,1,1,1,1,1,1,1,1,1,1,1,1,1,1,1,1,1,1,1,1,1,1,1,1,1,1,4),(0.,
    0.770020974153,1.626265687068,2.501235809007,3.323017628822,
    4.226168942917,5.140567564886,6.064285262741,6.923787879437,
    7.860959618837,8.803220404646,9.749496837408,10.625745778606,
    11.577210076157,12.530237508485,13.484135816053,14.364871812505,
    15.318618169461,16.271356512646,17.222443906393,18.098342389538,
    19.044380308015,19.986772779966,20.924790631856,21.786128506054,
    22.713614611572,23.634502775488,24.548028034391,25.38410411673,
    26.281393184443,27.169232325991,28.047009844699,28.847877333261,
    29.704892084705,30.550578145199,31.384742808357,32.14448317376,
    32.956538608657,33.75747556067,34.547827237765,35.268649993444,
    36.041021221912,36.805779378973,37.564485879874,38.261073281275,
    39.01367744831,39.766626217161,40.522198623296),.UNSPECIFIED.);
#12136 = CARTESIAN_POINT('',(10.811185462413,-5.779995801459,22.4));
#12137 = CARTESIAN_POINT('',(11.056254991523,-5.704001703035,22.4));
#12138 = CARTESIAN_POINT('',(11.572127583822,-5.536616376993,22.4));
#12139 = CARTESIAN_POINT('',(12.378457631121,-5.323359011338,22.4));
#12140 = CARTESIAN_POINT('',(13.208540324342,-5.135032107618,22.4));
#12141 = CARTESIAN_POINT('',(14.060974844995,-4.97755483101,22.4));
#12142 = CARTESIAN_POINT('',(14.931964377745,-4.851780555304,22.4));
#12143 = CARTESIAN_POINT('',(15.84126115267,-4.75895288089,22.4));
#12144 = CARTESIAN_POINT('',(16.739128668558,-4.705184290526,22.4));
#12145 = CARTESIAN_POINT('',(17.645982550184,-4.687753470237,22.4));
#12146 = CARTESIAN_POINT('',(18.559028265218,-4.707437542484,22.4));
#12147 = CARTESIAN_POINT('',(19.499281096016,-4.767727971147,22.4));
#12148 = CARTESIAN_POINT('',(20.41593656905,-4.865703467748,22.4));
#12149 = CARTESIAN_POINT('',(21.330832172754,-5.001303181812,22.4));
#12150 = CARTESIAN_POINT('',(22.241757743422,-5.174206920646,22.4));
#12151 = CARTESIAN_POINT('',(23.169888233268,-5.390795676388,22.4));
#12152 = CARTESIAN_POINT('',(24.065586325098,-5.639123307605,22.4));
#12153 = CARTESIAN_POINT('',(24.951082265345,-5.922283794279,22.4));
#12154 = CARTESIAN_POINT('',(25.824712319785,-6.239158031315,22.4));
#12155 = CARTESIAN_POINT('',(26.706941123,-6.598917274194,22.4));
#12156 = CARTESIAN_POINT('',(27.551050901772,-6.98159263176,22.4));
#12157 = CARTESIAN_POINT('',(28.378740621118,-7.393492358608,22.4));
#12158 = CARTESIAN_POINT('',(29.188845540675,-7.833000559333,22.4));
#12159 = CARTESIAN_POINT('',(30.000514700637,-8.311754305156,22.4));
#12160 = CARTESIAN_POINT('',(30.771177468867,-8.803340882316,22.4));
#12161 = CARTESIAN_POINT('',(31.521241160434,-9.316999687833,22.4));
#12162 = CARTESIAN_POINT('',(32.249989031582,-9.850910214552,22.4));
#12163 = CARTESIAN_POINT('',(32.974843961159,-10.41874250696,22.4));
#12164 = CARTESIAN_POINT('',(33.65814380766,-10.98948722509,22.4));
#12165 = CARTESIAN_POINT('',(34.318465050838,-11.57482351356,22.4));
#12166 = CARTESIAN_POINT('',(34.955500011113,-12.17300860726,22.4));
#12167 = CARTESIAN_POINT('',(35.584661596155,-12.79932017145,22.4));
#12168 = CARTESIAN_POINT('',(36.173716046636,-13.41987036706,22.4));
#12169 = CARTESIAN_POINT('',(36.738957189893,-14.04840105377,22.4));
#12170 = CARTESIAN_POINT('',(37.280476384384,-14.68350807829,22.4));
#12171 = CARTESIAN_POINT('',(37.81156858636,-15.34167846686,22.4));
#12172 = CARTESIAN_POINT('',(38.305189948989,-15.98804235015,22.4));
#12173 = CARTESIAN_POINT('',(38.775589772907,-16.63768123999,22.4));
#12174 = CARTESIAN_POINT('',(39.223138707278,-17.28989688034,22.4));
#12175 = CARTESIAN_POINT('',(39.658970786191,-17.96219630667,22.4));
#12176 = CARTESIAN_POINT('',(40.061155141349,-18.61973043544,22.4));
#12177 = CARTESIAN_POINT('',(40.441858339469,-19.27900388971,22.4));
#12178 = CARTESIAN_POINT('',(40.801617639169,-19.94000685909,22.4));
#12179 = CARTESIAN_POINT('',(41.149823667429,-20.62232045607,22.4));
#12180 = CARTESIAN_POINT('',(41.467884727312,-21.287958225,22.4));
#12181 = CARTESIAN_POINT('',(41.770898186508,-21.96794468775,22.4));
#12182 = CARTESIAN_POINT('',(42.041339665499,-22.61451401332,22.4));
#12183 = CARTESIAN_POINT('',(42.356678966097,-23.43644630274,22.4));
#12184 = CARTESIAN_POINT('',(42.414947175314,-23.61456133523,22.4));
#12185 = CARTESIAN_POINT('',(42.571692928581,-24.05511145745,22.4));
#12186 = PCURVE('',#11362,#12187);
#12187 = DEFINITIONAL_REPRESENTATION('',(#12188),#12192);
#12188 = LINE('',#12189,#12190);
#12189 = CARTESIAN_POINT('',(0.,-22.4));
#12190 = VECTOR('',#12191,1.);
#12191 = DIRECTION('',(1.,0.));
#12192 = ( GEOMETRIC_REPRESENTATION_CONTEXT(2) 
PARAMETRIC_REPRESENTATION_CONTEXT() REPRESENTATION_CONTEXT('2D SPACE',''
  ) );
#12193 = PCURVE('',#169,#12194);
#12194 = DEFINITIONAL_REPRESENTATION('',(#12195),#12246);
#12195 = B_SPLINE_CURVE_WITH_KNOTS('',3,(#12196,#12197,#12198,#12199,
    #12200,#12201,#12202,#12203,#12204,#12205,#12206,#12207,#12208,
    #12209,#12210,#12211,#12212,#12213,#12214,#12215,#12216,#12217,
    #12218,#12219,#12220,#12221,#12222,#12223,#12224,#12225,#12226,
    #12227,#12228,#12229,#12230,#12231,#12232,#12233,#12234,#12235,
    #12236,#12237,#12238,#12239,#12240,#12241,#12242,#12243,#12244,
    #12245),.UNSPECIFIED.,.F.,.F.,(4,1,1,1,1,1,1,1,1,1,1,1,1,1,1,1,1,1,1
    ,1,1,1,1,1,1,1,1,1,1,1,1,1,1,1,1,1,1,1,1,1,1,1,1,1,1,1,1,4),(0.,
    0.770020974153,1.626265687068,2.501235809007,3.323017628822,
    4.226168942917,5.140567564886,6.064285262741,6.923787879437,
    7.860959618837,8.803220404646,9.749496837408,10.625745778606,
    11.577210076157,12.530237508485,13.484135816053,14.364871812505,
    15.318618169461,16.271356512646,17.222443906393,18.098342389538,
    19.044380308015,19.986772779966,20.924790631856,21.786128506054,
    22.713614611572,23.634502775488,24.548028034391,25.38410411673,
    26.281393184443,27.169232325991,28.047009844699,28.847877333261,
    29.704892084705,30.550578145199,31.384742808357,32.14448317376,
    32.956538608657,33.75747556067,34.547827237765,35.268649993444,
    36.041021221912,36.805779378973,37.564485879874,38.261073281275,
    39.01367744831,39.766626217161,40.522198623296),.UNSPECIFIED.);
#12196 = CARTESIAN_POINT('',(10.811185462413,-5.779995801459));
#12197 = CARTESIAN_POINT('',(11.056254991523,-5.704001703035));
#12198 = CARTESIAN_POINT('',(11.572127583822,-5.536616376993));
#12199 = CARTESIAN_POINT('',(12.378457631121,-5.323359011338));
#12200 = CARTESIAN_POINT('',(13.208540324342,-5.135032107618));
#12201 = CARTESIAN_POINT('',(14.060974844995,-4.97755483101));
#12202 = CARTESIAN_POINT('',(14.931964377745,-4.851780555304));
#12203 = CARTESIAN_POINT('',(15.84126115267,-4.75895288089));
#12204 = CARTESIAN_POINT('',(16.739128668558,-4.705184290526));
#12205 = CARTESIAN_POINT('',(17.645982550184,-4.687753470237));
#12206 = CARTESIAN_POINT('',(18.559028265218,-4.707437542484));
#12207 = CARTESIAN_POINT('',(19.499281096016,-4.767727971147));
#12208 = CARTESIAN_POINT('',(20.41593656905,-4.865703467748));
#12209 = CARTESIAN_POINT('',(21.330832172754,-5.001303181812));
#12210 = CARTESIAN_POINT('',(22.241757743422,-5.174206920646));
#12211 = CARTESIAN_POINT('',(23.169888233268,-5.390795676388));
#12212 = CARTESIAN_POINT('',(24.065586325098,-5.639123307605));
#12213 = CARTESIAN_POINT('',(24.951082265345,-5.922283794279));
#12214 = CARTESIAN_POINT('',(25.824712319785,-6.239158031315));
#12215 = CARTESIAN_POINT('',(26.706941123,-6.598917274194));
#12216 = CARTESIAN_POINT('',(27.551050901772,-6.98159263176));
#12217 = CARTESIAN_POINT('',(28.378740621118,-7.393492358608));
#12218 = CARTESIAN_POINT('',(29.188845540675,-7.833000559333));
#12219 = CARTESIAN_POINT('',(30.000514700637,-8.311754305156));
#12220 = CARTESIAN_POINT('',(30.771177468867,-8.803340882316));
#12221 = CARTESIAN_POINT('',(31.521241160434,-9.316999687833));
#12222 = CARTESIAN_POINT('',(32.249989031582,-9.850910214552));
#12223 = CARTESIAN_POINT('',(32.974843961159,-10.41874250696));
#12224 = CARTESIAN_POINT('',(33.65814380766,-10.98948722509));
#12225 = CARTESIAN_POINT('',(34.318465050838,-11.57482351356));
#12226 = CARTESIAN_POINT('',(34.955500011113,-12.17300860726));
#12227 = CARTESIAN_POINT('',(35.584661596155,-12.79932017145));
#12228 = CARTESIAN_POINT('',(36.173716046636,-13.41987036706));
#12229 = CARTESIAN_POINT('',(36.738957189893,-14.04840105377));
#12230 = CARTESIAN_POINT('',(37.280476384384,-14.68350807829));
#12231 = CARTESIAN_POINT('',(37.81156858636,-15.34167846686));
#12232 = CARTESIAN_POINT('',(38.305189948989,-15.98804235015));
#12233 = CARTESIAN_POINT('',(38.775589772907,-16.63768123999));
#12234 = CARTESIAN_POINT('',(39.223138707278,-17.28989688034));
#12235 = CARTESIAN_POINT('',(39.658970786191,-17.96219630667));
#12236 = CARTESIAN_POINT('',(40.061155141349,-18.61973043544));
#12237 = CARTESIAN_POINT('',(40.441858339469,-19.27900388971));
#12238 = CARTESIAN_POINT('',(40.801617639169,-19.94000685909));
#12239 = CARTESIAN_POINT('',(41.149823667429,-20.62232045607));
#12240 = CARTESIAN_POINT('',(41.467884727312,-21.287958225));
#12241 = CARTESIAN_POINT('',(41.770898186508,-21.96794468775));
#12242 = CARTESIAN_POINT('',(42.041339665499,-22.61451401332));
#12243 = CARTESIAN_POINT('',(42.356678966097,-23.43644630274));
#12244 = CARTESIAN_POINT('',(42.414947175314,-23.61456133523));
#12245 = CARTESIAN_POINT('',(42.571692928581,-24.05511145745));
#12246 = ( GEOMETRIC_REPRESENTATION_CONTEXT(2) 
PARAMETRIC_REPRESENTATION_CONTEXT() REPRESENTATION_CONTEXT('2D SPACE',''
  ) );
#12247 = ORIENTED_EDGE('',*,*,#12059,.F.);
#12248 = ORIENTED_EDGE('',*,*,#12249,.F.);
#12249 = EDGE_CURVE('',#11340,#12060,#12250,.T.);
#12250 = SURFACE_CURVE('',#12251,(#12302,#12309),.PCURVE_S1.);
#12251 = B_SPLINE_CURVE_WITH_KNOTS('',3,(#12252,#12253,#12254,#12255,
    #12256,#12257,#12258,#12259,#12260,#12261,#12262,#12263,#12264,
    #12265,#12266,#12267,#12268,#12269,#12270,#12271,#12272,#12273,
    #12274,#12275,#12276,#12277,#12278,#12279,#12280,#12281,#12282,
    #12283,#12284,#12285,#12286,#12287,#12288,#12289,#12290,#12291,
    #12292,#12293,#12294,#12295,#12296,#12297,#12298,#12299,#12300,
    #12301),.UNSPECIFIED.,.F.,.F.,(4,1,1,1,1,1,1,1,1,1,1,1,1,1,1,1,1,1,1
    ,1,1,1,1,1,1,1,1,1,1,1,1,1,1,1,1,1,1,1,1,1,1,1,1,1,1,1,1,4),(0.,
    0.770020974153,1.626265687068,2.501235809007,3.323017628822,
    4.226168942917,5.140567564886,6.064285262741,6.923787879437,
    7.860959618837,8.803220404646,9.749496837408,10.625745778606,
    11.577210076157,12.530237508485,13.484135816053,14.364871812505,
    15.318618169461,16.271356512646,17.222443906393,18.098342389538,
    19.044380308015,19.986772779966,20.924790631856,21.786128506054,
    22.713614611572,23.634502775488,24.548028034391,25.38410411673,
    26.281393184443,27.169232325991,28.047009844699,28.847877333261,
    29.704892084705,30.550578145199,31.384742808357,32.14448317376,
    32.956538608657,33.75747556067,34.547827237765,35.268649993444,
    36.041021221912,36.805779378973,37.564485879874,38.261073281275,
    39.01367744831,39.766626217161,40.522198623296),.UNSPECIFIED.);
#12252 = CARTESIAN_POINT('',(10.811185462413,-5.779995801459,0.));
#12253 = CARTESIAN_POINT('',(11.056254991523,-5.704001703035,0.));
#12254 = CARTESIAN_POINT('',(11.572127583822,-5.536616376993,0.));
#12255 = CARTESIAN_POINT('',(12.378457631121,-5.323359011338,0.));
#12256 = CARTESIAN_POINT('',(13.208540324342,-5.135032107618,0.));
#12257 = CARTESIAN_POINT('',(14.060974844995,-4.97755483101,0.));
#12258 = CARTESIAN_POINT('',(14.931964377745,-4.851780555304,0.));
#12259 = CARTESIAN_POINT('',(15.84126115267,-4.75895288089,0.));
#12260 = CARTESIAN_POINT('',(16.739128668558,-4.705184290526,0.));
#12261 = CARTESIAN_POINT('',(17.645982550184,-4.687753470237,0.));
#12262 = CARTESIAN_POINT('',(18.559028265218,-4.707437542484,0.));
#12263 = CARTESIAN_POINT('',(19.499281096016,-4.767727971147,0.));
#12264 = CARTESIAN_POINT('',(20.41593656905,-4.865703467748,0.));
#12265 = CARTESIAN_POINT('',(21.330832172754,-5.001303181812,0.));
#12266 = CARTESIAN_POINT('',(22.241757743422,-5.174206920646,0.));
#12267 = CARTESIAN_POINT('',(23.169888233268,-5.390795676388,0.));
#12268 = CARTESIAN_POINT('',(24.065586325098,-5.639123307605,0.));
#12269 = CARTESIAN_POINT('',(24.951082265345,-5.922283794279,0.));
#12270 = CARTESIAN_POINT('',(25.824712319785,-6.239158031315,0.));
#12271 = CARTESIAN_POINT('',(26.706941123,-6.598917274194,0.));
#12272 = CARTESIAN_POINT('',(27.551050901772,-6.98159263176,0.));
#12273 = CARTESIAN_POINT('',(28.378740621118,-7.393492358608,0.));
#12274 = CARTESIAN_POINT('',(29.188845540675,-7.833000559333,0.));
#12275 = CARTESIAN_POINT('',(30.000514700637,-8.311754305156,0.));
#12276 = CARTESIAN_POINT('',(30.771177468867,-8.803340882316,0.));
#12277 = CARTESIAN_POINT('',(31.521241160434,-9.316999687833,0.));
#12278 = CARTESIAN_POINT('',(32.249989031582,-9.850910214552,0.));
#12279 = CARTESIAN_POINT('',(32.974843961159,-10.41874250696,0.));
#12280 = CARTESIAN_POINT('',(33.65814380766,-10.98948722509,0.));
#12281 = CARTESIAN_POINT('',(34.318465050838,-11.57482351356,0.));
#12282 = CARTESIAN_POINT('',(34.955500011113,-12.17300860726,0.));
#12283 = CARTESIAN_POINT('',(35.584661596155,-12.79932017145,0.));
#12284 = CARTESIAN_POINT('',(36.173716046636,-13.41987036706,0.));
#12285 = CARTESIAN_POINT('',(36.738957189893,-14.04840105377,0.));
#12286 = CARTESIAN_POINT('',(37.280476384384,-14.68350807829,0.));
#12287 = CARTESIAN_POINT('',(37.81156858636,-15.34167846686,0.));
#12288 = CARTESIAN_POINT('',(38.305189948989,-15.98804235015,0.));
#12289 = CARTESIAN_POINT('',(38.775589772907,-16.63768123999,0.));
#12290 = CARTESIAN_POINT('',(39.223138707278,-17.28989688034,0.));
#12291 = CARTESIAN_POINT('',(39.658970786191,-17.96219630667,0.));
#12292 = CARTESIAN_POINT('',(40.061155141349,-18.61973043544,0.));
#12293 = CARTESIAN_POINT('',(40.441858339469,-19.27900388971,0.));
#12294 = CARTESIAN_POINT('',(40.801617639169,-19.94000685909,0.));
#12295 = CARTESIAN_POINT('',(41.149823667429,-20.62232045607,0.));
#12296 = CARTESIAN_POINT('',(41.467884727312,-21.287958225,0.));
#12297 = CARTESIAN_POINT('',(41.770898186508,-21.96794468775,0.));
#12298 = CARTESIAN_POINT('',(42.041339665499,-22.61451401332,0.));
#12299 = CARTESIAN_POINT('',(42.356678966097,-23.43644630274,0.));
#12300 = CARTESIAN_POINT('',(42.414947175314,-23.61456133523,0.));
#12301 = CARTESIAN_POINT('',(42.571692928581,-24.05511145745,0.));
#12302 = PCURVE('',#11362,#12303);
#12303 = DEFINITIONAL_REPRESENTATION('',(#12304),#12308);
#12304 = LINE('',#12305,#12306);
#12305 = CARTESIAN_POINT('',(0.,0.));
#12306 = VECTOR('',#12307,1.);
#12307 = DIRECTION('',(1.,0.));
#12308 = ( GEOMETRIC_REPRESENTATION_CONTEXT(2) 
PARAMETRIC_REPRESENTATION_CONTEXT() REPRESENTATION_CONTEXT('2D SPACE',''
  ) );
#12309 = PCURVE('',#224,#12310);
#12310 = DEFINITIONAL_REPRESENTATION('',(#12311),#12362);
#12311 = B_SPLINE_CURVE_WITH_KNOTS('',3,(#12312,#12313,#12314,#12315,
    #12316,#12317,#12318,#12319,#12320,#12321,#12322,#12323,#12324,
    #12325,#12326,#12327,#12328,#12329,#12330,#12331,#12332,#12333,
    #12334,#12335,#12336,#12337,#12338,#12339,#12340,#12341,#12342,
    #12343,#12344,#12345,#12346,#12347,#12348,#12349,#12350,#12351,
    #12352,#12353,#12354,#12355,#12356,#12357,#12358,#12359,#12360,
    #12361),.UNSPECIFIED.,.F.,.F.,(4,1,1,1,1,1,1,1,1,1,1,1,1,1,1,1,1,1,1
    ,1,1,1,1,1,1,1,1,1,1,1,1,1,1,1,1,1,1,1,1,1,1,1,1,1,1,1,1,4),(0.,
    0.770020974153,1.626265687068,2.501235809007,3.323017628822,
    4.226168942917,5.140567564886,6.064285262741,6.923787879437,
    7.860959618837,8.803220404646,9.749496837408,10.625745778606,
    11.577210076157,12.530237508485,13.484135816053,14.364871812505,
    15.318618169461,16.271356512646,17.222443906393,18.098342389538,
    19.044380308015,19.986772779966,20.924790631856,21.786128506054,
    22.713614611572,23.634502775488,24.548028034391,25.38410411673,
    26.281393184443,27.169232325991,28.047009844699,28.847877333261,
    29.704892084705,30.550578145199,31.384742808357,32.14448317376,
    32.956538608657,33.75747556067,34.547827237765,35.268649993444,
    36.041021221912,36.805779378973,37.564485879874,38.261073281275,
    39.01367744831,39.766626217161,40.522198623296),.UNSPECIFIED.);
#12312 = CARTESIAN_POINT('',(10.811185462413,-5.779995801459));
#12313 = CARTESIAN_POINT('',(11.056254991523,-5.704001703035));
#12314 = CARTESIAN_POINT('',(11.572127583822,-5.536616376993));
#12315 = CARTESIAN_POINT('',(12.378457631121,-5.323359011338));
#12316 = CARTESIAN_POINT('',(13.208540324342,-5.135032107618));
#12317 = CARTESIAN_POINT('',(14.060974844995,-4.97755483101));
#12318 = CARTESIAN_POINT('',(14.931964377745,-4.851780555304));
#12319 = CARTESIAN_POINT('',(15.84126115267,-4.75895288089));
#12320 = CARTESIAN_POINT('',(16.739128668558,-4.705184290526));
#12321 = CARTESIAN_POINT('',(17.645982550184,-4.687753470237));
#12322 = CARTESIAN_POINT('',(18.559028265218,-4.707437542484));
#12323 = CARTESIAN_POINT('',(19.499281096016,-4.767727971147));
#12324 = CARTESIAN_POINT('',(20.41593656905,-4.865703467748));
#12325 = CARTESIAN_POINT('',(21.330832172754,-5.001303181812));
#12326 = CARTESIAN_POINT('',(22.241757743422,-5.174206920646));
#12327 = CARTESIAN_POINT('',(23.169888233268,-5.390795676388));
#12328 = CARTESIAN_POINT('',(24.065586325098,-5.639123307605));
#12329 = CARTESIAN_POINT('',(24.951082265345,-5.922283794279));
#12330 = CARTESIAN_POINT('',(25.824712319785,-6.239158031315));
#12331 = CARTESIAN_POINT('',(26.706941123,-6.598917274194));
#12332 = CARTESIAN_POINT('',(27.551050901772,-6.98159263176));
#12333 = CARTESIAN_POINT('',(28.378740621118,-7.393492358608));
#12334 = CARTESIAN_POINT('',(29.188845540675,-7.833000559333));
#12335 = CARTESIAN_POINT('',(30.000514700637,-8.311754305156));
#12336 = CARTESIAN_POINT('',(30.771177468867,-8.803340882316));
#12337 = CARTESIAN_POINT('',(31.521241160434,-9.316999687833));
#12338 = CARTESIAN_POINT('',(32.249989031582,-9.850910214552));
#12339 = CARTESIAN_POINT('',(32.974843961159,-10.41874250696));
#12340 = CARTESIAN_POINT('',(33.65814380766,-10.98948722509));
#12341 = CARTESIAN_POINT('',(34.318465050838,-11.57482351356));
#12342 = CARTESIAN_POINT('',(34.955500011113,-12.17300860726));
#12343 = CARTESIAN_POINT('',(35.584661596155,-12.79932017145));
#12344 = CARTESIAN_POINT('',(36.173716046636,-13.41987036706));
#12345 = CARTESIAN_POINT('',(36.738957189893,-14.04840105377));
#12346 = CARTESIAN_POINT('',(37.280476384384,-14.68350807829));
#12347 = CARTESIAN_POINT('',(37.81156858636,-15.34167846686));
#12348 = CARTESIAN_POINT('',(38.305189948989,-15.98804235015));
#12349 = CARTESIAN_POINT('',(38.775589772907,-16.63768123999));
#12350 = CARTESIAN_POINT('',(39.223138707278,-17.28989688034));
#12351 = CARTESIAN_POINT('',(39.658970786191,-17.96219630667));
#12352 = CARTESIAN_POINT('',(40.061155141349,-18.61973043544));
#12353 = CARTESIAN_POINT('',(40.441858339469,-19.27900388971));
#12354 = CARTESIAN_POINT('',(40.801617639169,-19.94000685909));
#12355 = CARTESIAN_POINT('',(41.149823667429,-20.62232045607));
#12356 = CARTESIAN_POINT('',(41.467884727312,-21.287958225));
#12357 = CARTESIAN_POINT('',(41.770898186508,-21.96794468775));
#12358 = CARTESIAN_POINT('',(42.041339665499,-22.61451401332));
#12359 = CARTESIAN_POINT('',(42.356678966097,-23.43644630274));
#12360 = CARTESIAN_POINT('',(42.414947175314,-23.61456133523));
#12361 = CARTESIAN_POINT('',(42.571692928581,-24.05511145745));
#12362 = ( GEOMETRIC_REPRESENTATION_CONTEXT(2) 
PARAMETRIC_REPRESENTATION_CONTEXT() REPRESENTATION_CONTEXT('2D SPACE',''
  ) );
#12363 = ADVANCED_FACE('',(#12364),#12378,.T.);
#12364 = FACE_BOUND('',#12365,.F.);
#12365 = EDGE_LOOP('',(#12366,#12396,#12418,#12419));
#12366 = ORIENTED_EDGE('',*,*,#12367,.T.);
#12367 = EDGE_CURVE('',#12368,#12370,#12372,.T.);
#12368 = VERTEX_POINT('',#12369);
#12369 = CARTESIAN_POINT('',(50.,0.,0.));
#12370 = VERTEX_POINT('',#12371);
#12371 = CARTESIAN_POINT('',(50.,0.,22.4));
#12372 = SEAM_CURVE('',#12373,(#12377,#12389),.PCURVE_S1.);
#12373 = LINE('',#12374,#12375);
#12374 = CARTESIAN_POINT('',(50.,0.,0.));
#12375 = VECTOR('',#12376,1.);
#12376 = DIRECTION('',(0.,0.,1.));
#12377 = PCURVE('',#12378,#12383);
#12378 = CYLINDRICAL_SURFACE('',#12379,50.);
#12379 = AXIS2_PLACEMENT_3D('',#12380,#12381,#12382);
#12380 = CARTESIAN_POINT('',(-2.48689957516E-14,-1.7763568394E-15,0.));
#12381 = DIRECTION('',(-0.,-0.,-1.));
#12382 = DIRECTION('',(1.,3.5527136788E-17,-0.));
#12383 = DEFINITIONAL_REPRESENTATION('',(#12384),#12388);
#12384 = LINE('',#12385,#12386);
#12385 = CARTESIAN_POINT('',(-0.,0.));
#12386 = VECTOR('',#12387,1.);
#12387 = DIRECTION('',(-0.,-1.));
#12388 = ( GEOMETRIC_REPRESENTATION_CONTEXT(2) 
PARAMETRIC_REPRESENTATION_CONTEXT() REPRESENTATION_CONTEXT('2D SPACE',''
  ) );
#12389 = PCURVE('',#12378,#12390);
#12390 = DEFINITIONAL_REPRESENTATION('',(#12391),#12395);
#12391 = LINE('',#12392,#12393);
#12392 = CARTESIAN_POINT('',(-6.28318530718,0.));
#12393 = VECTOR('',#12394,1.);
#12394 = DIRECTION('',(-0.,-1.));
#12395 = ( GEOMETRIC_REPRESENTATION_CONTEXT(2) 
PARAMETRIC_REPRESENTATION_CONTEXT() REPRESENTATION_CONTEXT('2D SPACE',''
  ) );
#12396 = ORIENTED_EDGE('',*,*,#12397,.T.);
#12397 = EDGE_CURVE('',#12370,#12370,#12398,.T.);
#12398 = SURFACE_CURVE('',#12399,(#12404,#12411),.PCURVE_S1.);
#12399 = CIRCLE('',#12400,50.);
#12400 = AXIS2_PLACEMENT_3D('',#12401,#12402,#12403);
#12401 = CARTESIAN_POINT('',(-2.48689957516E-14,-1.7763568394E-15,22.4)
  );
#12402 = DIRECTION('',(0.,0.,1.));
#12403 = DIRECTION('',(1.,3.5527136788E-17,-0.));
#12404 = PCURVE('',#12378,#12405);
#12405 = DEFINITIONAL_REPRESENTATION('',(#12406),#12410);
#12406 = LINE('',#12407,#12408);
#12407 = CARTESIAN_POINT('',(-0.,-22.4));
#12408 = VECTOR('',#12409,1.);
#12409 = DIRECTION('',(-1.,0.));
#12410 = ( GEOMETRIC_REPRESENTATION_CONTEXT(2) 
PARAMETRIC_REPRESENTATION_CONTEXT() REPRESENTATION_CONTEXT('2D SPACE',''
  ) );
#12411 = PCURVE('',#169,#12412);
#12412 = DEFINITIONAL_REPRESENTATION('',(#12413),#12417);
#12413 = CIRCLE('',#12414,50.);
#12414 = AXIS2_PLACEMENT_2D('',#12415,#12416);
#12415 = CARTESIAN_POINT('',(-2.48689957516E-14,-2.980682249858E-15));
#12416 = DIRECTION('',(1.,3.5527136788E-17));
#12417 = ( GEOMETRIC_REPRESENTATION_CONTEXT(2) 
PARAMETRIC_REPRESENTATION_CONTEXT() REPRESENTATION_CONTEXT('2D SPACE',''
  ) );
#12418 = ORIENTED_EDGE('',*,*,#12367,.F.);
#12419 = ORIENTED_EDGE('',*,*,#12420,.F.);
#12420 = EDGE_CURVE('',#12368,#12368,#12421,.T.);
#12421 = SURFACE_CURVE('',#12422,(#12427,#12434),.PCURVE_S1.);
#12422 = CIRCLE('',#12423,50.);
#12423 = AXIS2_PLACEMENT_3D('',#12424,#12425,#12426);
#12424 = CARTESIAN_POINT('',(-2.48689957516E-14,-1.7763568394E-15,0.));
#12425 = DIRECTION('',(0.,0.,1.));
#12426 = DIRECTION('',(1.,3.5527136788E-17,-0.));
#12427 = PCURVE('',#12378,#12428);
#12428 = DEFINITIONAL_REPRESENTATION('',(#12429),#12433);
#12429 = LINE('',#12430,#12431);
#12430 = CARTESIAN_POINT('',(-0.,0.));
#12431 = VECTOR('',#12432,1.);
#12432 = DIRECTION('',(-1.,0.));
#12433 = ( GEOMETRIC_REPRESENTATION_CONTEXT(2) 
PARAMETRIC_REPRESENTATION_CONTEXT() REPRESENTATION_CONTEXT('2D SPACE',''
  ) );
#12434 = PCURVE('',#224,#12435);
#12435 = DEFINITIONAL_REPRESENTATION('',(#12436),#12440);
#12436 = CIRCLE('',#12437,50.);
#12437 = AXIS2_PLACEMENT_2D('',#12438,#12439);
#12438 = CARTESIAN_POINT('',(-2.48689957516E-14,-2.980682249858E-15));
#12439 = DIRECTION('',(1.,3.5527136788E-17));
#12440 = ( GEOMETRIC_REPRESENTATION_CONTEXT(2) 
PARAMETRIC_REPRESENTATION_CONTEXT() REPRESENTATION_CONTEXT('2D SPACE',''
  ) );
#12441 = ADVANCED_FACE('',(#12442,#12450,#12458,#12466,#12474,#12482,
    #12490,#12498,#12506,#12514,#12522,#12530,#12538),#224,.F.);
#12442 = FACE_BOUND('',#12443,.F.);
#12443 = EDGE_LOOP('',(#12444,#12445,#12446,#12447,#12448,#12449));
#12444 = ORIENTED_EDGE('',*,*,#209,.T.);
#12445 = ORIENTED_EDGE('',*,*,#387,.F.);
#12446 = ORIENTED_EDGE('',*,*,#557,.F.);
#12447 = ORIENTED_EDGE('',*,*,#727,.F.);
#12448 = ORIENTED_EDGE('',*,*,#799,.F.);
#12449 = ORIENTED_EDGE('',*,*,#941,.F.);
#12450 = FACE_BOUND('',#12451,.F.);
#12451 = EDGE_LOOP('',(#12452,#12453,#12454,#12455,#12456,#12457));
#12452 = ORIENTED_EDGE('',*,*,#1242,.T.);
#12453 = ORIENTED_EDGE('',*,*,#1415,.F.);
#12454 = ORIENTED_EDGE('',*,*,#1585,.F.);
#12455 = ORIENTED_EDGE('',*,*,#1755,.F.);
#12456 = ORIENTED_EDGE('',*,*,#1827,.F.);
#12457 = ORIENTED_EDGE('',*,*,#1969,.F.);
#12458 = FACE_BOUND('',#12459,.F.);
#12459 = EDGE_LOOP('',(#12460,#12461,#12462,#12463,#12464,#12465));
#12460 = ORIENTED_EDGE('',*,*,#2270,.T.);
#12461 = ORIENTED_EDGE('',*,*,#2443,.F.);
#12462 = ORIENTED_EDGE('',*,*,#2613,.F.);
#12463 = ORIENTED_EDGE('',*,*,#2783,.F.);
#12464 = ORIENTED_EDGE('',*,*,#2855,.F.);
#12465 = ORIENTED_EDGE('',*,*,#2997,.F.);
#12466 = FACE_BOUND('',#12467,.F.);
#12467 = EDGE_LOOP('',(#12468,#12469,#12470,#12471,#12472,#12473));
#12468 = ORIENTED_EDGE('',*,*,#3298,.T.);
#12469 = ORIENTED_EDGE('',*,*,#3471,.F.);
#12470 = ORIENTED_EDGE('',*,*,#3641,.F.);
#12471 = ORIENTED_EDGE('',*,*,#3811,.F.);
#12472 = ORIENTED_EDGE('',*,*,#3883,.F.);
#12473 = ORIENTED_EDGE('',*,*,#4025,.F.);
#12474 = FACE_BOUND('',#12475,.F.);
#12475 = EDGE_LOOP('',(#12476,#12477,#12478,#12479,#12480,#12481));
#12476 = ORIENTED_EDGE('',*,*,#4326,.T.);
#12477 = ORIENTED_EDGE('',*,*,#4499,.F.);
#12478 = ORIENTED_EDGE('',*,*,#4669,.F.);
#12479 = ORIENTED_EDGE('',*,*,#4839,.F.);
#12480 = ORIENTED_EDGE('',*,*,#4911,.F.);
#12481 = ORIENTED_EDGE('',*,*,#5053,.F.);
#12482 = FACE_BOUND('',#12483,.F.);
#12483 = EDGE_LOOP('',(#12484,#12485,#12486,#12487,#12488,#12489));
#12484 = ORIENTED_EDGE('',*,*,#5354,.T.);
#12485 = ORIENTED_EDGE('',*,*,#5527,.F.);
#12486 = ORIENTED_EDGE('',*,*,#5697,.F.);
#12487 = ORIENTED_EDGE('',*,*,#5867,.F.);
#12488 = ORIENTED_EDGE('',*,*,#5939,.F.);
#12489 = ORIENTED_EDGE('',*,*,#6081,.F.);
#12490 = FACE_BOUND('',#12491,.F.);
#12491 = EDGE_LOOP('',(#12492,#12493,#12494,#12495,#12496,#12497));
#12492 = ORIENTED_EDGE('',*,*,#6382,.T.);
#12493 = ORIENTED_EDGE('',*,*,#6555,.F.);
#12494 = ORIENTED_EDGE('',*,*,#6725,.F.);
#12495 = ORIENTED_EDGE('',*,*,#6895,.F.);
#12496 = ORIENTED_EDGE('',*,*,#6967,.F.);
#12497 = ORIENTED_EDGE('',*,*,#7109,.F.);
#12498 = FACE_BOUND('',#12499,.F.);
#12499 = EDGE_LOOP('',(#12500,#12501,#12502,#12503,#12504,#12505));
#12500 = ORIENTED_EDGE('',*,*,#7410,.T.);
#12501 = ORIENTED_EDGE('',*,*,#7583,.F.);
#12502 = ORIENTED_EDGE('',*,*,#7753,.F.);
#12503 = ORIENTED_EDGE('',*,*,#7923,.F.);
#12504 = ORIENTED_EDGE('',*,*,#7995,.F.);
#12505 = ORIENTED_EDGE('',*,*,#8137,.F.);
#12506 = FACE_BOUND('',#12507,.F.);
#12507 = EDGE_LOOP('',(#12508,#12509,#12510,#12511,#12512,#12513));
#12508 = ORIENTED_EDGE('',*,*,#8438,.T.);
#12509 = ORIENTED_EDGE('',*,*,#8611,.F.);
#12510 = ORIENTED_EDGE('',*,*,#8781,.F.);
#12511 = ORIENTED_EDGE('',*,*,#8951,.F.);
#12512 = ORIENTED_EDGE('',*,*,#9023,.F.);
#12513 = ORIENTED_EDGE('',*,*,#9165,.F.);
#12514 = FACE_BOUND('',#12515,.F.);
#12515 = EDGE_LOOP('',(#12516,#12517,#12518,#12519,#12520,#12521));
#12516 = ORIENTED_EDGE('',*,*,#9466,.T.);
#12517 = ORIENTED_EDGE('',*,*,#9639,.F.);
#12518 = ORIENTED_EDGE('',*,*,#9809,.F.);
#12519 = ORIENTED_EDGE('',*,*,#9979,.F.);
#12520 = ORIENTED_EDGE('',*,*,#10051,.F.);
#12521 = ORIENTED_EDGE('',*,*,#10193,.F.);
#12522 = FACE_BOUND('',#12523,.F.);
#12523 = EDGE_LOOP('',(#12524,#12525,#12526,#12527,#12528,#12529));
#12524 = ORIENTED_EDGE('',*,*,#10494,.T.);
#12525 = ORIENTED_EDGE('',*,*,#10667,.F.);
#12526 = ORIENTED_EDGE('',*,*,#10837,.F.);
#12527 = ORIENTED_EDGE('',*,*,#11007,.F.);
#12528 = ORIENTED_EDGE('',*,*,#11079,.F.);
#12529 = ORIENTED_EDGE('',*,*,#11221,.F.);
#12530 = FACE_BOUND('',#12531,.F.);
#12531 = EDGE_LOOP('',(#12532,#12533,#12534,#12535,#12536,#12537));
#12532 = ORIENTED_EDGE('',*,*,#11522,.T.);
#12533 = ORIENTED_EDGE('',*,*,#11695,.F.);
#12534 = ORIENTED_EDGE('',*,*,#11865,.F.);
#12535 = ORIENTED_EDGE('',*,*,#12035,.F.);
#12536 = ORIENTED_EDGE('',*,*,#12107,.F.);
#12537 = ORIENTED_EDGE('',*,*,#12249,.F.);
#12538 = FACE_BOUND('',#12539,.F.);
#12539 = EDGE_LOOP('',(#12540));
#12540 = ORIENTED_EDGE('',*,*,#12420,.T.);
#12541 = ADVANCED_FACE('',(#12542,#12550,#12558,#12566,#12574,#12582,
    #12590,#12598,#12606,#12614,#12622,#12630,#12638),#169,.T.);
#12542 = FACE_BOUND('',#12543,.T.);
#12543 = EDGE_LOOP('',(#12544,#12545,#12546,#12547,#12548,#12549));
#12544 = ORIENTED_EDGE('',*,*,#152,.T.);
#12545 = ORIENTED_EDGE('',*,*,#365,.F.);
#12546 = ORIENTED_EDGE('',*,*,#441,.F.);
#12547 = ORIENTED_EDGE('',*,*,#705,.F.);
#12548 = ORIENTED_EDGE('',*,*,#776,.F.);
#12549 = ORIENTED_EDGE('',*,*,#825,.F.);
#12550 = FACE_BOUND('',#12551,.T.);
#12551 = EDGE_LOOP('',(#12552,#12553,#12554,#12555,#12556,#12557));
#12552 = ORIENTED_EDGE('',*,*,#1190,.T.);
#12553 = ORIENTED_EDGE('',*,*,#1393,.F.);
#12554 = ORIENTED_EDGE('',*,*,#1469,.F.);
#12555 = ORIENTED_EDGE('',*,*,#1733,.F.);
#12556 = ORIENTED_EDGE('',*,*,#1804,.F.);
#12557 = ORIENTED_EDGE('',*,*,#1853,.F.);
#12558 = FACE_BOUND('',#12559,.T.);
#12559 = EDGE_LOOP('',(#12560,#12561,#12562,#12563,#12564,#12565));
#12560 = ORIENTED_EDGE('',*,*,#2218,.T.);
#12561 = ORIENTED_EDGE('',*,*,#2421,.F.);
#12562 = ORIENTED_EDGE('',*,*,#2497,.F.);
#12563 = ORIENTED_EDGE('',*,*,#2761,.F.);
#12564 = ORIENTED_EDGE('',*,*,#2832,.F.);
#12565 = ORIENTED_EDGE('',*,*,#2881,.F.);
#12566 = FACE_BOUND('',#12567,.T.);
#12567 = EDGE_LOOP('',(#12568,#12569,#12570,#12571,#12572,#12573));
#12568 = ORIENTED_EDGE('',*,*,#3246,.T.);
#12569 = ORIENTED_EDGE('',*,*,#3449,.F.);
#12570 = ORIENTED_EDGE('',*,*,#3525,.F.);
#12571 = ORIENTED_EDGE('',*,*,#3789,.F.);
#12572 = ORIENTED_EDGE('',*,*,#3860,.F.);
#12573 = ORIENTED_EDGE('',*,*,#3909,.F.);
#12574 = FACE_BOUND('',#12575,.T.);
#12575 = EDGE_LOOP('',(#12576,#12577,#12578,#12579,#12580,#12581));
#12576 = ORIENTED_EDGE('',*,*,#4274,.T.);
#12577 = ORIENTED_EDGE('',*,*,#4477,.F.);
#12578 = ORIENTED_EDGE('',*,*,#4553,.F.);
#12579 = ORIENTED_EDGE('',*,*,#4817,.F.);
#12580 = ORIENTED_EDGE('',*,*,#4888,.F.);
#12581 = ORIENTED_EDGE('',*,*,#4937,.F.);
#12582 = FACE_BOUND('',#12583,.T.);
#12583 = EDGE_LOOP('',(#12584,#12585,#12586,#12587,#12588,#12589));
#12584 = ORIENTED_EDGE('',*,*,#5302,.T.);
#12585 = ORIENTED_EDGE('',*,*,#5505,.F.);
#12586 = ORIENTED_EDGE('',*,*,#5581,.F.);
#12587 = ORIENTED_EDGE('',*,*,#5845,.F.);
#12588 = ORIENTED_EDGE('',*,*,#5916,.F.);
#12589 = ORIENTED_EDGE('',*,*,#5965,.F.);
#12590 = FACE_BOUND('',#12591,.T.);
#12591 = EDGE_LOOP('',(#12592,#12593,#12594,#12595,#12596,#12597));
#12592 = ORIENTED_EDGE('',*,*,#6330,.T.);
#12593 = ORIENTED_EDGE('',*,*,#6533,.F.);
#12594 = ORIENTED_EDGE('',*,*,#6609,.F.);
#12595 = ORIENTED_EDGE('',*,*,#6873,.F.);
#12596 = ORIENTED_EDGE('',*,*,#6944,.F.);
#12597 = ORIENTED_EDGE('',*,*,#6993,.F.);
#12598 = FACE_BOUND('',#12599,.T.);
#12599 = EDGE_LOOP('',(#12600,#12601,#12602,#12603,#12604,#12605));
#12600 = ORIENTED_EDGE('',*,*,#7358,.T.);
#12601 = ORIENTED_EDGE('',*,*,#7561,.F.);
#12602 = ORIENTED_EDGE('',*,*,#7637,.F.);
#12603 = ORIENTED_EDGE('',*,*,#7901,.F.);
#12604 = ORIENTED_EDGE('',*,*,#7972,.F.);
#12605 = ORIENTED_EDGE('',*,*,#8021,.F.);
#12606 = FACE_BOUND('',#12607,.T.);
#12607 = EDGE_LOOP('',(#12608,#12609,#12610,#12611,#12612,#12613));
#12608 = ORIENTED_EDGE('',*,*,#8386,.T.);
#12609 = ORIENTED_EDGE('',*,*,#8589,.F.);
#12610 = ORIENTED_EDGE('',*,*,#8665,.F.);
#12611 = ORIENTED_EDGE('',*,*,#8929,.F.);
#12612 = ORIENTED_EDGE('',*,*,#9000,.F.);
#12613 = ORIENTED_EDGE('',*,*,#9049,.F.);
#12614 = FACE_BOUND('',#12615,.T.);
#12615 = EDGE_LOOP('',(#12616,#12617,#12618,#12619,#12620,#12621));
#12616 = ORIENTED_EDGE('',*,*,#9414,.T.);
#12617 = ORIENTED_EDGE('',*,*,#9617,.F.);
#12618 = ORIENTED_EDGE('',*,*,#9693,.F.);
#12619 = ORIENTED_EDGE('',*,*,#9957,.F.);
#12620 = ORIENTED_EDGE('',*,*,#10028,.F.);
#12621 = ORIENTED_EDGE('',*,*,#10077,.F.);
#12622 = FACE_BOUND('',#12623,.T.);
#12623 = EDGE_LOOP('',(#12624,#12625,#12626,#12627,#12628,#12629));
#12624 = ORIENTED_EDGE('',*,*,#10442,.T.);
#12625 = ORIENTED_EDGE('',*,*,#10645,.F.);
#12626 = ORIENTED_EDGE('',*,*,#10721,.F.);
#12627 = ORIENTED_EDGE('',*,*,#10985,.F.);
#12628 = ORIENTED_EDGE('',*,*,#11056,.F.);
#12629 = ORIENTED_EDGE('',*,*,#11105,.F.);
#12630 = FACE_BOUND('',#12631,.T.);
#12631 = EDGE_LOOP('',(#12632,#12633,#12634,#12635,#12636,#12637));
#12632 = ORIENTED_EDGE('',*,*,#11470,.T.);
#12633 = ORIENTED_EDGE('',*,*,#11673,.F.);
#12634 = ORIENTED_EDGE('',*,*,#11749,.F.);
#12635 = ORIENTED_EDGE('',*,*,#12013,.F.);
#12636 = ORIENTED_EDGE('',*,*,#12084,.F.);
#12637 = ORIENTED_EDGE('',*,*,#12133,.F.);
#12638 = FACE_BOUND('',#12639,.T.);
#12639 = EDGE_LOOP('',(#12640));
#12640 = ORIENTED_EDGE('',*,*,#12397,.T.);
#12641 = ( GEOMETRIC_REPRESENTATION_CONTEXT(3) 
GLOBAL_UNCERTAINTY_ASSIGNED_CONTEXT((#12645)) 
GLOBAL_UNIT_ASSIGNED_CONTEXT((#12642,#12643,#12644)) 
REPRESENTATION_CONTEXT('Context #1',
  '3D Context with UNIT and UNCERTAINTY') );
#12642 = ( LENGTH_UNIT() NAMED_UNIT(*) SI_UNIT(.MILLI.,.METRE.) );
#12643 = ( NAMED_UNIT(*) PLANE_ANGLE_UNIT() SI_UNIT($,.RADIAN.) );
#12644 = ( NAMED_UNIT(*) SI_UNIT($,.STERADIAN.) SOLID_ANGLE_UNIT() );
#12645 = UNCERTAINTY_MEASURE_WITH_UNIT(LENGTH_MEASURE(1.E-07),#12642,
  'distance_accuracy_value','confusion accuracy');
#12646 = PRODUCT_RELATED_PRODUCT_CATEGORY('part',$,(#7));
ENDSEC;
END-ISO-10303-21;
