ISO-10303-21;
HEADER;
FILE_DESCRIPTION(('Open CASCADE Model'),'2;1');
FILE_NAME('Open CASCADE Shape Model','2026-09-27T14:03:19',('Author'),(
    'Open CASCADE'),'Open CASCADE STEP processor 7.9','Open CASCADE 7.9'
  ,'Unknown');
FILE_SCHEMA(('AUTOMOTIVE_DESIGN { 1 0 10303 214 1 1 1 1 }'));
ENDSEC;
DATA;
#1 = APPLICATION_PROTOCOL_DEFINITION('international standard',
  'automotive_design',2000,#2);
#2 = APPLICATION_CONTEXT(
  'core data for automotive mechanical design processes');
#3 = SHAPE_DEFINITION_REPRESENTATION(#4,#10);
#4 = PRODUCT_DEFINITION_SHAPE('','',#5);
#5 = PRODUCT_DEFINITION('design','',#6,#9);
#6 = PRODUCT_DEFINITION_FORMATION('','',#7);
#7 = PRODUCT('Open CASCADE STEP translator 7.9 1',
  'Open CASCADE STEP translator 7.9 1','',(#8));
#8 = PRODUCT_CONTEXT('',#2,'mechanical');
#9 = PRODUCT_DEFINITION_CONTEXT('part definition',#2,'design');
#10 = ADVANCED_BREP_SHAPE_REPRESENTATION('',(#11,#15),#12748);
#11 = AXIS2_PLACEMENT_3D('',#12,#13,#14);
#12 = CARTESIAN_POINT('',(0.,0.,0.));
#13 = DIRECTION('',(0.,0.,1.));
#14 = DIRECTION('',(1.,0.,-0.));
#15 = MANIFOLD_SOLID_BREP('',#16);
#16 = CLOSED_SHELL('',(#17,#235,#499,#671,#7054,#10877,#10904,#10931,
    #10978,#11005,#11032,#11059,#11086,#11093,#11140,#11167,#11194,
    #11221,#11248,#11255,#11302,#11329,#11356,#11383,#11410,#11417,
    #11464,#11491,#11518,#11545,#11572,#11579,#11626,#11653,#11680,
    #11707,#11734,#11741,#11788,#11815,#11842,#11869,#11896,#11903,
    #11950,#11977,#12004,#12031,#12058,#12065,#12112,#12139,#12166,
    #12193,#12220,#12227,#12274,#12301,#12328,#12355,#12382,#12389,
    #12396,#12443,#12470,#12497,#12524,#12551,#12558,#12605,#12632,
    #12659,#12686,#12713,#12720));
#17 = ADVANCED_FACE('',(#18),#32,.T.);
#18 = FACE_BOUND('',#19,.F.);
#19 = EDGE_LOOP('',(#20,#151,#180,#208));
#20 = ORIENTED_EDGE('',*,*,#21,.T.);
#21 = EDGE_CURVE('',#22,#24,#26,.T.);
#22 = VERTEX_POINT('',#23);
#23 = CARTESIAN_POINT('',(11.930966664467,4.35224476005,0.));
#24 = VERTEX_POINT('',#25);
#25 = CARTESIAN_POINT('',(11.930966664467,4.35224476005,22.4));
#26 = SURFACE_CURVE('',#27,(#31,#43),.PCURVE_S1.);
#27 = LINE('',#28,#29);
#28 = CARTESIAN_POINT('',(11.930966664467,4.35224476005,0.));
#29 = VECTOR('',#30,1.);
#30 = DIRECTION('',(0.,0.,1.));
#31 = PCURVE('',#32,#37);
#32 = CYLINDRICAL_SURFACE('',#33,12.7);
#33 = AXIS2_PLACEMENT_3D('',#34,#35,#36);
#34 = CARTESIAN_POINT('',(0.,0.,0.));
#35 = DIRECTION('',(-0.,-0.,-1.));
#36 = DIRECTION('',(1.,0.,-0.));
#37 = DEFINITIONAL_REPRESENTATION('',(#38),#42);
#38 = LINE('',#39,#40);
#39 = CARTESIAN_POINT('',(-0.349785642294,0.));
#40 = VECTOR('',#41,1.);
#41 = DIRECTION('',(-0.,-1.));
#42 = ( GEOMETRIC_REPRESENTATION_CONTEXT(2) 
PARAMETRIC_REPRESENTATION_CONTEXT() REPRESENTATION_CONTEXT('2D SPACE',''
  ) );
#43 = PCURVE('',#44,#145);
#44 = B_SPLINE_SURFACE_WITH_KNOTS('',3,1,(
    (#45,#46)
    ,(#47,#48)
    ,(#49,#50)
    ,(#51,#52)
    ,(#53,#54)
    ,(#55,#56)
    ,(#57,#58)
    ,(#59,#60)
    ,(#61,#62)
    ,(#63,#64)
    ,(#65,#66)
    ,(#67,#68)
    ,(#69,#70)
    ,(#71,#72)
    ,(#73,#74)
    ,(#75,#76)
    ,(#77,#78)
    ,(#79,#80)
    ,(#81,#82)
    ,(#83,#84)
    ,(#85,#86)
    ,(#87,#88)
    ,(#89,#90)
    ,(#91,#92)
    ,(#93,#94)
    ,(#95,#96)
    ,(#97,#98)
    ,(#99,#100)
    ,(#101,#102)
    ,(#103,#104)
    ,(#105,#106)
    ,(#107,#108)
    ,(#109,#110)
    ,(#111,#112)
    ,(#113,#114)
    ,(#115,#116)
    ,(#117,#118)
    ,(#119,#120)
    ,(#121,#122)
    ,(#123,#124)
    ,(#125,#126)
    ,(#127,#128)
    ,(#129,#130)
    ,(#131,#132)
    ,(#133,#134)
    ,(#135,#136)
    ,(#137,#138)
    ,(#139,#140)
    ,(#141,#142)
    ,(#143,#144
    )),.UNSPECIFIED.,.F.,.F.,.F.,(4,1,1,1,1,1,1,1,1,1,1,1,1,1,1,1,1,1,1,
    1,1,1,1,1,1,1,1,1,1,1,1,1,1,1,1,1,1,1,1,1,1,1,1,1,1,1,1,4),(2,2),(0.
    ,2.712363629581,5.415653884531,7.889901421053,9.986742084351,
    12.07233621524,13.981450928582,15.730829279285,17.217976489194,
    18.70534511222,20.079261809959,21.357514213245,22.46799558875,
    23.608470848383,24.696515979748,25.743900293344,26.683864297553,
    27.681614976107,28.665922847739,29.643534481927,30.544804484636,
    31.523863593595,32.508882471553,33.502052098633,34.427210166566,
    35.439013636309,36.460687542796,37.491630530293,38.450636928084,
    39.49631232414,40.547756860041,41.603484223464,42.58022774738,
    43.639187672476,44.697549950026,45.75413920775,46.727235587527,
    47.778840627491,48.828245019521,49.876764601754,50.845806288818,
    51.899956703366,52.96296178269,54.040387692291,55.053510242706,
    56.178288511941,57.339605375855,58.548465428582),(-22.4,0.),
  .UNSPECIFIED.);
#45 = CARTESIAN_POINT('',(11.249485487596,0.11052333949,22.4));
#46 = CARTESIAN_POINT('',(11.249485487596,0.11052333949,0.));
#47 = CARTESIAN_POINT('',(11.376182797132,0.986951472967,22.4));
#48 = CARTESIAN_POINT('',(11.376182797132,0.986951472967,0.));
#49 = CARTESIAN_POINT('',(11.602194618324,2.806286868958,22.4));
#50 = CARTESIAN_POINT('',(11.602194618324,2.806286868958,0.));
#51 = CARTESIAN_POINT('',(12.134629507401,5.373460647376,22.4));
#52 = CARTESIAN_POINT('',(12.134629507401,5.373460647376,0.));
#53 = CARTESIAN_POINT('',(12.761330701745,7.719905530411,22.4));
#54 = CARTESIAN_POINT('',(12.761330701745,7.719905530411,0.));
#55 = CARTESIAN_POINT('',(13.476800401325,9.821415703608,22.4));
#56 = CARTESIAN_POINT('',(13.476800401325,9.821415703608,0.));
#57 = CARTESIAN_POINT('',(14.26246707513,11.695953869781,22.4));
#58 = CARTESIAN_POINT('',(14.26246707513,11.695953869781,0.));
#59 = CARTESIAN_POINT('',(15.138245288229,13.400871942358,22.4));
#60 = CARTESIAN_POINT('',(15.138245288229,13.400871942358,0.));
#61 = CARTESIAN_POINT('',(16.047369310296,14.857969224017,22.4));
#62 = CARTESIAN_POINT('',(16.047369310296,14.857969224017,0.));
#63 = CARTESIAN_POINT('',(16.994219975995,16.118266467028,22.4));
#64 = CARTESIAN_POINT('',(16.994219975995,16.118266467028,0.));
#65 = CARTESIAN_POINT('',(17.969120709338,17.194773878067,22.4));
#66 = CARTESIAN_POINT('',(17.969120709338,17.194773878067,0.));
#67 = CARTESIAN_POINT('',(18.996653098454,18.117314751465,22.4));
#68 = CARTESIAN_POINT('',(18.996653098454,18.117314751465,0.));
#69 = CARTESIAN_POINT('',(19.975977521262,18.903915227139,22.4));
#70 = CARTESIAN_POINT('',(19.975977521262,18.903915227139,0.));
#71 = CARTESIAN_POINT('',(20.980295980441,19.521889253497,22.4));
#72 = CARTESIAN_POINT('',(20.980295980441,19.521889253497,0.));
#73 = CARTESIAN_POINT('',(21.989630354161,19.99698355557,22.4));
#74 = CARTESIAN_POINT('',(21.989630354161,19.99698355557,0.));
#75 = CARTESIAN_POINT('',(23.030400430535,20.336826675277,22.4));
#76 = CARTESIAN_POINT('',(23.030400430535,20.336826675277,0.));
#77 = CARTESIAN_POINT('',(24.039492709707,20.532029205586,22.4));
#78 = CARTESIAN_POINT('',(24.039492709707,20.532029205586,0.));
#79 = CARTESIAN_POINT('',(25.034004307452,20.60377705895,22.4));
#80 = CARTESIAN_POINT('',(25.034004307452,20.60377705895,0.));
#81 = CARTESIAN_POINT('',(26.009381897263,20.561055052166,22.4));
#82 = CARTESIAN_POINT('',(26.009381897263,20.561055052166,0.));
#83 = CARTESIAN_POINT('',(26.985510591158,20.404533141836,22.4));
#84 = CARTESIAN_POINT('',(26.985510591158,20.404533141836,0.));
#85 = CARTESIAN_POINT('',(27.907733516855,20.152100759088,22.4));
#86 = CARTESIAN_POINT('',(27.907733516855,20.152100759088,0.));
#87 = CARTESIAN_POINT('',(28.799298827785,19.813051750738,22.4));
#88 = CARTESIAN_POINT('',(28.799298827785,19.813051750738,0.));
#89 = CARTESIAN_POINT('',(29.6596541961,19.395407180895,22.4));
#90 = CARTESIAN_POINT('',(29.6596541961,19.395407180895,0.));
#91 = CARTESIAN_POINT('',(30.508436896897,18.892157024009,22.4));
#92 = CARTESIAN_POINT('',(30.508436896897,18.892157024009,0.));
#93 = CARTESIAN_POINT('',(31.302483635692,18.337493269739,22.4));
#94 = CARTESIAN_POINT('',(31.302483635692,18.337493269739,0.));
#95 = CARTESIAN_POINT('',(32.06644396779,17.728110149382,22.4));
#96 = CARTESIAN_POINT('',(32.06644396779,17.728110149382,0.));
#97 = CARTESIAN_POINT('',(32.80183046666,17.070223307686,22.4));
#98 = CARTESIAN_POINT('',(32.80183046666,17.070223307686,0.));
#99 = CARTESIAN_POINT('',(33.527685157975,16.350967281854,22.4));
#100 = CARTESIAN_POINT('',(33.527685157975,16.350967281854,0.));
#101 = CARTESIAN_POINT('',(34.209062555881,15.613403839042,22.4));
#102 = CARTESIAN_POINT('',(34.209062555881,15.613403839042,0.));
#103 = CARTESIAN_POINT('',(34.869917289642,14.846880563847,22.4));
#104 = CARTESIAN_POINT('',(34.869917289642,14.846880563847,0.));
#105 = CARTESIAN_POINT('',(35.508491991621,14.053038581483,22.4));
#106 = CARTESIAN_POINT('',(35.508491991621,14.053038581483,0.));
#107 = CARTESIAN_POINT('',(36.161146563516,13.229315368891,22.4));
#108 = CARTESIAN_POINT('',(36.161146563516,13.229315368891,0.));
#109 = CARTESIAN_POINT('',(36.789298143672,12.415536271347,22.4));
#110 = CARTESIAN_POINT('',(36.789298143672,12.415536271347,0.));
#111 = CARTESIAN_POINT('',(37.408569202719,11.591878866851,22.4));
#112 = CARTESIAN_POINT('',(37.408569202719,11.591878866851,0.));
#113 = CARTESIAN_POINT('',(38.023876770823,10.764177210539,22.4));
#114 = CARTESIAN_POINT('',(38.023876770823,10.764177210539,0.));
#115 = CARTESIAN_POINT('',(38.655112769557,9.915151982458,22.4));
#116 = CARTESIAN_POINT('',(38.655112769557,9.915151982458,0.));
#117 = CARTESIAN_POINT('',(39.274552904656,9.093029159271,22.4));
#118 = CARTESIAN_POINT('',(39.274552904656,9.093029159271,0.));
#119 = CARTESIAN_POINT('',(39.902550984115,8.280247432833,22.4));
#120 = CARTESIAN_POINT('',(39.902550984115,8.280247432833,0.));
#121 = CARTESIAN_POINT('',(40.543364797102,7.480540154386,22.4));
#122 = CARTESIAN_POINT('',(40.543364797102,7.480540154386,0.));
#123 = CARTESIAN_POINT('',(41.21993148978,6.677601330652,22.4));
#124 = CARTESIAN_POINT('',(41.21993148978,6.677601330652,0.));
#125 = CARTESIAN_POINT('',(41.902557868471,5.91631961213,22.4));
#126 = CARTESIAN_POINT('',(41.902557868471,5.91631961213,0.));
#127 = CARTESIAN_POINT('',(42.612768790464,5.178417395412,22.4));
#128 = CARTESIAN_POINT('',(42.612768790464,5.178417395412,0.));
#129 = CARTESIAN_POINT('',(43.35548030469,4.466330803474,22.4));
#130 = CARTESIAN_POINT('',(43.35548030469,4.466330803474,0.));
#131 = CARTESIAN_POINT('',(44.158660407741,3.76564202268,22.4));
#132 = CARTESIAN_POINT('',(44.158660407741,3.76564202268,0.));
#133 = CARTESIAN_POINT('',(44.98340642615,3.116584534401,22.4));
#134 = CARTESIAN_POINT('',(44.98340642615,3.116584534401,0.));
#135 = CARTESIAN_POINT('',(45.86678680957,2.49488342741,22.4));
#136 = CARTESIAN_POINT('',(45.86678680957,2.49488342741,0.));
#137 = CARTESIAN_POINT('',(46.769910368226,1.926277637567,22.4));
#138 = CARTESIAN_POINT('',(46.769910368226,1.926277637567,0.));
#139 = CARTESIAN_POINT('',(47.908179953928,1.302493150694,22.4));
#140 = CARTESIAN_POINT('',(47.908179953928,1.302493150694,0.));
#141 = CARTESIAN_POINT('',(48.32053722281,1.124425518621,22.4));
#142 = CARTESIAN_POINT('',(48.32053722281,1.124425518621,0.));
#143 = CARTESIAN_POINT('',(48.897372736107,0.849157873792,22.4));
#144 = CARTESIAN_POINT('',(48.897372736107,0.849157873792,0.));
#145 = DEFINITIONAL_REPRESENTATION('',(#146),#150);
#146 = LINE('',#147,#148);
#147 = CARTESIAN_POINT('',(4.294967752968,0.));
#148 = VECTOR('',#149,1.);
#149 = DIRECTION('',(0.,-1.));
#150 = ( GEOMETRIC_REPRESENTATION_CONTEXT(2) 
PARAMETRIC_REPRESENTATION_CONTEXT() REPRESENTATION_CONTEXT('2D SPACE',''
  ) );
#151 = ORIENTED_EDGE('',*,*,#152,.T.);
#152 = EDGE_CURVE('',#24,#153,#155,.T.);
#153 = VERTEX_POINT('',#154);
#154 = CARTESIAN_POINT('',(11.053367799601,6.254043514939,22.4));
#155 = SURFACE_CURVE('',#156,(#161,#168),.PCURVE_S1.);
#156 = CIRCLE('',#157,12.7);
#157 = AXIS2_PLACEMENT_3D('',#158,#159,#160);
#158 = CARTESIAN_POINT('',(0.,0.,22.4));
#159 = DIRECTION('',(0.,0.,1.));
#160 = DIRECTION('',(1.,0.,-0.));
#161 = PCURVE('',#32,#162);
#162 = DEFINITIONAL_REPRESENTATION('',(#163),#167);
#163 = LINE('',#164,#165);
#164 = CARTESIAN_POINT('',(-0.,-22.4));
#165 = VECTOR('',#166,1.);
#166 = DIRECTION('',(-1.,0.));
#167 = ( GEOMETRIC_REPRESENTATION_CONTEXT(2) 
PARAMETRIC_REPRESENTATION_CONTEXT() REPRESENTATION_CONTEXT('2D SPACE',''
  ) );
#168 = PCURVE('',#169,#174);
#169 = PLANE('',#170);
#170 = AXIS2_PLACEMENT_3D('',#171,#172,#173);
#171 = CARTESIAN_POINT('',(0.,1.204325410458E-15,22.4));
#172 = DIRECTION('',(0.,0.,1.));
#173 = DIRECTION('',(1.,0.,-0.));
#174 = DEFINITIONAL_REPRESENTATION('',(#175),#179);
#175 = CIRCLE('',#176,12.7);
#176 = AXIS2_PLACEMENT_2D('',#177,#178);
#177 = CARTESIAN_POINT('',(0.,-1.204325410458E-15));
#178 = DIRECTION('',(1.,0.));
#179 = ( GEOMETRIC_REPRESENTATION_CONTEXT(2) 
PARAMETRIC_REPRESENTATION_CONTEXT() REPRESENTATION_CONTEXT('2D SPACE',''
  ) );
#180 = ORIENTED_EDGE('',*,*,#181,.F.);
#181 = EDGE_CURVE('',#182,#153,#184,.T.);
#182 = VERTEX_POINT('',#183);
#183 = CARTESIAN_POINT('',(11.053367799601,6.254043514939,0.));
#184 = SURFACE_CURVE('',#185,(#189,#196),.PCURVE_S1.);
#185 = LINE('',#186,#187);
#186 = CARTESIAN_POINT('',(11.053367799601,6.254043514939,0.));
#187 = VECTOR('',#188,1.);
#188 = DIRECTION('',(0.,0.,1.));
#189 = PCURVE('',#32,#190);
#190 = DEFINITIONAL_REPRESENTATION('',(#191),#195);
#191 = LINE('',#192,#193);
#192 = CARTESIAN_POINT('',(-0.514896040588,0.));
#193 = VECTOR('',#194,1.);
#194 = DIRECTION('',(-0.,-1.));
#195 = ( GEOMETRIC_REPRESENTATION_CONTEXT(2) 
PARAMETRIC_REPRESENTATION_CONTEXT() REPRESENTATION_CONTEXT('2D SPACE',''
  ) );
#196 = PCURVE('',#197,#202);
#197 = PLANE('',#198);
#198 = AXIS2_PLACEMENT_3D('',#199,#200,#201);
#199 = CARTESIAN_POINT('',(12.309966714107,6.979541236493,0.));
#200 = DIRECTION('',(0.5,-0.866025403784,0.));
#201 = DIRECTION('',(-0.866025403784,-0.5,0.));
#202 = DEFINITIONAL_REPRESENTATION('',(#203),#207);
#203 = LINE('',#204,#205);
#204 = CARTESIAN_POINT('',(1.450995443107,0.));
#205 = VECTOR('',#206,1.);
#206 = DIRECTION('',(0.,-1.));
#207 = ( GEOMETRIC_REPRESENTATION_CONTEXT(2) 
PARAMETRIC_REPRESENTATION_CONTEXT() REPRESENTATION_CONTEXT('2D SPACE',''
  ) );
#208 = ORIENTED_EDGE('',*,*,#209,.F.);
#209 = EDGE_CURVE('',#22,#182,#210,.T.);
#210 = SURFACE_CURVE('',#211,(#216,#223),.PCURVE_S1.);
#211 = CIRCLE('',#212,12.7);
#212 = AXIS2_PLACEMENT_3D('',#213,#214,#215);
#213 = CARTESIAN_POINT('',(0.,0.,0.));
#214 = DIRECTION('',(0.,0.,1.));
#215 = DIRECTION('',(1.,0.,-0.));
#216 = PCURVE('',#32,#217);
#217 = DEFINITIONAL_REPRESENTATION('',(#218),#222);
#218 = LINE('',#219,#220);
#219 = CARTESIAN_POINT('',(-0.,0.));
#220 = VECTOR('',#221,1.);
#221 = DIRECTION('',(-1.,0.));
#222 = ( GEOMETRIC_REPRESENTATION_CONTEXT(2) 
PARAMETRIC_REPRESENTATION_CONTEXT() REPRESENTATION_CONTEXT('2D SPACE',''
  ) );
#223 = PCURVE('',#224,#229);
#224 = PLANE('',#225);
#225 = AXIS2_PLACEMENT_3D('',#226,#227,#228);
#226 = CARTESIAN_POINT('',(0.,1.204325410458E-15,0.));
#227 = DIRECTION('',(0.,0.,1.));
#228 = DIRECTION('',(1.,0.,-0.));
#229 = DEFINITIONAL_REPRESENTATION('',(#230),#234);
#230 = CIRCLE('',#231,12.7);
#231 = AXIS2_PLACEMENT_2D('',#232,#233);
#232 = CARTESIAN_POINT('',(0.,-1.204325410458E-15));
#233 = DIRECTION('',(1.,0.));
#234 = ( GEOMETRIC_REPRESENTATION_CONTEXT(2) 
PARAMETRIC_REPRESENTATION_CONTEXT() REPRESENTATION_CONTEXT('2D SPACE',''
  ) );
#235 = ADVANCED_FACE('',(#236),#44,.T.);
#236 = FACE_BOUND('',#237,.T.);
#237 = EDGE_LOOP('',(#238,#239,#356,#384));
#238 = ORIENTED_EDGE('',*,*,#21,.T.);
#239 = ORIENTED_EDGE('',*,*,#240,.T.);
#240 = EDGE_CURVE('',#24,#241,#243,.T.);
#241 = VERTEX_POINT('',#242);
#242 = CARTESIAN_POINT('',(48.488794180528,1.042515668191,22.4));
#243 = SURFACE_CURVE('',#244,(#295,#302),.PCURVE_S1.);
#244 = B_SPLINE_CURVE_WITH_KNOTS('',3,(#245,#246,#247,#248,#249,#250,
    #251,#252,#253,#254,#255,#256,#257,#258,#259,#260,#261,#262,#263,
    #264,#265,#266,#267,#268,#269,#270,#271,#272,#273,#274,#275,#276,
    #277,#278,#279,#280,#281,#282,#283,#284,#285,#286,#287,#288,#289,
    #290,#291,#292,#293,#294),.UNSPECIFIED.,.F.,.F.,(4,1,1,1,1,1,1,1,1,1
    ,1,1,1,1,1,1,1,1,1,1,1,1,1,1,1,1,1,1,1,1,1,1,1,1,1,1,1,1,1,1,1,1,1,1
    ,1,1,1,4),(0.,2.712363629581,5.415653884531,7.889901421053,
    9.986742084351,12.07233621524,13.981450928582,15.730829279285,
    17.217976489194,18.70534511222,20.079261809959,21.357514213245,
    22.46799558875,23.608470848383,24.696515979748,25.743900293344,
    26.683864297553,27.681614976107,28.665922847739,29.643534481927,
    30.544804484636,31.523863593595,32.508882471553,33.502052098633,
    34.427210166566,35.439013636309,36.460687542796,37.491630530293,
    38.450636928084,39.49631232414,40.547756860041,41.603484223464,
    42.58022774738,43.639187672476,44.697549950026,45.75413920775,
    46.727235587527,47.778840627491,48.828245019521,49.876764601754,
    50.845806288818,51.899956703366,52.96296178269,54.040387692291,
    55.053510242706,56.178288511941,57.339605375855,58.548465428582),
  .UNSPECIFIED.);
#245 = CARTESIAN_POINT('',(11.249485487596,0.11052333949,22.4));
#246 = CARTESIAN_POINT('',(11.376182797132,0.986951472967,22.4));
#247 = CARTESIAN_POINT('',(11.602194618324,2.806286868958,22.4));
#248 = CARTESIAN_POINT('',(12.134629507401,5.373460647376,22.4));
#249 = CARTESIAN_POINT('',(12.761330701745,7.719905530411,22.4));
#250 = CARTESIAN_POINT('',(13.476800401325,9.821415703608,22.4));
#251 = CARTESIAN_POINT('',(14.26246707513,11.695953869781,22.4));
#252 = CARTESIAN_POINT('',(15.138245288229,13.400871942358,22.4));
#253 = CARTESIAN_POINT('',(16.047369310296,14.857969224017,22.4));
#254 = CARTESIAN_POINT('',(16.994219975995,16.118266467028,22.4));
#255 = CARTESIAN_POINT('',(17.969120709338,17.194773878067,22.4));
#256 = CARTESIAN_POINT('',(18.996653098454,18.117314751465,22.4));
#257 = CARTESIAN_POINT('',(19.975977521262,18.903915227139,22.4));
#258 = CARTESIAN_POINT('',(20.980295980441,19.521889253497,22.4));
#259 = CARTESIAN_POINT('',(21.989630354161,19.99698355557,22.4));
#260 = CARTESIAN_POINT('',(23.030400430535,20.336826675277,22.4));
#261 = CARTESIAN_POINT('',(24.039492709707,20.532029205586,22.4));
#262 = CARTESIAN_POINT('',(25.034004307452,20.60377705895,22.4));
#263 = CARTESIAN_POINT('',(26.009381897263,20.561055052166,22.4));
#264 = CARTESIAN_POINT('',(26.985510591158,20.404533141836,22.4));
#265 = CARTESIAN_POINT('',(27.907733516855,20.152100759088,22.4));
#266 = CARTESIAN_POINT('',(28.799298827785,19.813051750738,22.4));
#267 = CARTESIAN_POINT('',(29.6596541961,19.395407180895,22.4));
#268 = CARTESIAN_POINT('',(30.508436896897,18.892157024009,22.4));
#269 = CARTESIAN_POINT('',(31.302483635692,18.337493269739,22.4));
#270 = CARTESIAN_POINT('',(32.06644396779,17.728110149382,22.4));
#271 = CARTESIAN_POINT('',(32.80183046666,17.070223307686,22.4));
#272 = CARTESIAN_POINT('',(33.527685157975,16.350967281854,22.4));
#273 = CARTESIAN_POINT('',(34.209062555881,15.613403839042,22.4));
#274 = CARTESIAN_POINT('',(34.869917289642,14.846880563847,22.4));
#275 = CARTESIAN_POINT('',(35.508491991621,14.053038581483,22.4));
#276 = CARTESIAN_POINT('',(36.161146563516,13.229315368891,22.4));
#277 = CARTESIAN_POINT('',(36.789298143672,12.415536271347,22.4));
#278 = CARTESIAN_POINT('',(37.408569202719,11.591878866851,22.4));
#279 = CARTESIAN_POINT('',(38.023876770823,10.764177210539,22.4));
#280 = CARTESIAN_POINT('',(38.655112769557,9.915151982458,22.4));
#281 = CARTESIAN_POINT('',(39.274552904656,9.093029159271,22.4));
#282 = CARTESIAN_POINT('',(39.902550984115,8.280247432833,22.4));
#283 = CARTESIAN_POINT('',(40.543364797102,7.480540154386,22.4));
#284 = CARTESIAN_POINT('',(41.21993148978,6.677601330652,22.4));
#285 = CARTESIAN_POINT('',(41.902557868471,5.91631961213,22.4));
#286 = CARTESIAN_POINT('',(42.612768790464,5.178417395412,22.4));
#287 = CARTESIAN_POINT('',(43.35548030469,4.466330803474,22.4));
#288 = CARTESIAN_POINT('',(44.158660407741,3.76564202268,22.4));
#289 = CARTESIAN_POINT('',(44.98340642615,3.116584534401,22.4));
#290 = CARTESIAN_POINT('',(45.86678680957,2.49488342741,22.4));
#291 = CARTESIAN_POINT('',(46.769910368226,1.926277637567,22.4));
#292 = CARTESIAN_POINT('',(47.908179953928,1.302493150694,22.4));
#293 = CARTESIAN_POINT('',(48.32053722281,1.124425518621,22.4));
#294 = CARTESIAN_POINT('',(48.897372736107,0.849157873792,22.4));
#295 = PCURVE('',#44,#296);
#296 = DEFINITIONAL_REPRESENTATION('',(#297),#301);
#297 = LINE('',#298,#299);
#298 = CARTESIAN_POINT('',(0.,-22.4));
#299 = VECTOR('',#300,1.);
#300 = DIRECTION('',(1.,0.));
#301 = ( GEOMETRIC_REPRESENTATION_CONTEXT(2) 
PARAMETRIC_REPRESENTATION_CONTEXT() REPRESENTATION_CONTEXT('2D SPACE',''
  ) );
#302 = PCURVE('',#169,#303);
#303 = DEFINITIONAL_REPRESENTATION('',(#304),#355);
#304 = B_SPLINE_CURVE_WITH_KNOTS('',3,(#305,#306,#307,#308,#309,#310,
    #311,#312,#313,#314,#315,#316,#317,#318,#319,#320,#321,#322,#323,
    #324,#325,#326,#327,#328,#329,#330,#331,#332,#333,#334,#335,#336,
    #337,#338,#339,#340,#341,#342,#343,#344,#345,#346,#347,#348,#349,
    #350,#351,#352,#353,#354),.UNSPECIFIED.,.F.,.F.,(4,1,1,1,1,1,1,1,1,1
    ,1,1,1,1,1,1,1,1,1,1,1,1,1,1,1,1,1,1,1,1,1,1,1,1,1,1,1,1,1,1,1,1,1,1
    ,1,1,1,4),(0.,2.712363629581,5.415653884531,7.889901421053,
    9.986742084351,12.07233621524,13.981450928582,15.730829279285,
    17.217976489194,18.70534511222,20.079261809959,21.357514213245,
    22.46799558875,23.608470848383,24.696515979748,25.743900293344,
    26.683864297553,27.681614976107,28.665922847739,29.643534481927,
    30.544804484636,31.523863593595,32.508882471553,33.502052098633,
    34.427210166566,35.439013636309,36.460687542796,37.491630530293,
    38.450636928084,39.49631232414,40.547756860041,41.603484223464,
    42.58022774738,43.639187672476,44.697549950026,45.75413920775,
    46.727235587527,47.778840627491,48.828245019521,49.876764601754,
    50.845806288818,51.899956703366,52.96296178269,54.040387692291,
    55.053510242706,56.178288511941,57.339605375855,58.548465428582),
  .UNSPECIFIED.);
#305 = CARTESIAN_POINT('',(11.249485487596,0.11052333949));
#306 = CARTESIAN_POINT('',(11.376182797132,0.986951472967));
#307 = CARTESIAN_POINT('',(11.602194618324,2.806286868958));
#308 = CARTESIAN_POINT('',(12.134629507401,5.373460647376));
#309 = CARTESIAN_POINT('',(12.761330701745,7.719905530411));
#310 = CARTESIAN_POINT('',(13.476800401325,9.821415703608));
#311 = CARTESIAN_POINT('',(14.26246707513,11.695953869781));
#312 = CARTESIAN_POINT('',(15.138245288229,13.400871942358));
#313 = CARTESIAN_POINT('',(16.047369310296,14.857969224017));
#314 = CARTESIAN_POINT('',(16.994219975995,16.118266467028));
#315 = CARTESIAN_POINT('',(17.969120709338,17.194773878067));
#316 = CARTESIAN_POINT('',(18.996653098454,18.117314751465));
#317 = CARTESIAN_POINT('',(19.975977521262,18.903915227139));
#318 = CARTESIAN_POINT('',(20.980295980441,19.521889253497));
#319 = CARTESIAN_POINT('',(21.989630354161,19.99698355557));
#320 = CARTESIAN_POINT('',(23.030400430535,20.336826675277));
#321 = CARTESIAN_POINT('',(24.039492709707,20.532029205586));
#322 = CARTESIAN_POINT('',(25.034004307452,20.60377705895));
#323 = CARTESIAN_POINT('',(26.009381897263,20.561055052166));
#324 = CARTESIAN_POINT('',(26.985510591158,20.404533141836));
#325 = CARTESIAN_POINT('',(27.907733516855,20.152100759088));
#326 = CARTESIAN_POINT('',(28.799298827785,19.813051750738));
#327 = CARTESIAN_POINT('',(29.6596541961,19.395407180895));
#328 = CARTESIAN_POINT('',(30.508436896897,18.892157024009));
#329 = CARTESIAN_POINT('',(31.302483635692,18.337493269739));
#330 = CARTESIAN_POINT('',(32.06644396779,17.728110149382));
#331 = CARTESIAN_POINT('',(32.80183046666,17.070223307686));
#332 = CARTESIAN_POINT('',(33.527685157975,16.350967281854));
#333 = CARTESIAN_POINT('',(34.209062555881,15.613403839042));
#334 = CARTESIAN_POINT('',(34.869917289642,14.846880563847));
#335 = CARTESIAN_POINT('',(35.508491991621,14.053038581483));
#336 = CARTESIAN_POINT('',(36.161146563516,13.229315368891));
#337 = CARTESIAN_POINT('',(36.789298143672,12.415536271347));
#338 = CARTESIAN_POINT('',(37.408569202719,11.591878866851));
#339 = CARTESIAN_POINT('',(38.023876770823,10.764177210539));
#340 = CARTESIAN_POINT('',(38.655112769557,9.915151982458));
#341 = CARTESIAN_POINT('',(39.274552904656,9.093029159271));
#342 = CARTESIAN_POINT('',(39.902550984115,8.280247432833));
#343 = CARTESIAN_POINT('',(40.543364797102,7.480540154386));
#344 = CARTESIAN_POINT('',(41.21993148978,6.677601330652));
#345 = CARTESIAN_POINT('',(41.902557868471,5.91631961213));
#346 = CARTESIAN_POINT('',(42.612768790464,5.178417395412));
#347 = CARTESIAN_POINT('',(43.35548030469,4.466330803474));
#348 = CARTESIAN_POINT('',(44.158660407741,3.76564202268));
#349 = CARTESIAN_POINT('',(44.98340642615,3.116584534401));
#350 = CARTESIAN_POINT('',(45.86678680957,2.49488342741));
#351 = CARTESIAN_POINT('',(46.769910368226,1.926277637567));
#352 = CARTESIAN_POINT('',(47.908179953928,1.302493150694));
#353 = CARTESIAN_POINT('',(48.32053722281,1.124425518621));
#354 = CARTESIAN_POINT('',(48.897372736107,0.849157873792));
#355 = ( GEOMETRIC_REPRESENTATION_CONTEXT(2) 
PARAMETRIC_REPRESENTATION_CONTEXT() REPRESENTATION_CONTEXT('2D SPACE',''
  ) );
#356 = ORIENTED_EDGE('',*,*,#357,.F.);
#357 = EDGE_CURVE('',#358,#241,#360,.T.);
#358 = VERTEX_POINT('',#359);
#359 = CARTESIAN_POINT('',(48.488794180528,1.042515668191,0.));
#360 = SURFACE_CURVE('',#361,(#365,#372),.PCURVE_S1.);
#361 = LINE('',#362,#363);
#362 = CARTESIAN_POINT('',(48.488794180528,1.042515668191,0.));
#363 = VECTOR('',#364,1.);
#364 = DIRECTION('',(0.,0.,1.));
#365 = PCURVE('',#44,#366);
#366 = DEFINITIONAL_REPRESENTATION('',(#367),#371);
#367 = LINE('',#368,#369);
#368 = CARTESIAN_POINT('',(58.209842986943,0.));
#369 = VECTOR('',#370,1.);
#370 = DIRECTION('',(0.,-1.));
#371 = ( GEOMETRIC_REPRESENTATION_CONTEXT(2) 
PARAMETRIC_REPRESENTATION_CONTEXT() REPRESENTATION_CONTEXT('2D SPACE',''
  ) );
#372 = PCURVE('',#373,#378);
#373 = CYLINDRICAL_SURFACE('',#374,48.5);
#374 = AXIS2_PLACEMENT_3D('',#375,#376,#377);
#375 = CARTESIAN_POINT('',(0.,0.,0.));
#376 = DIRECTION('',(-0.,-0.,-1.));
#377 = DIRECTION('',(1.,0.,-0.));
#378 = DEFINITIONAL_REPRESENTATION('',(#379),#383);
#379 = LINE('',#380,#381);
#380 = CARTESIAN_POINT('',(-2.149682403995E-02,0.));
#381 = VECTOR('',#382,1.);
#382 = DIRECTION('',(-0.,-1.));
#383 = ( GEOMETRIC_REPRESENTATION_CONTEXT(2) 
PARAMETRIC_REPRESENTATION_CONTEXT() REPRESENTATION_CONTEXT('2D SPACE',''
  ) );
#384 = ORIENTED_EDGE('',*,*,#385,.F.);
#385 = EDGE_CURVE('',#22,#358,#386,.T.);
#386 = SURFACE_CURVE('',#387,(#438,#445),.PCURVE_S1.);
#387 = B_SPLINE_CURVE_WITH_KNOTS('',3,(#388,#389,#390,#391,#392,#393,
    #394,#395,#396,#397,#398,#399,#400,#401,#402,#403,#404,#405,#406,
    #407,#408,#409,#410,#411,#412,#413,#414,#415,#416,#417,#418,#419,
    #420,#421,#422,#423,#424,#425,#426,#427,#428,#429,#430,#431,#432,
    #433,#434,#435,#436,#437),.UNSPECIFIED.,.F.,.F.,(4,1,1,1,1,1,1,1,1,1
    ,1,1,1,1,1,1,1,1,1,1,1,1,1,1,1,1,1,1,1,1,1,1,1,1,1,1,1,1,1,1,1,1,1,1
    ,1,1,1,4),(0.,2.712363629581,5.415653884531,7.889901421053,
    9.986742084351,12.07233621524,13.981450928582,15.730829279285,
    17.217976489194,18.70534511222,20.079261809959,21.357514213245,
    22.46799558875,23.608470848383,24.696515979748,25.743900293344,
    26.683864297553,27.681614976107,28.665922847739,29.643534481927,
    30.544804484636,31.523863593595,32.508882471553,33.502052098633,
    34.427210166566,35.439013636309,36.460687542796,37.491630530293,
    38.450636928084,39.49631232414,40.547756860041,41.603484223464,
    42.58022774738,43.639187672476,44.697549950026,45.75413920775,
    46.727235587527,47.778840627491,48.828245019521,49.876764601754,
    50.845806288818,51.899956703366,52.96296178269,54.040387692291,
    55.053510242706,56.178288511941,57.339605375855,58.548465428582),
  .UNSPECIFIED.);
#388 = CARTESIAN_POINT('',(11.249485487596,0.11052333949,0.));
#389 = CARTESIAN_POINT('',(11.376182797132,0.986951472967,0.));
#390 = CARTESIAN_POINT('',(11.602194618324,2.806286868958,0.));
#391 = CARTESIAN_POINT('',(12.134629507401,5.373460647376,0.));
#392 = CARTESIAN_POINT('',(12.761330701745,7.719905530411,0.));
#393 = CARTESIAN_POINT('',(13.476800401325,9.821415703608,0.));
#394 = CARTESIAN_POINT('',(14.26246707513,11.695953869781,0.));
#395 = CARTESIAN_POINT('',(15.138245288229,13.400871942358,0.));
#396 = CARTESIAN_POINT('',(16.047369310296,14.857969224017,0.));
#397 = CARTESIAN_POINT('',(16.994219975995,16.118266467028,0.));
#398 = CARTESIAN_POINT('',(17.969120709338,17.194773878067,0.));
#399 = CARTESIAN_POINT('',(18.996653098454,18.117314751465,0.));
#400 = CARTESIAN_POINT('',(19.975977521262,18.903915227139,0.));
#401 = CARTESIAN_POINT('',(20.980295980441,19.521889253497,0.));
#402 = CARTESIAN_POINT('',(21.989630354161,19.99698355557,0.));
#403 = CARTESIAN_POINT('',(23.030400430535,20.336826675277,0.));
#404 = CARTESIAN_POINT('',(24.039492709707,20.532029205586,0.));
#405 = CARTESIAN_POINT('',(25.034004307452,20.60377705895,0.));
#406 = CARTESIAN_POINT('',(26.009381897263,20.561055052166,0.));
#407 = CARTESIAN_POINT('',(26.985510591158,20.404533141836,0.));
#408 = CARTESIAN_POINT('',(27.907733516855,20.152100759088,0.));
#409 = CARTESIAN_POINT('',(28.799298827785,19.813051750738,0.));
#410 = CARTESIAN_POINT('',(29.6596541961,19.395407180895,0.));
#411 = CARTESIAN_POINT('',(30.508436896897,18.892157024009,0.));
#412 = CARTESIAN_POINT('',(31.302483635692,18.337493269739,0.));
#413 = CARTESIAN_POINT('',(32.06644396779,17.728110149382,0.));
#414 = CARTESIAN_POINT('',(32.80183046666,17.070223307686,0.));
#415 = CARTESIAN_POINT('',(33.527685157975,16.350967281854,0.));
#416 = CARTESIAN_POINT('',(34.209062555881,15.613403839042,0.));
#417 = CARTESIAN_POINT('',(34.869917289642,14.846880563847,0.));
#418 = CARTESIAN_POINT('',(35.508491991621,14.053038581483,0.));
#419 = CARTESIAN_POINT('',(36.161146563516,13.229315368891,0.));
#420 = CARTESIAN_POINT('',(36.789298143672,12.415536271347,0.));
#421 = CARTESIAN_POINT('',(37.408569202719,11.591878866851,0.));
#422 = CARTESIAN_POINT('',(38.023876770823,10.764177210539,0.));
#423 = CARTESIAN_POINT('',(38.655112769557,9.915151982458,0.));
#424 = CARTESIAN_POINT('',(39.274552904656,9.093029159271,0.));
#425 = CARTESIAN_POINT('',(39.902550984115,8.280247432833,0.));
#426 = CARTESIAN_POINT('',(40.543364797102,7.480540154386,0.));
#427 = CARTESIAN_POINT('',(41.21993148978,6.677601330652,0.));
#428 = CARTESIAN_POINT('',(41.902557868471,5.91631961213,0.));
#429 = CARTESIAN_POINT('',(42.612768790464,5.178417395412,0.));
#430 = CARTESIAN_POINT('',(43.35548030469,4.466330803474,0.));
#431 = CARTESIAN_POINT('',(44.158660407741,3.76564202268,0.));
#432 = CARTESIAN_POINT('',(44.98340642615,3.116584534401,0.));
#433 = CARTESIAN_POINT('',(45.86678680957,2.49488342741,0.));
#434 = CARTESIAN_POINT('',(46.769910368226,1.926277637567,0.));
#435 = CARTESIAN_POINT('',(47.908179953928,1.302493150694,0.));
#436 = CARTESIAN_POINT('',(48.32053722281,1.124425518621,0.));
#437 = CARTESIAN_POINT('',(48.897372736107,0.849157873792,0.));
#438 = PCURVE('',#44,#439);
#439 = DEFINITIONAL_REPRESENTATION('',(#440),#444);
#440 = LINE('',#441,#442);
#441 = CARTESIAN_POINT('',(0.,0.));
#442 = VECTOR('',#443,1.);
#443 = DIRECTION('',(1.,0.));
#444 = ( GEOMETRIC_REPRESENTATION_CONTEXT(2) 
PARAMETRIC_REPRESENTATION_CONTEXT() REPRESENTATION_CONTEXT('2D SPACE',''
  ) );
#445 = PCURVE('',#224,#446);
#446 = DEFINITIONAL_REPRESENTATION('',(#447),#498);
#447 = B_SPLINE_CURVE_WITH_KNOTS('',3,(#448,#449,#450,#451,#452,#453,
    #454,#455,#456,#457,#458,#459,#460,#461,#462,#463,#464,#465,#466,
    #467,#468,#469,#470,#471,#472,#473,#474,#475,#476,#477,#478,#479,
    #480,#481,#482,#483,#484,#485,#486,#487,#488,#489,#490,#491,#492,
    #493,#494,#495,#496,#497),.UNSPECIFIED.,.F.,.F.,(4,1,1,1,1,1,1,1,1,1
    ,1,1,1,1,1,1,1,1,1,1,1,1,1,1,1,1,1,1,1,1,1,1,1,1,1,1,1,1,1,1,1,1,1,1
    ,1,1,1,4),(0.,2.712363629581,5.415653884531,7.889901421053,
    9.986742084351,12.07233621524,13.981450928582,15.730829279285,
    17.217976489194,18.70534511222,20.079261809959,21.357514213245,
    22.46799558875,23.608470848383,24.696515979748,25.743900293344,
    26.683864297553,27.681614976107,28.665922847739,29.643534481927,
    30.544804484636,31.523863593595,32.508882471553,33.502052098633,
    34.427210166566,35.439013636309,36.460687542796,37.491630530293,
    38.450636928084,39.49631232414,40.547756860041,41.603484223464,
    42.58022774738,43.639187672476,44.697549950026,45.75413920775,
    46.727235587527,47.778840627491,48.828245019521,49.876764601754,
    50.845806288818,51.899956703366,52.96296178269,54.040387692291,
    55.053510242706,56.178288511941,57.339605375855,58.548465428582),
  .UNSPECIFIED.);
#448 = CARTESIAN_POINT('',(11.249485487596,0.11052333949));
#449 = CARTESIAN_POINT('',(11.376182797132,0.986951472967));
#450 = CARTESIAN_POINT('',(11.602194618324,2.806286868958));
#451 = CARTESIAN_POINT('',(12.134629507401,5.373460647376));
#452 = CARTESIAN_POINT('',(12.761330701745,7.719905530411));
#453 = CARTESIAN_POINT('',(13.476800401325,9.821415703608));
#454 = CARTESIAN_POINT('',(14.26246707513,11.695953869781));
#455 = CARTESIAN_POINT('',(15.138245288229,13.400871942358));
#456 = CARTESIAN_POINT('',(16.047369310296,14.857969224017));
#457 = CARTESIAN_POINT('',(16.994219975995,16.118266467028));
#458 = CARTESIAN_POINT('',(17.969120709338,17.194773878067));
#459 = CARTESIAN_POINT('',(18.996653098454,18.117314751465));
#460 = CARTESIAN_POINT('',(19.975977521262,18.903915227139));
#461 = CARTESIAN_POINT('',(20.980295980441,19.521889253497));
#462 = CARTESIAN_POINT('',(21.989630354161,19.99698355557));
#463 = CARTESIAN_POINT('',(23.030400430535,20.336826675277));
#464 = CARTESIAN_POINT('',(24.039492709707,20.532029205586));
#465 = CARTESIAN_POINT('',(25.034004307452,20.60377705895));
#466 = CARTESIAN_POINT('',(26.009381897263,20.561055052166));
#467 = CARTESIAN_POINT('',(26.985510591158,20.404533141836));
#468 = CARTESIAN_POINT('',(27.907733516855,20.152100759088));
#469 = CARTESIAN_POINT('',(28.799298827785,19.813051750738));
#470 = CARTESIAN_POINT('',(29.6596541961,19.395407180895));
#471 = CARTESIAN_POINT('',(30.508436896897,18.892157024009));
#472 = CARTESIAN_POINT('',(31.302483635692,18.337493269739));
#473 = CARTESIAN_POINT('',(32.06644396779,17.728110149382));
#474 = CARTESIAN_POINT('',(32.80183046666,17.070223307686));
#475 = CARTESIAN_POINT('',(33.527685157975,16.350967281854));
#476 = CARTESIAN_POINT('',(34.209062555881,15.613403839042));
#477 = CARTESIAN_POINT('',(34.869917289642,14.846880563847));
#478 = CARTESIAN_POINT('',(35.508491991621,14.053038581483));
#479 = CARTESIAN_POINT('',(36.161146563516,13.229315368891));
#480 = CARTESIAN_POINT('',(36.789298143672,12.415536271347));
#481 = CARTESIAN_POINT('',(37.408569202719,11.591878866851));
#482 = CARTESIAN_POINT('',(38.023876770823,10.764177210539));
#483 = CARTESIAN_POINT('',(38.655112769557,9.915151982458));
#484 = CARTESIAN_POINT('',(39.274552904656,9.093029159271));
#485 = CARTESIAN_POINT('',(39.902550984115,8.280247432833));
#486 = CARTESIAN_POINT('',(40.543364797102,7.480540154386));
#487 = CARTESIAN_POINT('',(41.21993148978,6.677601330652));
#488 = CARTESIAN_POINT('',(41.902557868471,5.91631961213));
#489 = CARTESIAN_POINT('',(42.612768790464,5.178417395412));
#490 = CARTESIAN_POINT('',(43.35548030469,4.466330803474));
#491 = CARTESIAN_POINT('',(44.158660407741,3.76564202268));
#492 = CARTESIAN_POINT('',(44.98340642615,3.116584534401));
#493 = CARTESIAN_POINT('',(45.86678680957,2.49488342741));
#494 = CARTESIAN_POINT('',(46.769910368226,1.926277637567));
#495 = CARTESIAN_POINT('',(47.908179953928,1.302493150694));
#496 = CARTESIAN_POINT('',(48.32053722281,1.124425518621));
#497 = CARTESIAN_POINT('',(48.897372736107,0.849157873792));
#498 = ( GEOMETRIC_REPRESENTATION_CONTEXT(2) 
PARAMETRIC_REPRESENTATION_CONTEXT() REPRESENTATION_CONTEXT('2D SPACE',''
  ) );
#499 = ADVANCED_FACE('',(#500),#197,.T.);
#500 = FACE_BOUND('',#501,.T.);
#501 = EDGE_LOOP('',(#502,#628,#649,#650));
#502 = ORIENTED_EDGE('',*,*,#503,.T.);
#503 = EDGE_CURVE('',#504,#506,#508,.T.);
#504 = VERTEX_POINT('',#505);
#505 = CARTESIAN_POINT('',(12.309966714107,6.979541236493,0.));
#506 = VERTEX_POINT('',#507);
#507 = CARTESIAN_POINT('',(12.309966714107,6.979541236493,22.4));
#508 = SURFACE_CURVE('',#509,(#513,#520),.PCURVE_S1.);
#509 = LINE('',#510,#511);
#510 = CARTESIAN_POINT('',(12.309966714107,6.979541236493,0.));
#511 = VECTOR('',#512,1.);
#512 = DIRECTION('',(0.,0.,1.));
#513 = PCURVE('',#197,#514);
#514 = DEFINITIONAL_REPRESENTATION('',(#515),#519);
#515 = LINE('',#516,#517);
#516 = CARTESIAN_POINT('',(0.,0.));
#517 = VECTOR('',#518,1.);
#518 = DIRECTION('',(0.,-1.));
#519 = ( GEOMETRIC_REPRESENTATION_CONTEXT(2) 
PARAMETRIC_REPRESENTATION_CONTEXT() REPRESENTATION_CONTEXT('2D SPACE',''
  ) );
#520 = PCURVE('',#521,#622);
#521 = B_SPLINE_SURFACE_WITH_KNOTS('',3,1,(
    (#522,#523)
    ,(#524,#525)
    ,(#526,#527)
    ,(#528,#529)
    ,(#530,#531)
    ,(#532,#533)
    ,(#534,#535)
    ,(#536,#537)
    ,(#538,#539)
    ,(#540,#541)
    ,(#542,#543)
    ,(#544,#545)
    ,(#546,#547)
    ,(#548,#549)
    ,(#550,#551)
    ,(#552,#553)
    ,(#554,#555)
    ,(#556,#557)
    ,(#558,#559)
    ,(#560,#561)
    ,(#562,#563)
    ,(#564,#565)
    ,(#566,#567)
    ,(#568,#569)
    ,(#570,#571)
    ,(#572,#573)
    ,(#574,#575)
    ,(#576,#577)
    ,(#578,#579)
    ,(#580,#581)
    ,(#582,#583)
    ,(#584,#585)
    ,(#586,#587)
    ,(#588,#589)
    ,(#590,#591)
    ,(#592,#593)
    ,(#594,#595)
    ,(#596,#597)
    ,(#598,#599)
    ,(#600,#601)
    ,(#602,#603)
    ,(#604,#605)
    ,(#606,#607)
    ,(#608,#609)
    ,(#610,#611)
    ,(#612,#613)
    ,(#614,#615)
    ,(#616,#617)
    ,(#618,#619)
    ,(#620,#621
    )),.UNSPECIFIED.,.F.,.F.,.F.,(4,1,1,1,1,1,1,1,1,1,1,1,1,1,1,1,1,1,1,
    1,1,1,1,1,1,1,1,1,1,1,1,1,1,1,1,1,1,1,1,1,1,1,1,1,1,1,1,4),(2,2),(0.
    ,1.310275187177,2.575554712222,3.800853833955,4.902089094641,
    6.06831455688,7.21183434275,8.337173980858,9.363078484396,
    10.46331856218,11.554153671202,12.637112639117,13.630528059043,
    14.700223728197,15.762924250692,16.817962772309,17.784172052652,
    18.821404601302,19.84721146813,20.859830292326,21.78133906864,
    22.763820637486,23.728524475563,24.674422276675,25.530408882817,
    26.439181751574,27.329575345756,28.203542707491,28.998544434436,
    29.851442200626,30.702034885941,31.558695680793,32.363786840272,
    33.262555459008,34.202118316714,35.196909054575,36.177314147534,
    37.320972597039,38.563122142845,39.916198777823,41.276469790388,
    42.885560125174,44.651495886816,46.590899109622,48.549892956214,
    50.871342573664,53.417826896227,55.987800380247),(-22.4,0.),
  .UNSPECIFIED.);
#522 = CARTESIAN_POINT('',(42.082676136201,23.315921341419,22.4));
#523 = CARTESIAN_POINT('',(42.082676136201,23.315921341419,0.));
#524 = CARTESIAN_POINT('',(41.649948034513,23.297376337878,22.4));
#525 = CARTESIAN_POINT('',(41.649948034513,23.297376337878,0.));
#526 = CARTESIAN_POINT('',(40.787445354505,23.242131416327,22.4));
#527 = CARTESIAN_POINT('',(40.787445354505,23.242131416327,0.));
#528 = CARTESIAN_POINT('',(39.521601030366,23.266965715716,22.4));
#529 = CARTESIAN_POINT('',(39.521601030366,23.266965715716,0.));
#530 = CARTESIAN_POINT('',(38.326317984623,23.350960870606,22.4));
#531 = CARTESIAN_POINT('',(38.326317984623,23.350960870606,0.));
#532 = CARTESIAN_POINT('',(37.17089698156,23.497688615251,22.4));
#533 = CARTESIAN_POINT('',(37.17089698156,23.497688615251,0.));
#534 = CARTESIAN_POINT('',(36.051338089334,23.699144996789,22.4));
#535 = CARTESIAN_POINT('',(36.051338089334,23.699144996789,0.));
#536 = CARTESIAN_POINT('',(34.935819086423,23.95943150911,22.4));
#537 = CARTESIAN_POINT('',(34.935819086423,23.95943150911,0.));
#538 = CARTESIAN_POINT('',(33.878783819283,24.258831881864,22.4));
#539 = CARTESIAN_POINT('',(33.878783819283,24.258831881864,0.));
#540 = CARTESIAN_POINT('',(32.848486336614,24.595980465613,22.4));
#541 = CARTESIAN_POINT('',(32.848486336614,24.595980465613,0.));
#542 = CARTESIAN_POINT('',(31.84153670515,24.965283498813,22.4));
#543 = CARTESIAN_POINT('',(31.84153670515,24.965283498813,0.));
#544 = CARTESIAN_POINT('',(30.828858746943,25.372489110861,22.4));
#545 = CARTESIAN_POINT('',(30.828858746943,25.372489110861,0.));
#546 = CARTESIAN_POINT('',(29.859280796101,25.790424118563,22.4));
#547 = CARTESIAN_POINT('',(29.859280796101,25.790424118563,0.));
#548 = CARTESIAN_POINT('',(28.903720290067,26.222541321982,22.4));
#549 = CARTESIAN_POINT('',(28.903720290067,26.222541321982,0.));
#550 = CARTESIAN_POINT('',(27.959614572996,26.663370675188,22.4));
#551 = CARTESIAN_POINT('',(27.959614572996,26.663370675188,0.));
#552 = CARTESIAN_POINT('',(26.999786929554,27.118992633305,22.4));
#553 = CARTESIAN_POINT('',(26.999786929554,27.118992633305,0.));
#554 = CARTESIAN_POINT('',(26.071242549075,27.560078007531,22.4));
#555 = CARTESIAN_POINT('',(26.071242549075,27.560078007531,0.));
#556 = CARTESIAN_POINT('',(25.147683190047,27.991850706763,22.4));
#557 = CARTESIAN_POINT('',(25.147683190047,27.991850706763,0.));
#558 = CARTESIAN_POINT('',(24.228783771352,28.410486907899,22.4));
#559 = CARTESIAN_POINT('',(24.228783771352,28.410486907899,0.));
#560 = CARTESIAN_POINT('',(23.285984487568,28.813808621591,22.4));
#561 = CARTESIAN_POINT('',(23.285984487568,28.813808621591,0.));
#562 = CARTESIAN_POINT('',(22.363281017109,29.163804855853,22.4));
#563 = CARTESIAN_POINT('',(22.363281017109,29.163804855853,0.));
#564 = CARTESIAN_POINT('',(21.44584834181,29.48583588509,22.4));
#565 = CARTESIAN_POINT('',(21.44584834181,29.48583588509,0.));
#566 = CARTESIAN_POINT('',(20.532326917107,29.769377975409,22.4));
#567 = CARTESIAN_POINT('',(20.532326917107,29.769377975409,0.));
#568 = CARTESIAN_POINT('',(19.599421648763,30.015037084398,22.4));
#569 = CARTESIAN_POINT('',(19.599421648763,30.015037084398,0.));
#570 = CARTESIAN_POINT('',(18.696320629617,30.204072830303,22.4));
#571 = CARTESIAN_POINT('',(18.696320629617,30.204072830303,0.));
#572 = CARTESIAN_POINT('',(17.802421946079,30.3390564245,22.4));
#573 = CARTESIAN_POINT('',(17.802421946079,30.3390564245,0.));
#574 = CARTESIAN_POINT('',(16.919934305036,30.415444567079,22.4));
#575 = CARTESIAN_POINT('',(16.919934305036,30.415444567079,0.));
#576 = CARTESIAN_POINT('',(16.028040806798,30.426002112416,22.4));
#577 = CARTESIAN_POINT('',(16.028040806798,30.426002112416,0.));
#578 = CARTESIAN_POINT('',(15.175978459901,30.365065037231,22.4));
#579 = CARTESIAN_POINT('',(15.175978459901,30.365065037231,0.));
#580 = CARTESIAN_POINT('',(14.345033419939,30.231007591555,22.4));
#581 = CARTESIAN_POINT('',(14.345033419939,30.231007591555,0.));
#582 = CARTESIAN_POINT('',(13.537895913829,30.019624554552,22.4));
#583 = CARTESIAN_POINT('',(13.537895913829,30.019624554552,0.));
#584 = CARTESIAN_POINT('',(12.738888600672,29.714882354118,22.4));
#585 = CARTESIAN_POINT('',(12.738888600672,29.714882354118,0.));
#586 = CARTESIAN_POINT('',(11.994190246907,29.327483672617,22.4));
#587 = CARTESIAN_POINT('',(11.994190246907,29.327483672617,0.));
#588 = CARTESIAN_POINT('',(11.286205201239,28.847655468573,22.4));
#589 = CARTESIAN_POINT('',(11.286205201239,28.847655468573,0.));
#590 = CARTESIAN_POINT('',(10.618926839904,28.268614467873,22.4));
#591 = CARTESIAN_POINT('',(10.618926839904,28.268614467873,0.));
#592 = CARTESIAN_POINT('',(9.9869280128,27.563751450636,22.4));
#593 = CARTESIAN_POINT('',(9.9869280128,27.563751450636,0.));
#594 = CARTESIAN_POINT('',(9.430067598263,26.764297577718,22.4));
#595 = CARTESIAN_POINT('',(9.430067598263,26.764297577718,0.));
#596 = CARTESIAN_POINT('',(8.940521036684,25.84562464939,22.4));
#597 = CARTESIAN_POINT('',(8.940521036684,25.84562464939,0.));
#598 = CARTESIAN_POINT('',(8.508629767079,24.805861204768,22.4));
#599 = CARTESIAN_POINT('',(8.508629767079,24.805861204768,0.));
#600 = CARTESIAN_POINT('',(8.230462731297,23.586286175042,22.4));
#601 = CARTESIAN_POINT('',(8.230462731297,23.586286175042,0.));
#602 = CARTESIAN_POINT('',(8.068780237565,22.276283511798,22.4));
#603 = CARTESIAN_POINT('',(8.068780237565,22.276283511798,0.));
#604 = CARTESIAN_POINT('',(8.024311943854,20.834132300413,22.4));
#605 = CARTESIAN_POINT('',(8.024311943854,20.834132300413,0.));
#606 = CARTESIAN_POINT('',(8.111765656944,19.256738995285,22.4));
#607 = CARTESIAN_POINT('',(8.111765656944,19.256738995285,0.));
#608 = CARTESIAN_POINT('',(8.358371995902,17.498037038584,22.4));
#609 = CARTESIAN_POINT('',(8.358371995902,17.498037038584,0.));
#610 = CARTESIAN_POINT('',(8.759150546513,15.662170273723,22.4));
#611 = CARTESIAN_POINT('',(8.759150546513,15.662170273723,0.));
#612 = CARTESIAN_POINT('',(9.363302730177,13.630865807253,22.4));
#613 = CARTESIAN_POINT('',(9.363302730177,13.630865807253,0.));
#614 = CARTESIAN_POINT('',(10.055210582024,11.677724964823,22.4));
#615 = CARTESIAN_POINT('',(10.055210582024,11.677724964823,0.));
#616 = CARTESIAN_POINT('',(11.437090958727,8.622582546904,22.4));
#617 = CARTESIAN_POINT('',(11.437090958727,8.622582546904,0.));
#618 = CARTESIAN_POINT('',(11.233410542153,9.100594078569,22.4));
#619 = CARTESIAN_POINT('',(11.233410542153,9.100594078569,0.));
#620 = CARTESIAN_POINT('',(12.309966714107,6.979541236493,22.4));
#621 = CARTESIAN_POINT('',(12.309966714107,6.979541236493,0.));
#622 = DEFINITIONAL_REPRESENTATION('',(#623),#627);
#623 = LINE('',#624,#625);
#624 = CARTESIAN_POINT('',(55.987800380247,0.));
#625 = VECTOR('',#626,1.);
#626 = DIRECTION('',(0.,-1.));
#627 = ( GEOMETRIC_REPRESENTATION_CONTEXT(2) 
PARAMETRIC_REPRESENTATION_CONTEXT() REPRESENTATION_CONTEXT('2D SPACE',''
  ) );
#628 = ORIENTED_EDGE('',*,*,#629,.T.);
#629 = EDGE_CURVE('',#506,#153,#630,.T.);
#630 = SURFACE_CURVE('',#631,(#635,#642),.PCURVE_S1.);
#631 = LINE('',#632,#633);
#632 = CARTESIAN_POINT('',(12.309966714107,6.979541236493,22.4));
#633 = VECTOR('',#634,1.);
#634 = DIRECTION('',(-0.866025403784,-0.5,0.));
#635 = PCURVE('',#197,#636);
#636 = DEFINITIONAL_REPRESENTATION('',(#637),#641);
#637 = LINE('',#638,#639);
#638 = CARTESIAN_POINT('',(0.,-22.4));
#639 = VECTOR('',#640,1.);
#640 = DIRECTION('',(1.,0.));
#641 = ( GEOMETRIC_REPRESENTATION_CONTEXT(2) 
PARAMETRIC_REPRESENTATION_CONTEXT() REPRESENTATION_CONTEXT('2D SPACE',''
  ) );
#642 = PCURVE('',#169,#643);
#643 = DEFINITIONAL_REPRESENTATION('',(#644),#648);
#644 = LINE('',#645,#646);
#645 = CARTESIAN_POINT('',(12.309966714107,6.979541236493));
#646 = VECTOR('',#647,1.);
#647 = DIRECTION('',(-0.866025403784,-0.5));
#648 = ( GEOMETRIC_REPRESENTATION_CONTEXT(2) 
PARAMETRIC_REPRESENTATION_CONTEXT() REPRESENTATION_CONTEXT('2D SPACE',''
  ) );
#649 = ORIENTED_EDGE('',*,*,#181,.F.);
#650 = ORIENTED_EDGE('',*,*,#651,.F.);
#651 = EDGE_CURVE('',#504,#182,#652,.T.);
#652 = SURFACE_CURVE('',#653,(#657,#664),.PCURVE_S1.);
#653 = LINE('',#654,#655);
#654 = CARTESIAN_POINT('',(12.309966714107,6.979541236493,0.));
#655 = VECTOR('',#656,1.);
#656 = DIRECTION('',(-0.866025403784,-0.5,0.));
#657 = PCURVE('',#197,#658);
#658 = DEFINITIONAL_REPRESENTATION('',(#659),#663);
#659 = LINE('',#660,#661);
#660 = CARTESIAN_POINT('',(0.,0.));
#661 = VECTOR('',#662,1.);
#662 = DIRECTION('',(1.,0.));
#663 = ( GEOMETRIC_REPRESENTATION_CONTEXT(2) 
PARAMETRIC_REPRESENTATION_CONTEXT() REPRESENTATION_CONTEXT('2D SPACE',''
  ) );
#664 = PCURVE('',#224,#665);
#665 = DEFINITIONAL_REPRESENTATION('',(#666),#670);
#666 = LINE('',#667,#668);
#667 = CARTESIAN_POINT('',(12.309966714107,6.979541236493));
#668 = VECTOR('',#669,1.);
#669 = DIRECTION('',(-0.866025403784,-0.5));
#670 = ( GEOMETRIC_REPRESENTATION_CONTEXT(2) 
PARAMETRIC_REPRESENTATION_CONTEXT() REPRESENTATION_CONTEXT('2D SPACE',''
  ) );
#671 = ADVANCED_FACE('',(#672,#1224,#1776,#2328,#2880,#3432,#3984,#4536,
    #5088,#5640,#5812,#6364,#6916),#224,.F.);
#672 = FACE_BOUND('',#673,.F.);
#673 = EDGE_LOOP('',(#674,#705,#733,#951,#979,#1008));
#674 = ORIENTED_EDGE('',*,*,#675,.T.);
#675 = EDGE_CURVE('',#676,#678,#680,.T.);
#676 = VERTEX_POINT('',#677);
#677 = CARTESIAN_POINT('',(-8.156397843108,-9.734637857925,0.));
#678 = VERTEX_POINT('',#679);
#679 = CARTESIAN_POINT('',(-6.445475554358,-10.94284446011,0.));
#680 = SURFACE_CURVE('',#681,(#686,#693),.PCURVE_S1.);
#681 = CIRCLE('',#682,12.7);
#682 = AXIS2_PLACEMENT_3D('',#683,#684,#685);
#683 = CARTESIAN_POINT('',(0.,0.,0.));
#684 = DIRECTION('',(0.,0.,1.));
#685 = DIRECTION('',(1.,0.,-0.));
#686 = PCURVE('',#224,#687);
#687 = DEFINITIONAL_REPRESENTATION('',(#688),#692);
#688 = CIRCLE('',#689,12.7);
#689 = AXIS2_PLACEMENT_2D('',#690,#691);
#690 = CARTESIAN_POINT('',(0.,-1.204325410458E-15));
#691 = DIRECTION('',(1.,0.));
#692 = ( GEOMETRIC_REPRESENTATION_CONTEXT(2) 
PARAMETRIC_REPRESENTATION_CONTEXT() REPRESENTATION_CONTEXT('2D SPACE',''
  ) );
#693 = PCURVE('',#694,#699);
#694 = CYLINDRICAL_SURFACE('',#695,12.7);
#695 = AXIS2_PLACEMENT_3D('',#696,#697,#698);
#696 = CARTESIAN_POINT('',(0.,0.,0.));
#697 = DIRECTION('',(-0.,-0.,-1.));
#698 = DIRECTION('',(1.,0.,-0.));
#699 = DEFINITIONAL_REPRESENTATION('',(#700),#704);
#700 = LINE('',#701,#702);
#701 = CARTESIAN_POINT('',(-0.,0.));
#702 = VECTOR('',#703,1.);
#703 = DIRECTION('',(-1.,0.));
#704 = ( GEOMETRIC_REPRESENTATION_CONTEXT(2) 
PARAMETRIC_REPRESENTATION_CONTEXT() REPRESENTATION_CONTEXT('2D SPACE',''
  ) );
#705 = ORIENTED_EDGE('',*,*,#706,.F.);
#706 = EDGE_CURVE('',#707,#678,#709,.T.);
#707 = VERTEX_POINT('',#708);
#708 = CARTESIAN_POINT('',(-7.170973275911,-12.19944337461,0.));
#709 = SURFACE_CURVE('',#710,(#714,#721),.PCURVE_S1.);
#710 = LINE('',#711,#712);
#711 = CARTESIAN_POINT('',(-7.170973275911,-12.19944337461,0.));
#712 = VECTOR('',#713,1.);
#713 = DIRECTION('',(0.5,0.866025403784,0.));
#714 = PCURVE('',#224,#715);
#715 = DEFINITIONAL_REPRESENTATION('',(#716),#720);
#716 = LINE('',#717,#718);
#717 = CARTESIAN_POINT('',(-7.170973275911,-12.19944337461));
#718 = VECTOR('',#719,1.);
#719 = DIRECTION('',(0.5,0.866025403784));
#720 = ( GEOMETRIC_REPRESENTATION_CONTEXT(2) 
PARAMETRIC_REPRESENTATION_CONTEXT() REPRESENTATION_CONTEXT('2D SPACE',''
  ) );
#721 = PCURVE('',#722,#727);
#722 = PLANE('',#723);
#723 = AXIS2_PLACEMENT_3D('',#724,#725,#726);
#724 = CARTESIAN_POINT('',(-7.170973275911,-12.19944337461,0.));
#725 = DIRECTION('',(-0.866025403784,0.5,0.));
#726 = DIRECTION('',(0.5,0.866025403784,0.));
#727 = DEFINITIONAL_REPRESENTATION('',(#728),#732);
#728 = LINE('',#729,#730);
#729 = CARTESIAN_POINT('',(0.,0.));
#730 = VECTOR('',#731,1.);
#731 = DIRECTION('',(1.,0.));
#732 = ( GEOMETRIC_REPRESENTATION_CONTEXT(2) 
PARAMETRIC_REPRESENTATION_CONTEXT() REPRESENTATION_CONTEXT('2D SPACE',''
  ) );
#733 = ORIENTED_EDGE('',*,*,#734,.F.);
#734 = EDGE_CURVE('',#735,#707,#737,.T.);
#735 = VERTEX_POINT('',#736);
#736 = CARTESIAN_POINT('',(-24.78670592247,-41.2335182624,0.));
#737 = SURFACE_CURVE('',#738,(#789,#843),.PCURVE_S1.);
#738 = B_SPLINE_CURVE_WITH_KNOTS('',3,(#739,#740,#741,#742,#743,#744,
    #745,#746,#747,#748,#749,#750,#751,#752,#753,#754,#755,#756,#757,
    #758,#759,#760,#761,#762,#763,#764,#765,#766,#767,#768,#769,#770,
    #771,#772,#773,#774,#775,#776,#777,#778,#779,#780,#781,#782,#783,
    #784,#785,#786,#787,#788),.UNSPECIFIED.,.F.,.F.,(4,1,1,1,1,1,1,1,1,1
    ,1,1,1,1,1,1,1,1,1,1,1,1,1,1,1,1,1,1,1,1,1,1,1,1,1,1,1,1,1,1,1,1,1,1
    ,1,1,1,4),(0.,1.310275187177,2.575554712222,3.800853833955,
    4.902089094641,6.06831455688,7.21183434275,8.337173980858,
    9.363078484396,10.46331856218,11.554153671202,12.637112639117,
    13.630528059043,14.700223728197,15.762924250692,16.817962772309,
    17.784172052652,18.821404601302,19.84721146813,20.859830292326,
    21.78133906864,22.763820637486,23.728524475563,24.674422276675,
    25.530408882817,26.439181751574,27.329575345756,28.203542707491,
    28.998544434436,29.851442200626,30.702034885941,31.558695680793,
    32.363786840272,33.262555459008,34.202118316714,35.196909054575,
    36.177314147534,37.320972597039,38.563122142845,39.916198777823,
    41.276469790388,42.885560125174,44.651495886816,46.590899109622,
    48.549892956214,50.871342573664,53.417826896227,55.987800380247),
  .UNSPECIFIED.);
#739 = CARTESIAN_POINT('',(-24.78670592247,-41.2335182624,0.));
#740 = CARTESIAN_POINT('',(-24.42122489525,-41.00109376738,0.));
#741 = CARTESIAN_POINT('',(-23.7018981243,-40.52199892188,0.));
#742 = CARTESIAN_POINT('',(-22.59322763267,-39.91058389397,0.));
#743 = CARTESIAN_POINT('',(-21.5160845729,-39.38568430903,0.));
#744 = CARTESIAN_POINT('',(-20.44209675985,-38.9350437618,0.));
#745 = CARTESIAN_POINT('',(-19.37180212739,-38.54973065985,0.));
#746 = CARTESIAN_POINT('',(-18.2755910763,-38.21738589033,0.));
#747 = CARTESIAN_POINT('',(-17.21047149588,-37.94815658547,0.));
#748 = CARTESIAN_POINT('',(-16.14963341056,-37.72498708251,0.));
#749 = CARTESIAN_POINT('',(-15.09293793278,-37.54133807522,0.));
#750 = CARTESIAN_POINT('',(-14.0123302891,-37.38764950072,0.));
#751 = CARTESIAN_POINT('',(-12.96368364887,-37.2648028591,0.));
#752 = CARTESIAN_POINT('',(-11.92008537408,-37.16124708165,0.));
#753 = CARTESIAN_POINT('',(-10.88205116264,-37.07096364173,0.));
#754 = CARTESIAN_POINT('',(-9.823005061108,-36.98563001026,0.));
#755 = CARTESIAN_POINT('',(-8.79831935196,-36.90334895934,0.));
#756 = CARTESIAN_POINT('',(-7.782607135522,-36.81549540602,0.));
#757 = CARTESIAN_POINT('',(-6.777498794842,-36.7185952818,0.));
#758 = CARTESIAN_POINT('',(-5.759349807569,-36.59648248986,0.));
#759 = CARTESIAN_POINT('',(-4.785267044861,-36.43823638473,0.));
#760 = CARTESIAN_POINT('',(-3.829731527171,-36.25840709921,0.));
#761 = CARTESIAN_POINT('',(-2.896827721317,-36.04720104011,0.));
#762 = CARTESIAN_POINT('',(-1.966078505113,-35.793495435,0.));
#763 = CARTESIAN_POINT('',(-1.089452207395,-35.5056546836,0.));
#764 = CARTESIAN_POINT('',(-0.247821441944,-35.1756045635,0.));
#765 = CARTESIAN_POINT('',(0.554629345014,-34.800514815,0.));
#766 = CARTESIAN_POINT('',(1.332310544627,-34.36371116835,0.));
#767 = CARTESIAN_POINT('',(2.039749645056,-33.88490693976,0.));
#768 = CARTESIAN_POINT('',(2.692340435974,-33.35333726625,0.));
#769 = CARTESIAN_POINT('',(3.285650502111,-32.76670543322,0.));
#770 = CARTESIAN_POINT('',(3.825240032897,-32.10328728946,0.));
#771 = CARTESIAN_POINT('',(4.276468384663,-31.39544101301,0.));
#772 = CARTESIAN_POINT('',(4.64968731769,-30.62590507602,0.));
#773 = CARTESIAN_POINT('',(4.938046829651,-29.79080167891,0.));
#774 = CARTESIAN_POINT('',(5.132942360467,-28.86437298625,0.));
#775 = CARTESIAN_POINT('',(5.215470689358,-27.89359541588,0.));
#776 = CARTESIAN_POINT('',(5.180093983858,-26.85322804139,0.));
#777 = CARTESIAN_POINT('',(5.034241072697,-25.73682084961,0.));
#778 = CARTESIAN_POINT('',(4.665353277316,-24.54155437416,0.));
#779 = CARTESIAN_POINT('',(4.150373092614,-23.3262175419,0.));
#780 = CARTESIAN_POINT('',(3.467808158938,-22.05504380989,0.));
#781 = CARTESIAN_POINT('',(2.603374369183,-20.73270799243,0.));
#782 = CARTESIAN_POINT('',(1.51045603656,-19.33293058972,0.));
#783 = CARTESIAN_POINT('',(0.245438248009,-17.94341260869,0.));
#784 = CARTESIAN_POINT('',(-1.293425124031,-16.48632742974,0.));
#785 = CARTESIAN_POINT('',(-2.869205322024,-15.14081176895,0.));
#786 = CARTESIAN_POINT('',(-5.593520042199,-13.18592101121,0.));
#787 = CARTESIAN_POINT('',(-5.17812186136,-13.49805093264,0.));
#788 = CARTESIAN_POINT('',(-7.170973275911,-12.19944337461,0.));
#789 = PCURVE('',#224,#790);
#790 = DEFINITIONAL_REPRESENTATION('',(#791),#842);
#791 = B_SPLINE_CURVE_WITH_KNOTS('',3,(#792,#793,#794,#795,#796,#797,
    #798,#799,#800,#801,#802,#803,#804,#805,#806,#807,#808,#809,#810,
    #811,#812,#813,#814,#815,#816,#817,#818,#819,#820,#821,#822,#823,
    #824,#825,#826,#827,#828,#829,#830,#831,#832,#833,#834,#835,#836,
    #837,#838,#839,#840,#841),.UNSPECIFIED.,.F.,.F.,(4,1,1,1,1,1,1,1,1,1
    ,1,1,1,1,1,1,1,1,1,1,1,1,1,1,1,1,1,1,1,1,1,1,1,1,1,1,1,1,1,1,1,1,1,1
    ,1,1,1,4),(0.,1.310275187177,2.575554712222,3.800853833955,
    4.902089094641,6.06831455688,7.21183434275,8.337173980858,
    9.363078484396,10.46331856218,11.554153671202,12.637112639117,
    13.630528059043,14.700223728197,15.762924250692,16.817962772309,
    17.784172052652,18.821404601302,19.84721146813,20.859830292326,
    21.78133906864,22.763820637486,23.728524475563,24.674422276675,
    25.530408882817,26.439181751574,27.329575345756,28.203542707491,
    28.998544434436,29.851442200626,30.702034885941,31.558695680793,
    32.363786840272,33.262555459008,34.202118316714,35.196909054575,
    36.177314147534,37.320972597039,38.563122142845,39.916198777823,
    41.276469790388,42.885560125174,44.651495886816,46.590899109622,
    48.549892956214,50.871342573664,53.417826896227,55.987800380247),
  .UNSPECIFIED.);
#792 = CARTESIAN_POINT('',(-24.78670592247,-41.2335182624));
#793 = CARTESIAN_POINT('',(-24.42122489525,-41.00109376738));
#794 = CARTESIAN_POINT('',(-23.7018981243,-40.52199892188));
#795 = CARTESIAN_POINT('',(-22.59322763267,-39.91058389397));
#796 = CARTESIAN_POINT('',(-21.5160845729,-39.38568430903));
#797 = CARTESIAN_POINT('',(-20.44209675985,-38.9350437618));
#798 = CARTESIAN_POINT('',(-19.37180212739,-38.54973065985));
#799 = CARTESIAN_POINT('',(-18.2755910763,-38.21738589033));
#800 = CARTESIAN_POINT('',(-17.21047149588,-37.94815658547));
#801 = CARTESIAN_POINT('',(-16.14963341056,-37.72498708251));
#802 = CARTESIAN_POINT('',(-15.09293793278,-37.54133807522));
#803 = CARTESIAN_POINT('',(-14.0123302891,-37.38764950072));
#804 = CARTESIAN_POINT('',(-12.96368364887,-37.2648028591));
#805 = CARTESIAN_POINT('',(-11.92008537408,-37.16124708165));
#806 = CARTESIAN_POINT('',(-10.88205116264,-37.07096364173));
#807 = CARTESIAN_POINT('',(-9.823005061108,-36.98563001026));
#808 = CARTESIAN_POINT('',(-8.79831935196,-36.90334895934));
#809 = CARTESIAN_POINT('',(-7.782607135522,-36.81549540602));
#810 = CARTESIAN_POINT('',(-6.777498794842,-36.7185952818));
#811 = CARTESIAN_POINT('',(-5.759349807569,-36.59648248986));
#812 = CARTESIAN_POINT('',(-4.785267044861,-36.43823638473));
#813 = CARTESIAN_POINT('',(-3.829731527171,-36.25840709921));
#814 = CARTESIAN_POINT('',(-2.896827721317,-36.04720104011));
#815 = CARTESIAN_POINT('',(-1.966078505113,-35.793495435));
#816 = CARTESIAN_POINT('',(-1.089452207395,-35.5056546836));
#817 = CARTESIAN_POINT('',(-0.247821441944,-35.1756045635));
#818 = CARTESIAN_POINT('',(0.554629345014,-34.800514815));
#819 = CARTESIAN_POINT('',(1.332310544627,-34.36371116835));
#820 = CARTESIAN_POINT('',(2.039749645056,-33.88490693976));
#821 = CARTESIAN_POINT('',(2.692340435974,-33.35333726625));
#822 = CARTESIAN_POINT('',(3.285650502111,-32.76670543322));
#823 = CARTESIAN_POINT('',(3.825240032897,-32.10328728946));
#824 = CARTESIAN_POINT('',(4.276468384663,-31.39544101301));
#825 = CARTESIAN_POINT('',(4.64968731769,-30.62590507602));
#826 = CARTESIAN_POINT('',(4.938046829651,-29.79080167891));
#827 = CARTESIAN_POINT('',(5.132942360467,-28.86437298625));
#828 = CARTESIAN_POINT('',(5.215470689358,-27.89359541588));
#829 = CARTESIAN_POINT('',(5.180093983858,-26.85322804139));
#830 = CARTESIAN_POINT('',(5.034241072697,-25.73682084961));
#831 = CARTESIAN_POINT('',(4.665353277316,-24.54155437416));
#832 = CARTESIAN_POINT('',(4.150373092614,-23.3262175419));
#833 = CARTESIAN_POINT('',(3.467808158938,-22.05504380989));
#834 = CARTESIAN_POINT('',(2.603374369183,-20.73270799243));
#835 = CARTESIAN_POINT('',(1.51045603656,-19.33293058972));
#836 = CARTESIAN_POINT('',(0.245438248009,-17.94341260869));
#837 = CARTESIAN_POINT('',(-1.293425124031,-16.48632742974));
#838 = CARTESIAN_POINT('',(-2.869205322024,-15.14081176895));
#839 = CARTESIAN_POINT('',(-5.593520042199,-13.18592101121));
#840 = CARTESIAN_POINT('',(-5.17812186136,-13.49805093264));
#841 = CARTESIAN_POINT('',(-7.170973275911,-12.19944337461));
#842 = ( GEOMETRIC_REPRESENTATION_CONTEXT(2) 
PARAMETRIC_REPRESENTATION_CONTEXT() REPRESENTATION_CONTEXT('2D SPACE',''
  ) );
#843 = PCURVE('',#844,#945);
#844 = B_SPLINE_SURFACE_WITH_KNOTS('',3,1,(
    (#845,#846)
    ,(#847,#848)
    ,(#849,#850)
    ,(#851,#852)
    ,(#853,#854)
    ,(#855,#856)
    ,(#857,#858)
    ,(#859,#860)
    ,(#861,#862)
    ,(#863,#864)
    ,(#865,#866)
    ,(#867,#868)
    ,(#869,#870)
    ,(#871,#872)
    ,(#873,#874)
    ,(#875,#876)
    ,(#877,#878)
    ,(#879,#880)
    ,(#881,#882)
    ,(#883,#884)
    ,(#885,#886)
    ,(#887,#888)
    ,(#889,#890)
    ,(#891,#892)
    ,(#893,#894)
    ,(#895,#896)
    ,(#897,#898)
    ,(#899,#900)
    ,(#901,#902)
    ,(#903,#904)
    ,(#905,#906)
    ,(#907,#908)
    ,(#909,#910)
    ,(#911,#912)
    ,(#913,#914)
    ,(#915,#916)
    ,(#917,#918)
    ,(#919,#920)
    ,(#921,#922)
    ,(#923,#924)
    ,(#925,#926)
    ,(#927,#928)
    ,(#929,#930)
    ,(#931,#932)
    ,(#933,#934)
    ,(#935,#936)
    ,(#937,#938)
    ,(#939,#940)
    ,(#941,#942)
    ,(#943,#944
    )),.UNSPECIFIED.,.F.,.F.,.F.,(4,1,1,1,1,1,1,1,1,1,1,1,1,1,1,1,1,1,1,
    1,1,1,1,1,1,1,1,1,1,1,1,1,1,1,1,1,1,1,1,1,1,1,1,1,1,1,1,4),(2,2),(0.
    ,1.310275187177,2.575554712222,3.800853833955,4.902089094641,
    6.06831455688,7.21183434275,8.337173980858,9.363078484396,
    10.46331856218,11.554153671202,12.637112639117,13.630528059043,
    14.700223728197,15.762924250692,16.817962772309,17.784172052652,
    18.821404601302,19.84721146813,20.859830292326,21.78133906864,
    22.763820637486,23.728524475563,24.674422276675,25.530408882817,
    26.439181751574,27.329575345756,28.203542707491,28.998544434436,
    29.851442200626,30.702034885941,31.558695680793,32.363786840272,
    33.262555459008,34.202118316714,35.196909054575,36.177314147534,
    37.320972597039,38.563122142845,39.916198777823,41.276469790388,
    42.885560125174,44.651495886816,46.590899109622,48.549892956214,
    50.871342573664,53.417826896227,55.987800380247),(-22.4,0.),
  .UNSPECIFIED.);
#845 = CARTESIAN_POINT('',(-24.78670592247,-41.2335182624,22.4));
#846 = CARTESIAN_POINT('',(-24.78670592247,-41.2335182624,0.));
#847 = CARTESIAN_POINT('',(-24.42122489525,-41.00109376738,22.4));
#848 = CARTESIAN_POINT('',(-24.42122489525,-41.00109376738,0.));
#849 = CARTESIAN_POINT('',(-23.7018981243,-40.52199892188,22.4));
#850 = CARTESIAN_POINT('',(-23.7018981243,-40.52199892188,0.));
#851 = CARTESIAN_POINT('',(-22.59322763267,-39.91058389397,22.4));
#852 = CARTESIAN_POINT('',(-22.59322763267,-39.91058389397,0.));
#853 = CARTESIAN_POINT('',(-21.5160845729,-39.38568430903,22.4));
#854 = CARTESIAN_POINT('',(-21.5160845729,-39.38568430903,0.));
#855 = CARTESIAN_POINT('',(-20.44209675985,-38.9350437618,22.4));
#856 = CARTESIAN_POINT('',(-20.44209675985,-38.9350437618,0.));
#857 = CARTESIAN_POINT('',(-19.37180212739,-38.54973065985,22.4));
#858 = CARTESIAN_POINT('',(-19.37180212739,-38.54973065985,0.));
#859 = CARTESIAN_POINT('',(-18.2755910763,-38.21738589033,22.4));
#860 = CARTESIAN_POINT('',(-18.2755910763,-38.21738589033,0.));
#861 = CARTESIAN_POINT('',(-17.21047149588,-37.94815658547,22.4));
#862 = CARTESIAN_POINT('',(-17.21047149588,-37.94815658547,0.));
#863 = CARTESIAN_POINT('',(-16.14963341056,-37.72498708251,22.4));
#864 = CARTESIAN_POINT('',(-16.14963341056,-37.72498708251,0.));
#865 = CARTESIAN_POINT('',(-15.09293793278,-37.54133807522,22.4));
#866 = CARTESIAN_POINT('',(-15.09293793278,-37.54133807522,0.));
#867 = CARTESIAN_POINT('',(-14.0123302891,-37.38764950072,22.4));
#868 = CARTESIAN_POINT('',(-14.0123302891,-37.38764950072,0.));
#869 = CARTESIAN_POINT('',(-12.96368364887,-37.2648028591,22.4));
#870 = CARTESIAN_POINT('',(-12.96368364887,-37.2648028591,0.));
#871 = CARTESIAN_POINT('',(-11.92008537408,-37.16124708165,22.4));
#872 = CARTESIAN_POINT('',(-11.92008537408,-37.16124708165,0.));
#873 = CARTESIAN_POINT('',(-10.88205116264,-37.07096364173,22.4));
#874 = CARTESIAN_POINT('',(-10.88205116264,-37.07096364173,0.));
#875 = CARTESIAN_POINT('',(-9.823005061108,-36.98563001026,22.4));
#876 = CARTESIAN_POINT('',(-9.823005061108,-36.98563001026,0.));
#877 = CARTESIAN_POINT('',(-8.79831935196,-36.90334895934,22.4));
#878 = CARTESIAN_POINT('',(-8.79831935196,-36.90334895934,0.));
#879 = CARTESIAN_POINT('',(-7.782607135522,-36.81549540602,22.4));
#880 = CARTESIAN_POINT('',(-7.782607135522,-36.81549540602,0.));
#881 = CARTESIAN_POINT('',(-6.777498794842,-36.7185952818,22.4));
#882 = CARTESIAN_POINT('',(-6.777498794842,-36.7185952818,0.));
#883 = CARTESIAN_POINT('',(-5.759349807569,-36.59648248986,22.4));
#884 = CARTESIAN_POINT('',(-5.759349807569,-36.59648248986,0.));
#885 = CARTESIAN_POINT('',(-4.785267044861,-36.43823638473,22.4));
#886 = CARTESIAN_POINT('',(-4.785267044861,-36.43823638473,0.));
#887 = CARTESIAN_POINT('',(-3.829731527171,-36.25840709921,22.4));
#888 = CARTESIAN_POINT('',(-3.829731527171,-36.25840709921,0.));
#889 = CARTESIAN_POINT('',(-2.896827721317,-36.04720104011,22.4));
#890 = CARTESIAN_POINT('',(-2.896827721317,-36.04720104011,0.));
#891 = CARTESIAN_POINT('',(-1.966078505113,-35.793495435,22.4));
#892 = CARTESIAN_POINT('',(-1.966078505113,-35.793495435,0.));
#893 = CARTESIAN_POINT('',(-1.089452207395,-35.5056546836,22.4));
#894 = CARTESIAN_POINT('',(-1.089452207395,-35.5056546836,0.));
#895 = CARTESIAN_POINT('',(-0.247821441944,-35.1756045635,22.4));
#896 = CARTESIAN_POINT('',(-0.247821441944,-35.1756045635,0.));
#897 = CARTESIAN_POINT('',(0.554629345014,-34.800514815,22.4));
#898 = CARTESIAN_POINT('',(0.554629345014,-34.800514815,0.));
#899 = CARTESIAN_POINT('',(1.332310544627,-34.36371116835,22.4));
#900 = CARTESIAN_POINT('',(1.332310544627,-34.36371116835,0.));
#901 = CARTESIAN_POINT('',(2.039749645056,-33.88490693976,22.4));
#902 = CARTESIAN_POINT('',(2.039749645056,-33.88490693976,0.));
#903 = CARTESIAN_POINT('',(2.692340435974,-33.35333726625,22.4));
#904 = CARTESIAN_POINT('',(2.692340435974,-33.35333726625,0.));
#905 = CARTESIAN_POINT('',(3.285650502111,-32.76670543322,22.4));
#906 = CARTESIAN_POINT('',(3.285650502111,-32.76670543322,0.));
#907 = CARTESIAN_POINT('',(3.825240032897,-32.10328728946,22.4));
#908 = CARTESIAN_POINT('',(3.825240032897,-32.10328728946,0.));
#909 = CARTESIAN_POINT('',(4.276468384663,-31.39544101301,22.4));
#910 = CARTESIAN_POINT('',(4.276468384663,-31.39544101301,0.));
#911 = CARTESIAN_POINT('',(4.64968731769,-30.62590507602,22.4));
#912 = CARTESIAN_POINT('',(4.64968731769,-30.62590507602,0.));
#913 = CARTESIAN_POINT('',(4.938046829651,-29.79080167891,22.4));
#914 = CARTESIAN_POINT('',(4.938046829651,-29.79080167891,0.));
#915 = CARTESIAN_POINT('',(5.132942360467,-28.86437298625,22.4));
#916 = CARTESIAN_POINT('',(5.132942360467,-28.86437298625,0.));
#917 = CARTESIAN_POINT('',(5.215470689358,-27.89359541588,22.4));
#918 = CARTESIAN_POINT('',(5.215470689358,-27.89359541588,0.));
#919 = CARTESIAN_POINT('',(5.180093983858,-26.85322804139,22.4));
#920 = CARTESIAN_POINT('',(5.180093983858,-26.85322804139,0.));
#921 = CARTESIAN_POINT('',(5.034241072697,-25.73682084961,22.4));
#922 = CARTESIAN_POINT('',(5.034241072697,-25.73682084961,0.));
#923 = CARTESIAN_POINT('',(4.665353277316,-24.54155437416,22.4));
#924 = CARTESIAN_POINT('',(4.665353277316,-24.54155437416,0.));
#925 = CARTESIAN_POINT('',(4.150373092614,-23.3262175419,22.4));
#926 = CARTESIAN_POINT('',(4.150373092614,-23.3262175419,0.));
#927 = CARTESIAN_POINT('',(3.467808158938,-22.05504380989,22.4));
#928 = CARTESIAN_POINT('',(3.467808158938,-22.05504380989,0.));
#929 = CARTESIAN_POINT('',(2.603374369183,-20.73270799243,22.4));
#930 = CARTESIAN_POINT('',(2.603374369183,-20.73270799243,0.));
#931 = CARTESIAN_POINT('',(1.51045603656,-19.33293058972,22.4));
#932 = CARTESIAN_POINT('',(1.51045603656,-19.33293058972,0.));
#933 = CARTESIAN_POINT('',(0.245438248009,-17.94341260869,22.4));
#934 = CARTESIAN_POINT('',(0.245438248009,-17.94341260869,0.));
#935 = CARTESIAN_POINT('',(-1.293425124031,-16.48632742974,22.4));
#936 = CARTESIAN_POINT('',(-1.293425124031,-16.48632742974,0.));
#937 = CARTESIAN_POINT('',(-2.869205322024,-15.14081176895,22.4));
#938 = CARTESIAN_POINT('',(-2.869205322024,-15.14081176895,0.));
#939 = CARTESIAN_POINT('',(-5.593520042199,-13.18592101121,22.4));
#940 = CARTESIAN_POINT('',(-5.593520042199,-13.18592101121,0.));
#941 = CARTESIAN_POINT('',(-5.17812186136,-13.49805093264,22.4));
#942 = CARTESIAN_POINT('',(-5.17812186136,-13.49805093264,0.));
#943 = CARTESIAN_POINT('',(-7.170973275911,-12.19944337461,22.4));
#944 = CARTESIAN_POINT('',(-7.170973275911,-12.19944337461,0.));
#945 = DEFINITIONAL_REPRESENTATION('',(#946),#950);
#946 = LINE('',#947,#948);
#947 = CARTESIAN_POINT('',(0.,0.));
#948 = VECTOR('',#949,1.);
#949 = DIRECTION('',(1.,0.));
#950 = ( GEOMETRIC_REPRESENTATION_CONTEXT(2) 
PARAMETRIC_REPRESENTATION_CONTEXT() REPRESENTATION_CONTEXT('2D SPACE',''
  ) );
#951 = ORIENTED_EDGE('',*,*,#952,.F.);
#952 = EDGE_CURVE('',#953,#735,#955,.T.);
#953 = VERTEX_POINT('',#954);
#954 = CARTESIAN_POINT('',(-25.1470402955,-41.47139212006,0.));
#955 = SURFACE_CURVE('',#956,(#960,#967),.PCURVE_S1.);
#956 = LINE('',#957,#958);
#957 = CARTESIAN_POINT('',(-26.8060390798,-42.56657612197,0.));
#958 = VECTOR('',#959,1.);
#959 = DIRECTION('',(0.834552786412,0.550927986848,0.));
#960 = PCURVE('',#224,#961);
#961 = DEFINITIONAL_REPRESENTATION('',(#962),#966);
#962 = LINE('',#963,#964);
#963 = CARTESIAN_POINT('',(-26.8060390798,-42.56657612197));
#964 = VECTOR('',#965,1.);
#965 = DIRECTION('',(0.834552786412,0.550927986848));
#966 = ( GEOMETRIC_REPRESENTATION_CONTEXT(2) 
PARAMETRIC_REPRESENTATION_CONTEXT() REPRESENTATION_CONTEXT('2D SPACE',''
  ) );
#967 = PCURVE('',#968,#973);
#968 = PLANE('',#969);
#969 = AXIS2_PLACEMENT_3D('',#970,#971,#972);
#970 = CARTESIAN_POINT('',(-25.1470402955,-41.47139212006,0.));
#971 = DIRECTION('',(-0.550927986848,0.834552786412,0.));
#972 = DIRECTION('',(0.834552786412,0.550927986848,0.));
#973 = DEFINITIONAL_REPRESENTATION('',(#974),#978);
#974 = LINE('',#975,#976);
#975 = CARTESIAN_POINT('',(-1.987889575494,-0.));
#976 = VECTOR('',#977,1.);
#977 = DIRECTION('',(1.,0.));
#978 = ( GEOMETRIC_REPRESENTATION_CONTEXT(2) 
PARAMETRIC_REPRESENTATION_CONTEXT() REPRESENTATION_CONTEXT('2D SPACE',''
  ) );
#979 = ORIENTED_EDGE('',*,*,#980,.F.);
#980 = EDGE_CURVE('',#981,#953,#983,.T.);
#981 = VERTEX_POINT('',#982);
#982 = CARTESIAN_POINT('',(-41.47126972511,-25.14724214276,0.));
#983 = SURFACE_CURVE('',#984,(#989,#996),.PCURVE_S1.);
#984 = CIRCLE('',#985,48.5);
#985 = AXIS2_PLACEMENT_3D('',#986,#987,#988);
#986 = CARTESIAN_POINT('',(0.,0.,0.));
#987 = DIRECTION('',(0.,0.,1.));
#988 = DIRECTION('',(1.,0.,-0.));
#989 = PCURVE('',#224,#990);
#990 = DEFINITIONAL_REPRESENTATION('',(#991),#995);
#991 = CIRCLE('',#992,48.5);
#992 = AXIS2_PLACEMENT_2D('',#993,#994);
#993 = CARTESIAN_POINT('',(0.,-1.204325410458E-15));
#994 = DIRECTION('',(1.,0.));
#995 = ( GEOMETRIC_REPRESENTATION_CONTEXT(2) 
PARAMETRIC_REPRESENTATION_CONTEXT() REPRESENTATION_CONTEXT('2D SPACE',''
  ) );
#996 = PCURVE('',#997,#1002);
#997 = CYLINDRICAL_SURFACE('',#998,48.5);
#998 = AXIS2_PLACEMENT_3D('',#999,#1000,#1001);
#999 = CARTESIAN_POINT('',(0.,0.,0.));
#1000 = DIRECTION('',(-0.,-0.,-1.));
#1001 = DIRECTION('',(1.,0.,-0.));
#1002 = DEFINITIONAL_REPRESENTATION('',(#1003),#1007);
#1003 = LINE('',#1004,#1005);
#1004 = CARTESIAN_POINT('',(-0.,0.));
#1005 = VECTOR('',#1006,1.);
#1006 = DIRECTION('',(-1.,0.));
#1007 = ( GEOMETRIC_REPRESENTATION_CONTEXT(2) 
PARAMETRIC_REPRESENTATION_CONTEXT() REPRESENTATION_CONTEXT('2D SPACE',''
  ) );
#1008 = ORIENTED_EDGE('',*,*,#1009,.F.);
#1009 = EDGE_CURVE('',#676,#981,#1010,.T.);
#1010 = SURFACE_CURVE('',#1011,(#1062,#1116),.PCURVE_S1.);
#1011 = B_SPLINE_CURVE_WITH_KNOTS('',3,(#1012,#1013,#1014,#1015,#1016,
    #1017,#1018,#1019,#1020,#1021,#1022,#1023,#1024,#1025,#1026,#1027,
    #1028,#1029,#1030,#1031,#1032,#1033,#1034,#1035,#1036,#1037,#1038,
    #1039,#1040,#1041,#1042,#1043,#1044,#1045,#1046,#1047,#1048,#1049,
    #1050,#1051,#1052,#1053,#1054,#1055,#1056,#1057,#1058,#1059,#1060,
    #1061),.UNSPECIFIED.,.F.,.F.,(4,1,1,1,1,1,1,1,1,1,1,1,1,1,1,1,1,1,1,
    1,1,1,1,1,1,1,1,1,1,1,1,1,1,1,1,1,1,1,1,1,1,1,1,1,1,1,1,4),(0.,
    2.712363629581,5.415653884531,7.889901421053,9.986742084351,
    12.07233621524,13.981450928582,15.730829279285,17.217976489194,
    18.70534511222,20.079261809959,21.357514213245,22.46799558875,
    23.608470848383,24.696515979748,25.743900293344,26.683864297553,
    27.681614976107,28.665922847739,29.643534481927,30.544804484636,
    31.523863593595,32.508882471553,33.502052098633,34.427210166566,
    35.439013636309,36.460687542796,37.491630530293,38.450636928084,
    39.49631232414,40.547756860041,41.603484223464,42.58022774738,
    43.639187672476,44.697549950026,45.75413920775,46.727235587527,
    47.778840627491,48.828245019521,49.876764601754,50.845806288818,
    51.899956703366,52.96296178269,54.040387692291,55.053510242706,
    56.178288511941,57.339605375855,58.548465428582),.UNSPECIFIED.);
#1012 = CARTESIAN_POINT('',(-9.687078542018,-5.720458763507,0.));
#1013 = CARTESIAN_POINT('',(-9.358587563928,-6.542816446458,0.));
#1014 = CARTESIAN_POINT('',(-8.644651844641,-8.231413027986,0.));
#1015 = CARTESIAN_POINT('',(-7.822167095234,-10.72086818056,0.));
#1016 = CARTESIAN_POINT('',(-7.1916838086,-13.06629965502,0.));
#1017 = CARTESIAN_POINT('',(-6.760543657476,-15.24399570111,0.));
#1018 = CARTESIAN_POINT('',(-6.503681872811,-17.26022671028,0.));
#1019 = CARTESIAN_POINT('',(-6.409669017147,-19.17461817905,0.));
#1020 = CARTESIAN_POINT('',(-6.468444874619,-20.89106345179,0.));
#1021 = CARTESIAN_POINT('',(-6.658292983199,-22.45593821341,0.));
#1022 = CARTESIAN_POINT('',(-6.964328078922,-23.8756713454,0.));
#1023 = CARTESIAN_POINT('',(-7.392926794409,-25.18838137235,0.));
#1024 = CARTESIAN_POINT('',(-7.84774638527,-26.35925957832,0.));
#1025 = CARTESIAN_POINT('',(-8.40852467123,-27.39660001361,0.));
#1026 = CARTESIAN_POINT('',(-9.045086728748,-28.31271093526,0.));
#1027 = CARTESIAN_POINT('',(-9.776498494533,-29.12740874841,0.));
#1028 = CARTESIAN_POINT('',(-10.5527967779,-29.80100523813,0.));
#1029 = CARTESIAN_POINT('',(-11.37819515922,-30.36039650068,0.));
#1030 = CARTESIAN_POINT('',(-12.24425793367,-30.81108695241,0.));
#1031 = CARTESIAN_POINT('',(-13.16787113511,-31.16359934877,0.));
#1032 = CARTESIAN_POINT('',(-14.09275580809,-31.40609795542,0.));
#1033 = CARTESIAN_POINT('',(-15.03439852067,-31.55825555652,0.));
#1034 = CARTESIAN_POINT('',(-15.98831041083,-31.62674243344,0.));
#1035 = CARTESIAN_POINT('',(-16.97500287046,-31.61530636352,0.));
#1036 = CARTESIAN_POINT('',(-17.93999939518,-31.53197683116,0.));
#1037 = CARTESIAN_POINT('',(-18.90630001044,-31.38621573434,0.));
#1038 = CARTESIAN_POINT('',(-19.87210682091,-31.18416226606,0.));
#1039 = CARTESIAN_POINT('',(-20.86034343596,-30.92419562152,0.));
#1040 = CARTESIAN_POINT('',(-21.81921529352,-30.62613564209,0.));
#1041 = CARTESIAN_POINT('',(-22.77479391876,-30.29273438006,0.));
#1042 = CARTESIAN_POINT('',(-23.72473682407,-29.92453440773,0.));
#1043 = CARTESIAN_POINT('',(-24.70181386953,-29.53749646589,0.));
#1044 = CARTESIAN_POINT('',(-25.65269864414,-29.14681888442,0.));
#1045 = CARTESIAN_POINT('',(-26.60083181535,-28.74314617764,0.));
#1046 = CARTESIAN_POINT('',(-27.54755462863,-28.33398930057,0.));
#1047 = CARTESIAN_POINT('',(-28.51873365336,-27.91432988397,0.));
#1048 = CARTESIAN_POINT('',(-29.46624595807,-27.51207070161,0.));
#1049 = CARTESIAN_POINT('',(-30.41649911163,-27.12218011851,0.));
#1050 = CARTESIAN_POINT('',(-31.37131379199,-26.75002020627,0.));
#1051 = CARTESIAN_POINT('',(-32.35870714707,-26.39293813358,0.));
#1052 = CARTESIAN_POINT('',(-33.33051979157,-26.07496201524,0.));
#1053 = CARTESIAN_POINT('',(-34.31453160042,-25.79102541105,0.));
#1054 = CARTESIAN_POINT('',(-35.3137819354,-25.54569608985,0.));
#1055 = CARTESIAN_POINT('',(-36.35970069885,-25.34047185706,0.));
#1056 = CARTESIAN_POINT('',(-37.3984804466,-25.1907445929,0.));
#1057 = CARTESIAN_POINT('',(-38.47436085334,-25.0940258324,0.));
#1058 = CARTESIAN_POINT('',(-39.54079169282,-25.05316055298,0.));
#1059 = CARTESIAN_POINT('',(-40.83845431383,-25.08208213372,0.));
#1060 = CARTESIAN_POINT('',(-41.28460000015,-25.13404967519,0.));
#1061 = CARTESIAN_POINT('',(-41.92178803089,-25.18407865858,0.));
#1062 = PCURVE('',#224,#1063);
#1063 = DEFINITIONAL_REPRESENTATION('',(#1064),#1115);
#1064 = B_SPLINE_CURVE_WITH_KNOTS('',3,(#1065,#1066,#1067,#1068,#1069,
    #1070,#1071,#1072,#1073,#1074,#1075,#1076,#1077,#1078,#1079,#1080,
    #1081,#1082,#1083,#1084,#1085,#1086,#1087,#1088,#1089,#1090,#1091,
    #1092,#1093,#1094,#1095,#1096,#1097,#1098,#1099,#1100,#1101,#1102,
    #1103,#1104,#1105,#1106,#1107,#1108,#1109,#1110,#1111,#1112,#1113,
    #1114),.UNSPECIFIED.,.F.,.F.,(4,1,1,1,1,1,1,1,1,1,1,1,1,1,1,1,1,1,1,
    1,1,1,1,1,1,1,1,1,1,1,1,1,1,1,1,1,1,1,1,1,1,1,1,1,1,1,1,4),(0.,
    2.712363629581,5.415653884531,7.889901421053,9.986742084351,
    12.07233621524,13.981450928582,15.730829279285,17.217976489194,
    18.70534511222,20.079261809959,21.357514213245,22.46799558875,
    23.608470848383,24.696515979748,25.743900293344,26.683864297553,
    27.681614976107,28.665922847739,29.643534481927,30.544804484636,
    31.523863593595,32.508882471553,33.502052098633,34.427210166566,
    35.439013636309,36.460687542796,37.491630530293,38.450636928084,
    39.49631232414,40.547756860041,41.603484223464,42.58022774738,
    43.639187672476,44.697549950026,45.75413920775,46.727235587527,
    47.778840627491,48.828245019521,49.876764601754,50.845806288818,
    51.899956703366,52.96296178269,54.040387692291,55.053510242706,
    56.178288511941,57.339605375855,58.548465428582),.UNSPECIFIED.);
#1065 = CARTESIAN_POINT('',(-9.687078542018,-5.720458763507));
#1066 = CARTESIAN_POINT('',(-9.358587563928,-6.542816446458));
#1067 = CARTESIAN_POINT('',(-8.644651844641,-8.231413027986));
#1068 = CARTESIAN_POINT('',(-7.822167095234,-10.72086818056));
#1069 = CARTESIAN_POINT('',(-7.1916838086,-13.06629965502));
#1070 = CARTESIAN_POINT('',(-6.760543657476,-15.24399570111));
#1071 = CARTESIAN_POINT('',(-6.503681872811,-17.26022671028));
#1072 = CARTESIAN_POINT('',(-6.409669017147,-19.17461817905));
#1073 = CARTESIAN_POINT('',(-6.468444874619,-20.89106345179));
#1074 = CARTESIAN_POINT('',(-6.658292983199,-22.45593821341));
#1075 = CARTESIAN_POINT('',(-6.964328078922,-23.8756713454));
#1076 = CARTESIAN_POINT('',(-7.392926794409,-25.18838137235));
#1077 = CARTESIAN_POINT('',(-7.84774638527,-26.35925957832));
#1078 = CARTESIAN_POINT('',(-8.40852467123,-27.39660001361));
#1079 = CARTESIAN_POINT('',(-9.045086728748,-28.31271093526));
#1080 = CARTESIAN_POINT('',(-9.776498494533,-29.12740874841));
#1081 = CARTESIAN_POINT('',(-10.5527967779,-29.80100523813));
#1082 = CARTESIAN_POINT('',(-11.37819515922,-30.36039650068));
#1083 = CARTESIAN_POINT('',(-12.24425793367,-30.81108695241));
#1084 = CARTESIAN_POINT('',(-13.16787113511,-31.16359934877));
#1085 = CARTESIAN_POINT('',(-14.09275580809,-31.40609795542));
#1086 = CARTESIAN_POINT('',(-15.03439852067,-31.55825555652));
#1087 = CARTESIAN_POINT('',(-15.98831041083,-31.62674243344));
#1088 = CARTESIAN_POINT('',(-16.97500287046,-31.61530636352));
#1089 = CARTESIAN_POINT('',(-17.93999939518,-31.53197683116));
#1090 = CARTESIAN_POINT('',(-18.90630001044,-31.38621573434));
#1091 = CARTESIAN_POINT('',(-19.87210682091,-31.18416226606));
#1092 = CARTESIAN_POINT('',(-20.86034343596,-30.92419562152));
#1093 = CARTESIAN_POINT('',(-21.81921529352,-30.62613564209));
#1094 = CARTESIAN_POINT('',(-22.77479391876,-30.29273438006));
#1095 = CARTESIAN_POINT('',(-23.72473682407,-29.92453440773));
#1096 = CARTESIAN_POINT('',(-24.70181386953,-29.53749646589));
#1097 = CARTESIAN_POINT('',(-25.65269864414,-29.14681888442));
#1098 = CARTESIAN_POINT('',(-26.60083181535,-28.74314617764));
#1099 = CARTESIAN_POINT('',(-27.54755462863,-28.33398930057));
#1100 = CARTESIAN_POINT('',(-28.51873365336,-27.91432988397));
#1101 = CARTESIAN_POINT('',(-29.46624595807,-27.51207070161));
#1102 = CARTESIAN_POINT('',(-30.41649911163,-27.12218011851));
#1103 = CARTESIAN_POINT('',(-31.37131379199,-26.75002020627));
#1104 = CARTESIAN_POINT('',(-32.35870714707,-26.39293813358));
#1105 = CARTESIAN_POINT('',(-33.33051979157,-26.07496201524));
#1106 = CARTESIAN_POINT('',(-34.31453160042,-25.79102541105));
#1107 = CARTESIAN_POINT('',(-35.3137819354,-25.54569608985));
#1108 = CARTESIAN_POINT('',(-36.35970069885,-25.34047185706));
#1109 = CARTESIAN_POINT('',(-37.3984804466,-25.1907445929));
#1110 = CARTESIAN_POINT('',(-38.47436085334,-25.0940258324));
#1111 = CARTESIAN_POINT('',(-39.54079169282,-25.05316055298));
#1112 = CARTESIAN_POINT('',(-40.83845431383,-25.08208213372));
#1113 = CARTESIAN_POINT('',(-41.28460000015,-25.13404967519));
#1114 = CARTESIAN_POINT('',(-41.92178803089,-25.18407865858));
#1115 = ( GEOMETRIC_REPRESENTATION_CONTEXT(2) 
PARAMETRIC_REPRESENTATION_CONTEXT() REPRESENTATION_CONTEXT('2D SPACE',''
  ) );
#1116 = PCURVE('',#1117,#1218);
#1117 = B_SPLINE_SURFACE_WITH_KNOTS('',3,1,(
    (#1118,#1119)
    ,(#1120,#1121)
    ,(#1122,#1123)
    ,(#1124,#1125)
    ,(#1126,#1127)
    ,(#1128,#1129)
    ,(#1130,#1131)
    ,(#1132,#1133)
    ,(#1134,#1135)
    ,(#1136,#1137)
    ,(#1138,#1139)
    ,(#1140,#1141)
    ,(#1142,#1143)
    ,(#1144,#1145)
    ,(#1146,#1147)
    ,(#1148,#1149)
    ,(#1150,#1151)
    ,(#1152,#1153)
    ,(#1154,#1155)
    ,(#1156,#1157)
    ,(#1158,#1159)
    ,(#1160,#1161)
    ,(#1162,#1163)
    ,(#1164,#1165)
    ,(#1166,#1167)
    ,(#1168,#1169)
    ,(#1170,#1171)
    ,(#1172,#1173)
    ,(#1174,#1175)
    ,(#1176,#1177)
    ,(#1178,#1179)
    ,(#1180,#1181)
    ,(#1182,#1183)
    ,(#1184,#1185)
    ,(#1186,#1187)
    ,(#1188,#1189)
    ,(#1190,#1191)
    ,(#1192,#1193)
    ,(#1194,#1195)
    ,(#1196,#1197)
    ,(#1198,#1199)
    ,(#1200,#1201)
    ,(#1202,#1203)
    ,(#1204,#1205)
    ,(#1206,#1207)
    ,(#1208,#1209)
    ,(#1210,#1211)
    ,(#1212,#1213)
    ,(#1214,#1215)
    ,(#1216,#1217
    )),.UNSPECIFIED.,.F.,.F.,.F.,(4,1,1,1,1,1,1,1,1,1,1,1,1,1,1,1,1,1,1,
    1,1,1,1,1,1,1,1,1,1,1,1,1,1,1,1,1,1,1,1,1,1,1,1,1,1,1,1,4),(2,2),(0.
    ,2.712363629581,5.415653884531,7.889901421053,9.986742084351,
    12.07233621524,13.981450928582,15.730829279285,17.217976489194,
    18.70534511222,20.079261809959,21.357514213245,22.46799558875,
    23.608470848383,24.696515979748,25.743900293344,26.683864297553,
    27.681614976107,28.665922847739,29.643534481927,30.544804484636,
    31.523863593595,32.508882471553,33.502052098633,34.427210166566,
    35.439013636309,36.460687542796,37.491630530293,38.450636928084,
    39.49631232414,40.547756860041,41.603484223464,42.58022774738,
    43.639187672476,44.697549950026,45.75413920775,46.727235587527,
    47.778840627491,48.828245019521,49.876764601754,50.845806288818,
    51.899956703366,52.96296178269,54.040387692291,55.053510242706,
    56.178288511941,57.339605375855,58.548465428582),(-22.4,0.),
  .UNSPECIFIED.);
#1118 = CARTESIAN_POINT('',(-9.687078542018,-5.720458763507,22.4));
#1119 = CARTESIAN_POINT('',(-9.687078542018,-5.720458763507,0.));
#1120 = CARTESIAN_POINT('',(-9.358587563928,-6.542816446458,22.4));
#1121 = CARTESIAN_POINT('',(-9.358587563928,-6.542816446458,0.));
#1122 = CARTESIAN_POINT('',(-8.644651844641,-8.231413027986,22.4));
#1123 = CARTESIAN_POINT('',(-8.644651844641,-8.231413027986,0.));
#1124 = CARTESIAN_POINT('',(-7.822167095234,-10.72086818056,22.4));
#1125 = CARTESIAN_POINT('',(-7.822167095234,-10.72086818056,0.));
#1126 = CARTESIAN_POINT('',(-7.1916838086,-13.06629965502,22.4));
#1127 = CARTESIAN_POINT('',(-7.1916838086,-13.06629965502,0.));
#1128 = CARTESIAN_POINT('',(-6.760543657476,-15.24399570111,22.4));
#1129 = CARTESIAN_POINT('',(-6.760543657476,-15.24399570111,0.));
#1130 = CARTESIAN_POINT('',(-6.503681872811,-17.26022671028,22.4));
#1131 = CARTESIAN_POINT('',(-6.503681872811,-17.26022671028,0.));
#1132 = CARTESIAN_POINT('',(-6.409669017147,-19.17461817905,22.4));
#1133 = CARTESIAN_POINT('',(-6.409669017147,-19.17461817905,0.));
#1134 = CARTESIAN_POINT('',(-6.468444874619,-20.89106345179,22.4));
#1135 = CARTESIAN_POINT('',(-6.468444874619,-20.89106345179,0.));
#1136 = CARTESIAN_POINT('',(-6.658292983199,-22.45593821341,22.4));
#1137 = CARTESIAN_POINT('',(-6.658292983199,-22.45593821341,0.));
#1138 = CARTESIAN_POINT('',(-6.964328078922,-23.8756713454,22.4));
#1139 = CARTESIAN_POINT('',(-6.964328078922,-23.8756713454,0.));
#1140 = CARTESIAN_POINT('',(-7.392926794409,-25.18838137235,22.4));
#1141 = CARTESIAN_POINT('',(-7.392926794409,-25.18838137235,0.));
#1142 = CARTESIAN_POINT('',(-7.84774638527,-26.35925957832,22.4));
#1143 = CARTESIAN_POINT('',(-7.84774638527,-26.35925957832,0.));
#1144 = CARTESIAN_POINT('',(-8.40852467123,-27.39660001361,22.4));
#1145 = CARTESIAN_POINT('',(-8.40852467123,-27.39660001361,0.));
#1146 = CARTESIAN_POINT('',(-9.045086728748,-28.31271093526,22.4));
#1147 = CARTESIAN_POINT('',(-9.045086728748,-28.31271093526,0.));
#1148 = CARTESIAN_POINT('',(-9.776498494533,-29.12740874841,22.4));
#1149 = CARTESIAN_POINT('',(-9.776498494533,-29.12740874841,0.));
#1150 = CARTESIAN_POINT('',(-10.5527967779,-29.80100523813,22.4));
#1151 = CARTESIAN_POINT('',(-10.5527967779,-29.80100523813,0.));
#1152 = CARTESIAN_POINT('',(-11.37819515922,-30.36039650068,22.4));
#1153 = CARTESIAN_POINT('',(-11.37819515922,-30.36039650068,0.));
#1154 = CARTESIAN_POINT('',(-12.24425793367,-30.81108695241,22.4));
#1155 = CARTESIAN_POINT('',(-12.24425793367,-30.81108695241,0.));
#1156 = CARTESIAN_POINT('',(-13.16787113511,-31.16359934877,22.4));
#1157 = CARTESIAN_POINT('',(-13.16787113511,-31.16359934877,0.));
#1158 = CARTESIAN_POINT('',(-14.09275580809,-31.40609795542,22.4));
#1159 = CARTESIAN_POINT('',(-14.09275580809,-31.40609795542,0.));
#1160 = CARTESIAN_POINT('',(-15.03439852067,-31.55825555652,22.4));
#1161 = CARTESIAN_POINT('',(-15.03439852067,-31.55825555652,0.));
#1162 = CARTESIAN_POINT('',(-15.98831041083,-31.62674243344,22.4));
#1163 = CARTESIAN_POINT('',(-15.98831041083,-31.62674243344,0.));
#1164 = CARTESIAN_POINT('',(-16.97500287046,-31.61530636352,22.4));
#1165 = CARTESIAN_POINT('',(-16.97500287046,-31.61530636352,0.));
#1166 = CARTESIAN_POINT('',(-17.93999939518,-31.53197683116,22.4));
#1167 = CARTESIAN_POINT('',(-17.93999939518,-31.53197683116,0.));
#1168 = CARTESIAN_POINT('',(-18.90630001044,-31.38621573434,22.4));
#1169 = CARTESIAN_POINT('',(-18.90630001044,-31.38621573434,0.));
#1170 = CARTESIAN_POINT('',(-19.87210682091,-31.18416226606,22.4));
#1171 = CARTESIAN_POINT('',(-19.87210682091,-31.18416226606,0.));
#1172 = CARTESIAN_POINT('',(-20.86034343596,-30.92419562152,22.4));
#1173 = CARTESIAN_POINT('',(-20.86034343596,-30.92419562152,0.));
#1174 = CARTESIAN_POINT('',(-21.81921529352,-30.62613564209,22.4));
#1175 = CARTESIAN_POINT('',(-21.81921529352,-30.62613564209,0.));
#1176 = CARTESIAN_POINT('',(-22.77479391876,-30.29273438006,22.4));
#1177 = CARTESIAN_POINT('',(-22.77479391876,-30.29273438006,0.));
#1178 = CARTESIAN_POINT('',(-23.72473682407,-29.92453440773,22.4));
#1179 = CARTESIAN_POINT('',(-23.72473682407,-29.92453440773,0.));
#1180 = CARTESIAN_POINT('',(-24.70181386953,-29.53749646589,22.4));
#1181 = CARTESIAN_POINT('',(-24.70181386953,-29.53749646589,0.));
#1182 = CARTESIAN_POINT('',(-25.65269864414,-29.14681888442,22.4));
#1183 = CARTESIAN_POINT('',(-25.65269864414,-29.14681888442,0.));
#1184 = CARTESIAN_POINT('',(-26.60083181535,-28.74314617764,22.4));
#1185 = CARTESIAN_POINT('',(-26.60083181535,-28.74314617764,0.));
#1186 = CARTESIAN_POINT('',(-27.54755462863,-28.33398930057,22.4));
#1187 = CARTESIAN_POINT('',(-27.54755462863,-28.33398930057,0.));
#1188 = CARTESIAN_POINT('',(-28.51873365336,-27.91432988397,22.4));
#1189 = CARTESIAN_POINT('',(-28.51873365336,-27.91432988397,0.));
#1190 = CARTESIAN_POINT('',(-29.46624595807,-27.51207070161,22.4));
#1191 = CARTESIAN_POINT('',(-29.46624595807,-27.51207070161,0.));
#1192 = CARTESIAN_POINT('',(-30.41649911163,-27.12218011851,22.4));
#1193 = CARTESIAN_POINT('',(-30.41649911163,-27.12218011851,0.));
#1194 = CARTESIAN_POINT('',(-31.37131379199,-26.75002020627,22.4));
#1195 = CARTESIAN_POINT('',(-31.37131379199,-26.75002020627,0.));
#1196 = CARTESIAN_POINT('',(-32.35870714707,-26.39293813358,22.4));
#1197 = CARTESIAN_POINT('',(-32.35870714707,-26.39293813358,0.));
#1198 = CARTESIAN_POINT('',(-33.33051979157,-26.07496201524,22.4));
#1199 = CARTESIAN_POINT('',(-33.33051979157,-26.07496201524,0.));
#1200 = CARTESIAN_POINT('',(-34.31453160042,-25.79102541105,22.4));
#1201 = CARTESIAN_POINT('',(-34.31453160042,-25.79102541105,0.));
#1202 = CARTESIAN_POINT('',(-35.3137819354,-25.54569608985,22.4));
#1203 = CARTESIAN_POINT('',(-35.3137819354,-25.54569608985,0.));
#1204 = CARTESIAN_POINT('',(-36.35970069885,-25.34047185706,22.4));
#1205 = CARTESIAN_POINT('',(-36.35970069885,-25.34047185706,0.));
#1206 = CARTESIAN_POINT('',(-37.3984804466,-25.1907445929,22.4));
#1207 = CARTESIAN_POINT('',(-37.3984804466,-25.1907445929,0.));
#1208 = CARTESIAN_POINT('',(-38.47436085334,-25.0940258324,22.4));
#1209 = CARTESIAN_POINT('',(-38.47436085334,-25.0940258324,0.));
#1210 = CARTESIAN_POINT('',(-39.54079169282,-25.05316055298,22.4));
#1211 = CARTESIAN_POINT('',(-39.54079169282,-25.05316055298,0.));
#1212 = CARTESIAN_POINT('',(-40.83845431383,-25.08208213372,22.4));
#1213 = CARTESIAN_POINT('',(-40.83845431383,-25.08208213372,0.));
#1214 = CARTESIAN_POINT('',(-41.28460000015,-25.13404967519,22.4));
#1215 = CARTESIAN_POINT('',(-41.28460000015,-25.13404967519,0.));
#1216 = CARTESIAN_POINT('',(-41.92178803089,-25.18407865858,22.4));
#1217 = CARTESIAN_POINT('',(-41.92178803089,-25.18407865858,0.));
#1218 = DEFINITIONAL_REPRESENTATION('',(#1219),#1223);
#1219 = LINE('',#1220,#1221);
#1220 = CARTESIAN_POINT('',(0.,0.));
#1221 = VECTOR('',#1222,1.);
#1222 = DIRECTION('',(1.,0.));
#1223 = ( GEOMETRIC_REPRESENTATION_CONTEXT(2) 
PARAMETRIC_REPRESENTATION_CONTEXT() REPRESENTATION_CONTEXT('2D SPACE',''
  ) );
#1224 = FACE_BOUND('',#1225,.F.);
#1225 = EDGE_LOOP('',(#1226,#1257,#1285,#1503,#1531,#1560));
#1226 = ORIENTED_EDGE('',*,*,#1227,.T.);
#1227 = EDGE_CURVE('',#1228,#1230,#1232,.T.);
#1228 = VERTEX_POINT('',#1229);
#1229 = CARTESIAN_POINT('',(-2.196328806542,-12.50864260315,0.));
#1230 = VERTEX_POINT('',#1231);
#1231 = CARTESIAN_POINT('',(-0.11052333949,-12.69951906929,0.));
#1232 = SURFACE_CURVE('',#1233,(#1238,#1245),.PCURVE_S1.);
#1233 = CIRCLE('',#1234,12.7);
#1234 = AXIS2_PLACEMENT_3D('',#1235,#1236,#1237);
#1235 = CARTESIAN_POINT('',(0.,0.,0.));
#1236 = DIRECTION('',(0.,0.,1.));
#1237 = DIRECTION('',(1.,0.,-0.));
#1238 = PCURVE('',#224,#1239);
#1239 = DEFINITIONAL_REPRESENTATION('',(#1240),#1244);
#1240 = CIRCLE('',#1241,12.7);
#1241 = AXIS2_PLACEMENT_2D('',#1242,#1243);
#1242 = CARTESIAN_POINT('',(0.,-1.204325410458E-15));
#1243 = DIRECTION('',(1.,0.));
#1244 = ( GEOMETRIC_REPRESENTATION_CONTEXT(2) 
PARAMETRIC_REPRESENTATION_CONTEXT() REPRESENTATION_CONTEXT('2D SPACE',''
  ) );
#1245 = PCURVE('',#1246,#1251);
#1246 = CYLINDRICAL_SURFACE('',#1247,12.7);
#1247 = AXIS2_PLACEMENT_3D('',#1248,#1249,#1250);
#1248 = CARTESIAN_POINT('',(0.,0.,0.));
#1249 = DIRECTION('',(-0.,-0.,-1.));
#1250 = DIRECTION('',(1.,0.,-0.));
#1251 = DEFINITIONAL_REPRESENTATION('',(#1252),#1256);
#1252 = LINE('',#1253,#1254);
#1253 = CARTESIAN_POINT('',(-0.,0.));
#1254 = VECTOR('',#1255,1.);
#1255 = DIRECTION('',(-1.,0.));
#1256 = ( GEOMETRIC_REPRESENTATION_CONTEXT(2) 
PARAMETRIC_REPRESENTATION_CONTEXT() REPRESENTATION_CONTEXT('2D SPACE',''
  ) );
#1257 = ORIENTED_EDGE('',*,*,#1258,.F.);
#1258 = EDGE_CURVE('',#1259,#1230,#1261,.T.);
#1259 = VERTEX_POINT('',#1260);
#1260 = CARTESIAN_POINT('',(-0.11052333949,-14.1505145124,0.));
#1261 = SURFACE_CURVE('',#1262,(#1266,#1273),.PCURVE_S1.);
#1262 = LINE('',#1263,#1264);
#1263 = CARTESIAN_POINT('',(-0.11052333949,-14.1505145124,0.));
#1264 = VECTOR('',#1265,1.);
#1265 = DIRECTION('',(2.22044604925E-16,1.,0.));
#1266 = PCURVE('',#224,#1267);
#1267 = DEFINITIONAL_REPRESENTATION('',(#1268),#1272);
#1268 = LINE('',#1269,#1270);
#1269 = CARTESIAN_POINT('',(-0.11052333949,-14.1505145124));
#1270 = VECTOR('',#1271,1.);
#1271 = DIRECTION('',(2.22044604925E-16,1.));
#1272 = ( GEOMETRIC_REPRESENTATION_CONTEXT(2) 
PARAMETRIC_REPRESENTATION_CONTEXT() REPRESENTATION_CONTEXT('2D SPACE',''
  ) );
#1273 = PCURVE('',#1274,#1279);
#1274 = PLANE('',#1275);
#1275 = AXIS2_PLACEMENT_3D('',#1276,#1277,#1278);
#1276 = CARTESIAN_POINT('',(-0.11052333949,-14.1505145124,0.));
#1277 = DIRECTION('',(-1.,2.22044604925E-16,0.));
#1278 = DIRECTION('',(2.22044604925E-16,1.,0.));
#1279 = DEFINITIONAL_REPRESENTATION('',(#1280),#1284);
#1280 = LINE('',#1281,#1282);
#1281 = CARTESIAN_POINT('',(0.,0.));
#1282 = VECTOR('',#1283,1.);
#1283 = DIRECTION('',(1.,0.));
#1284 = ( GEOMETRIC_REPRESENTATION_CONTEXT(2) 
PARAMETRIC_REPRESENTATION_CONTEXT() REPRESENTATION_CONTEXT('2D SPACE',''
  ) );
#1285 = ORIENTED_EDGE('',*,*,#1286,.F.);
#1286 = EDGE_CURVE('',#1287,#1259,#1289,.T.);
#1287 = VERTEX_POINT('',#1288);
#1288 = CARTESIAN_POINT('',(-0.849157873792,-48.10262726389,0.));
#1289 = SURFACE_CURVE('',#1290,(#1341,#1395),.PCURVE_S1.);
#1290 = B_SPLINE_CURVE_WITH_KNOTS('',3,(#1291,#1292,#1293,#1294,#1295,
    #1296,#1297,#1298,#1299,#1300,#1301,#1302,#1303,#1304,#1305,#1306,
    #1307,#1308,#1309,#1310,#1311,#1312,#1313,#1314,#1315,#1316,#1317,
    #1318,#1319,#1320,#1321,#1322,#1323,#1324,#1325,#1326,#1327,#1328,
    #1329,#1330,#1331,#1332,#1333,#1334,#1335,#1336,#1337,#1338,#1339,
    #1340),.UNSPECIFIED.,.F.,.F.,(4,1,1,1,1,1,1,1,1,1,1,1,1,1,1,1,1,1,1,
    1,1,1,1,1,1,1,1,1,1,1,1,1,1,1,1,1,1,1,1,1,1,1,1,1,1,1,1,4),(0.,
    1.310275187177,2.575554712222,3.800853833955,4.902089094641,
    6.06831455688,7.21183434275,8.337173980858,9.363078484396,
    10.46331856218,11.554153671202,12.637112639117,13.630528059043,
    14.700223728197,15.762924250692,16.817962772309,17.784172052652,
    18.821404601302,19.84721146813,20.859830292326,21.78133906864,
    22.763820637486,23.728524475563,24.674422276675,25.530408882817,
    26.439181751574,27.329575345756,28.203542707491,28.998544434436,
    29.851442200626,30.702034885941,31.558695680793,32.363786840272,
    33.262555459008,34.202118316714,35.196909054575,36.177314147534,
    37.320972597039,38.563122142845,39.916198777823,41.276469790388,
    42.885560125174,44.651495886816,46.590899109622,48.549892956214,
    50.871342573664,53.417826896227,55.987800380247),.UNSPECIFIED.);
#1291 = CARTESIAN_POINT('',(-0.849157873792,-48.10262726389,0.));
#1292 = CARTESIAN_POINT('',(-0.648854267128,-47.71860123312,0.));
#1293 = CARTESIAN_POINT('',(-0.265446432616,-46.94402954063,0.));
#1294 = CARTESIAN_POINT('',(0.388982863609,-45.86019334838,0.));
#1295 = CARTESIAN_POINT('',(1.059366324409,-44.8670454435,0.));
#1296 = CARTESIAN_POINT('',(1.764146780244,-43.93978537511,0.));
#1297 = CARTESIAN_POINT('',(2.498392570523,-43.07094712417,0.));
#1298 = CARTESIAN_POINT('',(3.281566803911,-42.23502258541,0.));
#1299 = CARTESIAN_POINT('',(4.069372766189,-41.46930337775,0.));
#1300 = CARTESIAN_POINT('',(4.8765007459,-40.74561387618,0.));
#1301 = CARTESIAN_POINT('',(5.699801370078,-40.0582214316,0.));
#1302 = CARTESIAN_POINT('',(6.558790753779,-39.38481939996,0.));
#1303 = CARTESIAN_POINT('',(7.405522063,-38.75410776743,0.));
#1304 = CARTESIAN_POINT('',(8.25752679159,-38.14262669606,0.));
#1305 = CARTESIAN_POINT('',(9.111349068736,-37.54542183783,0.));
#1306 = CARTESIAN_POINT('',(9.985843080708,-36.94199769441,0.));
#1307 = CARTESIAN_POINT('',(10.832106410265,-36.35839735949,0.));
#1308 = CARTESIAN_POINT('',(11.667812215975,-35.77445784228,0.));
#1309 = CARTESIAN_POINT('',(12.48981151045,-35.18798570274,0.));
#1310 = CARTESIAN_POINT('',(13.310498002297,-34.57315842915,0.));
#1311 = CARTESIAN_POINT('',(14.074955367626,-33.94907190071,0.));
#1312 = CARTESIAN_POINT('',(14.812558757402,-33.31556741226,0.));
#1313 = CARTESIAN_POINT('',(15.514874123011,-32.66620569672,0.));
#1314 = CARTESIAN_POINT('',(16.194073786239,-31.98111558951,0.));
#1315 = CARTESIAN_POINT('',(16.80933405399,-31.29352503769,0.));
#1316 = CARTESIAN_POINT('',(17.373182617427,-30.58687786644,0.));
#1317 = CARTESIAN_POINT('',(17.88058050997,-29.86081522206,0.));
#1318 = CARTESIAN_POINT('',(18.335670361552,-29.09369156778,0.));
#1319 = CARTESIAN_POINT('',(18.708928479858,-28.32531539217,0.));
#1320 = CARTESIAN_POINT('',(19.008303846318,-27.53866715558,0.));
#1321 = CARTESIAN_POINT('',(19.228809519399,-26.73397405244,0.));
#1322 = CARTESIAN_POINT('',(19.364398688796,-25.88964232122,0.));
#1323 = CARTESIAN_POINT('',(19.401250766106,-25.05101528795,0.));
#1324 = CARTESIAN_POINT('',(19.339699874786,-24.19796815088,0.));
#1325 = CARTESIAN_POINT('',(19.171874839014,-23.33056763822,0.));
#1326 = CARTESIAN_POINT('',(18.877444973451,-22.43080909016,0.));
#1327 = CARTESIAN_POINT('',(18.463527817618,-21.54882688835,0.));
#1328 = CARTESIAN_POINT('',(17.912707004707,-20.66553066553,0.));
#1329 = CARTESIAN_POINT('',(17.22819108254,-19.77162013207,0.));
#1330 = CARTESIAN_POINT('',(16.311091642867,-18.92093289772,0.));
#1331 = CARTESIAN_POINT('',(15.257437304339,-18.12591041918,0.));
#1332 = CARTESIAN_POINT('',(14.030731866037,-17.36632414147,0.));
#1333 = CARTESIAN_POINT('',(12.620942335491,-16.6533646261,0.));
#1334 = CARTESIAN_POINT('',(10.974558593824,-15.98758100202,0.));
#1335 = CARTESIAN_POINT('',(9.184262062185,-15.41673202571,0.));
#1336 = CARTESIAN_POINT('',(7.123024699569,-14.92429093128,0.));
#1337 = CARTESIAN_POINT('',(5.085601186932,-14.54693028684,0.));
#1338 = CARTESIAN_POINT('',(1.748830052484,-14.2161025891,0.));
#1339 = CARTESIAN_POINT('',(2.264640390495,-14.27871593992,0.));
#1340 = CARTESIAN_POINT('',(-0.11052333949,-14.1505145124,0.));
#1341 = PCURVE('',#224,#1342);
#1342 = DEFINITIONAL_REPRESENTATION('',(#1343),#1394);
#1343 = B_SPLINE_CURVE_WITH_KNOTS('',3,(#1344,#1345,#1346,#1347,#1348,
    #1349,#1350,#1351,#1352,#1353,#1354,#1355,#1356,#1357,#1358,#1359,
    #1360,#1361,#1362,#1363,#1364,#1365,#1366,#1367,#1368,#1369,#1370,
    #1371,#1372,#1373,#1374,#1375,#1376,#1377,#1378,#1379,#1380,#1381,
    #1382,#1383,#1384,#1385,#1386,#1387,#1388,#1389,#1390,#1391,#1392,
    #1393),.UNSPECIFIED.,.F.,.F.,(4,1,1,1,1,1,1,1,1,1,1,1,1,1,1,1,1,1,1,
    1,1,1,1,1,1,1,1,1,1,1,1,1,1,1,1,1,1,1,1,1,1,1,1,1,1,1,1,4),(0.,
    1.310275187177,2.575554712222,3.800853833955,4.902089094641,
    6.06831455688,7.21183434275,8.337173980858,9.363078484396,
    10.46331856218,11.554153671202,12.637112639117,13.630528059043,
    14.700223728197,15.762924250692,16.817962772309,17.784172052652,
    18.821404601302,19.84721146813,20.859830292326,21.78133906864,
    22.763820637486,23.728524475563,24.674422276675,25.530408882817,
    26.439181751574,27.329575345756,28.203542707491,28.998544434436,
    29.851442200626,30.702034885941,31.558695680793,32.363786840272,
    33.262555459008,34.202118316714,35.196909054575,36.177314147534,
    37.320972597039,38.563122142845,39.916198777823,41.276469790388,
    42.885560125174,44.651495886816,46.590899109622,48.549892956214,
    50.871342573664,53.417826896227,55.987800380247),.UNSPECIFIED.);
#1344 = CARTESIAN_POINT('',(-0.849157873792,-48.10262726389));
#1345 = CARTESIAN_POINT('',(-0.648854267128,-47.71860123312));
#1346 = CARTESIAN_POINT('',(-0.265446432616,-46.94402954063));
#1347 = CARTESIAN_POINT('',(0.388982863609,-45.86019334838));
#1348 = CARTESIAN_POINT('',(1.059366324409,-44.8670454435));
#1349 = CARTESIAN_POINT('',(1.764146780244,-43.93978537511));
#1350 = CARTESIAN_POINT('',(2.498392570523,-43.07094712417));
#1351 = CARTESIAN_POINT('',(3.281566803911,-42.23502258541));
#1352 = CARTESIAN_POINT('',(4.069372766189,-41.46930337775));
#1353 = CARTESIAN_POINT('',(4.8765007459,-40.74561387618));
#1354 = CARTESIAN_POINT('',(5.699801370078,-40.0582214316));
#1355 = CARTESIAN_POINT('',(6.558790753779,-39.38481939996));
#1356 = CARTESIAN_POINT('',(7.405522063,-38.75410776743));
#1357 = CARTESIAN_POINT('',(8.25752679159,-38.14262669606));
#1358 = CARTESIAN_POINT('',(9.111349068736,-37.54542183783));
#1359 = CARTESIAN_POINT('',(9.985843080708,-36.94199769441));
#1360 = CARTESIAN_POINT('',(10.832106410265,-36.35839735949));
#1361 = CARTESIAN_POINT('',(11.667812215975,-35.77445784228));
#1362 = CARTESIAN_POINT('',(12.48981151045,-35.18798570274));
#1363 = CARTESIAN_POINT('',(13.310498002297,-34.57315842915));
#1364 = CARTESIAN_POINT('',(14.074955367626,-33.94907190071));
#1365 = CARTESIAN_POINT('',(14.812558757402,-33.31556741226));
#1366 = CARTESIAN_POINT('',(15.514874123011,-32.66620569672));
#1367 = CARTESIAN_POINT('',(16.194073786239,-31.98111558951));
#1368 = CARTESIAN_POINT('',(16.80933405399,-31.29352503769));
#1369 = CARTESIAN_POINT('',(17.373182617427,-30.58687786644));
#1370 = CARTESIAN_POINT('',(17.88058050997,-29.86081522206));
#1371 = CARTESIAN_POINT('',(18.335670361552,-29.09369156778));
#1372 = CARTESIAN_POINT('',(18.708928479858,-28.32531539217));
#1373 = CARTESIAN_POINT('',(19.008303846318,-27.53866715558));
#1374 = CARTESIAN_POINT('',(19.228809519399,-26.73397405244));
#1375 = CARTESIAN_POINT('',(19.364398688796,-25.88964232122));
#1376 = CARTESIAN_POINT('',(19.401250766106,-25.05101528795));
#1377 = CARTESIAN_POINT('',(19.339699874786,-24.19796815088));
#1378 = CARTESIAN_POINT('',(19.171874839014,-23.33056763822));
#1379 = CARTESIAN_POINT('',(18.877444973451,-22.43080909016));
#1380 = CARTESIAN_POINT('',(18.463527817618,-21.54882688835));
#1381 = CARTESIAN_POINT('',(17.912707004707,-20.66553066553));
#1382 = CARTESIAN_POINT('',(17.22819108254,-19.77162013207));
#1383 = CARTESIAN_POINT('',(16.311091642867,-18.92093289772));
#1384 = CARTESIAN_POINT('',(15.257437304339,-18.12591041918));
#1385 = CARTESIAN_POINT('',(14.030731866037,-17.36632414147));
#1386 = CARTESIAN_POINT('',(12.620942335491,-16.6533646261));
#1387 = CARTESIAN_POINT('',(10.974558593824,-15.98758100202));
#1388 = CARTESIAN_POINT('',(9.184262062185,-15.41673202571));
#1389 = CARTESIAN_POINT('',(7.123024699569,-14.92429093128));
#1390 = CARTESIAN_POINT('',(5.085601186932,-14.54693028684));
#1391 = CARTESIAN_POINT('',(1.748830052484,-14.2161025891));
#1392 = CARTESIAN_POINT('',(2.264640390495,-14.27871593992));
#1393 = CARTESIAN_POINT('',(-0.11052333949,-14.1505145124));
#1394 = ( GEOMETRIC_REPRESENTATION_CONTEXT(2) 
PARAMETRIC_REPRESENTATION_CONTEXT() REPRESENTATION_CONTEXT('2D SPACE',''
  ) );
#1395 = PCURVE('',#1396,#1497);
#1396 = B_SPLINE_SURFACE_WITH_KNOTS('',3,1,(
    (#1397,#1398)
    ,(#1399,#1400)
    ,(#1401,#1402)
    ,(#1403,#1404)
    ,(#1405,#1406)
    ,(#1407,#1408)
    ,(#1409,#1410)
    ,(#1411,#1412)
    ,(#1413,#1414)
    ,(#1415,#1416)
    ,(#1417,#1418)
    ,(#1419,#1420)
    ,(#1421,#1422)
    ,(#1423,#1424)
    ,(#1425,#1426)
    ,(#1427,#1428)
    ,(#1429,#1430)
    ,(#1431,#1432)
    ,(#1433,#1434)
    ,(#1435,#1436)
    ,(#1437,#1438)
    ,(#1439,#1440)
    ,(#1441,#1442)
    ,(#1443,#1444)
    ,(#1445,#1446)
    ,(#1447,#1448)
    ,(#1449,#1450)
    ,(#1451,#1452)
    ,(#1453,#1454)
    ,(#1455,#1456)
    ,(#1457,#1458)
    ,(#1459,#1460)
    ,(#1461,#1462)
    ,(#1463,#1464)
    ,(#1465,#1466)
    ,(#1467,#1468)
    ,(#1469,#1470)
    ,(#1471,#1472)
    ,(#1473,#1474)
    ,(#1475,#1476)
    ,(#1477,#1478)
    ,(#1479,#1480)
    ,(#1481,#1482)
    ,(#1483,#1484)
    ,(#1485,#1486)
    ,(#1487,#1488)
    ,(#1489,#1490)
    ,(#1491,#1492)
    ,(#1493,#1494)
    ,(#1495,#1496
    )),.UNSPECIFIED.,.F.,.F.,.F.,(4,1,1,1,1,1,1,1,1,1,1,1,1,1,1,1,1,1,1,
    1,1,1,1,1,1,1,1,1,1,1,1,1,1,1,1,1,1,1,1,1,1,1,1,1,1,1,1,4),(2,2),(0.
    ,1.310275187177,2.575554712222,3.800853833955,4.902089094641,
    6.06831455688,7.21183434275,8.337173980858,9.363078484396,
    10.46331856218,11.554153671202,12.637112639117,13.630528059043,
    14.700223728197,15.762924250692,16.817962772309,17.784172052652,
    18.821404601302,19.84721146813,20.859830292326,21.78133906864,
    22.763820637486,23.728524475563,24.674422276675,25.530408882817,
    26.439181751574,27.329575345756,28.203542707491,28.998544434436,
    29.851442200626,30.702034885941,31.558695680793,32.363786840272,
    33.262555459008,34.202118316714,35.196909054575,36.177314147534,
    37.320972597039,38.563122142845,39.916198777823,41.276469790388,
    42.885560125174,44.651495886816,46.590899109622,48.549892956214,
    50.871342573664,53.417826896227,55.987800380247),(-22.4,0.),
  .UNSPECIFIED.);
#1397 = CARTESIAN_POINT('',(-0.849157873792,-48.10262726389,22.4));
#1398 = CARTESIAN_POINT('',(-0.849157873792,-48.10262726389,0.));
#1399 = CARTESIAN_POINT('',(-0.648854267128,-47.71860123312,22.4));
#1400 = CARTESIAN_POINT('',(-0.648854267128,-47.71860123312,0.));
#1401 = CARTESIAN_POINT('',(-0.265446432616,-46.94402954063,22.4));
#1402 = CARTESIAN_POINT('',(-0.265446432616,-46.94402954063,0.));
#1403 = CARTESIAN_POINT('',(0.388982863609,-45.86019334838,22.4));
#1404 = CARTESIAN_POINT('',(0.388982863609,-45.86019334838,0.));
#1405 = CARTESIAN_POINT('',(1.059366324409,-44.8670454435,22.4));
#1406 = CARTESIAN_POINT('',(1.059366324409,-44.8670454435,0.));
#1407 = CARTESIAN_POINT('',(1.764146780244,-43.93978537511,22.4));
#1408 = CARTESIAN_POINT('',(1.764146780244,-43.93978537511,0.));
#1409 = CARTESIAN_POINT('',(2.498392570523,-43.07094712417,22.4));
#1410 = CARTESIAN_POINT('',(2.498392570523,-43.07094712417,0.));
#1411 = CARTESIAN_POINT('',(3.281566803911,-42.23502258541,22.4));
#1412 = CARTESIAN_POINT('',(3.281566803911,-42.23502258541,0.));
#1413 = CARTESIAN_POINT('',(4.069372766189,-41.46930337775,22.4));
#1414 = CARTESIAN_POINT('',(4.069372766189,-41.46930337775,0.));
#1415 = CARTESIAN_POINT('',(4.8765007459,-40.74561387618,22.4));
#1416 = CARTESIAN_POINT('',(4.8765007459,-40.74561387618,0.));
#1417 = CARTESIAN_POINT('',(5.699801370078,-40.0582214316,22.4));
#1418 = CARTESIAN_POINT('',(5.699801370078,-40.0582214316,0.));
#1419 = CARTESIAN_POINT('',(6.558790753779,-39.38481939996,22.4));
#1420 = CARTESIAN_POINT('',(6.558790753779,-39.38481939996,0.));
#1421 = CARTESIAN_POINT('',(7.405522063,-38.75410776743,22.4));
#1422 = CARTESIAN_POINT('',(7.405522063,-38.75410776743,0.));
#1423 = CARTESIAN_POINT('',(8.25752679159,-38.14262669606,22.4));
#1424 = CARTESIAN_POINT('',(8.25752679159,-38.14262669606,0.));
#1425 = CARTESIAN_POINT('',(9.111349068736,-37.54542183783,22.4));
#1426 = CARTESIAN_POINT('',(9.111349068736,-37.54542183783,0.));
#1427 = CARTESIAN_POINT('',(9.985843080708,-36.94199769441,22.4));
#1428 = CARTESIAN_POINT('',(9.985843080708,-36.94199769441,0.));
#1429 = CARTESIAN_POINT('',(10.832106410265,-36.35839735949,22.4));
#1430 = CARTESIAN_POINT('',(10.832106410265,-36.35839735949,0.));
#1431 = CARTESIAN_POINT('',(11.667812215975,-35.77445784228,22.4));
#1432 = CARTESIAN_POINT('',(11.667812215975,-35.77445784228,0.));
#1433 = CARTESIAN_POINT('',(12.48981151045,-35.18798570274,22.4));
#1434 = CARTESIAN_POINT('',(12.48981151045,-35.18798570274,0.));
#1435 = CARTESIAN_POINT('',(13.310498002297,-34.57315842915,22.4));
#1436 = CARTESIAN_POINT('',(13.310498002297,-34.57315842915,0.));
#1437 = CARTESIAN_POINT('',(14.074955367626,-33.94907190071,22.4));
#1438 = CARTESIAN_POINT('',(14.074955367626,-33.94907190071,0.));
#1439 = CARTESIAN_POINT('',(14.812558757402,-33.31556741226,22.4));
#1440 = CARTESIAN_POINT('',(14.812558757402,-33.31556741226,0.));
#1441 = CARTESIAN_POINT('',(15.514874123011,-32.66620569672,22.4));
#1442 = CARTESIAN_POINT('',(15.514874123011,-32.66620569672,0.));
#1443 = CARTESIAN_POINT('',(16.194073786239,-31.98111558951,22.4));
#1444 = CARTESIAN_POINT('',(16.194073786239,-31.98111558951,0.));
#1445 = CARTESIAN_POINT('',(16.80933405399,-31.29352503769,22.4));
#1446 = CARTESIAN_POINT('',(16.80933405399,-31.29352503769,0.));
#1447 = CARTESIAN_POINT('',(17.373182617427,-30.58687786644,22.4));
#1448 = CARTESIAN_POINT('',(17.373182617427,-30.58687786644,0.));
#1449 = CARTESIAN_POINT('',(17.88058050997,-29.86081522206,22.4));
#1450 = CARTESIAN_POINT('',(17.88058050997,-29.86081522206,0.));
#1451 = CARTESIAN_POINT('',(18.335670361552,-29.09369156778,22.4));
#1452 = CARTESIAN_POINT('',(18.335670361552,-29.09369156778,0.));
#1453 = CARTESIAN_POINT('',(18.708928479858,-28.32531539217,22.4));
#1454 = CARTESIAN_POINT('',(18.708928479858,-28.32531539217,0.));
#1455 = CARTESIAN_POINT('',(19.008303846318,-27.53866715558,22.4));
#1456 = CARTESIAN_POINT('',(19.008303846318,-27.53866715558,0.));
#1457 = CARTESIAN_POINT('',(19.228809519399,-26.73397405244,22.4));
#1458 = CARTESIAN_POINT('',(19.228809519399,-26.73397405244,0.));
#1459 = CARTESIAN_POINT('',(19.364398688796,-25.88964232122,22.4));
#1460 = CARTESIAN_POINT('',(19.364398688796,-25.88964232122,0.));
#1461 = CARTESIAN_POINT('',(19.401250766106,-25.05101528795,22.4));
#1462 = CARTESIAN_POINT('',(19.401250766106,-25.05101528795,0.));
#1463 = CARTESIAN_POINT('',(19.339699874786,-24.19796815088,22.4));
#1464 = CARTESIAN_POINT('',(19.339699874786,-24.19796815088,0.));
#1465 = CARTESIAN_POINT('',(19.171874839014,-23.33056763822,22.4));
#1466 = CARTESIAN_POINT('',(19.171874839014,-23.33056763822,0.));
#1467 = CARTESIAN_POINT('',(18.877444973451,-22.43080909016,22.4));
#1468 = CARTESIAN_POINT('',(18.877444973451,-22.43080909016,0.));
#1469 = CARTESIAN_POINT('',(18.463527817618,-21.54882688835,22.4));
#1470 = CARTESIAN_POINT('',(18.463527817618,-21.54882688835,0.));
#1471 = CARTESIAN_POINT('',(17.912707004707,-20.66553066553,22.4));
#1472 = CARTESIAN_POINT('',(17.912707004707,-20.66553066553,0.));
#1473 = CARTESIAN_POINT('',(17.22819108254,-19.77162013207,22.4));
#1474 = CARTESIAN_POINT('',(17.22819108254,-19.77162013207,0.));
#1475 = CARTESIAN_POINT('',(16.311091642867,-18.92093289772,22.4));
#1476 = CARTESIAN_POINT('',(16.311091642867,-18.92093289772,0.));
#1477 = CARTESIAN_POINT('',(15.257437304339,-18.12591041918,22.4));
#1478 = CARTESIAN_POINT('',(15.257437304339,-18.12591041918,0.));
#1479 = CARTESIAN_POINT('',(14.030731866037,-17.36632414147,22.4));
#1480 = CARTESIAN_POINT('',(14.030731866037,-17.36632414147,0.));
#1481 = CARTESIAN_POINT('',(12.620942335491,-16.6533646261,22.4));
#1482 = CARTESIAN_POINT('',(12.620942335491,-16.6533646261,0.));
#1483 = CARTESIAN_POINT('',(10.974558593824,-15.98758100202,22.4));
#1484 = CARTESIAN_POINT('',(10.974558593824,-15.98758100202,0.));
#1485 = CARTESIAN_POINT('',(9.184262062185,-15.41673202571,22.4));
#1486 = CARTESIAN_POINT('',(9.184262062185,-15.41673202571,0.));
#1487 = CARTESIAN_POINT('',(7.123024699569,-14.92429093128,22.4));
#1488 = CARTESIAN_POINT('',(7.123024699569,-14.92429093128,0.));
#1489 = CARTESIAN_POINT('',(5.085601186932,-14.54693028684,22.4));
#1490 = CARTESIAN_POINT('',(5.085601186932,-14.54693028684,0.));
#1491 = CARTESIAN_POINT('',(1.748830052484,-14.2161025891,22.4));
#1492 = CARTESIAN_POINT('',(1.748830052484,-14.2161025891,0.));
#1493 = CARTESIAN_POINT('',(2.264640390495,-14.27871593992,22.4));
#1494 = CARTESIAN_POINT('',(2.264640390495,-14.27871593992,0.));
#1495 = CARTESIAN_POINT('',(-0.11052333949,-14.1505145124,22.4));
#1496 = CARTESIAN_POINT('',(-0.11052333949,-14.1505145124,0.));
#1497 = DEFINITIONAL_REPRESENTATION('',(#1498),#1502);
#1498 = LINE('',#1499,#1500);
#1499 = CARTESIAN_POINT('',(0.,0.));
#1500 = VECTOR('',#1501,1.);
#1501 = DIRECTION('',(1.,0.));
#1502 = ( GEOMETRIC_REPRESENTATION_CONTEXT(2) 
PARAMETRIC_REPRESENTATION_CONTEXT() REPRESENTATION_CONTEXT('2D SPACE',''
  ) );
#1503 = ORIENTED_EDGE('',*,*,#1504,.F.);
#1504 = EDGE_CURVE('',#1505,#1287,#1507,.T.);
#1505 = VERTEX_POINT('',#1506);
#1506 = CARTESIAN_POINT('',(-1.04227966586,-48.48879925403,0.));
#1507 = SURFACE_CURVE('',#1508,(#1512,#1519),.PCURVE_S1.);
#1508 = LINE('',#1509,#1510);
#1509 = CARTESIAN_POINT('',(-1.931422756966,-50.26675581365,0.));
#1510 = VECTOR('',#1511,1.);
#1511 = DIRECTION('',(0.447279920407,0.894394025472,0.));
#1512 = PCURVE('',#224,#1513);
#1513 = DEFINITIONAL_REPRESENTATION('',(#1514),#1518);
#1514 = LINE('',#1515,#1516);
#1515 = CARTESIAN_POINT('',(-1.931422756966,-50.26675581365));
#1516 = VECTOR('',#1517,1.);
#1517 = DIRECTION('',(0.447279920407,0.894394025472));
#1518 = ( GEOMETRIC_REPRESENTATION_CONTEXT(2) 
PARAMETRIC_REPRESENTATION_CONTEXT() REPRESENTATION_CONTEXT('2D SPACE',''
  ) );
#1519 = PCURVE('',#1520,#1525);
#1520 = PLANE('',#1521);
#1521 = AXIS2_PLACEMENT_3D('',#1522,#1523,#1524);
#1522 = CARTESIAN_POINT('',(-1.04227966586,-48.48879925403,0.));
#1523 = DIRECTION('',(-0.894394025472,0.447279920407,0.));
#1524 = DIRECTION('',(0.447279920407,0.894394025472,0.));
#1525 = DEFINITIONAL_REPRESENTATION('',(#1526),#1530);
#1526 = LINE('',#1527,#1528);
#1527 = CARTESIAN_POINT('',(-1.987889575495,-0.));
#1528 = VECTOR('',#1529,1.);
#1529 = DIRECTION('',(1.,0.));
#1530 = ( GEOMETRIC_REPRESENTATION_CONTEXT(2) 
PARAMETRIC_REPRESENTATION_CONTEXT() REPRESENTATION_CONTEXT('2D SPACE',''
  ) );
#1531 = ORIENTED_EDGE('',*,*,#1532,.F.);
#1532 = EDGE_CURVE('',#1533,#1505,#1535,.T.);
#1533 = VERTEX_POINT('',#1534);
#1534 = CARTESIAN_POINT('',(-23.34155203776,-42.5137853933,0.));
#1535 = SURFACE_CURVE('',#1536,(#1541,#1548),.PCURVE_S1.);
#1536 = CIRCLE('',#1537,48.5);
#1537 = AXIS2_PLACEMENT_3D('',#1538,#1539,#1540);
#1538 = CARTESIAN_POINT('',(0.,0.,0.));
#1539 = DIRECTION('',(0.,0.,1.));
#1540 = DIRECTION('',(1.,0.,-0.));
#1541 = PCURVE('',#224,#1542);
#1542 = DEFINITIONAL_REPRESENTATION('',(#1543),#1547);
#1543 = CIRCLE('',#1544,48.5);
#1544 = AXIS2_PLACEMENT_2D('',#1545,#1546);
#1545 = CARTESIAN_POINT('',(0.,-1.204325410458E-15));
#1546 = DIRECTION('',(1.,0.));
#1547 = ( GEOMETRIC_REPRESENTATION_CONTEXT(2) 
PARAMETRIC_REPRESENTATION_CONTEXT() REPRESENTATION_CONTEXT('2D SPACE',''
  ) );
#1548 = PCURVE('',#1549,#1554);
#1549 = CYLINDRICAL_SURFACE('',#1550,48.5);
#1550 = AXIS2_PLACEMENT_3D('',#1551,#1552,#1553);
#1551 = CARTESIAN_POINT('',(0.,0.,0.));
#1552 = DIRECTION('',(-0.,-0.,-1.));
#1553 = DIRECTION('',(1.,0.,-0.));
#1554 = DEFINITIONAL_REPRESENTATION('',(#1555),#1559);
#1555 = LINE('',#1556,#1557);
#1556 = CARTESIAN_POINT('',(-0.,0.));
#1557 = VECTOR('',#1558,1.);
#1558 = DIRECTION('',(-1.,0.));
#1559 = ( GEOMETRIC_REPRESENTATION_CONTEXT(2) 
PARAMETRIC_REPRESENTATION_CONTEXT() REPRESENTATION_CONTEXT('2D SPACE',''
  ) );
#1560 = ORIENTED_EDGE('',*,*,#1561,.F.);
#1561 = EDGE_CURVE('',#1228,#1533,#1562,.T.);
#1562 = SURFACE_CURVE('',#1563,(#1614,#1668),.PCURVE_S1.);
#1563 = B_SPLINE_CURVE_WITH_KNOTS('',3,(#1564,#1565,#1566,#1567,#1568,
    #1569,#1570,#1571,#1572,#1573,#1574,#1575,#1576,#1577,#1578,#1579,
    #1580,#1581,#1582,#1583,#1584,#1585,#1586,#1587,#1588,#1589,#1590,
    #1591,#1592,#1593,#1594,#1595,#1596,#1597,#1598,#1599,#1600,#1601,
    #1602,#1603,#1604,#1605,#1606,#1607,#1608,#1609,#1610,#1611,#1612,
    #1613),.UNSPECIFIED.,.F.,.F.,(4,1,1,1,1,1,1,1,1,1,1,1,1,1,1,1,1,1,1,
    1,1,1,1,1,1,1,1,1,1,1,1,1,1,1,1,1,1,1,1,1,1,1,1,1,1,1,1,4),(0.,
    2.712363629581,5.415653884531,7.889901421053,9.986742084351,
    12.07233621524,13.981450928582,15.730829279285,17.217976489194,
    18.70534511222,20.079261809959,21.357514213245,22.46799558875,
    23.608470848383,24.696515979748,25.743900293344,26.683864297553,
    27.681614976107,28.665922847739,29.643534481927,30.544804484636,
    31.523863593595,32.508882471553,33.502052098633,34.427210166566,
    35.439013636309,36.460687542796,37.491630530293,38.450636928084,
    39.49631232414,40.547756860041,41.603484223464,42.58022774738,
    43.639187672476,44.697549950026,45.75413920775,46.727235587527,
    47.778840627491,48.828245019521,49.876764601754,50.845806288818,
    51.899956703366,52.96296178269,54.040387692291,55.053510242706,
    56.178288511941,57.339605375855,58.548465428582),.UNSPECIFIED.);
#1564 = CARTESIAN_POINT('',(-5.529026724089,-9.797601881507,0.));
#1565 = CARTESIAN_POINT('',(-4.833366350674,-10.34553903689,0.));
#1566 = CARTESIAN_POINT('',(-3.370781590338,-11.45093871359,0.));
#1567 = CARTESIAN_POINT('',(-1.413761326837,-13.19562774261,0.));
#1568 = CARTESIAN_POINT('',(0.30496895328,-14.91158933901,0.));
#1569 = CARTESIAN_POINT('',(1.76719529979,-16.58195936108,0.));
#1570 = CARTESIAN_POINT('',(2.997759635157,-18.19963574259,0.));
#1571 = CARTESIAN_POINT('',(4.03637289083,-19.8105409595,0.));
#1572 = CARTESIAN_POINT('',(4.843694141498,-21.32641409863,0.));
#1573 = CARTESIAN_POINT('',(5.461718237415,-22.77655945022,0.));
#1574 = CARTESIAN_POINT('',(5.906550636066,-24.15910195699,0.));
#1575 = CARTESIAN_POINT('',(6.1917282739,-25.51024154587,0.));
#1576 = CARTESIAN_POINT('',(6.383282057059,-26.75166161241,0.));
#1577 = CARTESIAN_POINT('',(6.416304033174,-27.93041392472,0.));
#1578 = CARTESIAN_POINT('',(6.323080581103,-29.04207028431,0.));
#1579 = CARTESIAN_POINT('',(6.097008317883,-30.11332516981,0.));
#1580 = CARTESIAN_POINT('',(5.761512528428,-31.08482598349,0.));
#1581 = CARTESIAN_POINT('',(5.326392193236,-31.98197221817,0.));
#1582 = CARTESIAN_POINT('',(4.801705055154,-32.80531298584,0.));
#1583 = CARTESIAN_POINT('',(4.178088757613,-33.57240427695,0.));
#1584 = CARTESIAN_POINT('',(3.498364438566,-34.24485656718,0.));
#1585 = CARTESIAN_POINT('',(2.758956728743,-34.84745027141,0.));
#1586 = CARTESIAN_POINT('',(1.967088237349,-35.38371759173,0.));
#1587 = CARTESIAN_POINT('',(1.106869466628,-35.86715989447,0.));
#1588 = CARTESIAN_POINT('',(0.229493195474,-36.27749266492,0.));
#1589 = CARTESIAN_POINT('',(-0.680228233441,-36.63441015982,0.));
#1590 = CARTESIAN_POINT('',(-1.617668200601,-36.9423301286,0.));
#1591 = CARTESIAN_POINT('',(-2.603489536453,-37.21131071782,0.));
#1592 = CARTESIAN_POINT('',(-3.582926913784,-37.43261913256,0.));
#1593 = CARTESIAN_POINT('',(-4.577182909576,-37.62167448261,0.));
#1594 = CARTESIAN_POINT('',(-5.583957583884,-37.77777540556,0.));
#1595 = CARTESIAN_POINT('',(-6.623650097623,-37.93112923842,0.));
#1596 = CARTESIAN_POINT('',(-7.642479259242,-38.06823491549,0.));
#1597 = CARTESIAN_POINT('',(-8.665423025074,-38.1927106822,0.));
#1598 = CARTESIAN_POINT('',(-9.689887470247,-38.31173183917,0.));
#1599 = CARTESIAN_POINT('',(-10.74078288558,-38.43388563581,0.));
#1600 = CARTESIAN_POINT('',(-11.76248220304,-38.55927511734,0.));
#1601 = CARTESIAN_POINT('',(-12.7803708656,-38.69674654446,0.));
#1602 = CARTESIAN_POINT('',(-13.79334459082,-38.85185394638,0.));
#1603 = CARTESIAN_POINT('',(-14.8269933562,-39.03630847773,0.));
#1604 = CARTESIAN_POINT('',(-15.82759585322,-39.2468394037,0.));
#1605 = CARTESIAN_POINT('',(-16.8217433794,-39.49294899584,0.));
#1606 = CARTESIAN_POINT('',(-17.80978421483,-39.78011273887,0.));
#1607 = CARTESIAN_POINT('',(-18.81818855067,-40.12534272153,0.));
#1608 = CARTESIAN_POINT('',(-19.79266183324,-40.515064981,0.));
#1609 = CARTESIAN_POINT('',(-20.77276097716,-40.96924428075,0.));
#1610 = CARTESIAN_POINT('',(-21.71674981523,-41.46706933038,0.));
#1611 = CARTESIAN_POINT('',(-22.8260978202,-42.14094746452,0.));
#1612 = CARTESIAN_POINT('',(-23.18648754761,-42.40902551877,0.));
#1613 = CARTESIAN_POINT('',(-23.71329407752,-42.77094590468,0.));
#1614 = PCURVE('',#224,#1615);
#1615 = DEFINITIONAL_REPRESENTATION('',(#1616),#1667);
#1616 = B_SPLINE_CURVE_WITH_KNOTS('',3,(#1617,#1618,#1619,#1620,#1621,
    #1622,#1623,#1624,#1625,#1626,#1627,#1628,#1629,#1630,#1631,#1632,
    #1633,#1634,#1635,#1636,#1637,#1638,#1639,#1640,#1641,#1642,#1643,
    #1644,#1645,#1646,#1647,#1648,#1649,#1650,#1651,#1652,#1653,#1654,
    #1655,#1656,#1657,#1658,#1659,#1660,#1661,#1662,#1663,#1664,#1665,
    #1666),.UNSPECIFIED.,.F.,.F.,(4,1,1,1,1,1,1,1,1,1,1,1,1,1,1,1,1,1,1,
    1,1,1,1,1,1,1,1,1,1,1,1,1,1,1,1,1,1,1,1,1,1,1,1,1,1,1,1,4),(0.,
    2.712363629581,5.415653884531,7.889901421053,9.986742084351,
    12.07233621524,13.981450928582,15.730829279285,17.217976489194,
    18.70534511222,20.079261809959,21.357514213245,22.46799558875,
    23.608470848383,24.696515979748,25.743900293344,26.683864297553,
    27.681614976107,28.665922847739,29.643534481927,30.544804484636,
    31.523863593595,32.508882471553,33.502052098633,34.427210166566,
    35.439013636309,36.460687542796,37.491630530293,38.450636928084,
    39.49631232414,40.547756860041,41.603484223464,42.58022774738,
    43.639187672476,44.697549950026,45.75413920775,46.727235587527,
    47.778840627491,48.828245019521,49.876764601754,50.845806288818,
    51.899956703366,52.96296178269,54.040387692291,55.053510242706,
    56.178288511941,57.339605375855,58.548465428582),.UNSPECIFIED.);
#1617 = CARTESIAN_POINT('',(-5.529026724089,-9.797601881507));
#1618 = CARTESIAN_POINT('',(-4.833366350674,-10.34553903689));
#1619 = CARTESIAN_POINT('',(-3.370781590338,-11.45093871359));
#1620 = CARTESIAN_POINT('',(-1.413761326837,-13.19562774261));
#1621 = CARTESIAN_POINT('',(0.30496895328,-14.91158933901));
#1622 = CARTESIAN_POINT('',(1.76719529979,-16.58195936108));
#1623 = CARTESIAN_POINT('',(2.997759635157,-18.19963574259));
#1624 = CARTESIAN_POINT('',(4.03637289083,-19.8105409595));
#1625 = CARTESIAN_POINT('',(4.843694141498,-21.32641409863));
#1626 = CARTESIAN_POINT('',(5.461718237415,-22.77655945022));
#1627 = CARTESIAN_POINT('',(5.906550636066,-24.15910195699));
#1628 = CARTESIAN_POINT('',(6.1917282739,-25.51024154587));
#1629 = CARTESIAN_POINT('',(6.383282057059,-26.75166161241));
#1630 = CARTESIAN_POINT('',(6.416304033174,-27.93041392472));
#1631 = CARTESIAN_POINT('',(6.323080581103,-29.04207028431));
#1632 = CARTESIAN_POINT('',(6.097008317883,-30.11332516981));
#1633 = CARTESIAN_POINT('',(5.761512528428,-31.08482598349));
#1634 = CARTESIAN_POINT('',(5.326392193236,-31.98197221817));
#1635 = CARTESIAN_POINT('',(4.801705055154,-32.80531298584));
#1636 = CARTESIAN_POINT('',(4.178088757613,-33.57240427695));
#1637 = CARTESIAN_POINT('',(3.498364438566,-34.24485656718));
#1638 = CARTESIAN_POINT('',(2.758956728743,-34.84745027141));
#1639 = CARTESIAN_POINT('',(1.967088237349,-35.38371759173));
#1640 = CARTESIAN_POINT('',(1.106869466628,-35.86715989447));
#1641 = CARTESIAN_POINT('',(0.229493195474,-36.27749266492));
#1642 = CARTESIAN_POINT('',(-0.680228233441,-36.63441015982));
#1643 = CARTESIAN_POINT('',(-1.617668200601,-36.9423301286));
#1644 = CARTESIAN_POINT('',(-2.603489536453,-37.21131071782));
#1645 = CARTESIAN_POINT('',(-3.582926913784,-37.43261913256));
#1646 = CARTESIAN_POINT('',(-4.577182909576,-37.62167448261));
#1647 = CARTESIAN_POINT('',(-5.583957583884,-37.77777540556));
#1648 = CARTESIAN_POINT('',(-6.623650097623,-37.93112923842));
#1649 = CARTESIAN_POINT('',(-7.642479259242,-38.06823491549));
#1650 = CARTESIAN_POINT('',(-8.665423025074,-38.1927106822));
#1651 = CARTESIAN_POINT('',(-9.689887470247,-38.31173183917));
#1652 = CARTESIAN_POINT('',(-10.74078288558,-38.43388563581));
#1653 = CARTESIAN_POINT('',(-11.76248220304,-38.55927511734));
#1654 = CARTESIAN_POINT('',(-12.7803708656,-38.69674654446));
#1655 = CARTESIAN_POINT('',(-13.79334459082,-38.85185394638));
#1656 = CARTESIAN_POINT('',(-14.8269933562,-39.03630847773));
#1657 = CARTESIAN_POINT('',(-15.82759585322,-39.2468394037));
#1658 = CARTESIAN_POINT('',(-16.8217433794,-39.49294899584));
#1659 = CARTESIAN_POINT('',(-17.80978421483,-39.78011273887));
#1660 = CARTESIAN_POINT('',(-18.81818855067,-40.12534272153));
#1661 = CARTESIAN_POINT('',(-19.79266183324,-40.515064981));
#1662 = CARTESIAN_POINT('',(-20.77276097716,-40.96924428075));
#1663 = CARTESIAN_POINT('',(-21.71674981523,-41.46706933038));
#1664 = CARTESIAN_POINT('',(-22.8260978202,-42.14094746452));
#1665 = CARTESIAN_POINT('',(-23.18648754761,-42.40902551877));
#1666 = CARTESIAN_POINT('',(-23.71329407752,-42.77094590468));
#1667 = ( GEOMETRIC_REPRESENTATION_CONTEXT(2) 
PARAMETRIC_REPRESENTATION_CONTEXT() REPRESENTATION_CONTEXT('2D SPACE',''
  ) );
#1668 = PCURVE('',#1669,#1770);
#1669 = B_SPLINE_SURFACE_WITH_KNOTS('',3,1,(
    (#1670,#1671)
    ,(#1672,#1673)
    ,(#1674,#1675)
    ,(#1676,#1677)
    ,(#1678,#1679)
    ,(#1680,#1681)
    ,(#1682,#1683)
    ,(#1684,#1685)
    ,(#1686,#1687)
    ,(#1688,#1689)
    ,(#1690,#1691)
    ,(#1692,#1693)
    ,(#1694,#1695)
    ,(#1696,#1697)
    ,(#1698,#1699)
    ,(#1700,#1701)
    ,(#1702,#1703)
    ,(#1704,#1705)
    ,(#1706,#1707)
    ,(#1708,#1709)
    ,(#1710,#1711)
    ,(#1712,#1713)
    ,(#1714,#1715)
    ,(#1716,#1717)
    ,(#1718,#1719)
    ,(#1720,#1721)
    ,(#1722,#1723)
    ,(#1724,#1725)
    ,(#1726,#1727)
    ,(#1728,#1729)
    ,(#1730,#1731)
    ,(#1732,#1733)
    ,(#1734,#1735)
    ,(#1736,#1737)
    ,(#1738,#1739)
    ,(#1740,#1741)
    ,(#1742,#1743)
    ,(#1744,#1745)
    ,(#1746,#1747)
    ,(#1748,#1749)
    ,(#1750,#1751)
    ,(#1752,#1753)
    ,(#1754,#1755)
    ,(#1756,#1757)
    ,(#1758,#1759)
    ,(#1760,#1761)
    ,(#1762,#1763)
    ,(#1764,#1765)
    ,(#1766,#1767)
    ,(#1768,#1769
    )),.UNSPECIFIED.,.F.,.F.,.F.,(4,1,1,1,1,1,1,1,1,1,1,1,1,1,1,1,1,1,1,
    1,1,1,1,1,1,1,1,1,1,1,1,1,1,1,1,1,1,1,1,1,1,1,1,1,1,1,1,4),(2,2),(0.
    ,2.712363629581,5.415653884531,7.889901421053,9.986742084351,
    12.07233621524,13.981450928582,15.730829279285,17.217976489194,
    18.70534511222,20.079261809959,21.357514213245,22.46799558875,
    23.608470848383,24.696515979748,25.743900293344,26.683864297553,
    27.681614976107,28.665922847739,29.643534481927,30.544804484636,
    31.523863593595,32.508882471553,33.502052098633,34.427210166566,
    35.439013636309,36.460687542796,37.491630530293,38.450636928084,
    39.49631232414,40.547756860041,41.603484223464,42.58022774738,
    43.639187672476,44.697549950026,45.75413920775,46.727235587527,
    47.778840627491,48.828245019521,49.876764601754,50.845806288818,
    51.899956703366,52.96296178269,54.040387692291,55.053510242706,
    56.178288511941,57.339605375855,58.548465428582),(-22.4,0.),
  .UNSPECIFIED.);
#1670 = CARTESIAN_POINT('',(-5.529026724089,-9.797601881507,22.4));
#1671 = CARTESIAN_POINT('',(-5.529026724089,-9.797601881507,0.));
#1672 = CARTESIAN_POINT('',(-4.833366350674,-10.34553903689,22.4));
#1673 = CARTESIAN_POINT('',(-4.833366350674,-10.34553903689,0.));
#1674 = CARTESIAN_POINT('',(-3.370781590338,-11.45093871359,22.4));
#1675 = CARTESIAN_POINT('',(-3.370781590338,-11.45093871359,0.));
#1676 = CARTESIAN_POINT('',(-1.413761326837,-13.19562774261,22.4));
#1677 = CARTESIAN_POINT('',(-1.413761326837,-13.19562774261,0.));
#1678 = CARTESIAN_POINT('',(0.30496895328,-14.91158933901,22.4));
#1679 = CARTESIAN_POINT('',(0.30496895328,-14.91158933901,0.));
#1680 = CARTESIAN_POINT('',(1.76719529979,-16.58195936108,22.4));
#1681 = CARTESIAN_POINT('',(1.76719529979,-16.58195936108,0.));
#1682 = CARTESIAN_POINT('',(2.997759635157,-18.19963574259,22.4));
#1683 = CARTESIAN_POINT('',(2.997759635157,-18.19963574259,0.));
#1684 = CARTESIAN_POINT('',(4.03637289083,-19.8105409595,22.4));
#1685 = CARTESIAN_POINT('',(4.03637289083,-19.8105409595,0.));
#1686 = CARTESIAN_POINT('',(4.843694141498,-21.32641409863,22.4));
#1687 = CARTESIAN_POINT('',(4.843694141498,-21.32641409863,0.));
#1688 = CARTESIAN_POINT('',(5.461718237415,-22.77655945022,22.4));
#1689 = CARTESIAN_POINT('',(5.461718237415,-22.77655945022,0.));
#1690 = CARTESIAN_POINT('',(5.906550636066,-24.15910195699,22.4));
#1691 = CARTESIAN_POINT('',(5.906550636066,-24.15910195699,0.));
#1692 = CARTESIAN_POINT('',(6.1917282739,-25.51024154587,22.4));
#1693 = CARTESIAN_POINT('',(6.1917282739,-25.51024154587,0.));
#1694 = CARTESIAN_POINT('',(6.383282057059,-26.75166161241,22.4));
#1695 = CARTESIAN_POINT('',(6.383282057059,-26.75166161241,0.));
#1696 = CARTESIAN_POINT('',(6.416304033174,-27.93041392472,22.4));
#1697 = CARTESIAN_POINT('',(6.416304033174,-27.93041392472,0.));
#1698 = CARTESIAN_POINT('',(6.323080581103,-29.04207028431,22.4));
#1699 = CARTESIAN_POINT('',(6.323080581103,-29.04207028431,0.));
#1700 = CARTESIAN_POINT('',(6.097008317883,-30.11332516981,22.4));
#1701 = CARTESIAN_POINT('',(6.097008317883,-30.11332516981,0.));
#1702 = CARTESIAN_POINT('',(5.761512528428,-31.08482598349,22.4));
#1703 = CARTESIAN_POINT('',(5.761512528428,-31.08482598349,0.));
#1704 = CARTESIAN_POINT('',(5.326392193236,-31.98197221817,22.4));
#1705 = CARTESIAN_POINT('',(5.326392193236,-31.98197221817,0.));
#1706 = CARTESIAN_POINT('',(4.801705055154,-32.80531298584,22.4));
#1707 = CARTESIAN_POINT('',(4.801705055154,-32.80531298584,0.));
#1708 = CARTESIAN_POINT('',(4.178088757613,-33.57240427695,22.4));
#1709 = CARTESIAN_POINT('',(4.178088757613,-33.57240427695,0.));
#1710 = CARTESIAN_POINT('',(3.498364438566,-34.24485656718,22.4));
#1711 = CARTESIAN_POINT('',(3.498364438566,-34.24485656718,0.));
#1712 = CARTESIAN_POINT('',(2.758956728743,-34.84745027141,22.4));
#1713 = CARTESIAN_POINT('',(2.758956728743,-34.84745027141,0.));
#1714 = CARTESIAN_POINT('',(1.967088237349,-35.38371759173,22.4));
#1715 = CARTESIAN_POINT('',(1.967088237349,-35.38371759173,0.));
#1716 = CARTESIAN_POINT('',(1.106869466628,-35.86715989447,22.4));
#1717 = CARTESIAN_POINT('',(1.106869466628,-35.86715989447,0.));
#1718 = CARTESIAN_POINT('',(0.229493195474,-36.27749266492,22.4));
#1719 = CARTESIAN_POINT('',(0.229493195474,-36.27749266492,0.));
#1720 = CARTESIAN_POINT('',(-0.680228233441,-36.63441015982,22.4));
#1721 = CARTESIAN_POINT('',(-0.680228233441,-36.63441015982,0.));
#1722 = CARTESIAN_POINT('',(-1.617668200601,-36.9423301286,22.4));
#1723 = CARTESIAN_POINT('',(-1.617668200601,-36.9423301286,0.));
#1724 = CARTESIAN_POINT('',(-2.603489536453,-37.21131071782,22.4));
#1725 = CARTESIAN_POINT('',(-2.603489536453,-37.21131071782,0.));
#1726 = CARTESIAN_POINT('',(-3.582926913784,-37.43261913256,22.4));
#1727 = CARTESIAN_POINT('',(-3.582926913784,-37.43261913256,0.));
#1728 = CARTESIAN_POINT('',(-4.577182909576,-37.62167448261,22.4));
#1729 = CARTESIAN_POINT('',(-4.577182909576,-37.62167448261,0.));
#1730 = CARTESIAN_POINT('',(-5.583957583884,-37.77777540556,22.4));
#1731 = CARTESIAN_POINT('',(-5.583957583884,-37.77777540556,0.));
#1732 = CARTESIAN_POINT('',(-6.623650097623,-37.93112923842,22.4));
#1733 = CARTESIAN_POINT('',(-6.623650097623,-37.93112923842,0.));
#1734 = CARTESIAN_POINT('',(-7.642479259242,-38.06823491549,22.4));
#1735 = CARTESIAN_POINT('',(-7.642479259242,-38.06823491549,0.));
#1736 = CARTESIAN_POINT('',(-8.665423025074,-38.1927106822,22.4));
#1737 = CARTESIAN_POINT('',(-8.665423025074,-38.1927106822,0.));
#1738 = CARTESIAN_POINT('',(-9.689887470247,-38.31173183917,22.4));
#1739 = CARTESIAN_POINT('',(-9.689887470247,-38.31173183917,0.));
#1740 = CARTESIAN_POINT('',(-10.74078288558,-38.43388563581,22.4));
#1741 = CARTESIAN_POINT('',(-10.74078288558,-38.43388563581,0.));
#1742 = CARTESIAN_POINT('',(-11.76248220304,-38.55927511734,22.4));
#1743 = CARTESIAN_POINT('',(-11.76248220304,-38.55927511734,0.));
#1744 = CARTESIAN_POINT('',(-12.7803708656,-38.69674654446,22.4));
#1745 = CARTESIAN_POINT('',(-12.7803708656,-38.69674654446,0.));
#1746 = CARTESIAN_POINT('',(-13.79334459082,-38.85185394638,22.4));
#1747 = CARTESIAN_POINT('',(-13.79334459082,-38.85185394638,0.));
#1748 = CARTESIAN_POINT('',(-14.8269933562,-39.03630847773,22.4));
#1749 = CARTESIAN_POINT('',(-14.8269933562,-39.03630847773,0.));
#1750 = CARTESIAN_POINT('',(-15.82759585322,-39.2468394037,22.4));
#1751 = CARTESIAN_POINT('',(-15.82759585322,-39.2468394037,0.));
#1752 = CARTESIAN_POINT('',(-16.8217433794,-39.49294899584,22.4));
#1753 = CARTESIAN_POINT('',(-16.8217433794,-39.49294899584,0.));
#1754 = CARTESIAN_POINT('',(-17.80978421483,-39.78011273887,22.4));
#1755 = CARTESIAN_POINT('',(-17.80978421483,-39.78011273887,0.));
#1756 = CARTESIAN_POINT('',(-18.81818855067,-40.12534272153,22.4));
#1757 = CARTESIAN_POINT('',(-18.81818855067,-40.12534272153,0.));
#1758 = CARTESIAN_POINT('',(-19.79266183324,-40.515064981,22.4));
#1759 = CARTESIAN_POINT('',(-19.79266183324,-40.515064981,0.));
#1760 = CARTESIAN_POINT('',(-20.77276097716,-40.96924428075,22.4));
#1761 = CARTESIAN_POINT('',(-20.77276097716,-40.96924428075,0.));
#1762 = CARTESIAN_POINT('',(-21.71674981523,-41.46706933038,22.4));
#1763 = CARTESIAN_POINT('',(-21.71674981523,-41.46706933038,0.));
#1764 = CARTESIAN_POINT('',(-22.8260978202,-42.14094746452,22.4));
#1765 = CARTESIAN_POINT('',(-22.8260978202,-42.14094746452,0.));
#1766 = CARTESIAN_POINT('',(-23.18648754761,-42.40902551877,22.4));
#1767 = CARTESIAN_POINT('',(-23.18648754761,-42.40902551877,0.));
#1768 = CARTESIAN_POINT('',(-23.71329407752,-42.77094590468,22.4));
#1769 = CARTESIAN_POINT('',(-23.71329407752,-42.77094590468,0.));
#1770 = DEFINITIONAL_REPRESENTATION('',(#1771),#1775);
#1771 = LINE('',#1772,#1773);
#1772 = CARTESIAN_POINT('',(0.,0.));
#1773 = VECTOR('',#1774,1.);
#1774 = DIRECTION('',(1.,0.));
#1775 = ( GEOMETRIC_REPRESENTATION_CONTEXT(2) 
PARAMETRIC_REPRESENTATION_CONTEXT() REPRESENTATION_CONTEXT('2D SPACE',''
  ) );
#1776 = FACE_BOUND('',#1777,.F.);
#1777 = EDGE_LOOP('',(#1778,#1809,#1837,#2055,#2083,#2112));
#1778 = ORIENTED_EDGE('',*,*,#1779,.T.);
#1779 = EDGE_CURVE('',#1780,#1782,#1784,.T.);
#1780 = VERTEX_POINT('',#1781);
#1781 = CARTESIAN_POINT('',(-11.93096666446,-4.35224476005,0.));
#1782 = VERTEX_POINT('',#1783);
#1783 = CARTESIAN_POINT('',(-11.0533677996,-6.254043514939,0.));
#1784 = SURFACE_CURVE('',#1785,(#1790,#1797),.PCURVE_S1.);
#1785 = CIRCLE('',#1786,12.7);
#1786 = AXIS2_PLACEMENT_3D('',#1787,#1788,#1789);
#1787 = CARTESIAN_POINT('',(0.,0.,0.));
#1788 = DIRECTION('',(0.,0.,1.));
#1789 = DIRECTION('',(1.,0.,-0.));
#1790 = PCURVE('',#224,#1791);
#1791 = DEFINITIONAL_REPRESENTATION('',(#1792),#1796);
#1792 = CIRCLE('',#1793,12.7);
#1793 = AXIS2_PLACEMENT_2D('',#1794,#1795);
#1794 = CARTESIAN_POINT('',(0.,-1.204325410458E-15));
#1795 = DIRECTION('',(1.,0.));
#1796 = ( GEOMETRIC_REPRESENTATION_CONTEXT(2) 
PARAMETRIC_REPRESENTATION_CONTEXT() REPRESENTATION_CONTEXT('2D SPACE',''
  ) );
#1797 = PCURVE('',#1798,#1803);
#1798 = CYLINDRICAL_SURFACE('',#1799,12.7);
#1799 = AXIS2_PLACEMENT_3D('',#1800,#1801,#1802);
#1800 = CARTESIAN_POINT('',(0.,0.,0.));
#1801 = DIRECTION('',(-0.,-0.,-1.));
#1802 = DIRECTION('',(1.,0.,-0.));
#1803 = DEFINITIONAL_REPRESENTATION('',(#1804),#1808);
#1804 = LINE('',#1805,#1806);
#1805 = CARTESIAN_POINT('',(-0.,0.));
#1806 = VECTOR('',#1807,1.);
#1807 = DIRECTION('',(-1.,0.));
#1808 = ( GEOMETRIC_REPRESENTATION_CONTEXT(2) 
PARAMETRIC_REPRESENTATION_CONTEXT() REPRESENTATION_CONTEXT('2D SPACE',''
  ) );
#1809 = ORIENTED_EDGE('',*,*,#1810,.F.);
#1810 = EDGE_CURVE('',#1811,#1782,#1813,.T.);
#1811 = VERTEX_POINT('',#1812);
#1812 = CARTESIAN_POINT('',(-12.3099667141,-6.979541236493,0.));
#1813 = SURFACE_CURVE('',#1814,(#1818,#1825),.PCURVE_S1.);
#1814 = LINE('',#1815,#1816);
#1815 = CARTESIAN_POINT('',(-12.3099667141,-6.979541236493,0.));
#1816 = VECTOR('',#1817,1.);
#1817 = DIRECTION('',(0.866025403784,0.5,0.));
#1818 = PCURVE('',#224,#1819);
#1819 = DEFINITIONAL_REPRESENTATION('',(#1820),#1824);
#1820 = LINE('',#1821,#1822);
#1821 = CARTESIAN_POINT('',(-12.3099667141,-6.979541236493));
#1822 = VECTOR('',#1823,1.);
#1823 = DIRECTION('',(0.866025403784,0.5));
#1824 = ( GEOMETRIC_REPRESENTATION_CONTEXT(2) 
PARAMETRIC_REPRESENTATION_CONTEXT() REPRESENTATION_CONTEXT('2D SPACE',''
  ) );
#1825 = PCURVE('',#1826,#1831);
#1826 = PLANE('',#1827);
#1827 = AXIS2_PLACEMENT_3D('',#1828,#1829,#1830);
#1828 = CARTESIAN_POINT('',(-12.3099667141,-6.979541236493,0.));
#1829 = DIRECTION('',(-0.5,0.866025403784,0.));
#1830 = DIRECTION('',(0.866025403784,0.5,0.));
#1831 = DEFINITIONAL_REPRESENTATION('',(#1832),#1836);
#1832 = LINE('',#1833,#1834);
#1833 = CARTESIAN_POINT('',(0.,0.));
#1834 = VECTOR('',#1835,1.);
#1835 = DIRECTION('',(1.,0.));
#1836 = ( GEOMETRIC_REPRESENTATION_CONTEXT(2) 
PARAMETRIC_REPRESENTATION_CONTEXT() REPRESENTATION_CONTEXT('2D SPACE',''
  ) );
#1837 = ORIENTED_EDGE('',*,*,#1838,.F.);
#1838 = EDGE_CURVE('',#1839,#1811,#1841,.T.);
#1839 = VERTEX_POINT('',#1840);
#1840 = CARTESIAN_POINT('',(-42.0826761362,-23.31592134141,0.));
#1841 = SURFACE_CURVE('',#1842,(#1893,#1947),.PCURVE_S1.);
#1842 = B_SPLINE_CURVE_WITH_KNOTS('',3,(#1843,#1844,#1845,#1846,#1847,
    #1848,#1849,#1850,#1851,#1852,#1853,#1854,#1855,#1856,#1857,#1858,
    #1859,#1860,#1861,#1862,#1863,#1864,#1865,#1866,#1867,#1868,#1869,
    #1870,#1871,#1872,#1873,#1874,#1875,#1876,#1877,#1878,#1879,#1880,
    #1881,#1882,#1883,#1884,#1885,#1886,#1887,#1888,#1889,#1890,#1891,
    #1892),.UNSPECIFIED.,.F.,.F.,(4,1,1,1,1,1,1,1,1,1,1,1,1,1,1,1,1,1,1,
    1,1,1,1,1,1,1,1,1,1,1,1,1,1,1,1,1,1,1,1,1,1,1,1,1,1,1,1,4),(0.,
    1.310275187177,2.575554712222,3.800853833955,4.902089094641,
    6.06831455688,7.21183434275,8.337173980858,9.363078484396,
    10.46331856218,11.554153671202,12.637112639117,13.630528059043,
    14.700223728197,15.762924250692,16.817962772309,17.784172052652,
    18.821404601302,19.84721146813,20.859830292326,21.78133906864,
    22.763820637486,23.728524475563,24.674422276675,25.530408882817,
    26.439181751574,27.329575345756,28.203542707491,28.998544434436,
    29.851442200626,30.702034885941,31.558695680793,32.363786840272,
    33.262555459008,34.202118316714,35.196909054575,36.177314147534,
    37.320972597039,38.563122142845,39.916198777823,41.276469790388,
    42.885560125174,44.651495886816,46.590899109622,48.549892956214,
    50.871342573664,53.417826896227,55.987800380247),.UNSPECIFIED.);
#1843 = CARTESIAN_POINT('',(-42.0826761362,-23.31592134141,0.));
#1844 = CARTESIAN_POINT('',(-41.64994803451,-23.29737633787,0.));
#1845 = CARTESIAN_POINT('',(-40.7874453545,-23.24213141632,0.));
#1846 = CARTESIAN_POINT('',(-39.52160103036,-23.26696571571,0.));
#1847 = CARTESIAN_POINT('',(-38.32631798462,-23.3509608706,0.));
#1848 = CARTESIAN_POINT('',(-37.17089698156,-23.49768861525,0.));
#1849 = CARTESIAN_POINT('',(-36.05133808933,-23.69914499678,0.));
#1850 = CARTESIAN_POINT('',(-34.93581908642,-23.95943150911,0.));
#1851 = CARTESIAN_POINT('',(-33.87878381928,-24.25883188186,0.));
#1852 = CARTESIAN_POINT('',(-32.84848633661,-24.59598046561,0.));
#1853 = CARTESIAN_POINT('',(-31.84153670515,-24.96528349881,0.));
#1854 = CARTESIAN_POINT('',(-30.82885874694,-25.37248911086,0.));
#1855 = CARTESIAN_POINT('',(-29.8592807961,-25.79042411856,0.));
#1856 = CARTESIAN_POINT('',(-28.90372029006,-26.22254132198,0.));
#1857 = CARTESIAN_POINT('',(-27.95961457299,-26.66337067518,0.));
#1858 = CARTESIAN_POINT('',(-26.99978692955,-27.1189926333,0.));
#1859 = CARTESIAN_POINT('',(-26.07124254907,-27.56007800753,0.));
#1860 = CARTESIAN_POINT('',(-25.14768319004,-27.99185070676,0.));
#1861 = CARTESIAN_POINT('',(-24.22878377135,-28.41048690789,0.));
#1862 = CARTESIAN_POINT('',(-23.28598448756,-28.81380862159,0.));
#1863 = CARTESIAN_POINT('',(-22.3632810171,-29.16380485585,0.));
#1864 = CARTESIAN_POINT('',(-21.44584834181,-29.48583588509,0.));
#1865 = CARTESIAN_POINT('',(-20.5323269171,-29.7693779754,0.));
#1866 = CARTESIAN_POINT('',(-19.59942164876,-30.01503708439,0.));
#1867 = CARTESIAN_POINT('',(-18.69632062961,-30.2040728303,0.));
#1868 = CARTESIAN_POINT('',(-17.80242194607,-30.3390564245,0.));
#1869 = CARTESIAN_POINT('',(-16.91993430503,-30.41544456707,0.));
#1870 = CARTESIAN_POINT('',(-16.02804080679,-30.42600211241,0.));
#1871 = CARTESIAN_POINT('',(-15.1759784599,-30.36506503723,0.));
#1872 = CARTESIAN_POINT('',(-14.34503341993,-30.23100759155,0.));
#1873 = CARTESIAN_POINT('',(-13.53789591382,-30.01962455455,0.));
#1874 = CARTESIAN_POINT('',(-12.73888860067,-29.71488235411,0.));
#1875 = CARTESIAN_POINT('',(-11.9941902469,-29.32748367261,0.));
#1876 = CARTESIAN_POINT('',(-11.28620520123,-28.84765546857,0.));
#1877 = CARTESIAN_POINT('',(-10.6189268399,-28.26861446787,0.));
#1878 = CARTESIAN_POINT('',(-9.9869280128,-27.56375145063,0.));
#1879 = CARTESIAN_POINT('',(-9.430067598263,-26.76429757771,0.));
#1880 = CARTESIAN_POINT('',(-8.940521036684,-25.84562464939,0.));
#1881 = CARTESIAN_POINT('',(-8.508629767079,-24.80586120476,0.));
#1882 = CARTESIAN_POINT('',(-8.230462731297,-23.58628617504,0.));
#1883 = CARTESIAN_POINT('',(-8.068780237565,-22.27628351179,0.));
#1884 = CARTESIAN_POINT('',(-8.024311943854,-20.83413230041,0.));
#1885 = CARTESIAN_POINT('',(-8.111765656944,-19.25673899528,0.));
#1886 = CARTESIAN_POINT('',(-8.358371995902,-17.49803703858,0.));
#1887 = CARTESIAN_POINT('',(-8.759150546513,-15.66217027372,0.));
#1888 = CARTESIAN_POINT('',(-9.363302730177,-13.63086580725,0.));
#1889 = CARTESIAN_POINT('',(-10.05521058202,-11.67772496482,0.));
#1890 = CARTESIAN_POINT('',(-11.43709095872,-8.622582546904,0.));
#1891 = CARTESIAN_POINT('',(-11.23341054215,-9.100594078569,0.));
#1892 = CARTESIAN_POINT('',(-12.3099667141,-6.979541236493,0.));
#1893 = PCURVE('',#224,#1894);
#1894 = DEFINITIONAL_REPRESENTATION('',(#1895),#1946);
#1895 = B_SPLINE_CURVE_WITH_KNOTS('',3,(#1896,#1897,#1898,#1899,#1900,
    #1901,#1902,#1903,#1904,#1905,#1906,#1907,#1908,#1909,#1910,#1911,
    #1912,#1913,#1914,#1915,#1916,#1917,#1918,#1919,#1920,#1921,#1922,
    #1923,#1924,#1925,#1926,#1927,#1928,#1929,#1930,#1931,#1932,#1933,
    #1934,#1935,#1936,#1937,#1938,#1939,#1940,#1941,#1942,#1943,#1944,
    #1945),.UNSPECIFIED.,.F.,.F.,(4,1,1,1,1,1,1,1,1,1,1,1,1,1,1,1,1,1,1,
    1,1,1,1,1,1,1,1,1,1,1,1,1,1,1,1,1,1,1,1,1,1,1,1,1,1,1,1,4),(0.,
    1.310275187177,2.575554712222,3.800853833955,4.902089094641,
    6.06831455688,7.21183434275,8.337173980858,9.363078484396,
    10.46331856218,11.554153671202,12.637112639117,13.630528059043,
    14.700223728197,15.762924250692,16.817962772309,17.784172052652,
    18.821404601302,19.84721146813,20.859830292326,21.78133906864,
    22.763820637486,23.728524475563,24.674422276675,25.530408882817,
    26.439181751574,27.329575345756,28.203542707491,28.998544434436,
    29.851442200626,30.702034885941,31.558695680793,32.363786840272,
    33.262555459008,34.202118316714,35.196909054575,36.177314147534,
    37.320972597039,38.563122142845,39.916198777823,41.276469790388,
    42.885560125174,44.651495886816,46.590899109622,48.549892956214,
    50.871342573664,53.417826896227,55.987800380247),.UNSPECIFIED.);
#1896 = CARTESIAN_POINT('',(-42.0826761362,-23.31592134141));
#1897 = CARTESIAN_POINT('',(-41.64994803451,-23.29737633787));
#1898 = CARTESIAN_POINT('',(-40.7874453545,-23.24213141632));
#1899 = CARTESIAN_POINT('',(-39.52160103036,-23.26696571571));
#1900 = CARTESIAN_POINT('',(-38.32631798462,-23.3509608706));
#1901 = CARTESIAN_POINT('',(-37.17089698156,-23.49768861525));
#1902 = CARTESIAN_POINT('',(-36.05133808933,-23.69914499678));
#1903 = CARTESIAN_POINT('',(-34.93581908642,-23.95943150911));
#1904 = CARTESIAN_POINT('',(-33.87878381928,-24.25883188186));
#1905 = CARTESIAN_POINT('',(-32.84848633661,-24.59598046561));
#1906 = CARTESIAN_POINT('',(-31.84153670515,-24.96528349881));
#1907 = CARTESIAN_POINT('',(-30.82885874694,-25.37248911086));
#1908 = CARTESIAN_POINT('',(-29.8592807961,-25.79042411856));
#1909 = CARTESIAN_POINT('',(-28.90372029006,-26.22254132198));
#1910 = CARTESIAN_POINT('',(-27.95961457299,-26.66337067518));
#1911 = CARTESIAN_POINT('',(-26.99978692955,-27.1189926333));
#1912 = CARTESIAN_POINT('',(-26.07124254907,-27.56007800753));
#1913 = CARTESIAN_POINT('',(-25.14768319004,-27.99185070676));
#1914 = CARTESIAN_POINT('',(-24.22878377135,-28.41048690789));
#1915 = CARTESIAN_POINT('',(-23.28598448756,-28.81380862159));
#1916 = CARTESIAN_POINT('',(-22.3632810171,-29.16380485585));
#1917 = CARTESIAN_POINT('',(-21.44584834181,-29.48583588509));
#1918 = CARTESIAN_POINT('',(-20.5323269171,-29.7693779754));
#1919 = CARTESIAN_POINT('',(-19.59942164876,-30.01503708439));
#1920 = CARTESIAN_POINT('',(-18.69632062961,-30.2040728303));
#1921 = CARTESIAN_POINT('',(-17.80242194607,-30.3390564245));
#1922 = CARTESIAN_POINT('',(-16.91993430503,-30.41544456707));
#1923 = CARTESIAN_POINT('',(-16.02804080679,-30.42600211241));
#1924 = CARTESIAN_POINT('',(-15.1759784599,-30.36506503723));
#1925 = CARTESIAN_POINT('',(-14.34503341993,-30.23100759155));
#1926 = CARTESIAN_POINT('',(-13.53789591382,-30.01962455455));
#1927 = CARTESIAN_POINT('',(-12.73888860067,-29.71488235411));
#1928 = CARTESIAN_POINT('',(-11.9941902469,-29.32748367261));
#1929 = CARTESIAN_POINT('',(-11.28620520123,-28.84765546857));
#1930 = CARTESIAN_POINT('',(-10.6189268399,-28.26861446787));
#1931 = CARTESIAN_POINT('',(-9.9869280128,-27.56375145063));
#1932 = CARTESIAN_POINT('',(-9.430067598263,-26.76429757771));
#1933 = CARTESIAN_POINT('',(-8.940521036684,-25.84562464939));
#1934 = CARTESIAN_POINT('',(-8.508629767079,-24.80586120476));
#1935 = CARTESIAN_POINT('',(-8.230462731297,-23.58628617504));
#1936 = CARTESIAN_POINT('',(-8.068780237565,-22.27628351179));
#1937 = CARTESIAN_POINT('',(-8.024311943854,-20.83413230041));
#1938 = CARTESIAN_POINT('',(-8.111765656944,-19.25673899528));
#1939 = CARTESIAN_POINT('',(-8.358371995902,-17.49803703858));
#1940 = CARTESIAN_POINT('',(-8.759150546513,-15.66217027372));
#1941 = CARTESIAN_POINT('',(-9.363302730177,-13.63086580725));
#1942 = CARTESIAN_POINT('',(-10.05521058202,-11.67772496482));
#1943 = CARTESIAN_POINT('',(-11.43709095872,-8.622582546904));
#1944 = CARTESIAN_POINT('',(-11.23341054215,-9.100594078569));
#1945 = CARTESIAN_POINT('',(-12.3099667141,-6.979541236493));
#1946 = ( GEOMETRIC_REPRESENTATION_CONTEXT(2) 
PARAMETRIC_REPRESENTATION_CONTEXT() REPRESENTATION_CONTEXT('2D SPACE',''
  ) );
#1947 = PCURVE('',#1948,#2049);
#1948 = B_SPLINE_SURFACE_WITH_KNOTS('',3,1,(
    (#1949,#1950)
    ,(#1951,#1952)
    ,(#1953,#1954)
    ,(#1955,#1956)
    ,(#1957,#1958)
    ,(#1959,#1960)
    ,(#1961,#1962)
    ,(#1963,#1964)
    ,(#1965,#1966)
    ,(#1967,#1968)
    ,(#1969,#1970)
    ,(#1971,#1972)
    ,(#1973,#1974)
    ,(#1975,#1976)
    ,(#1977,#1978)
    ,(#1979,#1980)
    ,(#1981,#1982)
    ,(#1983,#1984)
    ,(#1985,#1986)
    ,(#1987,#1988)
    ,(#1989,#1990)
    ,(#1991,#1992)
    ,(#1993,#1994)
    ,(#1995,#1996)
    ,(#1997,#1998)
    ,(#1999,#2000)
    ,(#2001,#2002)
    ,(#2003,#2004)
    ,(#2005,#2006)
    ,(#2007,#2008)
    ,(#2009,#2010)
    ,(#2011,#2012)
    ,(#2013,#2014)
    ,(#2015,#2016)
    ,(#2017,#2018)
    ,(#2019,#2020)
    ,(#2021,#2022)
    ,(#2023,#2024)
    ,(#2025,#2026)
    ,(#2027,#2028)
    ,(#2029,#2030)
    ,(#2031,#2032)
    ,(#2033,#2034)
    ,(#2035,#2036)
    ,(#2037,#2038)
    ,(#2039,#2040)
    ,(#2041,#2042)
    ,(#2043,#2044)
    ,(#2045,#2046)
    ,(#2047,#2048
    )),.UNSPECIFIED.,.F.,.F.,.F.,(4,1,1,1,1,1,1,1,1,1,1,1,1,1,1,1,1,1,1,
    1,1,1,1,1,1,1,1,1,1,1,1,1,1,1,1,1,1,1,1,1,1,1,1,1,1,1,1,4),(2,2),(0.
    ,1.310275187177,2.575554712222,3.800853833955,4.902089094641,
    6.06831455688,7.21183434275,8.337173980858,9.363078484396,
    10.46331856218,11.554153671202,12.637112639117,13.630528059043,
    14.700223728197,15.762924250692,16.817962772309,17.784172052652,
    18.821404601302,19.84721146813,20.859830292326,21.78133906864,
    22.763820637486,23.728524475563,24.674422276675,25.530408882817,
    26.439181751574,27.329575345756,28.203542707491,28.998544434436,
    29.851442200626,30.702034885941,31.558695680793,32.363786840272,
    33.262555459008,34.202118316714,35.196909054575,36.177314147534,
    37.320972597039,38.563122142845,39.916198777823,41.276469790388,
    42.885560125174,44.651495886816,46.590899109622,48.549892956214,
    50.871342573664,53.417826896227,55.987800380247),(-22.4,0.),
  .UNSPECIFIED.);
#1949 = CARTESIAN_POINT('',(-42.0826761362,-23.31592134141,22.4));
#1950 = CARTESIAN_POINT('',(-42.0826761362,-23.31592134141,0.));
#1951 = CARTESIAN_POINT('',(-41.64994803451,-23.29737633787,22.4));
#1952 = CARTESIAN_POINT('',(-41.64994803451,-23.29737633787,0.));
#1953 = CARTESIAN_POINT('',(-40.7874453545,-23.24213141632,22.4));
#1954 = CARTESIAN_POINT('',(-40.7874453545,-23.24213141632,0.));
#1955 = CARTESIAN_POINT('',(-39.52160103036,-23.26696571571,22.4));
#1956 = CARTESIAN_POINT('',(-39.52160103036,-23.26696571571,0.));
#1957 = CARTESIAN_POINT('',(-38.32631798462,-23.3509608706,22.4));
#1958 = CARTESIAN_POINT('',(-38.32631798462,-23.3509608706,0.));
#1959 = CARTESIAN_POINT('',(-37.17089698156,-23.49768861525,22.4));
#1960 = CARTESIAN_POINT('',(-37.17089698156,-23.49768861525,0.));
#1961 = CARTESIAN_POINT('',(-36.05133808933,-23.69914499678,22.4));
#1962 = CARTESIAN_POINT('',(-36.05133808933,-23.69914499678,0.));
#1963 = CARTESIAN_POINT('',(-34.93581908642,-23.95943150911,22.4));
#1964 = CARTESIAN_POINT('',(-34.93581908642,-23.95943150911,0.));
#1965 = CARTESIAN_POINT('',(-33.87878381928,-24.25883188186,22.4));
#1966 = CARTESIAN_POINT('',(-33.87878381928,-24.25883188186,0.));
#1967 = CARTESIAN_POINT('',(-32.84848633661,-24.59598046561,22.4));
#1968 = CARTESIAN_POINT('',(-32.84848633661,-24.59598046561,0.));
#1969 = CARTESIAN_POINT('',(-31.84153670515,-24.96528349881,22.4));
#1970 = CARTESIAN_POINT('',(-31.84153670515,-24.96528349881,0.));
#1971 = CARTESIAN_POINT('',(-30.82885874694,-25.37248911086,22.4));
#1972 = CARTESIAN_POINT('',(-30.82885874694,-25.37248911086,0.));
#1973 = CARTESIAN_POINT('',(-29.8592807961,-25.79042411856,22.4));
#1974 = CARTESIAN_POINT('',(-29.8592807961,-25.79042411856,0.));
#1975 = CARTESIAN_POINT('',(-28.90372029006,-26.22254132198,22.4));
#1976 = CARTESIAN_POINT('',(-28.90372029006,-26.22254132198,0.));
#1977 = CARTESIAN_POINT('',(-27.95961457299,-26.66337067518,22.4));
#1978 = CARTESIAN_POINT('',(-27.95961457299,-26.66337067518,0.));
#1979 = CARTESIAN_POINT('',(-26.99978692955,-27.1189926333,22.4));
#1980 = CARTESIAN_POINT('',(-26.99978692955,-27.1189926333,0.));
#1981 = CARTESIAN_POINT('',(-26.07124254907,-27.56007800753,22.4));
#1982 = CARTESIAN_POINT('',(-26.07124254907,-27.56007800753,0.));
#1983 = CARTESIAN_POINT('',(-25.14768319004,-27.99185070676,22.4));
#1984 = CARTESIAN_POINT('',(-25.14768319004,-27.99185070676,0.));
#1985 = CARTESIAN_POINT('',(-24.22878377135,-28.41048690789,22.4));
#1986 = CARTESIAN_POINT('',(-24.22878377135,-28.41048690789,0.));
#1987 = CARTESIAN_POINT('',(-23.28598448756,-28.81380862159,22.4));
#1988 = CARTESIAN_POINT('',(-23.28598448756,-28.81380862159,0.));
#1989 = CARTESIAN_POINT('',(-22.3632810171,-29.16380485585,22.4));
#1990 = CARTESIAN_POINT('',(-22.3632810171,-29.16380485585,0.));
#1991 = CARTESIAN_POINT('',(-21.44584834181,-29.48583588509,22.4));
#1992 = CARTESIAN_POINT('',(-21.44584834181,-29.48583588509,0.));
#1993 = CARTESIAN_POINT('',(-20.5323269171,-29.7693779754,22.4));
#1994 = CARTESIAN_POINT('',(-20.5323269171,-29.7693779754,0.));
#1995 = CARTESIAN_POINT('',(-19.59942164876,-30.01503708439,22.4));
#1996 = CARTESIAN_POINT('',(-19.59942164876,-30.01503708439,0.));
#1997 = CARTESIAN_POINT('',(-18.69632062961,-30.2040728303,22.4));
#1998 = CARTESIAN_POINT('',(-18.69632062961,-30.2040728303,0.));
#1999 = CARTESIAN_POINT('',(-17.80242194607,-30.3390564245,22.4));
#2000 = CARTESIAN_POINT('',(-17.80242194607,-30.3390564245,0.));
#2001 = CARTESIAN_POINT('',(-16.91993430503,-30.41544456707,22.4));
#2002 = CARTESIAN_POINT('',(-16.91993430503,-30.41544456707,0.));
#2003 = CARTESIAN_POINT('',(-16.02804080679,-30.42600211241,22.4));
#2004 = CARTESIAN_POINT('',(-16.02804080679,-30.42600211241,0.));
#2005 = CARTESIAN_POINT('',(-15.1759784599,-30.36506503723,22.4));
#2006 = CARTESIAN_POINT('',(-15.1759784599,-30.36506503723,0.));
#2007 = CARTESIAN_POINT('',(-14.34503341993,-30.23100759155,22.4));
#2008 = CARTESIAN_POINT('',(-14.34503341993,-30.23100759155,0.));
#2009 = CARTESIAN_POINT('',(-13.53789591382,-30.01962455455,22.4));
#2010 = CARTESIAN_POINT('',(-13.53789591382,-30.01962455455,0.));
#2011 = CARTESIAN_POINT('',(-12.73888860067,-29.71488235411,22.4));
#2012 = CARTESIAN_POINT('',(-12.73888860067,-29.71488235411,0.));
#2013 = CARTESIAN_POINT('',(-11.9941902469,-29.32748367261,22.4));
#2014 = CARTESIAN_POINT('',(-11.9941902469,-29.32748367261,0.));
#2015 = CARTESIAN_POINT('',(-11.28620520123,-28.84765546857,22.4));
#2016 = CARTESIAN_POINT('',(-11.28620520123,-28.84765546857,0.));
#2017 = CARTESIAN_POINT('',(-10.6189268399,-28.26861446787,22.4));
#2018 = CARTESIAN_POINT('',(-10.6189268399,-28.26861446787,0.));
#2019 = CARTESIAN_POINT('',(-9.9869280128,-27.56375145063,22.4));
#2020 = CARTESIAN_POINT('',(-9.9869280128,-27.56375145063,0.));
#2021 = CARTESIAN_POINT('',(-9.430067598263,-26.76429757771,22.4));
#2022 = CARTESIAN_POINT('',(-9.430067598263,-26.76429757771,0.));
#2023 = CARTESIAN_POINT('',(-8.940521036684,-25.84562464939,22.4));
#2024 = CARTESIAN_POINT('',(-8.940521036684,-25.84562464939,0.));
#2025 = CARTESIAN_POINT('',(-8.508629767079,-24.80586120476,22.4));
#2026 = CARTESIAN_POINT('',(-8.508629767079,-24.80586120476,0.));
#2027 = CARTESIAN_POINT('',(-8.230462731297,-23.58628617504,22.4));
#2028 = CARTESIAN_POINT('',(-8.230462731297,-23.58628617504,0.));
#2029 = CARTESIAN_POINT('',(-8.068780237565,-22.27628351179,22.4));
#2030 = CARTESIAN_POINT('',(-8.068780237565,-22.27628351179,0.));
#2031 = CARTESIAN_POINT('',(-8.024311943854,-20.83413230041,22.4));
#2032 = CARTESIAN_POINT('',(-8.024311943854,-20.83413230041,0.));
#2033 = CARTESIAN_POINT('',(-8.111765656944,-19.25673899528,22.4));
#2034 = CARTESIAN_POINT('',(-8.111765656944,-19.25673899528,0.));
#2035 = CARTESIAN_POINT('',(-8.358371995902,-17.49803703858,22.4));
#2036 = CARTESIAN_POINT('',(-8.358371995902,-17.49803703858,0.));
#2037 = CARTESIAN_POINT('',(-8.759150546513,-15.66217027372,22.4));
#2038 = CARTESIAN_POINT('',(-8.759150546513,-15.66217027372,0.));
#2039 = CARTESIAN_POINT('',(-9.363302730177,-13.63086580725,22.4));
#2040 = CARTESIAN_POINT('',(-9.363302730177,-13.63086580725,0.));
#2041 = CARTESIAN_POINT('',(-10.05521058202,-11.67772496482,22.4));
#2042 = CARTESIAN_POINT('',(-10.05521058202,-11.67772496482,0.));
#2043 = CARTESIAN_POINT('',(-11.43709095872,-8.622582546904,22.4));
#2044 = CARTESIAN_POINT('',(-11.43709095872,-8.622582546904,0.));
#2045 = CARTESIAN_POINT('',(-11.23341054215,-9.100594078569,22.4));
#2046 = CARTESIAN_POINT('',(-11.23341054215,-9.100594078569,0.));
#2047 = CARTESIAN_POINT('',(-12.3099667141,-6.979541236493,22.4));
#2048 = CARTESIAN_POINT('',(-12.3099667141,-6.979541236493,0.));
#2049 = DEFINITIONAL_REPRESENTATION('',(#2050),#2054);
#2050 = LINE('',#2051,#2052);
#2051 = CARTESIAN_POINT('',(0.,0.));
#2052 = VECTOR('',#2053,1.);
#2053 = DIRECTION('',(1.,0.));
#2054 = ( GEOMETRIC_REPRESENTATION_CONTEXT(2) 
PARAMETRIC_REPRESENTATION_CONTEXT() REPRESENTATION_CONTEXT('2D SPACE',''
  ) );
#2055 = ORIENTED_EDGE('',*,*,#2056,.F.);
#2056 = EDGE_CURVE('',#2057,#1839,#2059,.T.);
#2057 = VERTEX_POINT('',#2058);
#2058 = CARTESIAN_POINT('',(-42.51367178592,-23.34175895853,0.));
#2059 = SURFACE_CURVE('',#2060,(#2064,#2071),.PCURVE_S1.);
#2060 = LINE('',#2061,#2062);
#2061 = CARTESIAN_POINT('',(-44.49799887893,-23.46071673384,0.));
#2062 = VECTOR('',#2063,1.);
#2063 = DIRECTION('',(0.998207907256,5.984123906075E-02,0.));
#2064 = PCURVE('',#224,#2065);
#2065 = DEFINITIONAL_REPRESENTATION('',(#2066),#2070);
#2066 = LINE('',#2067,#2068);
#2067 = CARTESIAN_POINT('',(-44.49799887893,-23.46071673384));
#2068 = VECTOR('',#2069,1.);
#2069 = DIRECTION('',(0.998207907256,5.984123906075E-02));
#2070 = ( GEOMETRIC_REPRESENTATION_CONTEXT(2) 
PARAMETRIC_REPRESENTATION_CONTEXT() REPRESENTATION_CONTEXT('2D SPACE',''
  ) );
#2071 = PCURVE('',#2072,#2077);
#2072 = PLANE('',#2073);
#2073 = AXIS2_PLACEMENT_3D('',#2074,#2075,#2076);
#2074 = CARTESIAN_POINT('',(-42.51367178592,-23.34175895853,0.));
#2075 = DIRECTION('',(-5.984123906075E-02,0.998207907256,0.));
#2076 = DIRECTION('',(0.998207907256,5.984123906075E-02,0.));
#2077 = DEFINITIONAL_REPRESENTATION('',(#2078),#2082);
#2078 = LINE('',#2079,#2080);
#2079 = CARTESIAN_POINT('',(-1.987889575495,-0.));
#2080 = VECTOR('',#2081,1.);
#2081 = DIRECTION('',(1.,0.));
#2082 = ( GEOMETRIC_REPRESENTATION_CONTEXT(2) 
PARAMETRIC_REPRESENTATION_CONTEXT() REPRESENTATION_CONTEXT('2D SPACE',''
  ) );
#2083 = ORIENTED_EDGE('',*,*,#2084,.F.);
#2084 = EDGE_CURVE('',#2085,#2057,#2087,.T.);
#2085 = VERTEX_POINT('',#2086);
#2086 = CARTESIAN_POINT('',(-48.48879418052,-1.042515668191,0.));
#2087 = SURFACE_CURVE('',#2088,(#2093,#2100),.PCURVE_S1.);
#2088 = CIRCLE('',#2089,48.5);
#2089 = AXIS2_PLACEMENT_3D('',#2090,#2091,#2092);
#2090 = CARTESIAN_POINT('',(0.,0.,0.));
#2091 = DIRECTION('',(0.,0.,1.));
#2092 = DIRECTION('',(1.,0.,-0.));
#2093 = PCURVE('',#224,#2094);
#2094 = DEFINITIONAL_REPRESENTATION('',(#2095),#2099);
#2095 = CIRCLE('',#2096,48.5);
#2096 = AXIS2_PLACEMENT_2D('',#2097,#2098);
#2097 = CARTESIAN_POINT('',(0.,-1.204325410458E-15));
#2098 = DIRECTION('',(1.,0.));
#2099 = ( GEOMETRIC_REPRESENTATION_CONTEXT(2) 
PARAMETRIC_REPRESENTATION_CONTEXT() REPRESENTATION_CONTEXT('2D SPACE',''
  ) );
#2100 = PCURVE('',#2101,#2106);
#2101 = CYLINDRICAL_SURFACE('',#2102,48.5);
#2102 = AXIS2_PLACEMENT_3D('',#2103,#2104,#2105);
#2103 = CARTESIAN_POINT('',(0.,0.,0.));
#2104 = DIRECTION('',(-0.,-0.,-1.));
#2105 = DIRECTION('',(1.,0.,-0.));
#2106 = DEFINITIONAL_REPRESENTATION('',(#2107),#2111);
#2107 = LINE('',#2108,#2109);
#2108 = CARTESIAN_POINT('',(-0.,0.));
#2109 = VECTOR('',#2110,1.);
#2110 = DIRECTION('',(-1.,0.));
#2111 = ( GEOMETRIC_REPRESENTATION_CONTEXT(2) 
PARAMETRIC_REPRESENTATION_CONTEXT() REPRESENTATION_CONTEXT('2D SPACE',''
  ) );
#2112 = ORIENTED_EDGE('',*,*,#2113,.F.);
#2113 = EDGE_CURVE('',#1780,#2085,#2114,.T.);
#2114 = SURFACE_CURVE('',#2115,(#2166,#2220),.PCURVE_S1.);
#2115 = B_SPLINE_CURVE_WITH_KNOTS('',3,(#2116,#2117,#2118,#2119,#2120,
    #2121,#2122,#2123,#2124,#2125,#2126,#2127,#2128,#2129,#2130,#2131,
    #2132,#2133,#2134,#2135,#2136,#2137,#2138,#2139,#2140,#2141,#2142,
    #2143,#2144,#2145,#2146,#2147,#2148,#2149,#2150,#2151,#2152,#2153,
    #2154,#2155,#2156,#2157,#2158,#2159,#2160,#2161,#2162,#2163,#2164,
    #2165),.UNSPECIFIED.,.F.,.F.,(4,1,1,1,1,1,1,1,1,1,1,1,1,1,1,1,1,1,1,
    1,1,1,1,1,1,1,1,1,1,1,1,1,1,1,1,1,1,1,1,1,1,1,1,1,1,1,1,4),(0.,
    2.712363629581,5.415653884531,7.889901421053,9.986742084351,
    12.07233621524,13.981450928582,15.730829279285,17.217976489194,
    18.70534511222,20.079261809959,21.357514213245,22.46799558875,
    23.608470848383,24.696515979748,25.743900293344,26.683864297553,
    27.681614976107,28.665922847739,29.643534481927,30.544804484636,
    31.523863593595,32.508882471553,33.502052098633,34.427210166566,
    35.439013636309,36.460687542796,37.491630530293,38.450636928084,
    39.49631232414,40.547756860041,41.603484223464,42.58022774738,
    43.639187672476,44.697549950026,45.75413920775,46.727235587527,
    47.778840627491,48.828245019521,49.876764601754,50.845806288818,
    51.899956703366,52.96296178269,54.040387692291,55.053510242706,
    56.178288511941,57.339605375855,58.548465428582),.UNSPECIFIED.);
#2116 = CARTESIAN_POINT('',(-11.24948548759,-0.11052333949,0.));
#2117 = CARTESIAN_POINT('',(-11.37618279713,-0.986951472967,0.));
#2118 = CARTESIAN_POINT('',(-11.60219461832,-2.806286868958,0.));
#2119 = CARTESIAN_POINT('',(-12.1346295074,-5.373460647376,0.));
#2120 = CARTESIAN_POINT('',(-12.76133070174,-7.719905530411,0.));
#2121 = CARTESIAN_POINT('',(-13.47680040132,-9.821415703608,0.));
#2122 = CARTESIAN_POINT('',(-14.26246707513,-11.69595386978,0.));
#2123 = CARTESIAN_POINT('',(-15.13824528822,-13.40087194235,0.));
#2124 = CARTESIAN_POINT('',(-16.04736931029,-14.85796922401,0.));
#2125 = CARTESIAN_POINT('',(-16.99421997599,-16.11826646702,0.));
#2126 = CARTESIAN_POINT('',(-17.96912070933,-17.19477387806,0.));
#2127 = CARTESIAN_POINT('',(-18.99665309845,-18.11731475146,0.));
#2128 = CARTESIAN_POINT('',(-19.97597752126,-18.90391522713,0.));
#2129 = CARTESIAN_POINT('',(-20.98029598044,-19.52188925349,0.));
#2130 = CARTESIAN_POINT('',(-21.98963035416,-19.99698355557,0.));
#2131 = CARTESIAN_POINT('',(-23.03040043053,-20.33682667527,0.));
#2132 = CARTESIAN_POINT('',(-24.0394927097,-20.53202920558,0.));
#2133 = CARTESIAN_POINT('',(-25.03400430745,-20.60377705895,0.));
#2134 = CARTESIAN_POINT('',(-26.00938189726,-20.56105505216,0.));
#2135 = CARTESIAN_POINT('',(-26.98551059115,-20.40453314183,0.));
#2136 = CARTESIAN_POINT('',(-27.90773351685,-20.15210075908,0.));
#2137 = CARTESIAN_POINT('',(-28.79929882778,-19.81305175073,0.));
#2138 = CARTESIAN_POINT('',(-29.6596541961,-19.39540718089,0.));
#2139 = CARTESIAN_POINT('',(-30.50843689689,-18.892157024,0.));
#2140 = CARTESIAN_POINT('',(-31.30248363569,-18.33749326973,0.));
#2141 = CARTESIAN_POINT('',(-32.06644396779,-17.72811014938,0.));
#2142 = CARTESIAN_POINT('',(-32.80183046666,-17.07022330768,0.));
#2143 = CARTESIAN_POINT('',(-33.52768515797,-16.35096728185,0.));
#2144 = CARTESIAN_POINT('',(-34.20906255588,-15.61340383904,0.));
#2145 = CARTESIAN_POINT('',(-34.86991728964,-14.84688056384,0.));
#2146 = CARTESIAN_POINT('',(-35.50849199162,-14.05303858148,0.));
#2147 = CARTESIAN_POINT('',(-36.16114656351,-13.22931536889,0.));
#2148 = CARTESIAN_POINT('',(-36.78929814367,-12.41553627134,0.));
#2149 = CARTESIAN_POINT('',(-37.40856920271,-11.59187886685,0.));
#2150 = CARTESIAN_POINT('',(-38.02387677082,-10.76417721053,0.));
#2151 = CARTESIAN_POINT('',(-38.65511276955,-9.915151982458,0.));
#2152 = CARTESIAN_POINT('',(-39.27455290465,-9.093029159271,0.));
#2153 = CARTESIAN_POINT('',(-39.90255098411,-8.280247432833,0.));
#2154 = CARTESIAN_POINT('',(-40.5433647971,-7.480540154386,0.));
#2155 = CARTESIAN_POINT('',(-41.21993148978,-6.677601330652,0.));
#2156 = CARTESIAN_POINT('',(-41.90255786847,-5.91631961213,0.));
#2157 = CARTESIAN_POINT('',(-42.61276879046,-5.178417395412,0.));
#2158 = CARTESIAN_POINT('',(-43.35548030469,-4.466330803474,0.));
#2159 = CARTESIAN_POINT('',(-44.15866040774,-3.76564202268,0.));
#2160 = CARTESIAN_POINT('',(-44.98340642615,-3.116584534401,0.));
#2161 = CARTESIAN_POINT('',(-45.86678680957,-2.49488342741,0.));
#2162 = CARTESIAN_POINT('',(-46.76991036822,-1.926277637567,0.));
#2163 = CARTESIAN_POINT('',(-47.90817995392,-1.302493150694,0.));
#2164 = CARTESIAN_POINT('',(-48.32053722281,-1.124425518621,0.));
#2165 = CARTESIAN_POINT('',(-48.8973727361,-0.849157873792,0.));
#2166 = PCURVE('',#224,#2167);
#2167 = DEFINITIONAL_REPRESENTATION('',(#2168),#2219);
#2168 = B_SPLINE_CURVE_WITH_KNOTS('',3,(#2169,#2170,#2171,#2172,#2173,
    #2174,#2175,#2176,#2177,#2178,#2179,#2180,#2181,#2182,#2183,#2184,
    #2185,#2186,#2187,#2188,#2189,#2190,#2191,#2192,#2193,#2194,#2195,
    #2196,#2197,#2198,#2199,#2200,#2201,#2202,#2203,#2204,#2205,#2206,
    #2207,#2208,#2209,#2210,#2211,#2212,#2213,#2214,#2215,#2216,#2217,
    #2218),.UNSPECIFIED.,.F.,.F.,(4,1,1,1,1,1,1,1,1,1,1,1,1,1,1,1,1,1,1,
    1,1,1,1,1,1,1,1,1,1,1,1,1,1,1,1,1,1,1,1,1,1,1,1,1,1,1,1,4),(0.,
    2.712363629581,5.415653884531,7.889901421053,9.986742084351,
    12.07233621524,13.981450928582,15.730829279285,17.217976489194,
    18.70534511222,20.079261809959,21.357514213245,22.46799558875,
    23.608470848383,24.696515979748,25.743900293344,26.683864297553,
    27.681614976107,28.665922847739,29.643534481927,30.544804484636,
    31.523863593595,32.508882471553,33.502052098633,34.427210166566,
    35.439013636309,36.460687542796,37.491630530293,38.450636928084,
    39.49631232414,40.547756860041,41.603484223464,42.58022774738,
    43.639187672476,44.697549950026,45.75413920775,46.727235587527,
    47.778840627491,48.828245019521,49.876764601754,50.845806288818,
    51.899956703366,52.96296178269,54.040387692291,55.053510242706,
    56.178288511941,57.339605375855,58.548465428582),.UNSPECIFIED.);
#2169 = CARTESIAN_POINT('',(-11.24948548759,-0.11052333949));
#2170 = CARTESIAN_POINT('',(-11.37618279713,-0.986951472967));
#2171 = CARTESIAN_POINT('',(-11.60219461832,-2.806286868958));
#2172 = CARTESIAN_POINT('',(-12.1346295074,-5.373460647376));
#2173 = CARTESIAN_POINT('',(-12.76133070174,-7.719905530411));
#2174 = CARTESIAN_POINT('',(-13.47680040132,-9.821415703608));
#2175 = CARTESIAN_POINT('',(-14.26246707513,-11.69595386978));
#2176 = CARTESIAN_POINT('',(-15.13824528822,-13.40087194235));
#2177 = CARTESIAN_POINT('',(-16.04736931029,-14.85796922401));
#2178 = CARTESIAN_POINT('',(-16.99421997599,-16.11826646702));
#2179 = CARTESIAN_POINT('',(-17.96912070933,-17.19477387806));
#2180 = CARTESIAN_POINT('',(-18.99665309845,-18.11731475146));
#2181 = CARTESIAN_POINT('',(-19.97597752126,-18.90391522713));
#2182 = CARTESIAN_POINT('',(-20.98029598044,-19.52188925349));
#2183 = CARTESIAN_POINT('',(-21.98963035416,-19.99698355557));
#2184 = CARTESIAN_POINT('',(-23.03040043053,-20.33682667527));
#2185 = CARTESIAN_POINT('',(-24.0394927097,-20.53202920558));
#2186 = CARTESIAN_POINT('',(-25.03400430745,-20.60377705895));
#2187 = CARTESIAN_POINT('',(-26.00938189726,-20.56105505216));
#2188 = CARTESIAN_POINT('',(-26.98551059115,-20.40453314183));
#2189 = CARTESIAN_POINT('',(-27.90773351685,-20.15210075908));
#2190 = CARTESIAN_POINT('',(-28.79929882778,-19.81305175073));
#2191 = CARTESIAN_POINT('',(-29.6596541961,-19.39540718089));
#2192 = CARTESIAN_POINT('',(-30.50843689689,-18.892157024));
#2193 = CARTESIAN_POINT('',(-31.30248363569,-18.33749326973));
#2194 = CARTESIAN_POINT('',(-32.06644396779,-17.72811014938));
#2195 = CARTESIAN_POINT('',(-32.80183046666,-17.07022330768));
#2196 = CARTESIAN_POINT('',(-33.52768515797,-16.35096728185));
#2197 = CARTESIAN_POINT('',(-34.20906255588,-15.61340383904));
#2198 = CARTESIAN_POINT('',(-34.86991728964,-14.84688056384));
#2199 = CARTESIAN_POINT('',(-35.50849199162,-14.05303858148));
#2200 = CARTESIAN_POINT('',(-36.16114656351,-13.22931536889));
#2201 = CARTESIAN_POINT('',(-36.78929814367,-12.41553627134));
#2202 = CARTESIAN_POINT('',(-37.40856920271,-11.59187886685));
#2203 = CARTESIAN_POINT('',(-38.02387677082,-10.76417721053));
#2204 = CARTESIAN_POINT('',(-38.65511276955,-9.915151982458));
#2205 = CARTESIAN_POINT('',(-39.27455290465,-9.093029159271));
#2206 = CARTESIAN_POINT('',(-39.90255098411,-8.280247432833));
#2207 = CARTESIAN_POINT('',(-40.5433647971,-7.480540154386));
#2208 = CARTESIAN_POINT('',(-41.21993148978,-6.677601330652));
#2209 = CARTESIAN_POINT('',(-41.90255786847,-5.91631961213));
#2210 = CARTESIAN_POINT('',(-42.61276879046,-5.178417395412));
#2211 = CARTESIAN_POINT('',(-43.35548030469,-4.466330803474));
#2212 = CARTESIAN_POINT('',(-44.15866040774,-3.76564202268));
#2213 = CARTESIAN_POINT('',(-44.98340642615,-3.116584534401));
#2214 = CARTESIAN_POINT('',(-45.86678680957,-2.49488342741));
#2215 = CARTESIAN_POINT('',(-46.76991036822,-1.926277637567));
#2216 = CARTESIAN_POINT('',(-47.90817995392,-1.302493150694));
#2217 = CARTESIAN_POINT('',(-48.32053722281,-1.124425518621));
#2218 = CARTESIAN_POINT('',(-48.8973727361,-0.849157873792));
#2219 = ( GEOMETRIC_REPRESENTATION_CONTEXT(2) 
PARAMETRIC_REPRESENTATION_CONTEXT() REPRESENTATION_CONTEXT('2D SPACE',''
  ) );
#2220 = PCURVE('',#2221,#2322);
#2221 = B_SPLINE_SURFACE_WITH_KNOTS('',3,1,(
    (#2222,#2223)
    ,(#2224,#2225)
    ,(#2226,#2227)
    ,(#2228,#2229)
    ,(#2230,#2231)
    ,(#2232,#2233)
    ,(#2234,#2235)
    ,(#2236,#2237)
    ,(#2238,#2239)
    ,(#2240,#2241)
    ,(#2242,#2243)
    ,(#2244,#2245)
    ,(#2246,#2247)
    ,(#2248,#2249)
    ,(#2250,#2251)
    ,(#2252,#2253)
    ,(#2254,#2255)
    ,(#2256,#2257)
    ,(#2258,#2259)
    ,(#2260,#2261)
    ,(#2262,#2263)
    ,(#2264,#2265)
    ,(#2266,#2267)
    ,(#2268,#2269)
    ,(#2270,#2271)
    ,(#2272,#2273)
    ,(#2274,#2275)
    ,(#2276,#2277)
    ,(#2278,#2279)
    ,(#2280,#2281)
    ,(#2282,#2283)
    ,(#2284,#2285)
    ,(#2286,#2287)
    ,(#2288,#2289)
    ,(#2290,#2291)
    ,(#2292,#2293)
    ,(#2294,#2295)
    ,(#2296,#2297)
    ,(#2298,#2299)
    ,(#2300,#2301)
    ,(#2302,#2303)
    ,(#2304,#2305)
    ,(#2306,#2307)
    ,(#2308,#2309)
    ,(#2310,#2311)
    ,(#2312,#2313)
    ,(#2314,#2315)
    ,(#2316,#2317)
    ,(#2318,#2319)
    ,(#2320,#2321
    )),.UNSPECIFIED.,.F.,.F.,.F.,(4,1,1,1,1,1,1,1,1,1,1,1,1,1,1,1,1,1,1,
    1,1,1,1,1,1,1,1,1,1,1,1,1,1,1,1,1,1,1,1,1,1,1,1,1,1,1,1,4),(2,2),(0.
    ,2.712363629581,5.415653884531,7.889901421053,9.986742084351,
    12.07233621524,13.981450928582,15.730829279285,17.217976489194,
    18.70534511222,20.079261809959,21.357514213245,22.46799558875,
    23.608470848383,24.696515979748,25.743900293344,26.683864297553,
    27.681614976107,28.665922847739,29.643534481927,30.544804484636,
    31.523863593595,32.508882471553,33.502052098633,34.427210166566,
    35.439013636309,36.460687542796,37.491630530293,38.450636928084,
    39.49631232414,40.547756860041,41.603484223464,42.58022774738,
    43.639187672476,44.697549950026,45.75413920775,46.727235587527,
    47.778840627491,48.828245019521,49.876764601754,50.845806288818,
    51.899956703366,52.96296178269,54.040387692291,55.053510242706,
    56.178288511941,57.339605375855,58.548465428582),(-22.4,0.),
  .UNSPECIFIED.);
#2222 = CARTESIAN_POINT('',(-11.24948548759,-0.11052333949,22.4));
#2223 = CARTESIAN_POINT('',(-11.24948548759,-0.11052333949,0.));
#2224 = CARTESIAN_POINT('',(-11.37618279713,-0.986951472967,22.4));
#2225 = CARTESIAN_POINT('',(-11.37618279713,-0.986951472967,0.));
#2226 = CARTESIAN_POINT('',(-11.60219461832,-2.806286868958,22.4));
#2227 = CARTESIAN_POINT('',(-11.60219461832,-2.806286868958,0.));
#2228 = CARTESIAN_POINT('',(-12.1346295074,-5.373460647376,22.4));
#2229 = CARTESIAN_POINT('',(-12.1346295074,-5.373460647376,0.));
#2230 = CARTESIAN_POINT('',(-12.76133070174,-7.719905530411,22.4));
#2231 = CARTESIAN_POINT('',(-12.76133070174,-7.719905530411,0.));
#2232 = CARTESIAN_POINT('',(-13.47680040132,-9.821415703608,22.4));
#2233 = CARTESIAN_POINT('',(-13.47680040132,-9.821415703608,0.));
#2234 = CARTESIAN_POINT('',(-14.26246707513,-11.69595386978,22.4));
#2235 = CARTESIAN_POINT('',(-14.26246707513,-11.69595386978,0.));
#2236 = CARTESIAN_POINT('',(-15.13824528822,-13.40087194235,22.4));
#2237 = CARTESIAN_POINT('',(-15.13824528822,-13.40087194235,0.));
#2238 = CARTESIAN_POINT('',(-16.04736931029,-14.85796922401,22.4));
#2239 = CARTESIAN_POINT('',(-16.04736931029,-14.85796922401,0.));
#2240 = CARTESIAN_POINT('',(-16.99421997599,-16.11826646702,22.4));
#2241 = CARTESIAN_POINT('',(-16.99421997599,-16.11826646702,0.));
#2242 = CARTESIAN_POINT('',(-17.96912070933,-17.19477387806,22.4));
#2243 = CARTESIAN_POINT('',(-17.96912070933,-17.19477387806,0.));
#2244 = CARTESIAN_POINT('',(-18.99665309845,-18.11731475146,22.4));
#2245 = CARTESIAN_POINT('',(-18.99665309845,-18.11731475146,0.));
#2246 = CARTESIAN_POINT('',(-19.97597752126,-18.90391522713,22.4));
#2247 = CARTESIAN_POINT('',(-19.97597752126,-18.90391522713,0.));
#2248 = CARTESIAN_POINT('',(-20.98029598044,-19.52188925349,22.4));
#2249 = CARTESIAN_POINT('',(-20.98029598044,-19.52188925349,0.));
#2250 = CARTESIAN_POINT('',(-21.98963035416,-19.99698355557,22.4));
#2251 = CARTESIAN_POINT('',(-21.98963035416,-19.99698355557,0.));
#2252 = CARTESIAN_POINT('',(-23.03040043053,-20.33682667527,22.4));
#2253 = CARTESIAN_POINT('',(-23.03040043053,-20.33682667527,0.));
#2254 = CARTESIAN_POINT('',(-24.0394927097,-20.53202920558,22.4));
#2255 = CARTESIAN_POINT('',(-24.0394927097,-20.53202920558,0.));
#2256 = CARTESIAN_POINT('',(-25.03400430745,-20.60377705895,22.4));
#2257 = CARTESIAN_POINT('',(-25.03400430745,-20.60377705895,0.));
#2258 = CARTESIAN_POINT('',(-26.00938189726,-20.56105505216,22.4));
#2259 = CARTESIAN_POINT('',(-26.00938189726,-20.56105505216,0.));
#2260 = CARTESIAN_POINT('',(-26.98551059115,-20.40453314183,22.4));
#2261 = CARTESIAN_POINT('',(-26.98551059115,-20.40453314183,0.));
#2262 = CARTESIAN_POINT('',(-27.90773351685,-20.15210075908,22.4));
#2263 = CARTESIAN_POINT('',(-27.90773351685,-20.15210075908,0.));
#2264 = CARTESIAN_POINT('',(-28.79929882778,-19.81305175073,22.4));
#2265 = CARTESIAN_POINT('',(-28.79929882778,-19.81305175073,0.));
#2266 = CARTESIAN_POINT('',(-29.6596541961,-19.39540718089,22.4));
#2267 = CARTESIAN_POINT('',(-29.6596541961,-19.39540718089,0.));
#2268 = CARTESIAN_POINT('',(-30.50843689689,-18.892157024,22.4));
#2269 = CARTESIAN_POINT('',(-30.50843689689,-18.892157024,0.));
#2270 = CARTESIAN_POINT('',(-31.30248363569,-18.33749326973,22.4));
#2271 = CARTESIAN_POINT('',(-31.30248363569,-18.33749326973,0.));
#2272 = CARTESIAN_POINT('',(-32.06644396779,-17.72811014938,22.4));
#2273 = CARTESIAN_POINT('',(-32.06644396779,-17.72811014938,0.));
#2274 = CARTESIAN_POINT('',(-32.80183046666,-17.07022330768,22.4));
#2275 = CARTESIAN_POINT('',(-32.80183046666,-17.07022330768,0.));
#2276 = CARTESIAN_POINT('',(-33.52768515797,-16.35096728185,22.4));
#2277 = CARTESIAN_POINT('',(-33.52768515797,-16.35096728185,0.));
#2278 = CARTESIAN_POINT('',(-34.20906255588,-15.61340383904,22.4));
#2279 = CARTESIAN_POINT('',(-34.20906255588,-15.61340383904,0.));
#2280 = CARTESIAN_POINT('',(-34.86991728964,-14.84688056384,22.4));
#2281 = CARTESIAN_POINT('',(-34.86991728964,-14.84688056384,0.));
#2282 = CARTESIAN_POINT('',(-35.50849199162,-14.05303858148,22.4));
#2283 = CARTESIAN_POINT('',(-35.50849199162,-14.05303858148,0.));
#2284 = CARTESIAN_POINT('',(-36.16114656351,-13.22931536889,22.4));
#2285 = CARTESIAN_POINT('',(-36.16114656351,-13.22931536889,0.));
#2286 = CARTESIAN_POINT('',(-36.78929814367,-12.41553627134,22.4));
#2287 = CARTESIAN_POINT('',(-36.78929814367,-12.41553627134,0.));
#2288 = CARTESIAN_POINT('',(-37.40856920271,-11.59187886685,22.4));
#2289 = CARTESIAN_POINT('',(-37.40856920271,-11.59187886685,0.));
#2290 = CARTESIAN_POINT('',(-38.02387677082,-10.76417721053,22.4));
#2291 = CARTESIAN_POINT('',(-38.02387677082,-10.76417721053,0.));
#2292 = CARTESIAN_POINT('',(-38.65511276955,-9.915151982458,22.4));
#2293 = CARTESIAN_POINT('',(-38.65511276955,-9.915151982458,0.));
#2294 = CARTESIAN_POINT('',(-39.27455290465,-9.093029159271,22.4));
#2295 = CARTESIAN_POINT('',(-39.27455290465,-9.093029159271,0.));
#2296 = CARTESIAN_POINT('',(-39.90255098411,-8.280247432833,22.4));
#2297 = CARTESIAN_POINT('',(-39.90255098411,-8.280247432833,0.));
#2298 = CARTESIAN_POINT('',(-40.5433647971,-7.480540154386,22.4));
#2299 = CARTESIAN_POINT('',(-40.5433647971,-7.480540154386,0.));
#2300 = CARTESIAN_POINT('',(-41.21993148978,-6.677601330652,22.4));
#2301 = CARTESIAN_POINT('',(-41.21993148978,-6.677601330652,0.));
#2302 = CARTESIAN_POINT('',(-41.90255786847,-5.91631961213,22.4));
#2303 = CARTESIAN_POINT('',(-41.90255786847,-5.91631961213,0.));
#2304 = CARTESIAN_POINT('',(-42.61276879046,-5.178417395412,22.4));
#2305 = CARTESIAN_POINT('',(-42.61276879046,-5.178417395412,0.));
#2306 = CARTESIAN_POINT('',(-43.35548030469,-4.466330803474,22.4));
#2307 = CARTESIAN_POINT('',(-43.35548030469,-4.466330803474,0.));
#2308 = CARTESIAN_POINT('',(-44.15866040774,-3.76564202268,22.4));
#2309 = CARTESIAN_POINT('',(-44.15866040774,-3.76564202268,0.));
#2310 = CARTESIAN_POINT('',(-44.98340642615,-3.116584534401,22.4));
#2311 = CARTESIAN_POINT('',(-44.98340642615,-3.116584534401,0.));
#2312 = CARTESIAN_POINT('',(-45.86678680957,-2.49488342741,22.4));
#2313 = CARTESIAN_POINT('',(-45.86678680957,-2.49488342741,0.));
#2314 = CARTESIAN_POINT('',(-46.76991036822,-1.926277637567,22.4));
#2315 = CARTESIAN_POINT('',(-46.76991036822,-1.926277637567,0.));
#2316 = CARTESIAN_POINT('',(-47.90817995392,-1.302493150694,22.4));
#2317 = CARTESIAN_POINT('',(-47.90817995392,-1.302493150694,0.));
#2318 = CARTESIAN_POINT('',(-48.32053722281,-1.124425518621,22.4));
#2319 = CARTESIAN_POINT('',(-48.32053722281,-1.124425518621,0.));
#2320 = CARTESIAN_POINT('',(-48.8973727361,-0.849157873792,22.4));
#2321 = CARTESIAN_POINT('',(-48.8973727361,-0.849157873792,0.));
#2322 = DEFINITIONAL_REPRESENTATION('',(#2323),#2327);
#2323 = LINE('',#2324,#2325);
#2324 = CARTESIAN_POINT('',(0.,0.));
#2325 = VECTOR('',#2326,1.);
#2326 = DIRECTION('',(1.,0.));
#2327 = ( GEOMETRIC_REPRESENTATION_CONTEXT(2) 
PARAMETRIC_REPRESENTATION_CONTEXT() REPRESENTATION_CONTEXT('2D SPACE',''
  ) );
#2328 = FACE_BOUND('',#2329,.F.);
#2329 = EDGE_LOOP('',(#2330,#2361,#2389,#2607,#2635,#2664));
#2330 = ORIENTED_EDGE('',*,*,#2331,.T.);
#2331 = EDGE_CURVE('',#2332,#2334,#2336,.T.);
#2332 = VERTEX_POINT('',#2333);
#2333 = CARTESIAN_POINT('',(4.35224476005,-11.93096666446,0.));
#2334 = VERTEX_POINT('',#2335);
#2335 = CARTESIAN_POINT('',(6.254043514939,-11.0533677996,0.));
#2336 = SURFACE_CURVE('',#2337,(#2342,#2349),.PCURVE_S1.);
#2337 = CIRCLE('',#2338,12.7);
#2338 = AXIS2_PLACEMENT_3D('',#2339,#2340,#2341);
#2339 = CARTESIAN_POINT('',(0.,0.,0.));
#2340 = DIRECTION('',(0.,0.,1.));
#2341 = DIRECTION('',(1.,0.,-0.));
#2342 = PCURVE('',#224,#2343);
#2343 = DEFINITIONAL_REPRESENTATION('',(#2344),#2348);
#2344 = CIRCLE('',#2345,12.7);
#2345 = AXIS2_PLACEMENT_2D('',#2346,#2347);
#2346 = CARTESIAN_POINT('',(0.,-1.204325410458E-15));
#2347 = DIRECTION('',(1.,0.));
#2348 = ( GEOMETRIC_REPRESENTATION_CONTEXT(2) 
PARAMETRIC_REPRESENTATION_CONTEXT() REPRESENTATION_CONTEXT('2D SPACE',''
  ) );
#2349 = PCURVE('',#2350,#2355);
#2350 = CYLINDRICAL_SURFACE('',#2351,12.7);
#2351 = AXIS2_PLACEMENT_3D('',#2352,#2353,#2354);
#2352 = CARTESIAN_POINT('',(0.,0.,0.));
#2353 = DIRECTION('',(-0.,-0.,-1.));
#2354 = DIRECTION('',(1.,0.,-0.));
#2355 = DEFINITIONAL_REPRESENTATION('',(#2356),#2360);
#2356 = LINE('',#2357,#2358);
#2357 = CARTESIAN_POINT('',(-0.,0.));
#2358 = VECTOR('',#2359,1.);
#2359 = DIRECTION('',(-1.,0.));
#2360 = ( GEOMETRIC_REPRESENTATION_CONTEXT(2) 
PARAMETRIC_REPRESENTATION_CONTEXT() REPRESENTATION_CONTEXT('2D SPACE',''
  ) );
#2361 = ORIENTED_EDGE('',*,*,#2362,.F.);
#2362 = EDGE_CURVE('',#2363,#2334,#2365,.T.);
#2363 = VERTEX_POINT('',#2364);
#2364 = CARTESIAN_POINT('',(6.979541236493,-12.3099667141,0.));
#2365 = SURFACE_CURVE('',#2366,(#2370,#2377),.PCURVE_S1.);
#2366 = LINE('',#2367,#2368);
#2367 = CARTESIAN_POINT('',(6.979541236493,-12.3099667141,0.));
#2368 = VECTOR('',#2369,1.);
#2369 = DIRECTION('',(-0.5,0.866025403784,0.));
#2370 = PCURVE('',#224,#2371);
#2371 = DEFINITIONAL_REPRESENTATION('',(#2372),#2376);
#2372 = LINE('',#2373,#2374);
#2373 = CARTESIAN_POINT('',(6.979541236493,-12.3099667141));
#2374 = VECTOR('',#2375,1.);
#2375 = DIRECTION('',(-0.5,0.866025403784));
#2376 = ( GEOMETRIC_REPRESENTATION_CONTEXT(2) 
PARAMETRIC_REPRESENTATION_CONTEXT() REPRESENTATION_CONTEXT('2D SPACE',''
  ) );
#2377 = PCURVE('',#2378,#2383);
#2378 = PLANE('',#2379);
#2379 = AXIS2_PLACEMENT_3D('',#2380,#2381,#2382);
#2380 = CARTESIAN_POINT('',(6.979541236493,-12.3099667141,0.));
#2381 = DIRECTION('',(-0.866025403784,-0.5,0.));
#2382 = DIRECTION('',(-0.5,0.866025403784,0.));
#2383 = DEFINITIONAL_REPRESENTATION('',(#2384),#2388);
#2384 = LINE('',#2385,#2386);
#2385 = CARTESIAN_POINT('',(0.,0.));
#2386 = VECTOR('',#2387,1.);
#2387 = DIRECTION('',(1.,0.));
#2388 = ( GEOMETRIC_REPRESENTATION_CONTEXT(2) 
PARAMETRIC_REPRESENTATION_CONTEXT() REPRESENTATION_CONTEXT('2D SPACE',''
  ) );
#2389 = ORIENTED_EDGE('',*,*,#2390,.F.);
#2390 = EDGE_CURVE('',#2391,#2363,#2393,.T.);
#2391 = VERTEX_POINT('',#2392);
#2392 = CARTESIAN_POINT('',(23.315921341419,-42.0826761362,0.));
#2393 = SURFACE_CURVE('',#2394,(#2445,#2499),.PCURVE_S1.);
#2394 = B_SPLINE_CURVE_WITH_KNOTS('',3,(#2395,#2396,#2397,#2398,#2399,
    #2400,#2401,#2402,#2403,#2404,#2405,#2406,#2407,#2408,#2409,#2410,
    #2411,#2412,#2413,#2414,#2415,#2416,#2417,#2418,#2419,#2420,#2421,
    #2422,#2423,#2424,#2425,#2426,#2427,#2428,#2429,#2430,#2431,#2432,
    #2433,#2434,#2435,#2436,#2437,#2438,#2439,#2440,#2441,#2442,#2443,
    #2444),.UNSPECIFIED.,.F.,.F.,(4,1,1,1,1,1,1,1,1,1,1,1,1,1,1,1,1,1,1,
    1,1,1,1,1,1,1,1,1,1,1,1,1,1,1,1,1,1,1,1,1,1,1,1,1,1,1,1,4),(0.,
    1.310275187177,2.575554712222,3.800853833955,4.902089094641,
    6.06831455688,7.21183434275,8.337173980858,9.363078484396,
    10.46331856218,11.554153671202,12.637112639117,13.630528059043,
    14.700223728197,15.762924250692,16.817962772309,17.784172052652,
    18.821404601302,19.84721146813,20.859830292326,21.78133906864,
    22.763820637486,23.728524475563,24.674422276675,25.530408882817,
    26.439181751574,27.329575345756,28.203542707491,28.998544434436,
    29.851442200626,30.702034885941,31.558695680793,32.363786840272,
    33.262555459008,34.202118316714,35.196909054575,36.177314147534,
    37.320972597039,38.563122142845,39.916198777823,41.276469790388,
    42.885560125174,44.651495886816,46.590899109622,48.549892956214,
    50.871342573664,53.417826896227,55.987800380247),.UNSPECIFIED.);
#2395 = CARTESIAN_POINT('',(23.315921341419,-42.0826761362,0.));
#2396 = CARTESIAN_POINT('',(23.297376337878,-41.64994803451,0.));
#2397 = CARTESIAN_POINT('',(23.242131416327,-40.7874453545,0.));
#2398 = CARTESIAN_POINT('',(23.266965715716,-39.52160103036,0.));
#2399 = CARTESIAN_POINT('',(23.350960870606,-38.32631798462,0.));
#2400 = CARTESIAN_POINT('',(23.497688615251,-37.17089698156,0.));
#2401 = CARTESIAN_POINT('',(23.699144996789,-36.05133808933,0.));
#2402 = CARTESIAN_POINT('',(23.95943150911,-34.93581908642,0.));
#2403 = CARTESIAN_POINT('',(24.258831881864,-33.87878381928,0.));
#2404 = CARTESIAN_POINT('',(24.595980465613,-32.84848633661,0.));
#2405 = CARTESIAN_POINT('',(24.965283498813,-31.84153670515,0.));
#2406 = CARTESIAN_POINT('',(25.372489110861,-30.82885874694,0.));
#2407 = CARTESIAN_POINT('',(25.790424118563,-29.8592807961,0.));
#2408 = CARTESIAN_POINT('',(26.222541321982,-28.90372029006,0.));
#2409 = CARTESIAN_POINT('',(26.663370675188,-27.95961457299,0.));
#2410 = CARTESIAN_POINT('',(27.118992633305,-26.99978692955,0.));
#2411 = CARTESIAN_POINT('',(27.560078007531,-26.07124254907,0.));
#2412 = CARTESIAN_POINT('',(27.991850706763,-25.14768319004,0.));
#2413 = CARTESIAN_POINT('',(28.410486907899,-24.22878377135,0.));
#2414 = CARTESIAN_POINT('',(28.813808621591,-23.28598448756,0.));
#2415 = CARTESIAN_POINT('',(29.163804855853,-22.3632810171,0.));
#2416 = CARTESIAN_POINT('',(29.48583588509,-21.44584834181,0.));
#2417 = CARTESIAN_POINT('',(29.769377975409,-20.5323269171,0.));
#2418 = CARTESIAN_POINT('',(30.015037084398,-19.59942164876,0.));
#2419 = CARTESIAN_POINT('',(30.204072830303,-18.69632062961,0.));
#2420 = CARTESIAN_POINT('',(30.3390564245,-17.80242194607,0.));
#2421 = CARTESIAN_POINT('',(30.415444567079,-16.91993430503,0.));
#2422 = CARTESIAN_POINT('',(30.426002112416,-16.02804080679,0.));
#2423 = CARTESIAN_POINT('',(30.365065037231,-15.1759784599,0.));
#2424 = CARTESIAN_POINT('',(30.231007591555,-14.34503341993,0.));
#2425 = CARTESIAN_POINT('',(30.019624554552,-13.53789591382,0.));
#2426 = CARTESIAN_POINT('',(29.714882354118,-12.73888860067,0.));
#2427 = CARTESIAN_POINT('',(29.327483672617,-11.9941902469,0.));
#2428 = CARTESIAN_POINT('',(28.847655468573,-11.28620520123,0.));
#2429 = CARTESIAN_POINT('',(28.268614467873,-10.6189268399,0.));
#2430 = CARTESIAN_POINT('',(27.563751450636,-9.9869280128,0.));
#2431 = CARTESIAN_POINT('',(26.764297577718,-9.430067598263,0.));
#2432 = CARTESIAN_POINT('',(25.84562464939,-8.940521036684,0.));
#2433 = CARTESIAN_POINT('',(24.805861204768,-8.508629767079,0.));
#2434 = CARTESIAN_POINT('',(23.586286175042,-8.230462731297,0.));
#2435 = CARTESIAN_POINT('',(22.276283511798,-8.068780237565,0.));
#2436 = CARTESIAN_POINT('',(20.834132300413,-8.024311943854,0.));
#2437 = CARTESIAN_POINT('',(19.256738995285,-8.111765656944,0.));
#2438 = CARTESIAN_POINT('',(17.498037038584,-8.358371995902,0.));
#2439 = CARTESIAN_POINT('',(15.662170273723,-8.759150546513,0.));
#2440 = CARTESIAN_POINT('',(13.630865807253,-9.363302730177,0.));
#2441 = CARTESIAN_POINT('',(11.677724964823,-10.05521058202,0.));
#2442 = CARTESIAN_POINT('',(8.622582546904,-11.43709095872,0.));
#2443 = CARTESIAN_POINT('',(9.100594078569,-11.23341054215,0.));
#2444 = CARTESIAN_POINT('',(6.979541236493,-12.3099667141,0.));
#2445 = PCURVE('',#224,#2446);
#2446 = DEFINITIONAL_REPRESENTATION('',(#2447),#2498);
#2447 = B_SPLINE_CURVE_WITH_KNOTS('',3,(#2448,#2449,#2450,#2451,#2452,
    #2453,#2454,#2455,#2456,#2457,#2458,#2459,#2460,#2461,#2462,#2463,
    #2464,#2465,#2466,#2467,#2468,#2469,#2470,#2471,#2472,#2473,#2474,
    #2475,#2476,#2477,#2478,#2479,#2480,#2481,#2482,#2483,#2484,#2485,
    #2486,#2487,#2488,#2489,#2490,#2491,#2492,#2493,#2494,#2495,#2496,
    #2497),.UNSPECIFIED.,.F.,.F.,(4,1,1,1,1,1,1,1,1,1,1,1,1,1,1,1,1,1,1,
    1,1,1,1,1,1,1,1,1,1,1,1,1,1,1,1,1,1,1,1,1,1,1,1,1,1,1,1,4),(0.,
    1.310275187177,2.575554712222,3.800853833955,4.902089094641,
    6.06831455688,7.21183434275,8.337173980858,9.363078484396,
    10.46331856218,11.554153671202,12.637112639117,13.630528059043,
    14.700223728197,15.762924250692,16.817962772309,17.784172052652,
    18.821404601302,19.84721146813,20.859830292326,21.78133906864,
    22.763820637486,23.728524475563,24.674422276675,25.530408882817,
    26.439181751574,27.329575345756,28.203542707491,28.998544434436,
    29.851442200626,30.702034885941,31.558695680793,32.363786840272,
    33.262555459008,34.202118316714,35.196909054575,36.177314147534,
    37.320972597039,38.563122142845,39.916198777823,41.276469790388,
    42.885560125174,44.651495886816,46.590899109622,48.549892956214,
    50.871342573664,53.417826896227,55.987800380247),.UNSPECIFIED.);
#2448 = CARTESIAN_POINT('',(23.315921341419,-42.0826761362));
#2449 = CARTESIAN_POINT('',(23.297376337878,-41.64994803451));
#2450 = CARTESIAN_POINT('',(23.242131416327,-40.7874453545));
#2451 = CARTESIAN_POINT('',(23.266965715716,-39.52160103036));
#2452 = CARTESIAN_POINT('',(23.350960870606,-38.32631798462));
#2453 = CARTESIAN_POINT('',(23.497688615251,-37.17089698156));
#2454 = CARTESIAN_POINT('',(23.699144996789,-36.05133808933));
#2455 = CARTESIAN_POINT('',(23.95943150911,-34.93581908642));
#2456 = CARTESIAN_POINT('',(24.258831881864,-33.87878381928));
#2457 = CARTESIAN_POINT('',(24.595980465613,-32.84848633661));
#2458 = CARTESIAN_POINT('',(24.965283498813,-31.84153670515));
#2459 = CARTESIAN_POINT('',(25.372489110861,-30.82885874694));
#2460 = CARTESIAN_POINT('',(25.790424118563,-29.8592807961));
#2461 = CARTESIAN_POINT('',(26.222541321982,-28.90372029006));
#2462 = CARTESIAN_POINT('',(26.663370675188,-27.95961457299));
#2463 = CARTESIAN_POINT('',(27.118992633305,-26.99978692955));
#2464 = CARTESIAN_POINT('',(27.560078007531,-26.07124254907));
#2465 = CARTESIAN_POINT('',(27.991850706763,-25.14768319004));
#2466 = CARTESIAN_POINT('',(28.410486907899,-24.22878377135));
#2467 = CARTESIAN_POINT('',(28.813808621591,-23.28598448756));
#2468 = CARTESIAN_POINT('',(29.163804855853,-22.3632810171));
#2469 = CARTESIAN_POINT('',(29.48583588509,-21.44584834181));
#2470 = CARTESIAN_POINT('',(29.769377975409,-20.5323269171));
#2471 = CARTESIAN_POINT('',(30.015037084398,-19.59942164876));
#2472 = CARTESIAN_POINT('',(30.204072830303,-18.69632062961));
#2473 = CARTESIAN_POINT('',(30.3390564245,-17.80242194607));
#2474 = CARTESIAN_POINT('',(30.415444567079,-16.91993430503));
#2475 = CARTESIAN_POINT('',(30.426002112416,-16.02804080679));
#2476 = CARTESIAN_POINT('',(30.365065037231,-15.1759784599));
#2477 = CARTESIAN_POINT('',(30.231007591555,-14.34503341993));
#2478 = CARTESIAN_POINT('',(30.019624554552,-13.53789591382));
#2479 = CARTESIAN_POINT('',(29.714882354118,-12.73888860067));
#2480 = CARTESIAN_POINT('',(29.327483672617,-11.9941902469));
#2481 = CARTESIAN_POINT('',(28.847655468573,-11.28620520123));
#2482 = CARTESIAN_POINT('',(28.268614467873,-10.6189268399));
#2483 = CARTESIAN_POINT('',(27.563751450636,-9.9869280128));
#2484 = CARTESIAN_POINT('',(26.764297577718,-9.430067598263));
#2485 = CARTESIAN_POINT('',(25.84562464939,-8.940521036684));
#2486 = CARTESIAN_POINT('',(24.805861204768,-8.508629767079));
#2487 = CARTESIAN_POINT('',(23.586286175042,-8.230462731297));
#2488 = CARTESIAN_POINT('',(22.276283511798,-8.068780237565));
#2489 = CARTESIAN_POINT('',(20.834132300413,-8.024311943854));
#2490 = CARTESIAN_POINT('',(19.256738995285,-8.111765656944));
#2491 = CARTESIAN_POINT('',(17.498037038584,-8.358371995902));
#2492 = CARTESIAN_POINT('',(15.662170273723,-8.759150546513));
#2493 = CARTESIAN_POINT('',(13.630865807253,-9.363302730177));
#2494 = CARTESIAN_POINT('',(11.677724964823,-10.05521058202));
#2495 = CARTESIAN_POINT('',(8.622582546904,-11.43709095872));
#2496 = CARTESIAN_POINT('',(9.100594078569,-11.23341054215));
#2497 = CARTESIAN_POINT('',(6.979541236493,-12.3099667141));
#2498 = ( GEOMETRIC_REPRESENTATION_CONTEXT(2) 
PARAMETRIC_REPRESENTATION_CONTEXT() REPRESENTATION_CONTEXT('2D SPACE',''
  ) );
#2499 = PCURVE('',#2500,#2601);
#2500 = B_SPLINE_SURFACE_WITH_KNOTS('',3,1,(
    (#2501,#2502)
    ,(#2503,#2504)
    ,(#2505,#2506)
    ,(#2507,#2508)
    ,(#2509,#2510)
    ,(#2511,#2512)
    ,(#2513,#2514)
    ,(#2515,#2516)
    ,(#2517,#2518)
    ,(#2519,#2520)
    ,(#2521,#2522)
    ,(#2523,#2524)
    ,(#2525,#2526)
    ,(#2527,#2528)
    ,(#2529,#2530)
    ,(#2531,#2532)
    ,(#2533,#2534)
    ,(#2535,#2536)
    ,(#2537,#2538)
    ,(#2539,#2540)
    ,(#2541,#2542)
    ,(#2543,#2544)
    ,(#2545,#2546)
    ,(#2547,#2548)
    ,(#2549,#2550)
    ,(#2551,#2552)
    ,(#2553,#2554)
    ,(#2555,#2556)
    ,(#2557,#2558)
    ,(#2559,#2560)
    ,(#2561,#2562)
    ,(#2563,#2564)
    ,(#2565,#2566)
    ,(#2567,#2568)
    ,(#2569,#2570)
    ,(#2571,#2572)
    ,(#2573,#2574)
    ,(#2575,#2576)
    ,(#2577,#2578)
    ,(#2579,#2580)
    ,(#2581,#2582)
    ,(#2583,#2584)
    ,(#2585,#2586)
    ,(#2587,#2588)
    ,(#2589,#2590)
    ,(#2591,#2592)
    ,(#2593,#2594)
    ,(#2595,#2596)
    ,(#2597,#2598)
    ,(#2599,#2600
    )),.UNSPECIFIED.,.F.,.F.,.F.,(4,1,1,1,1,1,1,1,1,1,1,1,1,1,1,1,1,1,1,
    1,1,1,1,1,1,1,1,1,1,1,1,1,1,1,1,1,1,1,1,1,1,1,1,1,1,1,1,4),(2,2),(0.
    ,1.310275187177,2.575554712222,3.800853833955,4.902089094641,
    6.06831455688,7.21183434275,8.337173980858,9.363078484396,
    10.46331856218,11.554153671202,12.637112639117,13.630528059043,
    14.700223728197,15.762924250692,16.817962772309,17.784172052652,
    18.821404601302,19.84721146813,20.859830292326,21.78133906864,
    22.763820637486,23.728524475563,24.674422276675,25.530408882817,
    26.439181751574,27.329575345756,28.203542707491,28.998544434436,
    29.851442200626,30.702034885941,31.558695680793,32.363786840272,
    33.262555459008,34.202118316714,35.196909054575,36.177314147534,
    37.320972597039,38.563122142845,39.916198777823,41.276469790388,
    42.885560125174,44.651495886816,46.590899109622,48.549892956214,
    50.871342573664,53.417826896227,55.987800380247),(-22.4,0.),
  .UNSPECIFIED.);
#2501 = CARTESIAN_POINT('',(23.315921341419,-42.0826761362,22.4));
#2502 = CARTESIAN_POINT('',(23.315921341419,-42.0826761362,0.));
#2503 = CARTESIAN_POINT('',(23.297376337878,-41.64994803451,22.4));
#2504 = CARTESIAN_POINT('',(23.297376337878,-41.64994803451,0.));
#2505 = CARTESIAN_POINT('',(23.242131416327,-40.7874453545,22.4));
#2506 = CARTESIAN_POINT('',(23.242131416327,-40.7874453545,0.));
#2507 = CARTESIAN_POINT('',(23.266965715716,-39.52160103036,22.4));
#2508 = CARTESIAN_POINT('',(23.266965715716,-39.52160103036,0.));
#2509 = CARTESIAN_POINT('',(23.350960870606,-38.32631798462,22.4));
#2510 = CARTESIAN_POINT('',(23.350960870606,-38.32631798462,0.));
#2511 = CARTESIAN_POINT('',(23.497688615251,-37.17089698156,22.4));
#2512 = CARTESIAN_POINT('',(23.497688615251,-37.17089698156,0.));
#2513 = CARTESIAN_POINT('',(23.699144996789,-36.05133808933,22.4));
#2514 = CARTESIAN_POINT('',(23.699144996789,-36.05133808933,0.));
#2515 = CARTESIAN_POINT('',(23.95943150911,-34.93581908642,22.4));
#2516 = CARTESIAN_POINT('',(23.95943150911,-34.93581908642,0.));
#2517 = CARTESIAN_POINT('',(24.258831881864,-33.87878381928,22.4));
#2518 = CARTESIAN_POINT('',(24.258831881864,-33.87878381928,0.));
#2519 = CARTESIAN_POINT('',(24.595980465613,-32.84848633661,22.4));
#2520 = CARTESIAN_POINT('',(24.595980465613,-32.84848633661,0.));
#2521 = CARTESIAN_POINT('',(24.965283498813,-31.84153670515,22.4));
#2522 = CARTESIAN_POINT('',(24.965283498813,-31.84153670515,0.));
#2523 = CARTESIAN_POINT('',(25.372489110861,-30.82885874694,22.4));
#2524 = CARTESIAN_POINT('',(25.372489110861,-30.82885874694,0.));
#2525 = CARTESIAN_POINT('',(25.790424118563,-29.8592807961,22.4));
#2526 = CARTESIAN_POINT('',(25.790424118563,-29.8592807961,0.));
#2527 = CARTESIAN_POINT('',(26.222541321982,-28.90372029006,22.4));
#2528 = CARTESIAN_POINT('',(26.222541321982,-28.90372029006,0.));
#2529 = CARTESIAN_POINT('',(26.663370675188,-27.95961457299,22.4));
#2530 = CARTESIAN_POINT('',(26.663370675188,-27.95961457299,0.));
#2531 = CARTESIAN_POINT('',(27.118992633305,-26.99978692955,22.4));
#2532 = CARTESIAN_POINT('',(27.118992633305,-26.99978692955,0.));
#2533 = CARTESIAN_POINT('',(27.560078007531,-26.07124254907,22.4));
#2534 = CARTESIAN_POINT('',(27.560078007531,-26.07124254907,0.));
#2535 = CARTESIAN_POINT('',(27.991850706763,-25.14768319004,22.4));
#2536 = CARTESIAN_POINT('',(27.991850706763,-25.14768319004,0.));
#2537 = CARTESIAN_POINT('',(28.410486907899,-24.22878377135,22.4));
#2538 = CARTESIAN_POINT('',(28.410486907899,-24.22878377135,0.));
#2539 = CARTESIAN_POINT('',(28.813808621591,-23.28598448756,22.4));
#2540 = CARTESIAN_POINT('',(28.813808621591,-23.28598448756,0.));
#2541 = CARTESIAN_POINT('',(29.163804855853,-22.3632810171,22.4));
#2542 = CARTESIAN_POINT('',(29.163804855853,-22.3632810171,0.));
#2543 = CARTESIAN_POINT('',(29.48583588509,-21.44584834181,22.4));
#2544 = CARTESIAN_POINT('',(29.48583588509,-21.44584834181,0.));
#2545 = CARTESIAN_POINT('',(29.769377975409,-20.5323269171,22.4));
#2546 = CARTESIAN_POINT('',(29.769377975409,-20.5323269171,0.));
#2547 = CARTESIAN_POINT('',(30.015037084398,-19.59942164876,22.4));
#2548 = CARTESIAN_POINT('',(30.015037084398,-19.59942164876,0.));
#2549 = CARTESIAN_POINT('',(30.204072830303,-18.69632062961,22.4));
#2550 = CARTESIAN_POINT('',(30.204072830303,-18.69632062961,0.));
#2551 = CARTESIAN_POINT('',(30.3390564245,-17.80242194607,22.4));
#2552 = CARTESIAN_POINT('',(30.3390564245,-17.80242194607,0.));
#2553 = CARTESIAN_POINT('',(30.415444567079,-16.91993430503,22.4));
#2554 = CARTESIAN_POINT('',(30.415444567079,-16.91993430503,0.));
#2555 = CARTESIAN_POINT('',(30.426002112416,-16.02804080679,22.4));
#2556 = CARTESIAN_POINT('',(30.426002112416,-16.02804080679,0.));
#2557 = CARTESIAN_POINT('',(30.365065037231,-15.1759784599,22.4));
#2558 = CARTESIAN_POINT('',(30.365065037231,-15.1759784599,0.));
#2559 = CARTESIAN_POINT('',(30.231007591555,-14.34503341993,22.4));
#2560 = CARTESIAN_POINT('',(30.231007591555,-14.34503341993,0.));
#2561 = CARTESIAN_POINT('',(30.019624554552,-13.53789591382,22.4));
#2562 = CARTESIAN_POINT('',(30.019624554552,-13.53789591382,0.));
#2563 = CARTESIAN_POINT('',(29.714882354118,-12.73888860067,22.4));
#2564 = CARTESIAN_POINT('',(29.714882354118,-12.73888860067,0.));
#2565 = CARTESIAN_POINT('',(29.327483672617,-11.9941902469,22.4));
#2566 = CARTESIAN_POINT('',(29.327483672617,-11.9941902469,0.));
#2567 = CARTESIAN_POINT('',(28.847655468573,-11.28620520123,22.4));
#2568 = CARTESIAN_POINT('',(28.847655468573,-11.28620520123,0.));
#2569 = CARTESIAN_POINT('',(28.268614467873,-10.6189268399,22.4));
#2570 = CARTESIAN_POINT('',(28.268614467873,-10.6189268399,0.));
#2571 = CARTESIAN_POINT('',(27.563751450636,-9.9869280128,22.4));
#2572 = CARTESIAN_POINT('',(27.563751450636,-9.9869280128,0.));
#2573 = CARTESIAN_POINT('',(26.764297577718,-9.430067598263,22.4));
#2574 = CARTESIAN_POINT('',(26.764297577718,-9.430067598263,0.));
#2575 = CARTESIAN_POINT('',(25.84562464939,-8.940521036684,22.4));
#2576 = CARTESIAN_POINT('',(25.84562464939,-8.940521036684,0.));
#2577 = CARTESIAN_POINT('',(24.805861204768,-8.508629767079,22.4));
#2578 = CARTESIAN_POINT('',(24.805861204768,-8.508629767079,0.));
#2579 = CARTESIAN_POINT('',(23.586286175042,-8.230462731297,22.4));
#2580 = CARTESIAN_POINT('',(23.586286175042,-8.230462731297,0.));
#2581 = CARTESIAN_POINT('',(22.276283511798,-8.068780237565,22.4));
#2582 = CARTESIAN_POINT('',(22.276283511798,-8.068780237565,0.));
#2583 = CARTESIAN_POINT('',(20.834132300413,-8.024311943854,22.4));
#2584 = CARTESIAN_POINT('',(20.834132300413,-8.024311943854,0.));
#2585 = CARTESIAN_POINT('',(19.256738995285,-8.111765656944,22.4));
#2586 = CARTESIAN_POINT('',(19.256738995285,-8.111765656944,0.));
#2587 = CARTESIAN_POINT('',(17.498037038584,-8.358371995902,22.4));
#2588 = CARTESIAN_POINT('',(17.498037038584,-8.358371995902,0.));
#2589 = CARTESIAN_POINT('',(15.662170273723,-8.759150546513,22.4));
#2590 = CARTESIAN_POINT('',(15.662170273723,-8.759150546513,0.));
#2591 = CARTESIAN_POINT('',(13.630865807253,-9.363302730177,22.4));
#2592 = CARTESIAN_POINT('',(13.630865807253,-9.363302730177,0.));
#2593 = CARTESIAN_POINT('',(11.677724964823,-10.05521058202,22.4));
#2594 = CARTESIAN_POINT('',(11.677724964823,-10.05521058202,0.));
#2595 = CARTESIAN_POINT('',(8.622582546904,-11.43709095872,22.4));
#2596 = CARTESIAN_POINT('',(8.622582546904,-11.43709095872,0.));
#2597 = CARTESIAN_POINT('',(9.100594078569,-11.23341054215,22.4));
#2598 = CARTESIAN_POINT('',(9.100594078569,-11.23341054215,0.));
#2599 = CARTESIAN_POINT('',(6.979541236493,-12.3099667141,22.4));
#2600 = CARTESIAN_POINT('',(6.979541236493,-12.3099667141,0.));
#2601 = DEFINITIONAL_REPRESENTATION('',(#2602),#2606);
#2602 = LINE('',#2603,#2604);
#2603 = CARTESIAN_POINT('',(0.,0.));
#2604 = VECTOR('',#2605,1.);
#2605 = DIRECTION('',(1.,0.));
#2606 = ( GEOMETRIC_REPRESENTATION_CONTEXT(2) 
PARAMETRIC_REPRESENTATION_CONTEXT() REPRESENTATION_CONTEXT('2D SPACE',''
  ) );
#2607 = ORIENTED_EDGE('',*,*,#2608,.F.);
#2608 = EDGE_CURVE('',#2609,#2391,#2611,.T.);
#2609 = VERTEX_POINT('',#2610);
#2610 = CARTESIAN_POINT('',(23.341758958535,-42.51367178592,0.));
#2611 = SURFACE_CURVE('',#2612,(#2616,#2623),.PCURVE_S1.);
#2612 = LINE('',#2613,#2614);
#2613 = CARTESIAN_POINT('',(23.460716733848,-44.49799887893,0.));
#2614 = VECTOR('',#2615,1.);
#2615 = DIRECTION('',(-5.984123906075E-02,0.998207907256,0.));
#2616 = PCURVE('',#224,#2617);
#2617 = DEFINITIONAL_REPRESENTATION('',(#2618),#2622);
#2618 = LINE('',#2619,#2620);
#2619 = CARTESIAN_POINT('',(23.460716733848,-44.49799887893));
#2620 = VECTOR('',#2621,1.);
#2621 = DIRECTION('',(-5.984123906075E-02,0.998207907256));
#2622 = ( GEOMETRIC_REPRESENTATION_CONTEXT(2) 
PARAMETRIC_REPRESENTATION_CONTEXT() REPRESENTATION_CONTEXT('2D SPACE',''
  ) );
#2623 = PCURVE('',#2624,#2629);
#2624 = PLANE('',#2625);
#2625 = AXIS2_PLACEMENT_3D('',#2626,#2627,#2628);
#2626 = CARTESIAN_POINT('',(23.341758958535,-42.51367178592,0.));
#2627 = DIRECTION('',(-0.998207907256,-5.984123906075E-02,0.));
#2628 = DIRECTION('',(-5.984123906075E-02,0.998207907256,0.));
#2629 = DEFINITIONAL_REPRESENTATION('',(#2630),#2634);
#2630 = LINE('',#2631,#2632);
#2631 = CARTESIAN_POINT('',(-1.987889575495,-0.));
#2632 = VECTOR('',#2633,1.);
#2633 = DIRECTION('',(1.,0.));
#2634 = ( GEOMETRIC_REPRESENTATION_CONTEXT(2) 
PARAMETRIC_REPRESENTATION_CONTEXT() REPRESENTATION_CONTEXT('2D SPACE',''
  ) );
#2635 = ORIENTED_EDGE('',*,*,#2636,.F.);
#2636 = EDGE_CURVE('',#2637,#2609,#2639,.T.);
#2637 = VERTEX_POINT('',#2638);
#2638 = CARTESIAN_POINT('',(1.042515668191,-48.48879418052,0.));
#2639 = SURFACE_CURVE('',#2640,(#2645,#2652),.PCURVE_S1.);
#2640 = CIRCLE('',#2641,48.5);
#2641 = AXIS2_PLACEMENT_3D('',#2642,#2643,#2644);
#2642 = CARTESIAN_POINT('',(0.,0.,0.));
#2643 = DIRECTION('',(0.,0.,1.));
#2644 = DIRECTION('',(1.,0.,-0.));
#2645 = PCURVE('',#224,#2646);
#2646 = DEFINITIONAL_REPRESENTATION('',(#2647),#2651);
#2647 = CIRCLE('',#2648,48.5);
#2648 = AXIS2_PLACEMENT_2D('',#2649,#2650);
#2649 = CARTESIAN_POINT('',(0.,-1.204325410458E-15));
#2650 = DIRECTION('',(1.,0.));
#2651 = ( GEOMETRIC_REPRESENTATION_CONTEXT(2) 
PARAMETRIC_REPRESENTATION_CONTEXT() REPRESENTATION_CONTEXT('2D SPACE',''
  ) );
#2652 = PCURVE('',#2653,#2658);
#2653 = CYLINDRICAL_SURFACE('',#2654,48.5);
#2654 = AXIS2_PLACEMENT_3D('',#2655,#2656,#2657);
#2655 = CARTESIAN_POINT('',(0.,0.,0.));
#2656 = DIRECTION('',(-0.,-0.,-1.));
#2657 = DIRECTION('',(1.,0.,-0.));
#2658 = DEFINITIONAL_REPRESENTATION('',(#2659),#2663);
#2659 = LINE('',#2660,#2661);
#2660 = CARTESIAN_POINT('',(-0.,0.));
#2661 = VECTOR('',#2662,1.);
#2662 = DIRECTION('',(-1.,0.));
#2663 = ( GEOMETRIC_REPRESENTATION_CONTEXT(2) 
PARAMETRIC_REPRESENTATION_CONTEXT() REPRESENTATION_CONTEXT('2D SPACE',''
  ) );
#2664 = ORIENTED_EDGE('',*,*,#2665,.F.);
#2665 = EDGE_CURVE('',#2332,#2637,#2666,.T.);
#2666 = SURFACE_CURVE('',#2667,(#2718,#2772),.PCURVE_S1.);
#2667 = B_SPLINE_CURVE_WITH_KNOTS('',3,(#2668,#2669,#2670,#2671,#2672,
    #2673,#2674,#2675,#2676,#2677,#2678,#2679,#2680,#2681,#2682,#2683,
    #2684,#2685,#2686,#2687,#2688,#2689,#2690,#2691,#2692,#2693,#2694,
    #2695,#2696,#2697,#2698,#2699,#2700,#2701,#2702,#2703,#2704,#2705,
    #2706,#2707,#2708,#2709,#2710,#2711,#2712,#2713,#2714,#2715,#2716,
    #2717),.UNSPECIFIED.,.F.,.F.,(4,1,1,1,1,1,1,1,1,1,1,1,1,1,1,1,1,1,1,
    1,1,1,1,1,1,1,1,1,1,1,1,1,1,1,1,1,1,1,1,1,1,1,1,1,1,1,1,4),(0.,
    2.712363629581,5.415653884531,7.889901421053,9.986742084351,
    12.07233621524,13.981450928582,15.730829279285,17.217976489194,
    18.70534511222,20.079261809959,21.357514213245,22.46799558875,
    23.608470848383,24.696515979748,25.743900293344,26.683864297553,
    27.681614976107,28.665922847739,29.643534481927,30.544804484636,
    31.523863593595,32.508882471553,33.502052098633,34.427210166566,
    35.439013636309,36.460687542796,37.491630530293,38.450636928084,
    39.49631232414,40.547756860041,41.603484223464,42.58022774738,
    43.639187672476,44.697549950026,45.75413920775,46.727235587527,
    47.778840627491,48.828245019521,49.876764601754,50.845806288818,
    51.899956703366,52.96296178269,54.040387692291,55.053510242706,
    56.178288511941,57.339605375855,58.548465428582),.UNSPECIFIED.);
#2668 = CARTESIAN_POINT('',(0.11052333949,-11.24948548759,0.));
#2669 = CARTESIAN_POINT('',(0.986951472967,-11.37618279713,0.));
#2670 = CARTESIAN_POINT('',(2.806286868958,-11.60219461832,0.));
#2671 = CARTESIAN_POINT('',(5.373460647376,-12.1346295074,0.));
#2672 = CARTESIAN_POINT('',(7.719905530411,-12.76133070174,0.));
#2673 = CARTESIAN_POINT('',(9.821415703608,-13.47680040132,0.));
#2674 = CARTESIAN_POINT('',(11.695953869781,-14.26246707513,0.));
#2675 = CARTESIAN_POINT('',(13.400871942358,-15.13824528822,0.));
#2676 = CARTESIAN_POINT('',(14.857969224017,-16.04736931029,0.));
#2677 = CARTESIAN_POINT('',(16.118266467028,-16.99421997599,0.));
#2678 = CARTESIAN_POINT('',(17.194773878067,-17.96912070933,0.));
#2679 = CARTESIAN_POINT('',(18.117314751465,-18.99665309845,0.));
#2680 = CARTESIAN_POINT('',(18.903915227139,-19.97597752126,0.));
#2681 = CARTESIAN_POINT('',(19.521889253497,-20.98029598044,0.));
#2682 = CARTESIAN_POINT('',(19.99698355557,-21.98963035416,0.));
#2683 = CARTESIAN_POINT('',(20.336826675277,-23.03040043053,0.));
#2684 = CARTESIAN_POINT('',(20.532029205586,-24.0394927097,0.));
#2685 = CARTESIAN_POINT('',(20.60377705895,-25.03400430745,0.));
#2686 = CARTESIAN_POINT('',(20.561055052166,-26.00938189726,0.));
#2687 = CARTESIAN_POINT('',(20.404533141836,-26.98551059115,0.));
#2688 = CARTESIAN_POINT('',(20.152100759088,-27.90773351685,0.));
#2689 = CARTESIAN_POINT('',(19.813051750738,-28.79929882778,0.));
#2690 = CARTESIAN_POINT('',(19.395407180895,-29.6596541961,0.));
#2691 = CARTESIAN_POINT('',(18.892157024009,-30.50843689689,0.));
#2692 = CARTESIAN_POINT('',(18.337493269739,-31.30248363569,0.));
#2693 = CARTESIAN_POINT('',(17.728110149382,-32.06644396779,0.));
#2694 = CARTESIAN_POINT('',(17.070223307686,-32.80183046666,0.));
#2695 = CARTESIAN_POINT('',(16.350967281854,-33.52768515797,0.));
#2696 = CARTESIAN_POINT('',(15.613403839042,-34.20906255588,0.));
#2697 = CARTESIAN_POINT('',(14.846880563847,-34.86991728964,0.));
#2698 = CARTESIAN_POINT('',(14.053038581483,-35.50849199162,0.));
#2699 = CARTESIAN_POINT('',(13.229315368891,-36.16114656351,0.));
#2700 = CARTESIAN_POINT('',(12.415536271347,-36.78929814367,0.));
#2701 = CARTESIAN_POINT('',(11.591878866851,-37.40856920271,0.));
#2702 = CARTESIAN_POINT('',(10.764177210539,-38.02387677082,0.));
#2703 = CARTESIAN_POINT('',(9.915151982458,-38.65511276955,0.));
#2704 = CARTESIAN_POINT('',(9.093029159271,-39.27455290465,0.));
#2705 = CARTESIAN_POINT('',(8.280247432833,-39.90255098411,0.));
#2706 = CARTESIAN_POINT('',(7.480540154386,-40.5433647971,0.));
#2707 = CARTESIAN_POINT('',(6.677601330652,-41.21993148978,0.));
#2708 = CARTESIAN_POINT('',(5.91631961213,-41.90255786847,0.));
#2709 = CARTESIAN_POINT('',(5.178417395412,-42.61276879046,0.));
#2710 = CARTESIAN_POINT('',(4.466330803474,-43.35548030469,0.));
#2711 = CARTESIAN_POINT('',(3.76564202268,-44.15866040774,0.));
#2712 = CARTESIAN_POINT('',(3.116584534401,-44.98340642615,0.));
#2713 = CARTESIAN_POINT('',(2.49488342741,-45.86678680957,0.));
#2714 = CARTESIAN_POINT('',(1.926277637567,-46.76991036822,0.));
#2715 = CARTESIAN_POINT('',(1.302493150694,-47.90817995392,0.));
#2716 = CARTESIAN_POINT('',(1.124425518621,-48.32053722281,0.));
#2717 = CARTESIAN_POINT('',(0.849157873792,-48.8973727361,0.));
#2718 = PCURVE('',#224,#2719);
#2719 = DEFINITIONAL_REPRESENTATION('',(#2720),#2771);
#2720 = B_SPLINE_CURVE_WITH_KNOTS('',3,(#2721,#2722,#2723,#2724,#2725,
    #2726,#2727,#2728,#2729,#2730,#2731,#2732,#2733,#2734,#2735,#2736,
    #2737,#2738,#2739,#2740,#2741,#2742,#2743,#2744,#2745,#2746,#2747,
    #2748,#2749,#2750,#2751,#2752,#2753,#2754,#2755,#2756,#2757,#2758,
    #2759,#2760,#2761,#2762,#2763,#2764,#2765,#2766,#2767,#2768,#2769,
    #2770),.UNSPECIFIED.,.F.,.F.,(4,1,1,1,1,1,1,1,1,1,1,1,1,1,1,1,1,1,1,
    1,1,1,1,1,1,1,1,1,1,1,1,1,1,1,1,1,1,1,1,1,1,1,1,1,1,1,1,4),(0.,
    2.712363629581,5.415653884531,7.889901421053,9.986742084351,
    12.07233621524,13.981450928582,15.730829279285,17.217976489194,
    18.70534511222,20.079261809959,21.357514213245,22.46799558875,
    23.608470848383,24.696515979748,25.743900293344,26.683864297553,
    27.681614976107,28.665922847739,29.643534481927,30.544804484636,
    31.523863593595,32.508882471553,33.502052098633,34.427210166566,
    35.439013636309,36.460687542796,37.491630530293,38.450636928084,
    39.49631232414,40.547756860041,41.603484223464,42.58022774738,
    43.639187672476,44.697549950026,45.75413920775,46.727235587527,
    47.778840627491,48.828245019521,49.876764601754,50.845806288818,
    51.899956703366,52.96296178269,54.040387692291,55.053510242706,
    56.178288511941,57.339605375855,58.548465428582),.UNSPECIFIED.);
#2721 = CARTESIAN_POINT('',(0.11052333949,-11.24948548759));
#2722 = CARTESIAN_POINT('',(0.986951472967,-11.37618279713));
#2723 = CARTESIAN_POINT('',(2.806286868958,-11.60219461832));
#2724 = CARTESIAN_POINT('',(5.373460647376,-12.1346295074));
#2725 = CARTESIAN_POINT('',(7.719905530411,-12.76133070174));
#2726 = CARTESIAN_POINT('',(9.821415703608,-13.47680040132));
#2727 = CARTESIAN_POINT('',(11.695953869781,-14.26246707513));
#2728 = CARTESIAN_POINT('',(13.400871942358,-15.13824528822));
#2729 = CARTESIAN_POINT('',(14.857969224017,-16.04736931029));
#2730 = CARTESIAN_POINT('',(16.118266467028,-16.99421997599));
#2731 = CARTESIAN_POINT('',(17.194773878067,-17.96912070933));
#2732 = CARTESIAN_POINT('',(18.117314751465,-18.99665309845));
#2733 = CARTESIAN_POINT('',(18.903915227139,-19.97597752126));
#2734 = CARTESIAN_POINT('',(19.521889253497,-20.98029598044));
#2735 = CARTESIAN_POINT('',(19.99698355557,-21.98963035416));
#2736 = CARTESIAN_POINT('',(20.336826675277,-23.03040043053));
#2737 = CARTESIAN_POINT('',(20.532029205586,-24.0394927097));
#2738 = CARTESIAN_POINT('',(20.60377705895,-25.03400430745));
#2739 = CARTESIAN_POINT('',(20.561055052166,-26.00938189726));
#2740 = CARTESIAN_POINT('',(20.404533141836,-26.98551059115));
#2741 = CARTESIAN_POINT('',(20.152100759088,-27.90773351685));
#2742 = CARTESIAN_POINT('',(19.813051750738,-28.79929882778));
#2743 = CARTESIAN_POINT('',(19.395407180895,-29.6596541961));
#2744 = CARTESIAN_POINT('',(18.892157024009,-30.50843689689));
#2745 = CARTESIAN_POINT('',(18.337493269739,-31.30248363569));
#2746 = CARTESIAN_POINT('',(17.728110149382,-32.06644396779));
#2747 = CARTESIAN_POINT('',(17.070223307686,-32.80183046666));
#2748 = CARTESIAN_POINT('',(16.350967281854,-33.52768515797));
#2749 = CARTESIAN_POINT('',(15.613403839042,-34.20906255588));
#2750 = CARTESIAN_POINT('',(14.846880563847,-34.86991728964));
#2751 = CARTESIAN_POINT('',(14.053038581483,-35.50849199162));
#2752 = CARTESIAN_POINT('',(13.229315368891,-36.16114656351));
#2753 = CARTESIAN_POINT('',(12.415536271347,-36.78929814367));
#2754 = CARTESIAN_POINT('',(11.591878866851,-37.40856920271));
#2755 = CARTESIAN_POINT('',(10.764177210539,-38.02387677082));
#2756 = CARTESIAN_POINT('',(9.915151982458,-38.65511276955));
#2757 = CARTESIAN_POINT('',(9.093029159271,-39.27455290465));
#2758 = CARTESIAN_POINT('',(8.280247432833,-39.90255098411));
#2759 = CARTESIAN_POINT('',(7.480540154386,-40.5433647971));
#2760 = CARTESIAN_POINT('',(6.677601330652,-41.21993148978));
#2761 = CARTESIAN_POINT('',(5.91631961213,-41.90255786847));
#2762 = CARTESIAN_POINT('',(5.178417395412,-42.61276879046));
#2763 = CARTESIAN_POINT('',(4.466330803474,-43.35548030469));
#2764 = CARTESIAN_POINT('',(3.76564202268,-44.15866040774));
#2765 = CARTESIAN_POINT('',(3.116584534401,-44.98340642615));
#2766 = CARTESIAN_POINT('',(2.49488342741,-45.86678680957));
#2767 = CARTESIAN_POINT('',(1.926277637567,-46.76991036822));
#2768 = CARTESIAN_POINT('',(1.302493150694,-47.90817995392));
#2769 = CARTESIAN_POINT('',(1.124425518621,-48.32053722281));
#2770 = CARTESIAN_POINT('',(0.849157873792,-48.8973727361));
#2771 = ( GEOMETRIC_REPRESENTATION_CONTEXT(2) 
PARAMETRIC_REPRESENTATION_CONTEXT() REPRESENTATION_CONTEXT('2D SPACE',''
  ) );
#2772 = PCURVE('',#2773,#2874);
#2773 = B_SPLINE_SURFACE_WITH_KNOTS('',3,1,(
    (#2774,#2775)
    ,(#2776,#2777)
    ,(#2778,#2779)
    ,(#2780,#2781)
    ,(#2782,#2783)
    ,(#2784,#2785)
    ,(#2786,#2787)
    ,(#2788,#2789)
    ,(#2790,#2791)
    ,(#2792,#2793)
    ,(#2794,#2795)
    ,(#2796,#2797)
    ,(#2798,#2799)
    ,(#2800,#2801)
    ,(#2802,#2803)
    ,(#2804,#2805)
    ,(#2806,#2807)
    ,(#2808,#2809)
    ,(#2810,#2811)
    ,(#2812,#2813)
    ,(#2814,#2815)
    ,(#2816,#2817)
    ,(#2818,#2819)
    ,(#2820,#2821)
    ,(#2822,#2823)
    ,(#2824,#2825)
    ,(#2826,#2827)
    ,(#2828,#2829)
    ,(#2830,#2831)
    ,(#2832,#2833)
    ,(#2834,#2835)
    ,(#2836,#2837)
    ,(#2838,#2839)
    ,(#2840,#2841)
    ,(#2842,#2843)
    ,(#2844,#2845)
    ,(#2846,#2847)
    ,(#2848,#2849)
    ,(#2850,#2851)
    ,(#2852,#2853)
    ,(#2854,#2855)
    ,(#2856,#2857)
    ,(#2858,#2859)
    ,(#2860,#2861)
    ,(#2862,#2863)
    ,(#2864,#2865)
    ,(#2866,#2867)
    ,(#2868,#2869)
    ,(#2870,#2871)
    ,(#2872,#2873
    )),.UNSPECIFIED.,.F.,.F.,.F.,(4,1,1,1,1,1,1,1,1,1,1,1,1,1,1,1,1,1,1,
    1,1,1,1,1,1,1,1,1,1,1,1,1,1,1,1,1,1,1,1,1,1,1,1,1,1,1,1,4),(2,2),(0.
    ,2.712363629581,5.415653884531,7.889901421053,9.986742084351,
    12.07233621524,13.981450928582,15.730829279285,17.217976489194,
    18.70534511222,20.079261809959,21.357514213245,22.46799558875,
    23.608470848383,24.696515979748,25.743900293344,26.683864297553,
    27.681614976107,28.665922847739,29.643534481927,30.544804484636,
    31.523863593595,32.508882471553,33.502052098633,34.427210166566,
    35.439013636309,36.460687542796,37.491630530293,38.450636928084,
    39.49631232414,40.547756860041,41.603484223464,42.58022774738,
    43.639187672476,44.697549950026,45.75413920775,46.727235587527,
    47.778840627491,48.828245019521,49.876764601754,50.845806288818,
    51.899956703366,52.96296178269,54.040387692291,55.053510242706,
    56.178288511941,57.339605375855,58.548465428582),(-22.4,0.),
  .UNSPECIFIED.);
#2774 = CARTESIAN_POINT('',(0.11052333949,-11.24948548759,22.4));
#2775 = CARTESIAN_POINT('',(0.11052333949,-11.24948548759,0.));
#2776 = CARTESIAN_POINT('',(0.986951472967,-11.37618279713,22.4));
#2777 = CARTESIAN_POINT('',(0.986951472967,-11.37618279713,0.));
#2778 = CARTESIAN_POINT('',(2.806286868958,-11.60219461832,22.4));
#2779 = CARTESIAN_POINT('',(2.806286868958,-11.60219461832,0.));
#2780 = CARTESIAN_POINT('',(5.373460647376,-12.1346295074,22.4));
#2781 = CARTESIAN_POINT('',(5.373460647376,-12.1346295074,0.));
#2782 = CARTESIAN_POINT('',(7.719905530411,-12.76133070174,22.4));
#2783 = CARTESIAN_POINT('',(7.719905530411,-12.76133070174,0.));
#2784 = CARTESIAN_POINT('',(9.821415703608,-13.47680040132,22.4));
#2785 = CARTESIAN_POINT('',(9.821415703608,-13.47680040132,0.));
#2786 = CARTESIAN_POINT('',(11.695953869781,-14.26246707513,22.4));
#2787 = CARTESIAN_POINT('',(11.695953869781,-14.26246707513,0.));
#2788 = CARTESIAN_POINT('',(13.400871942358,-15.13824528822,22.4));
#2789 = CARTESIAN_POINT('',(13.400871942358,-15.13824528822,0.));
#2790 = CARTESIAN_POINT('',(14.857969224017,-16.04736931029,22.4));
#2791 = CARTESIAN_POINT('',(14.857969224017,-16.04736931029,0.));
#2792 = CARTESIAN_POINT('',(16.118266467028,-16.99421997599,22.4));
#2793 = CARTESIAN_POINT('',(16.118266467028,-16.99421997599,0.));
#2794 = CARTESIAN_POINT('',(17.194773878067,-17.96912070933,22.4));
#2795 = CARTESIAN_POINT('',(17.194773878067,-17.96912070933,0.));
#2796 = CARTESIAN_POINT('',(18.117314751465,-18.99665309845,22.4));
#2797 = CARTESIAN_POINT('',(18.117314751465,-18.99665309845,0.));
#2798 = CARTESIAN_POINT('',(18.903915227139,-19.97597752126,22.4));
#2799 = CARTESIAN_POINT('',(18.903915227139,-19.97597752126,0.));
#2800 = CARTESIAN_POINT('',(19.521889253497,-20.98029598044,22.4));
#2801 = CARTESIAN_POINT('',(19.521889253497,-20.98029598044,0.));
#2802 = CARTESIAN_POINT('',(19.99698355557,-21.98963035416,22.4));
#2803 = CARTESIAN_POINT('',(19.99698355557,-21.98963035416,0.));
#2804 = CARTESIAN_POINT('',(20.336826675277,-23.03040043053,22.4));
#2805 = CARTESIAN_POINT('',(20.336826675277,-23.03040043053,0.));
#2806 = CARTESIAN_POINT('',(20.532029205586,-24.0394927097,22.4));
#2807 = CARTESIAN_POINT('',(20.532029205586,-24.0394927097,0.));
#2808 = CARTESIAN_POINT('',(20.60377705895,-25.03400430745,22.4));
#2809 = CARTESIAN_POINT('',(20.60377705895,-25.03400430745,0.));
#2810 = CARTESIAN_POINT('',(20.561055052166,-26.00938189726,22.4));
#2811 = CARTESIAN_POINT('',(20.561055052166,-26.00938189726,0.));
#2812 = CARTESIAN_POINT('',(20.404533141836,-26.98551059115,22.4));
#2813 = CARTESIAN_POINT('',(20.404533141836,-26.98551059115,0.));
#2814 = CARTESIAN_POINT('',(20.152100759088,-27.90773351685,22.4));
#2815 = CARTESIAN_POINT('',(20.152100759088,-27.90773351685,0.));
#2816 = CARTESIAN_POINT('',(19.813051750738,-28.79929882778,22.4));
#2817 = CARTESIAN_POINT('',(19.813051750738,-28.79929882778,0.));
#2818 = CARTESIAN_POINT('',(19.395407180895,-29.6596541961,22.4));
#2819 = CARTESIAN_POINT('',(19.395407180895,-29.6596541961,0.));
#2820 = CARTESIAN_POINT('',(18.892157024009,-30.50843689689,22.4));
#2821 = CARTESIAN_POINT('',(18.892157024009,-30.50843689689,0.));
#2822 = CARTESIAN_POINT('',(18.337493269739,-31.30248363569,22.4));
#2823 = CARTESIAN_POINT('',(18.337493269739,-31.30248363569,0.));
#2824 = CARTESIAN_POINT('',(17.728110149382,-32.06644396779,22.4));
#2825 = CARTESIAN_POINT('',(17.728110149382,-32.06644396779,0.));
#2826 = CARTESIAN_POINT('',(17.070223307686,-32.80183046666,22.4));
#2827 = CARTESIAN_POINT('',(17.070223307686,-32.80183046666,0.));
#2828 = CARTESIAN_POINT('',(16.350967281854,-33.52768515797,22.4));
#2829 = CARTESIAN_POINT('',(16.350967281854,-33.52768515797,0.));
#2830 = CARTESIAN_POINT('',(15.613403839042,-34.20906255588,22.4));
#2831 = CARTESIAN_POINT('',(15.613403839042,-34.20906255588,0.));
#2832 = CARTESIAN_POINT('',(14.846880563847,-34.86991728964,22.4));
#2833 = CARTESIAN_POINT('',(14.846880563847,-34.86991728964,0.));
#2834 = CARTESIAN_POINT('',(14.053038581483,-35.50849199162,22.4));
#2835 = CARTESIAN_POINT('',(14.053038581483,-35.50849199162,0.));
#2836 = CARTESIAN_POINT('',(13.229315368891,-36.16114656351,22.4));
#2837 = CARTESIAN_POINT('',(13.229315368891,-36.16114656351,0.));
#2838 = CARTESIAN_POINT('',(12.415536271347,-36.78929814367,22.4));
#2839 = CARTESIAN_POINT('',(12.415536271347,-36.78929814367,0.));
#2840 = CARTESIAN_POINT('',(11.591878866851,-37.40856920271,22.4));
#2841 = CARTESIAN_POINT('',(11.591878866851,-37.40856920271,0.));
#2842 = CARTESIAN_POINT('',(10.764177210539,-38.02387677082,22.4));
#2843 = CARTESIAN_POINT('',(10.764177210539,-38.02387677082,0.));
#2844 = CARTESIAN_POINT('',(9.915151982458,-38.65511276955,22.4));
#2845 = CARTESIAN_POINT('',(9.915151982458,-38.65511276955,0.));
#2846 = CARTESIAN_POINT('',(9.093029159271,-39.27455290465,22.4));
#2847 = CARTESIAN_POINT('',(9.093029159271,-39.27455290465,0.));
#2848 = CARTESIAN_POINT('',(8.280247432833,-39.90255098411,22.4));
#2849 = CARTESIAN_POINT('',(8.280247432833,-39.90255098411,0.));
#2850 = CARTESIAN_POINT('',(7.480540154386,-40.5433647971,22.4));
#2851 = CARTESIAN_POINT('',(7.480540154386,-40.5433647971,0.));
#2852 = CARTESIAN_POINT('',(6.677601330652,-41.21993148978,22.4));
#2853 = CARTESIAN_POINT('',(6.677601330652,-41.21993148978,0.));
#2854 = CARTESIAN_POINT('',(5.91631961213,-41.90255786847,22.4));
#2855 = CARTESIAN_POINT('',(5.91631961213,-41.90255786847,0.));
#2856 = CARTESIAN_POINT('',(5.178417395412,-42.61276879046,22.4));
#2857 = CARTESIAN_POINT('',(5.178417395412,-42.61276879046,0.));
#2858 = CARTESIAN_POINT('',(4.466330803474,-43.35548030469,22.4));
#2859 = CARTESIAN_POINT('',(4.466330803474,-43.35548030469,0.));
#2860 = CARTESIAN_POINT('',(3.76564202268,-44.15866040774,22.4));
#2861 = CARTESIAN_POINT('',(3.76564202268,-44.15866040774,0.));
#2862 = CARTESIAN_POINT('',(3.116584534401,-44.98340642615,22.4));
#2863 = CARTESIAN_POINT('',(3.116584534401,-44.98340642615,0.));
#2864 = CARTESIAN_POINT('',(2.49488342741,-45.86678680957,22.4));
#2865 = CARTESIAN_POINT('',(2.49488342741,-45.86678680957,0.));
#2866 = CARTESIAN_POINT('',(1.926277637567,-46.76991036822,22.4));
#2867 = CARTESIAN_POINT('',(1.926277637567,-46.76991036822,0.));
#2868 = CARTESIAN_POINT('',(1.302493150694,-47.90817995392,22.4));
#2869 = CARTESIAN_POINT('',(1.302493150694,-47.90817995392,0.));
#2870 = CARTESIAN_POINT('',(1.124425518621,-48.32053722281,22.4));
#2871 = CARTESIAN_POINT('',(1.124425518621,-48.32053722281,0.));
#2872 = CARTESIAN_POINT('',(0.849157873792,-48.8973727361,22.4));
#2873 = CARTESIAN_POINT('',(0.849157873792,-48.8973727361,0.));
#2874 = DEFINITIONAL_REPRESENTATION('',(#2875),#2879);
#2875 = LINE('',#2876,#2877);
#2876 = CARTESIAN_POINT('',(0.,0.));
#2877 = VECTOR('',#2878,1.);
#2878 = DIRECTION('',(1.,0.));
#2879 = ( GEOMETRIC_REPRESENTATION_CONTEXT(2) 
PARAMETRIC_REPRESENTATION_CONTEXT() REPRESENTATION_CONTEXT('2D SPACE',''
  ) );
#2880 = FACE_BOUND('',#2881,.F.);
#2881 = EDGE_LOOP('',(#2882,#2913,#2941,#3159,#3187,#3216));
#2882 = ORIENTED_EDGE('',*,*,#2883,.T.);
#2883 = EDGE_CURVE('',#2884,#2886,#2888,.T.);
#2884 = VERTEX_POINT('',#2885);
#2885 = CARTESIAN_POINT('',(9.734637857925,-8.156397843108,0.));
#2886 = VERTEX_POINT('',#2887);
#2887 = CARTESIAN_POINT('',(10.942844460111,-6.445475554358,0.));
#2888 = SURFACE_CURVE('',#2889,(#2894,#2901),.PCURVE_S1.);
#2889 = CIRCLE('',#2890,12.7);
#2890 = AXIS2_PLACEMENT_3D('',#2891,#2892,#2893);
#2891 = CARTESIAN_POINT('',(0.,0.,0.));
#2892 = DIRECTION('',(0.,0.,1.));
#2893 = DIRECTION('',(1.,0.,-0.));
#2894 = PCURVE('',#224,#2895);
#2895 = DEFINITIONAL_REPRESENTATION('',(#2896),#2900);
#2896 = CIRCLE('',#2897,12.7);
#2897 = AXIS2_PLACEMENT_2D('',#2898,#2899);
#2898 = CARTESIAN_POINT('',(0.,-1.204325410458E-15));
#2899 = DIRECTION('',(1.,0.));
#2900 = ( GEOMETRIC_REPRESENTATION_CONTEXT(2) 
PARAMETRIC_REPRESENTATION_CONTEXT() REPRESENTATION_CONTEXT('2D SPACE',''
  ) );
#2901 = PCURVE('',#2902,#2907);
#2902 = CYLINDRICAL_SURFACE('',#2903,12.7);
#2903 = AXIS2_PLACEMENT_3D('',#2904,#2905,#2906);
#2904 = CARTESIAN_POINT('',(0.,0.,0.));
#2905 = DIRECTION('',(-0.,-0.,-1.));
#2906 = DIRECTION('',(1.,0.,-0.));
#2907 = DEFINITIONAL_REPRESENTATION('',(#2908),#2912);
#2908 = LINE('',#2909,#2910);
#2909 = CARTESIAN_POINT('',(-0.,0.));
#2910 = VECTOR('',#2911,1.);
#2911 = DIRECTION('',(-1.,0.));
#2912 = ( GEOMETRIC_REPRESENTATION_CONTEXT(2) 
PARAMETRIC_REPRESENTATION_CONTEXT() REPRESENTATION_CONTEXT('2D SPACE',''
  ) );
#2913 = ORIENTED_EDGE('',*,*,#2914,.F.);
#2914 = EDGE_CURVE('',#2915,#2886,#2917,.T.);
#2915 = VERTEX_POINT('',#2916);
#2916 = CARTESIAN_POINT('',(12.199443374617,-7.170973275911,0.));
#2917 = SURFACE_CURVE('',#2918,(#2922,#2929),.PCURVE_S1.);
#2918 = LINE('',#2919,#2920);
#2919 = CARTESIAN_POINT('',(12.199443374617,-7.170973275911,0.));
#2920 = VECTOR('',#2921,1.);
#2921 = DIRECTION('',(-0.866025403784,0.5,0.));
#2922 = PCURVE('',#224,#2923);
#2923 = DEFINITIONAL_REPRESENTATION('',(#2924),#2928);
#2924 = LINE('',#2925,#2926);
#2925 = CARTESIAN_POINT('',(12.199443374617,-7.170973275911));
#2926 = VECTOR('',#2927,1.);
#2927 = DIRECTION('',(-0.866025403784,0.5));
#2928 = ( GEOMETRIC_REPRESENTATION_CONTEXT(2) 
PARAMETRIC_REPRESENTATION_CONTEXT() REPRESENTATION_CONTEXT('2D SPACE',''
  ) );
#2929 = PCURVE('',#2930,#2935);
#2930 = PLANE('',#2931);
#2931 = AXIS2_PLACEMENT_3D('',#2932,#2933,#2934);
#2932 = CARTESIAN_POINT('',(12.199443374617,-7.170973275911,0.));
#2933 = DIRECTION('',(-0.5,-0.866025403784,0.));
#2934 = DIRECTION('',(-0.866025403784,0.5,0.));
#2935 = DEFINITIONAL_REPRESENTATION('',(#2936),#2940);
#2936 = LINE('',#2937,#2938);
#2937 = CARTESIAN_POINT('',(0.,0.));
#2938 = VECTOR('',#2939,1.);
#2939 = DIRECTION('',(1.,0.));
#2940 = ( GEOMETRIC_REPRESENTATION_CONTEXT(2) 
PARAMETRIC_REPRESENTATION_CONTEXT() REPRESENTATION_CONTEXT('2D SPACE',''
  ) );
#2941 = ORIENTED_EDGE('',*,*,#2942,.F.);
#2942 = EDGE_CURVE('',#2943,#2915,#2945,.T.);
#2943 = VERTEX_POINT('',#2944);
#2944 = CARTESIAN_POINT('',(41.233518262409,-24.78670592247,0.));
#2945 = SURFACE_CURVE('',#2946,(#2997,#3051),.PCURVE_S1.);
#2946 = B_SPLINE_CURVE_WITH_KNOTS('',3,(#2947,#2948,#2949,#2950,#2951,
    #2952,#2953,#2954,#2955,#2956,#2957,#2958,#2959,#2960,#2961,#2962,
    #2963,#2964,#2965,#2966,#2967,#2968,#2969,#2970,#2971,#2972,#2973,
    #2974,#2975,#2976,#2977,#2978,#2979,#2980,#2981,#2982,#2983,#2984,
    #2985,#2986,#2987,#2988,#2989,#2990,#2991,#2992,#2993,#2994,#2995,
    #2996),.UNSPECIFIED.,.F.,.F.,(4,1,1,1,1,1,1,1,1,1,1,1,1,1,1,1,1,1,1,
    1,1,1,1,1,1,1,1,1,1,1,1,1,1,1,1,1,1,1,1,1,1,1,1,1,1,1,1,4),(0.,
    1.310275187177,2.575554712222,3.800853833955,4.902089094641,
    6.06831455688,7.21183434275,8.337173980858,9.363078484396,
    10.46331856218,11.554153671202,12.637112639117,13.630528059043,
    14.700223728197,15.762924250692,16.817962772309,17.784172052652,
    18.821404601302,19.84721146813,20.859830292326,21.78133906864,
    22.763820637486,23.728524475563,24.674422276675,25.530408882817,
    26.439181751574,27.329575345756,28.203542707491,28.998544434436,
    29.851442200626,30.702034885941,31.558695680793,32.363786840272,
    33.262555459008,34.202118316714,35.196909054575,36.177314147534,
    37.320972597039,38.563122142845,39.916198777823,41.276469790388,
    42.885560125174,44.651495886816,46.590899109622,48.549892956214,
    50.871342573664,53.417826896227,55.987800380247),.UNSPECIFIED.);
#2947 = CARTESIAN_POINT('',(41.233518262409,-24.78670592247,0.));
#2948 = CARTESIAN_POINT('',(41.001093767385,-24.42122489525,0.));
#2949 = CARTESIAN_POINT('',(40.521998921888,-23.7018981243,0.));
#2950 = CARTESIAN_POINT('',(39.910583893974,-22.59322763267,0.));
#2951 = CARTESIAN_POINT('',(39.385684309033,-21.5160845729,0.));
#2952 = CARTESIAN_POINT('',(38.935043761803,-20.44209675985,0.));
#2953 = CARTESIAN_POINT('',(38.549730659857,-19.37180212739,0.));
#2954 = CARTESIAN_POINT('',(38.217385890334,-18.2755910763,0.));
#2955 = CARTESIAN_POINT('',(37.948156585472,-17.21047149588,0.));
#2956 = CARTESIAN_POINT('',(37.724987082514,-16.14963341056,0.));
#2957 = CARTESIAN_POINT('',(37.541338075228,-15.09293793278,0.));
#2958 = CARTESIAN_POINT('',(37.387649500721,-14.0123302891,0.));
#2959 = CARTESIAN_POINT('',(37.264802859101,-12.96368364887,0.));
#2960 = CARTESIAN_POINT('',(37.161247081657,-11.92008537408,0.));
#2961 = CARTESIAN_POINT('',(37.070963641732,-10.88205116264,0.));
#2962 = CARTESIAN_POINT('',(36.985630010262,-9.823005061108,0.));
#2963 = CARTESIAN_POINT('',(36.90334895934,-8.79831935196,0.));
#2964 = CARTESIAN_POINT('',(36.815495406022,-7.782607135522,0.));
#2965 = CARTESIAN_POINT('',(36.718595281802,-6.777498794842,0.));
#2966 = CARTESIAN_POINT('',(36.596482489864,-5.759349807569,0.));
#2967 = CARTESIAN_POINT('',(36.438236384735,-4.785267044861,0.));
#2968 = CARTESIAN_POINT('',(36.258407099212,-3.829731527171,0.));
#2969 = CARTESIAN_POINT('',(36.047201040118,-2.896827721317,0.));
#2970 = CARTESIAN_POINT('',(35.793495435002,-1.966078505113,0.));
#2971 = CARTESIAN_POINT('',(35.505654683606,-1.089452207395,0.));
#2972 = CARTESIAN_POINT('',(35.175604563506,-0.247821441944,0.));
#2973 = CARTESIAN_POINT('',(34.800514815006,0.554629345014,0.));
#2974 = CARTESIAN_POINT('',(34.36371116835,1.332310544627,0.));
#2975 = CARTESIAN_POINT('',(33.88490693976,2.039749645056,0.));
#2976 = CARTESIAN_POINT('',(33.353337266256,2.692340435974,0.));
#2977 = CARTESIAN_POINT('',(32.766705433227,3.285650502111,0.));
#2978 = CARTESIAN_POINT('',(32.103287289468,3.825240032897,0.));
#2979 = CARTESIAN_POINT('',(31.395441013013,4.276468384663,0.));
#2980 = CARTESIAN_POINT('',(30.625905076025,4.64968731769,0.));
#2981 = CARTESIAN_POINT('',(29.790801678918,4.938046829651,0.));
#2982 = CARTESIAN_POINT('',(28.864372986251,5.132942360467,0.));
#2983 = CARTESIAN_POINT('',(27.893595415882,5.215470689358,0.));
#2984 = CARTESIAN_POINT('',(26.853228041391,5.180093983858,0.));
#2985 = CARTESIAN_POINT('',(25.736820849619,5.034241072697,0.));
#2986 = CARTESIAN_POINT('',(24.541554374165,4.665353277316,0.));
#2987 = CARTESIAN_POINT('',(23.326217541903,4.150373092614,0.));
#2988 = CARTESIAN_POINT('',(22.055043809891,3.467808158938,0.));
#2989 = CARTESIAN_POINT('',(20.732707992435,2.603374369183,0.));
#2990 = CARTESIAN_POINT('',(19.332930589726,1.51045603656,0.));
#2991 = CARTESIAN_POINT('',(17.943412608698,0.245438248009,0.));
#2992 = CARTESIAN_POINT('',(16.486327429746,-1.293425124031,0.));
#2993 = CARTESIAN_POINT('',(15.140811768957,-2.869205322024,0.));
#2994 = CARTESIAN_POINT('',(13.185921011211,-5.593520042199,0.));
#2995 = CARTESIAN_POINT('',(13.498050932648,-5.17812186136,0.));
#2996 = CARTESIAN_POINT('',(12.199443374617,-7.170973275911,0.));
#2997 = PCURVE('',#224,#2998);
#2998 = DEFINITIONAL_REPRESENTATION('',(#2999),#3050);
#2999 = B_SPLINE_CURVE_WITH_KNOTS('',3,(#3000,#3001,#3002,#3003,#3004,
    #3005,#3006,#3007,#3008,#3009,#3010,#3011,#3012,#3013,#3014,#3015,
    #3016,#3017,#3018,#3019,#3020,#3021,#3022,#3023,#3024,#3025,#3026,
    #3027,#3028,#3029,#3030,#3031,#3032,#3033,#3034,#3035,#3036,#3037,
    #3038,#3039,#3040,#3041,#3042,#3043,#3044,#3045,#3046,#3047,#3048,
    #3049),.UNSPECIFIED.,.F.,.F.,(4,1,1,1,1,1,1,1,1,1,1,1,1,1,1,1,1,1,1,
    1,1,1,1,1,1,1,1,1,1,1,1,1,1,1,1,1,1,1,1,1,1,1,1,1,1,1,1,4),(0.,
    1.310275187177,2.575554712222,3.800853833955,4.902089094641,
    6.06831455688,7.21183434275,8.337173980858,9.363078484396,
    10.46331856218,11.554153671202,12.637112639117,13.630528059043,
    14.700223728197,15.762924250692,16.817962772309,17.784172052652,
    18.821404601302,19.84721146813,20.859830292326,21.78133906864,
    22.763820637486,23.728524475563,24.674422276675,25.530408882817,
    26.439181751574,27.329575345756,28.203542707491,28.998544434436,
    29.851442200626,30.702034885941,31.558695680793,32.363786840272,
    33.262555459008,34.202118316714,35.196909054575,36.177314147534,
    37.320972597039,38.563122142845,39.916198777823,41.276469790388,
    42.885560125174,44.651495886816,46.590899109622,48.549892956214,
    50.871342573664,53.417826896227,55.987800380247),.UNSPECIFIED.);
#3000 = CARTESIAN_POINT('',(41.233518262409,-24.78670592247));
#3001 = CARTESIAN_POINT('',(41.001093767385,-24.42122489525));
#3002 = CARTESIAN_POINT('',(40.521998921888,-23.7018981243));
#3003 = CARTESIAN_POINT('',(39.910583893974,-22.59322763267));
#3004 = CARTESIAN_POINT('',(39.385684309033,-21.5160845729));
#3005 = CARTESIAN_POINT('',(38.935043761803,-20.44209675985));
#3006 = CARTESIAN_POINT('',(38.549730659857,-19.37180212739));
#3007 = CARTESIAN_POINT('',(38.217385890334,-18.2755910763));
#3008 = CARTESIAN_POINT('',(37.948156585472,-17.21047149588));
#3009 = CARTESIAN_POINT('',(37.724987082514,-16.14963341056));
#3010 = CARTESIAN_POINT('',(37.541338075228,-15.09293793278));
#3011 = CARTESIAN_POINT('',(37.387649500721,-14.0123302891));
#3012 = CARTESIAN_POINT('',(37.264802859101,-12.96368364887));
#3013 = CARTESIAN_POINT('',(37.161247081657,-11.92008537408));
#3014 = CARTESIAN_POINT('',(37.070963641732,-10.88205116264));
#3015 = CARTESIAN_POINT('',(36.985630010262,-9.823005061108));
#3016 = CARTESIAN_POINT('',(36.90334895934,-8.79831935196));
#3017 = CARTESIAN_POINT('',(36.815495406022,-7.782607135522));
#3018 = CARTESIAN_POINT('',(36.718595281802,-6.777498794842));
#3019 = CARTESIAN_POINT('',(36.596482489864,-5.759349807569));
#3020 = CARTESIAN_POINT('',(36.438236384735,-4.785267044861));
#3021 = CARTESIAN_POINT('',(36.258407099212,-3.829731527171));
#3022 = CARTESIAN_POINT('',(36.047201040118,-2.896827721317));
#3023 = CARTESIAN_POINT('',(35.793495435002,-1.966078505113));
#3024 = CARTESIAN_POINT('',(35.505654683606,-1.089452207395));
#3025 = CARTESIAN_POINT('',(35.175604563506,-0.247821441944));
#3026 = CARTESIAN_POINT('',(34.800514815006,0.554629345014));
#3027 = CARTESIAN_POINT('',(34.36371116835,1.332310544627));
#3028 = CARTESIAN_POINT('',(33.88490693976,2.039749645056));
#3029 = CARTESIAN_POINT('',(33.353337266256,2.692340435974));
#3030 = CARTESIAN_POINT('',(32.766705433227,3.285650502111));
#3031 = CARTESIAN_POINT('',(32.103287289468,3.825240032897));
#3032 = CARTESIAN_POINT('',(31.395441013013,4.276468384663));
#3033 = CARTESIAN_POINT('',(30.625905076025,4.64968731769));
#3034 = CARTESIAN_POINT('',(29.790801678918,4.938046829651));
#3035 = CARTESIAN_POINT('',(28.864372986251,5.132942360467));
#3036 = CARTESIAN_POINT('',(27.893595415882,5.215470689358));
#3037 = CARTESIAN_POINT('',(26.853228041391,5.180093983858));
#3038 = CARTESIAN_POINT('',(25.736820849619,5.034241072697));
#3039 = CARTESIAN_POINT('',(24.541554374165,4.665353277316));
#3040 = CARTESIAN_POINT('',(23.326217541903,4.150373092614));
#3041 = CARTESIAN_POINT('',(22.055043809891,3.467808158938));
#3042 = CARTESIAN_POINT('',(20.732707992435,2.603374369183));
#3043 = CARTESIAN_POINT('',(19.332930589726,1.51045603656));
#3044 = CARTESIAN_POINT('',(17.943412608698,0.245438248009));
#3045 = CARTESIAN_POINT('',(16.486327429746,-1.293425124031));
#3046 = CARTESIAN_POINT('',(15.140811768957,-2.869205322024));
#3047 = CARTESIAN_POINT('',(13.185921011211,-5.593520042199));
#3048 = CARTESIAN_POINT('',(13.498050932648,-5.17812186136));
#3049 = CARTESIAN_POINT('',(12.199443374617,-7.170973275911));
#3050 = ( GEOMETRIC_REPRESENTATION_CONTEXT(2) 
PARAMETRIC_REPRESENTATION_CONTEXT() REPRESENTATION_CONTEXT('2D SPACE',''
  ) );
#3051 = PCURVE('',#3052,#3153);
#3052 = B_SPLINE_SURFACE_WITH_KNOTS('',3,1,(
    (#3053,#3054)
    ,(#3055,#3056)
    ,(#3057,#3058)
    ,(#3059,#3060)
    ,(#3061,#3062)
    ,(#3063,#3064)
    ,(#3065,#3066)
    ,(#3067,#3068)
    ,(#3069,#3070)
    ,(#3071,#3072)
    ,(#3073,#3074)
    ,(#3075,#3076)
    ,(#3077,#3078)
    ,(#3079,#3080)
    ,(#3081,#3082)
    ,(#3083,#3084)
    ,(#3085,#3086)
    ,(#3087,#3088)
    ,(#3089,#3090)
    ,(#3091,#3092)
    ,(#3093,#3094)
    ,(#3095,#3096)
    ,(#3097,#3098)
    ,(#3099,#3100)
    ,(#3101,#3102)
    ,(#3103,#3104)
    ,(#3105,#3106)
    ,(#3107,#3108)
    ,(#3109,#3110)
    ,(#3111,#3112)
    ,(#3113,#3114)
    ,(#3115,#3116)
    ,(#3117,#3118)
    ,(#3119,#3120)
    ,(#3121,#3122)
    ,(#3123,#3124)
    ,(#3125,#3126)
    ,(#3127,#3128)
    ,(#3129,#3130)
    ,(#3131,#3132)
    ,(#3133,#3134)
    ,(#3135,#3136)
    ,(#3137,#3138)
    ,(#3139,#3140)
    ,(#3141,#3142)
    ,(#3143,#3144)
    ,(#3145,#3146)
    ,(#3147,#3148)
    ,(#3149,#3150)
    ,(#3151,#3152
    )),.UNSPECIFIED.,.F.,.F.,.F.,(4,1,1,1,1,1,1,1,1,1,1,1,1,1,1,1,1,1,1,
    1,1,1,1,1,1,1,1,1,1,1,1,1,1,1,1,1,1,1,1,1,1,1,1,1,1,1,1,4),(2,2),(0.
    ,1.310275187177,2.575554712222,3.800853833955,4.902089094641,
    6.06831455688,7.21183434275,8.337173980858,9.363078484396,
    10.46331856218,11.554153671202,12.637112639117,13.630528059043,
    14.700223728197,15.762924250692,16.817962772309,17.784172052652,
    18.821404601302,19.84721146813,20.859830292326,21.78133906864,
    22.763820637486,23.728524475563,24.674422276675,25.530408882817,
    26.439181751574,27.329575345756,28.203542707491,28.998544434436,
    29.851442200626,30.702034885941,31.558695680793,32.363786840272,
    33.262555459008,34.202118316714,35.196909054575,36.177314147534,
    37.320972597039,38.563122142845,39.916198777823,41.276469790388,
    42.885560125174,44.651495886816,46.590899109622,48.549892956214,
    50.871342573664,53.417826896227,55.987800380247),(-22.4,0.),
  .UNSPECIFIED.);
#3053 = CARTESIAN_POINT('',(41.233518262409,-24.78670592247,22.4));
#3054 = CARTESIAN_POINT('',(41.233518262409,-24.78670592247,0.));
#3055 = CARTESIAN_POINT('',(41.001093767385,-24.42122489525,22.4));
#3056 = CARTESIAN_POINT('',(41.001093767385,-24.42122489525,0.));
#3057 = CARTESIAN_POINT('',(40.521998921888,-23.7018981243,22.4));
#3058 = CARTESIAN_POINT('',(40.521998921888,-23.7018981243,0.));
#3059 = CARTESIAN_POINT('',(39.910583893974,-22.59322763267,22.4));
#3060 = CARTESIAN_POINT('',(39.910583893974,-22.59322763267,0.));
#3061 = CARTESIAN_POINT('',(39.385684309033,-21.5160845729,22.4));
#3062 = CARTESIAN_POINT('',(39.385684309033,-21.5160845729,0.));
#3063 = CARTESIAN_POINT('',(38.935043761803,-20.44209675985,22.4));
#3064 = CARTESIAN_POINT('',(38.935043761803,-20.44209675985,0.));
#3065 = CARTESIAN_POINT('',(38.549730659857,-19.37180212739,22.4));
#3066 = CARTESIAN_POINT('',(38.549730659857,-19.37180212739,0.));
#3067 = CARTESIAN_POINT('',(38.217385890334,-18.2755910763,22.4));
#3068 = CARTESIAN_POINT('',(38.217385890334,-18.2755910763,0.));
#3069 = CARTESIAN_POINT('',(37.948156585472,-17.21047149588,22.4));
#3070 = CARTESIAN_POINT('',(37.948156585472,-17.21047149588,0.));
#3071 = CARTESIAN_POINT('',(37.724987082514,-16.14963341056,22.4));
#3072 = CARTESIAN_POINT('',(37.724987082514,-16.14963341056,0.));
#3073 = CARTESIAN_POINT('',(37.541338075228,-15.09293793278,22.4));
#3074 = CARTESIAN_POINT('',(37.541338075228,-15.09293793278,0.));
#3075 = CARTESIAN_POINT('',(37.387649500721,-14.0123302891,22.4));
#3076 = CARTESIAN_POINT('',(37.387649500721,-14.0123302891,0.));
#3077 = CARTESIAN_POINT('',(37.264802859101,-12.96368364887,22.4));
#3078 = CARTESIAN_POINT('',(37.264802859101,-12.96368364887,0.));
#3079 = CARTESIAN_POINT('',(37.161247081657,-11.92008537408,22.4));
#3080 = CARTESIAN_POINT('',(37.161247081657,-11.92008537408,0.));
#3081 = CARTESIAN_POINT('',(37.070963641732,-10.88205116264,22.4));
#3082 = CARTESIAN_POINT('',(37.070963641732,-10.88205116264,0.));
#3083 = CARTESIAN_POINT('',(36.985630010262,-9.823005061108,22.4));
#3084 = CARTESIAN_POINT('',(36.985630010262,-9.823005061108,0.));
#3085 = CARTESIAN_POINT('',(36.90334895934,-8.79831935196,22.4));
#3086 = CARTESIAN_POINT('',(36.90334895934,-8.79831935196,0.));
#3087 = CARTESIAN_POINT('',(36.815495406022,-7.782607135522,22.4));
#3088 = CARTESIAN_POINT('',(36.815495406022,-7.782607135522,0.));
#3089 = CARTESIAN_POINT('',(36.718595281802,-6.777498794842,22.4));
#3090 = CARTESIAN_POINT('',(36.718595281802,-6.777498794842,0.));
#3091 = CARTESIAN_POINT('',(36.596482489864,-5.759349807569,22.4));
#3092 = CARTESIAN_POINT('',(36.596482489864,-5.759349807569,0.));
#3093 = CARTESIAN_POINT('',(36.438236384735,-4.785267044861,22.4));
#3094 = CARTESIAN_POINT('',(36.438236384735,-4.785267044861,0.));
#3095 = CARTESIAN_POINT('',(36.258407099212,-3.829731527171,22.4));
#3096 = CARTESIAN_POINT('',(36.258407099212,-3.829731527171,0.));
#3097 = CARTESIAN_POINT('',(36.047201040118,-2.896827721317,22.4));
#3098 = CARTESIAN_POINT('',(36.047201040118,-2.896827721317,0.));
#3099 = CARTESIAN_POINT('',(35.793495435002,-1.966078505113,22.4));
#3100 = CARTESIAN_POINT('',(35.793495435002,-1.966078505113,0.));
#3101 = CARTESIAN_POINT('',(35.505654683606,-1.089452207395,22.4));
#3102 = CARTESIAN_POINT('',(35.505654683606,-1.089452207395,0.));
#3103 = CARTESIAN_POINT('',(35.175604563506,-0.247821441944,22.4));
#3104 = CARTESIAN_POINT('',(35.175604563506,-0.247821441944,0.));
#3105 = CARTESIAN_POINT('',(34.800514815006,0.554629345014,22.4));
#3106 = CARTESIAN_POINT('',(34.800514815006,0.554629345014,0.));
#3107 = CARTESIAN_POINT('',(34.36371116835,1.332310544627,22.4));
#3108 = CARTESIAN_POINT('',(34.36371116835,1.332310544627,0.));
#3109 = CARTESIAN_POINT('',(33.88490693976,2.039749645056,22.4));
#3110 = CARTESIAN_POINT('',(33.88490693976,2.039749645056,0.));
#3111 = CARTESIAN_POINT('',(33.353337266256,2.692340435974,22.4));
#3112 = CARTESIAN_POINT('',(33.353337266256,2.692340435974,0.));
#3113 = CARTESIAN_POINT('',(32.766705433227,3.285650502111,22.4));
#3114 = CARTESIAN_POINT('',(32.766705433227,3.285650502111,0.));
#3115 = CARTESIAN_POINT('',(32.103287289468,3.825240032897,22.4));
#3116 = CARTESIAN_POINT('',(32.103287289468,3.825240032897,0.));
#3117 = CARTESIAN_POINT('',(31.395441013013,4.276468384663,22.4));
#3118 = CARTESIAN_POINT('',(31.395441013013,4.276468384663,0.));
#3119 = CARTESIAN_POINT('',(30.625905076025,4.64968731769,22.4));
#3120 = CARTESIAN_POINT('',(30.625905076025,4.64968731769,0.));
#3121 = CARTESIAN_POINT('',(29.790801678918,4.938046829651,22.4));
#3122 = CARTESIAN_POINT('',(29.790801678918,4.938046829651,0.));
#3123 = CARTESIAN_POINT('',(28.864372986251,5.132942360467,22.4));
#3124 = CARTESIAN_POINT('',(28.864372986251,5.132942360467,0.));
#3125 = CARTESIAN_POINT('',(27.893595415882,5.215470689358,22.4));
#3126 = CARTESIAN_POINT('',(27.893595415882,5.215470689358,0.));
#3127 = CARTESIAN_POINT('',(26.853228041391,5.180093983858,22.4));
#3128 = CARTESIAN_POINT('',(26.853228041391,5.180093983858,0.));
#3129 = CARTESIAN_POINT('',(25.736820849619,5.034241072697,22.4));
#3130 = CARTESIAN_POINT('',(25.736820849619,5.034241072697,0.));
#3131 = CARTESIAN_POINT('',(24.541554374165,4.665353277316,22.4));
#3132 = CARTESIAN_POINT('',(24.541554374165,4.665353277316,0.));
#3133 = CARTESIAN_POINT('',(23.326217541903,4.150373092614,22.4));
#3134 = CARTESIAN_POINT('',(23.326217541903,4.150373092614,0.));
#3135 = CARTESIAN_POINT('',(22.055043809891,3.467808158938,22.4));
#3136 = CARTESIAN_POINT('',(22.055043809891,3.467808158938,0.));
#3137 = CARTESIAN_POINT('',(20.732707992435,2.603374369183,22.4));
#3138 = CARTESIAN_POINT('',(20.732707992435,2.603374369183,0.));
#3139 = CARTESIAN_POINT('',(19.332930589726,1.51045603656,22.4));
#3140 = CARTESIAN_POINT('',(19.332930589726,1.51045603656,0.));
#3141 = CARTESIAN_POINT('',(17.943412608698,0.245438248009,22.4));
#3142 = CARTESIAN_POINT('',(17.943412608698,0.245438248009,0.));
#3143 = CARTESIAN_POINT('',(16.486327429746,-1.293425124031,22.4));
#3144 = CARTESIAN_POINT('',(16.486327429746,-1.293425124031,0.));
#3145 = CARTESIAN_POINT('',(15.140811768957,-2.869205322024,22.4));
#3146 = CARTESIAN_POINT('',(15.140811768957,-2.869205322024,0.));
#3147 = CARTESIAN_POINT('',(13.185921011211,-5.593520042199,22.4));
#3148 = CARTESIAN_POINT('',(13.185921011211,-5.593520042199,0.));
#3149 = CARTESIAN_POINT('',(13.498050932648,-5.17812186136,22.4));
#3150 = CARTESIAN_POINT('',(13.498050932648,-5.17812186136,0.));
#3151 = CARTESIAN_POINT('',(12.199443374617,-7.170973275911,22.4));
#3152 = CARTESIAN_POINT('',(12.199443374617,-7.170973275911,0.));
#3153 = DEFINITIONAL_REPRESENTATION('',(#3154),#3158);
#3154 = LINE('',#3155,#3156);
#3155 = CARTESIAN_POINT('',(0.,0.));
#3156 = VECTOR('',#3157,1.);
#3157 = DIRECTION('',(1.,0.));
#3158 = ( GEOMETRIC_REPRESENTATION_CONTEXT(2) 
PARAMETRIC_REPRESENTATION_CONTEXT() REPRESENTATION_CONTEXT('2D SPACE',''
  ) );
#3159 = ORIENTED_EDGE('',*,*,#3160,.F.);
#3160 = EDGE_CURVE('',#3161,#2943,#3163,.T.);
#3161 = VERTEX_POINT('',#3162);
#3162 = CARTESIAN_POINT('',(41.471392120068,-25.1470402955,0.));
#3163 = SURFACE_CURVE('',#3164,(#3168,#3175),.PCURVE_S1.);
#3164 = LINE('',#3165,#3166);
#3165 = CARTESIAN_POINT('',(42.566576121973,-26.8060390798,0.));
#3166 = VECTOR('',#3167,1.);
#3167 = DIRECTION('',(-0.550927986848,0.834552786412,0.));
#3168 = PCURVE('',#224,#3169);
#3169 = DEFINITIONAL_REPRESENTATION('',(#3170),#3174);
#3170 = LINE('',#3171,#3172);
#3171 = CARTESIAN_POINT('',(42.566576121973,-26.8060390798));
#3172 = VECTOR('',#3173,1.);
#3173 = DIRECTION('',(-0.550927986848,0.834552786412));
#3174 = ( GEOMETRIC_REPRESENTATION_CONTEXT(2) 
PARAMETRIC_REPRESENTATION_CONTEXT() REPRESENTATION_CONTEXT('2D SPACE',''
  ) );
#3175 = PCURVE('',#3176,#3181);
#3176 = PLANE('',#3177);
#3177 = AXIS2_PLACEMENT_3D('',#3178,#3179,#3180);
#3178 = CARTESIAN_POINT('',(41.471392120069,-25.1470402955,0.));
#3179 = DIRECTION('',(-0.834552786412,-0.550927986848,0.));
#3180 = DIRECTION('',(-0.550927986848,0.834552786412,0.));
#3181 = DEFINITIONAL_REPRESENTATION('',(#3182),#3186);
#3182 = LINE('',#3183,#3184);
#3183 = CARTESIAN_POINT('',(-1.987889575494,-0.));
#3184 = VECTOR('',#3185,1.);
#3185 = DIRECTION('',(1.,0.));
#3186 = ( GEOMETRIC_REPRESENTATION_CONTEXT(2) 
PARAMETRIC_REPRESENTATION_CONTEXT() REPRESENTATION_CONTEXT('2D SPACE',''
  ) );
#3187 = ORIENTED_EDGE('',*,*,#3188,.F.);
#3188 = EDGE_CURVE('',#3189,#3161,#3191,.T.);
#3189 = VERTEX_POINT('',#3190);
#3190 = CARTESIAN_POINT('',(25.14724214276,-41.47126972511,0.));
#3191 = SURFACE_CURVE('',#3192,(#3197,#3204),.PCURVE_S1.);
#3192 = CIRCLE('',#3193,48.5);
#3193 = AXIS2_PLACEMENT_3D('',#3194,#3195,#3196);
#3194 = CARTESIAN_POINT('',(0.,0.,0.));
#3195 = DIRECTION('',(0.,0.,1.));
#3196 = DIRECTION('',(1.,0.,-0.));
#3197 = PCURVE('',#224,#3198);
#3198 = DEFINITIONAL_REPRESENTATION('',(#3199),#3203);
#3199 = CIRCLE('',#3200,48.5);
#3200 = AXIS2_PLACEMENT_2D('',#3201,#3202);
#3201 = CARTESIAN_POINT('',(0.,-1.204325410458E-15));
#3202 = DIRECTION('',(1.,0.));
#3203 = ( GEOMETRIC_REPRESENTATION_CONTEXT(2) 
PARAMETRIC_REPRESENTATION_CONTEXT() REPRESENTATION_CONTEXT('2D SPACE',''
  ) );
#3204 = PCURVE('',#3205,#3210);
#3205 = CYLINDRICAL_SURFACE('',#3206,48.5);
#3206 = AXIS2_PLACEMENT_3D('',#3207,#3208,#3209);
#3207 = CARTESIAN_POINT('',(0.,0.,0.));
#3208 = DIRECTION('',(-0.,-0.,-1.));
#3209 = DIRECTION('',(1.,0.,-0.));
#3210 = DEFINITIONAL_REPRESENTATION('',(#3211),#3215);
#3211 = LINE('',#3212,#3213);
#3212 = CARTESIAN_POINT('',(-0.,0.));
#3213 = VECTOR('',#3214,1.);
#3214 = DIRECTION('',(-1.,0.));
#3215 = ( GEOMETRIC_REPRESENTATION_CONTEXT(2) 
PARAMETRIC_REPRESENTATION_CONTEXT() REPRESENTATION_CONTEXT('2D SPACE',''
  ) );
#3216 = ORIENTED_EDGE('',*,*,#3217,.F.);
#3217 = EDGE_CURVE('',#2884,#3189,#3218,.T.);
#3218 = SURFACE_CURVE('',#3219,(#3270,#3324),.PCURVE_S1.);
#3219 = B_SPLINE_CURVE_WITH_KNOTS('',3,(#3220,#3221,#3222,#3223,#3224,
    #3225,#3226,#3227,#3228,#3229,#3230,#3231,#3232,#3233,#3234,#3235,
    #3236,#3237,#3238,#3239,#3240,#3241,#3242,#3243,#3244,#3245,#3246,
    #3247,#3248,#3249,#3250,#3251,#3252,#3253,#3254,#3255,#3256,#3257,
    #3258,#3259,#3260,#3261,#3262,#3263,#3264,#3265,#3266,#3267,#3268,
    #3269),.UNSPECIFIED.,.F.,.F.,(4,1,1,1,1,1,1,1,1,1,1,1,1,1,1,1,1,1,1,
    1,1,1,1,1,1,1,1,1,1,1,1,1,1,1,1,1,1,1,1,1,1,1,1,1,1,1,1,4),(0.,
    2.712363629581,5.415653884531,7.889901421053,9.986742084351,
    12.07233621524,13.981450928582,15.730829279285,17.217976489194,
    18.70534511222,20.079261809959,21.357514213245,22.46799558875,
    23.608470848383,24.696515979748,25.743900293344,26.683864297553,
    27.681614976107,28.665922847739,29.643534481927,30.544804484636,
    31.523863593595,32.508882471553,33.502052098633,34.427210166566,
    35.439013636309,36.460687542796,37.491630530293,38.450636928084,
    39.49631232414,40.547756860041,41.603484223464,42.58022774738,
    43.639187672476,44.697549950026,45.75413920775,46.727235587527,
    47.778840627491,48.828245019521,49.876764601754,50.845806288818,
    51.899956703366,52.96296178269,54.040387692291,55.053510242706,
    56.178288511941,57.339605375855,58.548465428582),.UNSPECIFIED.);
#3220 = CARTESIAN_POINT('',(5.720458763507,-9.687078542018,0.));
#3221 = CARTESIAN_POINT('',(6.542816446458,-9.358587563928,0.));
#3222 = CARTESIAN_POINT('',(8.231413027986,-8.644651844641,0.));
#3223 = CARTESIAN_POINT('',(10.720868180564,-7.822167095234,0.));
#3224 = CARTESIAN_POINT('',(13.066299655025,-7.1916838086,0.));
#3225 = CARTESIAN_POINT('',(15.243995701115,-6.760543657476,0.));
#3226 = CARTESIAN_POINT('',(17.260226710286,-6.503681872811,0.));
#3227 = CARTESIAN_POINT('',(19.174618179059,-6.409669017147,0.));
#3228 = CARTESIAN_POINT('',(20.891063451795,-6.468444874619,0.));
#3229 = CARTESIAN_POINT('',(22.455938213411,-6.658292983199,0.));
#3230 = CARTESIAN_POINT('',(23.875671345404,-6.964328078922,0.));
#3231 = CARTESIAN_POINT('',(25.188381372354,-7.392926794409,0.));
#3232 = CARTESIAN_POINT('',(26.359259578321,-7.84774638527,0.));
#3233 = CARTESIAN_POINT('',(27.396600013615,-8.40852467123,0.));
#3234 = CARTESIAN_POINT('',(28.312710935264,-9.045086728748,0.));
#3235 = CARTESIAN_POINT('',(29.127408748418,-9.776498494533,0.));
#3236 = CARTESIAN_POINT('',(29.801005238135,-10.5527967779,0.));
#3237 = CARTESIAN_POINT('',(30.360396500688,-11.37819515922,0.));
#3238 = CARTESIAN_POINT('',(30.811086952417,-12.24425793367,0.));
#3239 = CARTESIAN_POINT('',(31.163599348771,-13.16787113511,0.));
#3240 = CARTESIAN_POINT('',(31.406097955421,-14.09275580809,0.));
#3241 = CARTESIAN_POINT('',(31.558255556528,-15.03439852067,0.));
#3242 = CARTESIAN_POINT('',(31.626742433449,-15.98831041083,0.));
#3243 = CARTESIAN_POINT('',(31.615306363525,-16.97500287046,0.));
#3244 = CARTESIAN_POINT('',(31.531976831167,-17.93999939518,0.));
#3245 = CARTESIAN_POINT('',(31.386215734349,-18.90630001044,0.));
#3246 = CARTESIAN_POINT('',(31.18416226606,-19.87210682091,0.));
#3247 = CARTESIAN_POINT('',(30.924195621521,-20.86034343596,0.));
#3248 = CARTESIAN_POINT('',(30.626135642097,-21.81921529352,0.));
#3249 = CARTESIAN_POINT('',(30.292734380066,-22.77479391876,0.));
#3250 = CARTESIAN_POINT('',(29.924534407737,-23.72473682407,0.));
#3251 = CARTESIAN_POINT('',(29.537496465893,-24.70181386953,0.));
#3252 = CARTESIAN_POINT('',(29.146818884429,-25.65269864414,0.));
#3253 = CARTESIAN_POINT('',(28.743146177644,-26.60083181535,0.));
#3254 = CARTESIAN_POINT('',(28.333989300576,-27.54755462863,0.));
#3255 = CARTESIAN_POINT('',(27.914329883971,-28.51873365336,0.));
#3256 = CARTESIAN_POINT('',(27.51207070161,-29.46624595807,0.));
#3257 = CARTESIAN_POINT('',(27.122180118512,-30.41649911163,0.));
#3258 = CARTESIAN_POINT('',(26.750020206279,-31.37131379199,0.));
#3259 = CARTESIAN_POINT('',(26.39293813358,-32.35870714707,0.));
#3260 = CARTESIAN_POINT('',(26.074962015248,-33.33051979157,0.));
#3261 = CARTESIAN_POINT('',(25.791025411058,-34.31453160042,0.));
#3262 = CARTESIAN_POINT('',(25.545696089859,-35.3137819354,0.));
#3263 = CARTESIAN_POINT('',(25.340471857069,-36.35970069885,0.));
#3264 = CARTESIAN_POINT('',(25.190744592908,-37.3984804466,0.));
#3265 = CARTESIAN_POINT('',(25.094025832403,-38.47436085334,0.));
#3266 = CARTESIAN_POINT('',(25.053160552988,-39.54079169282,0.));
#3267 = CARTESIAN_POINT('',(25.08208213372,-40.83845431383,0.));
#3268 = CARTESIAN_POINT('',(25.134049675194,-41.28460000015,0.));
#3269 = CARTESIAN_POINT('',(25.184078658581,-41.92178803089,0.));
#3270 = PCURVE('',#224,#3271);
#3271 = DEFINITIONAL_REPRESENTATION('',(#3272),#3323);
#3272 = B_SPLINE_CURVE_WITH_KNOTS('',3,(#3273,#3274,#3275,#3276,#3277,
    #3278,#3279,#3280,#3281,#3282,#3283,#3284,#3285,#3286,#3287,#3288,
    #3289,#3290,#3291,#3292,#3293,#3294,#3295,#3296,#3297,#3298,#3299,
    #3300,#3301,#3302,#3303,#3304,#3305,#3306,#3307,#3308,#3309,#3310,
    #3311,#3312,#3313,#3314,#3315,#3316,#3317,#3318,#3319,#3320,#3321,
    #3322),.UNSPECIFIED.,.F.,.F.,(4,1,1,1,1,1,1,1,1,1,1,1,1,1,1,1,1,1,1,
    1,1,1,1,1,1,1,1,1,1,1,1,1,1,1,1,1,1,1,1,1,1,1,1,1,1,1,1,4),(0.,
    2.712363629581,5.415653884531,7.889901421053,9.986742084351,
    12.07233621524,13.981450928582,15.730829279285,17.217976489194,
    18.70534511222,20.079261809959,21.357514213245,22.46799558875,
    23.608470848383,24.696515979748,25.743900293344,26.683864297553,
    27.681614976107,28.665922847739,29.643534481927,30.544804484636,
    31.523863593595,32.508882471553,33.502052098633,34.427210166566,
    35.439013636309,36.460687542796,37.491630530293,38.450636928084,
    39.49631232414,40.547756860041,41.603484223464,42.58022774738,
    43.639187672476,44.697549950026,45.75413920775,46.727235587527,
    47.778840627491,48.828245019521,49.876764601754,50.845806288818,
    51.899956703366,52.96296178269,54.040387692291,55.053510242706,
    56.178288511941,57.339605375855,58.548465428582),.UNSPECIFIED.);
#3273 = CARTESIAN_POINT('',(5.720458763507,-9.687078542018));
#3274 = CARTESIAN_POINT('',(6.542816446458,-9.358587563928));
#3275 = CARTESIAN_POINT('',(8.231413027986,-8.644651844641));
#3276 = CARTESIAN_POINT('',(10.720868180564,-7.822167095234));
#3277 = CARTESIAN_POINT('',(13.066299655025,-7.1916838086));
#3278 = CARTESIAN_POINT('',(15.243995701115,-6.760543657476));
#3279 = CARTESIAN_POINT('',(17.260226710286,-6.503681872811));
#3280 = CARTESIAN_POINT('',(19.174618179059,-6.409669017147));
#3281 = CARTESIAN_POINT('',(20.891063451795,-6.468444874619));
#3282 = CARTESIAN_POINT('',(22.455938213411,-6.658292983199));
#3283 = CARTESIAN_POINT('',(23.875671345404,-6.964328078922));
#3284 = CARTESIAN_POINT('',(25.188381372354,-7.392926794409));
#3285 = CARTESIAN_POINT('',(26.359259578321,-7.84774638527));
#3286 = CARTESIAN_POINT('',(27.396600013615,-8.40852467123));
#3287 = CARTESIAN_POINT('',(28.312710935264,-9.045086728748));
#3288 = CARTESIAN_POINT('',(29.127408748418,-9.776498494533));
#3289 = CARTESIAN_POINT('',(29.801005238135,-10.5527967779));
#3290 = CARTESIAN_POINT('',(30.360396500688,-11.37819515922));
#3291 = CARTESIAN_POINT('',(30.811086952417,-12.24425793367));
#3292 = CARTESIAN_POINT('',(31.163599348771,-13.16787113511));
#3293 = CARTESIAN_POINT('',(31.406097955421,-14.09275580809));
#3294 = CARTESIAN_POINT('',(31.558255556528,-15.03439852067));
#3295 = CARTESIAN_POINT('',(31.626742433449,-15.98831041083));
#3296 = CARTESIAN_POINT('',(31.615306363525,-16.97500287046));
#3297 = CARTESIAN_POINT('',(31.531976831167,-17.93999939518));
#3298 = CARTESIAN_POINT('',(31.386215734349,-18.90630001044));
#3299 = CARTESIAN_POINT('',(31.18416226606,-19.87210682091));
#3300 = CARTESIAN_POINT('',(30.924195621521,-20.86034343596));
#3301 = CARTESIAN_POINT('',(30.626135642097,-21.81921529352));
#3302 = CARTESIAN_POINT('',(30.292734380066,-22.77479391876));
#3303 = CARTESIAN_POINT('',(29.924534407737,-23.72473682407));
#3304 = CARTESIAN_POINT('',(29.537496465893,-24.70181386953));
#3305 = CARTESIAN_POINT('',(29.146818884429,-25.65269864414));
#3306 = CARTESIAN_POINT('',(28.743146177644,-26.60083181535));
#3307 = CARTESIAN_POINT('',(28.333989300576,-27.54755462863));
#3308 = CARTESIAN_POINT('',(27.914329883971,-28.51873365336));
#3309 = CARTESIAN_POINT('',(27.51207070161,-29.46624595807));
#3310 = CARTESIAN_POINT('',(27.122180118512,-30.41649911163));
#3311 = CARTESIAN_POINT('',(26.750020206279,-31.37131379199));
#3312 = CARTESIAN_POINT('',(26.39293813358,-32.35870714707));
#3313 = CARTESIAN_POINT('',(26.074962015248,-33.33051979157));
#3314 = CARTESIAN_POINT('',(25.791025411058,-34.31453160042));
#3315 = CARTESIAN_POINT('',(25.545696089859,-35.3137819354));
#3316 = CARTESIAN_POINT('',(25.340471857069,-36.35970069885));
#3317 = CARTESIAN_POINT('',(25.190744592908,-37.3984804466));
#3318 = CARTESIAN_POINT('',(25.094025832403,-38.47436085334));
#3319 = CARTESIAN_POINT('',(25.053160552988,-39.54079169282));
#3320 = CARTESIAN_POINT('',(25.08208213372,-40.83845431383));
#3321 = CARTESIAN_POINT('',(25.134049675194,-41.28460000015));
#3322 = CARTESIAN_POINT('',(25.184078658581,-41.92178803089));
#3323 = ( GEOMETRIC_REPRESENTATION_CONTEXT(2) 
PARAMETRIC_REPRESENTATION_CONTEXT() REPRESENTATION_CONTEXT('2D SPACE',''
  ) );
#3324 = PCURVE('',#3325,#3426);
#3325 = B_SPLINE_SURFACE_WITH_KNOTS('',3,1,(
    (#3326,#3327)
    ,(#3328,#3329)
    ,(#3330,#3331)
    ,(#3332,#3333)
    ,(#3334,#3335)
    ,(#3336,#3337)
    ,(#3338,#3339)
    ,(#3340,#3341)
    ,(#3342,#3343)
    ,(#3344,#3345)
    ,(#3346,#3347)
    ,(#3348,#3349)
    ,(#3350,#3351)
    ,(#3352,#3353)
    ,(#3354,#3355)
    ,(#3356,#3357)
    ,(#3358,#3359)
    ,(#3360,#3361)
    ,(#3362,#3363)
    ,(#3364,#3365)
    ,(#3366,#3367)
    ,(#3368,#3369)
    ,(#3370,#3371)
    ,(#3372,#3373)
    ,(#3374,#3375)
    ,(#3376,#3377)
    ,(#3378,#3379)
    ,(#3380,#3381)
    ,(#3382,#3383)
    ,(#3384,#3385)
    ,(#3386,#3387)
    ,(#3388,#3389)
    ,(#3390,#3391)
    ,(#3392,#3393)
    ,(#3394,#3395)
    ,(#3396,#3397)
    ,(#3398,#3399)
    ,(#3400,#3401)
    ,(#3402,#3403)
    ,(#3404,#3405)
    ,(#3406,#3407)
    ,(#3408,#3409)
    ,(#3410,#3411)
    ,(#3412,#3413)
    ,(#3414,#3415)
    ,(#3416,#3417)
    ,(#3418,#3419)
    ,(#3420,#3421)
    ,(#3422,#3423)
    ,(#3424,#3425
    )),.UNSPECIFIED.,.F.,.F.,.F.,(4,1,1,1,1,1,1,1,1,1,1,1,1,1,1,1,1,1,1,
    1,1,1,1,1,1,1,1,1,1,1,1,1,1,1,1,1,1,1,1,1,1,1,1,1,1,1,1,4),(2,2),(0.
    ,2.712363629581,5.415653884531,7.889901421053,9.986742084351,
    12.07233621524,13.981450928582,15.730829279285,17.217976489194,
    18.70534511222,20.079261809959,21.357514213245,22.46799558875,
    23.608470848383,24.696515979748,25.743900293344,26.683864297553,
    27.681614976107,28.665922847739,29.643534481927,30.544804484636,
    31.523863593595,32.508882471553,33.502052098633,34.427210166566,
    35.439013636309,36.460687542796,37.491630530293,38.450636928084,
    39.49631232414,40.547756860041,41.603484223464,42.58022774738,
    43.639187672476,44.697549950026,45.75413920775,46.727235587527,
    47.778840627491,48.828245019521,49.876764601754,50.845806288818,
    51.899956703366,52.96296178269,54.040387692291,55.053510242706,
    56.178288511941,57.339605375855,58.548465428582),(-22.4,0.),
  .UNSPECIFIED.);
#3326 = CARTESIAN_POINT('',(5.720458763507,-9.687078542018,22.4));
#3327 = CARTESIAN_POINT('',(5.720458763507,-9.687078542018,0.));
#3328 = CARTESIAN_POINT('',(6.542816446458,-9.358587563928,22.4));
#3329 = CARTESIAN_POINT('',(6.542816446458,-9.358587563928,0.));
#3330 = CARTESIAN_POINT('',(8.231413027986,-8.644651844641,22.4));
#3331 = CARTESIAN_POINT('',(8.231413027986,-8.644651844641,0.));
#3332 = CARTESIAN_POINT('',(10.720868180564,-7.822167095234,22.4));
#3333 = CARTESIAN_POINT('',(10.720868180564,-7.822167095234,0.));
#3334 = CARTESIAN_POINT('',(13.066299655025,-7.1916838086,22.4));
#3335 = CARTESIAN_POINT('',(13.066299655025,-7.1916838086,0.));
#3336 = CARTESIAN_POINT('',(15.243995701115,-6.760543657476,22.4));
#3337 = CARTESIAN_POINT('',(15.243995701115,-6.760543657476,0.));
#3338 = CARTESIAN_POINT('',(17.260226710286,-6.503681872811,22.4));
#3339 = CARTESIAN_POINT('',(17.260226710286,-6.503681872811,0.));
#3340 = CARTESIAN_POINT('',(19.174618179059,-6.409669017147,22.4));
#3341 = CARTESIAN_POINT('',(19.174618179059,-6.409669017147,0.));
#3342 = CARTESIAN_POINT('',(20.891063451795,-6.468444874619,22.4));
#3343 = CARTESIAN_POINT('',(20.891063451795,-6.468444874619,0.));
#3344 = CARTESIAN_POINT('',(22.455938213411,-6.658292983199,22.4));
#3345 = CARTESIAN_POINT('',(22.455938213411,-6.658292983199,0.));
#3346 = CARTESIAN_POINT('',(23.875671345404,-6.964328078922,22.4));
#3347 = CARTESIAN_POINT('',(23.875671345404,-6.964328078922,0.));
#3348 = CARTESIAN_POINT('',(25.188381372354,-7.392926794409,22.4));
#3349 = CARTESIAN_POINT('',(25.188381372354,-7.392926794409,0.));
#3350 = CARTESIAN_POINT('',(26.359259578321,-7.84774638527,22.4));
#3351 = CARTESIAN_POINT('',(26.359259578321,-7.84774638527,0.));
#3352 = CARTESIAN_POINT('',(27.396600013615,-8.40852467123,22.4));
#3353 = CARTESIAN_POINT('',(27.396600013615,-8.40852467123,0.));
#3354 = CARTESIAN_POINT('',(28.312710935264,-9.045086728748,22.4));
#3355 = CARTESIAN_POINT('',(28.312710935264,-9.045086728748,0.));
#3356 = CARTESIAN_POINT('',(29.127408748418,-9.776498494533,22.4));
#3357 = CARTESIAN_POINT('',(29.127408748418,-9.776498494533,0.));
#3358 = CARTESIAN_POINT('',(29.801005238135,-10.5527967779,22.4));
#3359 = CARTESIAN_POINT('',(29.801005238135,-10.5527967779,0.));
#3360 = CARTESIAN_POINT('',(30.360396500688,-11.37819515922,22.4));
#3361 = CARTESIAN_POINT('',(30.360396500688,-11.37819515922,0.));
#3362 = CARTESIAN_POINT('',(30.811086952417,-12.24425793367,22.4));
#3363 = CARTESIAN_POINT('',(30.811086952417,-12.24425793367,0.));
#3364 = CARTESIAN_POINT('',(31.163599348771,-13.16787113511,22.4));
#3365 = CARTESIAN_POINT('',(31.163599348771,-13.16787113511,0.));
#3366 = CARTESIAN_POINT('',(31.406097955421,-14.09275580809,22.4));
#3367 = CARTESIAN_POINT('',(31.406097955421,-14.09275580809,0.));
#3368 = CARTESIAN_POINT('',(31.558255556528,-15.03439852067,22.4));
#3369 = CARTESIAN_POINT('',(31.558255556528,-15.03439852067,0.));
#3370 = CARTESIAN_POINT('',(31.626742433449,-15.98831041083,22.4));
#3371 = CARTESIAN_POINT('',(31.626742433449,-15.98831041083,0.));
#3372 = CARTESIAN_POINT('',(31.615306363525,-16.97500287046,22.4));
#3373 = CARTESIAN_POINT('',(31.615306363525,-16.97500287046,0.));
#3374 = CARTESIAN_POINT('',(31.531976831167,-17.93999939518,22.4));
#3375 = CARTESIAN_POINT('',(31.531976831167,-17.93999939518,0.));
#3376 = CARTESIAN_POINT('',(31.386215734349,-18.90630001044,22.4));
#3377 = CARTESIAN_POINT('',(31.386215734349,-18.90630001044,0.));
#3378 = CARTESIAN_POINT('',(31.18416226606,-19.87210682091,22.4));
#3379 = CARTESIAN_POINT('',(31.18416226606,-19.87210682091,0.));
#3380 = CARTESIAN_POINT('',(30.924195621521,-20.86034343596,22.4));
#3381 = CARTESIAN_POINT('',(30.924195621521,-20.86034343596,0.));
#3382 = CARTESIAN_POINT('',(30.626135642097,-21.81921529352,22.4));
#3383 = CARTESIAN_POINT('',(30.626135642097,-21.81921529352,0.));
#3384 = CARTESIAN_POINT('',(30.292734380066,-22.77479391876,22.4));
#3385 = CARTESIAN_POINT('',(30.292734380066,-22.77479391876,0.));
#3386 = CARTESIAN_POINT('',(29.924534407737,-23.72473682407,22.4));
#3387 = CARTESIAN_POINT('',(29.924534407737,-23.72473682407,0.));
#3388 = CARTESIAN_POINT('',(29.537496465893,-24.70181386953,22.4));
#3389 = CARTESIAN_POINT('',(29.537496465893,-24.70181386953,0.));
#3390 = CARTESIAN_POINT('',(29.146818884429,-25.65269864414,22.4));
#3391 = CARTESIAN_POINT('',(29.146818884429,-25.65269864414,0.));
#3392 = CARTESIAN_POINT('',(28.743146177644,-26.60083181535,22.4));
#3393 = CARTESIAN_POINT('',(28.743146177644,-26.60083181535,0.));
#3394 = CARTESIAN_POINT('',(28.333989300576,-27.54755462863,22.4));
#3395 = CARTESIAN_POINT('',(28.333989300576,-27.54755462863,0.));
#3396 = CARTESIAN_POINT('',(27.914329883971,-28.51873365336,22.4));
#3397 = CARTESIAN_POINT('',(27.914329883971,-28.51873365336,0.));
#3398 = CARTESIAN_POINT('',(27.51207070161,-29.46624595807,22.4));
#3399 = CARTESIAN_POINT('',(27.51207070161,-29.46624595807,0.));
#3400 = CARTESIAN_POINT('',(27.122180118512,-30.41649911163,22.4));
#3401 = CARTESIAN_POINT('',(27.122180118512,-30.41649911163,0.));
#3402 = CARTESIAN_POINT('',(26.750020206279,-31.37131379199,22.4));
#3403 = CARTESIAN_POINT('',(26.750020206279,-31.37131379199,0.));
#3404 = CARTESIAN_POINT('',(26.39293813358,-32.35870714707,22.4));
#3405 = CARTESIAN_POINT('',(26.39293813358,-32.35870714707,0.));
#3406 = CARTESIAN_POINT('',(26.074962015248,-33.33051979157,22.4));
#3407 = CARTESIAN_POINT('',(26.074962015248,-33.33051979157,0.));
#3408 = CARTESIAN_POINT('',(25.791025411058,-34.31453160042,22.4));
#3409 = CARTESIAN_POINT('',(25.791025411058,-34.31453160042,0.));
#3410 = CARTESIAN_POINT('',(25.545696089859,-35.3137819354,22.4));
#3411 = CARTESIAN_POINT('',(25.545696089859,-35.3137819354,0.));
#3412 = CARTESIAN_POINT('',(25.340471857069,-36.35970069885,22.4));
#3413 = CARTESIAN_POINT('',(25.340471857069,-36.35970069885,0.));
#3414 = CARTESIAN_POINT('',(25.190744592908,-37.3984804466,22.4));
#3415 = CARTESIAN_POINT('',(25.190744592908,-37.3984804466,0.));
#3416 = CARTESIAN_POINT('',(25.094025832403,-38.47436085334,22.4));
#3417 = CARTESIAN_POINT('',(25.094025832403,-38.47436085334,0.));
#3418 = CARTESIAN_POINT('',(25.053160552988,-39.54079169282,22.4));
#3419 = CARTESIAN_POINT('',(25.053160552988,-39.54079169282,0.));
#3420 = CARTESIAN_POINT('',(25.08208213372,-40.83845431383,22.4));
#3421 = CARTESIAN_POINT('',(25.08208213372,-40.83845431383,0.));
#3422 = CARTESIAN_POINT('',(25.134049675194,-41.28460000015,22.4));
#3423 = CARTESIAN_POINT('',(25.134049675194,-41.28460000015,0.));
#3424 = CARTESIAN_POINT('',(25.184078658581,-41.92178803089,22.4));
#3425 = CARTESIAN_POINT('',(25.184078658581,-41.92178803089,0.));
#3426 = DEFINITIONAL_REPRESENTATION('',(#3427),#3431);
#3427 = LINE('',#3428,#3429);
#3428 = CARTESIAN_POINT('',(0.,0.));
#3429 = VECTOR('',#3430,1.);
#3430 = DIRECTION('',(1.,0.));
#3431 = ( GEOMETRIC_REPRESENTATION_CONTEXT(2) 
PARAMETRIC_REPRESENTATION_CONTEXT() REPRESENTATION_CONTEXT('2D SPACE',''
  ) );
#3432 = FACE_BOUND('',#3433,.F.);
#3433 = EDGE_LOOP('',(#3434,#3465,#3493,#3711,#3739,#3768));
#3434 = ORIENTED_EDGE('',*,*,#3435,.T.);
#3435 = EDGE_CURVE('',#3436,#3438,#3440,.T.);
#3436 = VERTEX_POINT('',#3437);
#3437 = CARTESIAN_POINT('',(12.508642603159,-2.196328806542,0.));
#3438 = VERTEX_POINT('',#3439);
#3439 = CARTESIAN_POINT('',(12.699519069297,-0.11052333949,0.));
#3440 = SURFACE_CURVE('',#3441,(#3446,#3453),.PCURVE_S1.);
#3441 = CIRCLE('',#3442,12.7);
#3442 = AXIS2_PLACEMENT_3D('',#3443,#3444,#3445);
#3443 = CARTESIAN_POINT('',(0.,0.,0.));
#3444 = DIRECTION('',(0.,0.,1.));
#3445 = DIRECTION('',(1.,0.,-0.));
#3446 = PCURVE('',#224,#3447);
#3447 = DEFINITIONAL_REPRESENTATION('',(#3448),#3452);
#3448 = CIRCLE('',#3449,12.7);
#3449 = AXIS2_PLACEMENT_2D('',#3450,#3451);
#3450 = CARTESIAN_POINT('',(0.,-1.204325410458E-15));
#3451 = DIRECTION('',(1.,0.));
#3452 = ( GEOMETRIC_REPRESENTATION_CONTEXT(2) 
PARAMETRIC_REPRESENTATION_CONTEXT() REPRESENTATION_CONTEXT('2D SPACE',''
  ) );
#3453 = PCURVE('',#3454,#3459);
#3454 = CYLINDRICAL_SURFACE('',#3455,12.7);
#3455 = AXIS2_PLACEMENT_3D('',#3456,#3457,#3458);
#3456 = CARTESIAN_POINT('',(0.,0.,0.));
#3457 = DIRECTION('',(-0.,-0.,-1.));
#3458 = DIRECTION('',(1.,0.,-0.));
#3459 = DEFINITIONAL_REPRESENTATION('',(#3460),#3464);
#3460 = LINE('',#3461,#3462);
#3461 = CARTESIAN_POINT('',(-0.,0.));
#3462 = VECTOR('',#3463,1.);
#3463 = DIRECTION('',(-1.,0.));
#3464 = ( GEOMETRIC_REPRESENTATION_CONTEXT(2) 
PARAMETRIC_REPRESENTATION_CONTEXT() REPRESENTATION_CONTEXT('2D SPACE',''
  ) );
#3465 = ORIENTED_EDGE('',*,*,#3466,.F.);
#3466 = EDGE_CURVE('',#3467,#3438,#3469,.T.);
#3467 = VERTEX_POINT('',#3468);
#3468 = CARTESIAN_POINT('',(14.150514512404,-0.11052333949,0.));
#3469 = SURFACE_CURVE('',#3470,(#3474,#3481),.PCURVE_S1.);
#3470 = LINE('',#3471,#3472);
#3471 = CARTESIAN_POINT('',(14.150514512404,-0.11052333949,0.));
#3472 = VECTOR('',#3473,1.);
#3473 = DIRECTION('',(-1.,0.,0.));
#3474 = PCURVE('',#224,#3475);
#3475 = DEFINITIONAL_REPRESENTATION('',(#3476),#3480);
#3476 = LINE('',#3477,#3478);
#3477 = CARTESIAN_POINT('',(14.150514512404,-0.11052333949));
#3478 = VECTOR('',#3479,1.);
#3479 = DIRECTION('',(-1.,0.));
#3480 = ( GEOMETRIC_REPRESENTATION_CONTEXT(2) 
PARAMETRIC_REPRESENTATION_CONTEXT() REPRESENTATION_CONTEXT('2D SPACE',''
  ) );
#3481 = PCURVE('',#3482,#3487);
#3482 = PLANE('',#3483);
#3483 = AXIS2_PLACEMENT_3D('',#3484,#3485,#3486);
#3484 = CARTESIAN_POINT('',(14.150514512404,-0.11052333949,0.));
#3485 = DIRECTION('',(0.,-1.,0.));
#3486 = DIRECTION('',(-1.,0.,0.));
#3487 = DEFINITIONAL_REPRESENTATION('',(#3488),#3492);
#3488 = LINE('',#3489,#3490);
#3489 = CARTESIAN_POINT('',(0.,-0.));
#3490 = VECTOR('',#3491,1.);
#3491 = DIRECTION('',(1.,0.));
#3492 = ( GEOMETRIC_REPRESENTATION_CONTEXT(2) 
PARAMETRIC_REPRESENTATION_CONTEXT() REPRESENTATION_CONTEXT('2D SPACE',''
  ) );
#3493 = ORIENTED_EDGE('',*,*,#3494,.F.);
#3494 = EDGE_CURVE('',#3495,#3467,#3497,.T.);
#3495 = VERTEX_POINT('',#3496);
#3496 = CARTESIAN_POINT('',(48.102627263893,-0.849157873792,0.));
#3497 = SURFACE_CURVE('',#3498,(#3549,#3603),.PCURVE_S1.);
#3498 = B_SPLINE_CURVE_WITH_KNOTS('',3,(#3499,#3500,#3501,#3502,#3503,
    #3504,#3505,#3506,#3507,#3508,#3509,#3510,#3511,#3512,#3513,#3514,
    #3515,#3516,#3517,#3518,#3519,#3520,#3521,#3522,#3523,#3524,#3525,
    #3526,#3527,#3528,#3529,#3530,#3531,#3532,#3533,#3534,#3535,#3536,
    #3537,#3538,#3539,#3540,#3541,#3542,#3543,#3544,#3545,#3546,#3547,
    #3548),.UNSPECIFIED.,.F.,.F.,(4,1,1,1,1,1,1,1,1,1,1,1,1,1,1,1,1,1,1,
    1,1,1,1,1,1,1,1,1,1,1,1,1,1,1,1,1,1,1,1,1,1,1,1,1,1,1,1,4),(0.,
    1.310275187177,2.575554712222,3.800853833955,4.902089094641,
    6.06831455688,7.21183434275,8.337173980858,9.363078484396,
    10.46331856218,11.554153671202,12.637112639117,13.630528059043,
    14.700223728197,15.762924250692,16.817962772309,17.784172052652,
    18.821404601302,19.84721146813,20.859830292326,21.78133906864,
    22.763820637486,23.728524475563,24.674422276675,25.530408882817,
    26.439181751574,27.329575345756,28.203542707491,28.998544434436,
    29.851442200626,30.702034885941,31.558695680793,32.363786840272,
    33.262555459008,34.202118316714,35.196909054575,36.177314147534,
    37.320972597039,38.563122142845,39.916198777823,41.276469790388,
    42.885560125174,44.651495886816,46.590899109622,48.549892956214,
    50.871342573664,53.417826896227,55.987800380247),.UNSPECIFIED.);
#3499 = CARTESIAN_POINT('',(48.102627263893,-0.849157873792,0.));
#3500 = CARTESIAN_POINT('',(47.718601233129,-0.648854267128,0.));
#3501 = CARTESIAN_POINT('',(46.944029540635,-0.265446432616,0.));
#3502 = CARTESIAN_POINT('',(45.860193348388,0.388982863609,0.));
#3503 = CARTESIAN_POINT('',(44.867045443507,1.059366324409,0.));
#3504 = CARTESIAN_POINT('',(43.93978537511,1.764146780244,0.));
#3505 = CARTESIAN_POINT('',(43.070947124179,2.498392570523,0.));
#3506 = CARTESIAN_POINT('',(42.235022585415,3.281566803911,0.));
#3507 = CARTESIAN_POINT('',(41.469303377752,4.069372766189,0.));
#3508 = CARTESIAN_POINT('',(40.74561387618,4.8765007459,0.));
#3509 = CARTESIAN_POINT('',(40.058221431601,5.699801370078,0.));
#3510 = CARTESIAN_POINT('',(39.384819399965,6.558790753779,0.));
#3511 = CARTESIAN_POINT('',(38.754107767438,7.405522063,0.));
#3512 = CARTESIAN_POINT('',(38.142626696068,8.25752679159,0.));
#3513 = CARTESIAN_POINT('',(37.545421837831,9.111349068736,0.));
#3514 = CARTESIAN_POINT('',(36.941997694413,9.985843080708,0.));
#3515 = CARTESIAN_POINT('',(36.35839735949,10.832106410265,0.));
#3516 = CARTESIAN_POINT('',(35.774457842286,11.667812215975,0.));
#3517 = CARTESIAN_POINT('',(35.187985702741,12.48981151045,0.));
#3518 = CARTESIAN_POINT('',(34.573158429159,13.310498002297,0.));
#3519 = CARTESIAN_POINT('',(33.949071900713,14.074955367626,0.));
#3520 = CARTESIAN_POINT('',(33.315567412261,14.812558757402,0.));
#3521 = CARTESIAN_POINT('',(32.666205696726,15.514874123011,0.));
#3522 = CARTESIAN_POINT('',(31.981115589511,16.194073786239,0.));
#3523 = CARTESIAN_POINT('',(31.293525037699,16.80933405399,0.));
#3524 = CARTESIAN_POINT('',(30.586877866444,17.373182617427,0.));
#3525 = CARTESIAN_POINT('',(29.860815222065,17.88058050997,0.));
#3526 = CARTESIAN_POINT('',(29.093691567789,18.335670361552,0.));
#3527 = CARTESIAN_POINT('',(28.325315392176,18.708928479858,0.));
#3528 = CARTESIAN_POINT('',(27.538667155581,19.008303846318,0.));
#3529 = CARTESIAN_POINT('',(26.733974052441,19.228809519399,0.));
#3530 = CARTESIAN_POINT('',(25.88964232122,19.364398688796,0.));
#3531 = CARTESIAN_POINT('',(25.051015287954,19.401250766106,0.));
#3532 = CARTESIAN_POINT('',(24.197968150883,19.339699874786,0.));
#3533 = CARTESIAN_POINT('',(23.330567638221,19.171874839014,0.));
#3534 = CARTESIAN_POINT('',(22.430809090169,18.877444973451,0.));
#3535 = CARTESIAN_POINT('',(21.548826888359,18.463527817618,0.));
#3536 = CARTESIAN_POINT('',(20.665530665532,17.912707004707,0.));
#3537 = CARTESIAN_POINT('',(19.771620132071,17.22819108254,0.));
#3538 = CARTESIAN_POINT('',(18.920932897725,16.311091642867,0.));
#3539 = CARTESIAN_POINT('',(18.125910419184,15.257437304339,0.));
#3540 = CARTESIAN_POINT('',(17.366324141475,14.030731866037,0.));
#3541 = CARTESIAN_POINT('',(16.653364626102,12.620942335491,0.));
#3542 = CARTESIAN_POINT('',(15.987581002024,10.974558593824,0.));
#3543 = CARTESIAN_POINT('',(15.416732025714,9.184262062185,0.));
#3544 = CARTESIAN_POINT('',(14.924290931284,7.123024699569,0.));
#3545 = CARTESIAN_POINT('',(14.546930286847,5.085601186932,0.));
#3546 = CARTESIAN_POINT('',(14.216102589103,1.748830052484,0.));
#3547 = CARTESIAN_POINT('',(14.278715939929,2.264640390495,0.));
#3548 = CARTESIAN_POINT('',(14.150514512404,-0.11052333949,0.));
#3549 = PCURVE('',#224,#3550);
#3550 = DEFINITIONAL_REPRESENTATION('',(#3551),#3602);
#3551 = B_SPLINE_CURVE_WITH_KNOTS('',3,(#3552,#3553,#3554,#3555,#3556,
    #3557,#3558,#3559,#3560,#3561,#3562,#3563,#3564,#3565,#3566,#3567,
    #3568,#3569,#3570,#3571,#3572,#3573,#3574,#3575,#3576,#3577,#3578,
    #3579,#3580,#3581,#3582,#3583,#3584,#3585,#3586,#3587,#3588,#3589,
    #3590,#3591,#3592,#3593,#3594,#3595,#3596,#3597,#3598,#3599,#3600,
    #3601),.UNSPECIFIED.,.F.,.F.,(4,1,1,1,1,1,1,1,1,1,1,1,1,1,1,1,1,1,1,
    1,1,1,1,1,1,1,1,1,1,1,1,1,1,1,1,1,1,1,1,1,1,1,1,1,1,1,1,4),(0.,
    1.310275187177,2.575554712222,3.800853833955,4.902089094641,
    6.06831455688,7.21183434275,8.337173980858,9.363078484396,
    10.46331856218,11.554153671202,12.637112639117,13.630528059043,
    14.700223728197,15.762924250692,16.817962772309,17.784172052652,
    18.821404601302,19.84721146813,20.859830292326,21.78133906864,
    22.763820637486,23.728524475563,24.674422276675,25.530408882817,
    26.439181751574,27.329575345756,28.203542707491,28.998544434436,
    29.851442200626,30.702034885941,31.558695680793,32.363786840272,
    33.262555459008,34.202118316714,35.196909054575,36.177314147534,
    37.320972597039,38.563122142845,39.916198777823,41.276469790388,
    42.885560125174,44.651495886816,46.590899109622,48.549892956214,
    50.871342573664,53.417826896227,55.987800380247),.UNSPECIFIED.);
#3552 = CARTESIAN_POINT('',(48.102627263893,-0.849157873792));
#3553 = CARTESIAN_POINT('',(47.718601233129,-0.648854267128));
#3554 = CARTESIAN_POINT('',(46.944029540635,-0.265446432616));
#3555 = CARTESIAN_POINT('',(45.860193348388,0.388982863609));
#3556 = CARTESIAN_POINT('',(44.867045443507,1.059366324409));
#3557 = CARTESIAN_POINT('',(43.93978537511,1.764146780244));
#3558 = CARTESIAN_POINT('',(43.070947124179,2.498392570523));
#3559 = CARTESIAN_POINT('',(42.235022585415,3.281566803911));
#3560 = CARTESIAN_POINT('',(41.469303377752,4.069372766189));
#3561 = CARTESIAN_POINT('',(40.74561387618,4.8765007459));
#3562 = CARTESIAN_POINT('',(40.058221431601,5.699801370078));
#3563 = CARTESIAN_POINT('',(39.384819399965,6.558790753779));
#3564 = CARTESIAN_POINT('',(38.754107767438,7.405522063));
#3565 = CARTESIAN_POINT('',(38.142626696068,8.25752679159));
#3566 = CARTESIAN_POINT('',(37.545421837831,9.111349068736));
#3567 = CARTESIAN_POINT('',(36.941997694413,9.985843080708));
#3568 = CARTESIAN_POINT('',(36.35839735949,10.832106410265));
#3569 = CARTESIAN_POINT('',(35.774457842286,11.667812215975));
#3570 = CARTESIAN_POINT('',(35.187985702741,12.48981151045));
#3571 = CARTESIAN_POINT('',(34.573158429159,13.310498002297));
#3572 = CARTESIAN_POINT('',(33.949071900713,14.074955367626));
#3573 = CARTESIAN_POINT('',(33.315567412261,14.812558757402));
#3574 = CARTESIAN_POINT('',(32.666205696726,15.514874123011));
#3575 = CARTESIAN_POINT('',(31.981115589511,16.194073786239));
#3576 = CARTESIAN_POINT('',(31.293525037699,16.80933405399));
#3577 = CARTESIAN_POINT('',(30.586877866444,17.373182617427));
#3578 = CARTESIAN_POINT('',(29.860815222065,17.88058050997));
#3579 = CARTESIAN_POINT('',(29.093691567789,18.335670361552));
#3580 = CARTESIAN_POINT('',(28.325315392176,18.708928479858));
#3581 = CARTESIAN_POINT('',(27.538667155581,19.008303846318));
#3582 = CARTESIAN_POINT('',(26.733974052441,19.228809519399));
#3583 = CARTESIAN_POINT('',(25.88964232122,19.364398688796));
#3584 = CARTESIAN_POINT('',(25.051015287954,19.401250766106));
#3585 = CARTESIAN_POINT('',(24.197968150883,19.339699874786));
#3586 = CARTESIAN_POINT('',(23.330567638221,19.171874839014));
#3587 = CARTESIAN_POINT('',(22.430809090169,18.877444973451));
#3588 = CARTESIAN_POINT('',(21.548826888359,18.463527817618));
#3589 = CARTESIAN_POINT('',(20.665530665532,17.912707004707));
#3590 = CARTESIAN_POINT('',(19.771620132071,17.22819108254));
#3591 = CARTESIAN_POINT('',(18.920932897725,16.311091642867));
#3592 = CARTESIAN_POINT('',(18.125910419184,15.257437304339));
#3593 = CARTESIAN_POINT('',(17.366324141475,14.030731866037));
#3594 = CARTESIAN_POINT('',(16.653364626102,12.620942335491));
#3595 = CARTESIAN_POINT('',(15.987581002024,10.974558593824));
#3596 = CARTESIAN_POINT('',(15.416732025714,9.184262062185));
#3597 = CARTESIAN_POINT('',(14.924290931284,7.123024699569));
#3598 = CARTESIAN_POINT('',(14.546930286847,5.085601186932));
#3599 = CARTESIAN_POINT('',(14.216102589103,1.748830052484));
#3600 = CARTESIAN_POINT('',(14.278715939929,2.264640390495));
#3601 = CARTESIAN_POINT('',(14.150514512404,-0.11052333949));
#3602 = ( GEOMETRIC_REPRESENTATION_CONTEXT(2) 
PARAMETRIC_REPRESENTATION_CONTEXT() REPRESENTATION_CONTEXT('2D SPACE',''
  ) );
#3603 = PCURVE('',#3604,#3705);
#3604 = B_SPLINE_SURFACE_WITH_KNOTS('',3,1,(
    (#3605,#3606)
    ,(#3607,#3608)
    ,(#3609,#3610)
    ,(#3611,#3612)
    ,(#3613,#3614)
    ,(#3615,#3616)
    ,(#3617,#3618)
    ,(#3619,#3620)
    ,(#3621,#3622)
    ,(#3623,#3624)
    ,(#3625,#3626)
    ,(#3627,#3628)
    ,(#3629,#3630)
    ,(#3631,#3632)
    ,(#3633,#3634)
    ,(#3635,#3636)
    ,(#3637,#3638)
    ,(#3639,#3640)
    ,(#3641,#3642)
    ,(#3643,#3644)
    ,(#3645,#3646)
    ,(#3647,#3648)
    ,(#3649,#3650)
    ,(#3651,#3652)
    ,(#3653,#3654)
    ,(#3655,#3656)
    ,(#3657,#3658)
    ,(#3659,#3660)
    ,(#3661,#3662)
    ,(#3663,#3664)
    ,(#3665,#3666)
    ,(#3667,#3668)
    ,(#3669,#3670)
    ,(#3671,#3672)
    ,(#3673,#3674)
    ,(#3675,#3676)
    ,(#3677,#3678)
    ,(#3679,#3680)
    ,(#3681,#3682)
    ,(#3683,#3684)
    ,(#3685,#3686)
    ,(#3687,#3688)
    ,(#3689,#3690)
    ,(#3691,#3692)
    ,(#3693,#3694)
    ,(#3695,#3696)
    ,(#3697,#3698)
    ,(#3699,#3700)
    ,(#3701,#3702)
    ,(#3703,#3704
    )),.UNSPECIFIED.,.F.,.F.,.F.,(4,1,1,1,1,1,1,1,1,1,1,1,1,1,1,1,1,1,1,
    1,1,1,1,1,1,1,1,1,1,1,1,1,1,1,1,1,1,1,1,1,1,1,1,1,1,1,1,4),(2,2),(0.
    ,1.310275187177,2.575554712222,3.800853833955,4.902089094641,
    6.06831455688,7.21183434275,8.337173980858,9.363078484396,
    10.46331856218,11.554153671202,12.637112639117,13.630528059043,
    14.700223728197,15.762924250692,16.817962772309,17.784172052652,
    18.821404601302,19.84721146813,20.859830292326,21.78133906864,
    22.763820637486,23.728524475563,24.674422276675,25.530408882817,
    26.439181751574,27.329575345756,28.203542707491,28.998544434436,
    29.851442200626,30.702034885941,31.558695680793,32.363786840272,
    33.262555459008,34.202118316714,35.196909054575,36.177314147534,
    37.320972597039,38.563122142845,39.916198777823,41.276469790388,
    42.885560125174,44.651495886816,46.590899109622,48.549892956214,
    50.871342573664,53.417826896227,55.987800380247),(-22.4,0.),
  .UNSPECIFIED.);
#3605 = CARTESIAN_POINT('',(48.102627263893,-0.849157873792,22.4));
#3606 = CARTESIAN_POINT('',(48.102627263893,-0.849157873792,0.));
#3607 = CARTESIAN_POINT('',(47.718601233129,-0.648854267128,22.4));
#3608 = CARTESIAN_POINT('',(47.718601233129,-0.648854267128,0.));
#3609 = CARTESIAN_POINT('',(46.944029540635,-0.265446432616,22.4));
#3610 = CARTESIAN_POINT('',(46.944029540635,-0.265446432616,0.));
#3611 = CARTESIAN_POINT('',(45.860193348388,0.388982863609,22.4));
#3612 = CARTESIAN_POINT('',(45.860193348388,0.388982863609,0.));
#3613 = CARTESIAN_POINT('',(44.867045443507,1.059366324409,22.4));
#3614 = CARTESIAN_POINT('',(44.867045443507,1.059366324409,0.));
#3615 = CARTESIAN_POINT('',(43.93978537511,1.764146780244,22.4));
#3616 = CARTESIAN_POINT('',(43.93978537511,1.764146780244,0.));
#3617 = CARTESIAN_POINT('',(43.070947124179,2.498392570523,22.4));
#3618 = CARTESIAN_POINT('',(43.070947124179,2.498392570523,0.));
#3619 = CARTESIAN_POINT('',(42.235022585415,3.281566803911,22.4));
#3620 = CARTESIAN_POINT('',(42.235022585415,3.281566803911,0.));
#3621 = CARTESIAN_POINT('',(41.469303377752,4.069372766189,22.4));
#3622 = CARTESIAN_POINT('',(41.469303377752,4.069372766189,0.));
#3623 = CARTESIAN_POINT('',(40.74561387618,4.8765007459,22.4));
#3624 = CARTESIAN_POINT('',(40.74561387618,4.8765007459,0.));
#3625 = CARTESIAN_POINT('',(40.058221431601,5.699801370078,22.4));
#3626 = CARTESIAN_POINT('',(40.058221431601,5.699801370078,0.));
#3627 = CARTESIAN_POINT('',(39.384819399965,6.558790753779,22.4));
#3628 = CARTESIAN_POINT('',(39.384819399965,6.558790753779,0.));
#3629 = CARTESIAN_POINT('',(38.754107767438,7.405522063,22.4));
#3630 = CARTESIAN_POINT('',(38.754107767438,7.405522063,0.));
#3631 = CARTESIAN_POINT('',(38.142626696068,8.25752679159,22.4));
#3632 = CARTESIAN_POINT('',(38.142626696068,8.25752679159,0.));
#3633 = CARTESIAN_POINT('',(37.545421837831,9.111349068736,22.4));
#3634 = CARTESIAN_POINT('',(37.545421837831,9.111349068736,0.));
#3635 = CARTESIAN_POINT('',(36.941997694413,9.985843080708,22.4));
#3636 = CARTESIAN_POINT('',(36.941997694413,9.985843080708,0.));
#3637 = CARTESIAN_POINT('',(36.35839735949,10.832106410265,22.4));
#3638 = CARTESIAN_POINT('',(36.35839735949,10.832106410265,0.));
#3639 = CARTESIAN_POINT('',(35.774457842286,11.667812215975,22.4));
#3640 = CARTESIAN_POINT('',(35.774457842286,11.667812215975,0.));
#3641 = CARTESIAN_POINT('',(35.187985702741,12.48981151045,22.4));
#3642 = CARTESIAN_POINT('',(35.187985702741,12.48981151045,0.));
#3643 = CARTESIAN_POINT('',(34.573158429159,13.310498002297,22.4));
#3644 = CARTESIAN_POINT('',(34.573158429159,13.310498002297,0.));
#3645 = CARTESIAN_POINT('',(33.949071900713,14.074955367626,22.4));
#3646 = CARTESIAN_POINT('',(33.949071900713,14.074955367626,0.));
#3647 = CARTESIAN_POINT('',(33.315567412261,14.812558757402,22.4));
#3648 = CARTESIAN_POINT('',(33.315567412261,14.812558757402,0.));
#3649 = CARTESIAN_POINT('',(32.666205696726,15.514874123011,22.4));
#3650 = CARTESIAN_POINT('',(32.666205696726,15.514874123011,0.));
#3651 = CARTESIAN_POINT('',(31.981115589511,16.194073786239,22.4));
#3652 = CARTESIAN_POINT('',(31.981115589511,16.194073786239,0.));
#3653 = CARTESIAN_POINT('',(31.293525037699,16.80933405399,22.4));
#3654 = CARTESIAN_POINT('',(31.293525037699,16.80933405399,0.));
#3655 = CARTESIAN_POINT('',(30.586877866444,17.373182617427,22.4));
#3656 = CARTESIAN_POINT('',(30.586877866444,17.373182617427,0.));
#3657 = CARTESIAN_POINT('',(29.860815222065,17.88058050997,22.4));
#3658 = CARTESIAN_POINT('',(29.860815222065,17.88058050997,0.));
#3659 = CARTESIAN_POINT('',(29.093691567789,18.335670361552,22.4));
#3660 = CARTESIAN_POINT('',(29.093691567789,18.335670361552,0.));
#3661 = CARTESIAN_POINT('',(28.325315392176,18.708928479858,22.4));
#3662 = CARTESIAN_POINT('',(28.325315392176,18.708928479858,0.));
#3663 = CARTESIAN_POINT('',(27.538667155581,19.008303846318,22.4));
#3664 = CARTESIAN_POINT('',(27.538667155581,19.008303846318,0.));
#3665 = CARTESIAN_POINT('',(26.733974052441,19.228809519399,22.4));
#3666 = CARTESIAN_POINT('',(26.733974052441,19.228809519399,0.));
#3667 = CARTESIAN_POINT('',(25.88964232122,19.364398688796,22.4));
#3668 = CARTESIAN_POINT('',(25.88964232122,19.364398688796,0.));
#3669 = CARTESIAN_POINT('',(25.051015287954,19.401250766106,22.4));
#3670 = CARTESIAN_POINT('',(25.051015287954,19.401250766106,0.));
#3671 = CARTESIAN_POINT('',(24.197968150883,19.339699874786,22.4));
#3672 = CARTESIAN_POINT('',(24.197968150883,19.339699874786,0.));
#3673 = CARTESIAN_POINT('',(23.330567638221,19.171874839014,22.4));
#3674 = CARTESIAN_POINT('',(23.330567638221,19.171874839014,0.));
#3675 = CARTESIAN_POINT('',(22.430809090169,18.877444973451,22.4));
#3676 = CARTESIAN_POINT('',(22.430809090169,18.877444973451,0.));
#3677 = CARTESIAN_POINT('',(21.548826888359,18.463527817618,22.4));
#3678 = CARTESIAN_POINT('',(21.548826888359,18.463527817618,0.));
#3679 = CARTESIAN_POINT('',(20.665530665532,17.912707004707,22.4));
#3680 = CARTESIAN_POINT('',(20.665530665532,17.912707004707,0.));
#3681 = CARTESIAN_POINT('',(19.771620132071,17.22819108254,22.4));
#3682 = CARTESIAN_POINT('',(19.771620132071,17.22819108254,0.));
#3683 = CARTESIAN_POINT('',(18.920932897725,16.311091642867,22.4));
#3684 = CARTESIAN_POINT('',(18.920932897725,16.311091642867,0.));
#3685 = CARTESIAN_POINT('',(18.125910419184,15.257437304339,22.4));
#3686 = CARTESIAN_POINT('',(18.125910419184,15.257437304339,0.));
#3687 = CARTESIAN_POINT('',(17.366324141475,14.030731866037,22.4));
#3688 = CARTESIAN_POINT('',(17.366324141475,14.030731866037,0.));
#3689 = CARTESIAN_POINT('',(16.653364626102,12.620942335491,22.4));
#3690 = CARTESIAN_POINT('',(16.653364626102,12.620942335491,0.));
#3691 = CARTESIAN_POINT('',(15.987581002024,10.974558593824,22.4));
#3692 = CARTESIAN_POINT('',(15.987581002024,10.974558593824,0.));
#3693 = CARTESIAN_POINT('',(15.416732025714,9.184262062185,22.4));
#3694 = CARTESIAN_POINT('',(15.416732025714,9.184262062185,0.));
#3695 = CARTESIAN_POINT('',(14.924290931284,7.123024699569,22.4));
#3696 = CARTESIAN_POINT('',(14.924290931284,7.123024699569,0.));
#3697 = CARTESIAN_POINT('',(14.546930286847,5.085601186932,22.4));
#3698 = CARTESIAN_POINT('',(14.546930286847,5.085601186932,0.));
#3699 = CARTESIAN_POINT('',(14.216102589103,1.748830052484,22.4));
#3700 = CARTESIAN_POINT('',(14.216102589103,1.748830052484,0.));
#3701 = CARTESIAN_POINT('',(14.278715939929,2.264640390495,22.4));
#3702 = CARTESIAN_POINT('',(14.278715939929,2.264640390495,0.));
#3703 = CARTESIAN_POINT('',(14.150514512404,-0.11052333949,22.4));
#3704 = CARTESIAN_POINT('',(14.150514512404,-0.11052333949,0.));
#3705 = DEFINITIONAL_REPRESENTATION('',(#3706),#3710);
#3706 = LINE('',#3707,#3708);
#3707 = CARTESIAN_POINT('',(0.,0.));
#3708 = VECTOR('',#3709,1.);
#3709 = DIRECTION('',(1.,0.));
#3710 = ( GEOMETRIC_REPRESENTATION_CONTEXT(2) 
PARAMETRIC_REPRESENTATION_CONTEXT() REPRESENTATION_CONTEXT('2D SPACE',''
  ) );
#3711 = ORIENTED_EDGE('',*,*,#3712,.F.);
#3712 = EDGE_CURVE('',#3713,#3495,#3715,.T.);
#3713 = VERTEX_POINT('',#3714);
#3714 = CARTESIAN_POINT('',(48.488799254035,-1.04227966586,0.));
#3715 = SURFACE_CURVE('',#3716,(#3720,#3727),.PCURVE_S1.);
#3716 = LINE('',#3717,#3718);
#3717 = CARTESIAN_POINT('',(50.266755813656,-1.931422756966,0.));
#3718 = VECTOR('',#3719,1.);
#3719 = DIRECTION('',(-0.894394025472,0.447279920407,0.));
#3720 = PCURVE('',#224,#3721);
#3721 = DEFINITIONAL_REPRESENTATION('',(#3722),#3726);
#3722 = LINE('',#3723,#3724);
#3723 = CARTESIAN_POINT('',(50.266755813656,-1.931422756966));
#3724 = VECTOR('',#3725,1.);
#3725 = DIRECTION('',(-0.894394025472,0.447279920407));
#3726 = ( GEOMETRIC_REPRESENTATION_CONTEXT(2) 
PARAMETRIC_REPRESENTATION_CONTEXT() REPRESENTATION_CONTEXT('2D SPACE',''
  ) );
#3727 = PCURVE('',#3728,#3733);
#3728 = PLANE('',#3729);
#3729 = AXIS2_PLACEMENT_3D('',#3730,#3731,#3732);
#3730 = CARTESIAN_POINT('',(48.488799254035,-1.04227966586,0.));
#3731 = DIRECTION('',(-0.447279920407,-0.894394025472,0.));
#3732 = DIRECTION('',(-0.894394025472,0.447279920407,0.));
#3733 = DEFINITIONAL_REPRESENTATION('',(#3734),#3738);
#3734 = LINE('',#3735,#3736);
#3735 = CARTESIAN_POINT('',(-1.987889575495,-0.));
#3736 = VECTOR('',#3737,1.);
#3737 = DIRECTION('',(1.,0.));
#3738 = ( GEOMETRIC_REPRESENTATION_CONTEXT(2) 
PARAMETRIC_REPRESENTATION_CONTEXT() REPRESENTATION_CONTEXT('2D SPACE',''
  ) );
#3739 = ORIENTED_EDGE('',*,*,#3740,.F.);
#3740 = EDGE_CURVE('',#3741,#3713,#3743,.T.);
#3741 = VERTEX_POINT('',#3742);
#3742 = CARTESIAN_POINT('',(42.513785393307,-23.34155203776,0.));
#3743 = SURFACE_CURVE('',#3744,(#3749,#3756),.PCURVE_S1.);
#3744 = CIRCLE('',#3745,48.5);
#3745 = AXIS2_PLACEMENT_3D('',#3746,#3747,#3748);
#3746 = CARTESIAN_POINT('',(0.,0.,0.));
#3747 = DIRECTION('',(0.,0.,1.));
#3748 = DIRECTION('',(1.,0.,-0.));
#3749 = PCURVE('',#224,#3750);
#3750 = DEFINITIONAL_REPRESENTATION('',(#3751),#3755);
#3751 = CIRCLE('',#3752,48.5);
#3752 = AXIS2_PLACEMENT_2D('',#3753,#3754);
#3753 = CARTESIAN_POINT('',(0.,-1.204325410458E-15));
#3754 = DIRECTION('',(1.,0.));
#3755 = ( GEOMETRIC_REPRESENTATION_CONTEXT(2) 
PARAMETRIC_REPRESENTATION_CONTEXT() REPRESENTATION_CONTEXT('2D SPACE',''
  ) );
#3756 = PCURVE('',#3757,#3762);
#3757 = CYLINDRICAL_SURFACE('',#3758,48.5);
#3758 = AXIS2_PLACEMENT_3D('',#3759,#3760,#3761);
#3759 = CARTESIAN_POINT('',(0.,0.,0.));
#3760 = DIRECTION('',(-0.,-0.,-1.));
#3761 = DIRECTION('',(1.,0.,-0.));
#3762 = DEFINITIONAL_REPRESENTATION('',(#3763),#3767);
#3763 = LINE('',#3764,#3765);
#3764 = CARTESIAN_POINT('',(-0.,0.));
#3765 = VECTOR('',#3766,1.);
#3766 = DIRECTION('',(-1.,0.));
#3767 = ( GEOMETRIC_REPRESENTATION_CONTEXT(2) 
PARAMETRIC_REPRESENTATION_CONTEXT() REPRESENTATION_CONTEXT('2D SPACE',''
  ) );
#3768 = ORIENTED_EDGE('',*,*,#3769,.F.);
#3769 = EDGE_CURVE('',#3436,#3741,#3770,.T.);
#3770 = SURFACE_CURVE('',#3771,(#3822,#3876),.PCURVE_S1.);
#3771 = B_SPLINE_CURVE_WITH_KNOTS('',3,(#3772,#3773,#3774,#3775,#3776,
    #3777,#3778,#3779,#3780,#3781,#3782,#3783,#3784,#3785,#3786,#3787,
    #3788,#3789,#3790,#3791,#3792,#3793,#3794,#3795,#3796,#3797,#3798,
    #3799,#3800,#3801,#3802,#3803,#3804,#3805,#3806,#3807,#3808,#3809,
    #3810,#3811,#3812,#3813,#3814,#3815,#3816,#3817,#3818,#3819,#3820,
    #3821),.UNSPECIFIED.,.F.,.F.,(4,1,1,1,1,1,1,1,1,1,1,1,1,1,1,1,1,1,1,
    1,1,1,1,1,1,1,1,1,1,1,1,1,1,1,1,1,1,1,1,1,1,1,1,1,1,1,1,4),(0.,
    2.712363629581,5.415653884531,7.889901421053,9.986742084351,
    12.07233621524,13.981450928582,15.730829279285,17.217976489194,
    18.70534511222,20.079261809959,21.357514213245,22.46799558875,
    23.608470848383,24.696515979748,25.743900293344,26.683864297553,
    27.681614976107,28.665922847739,29.643534481927,30.544804484636,
    31.523863593595,32.508882471553,33.502052098633,34.427210166566,
    35.439013636309,36.460687542796,37.491630530293,38.450636928084,
    39.49631232414,40.547756860041,41.603484223464,42.58022774738,
    43.639187672476,44.697549950026,45.75413920775,46.727235587527,
    47.778840627491,48.828245019521,49.876764601754,50.845806288818,
    51.899956703366,52.96296178269,54.040387692291,55.053510242706,
    56.178288511941,57.339605375855,58.548465428582),.UNSPECIFIED.);
#3772 = CARTESIAN_POINT('',(9.797601881507,-5.529026724089,0.));
#3773 = CARTESIAN_POINT('',(10.345539036895,-4.833366350674,0.));
#3774 = CARTESIAN_POINT('',(11.450938713599,-3.370781590338,0.));
#3775 = CARTESIAN_POINT('',(13.19562774261,-1.413761326837,0.));
#3776 = CARTESIAN_POINT('',(14.911589339011,0.30496895328,0.));
#3777 = CARTESIAN_POINT('',(16.581959361084,1.76719529979,0.));
#3778 = CARTESIAN_POINT('',(18.199635742592,2.997759635157,0.));
#3779 = CARTESIAN_POINT('',(19.810540959506,4.03637289083,0.));
#3780 = CARTESIAN_POINT('',(21.326414098636,4.843694141498,0.));
#3781 = CARTESIAN_POINT('',(22.776559450227,5.461718237415,0.));
#3782 = CARTESIAN_POINT('',(24.15910195699,5.906550636066,0.));
#3783 = CARTESIAN_POINT('',(25.510241545874,6.1917282739,0.));
#3784 = CARTESIAN_POINT('',(26.75166161241,6.383282057059,0.));
#3785 = CARTESIAN_POINT('',(27.930413924727,6.416304033174,0.));
#3786 = CARTESIAN_POINT('',(29.042070284318,6.323080581103,0.));
#3787 = CARTESIAN_POINT('',(30.11332516981,6.097008317883,0.));
#3788 = CARTESIAN_POINT('',(31.08482598349,5.761512528428,0.));
#3789 = CARTESIAN_POINT('',(31.981972218178,5.326392193236,0.));
#3790 = CARTESIAN_POINT('',(32.805312985843,4.801705055154,0.));
#3791 = CARTESIAN_POINT('',(33.572404276955,4.178088757613,0.));
#3792 = CARTESIAN_POINT('',(34.244856567187,3.498364438566,0.));
#3793 = CARTESIAN_POINT('',(34.84745027141,2.758956728743,0.));
#3794 = CARTESIAN_POINT('',(35.383717591732,1.967088237349,0.));
#3795 = CARTESIAN_POINT('',(35.867159894472,1.106869466628,0.));
#3796 = CARTESIAN_POINT('',(36.277492664926,0.229493195474,0.));
#3797 = CARTESIAN_POINT('',(36.634410159827,-0.680228233441,0.));
#3798 = CARTESIAN_POINT('',(36.942330128601,-1.617668200601,0.));
#3799 = CARTESIAN_POINT('',(37.21131071782,-2.603489536453,0.));
#3800 = CARTESIAN_POINT('',(37.432619132565,-3.582926913784,0.));
#3801 = CARTESIAN_POINT('',(37.621674482616,-4.577182909576,0.));
#3802 = CARTESIAN_POINT('',(37.777775405562,-5.583957583884,0.));
#3803 = CARTESIAN_POINT('',(37.931129238423,-6.623650097623,0.));
#3804 = CARTESIAN_POINT('',(38.068234915493,-7.642479259242,0.));
#3805 = CARTESIAN_POINT('',(38.192710682208,-8.665423025074,0.));
#3806 = CARTESIAN_POINT('',(38.311731839172,-9.689887470247,0.));
#3807 = CARTESIAN_POINT('',(38.433885635818,-10.74078288558,0.));
#3808 = CARTESIAN_POINT('',(38.559275117344,-11.76248220304,0.));
#3809 = CARTESIAN_POINT('',(38.696746544464,-12.7803708656,0.));
#3810 = CARTESIAN_POINT('',(38.851853946383,-13.79334459082,0.));
#3811 = CARTESIAN_POINT('',(39.03630847773,-14.8269933562,0.));
#3812 = CARTESIAN_POINT('',(39.246839403708,-15.82759585322,0.));
#3813 = CARTESIAN_POINT('',(39.49294899584,-16.8217433794,0.));
#3814 = CARTESIAN_POINT('',(39.780112738875,-17.80978421483,0.));
#3815 = CARTESIAN_POINT('',(40.125342721534,-18.81818855067,0.));
#3816 = CARTESIAN_POINT('',(40.515064981007,-19.79266183324,0.));
#3817 = CARTESIAN_POINT('',(40.969244280757,-20.77276097716,0.));
#3818 = CARTESIAN_POINT('',(41.467069330388,-21.71674981523,0.));
#3819 = CARTESIAN_POINT('',(42.140947464525,-22.8260978202,0.));
#3820 = CARTESIAN_POINT('',(42.409025518776,-23.18648754761,0.));
#3821 = CARTESIAN_POINT('',(42.770945904681,-23.71329407752,0.));
#3822 = PCURVE('',#224,#3823);
#3823 = DEFINITIONAL_REPRESENTATION('',(#3824),#3875);
#3824 = B_SPLINE_CURVE_WITH_KNOTS('',3,(#3825,#3826,#3827,#3828,#3829,
    #3830,#3831,#3832,#3833,#3834,#3835,#3836,#3837,#3838,#3839,#3840,
    #3841,#3842,#3843,#3844,#3845,#3846,#3847,#3848,#3849,#3850,#3851,
    #3852,#3853,#3854,#3855,#3856,#3857,#3858,#3859,#3860,#3861,#3862,
    #3863,#3864,#3865,#3866,#3867,#3868,#3869,#3870,#3871,#3872,#3873,
    #3874),.UNSPECIFIED.,.F.,.F.,(4,1,1,1,1,1,1,1,1,1,1,1,1,1,1,1,1,1,1,
    1,1,1,1,1,1,1,1,1,1,1,1,1,1,1,1,1,1,1,1,1,1,1,1,1,1,1,1,4),(0.,
    2.712363629581,5.415653884531,7.889901421053,9.986742084351,
    12.07233621524,13.981450928582,15.730829279285,17.217976489194,
    18.70534511222,20.079261809959,21.357514213245,22.46799558875,
    23.608470848383,24.696515979748,25.743900293344,26.683864297553,
    27.681614976107,28.665922847739,29.643534481927,30.544804484636,
    31.523863593595,32.508882471553,33.502052098633,34.427210166566,
    35.439013636309,36.460687542796,37.491630530293,38.450636928084,
    39.49631232414,40.547756860041,41.603484223464,42.58022774738,
    43.639187672476,44.697549950026,45.75413920775,46.727235587527,
    47.778840627491,48.828245019521,49.876764601754,50.845806288818,
    51.899956703366,52.96296178269,54.040387692291,55.053510242706,
    56.178288511941,57.339605375855,58.548465428582),.UNSPECIFIED.);
#3825 = CARTESIAN_POINT('',(9.797601881507,-5.529026724089));
#3826 = CARTESIAN_POINT('',(10.345539036895,-4.833366350674));
#3827 = CARTESIAN_POINT('',(11.450938713599,-3.370781590338));
#3828 = CARTESIAN_POINT('',(13.19562774261,-1.413761326837));
#3829 = CARTESIAN_POINT('',(14.911589339011,0.30496895328));
#3830 = CARTESIAN_POINT('',(16.581959361084,1.76719529979));
#3831 = CARTESIAN_POINT('',(18.199635742592,2.997759635157));
#3832 = CARTESIAN_POINT('',(19.810540959506,4.03637289083));
#3833 = CARTESIAN_POINT('',(21.326414098636,4.843694141498));
#3834 = CARTESIAN_POINT('',(22.776559450227,5.461718237415));
#3835 = CARTESIAN_POINT('',(24.15910195699,5.906550636066));
#3836 = CARTESIAN_POINT('',(25.510241545874,6.1917282739));
#3837 = CARTESIAN_POINT('',(26.75166161241,6.383282057059));
#3838 = CARTESIAN_POINT('',(27.930413924727,6.416304033174));
#3839 = CARTESIAN_POINT('',(29.042070284318,6.323080581103));
#3840 = CARTESIAN_POINT('',(30.11332516981,6.097008317883));
#3841 = CARTESIAN_POINT('',(31.08482598349,5.761512528428));
#3842 = CARTESIAN_POINT('',(31.981972218178,5.326392193236));
#3843 = CARTESIAN_POINT('',(32.805312985843,4.801705055154));
#3844 = CARTESIAN_POINT('',(33.572404276955,4.178088757613));
#3845 = CARTESIAN_POINT('',(34.244856567187,3.498364438566));
#3846 = CARTESIAN_POINT('',(34.84745027141,2.758956728743));
#3847 = CARTESIAN_POINT('',(35.383717591732,1.967088237349));
#3848 = CARTESIAN_POINT('',(35.867159894472,1.106869466628));
#3849 = CARTESIAN_POINT('',(36.277492664926,0.229493195474));
#3850 = CARTESIAN_POINT('',(36.634410159827,-0.680228233441));
#3851 = CARTESIAN_POINT('',(36.942330128601,-1.617668200601));
#3852 = CARTESIAN_POINT('',(37.21131071782,-2.603489536453));
#3853 = CARTESIAN_POINT('',(37.432619132565,-3.582926913784));
#3854 = CARTESIAN_POINT('',(37.621674482616,-4.577182909576));
#3855 = CARTESIAN_POINT('',(37.777775405562,-5.583957583884));
#3856 = CARTESIAN_POINT('',(37.931129238423,-6.623650097623));
#3857 = CARTESIAN_POINT('',(38.068234915493,-7.642479259242));
#3858 = CARTESIAN_POINT('',(38.192710682208,-8.665423025074));
#3859 = CARTESIAN_POINT('',(38.311731839172,-9.689887470247));
#3860 = CARTESIAN_POINT('',(38.433885635818,-10.74078288558));
#3861 = CARTESIAN_POINT('',(38.559275117344,-11.76248220304));
#3862 = CARTESIAN_POINT('',(38.696746544464,-12.7803708656));
#3863 = CARTESIAN_POINT('',(38.851853946383,-13.79334459082));
#3864 = CARTESIAN_POINT('',(39.03630847773,-14.8269933562));
#3865 = CARTESIAN_POINT('',(39.246839403708,-15.82759585322));
#3866 = CARTESIAN_POINT('',(39.49294899584,-16.8217433794));
#3867 = CARTESIAN_POINT('',(39.780112738875,-17.80978421483));
#3868 = CARTESIAN_POINT('',(40.125342721534,-18.81818855067));
#3869 = CARTESIAN_POINT('',(40.515064981007,-19.79266183324));
#3870 = CARTESIAN_POINT('',(40.969244280757,-20.77276097716));
#3871 = CARTESIAN_POINT('',(41.467069330388,-21.71674981523));
#3872 = CARTESIAN_POINT('',(42.140947464525,-22.8260978202));
#3873 = CARTESIAN_POINT('',(42.409025518776,-23.18648754761));
#3874 = CARTESIAN_POINT('',(42.770945904681,-23.71329407752));
#3875 = ( GEOMETRIC_REPRESENTATION_CONTEXT(2) 
PARAMETRIC_REPRESENTATION_CONTEXT() REPRESENTATION_CONTEXT('2D SPACE',''
  ) );
#3876 = PCURVE('',#3877,#3978);
#3877 = B_SPLINE_SURFACE_WITH_KNOTS('',3,1,(
    (#3878,#3879)
    ,(#3880,#3881)
    ,(#3882,#3883)
    ,(#3884,#3885)
    ,(#3886,#3887)
    ,(#3888,#3889)
    ,(#3890,#3891)
    ,(#3892,#3893)
    ,(#3894,#3895)
    ,(#3896,#3897)
    ,(#3898,#3899)
    ,(#3900,#3901)
    ,(#3902,#3903)
    ,(#3904,#3905)
    ,(#3906,#3907)
    ,(#3908,#3909)
    ,(#3910,#3911)
    ,(#3912,#3913)
    ,(#3914,#3915)
    ,(#3916,#3917)
    ,(#3918,#3919)
    ,(#3920,#3921)
    ,(#3922,#3923)
    ,(#3924,#3925)
    ,(#3926,#3927)
    ,(#3928,#3929)
    ,(#3930,#3931)
    ,(#3932,#3933)
    ,(#3934,#3935)
    ,(#3936,#3937)
    ,(#3938,#3939)
    ,(#3940,#3941)
    ,(#3942,#3943)
    ,(#3944,#3945)
    ,(#3946,#3947)
    ,(#3948,#3949)
    ,(#3950,#3951)
    ,(#3952,#3953)
    ,(#3954,#3955)
    ,(#3956,#3957)
    ,(#3958,#3959)
    ,(#3960,#3961)
    ,(#3962,#3963)
    ,(#3964,#3965)
    ,(#3966,#3967)
    ,(#3968,#3969)
    ,(#3970,#3971)
    ,(#3972,#3973)
    ,(#3974,#3975)
    ,(#3976,#3977
    )),.UNSPECIFIED.,.F.,.F.,.F.,(4,1,1,1,1,1,1,1,1,1,1,1,1,1,1,1,1,1,1,
    1,1,1,1,1,1,1,1,1,1,1,1,1,1,1,1,1,1,1,1,1,1,1,1,1,1,1,1,4),(2,2),(0.
    ,2.712363629581,5.415653884531,7.889901421053,9.986742084351,
    12.07233621524,13.981450928582,15.730829279285,17.217976489194,
    18.70534511222,20.079261809959,21.357514213245,22.46799558875,
    23.608470848383,24.696515979748,25.743900293344,26.683864297553,
    27.681614976107,28.665922847739,29.643534481927,30.544804484636,
    31.523863593595,32.508882471553,33.502052098633,34.427210166566,
    35.439013636309,36.460687542796,37.491630530293,38.450636928084,
    39.49631232414,40.547756860041,41.603484223464,42.58022774738,
    43.639187672476,44.697549950026,45.75413920775,46.727235587527,
    47.778840627491,48.828245019521,49.876764601754,50.845806288818,
    51.899956703366,52.96296178269,54.040387692291,55.053510242706,
    56.178288511941,57.339605375855,58.548465428582),(-22.4,0.),
  .UNSPECIFIED.);
#3878 = CARTESIAN_POINT('',(9.797601881507,-5.529026724089,22.4));
#3879 = CARTESIAN_POINT('',(9.797601881507,-5.529026724089,0.));
#3880 = CARTESIAN_POINT('',(10.345539036895,-4.833366350674,22.4));
#3881 = CARTESIAN_POINT('',(10.345539036895,-4.833366350674,0.));
#3882 = CARTESIAN_POINT('',(11.450938713599,-3.370781590338,22.4));
#3883 = CARTESIAN_POINT('',(11.450938713599,-3.370781590338,0.));
#3884 = CARTESIAN_POINT('',(13.19562774261,-1.413761326837,22.4));
#3885 = CARTESIAN_POINT('',(13.19562774261,-1.413761326837,0.));
#3886 = CARTESIAN_POINT('',(14.911589339011,0.30496895328,22.4));
#3887 = CARTESIAN_POINT('',(14.911589339011,0.30496895328,0.));
#3888 = CARTESIAN_POINT('',(16.581959361084,1.76719529979,22.4));
#3889 = CARTESIAN_POINT('',(16.581959361084,1.76719529979,0.));
#3890 = CARTESIAN_POINT('',(18.199635742592,2.997759635157,22.4));
#3891 = CARTESIAN_POINT('',(18.199635742592,2.997759635157,0.));
#3892 = CARTESIAN_POINT('',(19.810540959506,4.03637289083,22.4));
#3893 = CARTESIAN_POINT('',(19.810540959506,4.03637289083,0.));
#3894 = CARTESIAN_POINT('',(21.326414098636,4.843694141498,22.4));
#3895 = CARTESIAN_POINT('',(21.326414098636,4.843694141498,0.));
#3896 = CARTESIAN_POINT('',(22.776559450227,5.461718237415,22.4));
#3897 = CARTESIAN_POINT('',(22.776559450227,5.461718237415,0.));
#3898 = CARTESIAN_POINT('',(24.15910195699,5.906550636066,22.4));
#3899 = CARTESIAN_POINT('',(24.15910195699,5.906550636066,0.));
#3900 = CARTESIAN_POINT('',(25.510241545874,6.1917282739,22.4));
#3901 = CARTESIAN_POINT('',(25.510241545874,6.1917282739,0.));
#3902 = CARTESIAN_POINT('',(26.75166161241,6.383282057059,22.4));
#3903 = CARTESIAN_POINT('',(26.75166161241,6.383282057059,0.));
#3904 = CARTESIAN_POINT('',(27.930413924727,6.416304033174,22.4));
#3905 = CARTESIAN_POINT('',(27.930413924727,6.416304033174,0.));
#3906 = CARTESIAN_POINT('',(29.042070284318,6.323080581103,22.4));
#3907 = CARTESIAN_POINT('',(29.042070284318,6.323080581103,0.));
#3908 = CARTESIAN_POINT('',(30.11332516981,6.097008317883,22.4));
#3909 = CARTESIAN_POINT('',(30.11332516981,6.097008317883,0.));
#3910 = CARTESIAN_POINT('',(31.08482598349,5.761512528428,22.4));
#3911 = CARTESIAN_POINT('',(31.08482598349,5.761512528428,0.));
#3912 = CARTESIAN_POINT('',(31.981972218178,5.326392193236,22.4));
#3913 = CARTESIAN_POINT('',(31.981972218178,5.326392193236,0.));
#3914 = CARTESIAN_POINT('',(32.805312985843,4.801705055154,22.4));
#3915 = CARTESIAN_POINT('',(32.805312985843,4.801705055154,0.));
#3916 = CARTESIAN_POINT('',(33.572404276955,4.178088757613,22.4));
#3917 = CARTESIAN_POINT('',(33.572404276955,4.178088757613,0.));
#3918 = CARTESIAN_POINT('',(34.244856567187,3.498364438566,22.4));
#3919 = CARTESIAN_POINT('',(34.244856567187,3.498364438566,0.));
#3920 = CARTESIAN_POINT('',(34.84745027141,2.758956728743,22.4));
#3921 = CARTESIAN_POINT('',(34.84745027141,2.758956728743,0.));
#3922 = CARTESIAN_POINT('',(35.383717591732,1.967088237349,22.4));
#3923 = CARTESIAN_POINT('',(35.383717591732,1.967088237349,0.));
#3924 = CARTESIAN_POINT('',(35.867159894472,1.106869466628,22.4));
#3925 = CARTESIAN_POINT('',(35.867159894472,1.106869466628,0.));
#3926 = CARTESIAN_POINT('',(36.277492664926,0.229493195474,22.4));
#3927 = CARTESIAN_POINT('',(36.277492664926,0.229493195474,0.));
#3928 = CARTESIAN_POINT('',(36.634410159827,-0.680228233441,22.4));
#3929 = CARTESIAN_POINT('',(36.634410159827,-0.680228233441,0.));
#3930 = CARTESIAN_POINT('',(36.942330128601,-1.617668200601,22.4));
#3931 = CARTESIAN_POINT('',(36.942330128601,-1.617668200601,0.));
#3932 = CARTESIAN_POINT('',(37.21131071782,-2.603489536453,22.4));
#3933 = CARTESIAN_POINT('',(37.21131071782,-2.603489536453,0.));
#3934 = CARTESIAN_POINT('',(37.432619132565,-3.582926913784,22.4));
#3935 = CARTESIAN_POINT('',(37.432619132565,-3.582926913784,0.));
#3936 = CARTESIAN_POINT('',(37.621674482616,-4.577182909576,22.4));
#3937 = CARTESIAN_POINT('',(37.621674482616,-4.577182909576,0.));
#3938 = CARTESIAN_POINT('',(37.777775405562,-5.583957583884,22.4));
#3939 = CARTESIAN_POINT('',(37.777775405562,-5.583957583884,0.));
#3940 = CARTESIAN_POINT('',(37.931129238423,-6.623650097623,22.4));
#3941 = CARTESIAN_POINT('',(37.931129238423,-6.623650097623,0.));
#3942 = CARTESIAN_POINT('',(38.068234915493,-7.642479259242,22.4));
#3943 = CARTESIAN_POINT('',(38.068234915493,-7.642479259242,0.));
#3944 = CARTESIAN_POINT('',(38.192710682208,-8.665423025074,22.4));
#3945 = CARTESIAN_POINT('',(38.192710682208,-8.665423025074,0.));
#3946 = CARTESIAN_POINT('',(38.311731839172,-9.689887470247,22.4));
#3947 = CARTESIAN_POINT('',(38.311731839172,-9.689887470247,0.));
#3948 = CARTESIAN_POINT('',(38.433885635818,-10.74078288558,22.4));
#3949 = CARTESIAN_POINT('',(38.433885635818,-10.74078288558,0.));
#3950 = CARTESIAN_POINT('',(38.559275117344,-11.76248220304,22.4));
#3951 = CARTESIAN_POINT('',(38.559275117344,-11.76248220304,0.));
#3952 = CARTESIAN_POINT('',(38.696746544464,-12.7803708656,22.4));
#3953 = CARTESIAN_POINT('',(38.696746544464,-12.7803708656,0.));
#3954 = CARTESIAN_POINT('',(38.851853946383,-13.79334459082,22.4));
#3955 = CARTESIAN_POINT('',(38.851853946383,-13.79334459082,0.));
#3956 = CARTESIAN_POINT('',(39.03630847773,-14.8269933562,22.4));
#3957 = CARTESIAN_POINT('',(39.03630847773,-14.8269933562,0.));
#3958 = CARTESIAN_POINT('',(39.246839403708,-15.82759585322,22.4));
#3959 = CARTESIAN_POINT('',(39.246839403708,-15.82759585322,0.));
#3960 = CARTESIAN_POINT('',(39.49294899584,-16.8217433794,22.4));
#3961 = CARTESIAN_POINT('',(39.49294899584,-16.8217433794,0.));
#3962 = CARTESIAN_POINT('',(39.780112738875,-17.80978421483,22.4));
#3963 = CARTESIAN_POINT('',(39.780112738875,-17.80978421483,0.));
#3964 = CARTESIAN_POINT('',(40.125342721534,-18.81818855067,22.4));
#3965 = CARTESIAN_POINT('',(40.125342721534,-18.81818855067,0.));
#3966 = CARTESIAN_POINT('',(40.515064981007,-19.79266183324,22.4));
#3967 = CARTESIAN_POINT('',(40.515064981007,-19.79266183324,0.));
#3968 = CARTESIAN_POINT('',(40.969244280757,-20.77276097716,22.4));
#3969 = CARTESIAN_POINT('',(40.969244280757,-20.77276097716,0.));
#3970 = CARTESIAN_POINT('',(41.467069330388,-21.71674981523,22.4));
#3971 = CARTESIAN_POINT('',(41.467069330388,-21.71674981523,0.));
#3972 = CARTESIAN_POINT('',(42.140947464525,-22.8260978202,22.4));
#3973 = CARTESIAN_POINT('',(42.140947464525,-22.8260978202,0.));
#3974 = CARTESIAN_POINT('',(42.409025518776,-23.18648754761,22.4));
#3975 = CARTESIAN_POINT('',(42.409025518776,-23.18648754761,0.));
#3976 = CARTESIAN_POINT('',(42.770945904681,-23.71329407752,22.4));
#3977 = CARTESIAN_POINT('',(42.770945904681,-23.71329407752,0.));
#3978 = DEFINITIONAL_REPRESENTATION('',(#3979),#3983);
#3979 = LINE('',#3980,#3981);
#3980 = CARTESIAN_POINT('',(0.,0.));
#3981 = VECTOR('',#3982,1.);
#3982 = DIRECTION('',(1.,0.));
#3983 = ( GEOMETRIC_REPRESENTATION_CONTEXT(2) 
PARAMETRIC_REPRESENTATION_CONTEXT() REPRESENTATION_CONTEXT('2D SPACE',''
  ) );
#3984 = FACE_BOUND('',#3985,.F.);
#3985 = EDGE_LOOP('',(#3986,#4017,#4045,#4263,#4291,#4320));
#3986 = ORIENTED_EDGE('',*,*,#3987,.T.);
#3987 = EDGE_CURVE('',#3988,#3990,#3992,.T.);
#3988 = VERTEX_POINT('',#3989);
#3989 = CARTESIAN_POINT('',(-12.50864260315,2.196328806542,0.));
#3990 = VERTEX_POINT('',#3991);
#3991 = CARTESIAN_POINT('',(-12.69951906929,0.11052333949,0.));
#3992 = SURFACE_CURVE('',#3993,(#3998,#4005),.PCURVE_S1.);
#3993 = CIRCLE('',#3994,12.7);
#3994 = AXIS2_PLACEMENT_3D('',#3995,#3996,#3997);
#3995 = CARTESIAN_POINT('',(0.,0.,0.));
#3996 = DIRECTION('',(0.,0.,1.));
#3997 = DIRECTION('',(1.,0.,-0.));
#3998 = PCURVE('',#224,#3999);
#3999 = DEFINITIONAL_REPRESENTATION('',(#4000),#4004);
#4000 = CIRCLE('',#4001,12.7);
#4001 = AXIS2_PLACEMENT_2D('',#4002,#4003);
#4002 = CARTESIAN_POINT('',(0.,-1.204325410458E-15));
#4003 = DIRECTION('',(1.,0.));
#4004 = ( GEOMETRIC_REPRESENTATION_CONTEXT(2) 
PARAMETRIC_REPRESENTATION_CONTEXT() REPRESENTATION_CONTEXT('2D SPACE',''
  ) );
#4005 = PCURVE('',#4006,#4011);
#4006 = CYLINDRICAL_SURFACE('',#4007,12.7);
#4007 = AXIS2_PLACEMENT_3D('',#4008,#4009,#4010);
#4008 = CARTESIAN_POINT('',(0.,0.,0.));
#4009 = DIRECTION('',(-0.,-0.,-1.));
#4010 = DIRECTION('',(1.,0.,-0.));
#4011 = DEFINITIONAL_REPRESENTATION('',(#4012),#4016);
#4012 = LINE('',#4013,#4014);
#4013 = CARTESIAN_POINT('',(-0.,0.));
#4014 = VECTOR('',#4015,1.);
#4015 = DIRECTION('',(-1.,0.));
#4016 = ( GEOMETRIC_REPRESENTATION_CONTEXT(2) 
PARAMETRIC_REPRESENTATION_CONTEXT() REPRESENTATION_CONTEXT('2D SPACE',''
  ) );
#4017 = ORIENTED_EDGE('',*,*,#4018,.F.);
#4018 = EDGE_CURVE('',#4019,#3990,#4021,.T.);
#4019 = VERTEX_POINT('',#4020);
#4020 = CARTESIAN_POINT('',(-14.1505145124,0.11052333949,0.));
#4021 = SURFACE_CURVE('',#4022,(#4026,#4033),.PCURVE_S1.);
#4022 = LINE('',#4023,#4024);
#4023 = CARTESIAN_POINT('',(-14.1505145124,0.11052333949,0.));
#4024 = VECTOR('',#4025,1.);
#4025 = DIRECTION('',(1.,-1.224646799147E-16,0.));
#4026 = PCURVE('',#224,#4027);
#4027 = DEFINITIONAL_REPRESENTATION('',(#4028),#4032);
#4028 = LINE('',#4029,#4030);
#4029 = CARTESIAN_POINT('',(-14.1505145124,0.11052333949));
#4030 = VECTOR('',#4031,1.);
#4031 = DIRECTION('',(1.,-1.224646799147E-16));
#4032 = ( GEOMETRIC_REPRESENTATION_CONTEXT(2) 
PARAMETRIC_REPRESENTATION_CONTEXT() REPRESENTATION_CONTEXT('2D SPACE',''
  ) );
#4033 = PCURVE('',#4034,#4039);
#4034 = PLANE('',#4035);
#4035 = AXIS2_PLACEMENT_3D('',#4036,#4037,#4038);
#4036 = CARTESIAN_POINT('',(-14.1505145124,0.11052333949,0.));
#4037 = DIRECTION('',(1.224646799147E-16,1.,-0.));
#4038 = DIRECTION('',(1.,-1.224646799147E-16,0.));
#4039 = DEFINITIONAL_REPRESENTATION('',(#4040),#4044);
#4040 = LINE('',#4041,#4042);
#4041 = CARTESIAN_POINT('',(0.,0.));
#4042 = VECTOR('',#4043,1.);
#4043 = DIRECTION('',(1.,0.));
#4044 = ( GEOMETRIC_REPRESENTATION_CONTEXT(2) 
PARAMETRIC_REPRESENTATION_CONTEXT() REPRESENTATION_CONTEXT('2D SPACE',''
  ) );
#4045 = ORIENTED_EDGE('',*,*,#4046,.F.);
#4046 = EDGE_CURVE('',#4047,#4019,#4049,.T.);
#4047 = VERTEX_POINT('',#4048);
#4048 = CARTESIAN_POINT('',(-48.10262726389,0.849157873792,0.));
#4049 = SURFACE_CURVE('',#4050,(#4101,#4155),.PCURVE_S1.);
#4050 = B_SPLINE_CURVE_WITH_KNOTS('',3,(#4051,#4052,#4053,#4054,#4055,
    #4056,#4057,#4058,#4059,#4060,#4061,#4062,#4063,#4064,#4065,#4066,
    #4067,#4068,#4069,#4070,#4071,#4072,#4073,#4074,#4075,#4076,#4077,
    #4078,#4079,#4080,#4081,#4082,#4083,#4084,#4085,#4086,#4087,#4088,
    #4089,#4090,#4091,#4092,#4093,#4094,#4095,#4096,#4097,#4098,#4099,
    #4100),.UNSPECIFIED.,.F.,.F.,(4,1,1,1,1,1,1,1,1,1,1,1,1,1,1,1,1,1,1,
    1,1,1,1,1,1,1,1,1,1,1,1,1,1,1,1,1,1,1,1,1,1,1,1,1,1,1,1,4),(0.,
    1.310275187177,2.575554712222,3.800853833955,4.902089094641,
    6.06831455688,7.21183434275,8.337173980858,9.363078484396,
    10.46331856218,11.554153671202,12.637112639117,13.630528059043,
    14.700223728197,15.762924250692,16.817962772309,17.784172052652,
    18.821404601302,19.84721146813,20.859830292326,21.78133906864,
    22.763820637486,23.728524475563,24.674422276675,25.530408882817,
    26.439181751574,27.329575345756,28.203542707491,28.998544434436,
    29.851442200626,30.702034885941,31.558695680793,32.363786840272,
    33.262555459008,34.202118316714,35.196909054575,36.177314147534,
    37.320972597039,38.563122142845,39.916198777823,41.276469790388,
    42.885560125174,44.651495886816,46.590899109622,48.549892956214,
    50.871342573664,53.417826896227,55.987800380247),.UNSPECIFIED.);
#4051 = CARTESIAN_POINT('',(-48.10262726389,0.849157873792,0.));
#4052 = CARTESIAN_POINT('',(-47.71860123312,0.648854267128,0.));
#4053 = CARTESIAN_POINT('',(-46.94402954063,0.265446432616,0.));
#4054 = CARTESIAN_POINT('',(-45.86019334838,-0.388982863609,0.));
#4055 = CARTESIAN_POINT('',(-44.8670454435,-1.059366324409,0.));
#4056 = CARTESIAN_POINT('',(-43.93978537511,-1.764146780244,0.));
#4057 = CARTESIAN_POINT('',(-43.07094712417,-2.498392570523,0.));
#4058 = CARTESIAN_POINT('',(-42.23502258541,-3.281566803911,0.));
#4059 = CARTESIAN_POINT('',(-41.46930337775,-4.069372766189,0.));
#4060 = CARTESIAN_POINT('',(-40.74561387618,-4.8765007459,0.));
#4061 = CARTESIAN_POINT('',(-40.0582214316,-5.699801370078,0.));
#4062 = CARTESIAN_POINT('',(-39.38481939996,-6.558790753779,0.));
#4063 = CARTESIAN_POINT('',(-38.75410776743,-7.405522063,0.));
#4064 = CARTESIAN_POINT('',(-38.14262669606,-8.25752679159,0.));
#4065 = CARTESIAN_POINT('',(-37.54542183783,-9.111349068736,0.));
#4066 = CARTESIAN_POINT('',(-36.94199769441,-9.985843080708,0.));
#4067 = CARTESIAN_POINT('',(-36.35839735949,-10.83210641026,0.));
#4068 = CARTESIAN_POINT('',(-35.77445784228,-11.66781221597,0.));
#4069 = CARTESIAN_POINT('',(-35.18798570274,-12.48981151045,0.));
#4070 = CARTESIAN_POINT('',(-34.57315842915,-13.31049800229,0.));
#4071 = CARTESIAN_POINT('',(-33.94907190071,-14.07495536762,0.));
#4072 = CARTESIAN_POINT('',(-33.31556741226,-14.8125587574,0.));
#4073 = CARTESIAN_POINT('',(-32.66620569672,-15.51487412301,0.));
#4074 = CARTESIAN_POINT('',(-31.98111558951,-16.19407378623,0.));
#4075 = CARTESIAN_POINT('',(-31.29352503769,-16.80933405399,0.));
#4076 = CARTESIAN_POINT('',(-30.58687786644,-17.37318261742,0.));
#4077 = CARTESIAN_POINT('',(-29.86081522206,-17.88058050997,0.));
#4078 = CARTESIAN_POINT('',(-29.09369156778,-18.33567036155,0.));
#4079 = CARTESIAN_POINT('',(-28.32531539217,-18.70892847985,0.));
#4080 = CARTESIAN_POINT('',(-27.53866715558,-19.00830384631,0.));
#4081 = CARTESIAN_POINT('',(-26.73397405244,-19.22880951939,0.));
#4082 = CARTESIAN_POINT('',(-25.88964232122,-19.36439868879,0.));
#4083 = CARTESIAN_POINT('',(-25.05101528795,-19.4012507661,0.));
#4084 = CARTESIAN_POINT('',(-24.19796815088,-19.33969987478,0.));
#4085 = CARTESIAN_POINT('',(-23.33056763822,-19.17187483901,0.));
#4086 = CARTESIAN_POINT('',(-22.43080909016,-18.87744497345,0.));
#4087 = CARTESIAN_POINT('',(-21.54882688835,-18.46352781761,0.));
#4088 = CARTESIAN_POINT('',(-20.66553066553,-17.9127070047,0.));
#4089 = CARTESIAN_POINT('',(-19.77162013207,-17.22819108254,0.));
#4090 = CARTESIAN_POINT('',(-18.92093289772,-16.31109164286,0.));
#4091 = CARTESIAN_POINT('',(-18.12591041918,-15.25743730433,0.));
#4092 = CARTESIAN_POINT('',(-17.36632414147,-14.03073186603,0.));
#4093 = CARTESIAN_POINT('',(-16.6533646261,-12.62094233549,0.));
#4094 = CARTESIAN_POINT('',(-15.98758100202,-10.97455859382,0.));
#4095 = CARTESIAN_POINT('',(-15.41673202571,-9.184262062185,0.));
#4096 = CARTESIAN_POINT('',(-14.92429093128,-7.123024699569,0.));
#4097 = CARTESIAN_POINT('',(-14.54693028684,-5.085601186932,0.));
#4098 = CARTESIAN_POINT('',(-14.2161025891,-1.748830052484,0.));
#4099 = CARTESIAN_POINT('',(-14.27871593992,-2.264640390495,0.));
#4100 = CARTESIAN_POINT('',(-14.1505145124,0.11052333949,0.));
#4101 = PCURVE('',#224,#4102);
#4102 = DEFINITIONAL_REPRESENTATION('',(#4103),#4154);
#4103 = B_SPLINE_CURVE_WITH_KNOTS('',3,(#4104,#4105,#4106,#4107,#4108,
    #4109,#4110,#4111,#4112,#4113,#4114,#4115,#4116,#4117,#4118,#4119,
    #4120,#4121,#4122,#4123,#4124,#4125,#4126,#4127,#4128,#4129,#4130,
    #4131,#4132,#4133,#4134,#4135,#4136,#4137,#4138,#4139,#4140,#4141,
    #4142,#4143,#4144,#4145,#4146,#4147,#4148,#4149,#4150,#4151,#4152,
    #4153),.UNSPECIFIED.,.F.,.F.,(4,1,1,1,1,1,1,1,1,1,1,1,1,1,1,1,1,1,1,
    1,1,1,1,1,1,1,1,1,1,1,1,1,1,1,1,1,1,1,1,1,1,1,1,1,1,1,1,4),(0.,
    1.310275187177,2.575554712222,3.800853833955,4.902089094641,
    6.06831455688,7.21183434275,8.337173980858,9.363078484396,
    10.46331856218,11.554153671202,12.637112639117,13.630528059043,
    14.700223728197,15.762924250692,16.817962772309,17.784172052652,
    18.821404601302,19.84721146813,20.859830292326,21.78133906864,
    22.763820637486,23.728524475563,24.674422276675,25.530408882817,
    26.439181751574,27.329575345756,28.203542707491,28.998544434436,
    29.851442200626,30.702034885941,31.558695680793,32.363786840272,
    33.262555459008,34.202118316714,35.196909054575,36.177314147534,
    37.320972597039,38.563122142845,39.916198777823,41.276469790388,
    42.885560125174,44.651495886816,46.590899109622,48.549892956214,
    50.871342573664,53.417826896227,55.987800380247),.UNSPECIFIED.);
#4104 = CARTESIAN_POINT('',(-48.10262726389,0.849157873792));
#4105 = CARTESIAN_POINT('',(-47.71860123312,0.648854267128));
#4106 = CARTESIAN_POINT('',(-46.94402954063,0.265446432616));
#4107 = CARTESIAN_POINT('',(-45.86019334838,-0.388982863609));
#4108 = CARTESIAN_POINT('',(-44.8670454435,-1.059366324409));
#4109 = CARTESIAN_POINT('',(-43.93978537511,-1.764146780244));
#4110 = CARTESIAN_POINT('',(-43.07094712417,-2.498392570523));
#4111 = CARTESIAN_POINT('',(-42.23502258541,-3.281566803911));
#4112 = CARTESIAN_POINT('',(-41.46930337775,-4.069372766189));
#4113 = CARTESIAN_POINT('',(-40.74561387618,-4.8765007459));
#4114 = CARTESIAN_POINT('',(-40.0582214316,-5.699801370078));
#4115 = CARTESIAN_POINT('',(-39.38481939996,-6.558790753779));
#4116 = CARTESIAN_POINT('',(-38.75410776743,-7.405522063));
#4117 = CARTESIAN_POINT('',(-38.14262669606,-8.25752679159));
#4118 = CARTESIAN_POINT('',(-37.54542183783,-9.111349068736));
#4119 = CARTESIAN_POINT('',(-36.94199769441,-9.985843080708));
#4120 = CARTESIAN_POINT('',(-36.35839735949,-10.83210641026));
#4121 = CARTESIAN_POINT('',(-35.77445784228,-11.66781221597));
#4122 = CARTESIAN_POINT('',(-35.18798570274,-12.48981151045));
#4123 = CARTESIAN_POINT('',(-34.57315842915,-13.31049800229));
#4124 = CARTESIAN_POINT('',(-33.94907190071,-14.07495536762));
#4125 = CARTESIAN_POINT('',(-33.31556741226,-14.8125587574));
#4126 = CARTESIAN_POINT('',(-32.66620569672,-15.51487412301));
#4127 = CARTESIAN_POINT('',(-31.98111558951,-16.19407378623));
#4128 = CARTESIAN_POINT('',(-31.29352503769,-16.80933405399));
#4129 = CARTESIAN_POINT('',(-30.58687786644,-17.37318261742));
#4130 = CARTESIAN_POINT('',(-29.86081522206,-17.88058050997));
#4131 = CARTESIAN_POINT('',(-29.09369156778,-18.33567036155));
#4132 = CARTESIAN_POINT('',(-28.32531539217,-18.70892847985));
#4133 = CARTESIAN_POINT('',(-27.53866715558,-19.00830384631));
#4134 = CARTESIAN_POINT('',(-26.73397405244,-19.22880951939));
#4135 = CARTESIAN_POINT('',(-25.88964232122,-19.36439868879));
#4136 = CARTESIAN_POINT('',(-25.05101528795,-19.4012507661));
#4137 = CARTESIAN_POINT('',(-24.19796815088,-19.33969987478));
#4138 = CARTESIAN_POINT('',(-23.33056763822,-19.17187483901));
#4139 = CARTESIAN_POINT('',(-22.43080909016,-18.87744497345));
#4140 = CARTESIAN_POINT('',(-21.54882688835,-18.46352781761));
#4141 = CARTESIAN_POINT('',(-20.66553066553,-17.9127070047));
#4142 = CARTESIAN_POINT('',(-19.77162013207,-17.22819108254));
#4143 = CARTESIAN_POINT('',(-18.92093289772,-16.31109164286));
#4144 = CARTESIAN_POINT('',(-18.12591041918,-15.25743730433));
#4145 = CARTESIAN_POINT('',(-17.36632414147,-14.03073186603));
#4146 = CARTESIAN_POINT('',(-16.6533646261,-12.62094233549));
#4147 = CARTESIAN_POINT('',(-15.98758100202,-10.97455859382));
#4148 = CARTESIAN_POINT('',(-15.41673202571,-9.184262062185));
#4149 = CARTESIAN_POINT('',(-14.92429093128,-7.123024699569));
#4150 = CARTESIAN_POINT('',(-14.54693028684,-5.085601186932));
#4151 = CARTESIAN_POINT('',(-14.2161025891,-1.748830052484));
#4152 = CARTESIAN_POINT('',(-14.27871593992,-2.264640390495));
#4153 = CARTESIAN_POINT('',(-14.1505145124,0.11052333949));
#4154 = ( GEOMETRIC_REPRESENTATION_CONTEXT(2) 
PARAMETRIC_REPRESENTATION_CONTEXT() REPRESENTATION_CONTEXT('2D SPACE',''
  ) );
#4155 = PCURVE('',#4156,#4257);
#4156 = B_SPLINE_SURFACE_WITH_KNOTS('',3,1,(
    (#4157,#4158)
    ,(#4159,#4160)
    ,(#4161,#4162)
    ,(#4163,#4164)
    ,(#4165,#4166)
    ,(#4167,#4168)
    ,(#4169,#4170)
    ,(#4171,#4172)
    ,(#4173,#4174)
    ,(#4175,#4176)
    ,(#4177,#4178)
    ,(#4179,#4180)
    ,(#4181,#4182)
    ,(#4183,#4184)
    ,(#4185,#4186)
    ,(#4187,#4188)
    ,(#4189,#4190)
    ,(#4191,#4192)
    ,(#4193,#4194)
    ,(#4195,#4196)
    ,(#4197,#4198)
    ,(#4199,#4200)
    ,(#4201,#4202)
    ,(#4203,#4204)
    ,(#4205,#4206)
    ,(#4207,#4208)
    ,(#4209,#4210)
    ,(#4211,#4212)
    ,(#4213,#4214)
    ,(#4215,#4216)
    ,(#4217,#4218)
    ,(#4219,#4220)
    ,(#4221,#4222)
    ,(#4223,#4224)
    ,(#4225,#4226)
    ,(#4227,#4228)
    ,(#4229,#4230)
    ,(#4231,#4232)
    ,(#4233,#4234)
    ,(#4235,#4236)
    ,(#4237,#4238)
    ,(#4239,#4240)
    ,(#4241,#4242)
    ,(#4243,#4244)
    ,(#4245,#4246)
    ,(#4247,#4248)
    ,(#4249,#4250)
    ,(#4251,#4252)
    ,(#4253,#4254)
    ,(#4255,#4256
    )),.UNSPECIFIED.,.F.,.F.,.F.,(4,1,1,1,1,1,1,1,1,1,1,1,1,1,1,1,1,1,1,
    1,1,1,1,1,1,1,1,1,1,1,1,1,1,1,1,1,1,1,1,1,1,1,1,1,1,1,1,4),(2,2),(0.
    ,1.310275187177,2.575554712222,3.800853833955,4.902089094641,
    6.06831455688,7.21183434275,8.337173980858,9.363078484396,
    10.46331856218,11.554153671202,12.637112639117,13.630528059043,
    14.700223728197,15.762924250692,16.817962772309,17.784172052652,
    18.821404601302,19.84721146813,20.859830292326,21.78133906864,
    22.763820637486,23.728524475563,24.674422276675,25.530408882817,
    26.439181751574,27.329575345756,28.203542707491,28.998544434436,
    29.851442200626,30.702034885941,31.558695680793,32.363786840272,
    33.262555459008,34.202118316714,35.196909054575,36.177314147534,
    37.320972597039,38.563122142845,39.916198777823,41.276469790388,
    42.885560125174,44.651495886816,46.590899109622,48.549892956214,
    50.871342573664,53.417826896227,55.987800380247),(-22.4,0.),
  .UNSPECIFIED.);
#4157 = CARTESIAN_POINT('',(-48.10262726389,0.849157873792,22.4));
#4158 = CARTESIAN_POINT('',(-48.10262726389,0.849157873792,0.));
#4159 = CARTESIAN_POINT('',(-47.71860123312,0.648854267128,22.4));
#4160 = CARTESIAN_POINT('',(-47.71860123312,0.648854267128,0.));
#4161 = CARTESIAN_POINT('',(-46.94402954063,0.265446432616,22.4));
#4162 = CARTESIAN_POINT('',(-46.94402954063,0.265446432616,0.));
#4163 = CARTESIAN_POINT('',(-45.86019334838,-0.388982863609,22.4));
#4164 = CARTESIAN_POINT('',(-45.86019334838,-0.388982863609,0.));
#4165 = CARTESIAN_POINT('',(-44.8670454435,-1.059366324409,22.4));
#4166 = CARTESIAN_POINT('',(-44.8670454435,-1.059366324409,0.));
#4167 = CARTESIAN_POINT('',(-43.93978537511,-1.764146780244,22.4));
#4168 = CARTESIAN_POINT('',(-43.93978537511,-1.764146780244,0.));
#4169 = CARTESIAN_POINT('',(-43.07094712417,-2.498392570523,22.4));
#4170 = CARTESIAN_POINT('',(-43.07094712417,-2.498392570523,0.));
#4171 = CARTESIAN_POINT('',(-42.23502258541,-3.281566803911,22.4));
#4172 = CARTESIAN_POINT('',(-42.23502258541,-3.281566803911,0.));
#4173 = CARTESIAN_POINT('',(-41.46930337775,-4.069372766189,22.4));
#4174 = CARTESIAN_POINT('',(-41.46930337775,-4.069372766189,0.));
#4175 = CARTESIAN_POINT('',(-40.74561387618,-4.8765007459,22.4));
#4176 = CARTESIAN_POINT('',(-40.74561387618,-4.8765007459,0.));
#4177 = CARTESIAN_POINT('',(-40.0582214316,-5.699801370078,22.4));
#4178 = CARTESIAN_POINT('',(-40.0582214316,-5.699801370078,0.));
#4179 = CARTESIAN_POINT('',(-39.38481939996,-6.558790753779,22.4));
#4180 = CARTESIAN_POINT('',(-39.38481939996,-6.558790753779,0.));
#4181 = CARTESIAN_POINT('',(-38.75410776743,-7.405522063,22.4));
#4182 = CARTESIAN_POINT('',(-38.75410776743,-7.405522063,0.));
#4183 = CARTESIAN_POINT('',(-38.14262669606,-8.25752679159,22.4));
#4184 = CARTESIAN_POINT('',(-38.14262669606,-8.25752679159,0.));
#4185 = CARTESIAN_POINT('',(-37.54542183783,-9.111349068736,22.4));
#4186 = CARTESIAN_POINT('',(-37.54542183783,-9.111349068736,0.));
#4187 = CARTESIAN_POINT('',(-36.94199769441,-9.985843080708,22.4));
#4188 = CARTESIAN_POINT('',(-36.94199769441,-9.985843080708,0.));
#4189 = CARTESIAN_POINT('',(-36.35839735949,-10.83210641026,22.4));
#4190 = CARTESIAN_POINT('',(-36.35839735949,-10.83210641026,0.));
#4191 = CARTESIAN_POINT('',(-35.77445784228,-11.66781221597,22.4));
#4192 = CARTESIAN_POINT('',(-35.77445784228,-11.66781221597,0.));
#4193 = CARTESIAN_POINT('',(-35.18798570274,-12.48981151045,22.4));
#4194 = CARTESIAN_POINT('',(-35.18798570274,-12.48981151045,0.));
#4195 = CARTESIAN_POINT('',(-34.57315842915,-13.31049800229,22.4));
#4196 = CARTESIAN_POINT('',(-34.57315842915,-13.31049800229,0.));
#4197 = CARTESIAN_POINT('',(-33.94907190071,-14.07495536762,22.4));
#4198 = CARTESIAN_POINT('',(-33.94907190071,-14.07495536762,0.));
#4199 = CARTESIAN_POINT('',(-33.31556741226,-14.8125587574,22.4));
#4200 = CARTESIAN_POINT('',(-33.31556741226,-14.8125587574,0.));
#4201 = CARTESIAN_POINT('',(-32.66620569672,-15.51487412301,22.4));
#4202 = CARTESIAN_POINT('',(-32.66620569672,-15.51487412301,0.));
#4203 = CARTESIAN_POINT('',(-31.98111558951,-16.19407378623,22.4));
#4204 = CARTESIAN_POINT('',(-31.98111558951,-16.19407378623,0.));
#4205 = CARTESIAN_POINT('',(-31.29352503769,-16.80933405399,22.4));
#4206 = CARTESIAN_POINT('',(-31.29352503769,-16.80933405399,0.));
#4207 = CARTESIAN_POINT('',(-30.58687786644,-17.37318261742,22.4));
#4208 = CARTESIAN_POINT('',(-30.58687786644,-17.37318261742,0.));
#4209 = CARTESIAN_POINT('',(-29.86081522206,-17.88058050997,22.4));
#4210 = CARTESIAN_POINT('',(-29.86081522206,-17.88058050997,0.));
#4211 = CARTESIAN_POINT('',(-29.09369156778,-18.33567036155,22.4));
#4212 = CARTESIAN_POINT('',(-29.09369156778,-18.33567036155,0.));
#4213 = CARTESIAN_POINT('',(-28.32531539217,-18.70892847985,22.4));
#4214 = CARTESIAN_POINT('',(-28.32531539217,-18.70892847985,0.));
#4215 = CARTESIAN_POINT('',(-27.53866715558,-19.00830384631,22.4));
#4216 = CARTESIAN_POINT('',(-27.53866715558,-19.00830384631,0.));
#4217 = CARTESIAN_POINT('',(-26.73397405244,-19.22880951939,22.4));
#4218 = CARTESIAN_POINT('',(-26.73397405244,-19.22880951939,0.));
#4219 = CARTESIAN_POINT('',(-25.88964232122,-19.36439868879,22.4));
#4220 = CARTESIAN_POINT('',(-25.88964232122,-19.36439868879,0.));
#4221 = CARTESIAN_POINT('',(-25.05101528795,-19.4012507661,22.4));
#4222 = CARTESIAN_POINT('',(-25.05101528795,-19.4012507661,0.));
#4223 = CARTESIAN_POINT('',(-24.19796815088,-19.33969987478,22.4));
#4224 = CARTESIAN_POINT('',(-24.19796815088,-19.33969987478,0.));
#4225 = CARTESIAN_POINT('',(-23.33056763822,-19.17187483901,22.4));
#4226 = CARTESIAN_POINT('',(-23.33056763822,-19.17187483901,0.));
#4227 = CARTESIAN_POINT('',(-22.43080909016,-18.87744497345,22.4));
#4228 = CARTESIAN_POINT('',(-22.43080909016,-18.87744497345,0.));
#4229 = CARTESIAN_POINT('',(-21.54882688835,-18.46352781761,22.4));
#4230 = CARTESIAN_POINT('',(-21.54882688835,-18.46352781761,0.));
#4231 = CARTESIAN_POINT('',(-20.66553066553,-17.9127070047,22.4));
#4232 = CARTESIAN_POINT('',(-20.66553066553,-17.9127070047,0.));
#4233 = CARTESIAN_POINT('',(-19.77162013207,-17.22819108254,22.4));
#4234 = CARTESIAN_POINT('',(-19.77162013207,-17.22819108254,0.));
#4235 = CARTESIAN_POINT('',(-18.92093289772,-16.31109164286,22.4));
#4236 = CARTESIAN_POINT('',(-18.92093289772,-16.31109164286,0.));
#4237 = CARTESIAN_POINT('',(-18.12591041918,-15.25743730433,22.4));
#4238 = CARTESIAN_POINT('',(-18.12591041918,-15.25743730433,0.));
#4239 = CARTESIAN_POINT('',(-17.36632414147,-14.03073186603,22.4));
#4240 = CARTESIAN_POINT('',(-17.36632414147,-14.03073186603,0.));
#4241 = CARTESIAN_POINT('',(-16.6533646261,-12.62094233549,22.4));
#4242 = CARTESIAN_POINT('',(-16.6533646261,-12.62094233549,0.));
#4243 = CARTESIAN_POINT('',(-15.98758100202,-10.97455859382,22.4));
#4244 = CARTESIAN_POINT('',(-15.98758100202,-10.97455859382,0.));
#4245 = CARTESIAN_POINT('',(-15.41673202571,-9.184262062185,22.4));
#4246 = CARTESIAN_POINT('',(-15.41673202571,-9.184262062185,0.));
#4247 = CARTESIAN_POINT('',(-14.92429093128,-7.123024699569,22.4));
#4248 = CARTESIAN_POINT('',(-14.92429093128,-7.123024699569,0.));
#4249 = CARTESIAN_POINT('',(-14.54693028684,-5.085601186932,22.4));
#4250 = CARTESIAN_POINT('',(-14.54693028684,-5.085601186932,0.));
#4251 = CARTESIAN_POINT('',(-14.2161025891,-1.748830052484,22.4));
#4252 = CARTESIAN_POINT('',(-14.2161025891,-1.748830052484,0.));
#4253 = CARTESIAN_POINT('',(-14.27871593992,-2.264640390495,22.4));
#4254 = CARTESIAN_POINT('',(-14.27871593992,-2.264640390495,0.));
#4255 = CARTESIAN_POINT('',(-14.1505145124,0.11052333949,22.4));
#4256 = CARTESIAN_POINT('',(-14.1505145124,0.11052333949,0.));
#4257 = DEFINITIONAL_REPRESENTATION('',(#4258),#4262);
#4258 = LINE('',#4259,#4260);
#4259 = CARTESIAN_POINT('',(0.,0.));
#4260 = VECTOR('',#4261,1.);
#4261 = DIRECTION('',(1.,0.));
#4262 = ( GEOMETRIC_REPRESENTATION_CONTEXT(2) 
PARAMETRIC_REPRESENTATION_CONTEXT() REPRESENTATION_CONTEXT('2D SPACE',''
  ) );
#4263 = ORIENTED_EDGE('',*,*,#4264,.F.);
#4264 = EDGE_CURVE('',#4265,#4047,#4267,.T.);
#4265 = VERTEX_POINT('',#4266);
#4266 = CARTESIAN_POINT('',(-48.48879925403,1.04227966586,0.));
#4267 = SURFACE_CURVE('',#4268,(#4272,#4279),.PCURVE_S1.);
#4268 = LINE('',#4269,#4270);
#4269 = CARTESIAN_POINT('',(-50.26675581365,1.931422756966,0.));
#4270 = VECTOR('',#4271,1.);
#4271 = DIRECTION('',(0.894394025472,-0.447279920407,0.));
#4272 = PCURVE('',#224,#4273);
#4273 = DEFINITIONAL_REPRESENTATION('',(#4274),#4278);
#4274 = LINE('',#4275,#4276);
#4275 = CARTESIAN_POINT('',(-50.26675581365,1.931422756966));
#4276 = VECTOR('',#4277,1.);
#4277 = DIRECTION('',(0.894394025472,-0.447279920407));
#4278 = ( GEOMETRIC_REPRESENTATION_CONTEXT(2) 
PARAMETRIC_REPRESENTATION_CONTEXT() REPRESENTATION_CONTEXT('2D SPACE',''
  ) );
#4279 = PCURVE('',#4280,#4285);
#4280 = PLANE('',#4281);
#4281 = AXIS2_PLACEMENT_3D('',#4282,#4283,#4284);
#4282 = CARTESIAN_POINT('',(-48.48879925403,1.04227966586,0.));
#4283 = DIRECTION('',(0.447279920407,0.894394025472,-0.));
#4284 = DIRECTION('',(0.894394025472,-0.447279920407,0.));
#4285 = DEFINITIONAL_REPRESENTATION('',(#4286),#4290);
#4286 = LINE('',#4287,#4288);
#4287 = CARTESIAN_POINT('',(-1.987889575495,-0.));
#4288 = VECTOR('',#4289,1.);
#4289 = DIRECTION('',(1.,0.));
#4290 = ( GEOMETRIC_REPRESENTATION_CONTEXT(2) 
PARAMETRIC_REPRESENTATION_CONTEXT() REPRESENTATION_CONTEXT('2D SPACE',''
  ) );
#4291 = ORIENTED_EDGE('',*,*,#4292,.F.);
#4292 = EDGE_CURVE('',#4293,#4265,#4295,.T.);
#4293 = VERTEX_POINT('',#4294);
#4294 = CARTESIAN_POINT('',(-42.5137853933,23.341552037767,0.));
#4295 = SURFACE_CURVE('',#4296,(#4301,#4308),.PCURVE_S1.);
#4296 = CIRCLE('',#4297,48.5);
#4297 = AXIS2_PLACEMENT_3D('',#4298,#4299,#4300);
#4298 = CARTESIAN_POINT('',(0.,0.,0.));
#4299 = DIRECTION('',(0.,0.,1.));
#4300 = DIRECTION('',(1.,0.,-0.));
#4301 = PCURVE('',#224,#4302);
#4302 = DEFINITIONAL_REPRESENTATION('',(#4303),#4307);
#4303 = CIRCLE('',#4304,48.5);
#4304 = AXIS2_PLACEMENT_2D('',#4305,#4306);
#4305 = CARTESIAN_POINT('',(0.,-1.204325410458E-15));
#4306 = DIRECTION('',(1.,0.));
#4307 = ( GEOMETRIC_REPRESENTATION_CONTEXT(2) 
PARAMETRIC_REPRESENTATION_CONTEXT() REPRESENTATION_CONTEXT('2D SPACE',''
  ) );
#4308 = PCURVE('',#4309,#4314);
#4309 = CYLINDRICAL_SURFACE('',#4310,48.5);
#4310 = AXIS2_PLACEMENT_3D('',#4311,#4312,#4313);
#4311 = CARTESIAN_POINT('',(0.,0.,0.));
#4312 = DIRECTION('',(-0.,-0.,-1.));
#4313 = DIRECTION('',(1.,0.,-0.));
#4314 = DEFINITIONAL_REPRESENTATION('',(#4315),#4319);
#4315 = LINE('',#4316,#4317);
#4316 = CARTESIAN_POINT('',(-0.,0.));
#4317 = VECTOR('',#4318,1.);
#4318 = DIRECTION('',(-1.,0.));
#4319 = ( GEOMETRIC_REPRESENTATION_CONTEXT(2) 
PARAMETRIC_REPRESENTATION_CONTEXT() REPRESENTATION_CONTEXT('2D SPACE',''
  ) );
#4320 = ORIENTED_EDGE('',*,*,#4321,.F.);
#4321 = EDGE_CURVE('',#3988,#4293,#4322,.T.);
#4322 = SURFACE_CURVE('',#4323,(#4374,#4428),.PCURVE_S1.);
#4323 = B_SPLINE_CURVE_WITH_KNOTS('',3,(#4324,#4325,#4326,#4327,#4328,
    #4329,#4330,#4331,#4332,#4333,#4334,#4335,#4336,#4337,#4338,#4339,
    #4340,#4341,#4342,#4343,#4344,#4345,#4346,#4347,#4348,#4349,#4350,
    #4351,#4352,#4353,#4354,#4355,#4356,#4357,#4358,#4359,#4360,#4361,
    #4362,#4363,#4364,#4365,#4366,#4367,#4368,#4369,#4370,#4371,#4372,
    #4373),.UNSPECIFIED.,.F.,.F.,(4,1,1,1,1,1,1,1,1,1,1,1,1,1,1,1,1,1,1,
    1,1,1,1,1,1,1,1,1,1,1,1,1,1,1,1,1,1,1,1,1,1,1,1,1,1,1,1,4),(0.,
    2.712363629581,5.415653884531,7.889901421053,9.986742084351,
    12.07233621524,13.981450928582,15.730829279285,17.217976489194,
    18.70534511222,20.079261809959,21.357514213245,22.46799558875,
    23.608470848383,24.696515979748,25.743900293344,26.683864297553,
    27.681614976107,28.665922847739,29.643534481927,30.544804484636,
    31.523863593595,32.508882471553,33.502052098633,34.427210166566,
    35.439013636309,36.460687542796,37.491630530293,38.450636928084,
    39.49631232414,40.547756860041,41.603484223464,42.58022774738,
    43.639187672476,44.697549950026,45.75413920775,46.727235587527,
    47.778840627491,48.828245019521,49.876764601754,50.845806288818,
    51.899956703366,52.96296178269,54.040387692291,55.053510242706,
    56.178288511941,57.339605375855,58.548465428582),.UNSPECIFIED.);
#4324 = CARTESIAN_POINT('',(-9.797601881507,5.529026724089,0.));
#4325 = CARTESIAN_POINT('',(-10.34553903689,4.833366350674,0.));
#4326 = CARTESIAN_POINT('',(-11.45093871359,3.370781590338,0.));
#4327 = CARTESIAN_POINT('',(-13.19562774261,1.413761326837,0.));
#4328 = CARTESIAN_POINT('',(-14.91158933901,-0.30496895328,0.));
#4329 = CARTESIAN_POINT('',(-16.58195936108,-1.76719529979,0.));
#4330 = CARTESIAN_POINT('',(-18.19963574259,-2.997759635157,0.));
#4331 = CARTESIAN_POINT('',(-19.8105409595,-4.03637289083,0.));
#4332 = CARTESIAN_POINT('',(-21.32641409863,-4.843694141498,0.));
#4333 = CARTESIAN_POINT('',(-22.77655945022,-5.461718237415,0.));
#4334 = CARTESIAN_POINT('',(-24.15910195699,-5.906550636066,0.));
#4335 = CARTESIAN_POINT('',(-25.51024154587,-6.1917282739,0.));
#4336 = CARTESIAN_POINT('',(-26.75166161241,-6.383282057059,0.));
#4337 = CARTESIAN_POINT('',(-27.93041392472,-6.416304033174,0.));
#4338 = CARTESIAN_POINT('',(-29.04207028431,-6.323080581103,0.));
#4339 = CARTESIAN_POINT('',(-30.11332516981,-6.097008317883,0.));
#4340 = CARTESIAN_POINT('',(-31.08482598349,-5.761512528428,0.));
#4341 = CARTESIAN_POINT('',(-31.98197221817,-5.326392193236,0.));
#4342 = CARTESIAN_POINT('',(-32.80531298584,-4.801705055154,0.));
#4343 = CARTESIAN_POINT('',(-33.57240427695,-4.178088757613,0.));
#4344 = CARTESIAN_POINT('',(-34.24485656718,-3.498364438566,0.));
#4345 = CARTESIAN_POINT('',(-34.84745027141,-2.758956728743,0.));
#4346 = CARTESIAN_POINT('',(-35.38371759173,-1.967088237349,0.));
#4347 = CARTESIAN_POINT('',(-35.86715989447,-1.106869466628,0.));
#4348 = CARTESIAN_POINT('',(-36.27749266492,-0.229493195474,0.));
#4349 = CARTESIAN_POINT('',(-36.63441015982,0.680228233441,0.));
#4350 = CARTESIAN_POINT('',(-36.9423301286,1.6176682006,0.));
#4351 = CARTESIAN_POINT('',(-37.21131071782,2.603489536453,0.));
#4352 = CARTESIAN_POINT('',(-37.43261913256,3.582926913784,0.));
#4353 = CARTESIAN_POINT('',(-37.62167448261,4.577182909576,0.));
#4354 = CARTESIAN_POINT('',(-37.77777540556,5.583957583884,0.));
#4355 = CARTESIAN_POINT('',(-37.93112923842,6.623650097623,0.));
#4356 = CARTESIAN_POINT('',(-38.06823491549,7.642479259242,0.));
#4357 = CARTESIAN_POINT('',(-38.1927106822,8.665423025074,0.));
#4358 = CARTESIAN_POINT('',(-38.31173183917,9.689887470247,0.));
#4359 = CARTESIAN_POINT('',(-38.43388563581,10.740782885586,0.));
#4360 = CARTESIAN_POINT('',(-38.55927511734,11.762482203046,0.));
#4361 = CARTESIAN_POINT('',(-38.69674654446,12.780370865603,0.));
#4362 = CARTESIAN_POINT('',(-38.85185394638,13.793344590823,0.));
#4363 = CARTESIAN_POINT('',(-39.03630847773,14.8269933562,0.));
#4364 = CARTESIAN_POINT('',(-39.2468394037,15.827595853223,0.));
#4365 = CARTESIAN_POINT('',(-39.49294899584,16.821743379406,0.));
#4366 = CARTESIAN_POINT('',(-39.78011273887,17.809784214831,0.));
#4367 = CARTESIAN_POINT('',(-40.12534272153,18.818188550672,0.));
#4368 = CARTESIAN_POINT('',(-40.515064981,19.792661833242,0.));
#4369 = CARTESIAN_POINT('',(-40.96924428075,20.772760977167,0.));
#4370 = CARTESIAN_POINT('',(-41.46706933038,21.716749815238,0.));
#4371 = CARTESIAN_POINT('',(-42.14094746452,22.826097820208,0.));
#4372 = CARTESIAN_POINT('',(-42.40902551877,23.186487547616,0.));
#4373 = CARTESIAN_POINT('',(-42.77094590468,23.713294077526,0.));
#4374 = PCURVE('',#224,#4375);
#4375 = DEFINITIONAL_REPRESENTATION('',(#4376),#4427);
#4376 = B_SPLINE_CURVE_WITH_KNOTS('',3,(#4377,#4378,#4379,#4380,#4381,
    #4382,#4383,#4384,#4385,#4386,#4387,#4388,#4389,#4390,#4391,#4392,
    #4393,#4394,#4395,#4396,#4397,#4398,#4399,#4400,#4401,#4402,#4403,
    #4404,#4405,#4406,#4407,#4408,#4409,#4410,#4411,#4412,#4413,#4414,
    #4415,#4416,#4417,#4418,#4419,#4420,#4421,#4422,#4423,#4424,#4425,
    #4426),.UNSPECIFIED.,.F.,.F.,(4,1,1,1,1,1,1,1,1,1,1,1,1,1,1,1,1,1,1,
    1,1,1,1,1,1,1,1,1,1,1,1,1,1,1,1,1,1,1,1,1,1,1,1,1,1,1,1,4),(0.,
    2.712363629581,5.415653884531,7.889901421053,9.986742084351,
    12.07233621524,13.981450928582,15.730829279285,17.217976489194,
    18.70534511222,20.079261809959,21.357514213245,22.46799558875,
    23.608470848383,24.696515979748,25.743900293344,26.683864297553,
    27.681614976107,28.665922847739,29.643534481927,30.544804484636,
    31.523863593595,32.508882471553,33.502052098633,34.427210166566,
    35.439013636309,36.460687542796,37.491630530293,38.450636928084,
    39.49631232414,40.547756860041,41.603484223464,42.58022774738,
    43.639187672476,44.697549950026,45.75413920775,46.727235587527,
    47.778840627491,48.828245019521,49.876764601754,50.845806288818,
    51.899956703366,52.96296178269,54.040387692291,55.053510242706,
    56.178288511941,57.339605375855,58.548465428582),.UNSPECIFIED.);
#4377 = CARTESIAN_POINT('',(-9.797601881507,5.529026724089));
#4378 = CARTESIAN_POINT('',(-10.34553903689,4.833366350674));
#4379 = CARTESIAN_POINT('',(-11.45093871359,3.370781590338));
#4380 = CARTESIAN_POINT('',(-13.19562774261,1.413761326837));
#4381 = CARTESIAN_POINT('',(-14.91158933901,-0.30496895328));
#4382 = CARTESIAN_POINT('',(-16.58195936108,-1.76719529979));
#4383 = CARTESIAN_POINT('',(-18.19963574259,-2.997759635157));
#4384 = CARTESIAN_POINT('',(-19.8105409595,-4.03637289083));
#4385 = CARTESIAN_POINT('',(-21.32641409863,-4.843694141498));
#4386 = CARTESIAN_POINT('',(-22.77655945022,-5.461718237415));
#4387 = CARTESIAN_POINT('',(-24.15910195699,-5.906550636066));
#4388 = CARTESIAN_POINT('',(-25.51024154587,-6.1917282739));
#4389 = CARTESIAN_POINT('',(-26.75166161241,-6.383282057059));
#4390 = CARTESIAN_POINT('',(-27.93041392472,-6.416304033174));
#4391 = CARTESIAN_POINT('',(-29.04207028431,-6.323080581103));
#4392 = CARTESIAN_POINT('',(-30.11332516981,-6.097008317883));
#4393 = CARTESIAN_POINT('',(-31.08482598349,-5.761512528428));
#4394 = CARTESIAN_POINT('',(-31.98197221817,-5.326392193236));
#4395 = CARTESIAN_POINT('',(-32.80531298584,-4.801705055154));
#4396 = CARTESIAN_POINT('',(-33.57240427695,-4.178088757613));
#4397 = CARTESIAN_POINT('',(-34.24485656718,-3.498364438566));
#4398 = CARTESIAN_POINT('',(-34.84745027141,-2.758956728743));
#4399 = CARTESIAN_POINT('',(-35.38371759173,-1.967088237349));
#4400 = CARTESIAN_POINT('',(-35.86715989447,-1.106869466628));
#4401 = CARTESIAN_POINT('',(-36.27749266492,-0.229493195474));
#4402 = CARTESIAN_POINT('',(-36.63441015982,0.680228233441));
#4403 = CARTESIAN_POINT('',(-36.9423301286,1.6176682006));
#4404 = CARTESIAN_POINT('',(-37.21131071782,2.603489536453));
#4405 = CARTESIAN_POINT('',(-37.43261913256,3.582926913784));
#4406 = CARTESIAN_POINT('',(-37.62167448261,4.577182909576));
#4407 = CARTESIAN_POINT('',(-37.77777540556,5.583957583884));
#4408 = CARTESIAN_POINT('',(-37.93112923842,6.623650097623));
#4409 = CARTESIAN_POINT('',(-38.06823491549,7.642479259242));
#4410 = CARTESIAN_POINT('',(-38.1927106822,8.665423025074));
#4411 = CARTESIAN_POINT('',(-38.31173183917,9.689887470247));
#4412 = CARTESIAN_POINT('',(-38.43388563581,10.740782885586));
#4413 = CARTESIAN_POINT('',(-38.55927511734,11.762482203046));
#4414 = CARTESIAN_POINT('',(-38.69674654446,12.780370865603));
#4415 = CARTESIAN_POINT('',(-38.85185394638,13.793344590823));
#4416 = CARTESIAN_POINT('',(-39.03630847773,14.8269933562));
#4417 = CARTESIAN_POINT('',(-39.2468394037,15.827595853223));
#4418 = CARTESIAN_POINT('',(-39.49294899584,16.821743379406));
#4419 = CARTESIAN_POINT('',(-39.78011273887,17.809784214831));
#4420 = CARTESIAN_POINT('',(-40.12534272153,18.818188550672));
#4421 = CARTESIAN_POINT('',(-40.515064981,19.792661833242));
#4422 = CARTESIAN_POINT('',(-40.96924428075,20.772760977167));
#4423 = CARTESIAN_POINT('',(-41.46706933038,21.716749815238));
#4424 = CARTESIAN_POINT('',(-42.14094746452,22.826097820208));
#4425 = CARTESIAN_POINT('',(-42.40902551877,23.186487547616));
#4426 = CARTESIAN_POINT('',(-42.77094590468,23.713294077526));
#4427 = ( GEOMETRIC_REPRESENTATION_CONTEXT(2) 
PARAMETRIC_REPRESENTATION_CONTEXT() REPRESENTATION_CONTEXT('2D SPACE',''
  ) );
#4428 = PCURVE('',#4429,#4530);
#4429 = B_SPLINE_SURFACE_WITH_KNOTS('',3,1,(
    (#4430,#4431)
    ,(#4432,#4433)
    ,(#4434,#4435)
    ,(#4436,#4437)
    ,(#4438,#4439)
    ,(#4440,#4441)
    ,(#4442,#4443)
    ,(#4444,#4445)
    ,(#4446,#4447)
    ,(#4448,#4449)
    ,(#4450,#4451)
    ,(#4452,#4453)
    ,(#4454,#4455)
    ,(#4456,#4457)
    ,(#4458,#4459)
    ,(#4460,#4461)
    ,(#4462,#4463)
    ,(#4464,#4465)
    ,(#4466,#4467)
    ,(#4468,#4469)
    ,(#4470,#4471)
    ,(#4472,#4473)
    ,(#4474,#4475)
    ,(#4476,#4477)
    ,(#4478,#4479)
    ,(#4480,#4481)
    ,(#4482,#4483)
    ,(#4484,#4485)
    ,(#4486,#4487)
    ,(#4488,#4489)
    ,(#4490,#4491)
    ,(#4492,#4493)
    ,(#4494,#4495)
    ,(#4496,#4497)
    ,(#4498,#4499)
    ,(#4500,#4501)
    ,(#4502,#4503)
    ,(#4504,#4505)
    ,(#4506,#4507)
    ,(#4508,#4509)
    ,(#4510,#4511)
    ,(#4512,#4513)
    ,(#4514,#4515)
    ,(#4516,#4517)
    ,(#4518,#4519)
    ,(#4520,#4521)
    ,(#4522,#4523)
    ,(#4524,#4525)
    ,(#4526,#4527)
    ,(#4528,#4529
    )),.UNSPECIFIED.,.F.,.F.,.F.,(4,1,1,1,1,1,1,1,1,1,1,1,1,1,1,1,1,1,1,
    1,1,1,1,1,1,1,1,1,1,1,1,1,1,1,1,1,1,1,1,1,1,1,1,1,1,1,1,4),(2,2),(0.
    ,2.712363629581,5.415653884531,7.889901421053,9.986742084351,
    12.07233621524,13.981450928582,15.730829279285,17.217976489194,
    18.70534511222,20.079261809959,21.357514213245,22.46799558875,
    23.608470848383,24.696515979748,25.743900293344,26.683864297553,
    27.681614976107,28.665922847739,29.643534481927,30.544804484636,
    31.523863593595,32.508882471553,33.502052098633,34.427210166566,
    35.439013636309,36.460687542796,37.491630530293,38.450636928084,
    39.49631232414,40.547756860041,41.603484223464,42.58022774738,
    43.639187672476,44.697549950026,45.75413920775,46.727235587527,
    47.778840627491,48.828245019521,49.876764601754,50.845806288818,
    51.899956703366,52.96296178269,54.040387692291,55.053510242706,
    56.178288511941,57.339605375855,58.548465428582),(-22.4,0.),
  .UNSPECIFIED.);
#4430 = CARTESIAN_POINT('',(-9.797601881507,5.529026724089,22.4));
#4431 = CARTESIAN_POINT('',(-9.797601881507,5.529026724089,0.));
#4432 = CARTESIAN_POINT('',(-10.34553903689,4.833366350674,22.4));
#4433 = CARTESIAN_POINT('',(-10.34553903689,4.833366350674,0.));
#4434 = CARTESIAN_POINT('',(-11.45093871359,3.370781590338,22.4));
#4435 = CARTESIAN_POINT('',(-11.45093871359,3.370781590338,0.));
#4436 = CARTESIAN_POINT('',(-13.19562774261,1.413761326837,22.4));
#4437 = CARTESIAN_POINT('',(-13.19562774261,1.413761326837,0.));
#4438 = CARTESIAN_POINT('',(-14.91158933901,-0.30496895328,22.4));
#4439 = CARTESIAN_POINT('',(-14.91158933901,-0.30496895328,0.));
#4440 = CARTESIAN_POINT('',(-16.58195936108,-1.76719529979,22.4));
#4441 = CARTESIAN_POINT('',(-16.58195936108,-1.76719529979,0.));
#4442 = CARTESIAN_POINT('',(-18.19963574259,-2.997759635157,22.4));
#4443 = CARTESIAN_POINT('',(-18.19963574259,-2.997759635157,0.));
#4444 = CARTESIAN_POINT('',(-19.8105409595,-4.03637289083,22.4));
#4445 = CARTESIAN_POINT('',(-19.8105409595,-4.03637289083,0.));
#4446 = CARTESIAN_POINT('',(-21.32641409863,-4.843694141498,22.4));
#4447 = CARTESIAN_POINT('',(-21.32641409863,-4.843694141498,0.));
#4448 = CARTESIAN_POINT('',(-22.77655945022,-5.461718237415,22.4));
#4449 = CARTESIAN_POINT('',(-22.77655945022,-5.461718237415,0.));
#4450 = CARTESIAN_POINT('',(-24.15910195699,-5.906550636066,22.4));
#4451 = CARTESIAN_POINT('',(-24.15910195699,-5.906550636066,0.));
#4452 = CARTESIAN_POINT('',(-25.51024154587,-6.1917282739,22.4));
#4453 = CARTESIAN_POINT('',(-25.51024154587,-6.1917282739,0.));
#4454 = CARTESIAN_POINT('',(-26.75166161241,-6.383282057059,22.4));
#4455 = CARTESIAN_POINT('',(-26.75166161241,-6.383282057059,0.));
#4456 = CARTESIAN_POINT('',(-27.93041392472,-6.416304033174,22.4));
#4457 = CARTESIAN_POINT('',(-27.93041392472,-6.416304033174,0.));
#4458 = CARTESIAN_POINT('',(-29.04207028431,-6.323080581103,22.4));
#4459 = CARTESIAN_POINT('',(-29.04207028431,-6.323080581103,0.));
#4460 = CARTESIAN_POINT('',(-30.11332516981,-6.097008317883,22.4));
#4461 = CARTESIAN_POINT('',(-30.11332516981,-6.097008317883,0.));
#4462 = CARTESIAN_POINT('',(-31.08482598349,-5.761512528428,22.4));
#4463 = CARTESIAN_POINT('',(-31.08482598349,-5.761512528428,0.));
#4464 = CARTESIAN_POINT('',(-31.98197221817,-5.326392193236,22.4));
#4465 = CARTESIAN_POINT('',(-31.98197221817,-5.326392193236,0.));
#4466 = CARTESIAN_POINT('',(-32.80531298584,-4.801705055154,22.4));
#4467 = CARTESIAN_POINT('',(-32.80531298584,-4.801705055154,0.));
#4468 = CARTESIAN_POINT('',(-33.57240427695,-4.178088757613,22.4));
#4469 = CARTESIAN_POINT('',(-33.57240427695,-4.178088757613,0.));
#4470 = CARTESIAN_POINT('',(-34.24485656718,-3.498364438566,22.4));
#4471 = CARTESIAN_POINT('',(-34.24485656718,-3.498364438566,0.));
#4472 = CARTESIAN_POINT('',(-34.84745027141,-2.758956728743,22.4));
#4473 = CARTESIAN_POINT('',(-34.84745027141,-2.758956728743,0.));
#4474 = CARTESIAN_POINT('',(-35.38371759173,-1.967088237349,22.4));
#4475 = CARTESIAN_POINT('',(-35.38371759173,-1.967088237349,0.));
#4476 = CARTESIAN_POINT('',(-35.86715989447,-1.106869466628,22.4));
#4477 = CARTESIAN_POINT('',(-35.86715989447,-1.106869466628,0.));
#4478 = CARTESIAN_POINT('',(-36.27749266492,-0.229493195474,22.4));
#4479 = CARTESIAN_POINT('',(-36.27749266492,-0.229493195474,0.));
#4480 = CARTESIAN_POINT('',(-36.63441015982,0.680228233441,22.4));
#4481 = CARTESIAN_POINT('',(-36.63441015982,0.680228233441,0.));
#4482 = CARTESIAN_POINT('',(-36.9423301286,1.6176682006,22.4));
#4483 = CARTESIAN_POINT('',(-36.9423301286,1.6176682006,0.));
#4484 = CARTESIAN_POINT('',(-37.21131071782,2.603489536453,22.4));
#4485 = CARTESIAN_POINT('',(-37.21131071782,2.603489536453,0.));
#4486 = CARTESIAN_POINT('',(-37.43261913256,3.582926913784,22.4));
#4487 = CARTESIAN_POINT('',(-37.43261913256,3.582926913784,0.));
#4488 = CARTESIAN_POINT('',(-37.62167448261,4.577182909576,22.4));
#4489 = CARTESIAN_POINT('',(-37.62167448261,4.577182909576,0.));
#4490 = CARTESIAN_POINT('',(-37.77777540556,5.583957583884,22.4));
#4491 = CARTESIAN_POINT('',(-37.77777540556,5.583957583884,0.));
#4492 = CARTESIAN_POINT('',(-37.93112923842,6.623650097623,22.4));
#4493 = CARTESIAN_POINT('',(-37.93112923842,6.623650097623,0.));
#4494 = CARTESIAN_POINT('',(-38.06823491549,7.642479259242,22.4));
#4495 = CARTESIAN_POINT('',(-38.06823491549,7.642479259242,0.));
#4496 = CARTESIAN_POINT('',(-38.1927106822,8.665423025074,22.4));
#4497 = CARTESIAN_POINT('',(-38.1927106822,8.665423025074,0.));
#4498 = CARTESIAN_POINT('',(-38.31173183917,9.689887470247,22.4));
#4499 = CARTESIAN_POINT('',(-38.31173183917,9.689887470247,0.));
#4500 = CARTESIAN_POINT('',(-38.43388563581,10.740782885586,22.4));
#4501 = CARTESIAN_POINT('',(-38.43388563581,10.740782885586,0.));
#4502 = CARTESIAN_POINT('',(-38.55927511734,11.762482203046,22.4));
#4503 = CARTESIAN_POINT('',(-38.55927511734,11.762482203046,0.));
#4504 = CARTESIAN_POINT('',(-38.69674654446,12.780370865603,22.4));
#4505 = CARTESIAN_POINT('',(-38.69674654446,12.780370865603,0.));
#4506 = CARTESIAN_POINT('',(-38.85185394638,13.793344590823,22.4));
#4507 = CARTESIAN_POINT('',(-38.85185394638,13.793344590823,0.));
#4508 = CARTESIAN_POINT('',(-39.03630847773,14.8269933562,22.4));
#4509 = CARTESIAN_POINT('',(-39.03630847773,14.8269933562,0.));
#4510 = CARTESIAN_POINT('',(-39.2468394037,15.827595853223,22.4));
#4511 = CARTESIAN_POINT('',(-39.2468394037,15.827595853223,0.));
#4512 = CARTESIAN_POINT('',(-39.49294899584,16.821743379406,22.4));
#4513 = CARTESIAN_POINT('',(-39.49294899584,16.821743379406,0.));
#4514 = CARTESIAN_POINT('',(-39.78011273887,17.809784214831,22.4));
#4515 = CARTESIAN_POINT('',(-39.78011273887,17.809784214831,0.));
#4516 = CARTESIAN_POINT('',(-40.12534272153,18.818188550672,22.4));
#4517 = CARTESIAN_POINT('',(-40.12534272153,18.818188550672,0.));
#4518 = CARTESIAN_POINT('',(-40.515064981,19.792661833242,22.4));
#4519 = CARTESIAN_POINT('',(-40.515064981,19.792661833242,0.));
#4520 = CARTESIAN_POINT('',(-40.96924428075,20.772760977167,22.4));
#4521 = CARTESIAN_POINT('',(-40.96924428075,20.772760977167,0.));
#4522 = CARTESIAN_POINT('',(-41.46706933038,21.716749815238,22.4));
#4523 = CARTESIAN_POINT('',(-41.46706933038,21.716749815238,0.));
#4524 = CARTESIAN_POINT('',(-42.14094746452,22.826097820208,22.4));
#4525 = CARTESIAN_POINT('',(-42.14094746452,22.826097820208,0.));
#4526 = CARTESIAN_POINT('',(-42.40902551877,23.186487547616,22.4));
#4527 = CARTESIAN_POINT('',(-42.40902551877,23.186487547616,0.));
#4528 = CARTESIAN_POINT('',(-42.77094590468,23.713294077526,22.4));
#4529 = CARTESIAN_POINT('',(-42.77094590468,23.713294077526,0.));
#4530 = DEFINITIONAL_REPRESENTATION('',(#4531),#4535);
#4531 = LINE('',#4532,#4533);
#4532 = CARTESIAN_POINT('',(0.,0.));
#4533 = VECTOR('',#4534,1.);
#4534 = DIRECTION('',(1.,0.));
#4535 = ( GEOMETRIC_REPRESENTATION_CONTEXT(2) 
PARAMETRIC_REPRESENTATION_CONTEXT() REPRESENTATION_CONTEXT('2D SPACE',''
  ) );
#4536 = FACE_BOUND('',#4537,.F.);
#4537 = EDGE_LOOP('',(#4538,#4569,#4597,#4815,#4843,#4872));
#4538 = ORIENTED_EDGE('',*,*,#4539,.T.);
#4539 = EDGE_CURVE('',#4540,#4542,#4544,.T.);
#4540 = VERTEX_POINT('',#4541);
#4541 = CARTESIAN_POINT('',(-9.734637857925,8.156397843108,0.));
#4542 = VERTEX_POINT('',#4543);
#4543 = CARTESIAN_POINT('',(-10.94284446011,6.445475554358,0.));
#4544 = SURFACE_CURVE('',#4545,(#4550,#4557),.PCURVE_S1.);
#4545 = CIRCLE('',#4546,12.7);
#4546 = AXIS2_PLACEMENT_3D('',#4547,#4548,#4549);
#4547 = CARTESIAN_POINT('',(0.,0.,0.));
#4548 = DIRECTION('',(0.,0.,1.));
#4549 = DIRECTION('',(1.,0.,-0.));
#4550 = PCURVE('',#224,#4551);
#4551 = DEFINITIONAL_REPRESENTATION('',(#4552),#4556);
#4552 = CIRCLE('',#4553,12.7);
#4553 = AXIS2_PLACEMENT_2D('',#4554,#4555);
#4554 = CARTESIAN_POINT('',(0.,-1.204325410458E-15));
#4555 = DIRECTION('',(1.,0.));
#4556 = ( GEOMETRIC_REPRESENTATION_CONTEXT(2) 
PARAMETRIC_REPRESENTATION_CONTEXT() REPRESENTATION_CONTEXT('2D SPACE',''
  ) );
#4557 = PCURVE('',#4558,#4563);
#4558 = CYLINDRICAL_SURFACE('',#4559,12.7);
#4559 = AXIS2_PLACEMENT_3D('',#4560,#4561,#4562);
#4560 = CARTESIAN_POINT('',(0.,0.,0.));
#4561 = DIRECTION('',(-0.,-0.,-1.));
#4562 = DIRECTION('',(1.,0.,-0.));
#4563 = DEFINITIONAL_REPRESENTATION('',(#4564),#4568);
#4564 = LINE('',#4565,#4566);
#4565 = CARTESIAN_POINT('',(-0.,0.));
#4566 = VECTOR('',#4567,1.);
#4567 = DIRECTION('',(-1.,0.));
#4568 = ( GEOMETRIC_REPRESENTATION_CONTEXT(2) 
PARAMETRIC_REPRESENTATION_CONTEXT() REPRESENTATION_CONTEXT('2D SPACE',''
  ) );
#4569 = ORIENTED_EDGE('',*,*,#4570,.F.);
#4570 = EDGE_CURVE('',#4571,#4542,#4573,.T.);
#4571 = VERTEX_POINT('',#4572);
#4572 = CARTESIAN_POINT('',(-12.19944337461,7.170973275911,0.));
#4573 = SURFACE_CURVE('',#4574,(#4578,#4585),.PCURVE_S1.);
#4574 = LINE('',#4575,#4576);
#4575 = CARTESIAN_POINT('',(-12.19944337461,7.170973275911,0.));
#4576 = VECTOR('',#4577,1.);
#4577 = DIRECTION('',(0.866025403784,-0.5,0.));
#4578 = PCURVE('',#224,#4579);
#4579 = DEFINITIONAL_REPRESENTATION('',(#4580),#4584);
#4580 = LINE('',#4581,#4582);
#4581 = CARTESIAN_POINT('',(-12.19944337461,7.170973275911));
#4582 = VECTOR('',#4583,1.);
#4583 = DIRECTION('',(0.866025403784,-0.5));
#4584 = ( GEOMETRIC_REPRESENTATION_CONTEXT(2) 
PARAMETRIC_REPRESENTATION_CONTEXT() REPRESENTATION_CONTEXT('2D SPACE',''
  ) );
#4585 = PCURVE('',#4586,#4591);
#4586 = PLANE('',#4587);
#4587 = AXIS2_PLACEMENT_3D('',#4588,#4589,#4590);
#4588 = CARTESIAN_POINT('',(-12.19944337461,7.170973275911,0.));
#4589 = DIRECTION('',(0.5,0.866025403784,-0.));
#4590 = DIRECTION('',(0.866025403784,-0.5,0.));
#4591 = DEFINITIONAL_REPRESENTATION('',(#4592),#4596);
#4592 = LINE('',#4593,#4594);
#4593 = CARTESIAN_POINT('',(0.,0.));
#4594 = VECTOR('',#4595,1.);
#4595 = DIRECTION('',(1.,0.));
#4596 = ( GEOMETRIC_REPRESENTATION_CONTEXT(2) 
PARAMETRIC_REPRESENTATION_CONTEXT() REPRESENTATION_CONTEXT('2D SPACE',''
  ) );
#4597 = ORIENTED_EDGE('',*,*,#4598,.F.);
#4598 = EDGE_CURVE('',#4599,#4571,#4601,.T.);
#4599 = VERTEX_POINT('',#4600);
#4600 = CARTESIAN_POINT('',(-41.2335182624,24.786705922474,0.));
#4601 = SURFACE_CURVE('',#4602,(#4653,#4707),.PCURVE_S1.);
#4602 = B_SPLINE_CURVE_WITH_KNOTS('',3,(#4603,#4604,#4605,#4606,#4607,
    #4608,#4609,#4610,#4611,#4612,#4613,#4614,#4615,#4616,#4617,#4618,
    #4619,#4620,#4621,#4622,#4623,#4624,#4625,#4626,#4627,#4628,#4629,
    #4630,#4631,#4632,#4633,#4634,#4635,#4636,#4637,#4638,#4639,#4640,
    #4641,#4642,#4643,#4644,#4645,#4646,#4647,#4648,#4649,#4650,#4651,
    #4652),.UNSPECIFIED.,.F.,.F.,(4,1,1,1,1,1,1,1,1,1,1,1,1,1,1,1,1,1,1,
    1,1,1,1,1,1,1,1,1,1,1,1,1,1,1,1,1,1,1,1,1,1,1,1,1,1,1,1,4),(0.,
    1.310275187177,2.575554712222,3.800853833955,4.902089094641,
    6.06831455688,7.21183434275,8.337173980858,9.363078484396,
    10.46331856218,11.554153671202,12.637112639117,13.630528059043,
    14.700223728197,15.762924250692,16.817962772309,17.784172052652,
    18.821404601302,19.84721146813,20.859830292326,21.78133906864,
    22.763820637486,23.728524475563,24.674422276675,25.530408882817,
    26.439181751574,27.329575345756,28.203542707491,28.998544434436,
    29.851442200626,30.702034885941,31.558695680793,32.363786840272,
    33.262555459008,34.202118316714,35.196909054575,36.177314147534,
    37.320972597039,38.563122142845,39.916198777823,41.276469790388,
    42.885560125174,44.651495886816,46.590899109622,48.549892956214,
    50.871342573664,53.417826896227,55.987800380247),.UNSPECIFIED.);
#4603 = CARTESIAN_POINT('',(-41.2335182624,24.786705922474,0.));
#4604 = CARTESIAN_POINT('',(-41.00109376738,24.421224895251,0.));
#4605 = CARTESIAN_POINT('',(-40.52199892188,23.701898124307,0.));
#4606 = CARTESIAN_POINT('',(-39.91058389397,22.593227632672,0.));
#4607 = CARTESIAN_POINT('',(-39.38568430903,21.516084572901,0.));
#4608 = CARTESIAN_POINT('',(-38.9350437618,20.442096759859,0.));
#4609 = CARTESIAN_POINT('',(-38.54973065985,19.37180212739,0.));
#4610 = CARTESIAN_POINT('',(-38.21738589033,18.275591076305,0.));
#4611 = CARTESIAN_POINT('',(-37.94815658547,17.210471495888,0.));
#4612 = CARTESIAN_POINT('',(-37.72498708251,16.149633410567,0.));
#4613 = CARTESIAN_POINT('',(-37.54133807522,15.092937932788,0.));
#4614 = CARTESIAN_POINT('',(-37.38764950072,14.012330289104,0.));
#4615 = CARTESIAN_POINT('',(-37.2648028591,12.963683648875,0.));
#4616 = CARTESIAN_POINT('',(-37.16124708165,11.920085374087,0.));
#4617 = CARTESIAN_POINT('',(-37.07096364173,10.882051162642,0.));
#4618 = CARTESIAN_POINT('',(-36.98563001026,9.823005061108,0.));
#4619 = CARTESIAN_POINT('',(-36.90334895934,8.79831935196,0.));
#4620 = CARTESIAN_POINT('',(-36.81549540602,7.782607135522,0.));
#4621 = CARTESIAN_POINT('',(-36.7185952818,6.777498794842,0.));
#4622 = CARTESIAN_POINT('',(-36.59648248986,5.759349807569,0.));
#4623 = CARTESIAN_POINT('',(-36.43823638473,4.785267044861,0.));
#4624 = CARTESIAN_POINT('',(-36.25840709921,3.829731527171,0.));
#4625 = CARTESIAN_POINT('',(-36.04720104011,2.896827721317,0.));
#4626 = CARTESIAN_POINT('',(-35.793495435,1.966078505113,0.));
#4627 = CARTESIAN_POINT('',(-35.5056546836,1.089452207395,0.));
#4628 = CARTESIAN_POINT('',(-35.1756045635,0.247821441944,0.));
#4629 = CARTESIAN_POINT('',(-34.800514815,-0.554629345014,0.));
#4630 = CARTESIAN_POINT('',(-34.36371116835,-1.332310544627,0.));
#4631 = CARTESIAN_POINT('',(-33.88490693976,-2.039749645056,0.));
#4632 = CARTESIAN_POINT('',(-33.35333726625,-2.692340435974,0.));
#4633 = CARTESIAN_POINT('',(-32.76670543322,-3.285650502111,0.));
#4634 = CARTESIAN_POINT('',(-32.10328728946,-3.825240032897,0.));
#4635 = CARTESIAN_POINT('',(-31.39544101301,-4.276468384663,0.));
#4636 = CARTESIAN_POINT('',(-30.62590507602,-4.64968731769,0.));
#4637 = CARTESIAN_POINT('',(-29.79080167891,-4.938046829651,0.));
#4638 = CARTESIAN_POINT('',(-28.86437298625,-5.132942360467,0.));
#4639 = CARTESIAN_POINT('',(-27.89359541588,-5.215470689358,0.));
#4640 = CARTESIAN_POINT('',(-26.85322804139,-5.180093983858,0.));
#4641 = CARTESIAN_POINT('',(-25.73682084961,-5.034241072697,0.));
#4642 = CARTESIAN_POINT('',(-24.54155437416,-4.665353277316,0.));
#4643 = CARTESIAN_POINT('',(-23.3262175419,-4.150373092614,0.));
#4644 = CARTESIAN_POINT('',(-22.05504380989,-3.467808158938,0.));
#4645 = CARTESIAN_POINT('',(-20.73270799243,-2.603374369183,0.));
#4646 = CARTESIAN_POINT('',(-19.33293058972,-1.51045603656,0.));
#4647 = CARTESIAN_POINT('',(-17.94341260869,-0.245438248009,0.));
#4648 = CARTESIAN_POINT('',(-16.48632742974,1.293425124031,0.));
#4649 = CARTESIAN_POINT('',(-15.14081176895,2.869205322024,0.));
#4650 = CARTESIAN_POINT('',(-13.18592101121,5.593520042199,0.));
#4651 = CARTESIAN_POINT('',(-13.49805093264,5.17812186136,0.));
#4652 = CARTESIAN_POINT('',(-12.19944337461,7.170973275911,0.));
#4653 = PCURVE('',#224,#4654);
#4654 = DEFINITIONAL_REPRESENTATION('',(#4655),#4706);
#4655 = B_SPLINE_CURVE_WITH_KNOTS('',3,(#4656,#4657,#4658,#4659,#4660,
    #4661,#4662,#4663,#4664,#4665,#4666,#4667,#4668,#4669,#4670,#4671,
    #4672,#4673,#4674,#4675,#4676,#4677,#4678,#4679,#4680,#4681,#4682,
    #4683,#4684,#4685,#4686,#4687,#4688,#4689,#4690,#4691,#4692,#4693,
    #4694,#4695,#4696,#4697,#4698,#4699,#4700,#4701,#4702,#4703,#4704,
    #4705),.UNSPECIFIED.,.F.,.F.,(4,1,1,1,1,1,1,1,1,1,1,1,1,1,1,1,1,1,1,
    1,1,1,1,1,1,1,1,1,1,1,1,1,1,1,1,1,1,1,1,1,1,1,1,1,1,1,1,4),(0.,
    1.310275187177,2.575554712222,3.800853833955,4.902089094641,
    6.06831455688,7.21183434275,8.337173980858,9.363078484396,
    10.46331856218,11.554153671202,12.637112639117,13.630528059043,
    14.700223728197,15.762924250692,16.817962772309,17.784172052652,
    18.821404601302,19.84721146813,20.859830292326,21.78133906864,
    22.763820637486,23.728524475563,24.674422276675,25.530408882817,
    26.439181751574,27.329575345756,28.203542707491,28.998544434436,
    29.851442200626,30.702034885941,31.558695680793,32.363786840272,
    33.262555459008,34.202118316714,35.196909054575,36.177314147534,
    37.320972597039,38.563122142845,39.916198777823,41.276469790388,
    42.885560125174,44.651495886816,46.590899109622,48.549892956214,
    50.871342573664,53.417826896227,55.987800380247),.UNSPECIFIED.);
#4656 = CARTESIAN_POINT('',(-41.2335182624,24.786705922474));
#4657 = CARTESIAN_POINT('',(-41.00109376738,24.421224895251));
#4658 = CARTESIAN_POINT('',(-40.52199892188,23.701898124307));
#4659 = CARTESIAN_POINT('',(-39.91058389397,22.593227632672));
#4660 = CARTESIAN_POINT('',(-39.38568430903,21.516084572901));
#4661 = CARTESIAN_POINT('',(-38.9350437618,20.442096759859));
#4662 = CARTESIAN_POINT('',(-38.54973065985,19.37180212739));
#4663 = CARTESIAN_POINT('',(-38.21738589033,18.275591076305));
#4664 = CARTESIAN_POINT('',(-37.94815658547,17.210471495888));
#4665 = CARTESIAN_POINT('',(-37.72498708251,16.149633410567));
#4666 = CARTESIAN_POINT('',(-37.54133807522,15.092937932788));
#4667 = CARTESIAN_POINT('',(-37.38764950072,14.012330289104));
#4668 = CARTESIAN_POINT('',(-37.2648028591,12.963683648875));
#4669 = CARTESIAN_POINT('',(-37.16124708165,11.920085374087));
#4670 = CARTESIAN_POINT('',(-37.07096364173,10.882051162642));
#4671 = CARTESIAN_POINT('',(-36.98563001026,9.823005061108));
#4672 = CARTESIAN_POINT('',(-36.90334895934,8.79831935196));
#4673 = CARTESIAN_POINT('',(-36.81549540602,7.782607135522));
#4674 = CARTESIAN_POINT('',(-36.7185952818,6.777498794842));
#4675 = CARTESIAN_POINT('',(-36.59648248986,5.759349807569));
#4676 = CARTESIAN_POINT('',(-36.43823638473,4.785267044861));
#4677 = CARTESIAN_POINT('',(-36.25840709921,3.829731527171));
#4678 = CARTESIAN_POINT('',(-36.04720104011,2.896827721317));
#4679 = CARTESIAN_POINT('',(-35.793495435,1.966078505113));
#4680 = CARTESIAN_POINT('',(-35.5056546836,1.089452207395));
#4681 = CARTESIAN_POINT('',(-35.1756045635,0.247821441944));
#4682 = CARTESIAN_POINT('',(-34.800514815,-0.554629345014));
#4683 = CARTESIAN_POINT('',(-34.36371116835,-1.332310544627));
#4684 = CARTESIAN_POINT('',(-33.88490693976,-2.039749645056));
#4685 = CARTESIAN_POINT('',(-33.35333726625,-2.692340435974));
#4686 = CARTESIAN_POINT('',(-32.76670543322,-3.285650502111));
#4687 = CARTESIAN_POINT('',(-32.10328728946,-3.825240032897));
#4688 = CARTESIAN_POINT('',(-31.39544101301,-4.276468384663));
#4689 = CARTESIAN_POINT('',(-30.62590507602,-4.64968731769));
#4690 = CARTESIAN_POINT('',(-29.79080167891,-4.938046829651));
#4691 = CARTESIAN_POINT('',(-28.86437298625,-5.132942360467));
#4692 = CARTESIAN_POINT('',(-27.89359541588,-5.215470689358));
#4693 = CARTESIAN_POINT('',(-26.85322804139,-5.180093983858));
#4694 = CARTESIAN_POINT('',(-25.73682084961,-5.034241072697));
#4695 = CARTESIAN_POINT('',(-24.54155437416,-4.665353277316));
#4696 = CARTESIAN_POINT('',(-23.3262175419,-4.150373092614));
#4697 = CARTESIAN_POINT('',(-22.05504380989,-3.467808158938));
#4698 = CARTESIAN_POINT('',(-20.73270799243,-2.603374369183));
#4699 = CARTESIAN_POINT('',(-19.33293058972,-1.51045603656));
#4700 = CARTESIAN_POINT('',(-17.94341260869,-0.245438248009));
#4701 = CARTESIAN_POINT('',(-16.48632742974,1.293425124031));
#4702 = CARTESIAN_POINT('',(-15.14081176895,2.869205322024));
#4703 = CARTESIAN_POINT('',(-13.18592101121,5.593520042199));
#4704 = CARTESIAN_POINT('',(-13.49805093264,5.17812186136));
#4705 = CARTESIAN_POINT('',(-12.19944337461,7.170973275911));
#4706 = ( GEOMETRIC_REPRESENTATION_CONTEXT(2) 
PARAMETRIC_REPRESENTATION_CONTEXT() REPRESENTATION_CONTEXT('2D SPACE',''
  ) );
#4707 = PCURVE('',#4708,#4809);
#4708 = B_SPLINE_SURFACE_WITH_KNOTS('',3,1,(
    (#4709,#4710)
    ,(#4711,#4712)
    ,(#4713,#4714)
    ,(#4715,#4716)
    ,(#4717,#4718)
    ,(#4719,#4720)
    ,(#4721,#4722)
    ,(#4723,#4724)
    ,(#4725,#4726)
    ,(#4727,#4728)
    ,(#4729,#4730)
    ,(#4731,#4732)
    ,(#4733,#4734)
    ,(#4735,#4736)
    ,(#4737,#4738)
    ,(#4739,#4740)
    ,(#4741,#4742)
    ,(#4743,#4744)
    ,(#4745,#4746)
    ,(#4747,#4748)
    ,(#4749,#4750)
    ,(#4751,#4752)
    ,(#4753,#4754)
    ,(#4755,#4756)
    ,(#4757,#4758)
    ,(#4759,#4760)
    ,(#4761,#4762)
    ,(#4763,#4764)
    ,(#4765,#4766)
    ,(#4767,#4768)
    ,(#4769,#4770)
    ,(#4771,#4772)
    ,(#4773,#4774)
    ,(#4775,#4776)
    ,(#4777,#4778)
    ,(#4779,#4780)
    ,(#4781,#4782)
    ,(#4783,#4784)
    ,(#4785,#4786)
    ,(#4787,#4788)
    ,(#4789,#4790)
    ,(#4791,#4792)
    ,(#4793,#4794)
    ,(#4795,#4796)
    ,(#4797,#4798)
    ,(#4799,#4800)
    ,(#4801,#4802)
    ,(#4803,#4804)
    ,(#4805,#4806)
    ,(#4807,#4808
    )),.UNSPECIFIED.,.F.,.F.,.F.,(4,1,1,1,1,1,1,1,1,1,1,1,1,1,1,1,1,1,1,
    1,1,1,1,1,1,1,1,1,1,1,1,1,1,1,1,1,1,1,1,1,1,1,1,1,1,1,1,4),(2,2),(0.
    ,1.310275187177,2.575554712222,3.800853833955,4.902089094641,
    6.06831455688,7.21183434275,8.337173980858,9.363078484396,
    10.46331856218,11.554153671202,12.637112639117,13.630528059043,
    14.700223728197,15.762924250692,16.817962772309,17.784172052652,
    18.821404601302,19.84721146813,20.859830292326,21.78133906864,
    22.763820637486,23.728524475563,24.674422276675,25.530408882817,
    26.439181751574,27.329575345756,28.203542707491,28.998544434436,
    29.851442200626,30.702034885941,31.558695680793,32.363786840272,
    33.262555459008,34.202118316714,35.196909054575,36.177314147534,
    37.320972597039,38.563122142845,39.916198777823,41.276469790388,
    42.885560125174,44.651495886816,46.590899109622,48.549892956214,
    50.871342573664,53.417826896227,55.987800380247),(-22.4,0.),
  .UNSPECIFIED.);
#4709 = CARTESIAN_POINT('',(-41.2335182624,24.786705922474,22.4));
#4710 = CARTESIAN_POINT('',(-41.2335182624,24.786705922474,0.));
#4711 = CARTESIAN_POINT('',(-41.00109376738,24.421224895251,22.4));
#4712 = CARTESIAN_POINT('',(-41.00109376738,24.421224895251,0.));
#4713 = CARTESIAN_POINT('',(-40.52199892188,23.701898124307,22.4));
#4714 = CARTESIAN_POINT('',(-40.52199892188,23.701898124307,0.));
#4715 = CARTESIAN_POINT('',(-39.91058389397,22.593227632672,22.4));
#4716 = CARTESIAN_POINT('',(-39.91058389397,22.593227632672,0.));
#4717 = CARTESIAN_POINT('',(-39.38568430903,21.516084572901,22.4));
#4718 = CARTESIAN_POINT('',(-39.38568430903,21.516084572901,0.));
#4719 = CARTESIAN_POINT('',(-38.9350437618,20.442096759859,22.4));
#4720 = CARTESIAN_POINT('',(-38.9350437618,20.442096759859,0.));
#4721 = CARTESIAN_POINT('',(-38.54973065985,19.37180212739,22.4));
#4722 = CARTESIAN_POINT('',(-38.54973065985,19.37180212739,0.));
#4723 = CARTESIAN_POINT('',(-38.21738589033,18.275591076305,22.4));
#4724 = CARTESIAN_POINT('',(-38.21738589033,18.275591076305,0.));
#4725 = CARTESIAN_POINT('',(-37.94815658547,17.210471495888,22.4));
#4726 = CARTESIAN_POINT('',(-37.94815658547,17.210471495888,0.));
#4727 = CARTESIAN_POINT('',(-37.72498708251,16.149633410567,22.4));
#4728 = CARTESIAN_POINT('',(-37.72498708251,16.149633410567,0.));
#4729 = CARTESIAN_POINT('',(-37.54133807522,15.092937932788,22.4));
#4730 = CARTESIAN_POINT('',(-37.54133807522,15.092937932788,0.));
#4731 = CARTESIAN_POINT('',(-37.38764950072,14.012330289104,22.4));
#4732 = CARTESIAN_POINT('',(-37.38764950072,14.012330289104,0.));
#4733 = CARTESIAN_POINT('',(-37.2648028591,12.963683648875,22.4));
#4734 = CARTESIAN_POINT('',(-37.2648028591,12.963683648875,0.));
#4735 = CARTESIAN_POINT('',(-37.16124708165,11.920085374087,22.4));
#4736 = CARTESIAN_POINT('',(-37.16124708165,11.920085374087,0.));
#4737 = CARTESIAN_POINT('',(-37.07096364173,10.882051162642,22.4));
#4738 = CARTESIAN_POINT('',(-37.07096364173,10.882051162642,0.));
#4739 = CARTESIAN_POINT('',(-36.98563001026,9.823005061108,22.4));
#4740 = CARTESIAN_POINT('',(-36.98563001026,9.823005061108,0.));
#4741 = CARTESIAN_POINT('',(-36.90334895934,8.79831935196,22.4));
#4742 = CARTESIAN_POINT('',(-36.90334895934,8.79831935196,0.));
#4743 = CARTESIAN_POINT('',(-36.81549540602,7.782607135522,22.4));
#4744 = CARTESIAN_POINT('',(-36.81549540602,7.782607135522,0.));
#4745 = CARTESIAN_POINT('',(-36.7185952818,6.777498794842,22.4));
#4746 = CARTESIAN_POINT('',(-36.7185952818,6.777498794842,0.));
#4747 = CARTESIAN_POINT('',(-36.59648248986,5.759349807569,22.4));
#4748 = CARTESIAN_POINT('',(-36.59648248986,5.759349807569,0.));
#4749 = CARTESIAN_POINT('',(-36.43823638473,4.785267044861,22.4));
#4750 = CARTESIAN_POINT('',(-36.43823638473,4.785267044861,0.));
#4751 = CARTESIAN_POINT('',(-36.25840709921,3.829731527171,22.4));
#4752 = CARTESIAN_POINT('',(-36.25840709921,3.829731527171,0.));
#4753 = CARTESIAN_POINT('',(-36.04720104011,2.896827721317,22.4));
#4754 = CARTESIAN_POINT('',(-36.04720104011,2.896827721317,0.));
#4755 = CARTESIAN_POINT('',(-35.793495435,1.966078505113,22.4));
#4756 = CARTESIAN_POINT('',(-35.793495435,1.966078505113,0.));
#4757 = CARTESIAN_POINT('',(-35.5056546836,1.089452207395,22.4));
#4758 = CARTESIAN_POINT('',(-35.5056546836,1.089452207395,0.));
#4759 = CARTESIAN_POINT('',(-35.1756045635,0.247821441944,22.4));
#4760 = CARTESIAN_POINT('',(-35.1756045635,0.247821441944,0.));
#4761 = CARTESIAN_POINT('',(-34.800514815,-0.554629345014,22.4));
#4762 = CARTESIAN_POINT('',(-34.800514815,-0.554629345014,0.));
#4763 = CARTESIAN_POINT('',(-34.36371116835,-1.332310544627,22.4));
#4764 = CARTESIAN_POINT('',(-34.36371116835,-1.332310544627,0.));
#4765 = CARTESIAN_POINT('',(-33.88490693976,-2.039749645056,22.4));
#4766 = CARTESIAN_POINT('',(-33.88490693976,-2.039749645056,0.));
#4767 = CARTESIAN_POINT('',(-33.35333726625,-2.692340435974,22.4));
#4768 = CARTESIAN_POINT('',(-33.35333726625,-2.692340435974,0.));
#4769 = CARTESIAN_POINT('',(-32.76670543322,-3.285650502111,22.4));
#4770 = CARTESIAN_POINT('',(-32.76670543322,-3.285650502111,0.));
#4771 = CARTESIAN_POINT('',(-32.10328728946,-3.825240032897,22.4));
#4772 = CARTESIAN_POINT('',(-32.10328728946,-3.825240032897,0.));
#4773 = CARTESIAN_POINT('',(-31.39544101301,-4.276468384663,22.4));
#4774 = CARTESIAN_POINT('',(-31.39544101301,-4.276468384663,0.));
#4775 = CARTESIAN_POINT('',(-30.62590507602,-4.64968731769,22.4));
#4776 = CARTESIAN_POINT('',(-30.62590507602,-4.64968731769,0.));
#4777 = CARTESIAN_POINT('',(-29.79080167891,-4.938046829651,22.4));
#4778 = CARTESIAN_POINT('',(-29.79080167891,-4.938046829651,0.));
#4779 = CARTESIAN_POINT('',(-28.86437298625,-5.132942360467,22.4));
#4780 = CARTESIAN_POINT('',(-28.86437298625,-5.132942360467,0.));
#4781 = CARTESIAN_POINT('',(-27.89359541588,-5.215470689358,22.4));
#4782 = CARTESIAN_POINT('',(-27.89359541588,-5.215470689358,0.));
#4783 = CARTESIAN_POINT('',(-26.85322804139,-5.180093983858,22.4));
#4784 = CARTESIAN_POINT('',(-26.85322804139,-5.180093983858,0.));
#4785 = CARTESIAN_POINT('',(-25.73682084961,-5.034241072697,22.4));
#4786 = CARTESIAN_POINT('',(-25.73682084961,-5.034241072697,0.));
#4787 = CARTESIAN_POINT('',(-24.54155437416,-4.665353277316,22.4));
#4788 = CARTESIAN_POINT('',(-24.54155437416,-4.665353277316,0.));
#4789 = CARTESIAN_POINT('',(-23.3262175419,-4.150373092614,22.4));
#4790 = CARTESIAN_POINT('',(-23.3262175419,-4.150373092614,0.));
#4791 = CARTESIAN_POINT('',(-22.05504380989,-3.467808158938,22.4));
#4792 = CARTESIAN_POINT('',(-22.05504380989,-3.467808158938,0.));
#4793 = CARTESIAN_POINT('',(-20.73270799243,-2.603374369183,22.4));
#4794 = CARTESIAN_POINT('',(-20.73270799243,-2.603374369183,0.));
#4795 = CARTESIAN_POINT('',(-19.33293058972,-1.51045603656,22.4));
#4796 = CARTESIAN_POINT('',(-19.33293058972,-1.51045603656,0.));
#4797 = CARTESIAN_POINT('',(-17.94341260869,-0.245438248009,22.4));
#4798 = CARTESIAN_POINT('',(-17.94341260869,-0.245438248009,0.));
#4799 = CARTESIAN_POINT('',(-16.48632742974,1.293425124031,22.4));
#4800 = CARTESIAN_POINT('',(-16.48632742974,1.293425124031,0.));
#4801 = CARTESIAN_POINT('',(-15.14081176895,2.869205322024,22.4));
#4802 = CARTESIAN_POINT('',(-15.14081176895,2.869205322024,0.));
#4803 = CARTESIAN_POINT('',(-13.18592101121,5.593520042199,22.4));
#4804 = CARTESIAN_POINT('',(-13.18592101121,5.593520042199,0.));
#4805 = CARTESIAN_POINT('',(-13.49805093264,5.17812186136,22.4));
#4806 = CARTESIAN_POINT('',(-13.49805093264,5.17812186136,0.));
#4807 = CARTESIAN_POINT('',(-12.19944337461,7.170973275911,22.4));
#4808 = CARTESIAN_POINT('',(-12.19944337461,7.170973275911,0.));
#4809 = DEFINITIONAL_REPRESENTATION('',(#4810),#4814);
#4810 = LINE('',#4811,#4812);
#4811 = CARTESIAN_POINT('',(0.,0.));
#4812 = VECTOR('',#4813,1.);
#4813 = DIRECTION('',(1.,0.));
#4814 = ( GEOMETRIC_REPRESENTATION_CONTEXT(2) 
PARAMETRIC_REPRESENTATION_CONTEXT() REPRESENTATION_CONTEXT('2D SPACE',''
  ) );
#4815 = ORIENTED_EDGE('',*,*,#4816,.F.);
#4816 = EDGE_CURVE('',#4817,#4599,#4819,.T.);
#4817 = VERTEX_POINT('',#4818);
#4818 = CARTESIAN_POINT('',(-41.47139212006,25.147040295502,0.));
#4819 = SURFACE_CURVE('',#4820,(#4824,#4831),.PCURVE_S1.);
#4820 = LINE('',#4821,#4822);
#4821 = CARTESIAN_POINT('',(-42.56657612197,26.806039079808,0.));
#4822 = VECTOR('',#4823,1.);
#4823 = DIRECTION('',(0.550927986848,-0.834552786412,0.));
#4824 = PCURVE('',#224,#4825);
#4825 = DEFINITIONAL_REPRESENTATION('',(#4826),#4830);
#4826 = LINE('',#4827,#4828);
#4827 = CARTESIAN_POINT('',(-42.56657612197,26.806039079808));
#4828 = VECTOR('',#4829,1.);
#4829 = DIRECTION('',(0.550927986848,-0.834552786412));
#4830 = ( GEOMETRIC_REPRESENTATION_CONTEXT(2) 
PARAMETRIC_REPRESENTATION_CONTEXT() REPRESENTATION_CONTEXT('2D SPACE',''
  ) );
#4831 = PCURVE('',#4832,#4837);
#4832 = PLANE('',#4833);
#4833 = AXIS2_PLACEMENT_3D('',#4834,#4835,#4836);
#4834 = CARTESIAN_POINT('',(-41.47139212006,25.147040295501,0.));
#4835 = DIRECTION('',(0.834552786412,0.550927986848,-0.));
#4836 = DIRECTION('',(0.550927986848,-0.834552786412,0.));
#4837 = DEFINITIONAL_REPRESENTATION('',(#4838),#4842);
#4838 = LINE('',#4839,#4840);
#4839 = CARTESIAN_POINT('',(-1.987889575494,-0.));
#4840 = VECTOR('',#4841,1.);
#4841 = DIRECTION('',(1.,0.));
#4842 = ( GEOMETRIC_REPRESENTATION_CONTEXT(2) 
PARAMETRIC_REPRESENTATION_CONTEXT() REPRESENTATION_CONTEXT('2D SPACE',''
  ) );
#4843 = ORIENTED_EDGE('',*,*,#4844,.F.);
#4844 = EDGE_CURVE('',#4845,#4817,#4847,.T.);
#4845 = VERTEX_POINT('',#4846);
#4846 = CARTESIAN_POINT('',(-25.14724214276,41.471269725117,0.));
#4847 = SURFACE_CURVE('',#4848,(#4853,#4860),.PCURVE_S1.);
#4848 = CIRCLE('',#4849,48.5);
#4849 = AXIS2_PLACEMENT_3D('',#4850,#4851,#4852);
#4850 = CARTESIAN_POINT('',(0.,0.,0.));
#4851 = DIRECTION('',(0.,0.,1.));
#4852 = DIRECTION('',(1.,0.,-0.));
#4853 = PCURVE('',#224,#4854);
#4854 = DEFINITIONAL_REPRESENTATION('',(#4855),#4859);
#4855 = CIRCLE('',#4856,48.5);
#4856 = AXIS2_PLACEMENT_2D('',#4857,#4858);
#4857 = CARTESIAN_POINT('',(0.,-1.204325410458E-15));
#4858 = DIRECTION('',(1.,0.));
#4859 = ( GEOMETRIC_REPRESENTATION_CONTEXT(2) 
PARAMETRIC_REPRESENTATION_CONTEXT() REPRESENTATION_CONTEXT('2D SPACE',''
  ) );
#4860 = PCURVE('',#4861,#4866);
#4861 = CYLINDRICAL_SURFACE('',#4862,48.5);
#4862 = AXIS2_PLACEMENT_3D('',#4863,#4864,#4865);
#4863 = CARTESIAN_POINT('',(0.,0.,0.));
#4864 = DIRECTION('',(-0.,-0.,-1.));
#4865 = DIRECTION('',(1.,0.,-0.));
#4866 = DEFINITIONAL_REPRESENTATION('',(#4867),#4871);
#4867 = LINE('',#4868,#4869);
#4868 = CARTESIAN_POINT('',(-0.,0.));
#4869 = VECTOR('',#4870,1.);
#4870 = DIRECTION('',(-1.,0.));
#4871 = ( GEOMETRIC_REPRESENTATION_CONTEXT(2) 
PARAMETRIC_REPRESENTATION_CONTEXT() REPRESENTATION_CONTEXT('2D SPACE',''
  ) );
#4872 = ORIENTED_EDGE('',*,*,#4873,.F.);
#4873 = EDGE_CURVE('',#4540,#4845,#4874,.T.);
#4874 = SURFACE_CURVE('',#4875,(#4926,#4980),.PCURVE_S1.);
#4875 = B_SPLINE_CURVE_WITH_KNOTS('',3,(#4876,#4877,#4878,#4879,#4880,
    #4881,#4882,#4883,#4884,#4885,#4886,#4887,#4888,#4889,#4890,#4891,
    #4892,#4893,#4894,#4895,#4896,#4897,#4898,#4899,#4900,#4901,#4902,
    #4903,#4904,#4905,#4906,#4907,#4908,#4909,#4910,#4911,#4912,#4913,
    #4914,#4915,#4916,#4917,#4918,#4919,#4920,#4921,#4922,#4923,#4924,
    #4925),.UNSPECIFIED.,.F.,.F.,(4,1,1,1,1,1,1,1,1,1,1,1,1,1,1,1,1,1,1,
    1,1,1,1,1,1,1,1,1,1,1,1,1,1,1,1,1,1,1,1,1,1,1,1,1,1,1,1,4),(0.,
    2.712363629581,5.415653884531,7.889901421053,9.986742084351,
    12.07233621524,13.981450928582,15.730829279285,17.217976489194,
    18.70534511222,20.079261809959,21.357514213245,22.46799558875,
    23.608470848383,24.696515979748,25.743900293344,26.683864297553,
    27.681614976107,28.665922847739,29.643534481927,30.544804484636,
    31.523863593595,32.508882471553,33.502052098633,34.427210166566,
    35.439013636309,36.460687542796,37.491630530293,38.450636928084,
    39.49631232414,40.547756860041,41.603484223464,42.58022774738,
    43.639187672476,44.697549950026,45.75413920775,46.727235587527,
    47.778840627491,48.828245019521,49.876764601754,50.845806288818,
    51.899956703366,52.96296178269,54.040387692291,55.053510242706,
    56.178288511941,57.339605375855,58.548465428582),.UNSPECIFIED.);
#4876 = CARTESIAN_POINT('',(-5.720458763507,9.687078542018,0.));
#4877 = CARTESIAN_POINT('',(-6.542816446458,9.358587563928,0.));
#4878 = CARTESIAN_POINT('',(-8.231413027986,8.644651844641,0.));
#4879 = CARTESIAN_POINT('',(-10.72086818056,7.822167095234,0.));
#4880 = CARTESIAN_POINT('',(-13.06629965502,7.1916838086,0.));
#4881 = CARTESIAN_POINT('',(-15.24399570111,6.760543657476,0.));
#4882 = CARTESIAN_POINT('',(-17.26022671028,6.503681872811,0.));
#4883 = CARTESIAN_POINT('',(-19.17461817905,6.409669017147,0.));
#4884 = CARTESIAN_POINT('',(-20.89106345179,6.468444874619,0.));
#4885 = CARTESIAN_POINT('',(-22.45593821341,6.658292983199,0.));
#4886 = CARTESIAN_POINT('',(-23.8756713454,6.964328078922,0.));
#4887 = CARTESIAN_POINT('',(-25.18838137235,7.392926794409,0.));
#4888 = CARTESIAN_POINT('',(-26.35925957832,7.84774638527,0.));
#4889 = CARTESIAN_POINT('',(-27.39660001361,8.40852467123,0.));
#4890 = CARTESIAN_POINT('',(-28.31271093526,9.045086728748,0.));
#4891 = CARTESIAN_POINT('',(-29.12740874841,9.776498494533,0.));
#4892 = CARTESIAN_POINT('',(-29.80100523813,10.552796777904,0.));
#4893 = CARTESIAN_POINT('',(-30.36039650068,11.378195159228,0.));
#4894 = CARTESIAN_POINT('',(-30.81108695241,12.244257933678,0.));
#4895 = CARTESIAN_POINT('',(-31.16359934877,13.167871135119,0.));
#4896 = CARTESIAN_POINT('',(-31.40609795542,14.092755808099,0.));
#4897 = CARTESIAN_POINT('',(-31.55825555652,15.034398520672,0.));
#4898 = CARTESIAN_POINT('',(-31.62674243344,15.988310410836,0.));
#4899 = CARTESIAN_POINT('',(-31.61530636352,16.975002870463,0.));
#4900 = CARTESIAN_POINT('',(-31.53197683116,17.939999395187,0.));
#4901 = CARTESIAN_POINT('',(-31.38621573434,18.906300010445,0.));
#4902 = CARTESIAN_POINT('',(-31.18416226606,19.872106820915,0.));
#4903 = CARTESIAN_POINT('',(-30.92419562152,20.860343435965,0.));
#4904 = CARTESIAN_POINT('',(-30.62613564209,21.819215293522,0.));
#4905 = CARTESIAN_POINT('',(-30.29273438006,22.774793918769,0.));
#4906 = CARTESIAN_POINT('',(-29.92453440773,23.724736824079,0.));
#4907 = CARTESIAN_POINT('',(-29.53749646589,24.701813869532,0.));
#4908 = CARTESIAN_POINT('',(-29.14681888442,25.652698644146,0.));
#4909 = CARTESIAN_POINT('',(-28.74314617764,26.600831815357,0.));
#4910 = CARTESIAN_POINT('',(-28.33398930057,27.547554628632,0.));
#4911 = CARTESIAN_POINT('',(-27.91432988397,28.51873365336,0.));
#4912 = CARTESIAN_POINT('',(-27.51207070161,29.466245958072,0.));
#4913 = CARTESIAN_POINT('',(-27.12218011851,30.41649911163,0.));
#4914 = CARTESIAN_POINT('',(-26.75002020627,31.371313791997,0.));
#4915 = CARTESIAN_POINT('',(-26.39293813358,32.358707147077,0.));
#4916 = CARTESIAN_POINT('',(-26.07496201524,33.330519791579,0.));
#4917 = CARTESIAN_POINT('',(-25.79102541105,34.314531600428,0.));
#4918 = CARTESIAN_POINT('',(-25.54569608985,35.3137819354,0.));
#4919 = CARTESIAN_POINT('',(-25.34047185706,36.359700698854,0.));
#4920 = CARTESIAN_POINT('',(-25.1907445929,37.398480446605,0.));
#4921 = CARTESIAN_POINT('',(-25.0940258324,38.474360853348,0.));
#4922 = CARTESIAN_POINT('',(-25.05316055298,39.540791692821,0.));
#4923 = CARTESIAN_POINT('',(-25.08208213372,40.838454313831,0.));
#4924 = CARTESIAN_POINT('',(-25.13404967519,41.284600000154,0.));
#4925 = CARTESIAN_POINT('',(-25.18407865858,41.92178803089,0.));
#4926 = PCURVE('',#224,#4927);
#4927 = DEFINITIONAL_REPRESENTATION('',(#4928),#4979);
#4928 = B_SPLINE_CURVE_WITH_KNOTS('',3,(#4929,#4930,#4931,#4932,#4933,
    #4934,#4935,#4936,#4937,#4938,#4939,#4940,#4941,#4942,#4943,#4944,
    #4945,#4946,#4947,#4948,#4949,#4950,#4951,#4952,#4953,#4954,#4955,
    #4956,#4957,#4958,#4959,#4960,#4961,#4962,#4963,#4964,#4965,#4966,
    #4967,#4968,#4969,#4970,#4971,#4972,#4973,#4974,#4975,#4976,#4977,
    #4978),.UNSPECIFIED.,.F.,.F.,(4,1,1,1,1,1,1,1,1,1,1,1,1,1,1,1,1,1,1,
    1,1,1,1,1,1,1,1,1,1,1,1,1,1,1,1,1,1,1,1,1,1,1,1,1,1,1,1,4),(0.,
    2.712363629581,5.415653884531,7.889901421053,9.986742084351,
    12.07233621524,13.981450928582,15.730829279285,17.217976489194,
    18.70534511222,20.079261809959,21.357514213245,22.46799558875,
    23.608470848383,24.696515979748,25.743900293344,26.683864297553,
    27.681614976107,28.665922847739,29.643534481927,30.544804484636,
    31.523863593595,32.508882471553,33.502052098633,34.427210166566,
    35.439013636309,36.460687542796,37.491630530293,38.450636928084,
    39.49631232414,40.547756860041,41.603484223464,42.58022774738,
    43.639187672476,44.697549950026,45.75413920775,46.727235587527,
    47.778840627491,48.828245019521,49.876764601754,50.845806288818,
    51.899956703366,52.96296178269,54.040387692291,55.053510242706,
    56.178288511941,57.339605375855,58.548465428582),.UNSPECIFIED.);
#4929 = CARTESIAN_POINT('',(-5.720458763507,9.687078542018));
#4930 = CARTESIAN_POINT('',(-6.542816446458,9.358587563928));
#4931 = CARTESIAN_POINT('',(-8.231413027986,8.644651844641));
#4932 = CARTESIAN_POINT('',(-10.72086818056,7.822167095234));
#4933 = CARTESIAN_POINT('',(-13.06629965502,7.1916838086));
#4934 = CARTESIAN_POINT('',(-15.24399570111,6.760543657476));
#4935 = CARTESIAN_POINT('',(-17.26022671028,6.503681872811));
#4936 = CARTESIAN_POINT('',(-19.17461817905,6.409669017147));
#4937 = CARTESIAN_POINT('',(-20.89106345179,6.468444874619));
#4938 = CARTESIAN_POINT('',(-22.45593821341,6.658292983199));
#4939 = CARTESIAN_POINT('',(-23.8756713454,6.964328078922));
#4940 = CARTESIAN_POINT('',(-25.18838137235,7.392926794409));
#4941 = CARTESIAN_POINT('',(-26.35925957832,7.84774638527));
#4942 = CARTESIAN_POINT('',(-27.39660001361,8.40852467123));
#4943 = CARTESIAN_POINT('',(-28.31271093526,9.045086728748));
#4944 = CARTESIAN_POINT('',(-29.12740874841,9.776498494533));
#4945 = CARTESIAN_POINT('',(-29.80100523813,10.552796777904));
#4946 = CARTESIAN_POINT('',(-30.36039650068,11.378195159228));
#4947 = CARTESIAN_POINT('',(-30.81108695241,12.244257933678));
#4948 = CARTESIAN_POINT('',(-31.16359934877,13.167871135119));
#4949 = CARTESIAN_POINT('',(-31.40609795542,14.092755808099));
#4950 = CARTESIAN_POINT('',(-31.55825555652,15.034398520672));
#4951 = CARTESIAN_POINT('',(-31.62674243344,15.988310410836));
#4952 = CARTESIAN_POINT('',(-31.61530636352,16.975002870463));
#4953 = CARTESIAN_POINT('',(-31.53197683116,17.939999395187));
#4954 = CARTESIAN_POINT('',(-31.38621573434,18.906300010445));
#4955 = CARTESIAN_POINT('',(-31.18416226606,19.872106820915));
#4956 = CARTESIAN_POINT('',(-30.92419562152,20.860343435965));
#4957 = CARTESIAN_POINT('',(-30.62613564209,21.819215293522));
#4958 = CARTESIAN_POINT('',(-30.29273438006,22.774793918769));
#4959 = CARTESIAN_POINT('',(-29.92453440773,23.724736824079));
#4960 = CARTESIAN_POINT('',(-29.53749646589,24.701813869532));
#4961 = CARTESIAN_POINT('',(-29.14681888442,25.652698644146));
#4962 = CARTESIAN_POINT('',(-28.74314617764,26.600831815357));
#4963 = CARTESIAN_POINT('',(-28.33398930057,27.547554628632));
#4964 = CARTESIAN_POINT('',(-27.91432988397,28.51873365336));
#4965 = CARTESIAN_POINT('',(-27.51207070161,29.466245958072));
#4966 = CARTESIAN_POINT('',(-27.12218011851,30.41649911163));
#4967 = CARTESIAN_POINT('',(-26.75002020627,31.371313791997));
#4968 = CARTESIAN_POINT('',(-26.39293813358,32.358707147077));
#4969 = CARTESIAN_POINT('',(-26.07496201524,33.330519791579));
#4970 = CARTESIAN_POINT('',(-25.79102541105,34.314531600428));
#4971 = CARTESIAN_POINT('',(-25.54569608985,35.3137819354));
#4972 = CARTESIAN_POINT('',(-25.34047185706,36.359700698854));
#4973 = CARTESIAN_POINT('',(-25.1907445929,37.398480446605));
#4974 = CARTESIAN_POINT('',(-25.0940258324,38.474360853348));
#4975 = CARTESIAN_POINT('',(-25.05316055298,39.540791692821));
#4976 = CARTESIAN_POINT('',(-25.08208213372,40.838454313831));
#4977 = CARTESIAN_POINT('',(-25.13404967519,41.284600000154));
#4978 = CARTESIAN_POINT('',(-25.18407865858,41.92178803089));
#4979 = ( GEOMETRIC_REPRESENTATION_CONTEXT(2) 
PARAMETRIC_REPRESENTATION_CONTEXT() REPRESENTATION_CONTEXT('2D SPACE',''
  ) );
#4980 = PCURVE('',#4981,#5082);
#4981 = B_SPLINE_SURFACE_WITH_KNOTS('',3,1,(
    (#4982,#4983)
    ,(#4984,#4985)
    ,(#4986,#4987)
    ,(#4988,#4989)
    ,(#4990,#4991)
    ,(#4992,#4993)
    ,(#4994,#4995)
    ,(#4996,#4997)
    ,(#4998,#4999)
    ,(#5000,#5001)
    ,(#5002,#5003)
    ,(#5004,#5005)
    ,(#5006,#5007)
    ,(#5008,#5009)
    ,(#5010,#5011)
    ,(#5012,#5013)
    ,(#5014,#5015)
    ,(#5016,#5017)
    ,(#5018,#5019)
    ,(#5020,#5021)
    ,(#5022,#5023)
    ,(#5024,#5025)
    ,(#5026,#5027)
    ,(#5028,#5029)
    ,(#5030,#5031)
    ,(#5032,#5033)
    ,(#5034,#5035)
    ,(#5036,#5037)
    ,(#5038,#5039)
    ,(#5040,#5041)
    ,(#5042,#5043)
    ,(#5044,#5045)
    ,(#5046,#5047)
    ,(#5048,#5049)
    ,(#5050,#5051)
    ,(#5052,#5053)
    ,(#5054,#5055)
    ,(#5056,#5057)
    ,(#5058,#5059)
    ,(#5060,#5061)
    ,(#5062,#5063)
    ,(#5064,#5065)
    ,(#5066,#5067)
    ,(#5068,#5069)
    ,(#5070,#5071)
    ,(#5072,#5073)
    ,(#5074,#5075)
    ,(#5076,#5077)
    ,(#5078,#5079)
    ,(#5080,#5081
    )),.UNSPECIFIED.,.F.,.F.,.F.,(4,1,1,1,1,1,1,1,1,1,1,1,1,1,1,1,1,1,1,
    1,1,1,1,1,1,1,1,1,1,1,1,1,1,1,1,1,1,1,1,1,1,1,1,1,1,1,1,4),(2,2),(0.
    ,2.712363629581,5.415653884531,7.889901421053,9.986742084351,
    12.07233621524,13.981450928582,15.730829279285,17.217976489194,
    18.70534511222,20.079261809959,21.357514213245,22.46799558875,
    23.608470848383,24.696515979748,25.743900293344,26.683864297553,
    27.681614976107,28.665922847739,29.643534481927,30.544804484636,
    31.523863593595,32.508882471553,33.502052098633,34.427210166566,
    35.439013636309,36.460687542796,37.491630530293,38.450636928084,
    39.49631232414,40.547756860041,41.603484223464,42.58022774738,
    43.639187672476,44.697549950026,45.75413920775,46.727235587527,
    47.778840627491,48.828245019521,49.876764601754,50.845806288818,
    51.899956703366,52.96296178269,54.040387692291,55.053510242706,
    56.178288511941,57.339605375855,58.548465428582),(-22.4,0.),
  .UNSPECIFIED.);
#4982 = CARTESIAN_POINT('',(-5.720458763507,9.687078542018,22.4));
#4983 = CARTESIAN_POINT('',(-5.720458763507,9.687078542018,0.));
#4984 = CARTESIAN_POINT('',(-6.542816446458,9.358587563928,22.4));
#4985 = CARTESIAN_POINT('',(-6.542816446458,9.358587563928,0.));
#4986 = CARTESIAN_POINT('',(-8.231413027986,8.644651844641,22.4));
#4987 = CARTESIAN_POINT('',(-8.231413027986,8.644651844641,0.));
#4988 = CARTESIAN_POINT('',(-10.72086818056,7.822167095234,22.4));
#4989 = CARTESIAN_POINT('',(-10.72086818056,7.822167095234,0.));
#4990 = CARTESIAN_POINT('',(-13.06629965502,7.1916838086,22.4));
#4991 = CARTESIAN_POINT('',(-13.06629965502,7.1916838086,0.));
#4992 = CARTESIAN_POINT('',(-15.24399570111,6.760543657476,22.4));
#4993 = CARTESIAN_POINT('',(-15.24399570111,6.760543657476,0.));
#4994 = CARTESIAN_POINT('',(-17.26022671028,6.503681872811,22.4));
#4995 = CARTESIAN_POINT('',(-17.26022671028,6.503681872811,0.));
#4996 = CARTESIAN_POINT('',(-19.17461817905,6.409669017147,22.4));
#4997 = CARTESIAN_POINT('',(-19.17461817905,6.409669017147,0.));
#4998 = CARTESIAN_POINT('',(-20.89106345179,6.468444874619,22.4));
#4999 = CARTESIAN_POINT('',(-20.89106345179,6.468444874619,0.));
#5000 = CARTESIAN_POINT('',(-22.45593821341,6.658292983199,22.4));
#5001 = CARTESIAN_POINT('',(-22.45593821341,6.658292983199,0.));
#5002 = CARTESIAN_POINT('',(-23.8756713454,6.964328078922,22.4));
#5003 = CARTESIAN_POINT('',(-23.8756713454,6.964328078922,0.));
#5004 = CARTESIAN_POINT('',(-25.18838137235,7.392926794409,22.4));
#5005 = CARTESIAN_POINT('',(-25.18838137235,7.392926794409,0.));
#5006 = CARTESIAN_POINT('',(-26.35925957832,7.84774638527,22.4));
#5007 = CARTESIAN_POINT('',(-26.35925957832,7.84774638527,0.));
#5008 = CARTESIAN_POINT('',(-27.39660001361,8.40852467123,22.4));
#5009 = CARTESIAN_POINT('',(-27.39660001361,8.40852467123,0.));
#5010 = CARTESIAN_POINT('',(-28.31271093526,9.045086728748,22.4));
#5011 = CARTESIAN_POINT('',(-28.31271093526,9.045086728748,0.));
#5012 = CARTESIAN_POINT('',(-29.12740874841,9.776498494533,22.4));
#5013 = CARTESIAN_POINT('',(-29.12740874841,9.776498494533,0.));
#5014 = CARTESIAN_POINT('',(-29.80100523813,10.552796777904,22.4));
#5015 = CARTESIAN_POINT('',(-29.80100523813,10.552796777904,0.));
#5016 = CARTESIAN_POINT('',(-30.36039650068,11.378195159228,22.4));
#5017 = CARTESIAN_POINT('',(-30.36039650068,11.378195159228,0.));
#5018 = CARTESIAN_POINT('',(-30.81108695241,12.244257933678,22.4));
#5019 = CARTESIAN_POINT('',(-30.81108695241,12.244257933678,0.));
#5020 = CARTESIAN_POINT('',(-31.16359934877,13.167871135119,22.4));
#5021 = CARTESIAN_POINT('',(-31.16359934877,13.167871135119,0.));
#5022 = CARTESIAN_POINT('',(-31.40609795542,14.092755808099,22.4));
#5023 = CARTESIAN_POINT('',(-31.40609795542,14.092755808099,0.));
#5024 = CARTESIAN_POINT('',(-31.55825555652,15.034398520672,22.4));
#5025 = CARTESIAN_POINT('',(-31.55825555652,15.034398520672,0.));
#5026 = CARTESIAN_POINT('',(-31.62674243344,15.988310410836,22.4));
#5027 = CARTESIAN_POINT('',(-31.62674243344,15.988310410836,0.));
#5028 = CARTESIAN_POINT('',(-31.61530636352,16.975002870463,22.4));
#5029 = CARTESIAN_POINT('',(-31.61530636352,16.975002870463,0.));
#5030 = CARTESIAN_POINT('',(-31.53197683116,17.939999395187,22.4));
#5031 = CARTESIAN_POINT('',(-31.53197683116,17.939999395187,0.));
#5032 = CARTESIAN_POINT('',(-31.38621573434,18.906300010445,22.4));
#5033 = CARTESIAN_POINT('',(-31.38621573434,18.906300010445,0.));
#5034 = CARTESIAN_POINT('',(-31.18416226606,19.872106820915,22.4));
#5035 = CARTESIAN_POINT('',(-31.18416226606,19.872106820915,0.));
#5036 = CARTESIAN_POINT('',(-30.92419562152,20.860343435965,22.4));
#5037 = CARTESIAN_POINT('',(-30.92419562152,20.860343435965,0.));
#5038 = CARTESIAN_POINT('',(-30.62613564209,21.819215293522,22.4));
#5039 = CARTESIAN_POINT('',(-30.62613564209,21.819215293522,0.));
#5040 = CARTESIAN_POINT('',(-30.29273438006,22.774793918769,22.4));
#5041 = CARTESIAN_POINT('',(-30.29273438006,22.774793918769,0.));
#5042 = CARTESIAN_POINT('',(-29.92453440773,23.724736824079,22.4));
#5043 = CARTESIAN_POINT('',(-29.92453440773,23.724736824079,0.));
#5044 = CARTESIAN_POINT('',(-29.53749646589,24.701813869532,22.4));
#5045 = CARTESIAN_POINT('',(-29.53749646589,24.701813869532,0.));
#5046 = CARTESIAN_POINT('',(-29.14681888442,25.652698644146,22.4));
#5047 = CARTESIAN_POINT('',(-29.14681888442,25.652698644146,0.));
#5048 = CARTESIAN_POINT('',(-28.74314617764,26.600831815357,22.4));
#5049 = CARTESIAN_POINT('',(-28.74314617764,26.600831815357,0.));
#5050 = CARTESIAN_POINT('',(-28.33398930057,27.547554628632,22.4));
#5051 = CARTESIAN_POINT('',(-28.33398930057,27.547554628632,0.));
#5052 = CARTESIAN_POINT('',(-27.91432988397,28.51873365336,22.4));
#5053 = CARTESIAN_POINT('',(-27.91432988397,28.51873365336,0.));
#5054 = CARTESIAN_POINT('',(-27.51207070161,29.466245958072,22.4));
#5055 = CARTESIAN_POINT('',(-27.51207070161,29.466245958072,0.));
#5056 = CARTESIAN_POINT('',(-27.12218011851,30.41649911163,22.4));
#5057 = CARTESIAN_POINT('',(-27.12218011851,30.41649911163,0.));
#5058 = CARTESIAN_POINT('',(-26.75002020627,31.371313791997,22.4));
#5059 = CARTESIAN_POINT('',(-26.75002020627,31.371313791997,0.));
#5060 = CARTESIAN_POINT('',(-26.39293813358,32.358707147077,22.4));
#5061 = CARTESIAN_POINT('',(-26.39293813358,32.358707147077,0.));
#5062 = CARTESIAN_POINT('',(-26.07496201524,33.330519791579,22.4));
#5063 = CARTESIAN_POINT('',(-26.07496201524,33.330519791579,0.));
#5064 = CARTESIAN_POINT('',(-25.79102541105,34.314531600428,22.4));
#5065 = CARTESIAN_POINT('',(-25.79102541105,34.314531600428,0.));
#5066 = CARTESIAN_POINT('',(-25.54569608985,35.3137819354,22.4));
#5067 = CARTESIAN_POINT('',(-25.54569608985,35.3137819354,0.));
#5068 = CARTESIAN_POINT('',(-25.34047185706,36.359700698854,22.4));
#5069 = CARTESIAN_POINT('',(-25.34047185706,36.359700698854,0.));
#5070 = CARTESIAN_POINT('',(-25.1907445929,37.398480446605,22.4));
#5071 = CARTESIAN_POINT('',(-25.1907445929,37.398480446605,0.));
#5072 = CARTESIAN_POINT('',(-25.0940258324,38.474360853348,22.4));
#5073 = CARTESIAN_POINT('',(-25.0940258324,38.474360853348,0.));
#5074 = CARTESIAN_POINT('',(-25.05316055298,39.540791692821,22.4));
#5075 = CARTESIAN_POINT('',(-25.05316055298,39.540791692821,0.));
#5076 = CARTESIAN_POINT('',(-25.08208213372,40.838454313831,22.4));
#5077 = CARTESIAN_POINT('',(-25.08208213372,40.838454313831,0.));
#5078 = CARTESIAN_POINT('',(-25.13404967519,41.284600000154,22.4));
#5079 = CARTESIAN_POINT('',(-25.13404967519,41.284600000154,0.));
#5080 = CARTESIAN_POINT('',(-25.18407865858,41.92178803089,22.4));
#5081 = CARTESIAN_POINT('',(-25.18407865858,41.92178803089,0.));
#5082 = DEFINITIONAL_REPRESENTATION('',(#5083),#5087);
#5083 = LINE('',#5084,#5085);
#5084 = CARTESIAN_POINT('',(0.,0.));
#5085 = VECTOR('',#5086,1.);
#5086 = DIRECTION('',(1.,0.));
#5087 = ( GEOMETRIC_REPRESENTATION_CONTEXT(2) 
PARAMETRIC_REPRESENTATION_CONTEXT() REPRESENTATION_CONTEXT('2D SPACE',''
  ) );
#5088 = FACE_BOUND('',#5089,.F.);
#5089 = EDGE_LOOP('',(#5090,#5121,#5149,#5367,#5395,#5424));
#5090 = ORIENTED_EDGE('',*,*,#5091,.T.);
#5091 = EDGE_CURVE('',#5092,#5094,#5096,.T.);
#5092 = VERTEX_POINT('',#5093);
#5093 = CARTESIAN_POINT('',(-4.35224476005,11.930966664467,0.));
#5094 = VERTEX_POINT('',#5095);
#5095 = CARTESIAN_POINT('',(-6.254043514939,11.053367799601,0.));
#5096 = SURFACE_CURVE('',#5097,(#5102,#5109),.PCURVE_S1.);
#5097 = CIRCLE('',#5098,12.7);
#5098 = AXIS2_PLACEMENT_3D('',#5099,#5100,#5101);
#5099 = CARTESIAN_POINT('',(0.,0.,0.));
#5100 = DIRECTION('',(0.,0.,1.));
#5101 = DIRECTION('',(1.,0.,-0.));
#5102 = PCURVE('',#224,#5103);
#5103 = DEFINITIONAL_REPRESENTATION('',(#5104),#5108);
#5104 = CIRCLE('',#5105,12.7);
#5105 = AXIS2_PLACEMENT_2D('',#5106,#5107);
#5106 = CARTESIAN_POINT('',(0.,-1.204325410458E-15));
#5107 = DIRECTION('',(1.,0.));
#5108 = ( GEOMETRIC_REPRESENTATION_CONTEXT(2) 
PARAMETRIC_REPRESENTATION_CONTEXT() REPRESENTATION_CONTEXT('2D SPACE',''
  ) );
#5109 = PCURVE('',#5110,#5115);
#5110 = CYLINDRICAL_SURFACE('',#5111,12.7);
#5111 = AXIS2_PLACEMENT_3D('',#5112,#5113,#5114);
#5112 = CARTESIAN_POINT('',(0.,0.,0.));
#5113 = DIRECTION('',(-0.,-0.,-1.));
#5114 = DIRECTION('',(1.,0.,-0.));
#5115 = DEFINITIONAL_REPRESENTATION('',(#5116),#5120);
#5116 = LINE('',#5117,#5118);
#5117 = CARTESIAN_POINT('',(-0.,0.));
#5118 = VECTOR('',#5119,1.);
#5119 = DIRECTION('',(-1.,0.));
#5120 = ( GEOMETRIC_REPRESENTATION_CONTEXT(2) 
PARAMETRIC_REPRESENTATION_CONTEXT() REPRESENTATION_CONTEXT('2D SPACE',''
  ) );
#5121 = ORIENTED_EDGE('',*,*,#5122,.F.);
#5122 = EDGE_CURVE('',#5123,#5094,#5125,.T.);
#5123 = VERTEX_POINT('',#5124);
#5124 = CARTESIAN_POINT('',(-6.979541236493,12.309966714107,0.));
#5125 = SURFACE_CURVE('',#5126,(#5130,#5137),.PCURVE_S1.);
#5126 = LINE('',#5127,#5128);
#5127 = CARTESIAN_POINT('',(-6.979541236493,12.309966714107,0.));
#5128 = VECTOR('',#5129,1.);
#5129 = DIRECTION('',(0.5,-0.866025403784,0.));
#5130 = PCURVE('',#224,#5131);
#5131 = DEFINITIONAL_REPRESENTATION('',(#5132),#5136);
#5132 = LINE('',#5133,#5134);
#5133 = CARTESIAN_POINT('',(-6.979541236493,12.309966714107));
#5134 = VECTOR('',#5135,1.);
#5135 = DIRECTION('',(0.5,-0.866025403784));
#5136 = ( GEOMETRIC_REPRESENTATION_CONTEXT(2) 
PARAMETRIC_REPRESENTATION_CONTEXT() REPRESENTATION_CONTEXT('2D SPACE',''
  ) );
#5137 = PCURVE('',#5138,#5143);
#5138 = PLANE('',#5139);
#5139 = AXIS2_PLACEMENT_3D('',#5140,#5141,#5142);
#5140 = CARTESIAN_POINT('',(-6.979541236493,12.309966714107,0.));
#5141 = DIRECTION('',(0.866025403784,0.5,-0.));
#5142 = DIRECTION('',(0.5,-0.866025403784,0.));
#5143 = DEFINITIONAL_REPRESENTATION('',(#5144),#5148);
#5144 = LINE('',#5145,#5146);
#5145 = CARTESIAN_POINT('',(0.,0.));
#5146 = VECTOR('',#5147,1.);
#5147 = DIRECTION('',(1.,0.));
#5148 = ( GEOMETRIC_REPRESENTATION_CONTEXT(2) 
PARAMETRIC_REPRESENTATION_CONTEXT() REPRESENTATION_CONTEXT('2D SPACE',''
  ) );
#5149 = ORIENTED_EDGE('',*,*,#5150,.F.);
#5150 = EDGE_CURVE('',#5151,#5123,#5153,.T.);
#5151 = VERTEX_POINT('',#5152);
#5152 = CARTESIAN_POINT('',(-23.31592134141,42.082676136201,0.));
#5153 = SURFACE_CURVE('',#5154,(#5205,#5259),.PCURVE_S1.);
#5154 = B_SPLINE_CURVE_WITH_KNOTS('',3,(#5155,#5156,#5157,#5158,#5159,
    #5160,#5161,#5162,#5163,#5164,#5165,#5166,#5167,#5168,#5169,#5170,
    #5171,#5172,#5173,#5174,#5175,#5176,#5177,#5178,#5179,#5180,#5181,
    #5182,#5183,#5184,#5185,#5186,#5187,#5188,#5189,#5190,#5191,#5192,
    #5193,#5194,#5195,#5196,#5197,#5198,#5199,#5200,#5201,#5202,#5203,
    #5204),.UNSPECIFIED.,.F.,.F.,(4,1,1,1,1,1,1,1,1,1,1,1,1,1,1,1,1,1,1,
    1,1,1,1,1,1,1,1,1,1,1,1,1,1,1,1,1,1,1,1,1,1,1,1,1,1,1,1,4),(0.,
    1.310275187177,2.575554712222,3.800853833955,4.902089094641,
    6.06831455688,7.21183434275,8.337173980858,9.363078484396,
    10.46331856218,11.554153671202,12.637112639117,13.630528059043,
    14.700223728197,15.762924250692,16.817962772309,17.784172052652,
    18.821404601302,19.84721146813,20.859830292326,21.78133906864,
    22.763820637486,23.728524475563,24.674422276675,25.530408882817,
    26.439181751574,27.329575345756,28.203542707491,28.998544434436,
    29.851442200626,30.702034885941,31.558695680793,32.363786840272,
    33.262555459008,34.202118316714,35.196909054575,36.177314147534,
    37.320972597039,38.563122142845,39.916198777823,41.276469790388,
    42.885560125174,44.651495886816,46.590899109622,48.549892956214,
    50.871342573664,53.417826896227,55.987800380247),.UNSPECIFIED.);
#5155 = CARTESIAN_POINT('',(-23.31592134141,42.082676136201,0.));
#5156 = CARTESIAN_POINT('',(-23.29737633787,41.649948034513,0.));
#5157 = CARTESIAN_POINT('',(-23.24213141632,40.787445354505,0.));
#5158 = CARTESIAN_POINT('',(-23.26696571571,39.521601030366,0.));
#5159 = CARTESIAN_POINT('',(-23.3509608706,38.326317984623,0.));
#5160 = CARTESIAN_POINT('',(-23.49768861525,37.17089698156,0.));
#5161 = CARTESIAN_POINT('',(-23.69914499678,36.051338089334,0.));
#5162 = CARTESIAN_POINT('',(-23.95943150911,34.935819086423,0.));
#5163 = CARTESIAN_POINT('',(-24.25883188186,33.878783819283,0.));
#5164 = CARTESIAN_POINT('',(-24.59598046561,32.848486336614,0.));
#5165 = CARTESIAN_POINT('',(-24.96528349881,31.84153670515,0.));
#5166 = CARTESIAN_POINT('',(-25.37248911086,30.828858746943,0.));
#5167 = CARTESIAN_POINT('',(-25.79042411856,29.859280796101,0.));
#5168 = CARTESIAN_POINT('',(-26.22254132198,28.903720290067,0.));
#5169 = CARTESIAN_POINT('',(-26.66337067518,27.959614572996,0.));
#5170 = CARTESIAN_POINT('',(-27.1189926333,26.999786929554,0.));
#5171 = CARTESIAN_POINT('',(-27.56007800753,26.071242549075,0.));
#5172 = CARTESIAN_POINT('',(-27.99185070676,25.147683190047,0.));
#5173 = CARTESIAN_POINT('',(-28.41048690789,24.228783771352,0.));
#5174 = CARTESIAN_POINT('',(-28.81380862159,23.285984487568,0.));
#5175 = CARTESIAN_POINT('',(-29.16380485585,22.363281017109,0.));
#5176 = CARTESIAN_POINT('',(-29.48583588509,21.44584834181,0.));
#5177 = CARTESIAN_POINT('',(-29.7693779754,20.532326917107,0.));
#5178 = CARTESIAN_POINT('',(-30.01503708439,19.599421648763,0.));
#5179 = CARTESIAN_POINT('',(-30.2040728303,18.696320629617,0.));
#5180 = CARTESIAN_POINT('',(-30.3390564245,17.802421946079,0.));
#5181 = CARTESIAN_POINT('',(-30.41544456707,16.919934305036,0.));
#5182 = CARTESIAN_POINT('',(-30.42600211241,16.028040806798,0.));
#5183 = CARTESIAN_POINT('',(-30.36506503723,15.175978459901,0.));
#5184 = CARTESIAN_POINT('',(-30.23100759155,14.345033419939,0.));
#5185 = CARTESIAN_POINT('',(-30.01962455455,13.537895913829,0.));
#5186 = CARTESIAN_POINT('',(-29.71488235411,12.738888600672,0.));
#5187 = CARTESIAN_POINT('',(-29.32748367261,11.994190246907,0.));
#5188 = CARTESIAN_POINT('',(-28.84765546857,11.286205201239,0.));
#5189 = CARTESIAN_POINT('',(-28.26861446787,10.618926839904,0.));
#5190 = CARTESIAN_POINT('',(-27.56375145063,9.9869280128,0.));
#5191 = CARTESIAN_POINT('',(-26.76429757771,9.430067598263,0.));
#5192 = CARTESIAN_POINT('',(-25.84562464939,8.940521036684,0.));
#5193 = CARTESIAN_POINT('',(-24.80586120476,8.508629767079,0.));
#5194 = CARTESIAN_POINT('',(-23.58628617504,8.230462731297,0.));
#5195 = CARTESIAN_POINT('',(-22.27628351179,8.068780237565,0.));
#5196 = CARTESIAN_POINT('',(-20.83413230041,8.024311943854,0.));
#5197 = CARTESIAN_POINT('',(-19.25673899528,8.111765656944,0.));
#5198 = CARTESIAN_POINT('',(-17.49803703858,8.358371995902,0.));
#5199 = CARTESIAN_POINT('',(-15.66217027372,8.759150546513,0.));
#5200 = CARTESIAN_POINT('',(-13.63086580725,9.363302730177,0.));
#5201 = CARTESIAN_POINT('',(-11.67772496482,10.055210582024,0.));
#5202 = CARTESIAN_POINT('',(-8.622582546904,11.437090958727,0.));
#5203 = CARTESIAN_POINT('',(-9.100594078569,11.233410542153,0.));
#5204 = CARTESIAN_POINT('',(-6.979541236493,12.309966714107,0.));
#5205 = PCURVE('',#224,#5206);
#5206 = DEFINITIONAL_REPRESENTATION('',(#5207),#5258);
#5207 = B_SPLINE_CURVE_WITH_KNOTS('',3,(#5208,#5209,#5210,#5211,#5212,
    #5213,#5214,#5215,#5216,#5217,#5218,#5219,#5220,#5221,#5222,#5223,
    #5224,#5225,#5226,#5227,#5228,#5229,#5230,#5231,#5232,#5233,#5234,
    #5235,#5236,#5237,#5238,#5239,#5240,#5241,#5242,#5243,#5244,#5245,
    #5246,#5247,#5248,#5249,#5250,#5251,#5252,#5253,#5254,#5255,#5256,
    #5257),.UNSPECIFIED.,.F.,.F.,(4,1,1,1,1,1,1,1,1,1,1,1,1,1,1,1,1,1,1,
    1,1,1,1,1,1,1,1,1,1,1,1,1,1,1,1,1,1,1,1,1,1,1,1,1,1,1,1,4),(0.,
    1.310275187177,2.575554712222,3.800853833955,4.902089094641,
    6.06831455688,7.21183434275,8.337173980858,9.363078484396,
    10.46331856218,11.554153671202,12.637112639117,13.630528059043,
    14.700223728197,15.762924250692,16.817962772309,17.784172052652,
    18.821404601302,19.84721146813,20.859830292326,21.78133906864,
    22.763820637486,23.728524475563,24.674422276675,25.530408882817,
    26.439181751574,27.329575345756,28.203542707491,28.998544434436,
    29.851442200626,30.702034885941,31.558695680793,32.363786840272,
    33.262555459008,34.202118316714,35.196909054575,36.177314147534,
    37.320972597039,38.563122142845,39.916198777823,41.276469790388,
    42.885560125174,44.651495886816,46.590899109622,48.549892956214,
    50.871342573664,53.417826896227,55.987800380247),.UNSPECIFIED.);
#5208 = CARTESIAN_POINT('',(-23.31592134141,42.082676136201));
#5209 = CARTESIAN_POINT('',(-23.29737633787,41.649948034513));
#5210 = CARTESIAN_POINT('',(-23.24213141632,40.787445354505));
#5211 = CARTESIAN_POINT('',(-23.26696571571,39.521601030366));
#5212 = CARTESIAN_POINT('',(-23.3509608706,38.326317984623));
#5213 = CARTESIAN_POINT('',(-23.49768861525,37.17089698156));
#5214 = CARTESIAN_POINT('',(-23.69914499678,36.051338089334));
#5215 = CARTESIAN_POINT('',(-23.95943150911,34.935819086423));
#5216 = CARTESIAN_POINT('',(-24.25883188186,33.878783819283));
#5217 = CARTESIAN_POINT('',(-24.59598046561,32.848486336614));
#5218 = CARTESIAN_POINT('',(-24.96528349881,31.84153670515));
#5219 = CARTESIAN_POINT('',(-25.37248911086,30.828858746943));
#5220 = CARTESIAN_POINT('',(-25.79042411856,29.859280796101));
#5221 = CARTESIAN_POINT('',(-26.22254132198,28.903720290067));
#5222 = CARTESIAN_POINT('',(-26.66337067518,27.959614572996));
#5223 = CARTESIAN_POINT('',(-27.1189926333,26.999786929554));
#5224 = CARTESIAN_POINT('',(-27.56007800753,26.071242549075));
#5225 = CARTESIAN_POINT('',(-27.99185070676,25.147683190047));
#5226 = CARTESIAN_POINT('',(-28.41048690789,24.228783771352));
#5227 = CARTESIAN_POINT('',(-28.81380862159,23.285984487568));
#5228 = CARTESIAN_POINT('',(-29.16380485585,22.363281017109));
#5229 = CARTESIAN_POINT('',(-29.48583588509,21.44584834181));
#5230 = CARTESIAN_POINT('',(-29.7693779754,20.532326917107));
#5231 = CARTESIAN_POINT('',(-30.01503708439,19.599421648763));
#5232 = CARTESIAN_POINT('',(-30.2040728303,18.696320629617));
#5233 = CARTESIAN_POINT('',(-30.3390564245,17.802421946079));
#5234 = CARTESIAN_POINT('',(-30.41544456707,16.919934305036));
#5235 = CARTESIAN_POINT('',(-30.42600211241,16.028040806798));
#5236 = CARTESIAN_POINT('',(-30.36506503723,15.175978459901));
#5237 = CARTESIAN_POINT('',(-30.23100759155,14.345033419939));
#5238 = CARTESIAN_POINT('',(-30.01962455455,13.537895913829));
#5239 = CARTESIAN_POINT('',(-29.71488235411,12.738888600672));
#5240 = CARTESIAN_POINT('',(-29.32748367261,11.994190246907));
#5241 = CARTESIAN_POINT('',(-28.84765546857,11.286205201239));
#5242 = CARTESIAN_POINT('',(-28.26861446787,10.618926839904));
#5243 = CARTESIAN_POINT('',(-27.56375145063,9.9869280128));
#5244 = CARTESIAN_POINT('',(-26.76429757771,9.430067598263));
#5245 = CARTESIAN_POINT('',(-25.84562464939,8.940521036684));
#5246 = CARTESIAN_POINT('',(-24.80586120476,8.508629767079));
#5247 = CARTESIAN_POINT('',(-23.58628617504,8.230462731297));
#5248 = CARTESIAN_POINT('',(-22.27628351179,8.068780237565));
#5249 = CARTESIAN_POINT('',(-20.83413230041,8.024311943854));
#5250 = CARTESIAN_POINT('',(-19.25673899528,8.111765656944));
#5251 = CARTESIAN_POINT('',(-17.49803703858,8.358371995902));
#5252 = CARTESIAN_POINT('',(-15.66217027372,8.759150546513));
#5253 = CARTESIAN_POINT('',(-13.63086580725,9.363302730177));
#5254 = CARTESIAN_POINT('',(-11.67772496482,10.055210582024));
#5255 = CARTESIAN_POINT('',(-8.622582546904,11.437090958727));
#5256 = CARTESIAN_POINT('',(-9.100594078569,11.233410542153));
#5257 = CARTESIAN_POINT('',(-6.979541236493,12.309966714107));
#5258 = ( GEOMETRIC_REPRESENTATION_CONTEXT(2) 
PARAMETRIC_REPRESENTATION_CONTEXT() REPRESENTATION_CONTEXT('2D SPACE',''
  ) );
#5259 = PCURVE('',#5260,#5361);
#5260 = B_SPLINE_SURFACE_WITH_KNOTS('',3,1,(
    (#5261,#5262)
    ,(#5263,#5264)
    ,(#5265,#5266)
    ,(#5267,#5268)
    ,(#5269,#5270)
    ,(#5271,#5272)
    ,(#5273,#5274)
    ,(#5275,#5276)
    ,(#5277,#5278)
    ,(#5279,#5280)
    ,(#5281,#5282)
    ,(#5283,#5284)
    ,(#5285,#5286)
    ,(#5287,#5288)
    ,(#5289,#5290)
    ,(#5291,#5292)
    ,(#5293,#5294)
    ,(#5295,#5296)
    ,(#5297,#5298)
    ,(#5299,#5300)
    ,(#5301,#5302)
    ,(#5303,#5304)
    ,(#5305,#5306)
    ,(#5307,#5308)
    ,(#5309,#5310)
    ,(#5311,#5312)
    ,(#5313,#5314)
    ,(#5315,#5316)
    ,(#5317,#5318)
    ,(#5319,#5320)
    ,(#5321,#5322)
    ,(#5323,#5324)
    ,(#5325,#5326)
    ,(#5327,#5328)
    ,(#5329,#5330)
    ,(#5331,#5332)
    ,(#5333,#5334)
    ,(#5335,#5336)
    ,(#5337,#5338)
    ,(#5339,#5340)
    ,(#5341,#5342)
    ,(#5343,#5344)
    ,(#5345,#5346)
    ,(#5347,#5348)
    ,(#5349,#5350)
    ,(#5351,#5352)
    ,(#5353,#5354)
    ,(#5355,#5356)
    ,(#5357,#5358)
    ,(#5359,#5360
    )),.UNSPECIFIED.,.F.,.F.,.F.,(4,1,1,1,1,1,1,1,1,1,1,1,1,1,1,1,1,1,1,
    1,1,1,1,1,1,1,1,1,1,1,1,1,1,1,1,1,1,1,1,1,1,1,1,1,1,1,1,4),(2,2),(0.
    ,1.310275187177,2.575554712222,3.800853833955,4.902089094641,
    6.06831455688,7.21183434275,8.337173980858,9.363078484396,
    10.46331856218,11.554153671202,12.637112639117,13.630528059043,
    14.700223728197,15.762924250692,16.817962772309,17.784172052652,
    18.821404601302,19.84721146813,20.859830292326,21.78133906864,
    22.763820637486,23.728524475563,24.674422276675,25.530408882817,
    26.439181751574,27.329575345756,28.203542707491,28.998544434436,
    29.851442200626,30.702034885941,31.558695680793,32.363786840272,
    33.262555459008,34.202118316714,35.196909054575,36.177314147534,
    37.320972597039,38.563122142845,39.916198777823,41.276469790388,
    42.885560125174,44.651495886816,46.590899109622,48.549892956214,
    50.871342573664,53.417826896227,55.987800380247),(-22.4,0.),
  .UNSPECIFIED.);
#5261 = CARTESIAN_POINT('',(-23.31592134141,42.082676136201,22.4));
#5262 = CARTESIAN_POINT('',(-23.31592134141,42.082676136201,0.));
#5263 = CARTESIAN_POINT('',(-23.29737633787,41.649948034513,22.4));
#5264 = CARTESIAN_POINT('',(-23.29737633787,41.649948034513,0.));
#5265 = CARTESIAN_POINT('',(-23.24213141632,40.787445354505,22.4));
#5266 = CARTESIAN_POINT('',(-23.24213141632,40.787445354505,0.));
#5267 = CARTESIAN_POINT('',(-23.26696571571,39.521601030366,22.4));
#5268 = CARTESIAN_POINT('',(-23.26696571571,39.521601030366,0.));
#5269 = CARTESIAN_POINT('',(-23.3509608706,38.326317984623,22.4));
#5270 = CARTESIAN_POINT('',(-23.3509608706,38.326317984623,0.));
#5271 = CARTESIAN_POINT('',(-23.49768861525,37.17089698156,22.4));
#5272 = CARTESIAN_POINT('',(-23.49768861525,37.17089698156,0.));
#5273 = CARTESIAN_POINT('',(-23.69914499678,36.051338089334,22.4));
#5274 = CARTESIAN_POINT('',(-23.69914499678,36.051338089334,0.));
#5275 = CARTESIAN_POINT('',(-23.95943150911,34.935819086423,22.4));
#5276 = CARTESIAN_POINT('',(-23.95943150911,34.935819086423,0.));
#5277 = CARTESIAN_POINT('',(-24.25883188186,33.878783819283,22.4));
#5278 = CARTESIAN_POINT('',(-24.25883188186,33.878783819283,0.));
#5279 = CARTESIAN_POINT('',(-24.59598046561,32.848486336614,22.4));
#5280 = CARTESIAN_POINT('',(-24.59598046561,32.848486336614,0.));
#5281 = CARTESIAN_POINT('',(-24.96528349881,31.84153670515,22.4));
#5282 = CARTESIAN_POINT('',(-24.96528349881,31.84153670515,0.));
#5283 = CARTESIAN_POINT('',(-25.37248911086,30.828858746943,22.4));
#5284 = CARTESIAN_POINT('',(-25.37248911086,30.828858746943,0.));
#5285 = CARTESIAN_POINT('',(-25.79042411856,29.859280796101,22.4));
#5286 = CARTESIAN_POINT('',(-25.79042411856,29.859280796101,0.));
#5287 = CARTESIAN_POINT('',(-26.22254132198,28.903720290067,22.4));
#5288 = CARTESIAN_POINT('',(-26.22254132198,28.903720290067,0.));
#5289 = CARTESIAN_POINT('',(-26.66337067518,27.959614572996,22.4));
#5290 = CARTESIAN_POINT('',(-26.66337067518,27.959614572996,0.));
#5291 = CARTESIAN_POINT('',(-27.1189926333,26.999786929554,22.4));
#5292 = CARTESIAN_POINT('',(-27.1189926333,26.999786929554,0.));
#5293 = CARTESIAN_POINT('',(-27.56007800753,26.071242549075,22.4));
#5294 = CARTESIAN_POINT('',(-27.56007800753,26.071242549075,0.));
#5295 = CARTESIAN_POINT('',(-27.99185070676,25.147683190047,22.4));
#5296 = CARTESIAN_POINT('',(-27.99185070676,25.147683190047,0.));
#5297 = CARTESIAN_POINT('',(-28.41048690789,24.228783771352,22.4));
#5298 = CARTESIAN_POINT('',(-28.41048690789,24.228783771352,0.));
#5299 = CARTESIAN_POINT('',(-28.81380862159,23.285984487568,22.4));
#5300 = CARTESIAN_POINT('',(-28.81380862159,23.285984487568,0.));
#5301 = CARTESIAN_POINT('',(-29.16380485585,22.363281017109,22.4));
#5302 = CARTESIAN_POINT('',(-29.16380485585,22.363281017109,0.));
#5303 = CARTESIAN_POINT('',(-29.48583588509,21.44584834181,22.4));
#5304 = CARTESIAN_POINT('',(-29.48583588509,21.44584834181,0.));
#5305 = CARTESIAN_POINT('',(-29.7693779754,20.532326917107,22.4));
#5306 = CARTESIAN_POINT('',(-29.7693779754,20.532326917107,0.));
#5307 = CARTESIAN_POINT('',(-30.01503708439,19.599421648763,22.4));
#5308 = CARTESIAN_POINT('',(-30.01503708439,19.599421648763,0.));
#5309 = CARTESIAN_POINT('',(-30.2040728303,18.696320629617,22.4));
#5310 = CARTESIAN_POINT('',(-30.2040728303,18.696320629617,0.));
#5311 = CARTESIAN_POINT('',(-30.3390564245,17.802421946079,22.4));
#5312 = CARTESIAN_POINT('',(-30.3390564245,17.802421946079,0.));
#5313 = CARTESIAN_POINT('',(-30.41544456707,16.919934305036,22.4));
#5314 = CARTESIAN_POINT('',(-30.41544456707,16.919934305036,0.));
#5315 = CARTESIAN_POINT('',(-30.42600211241,16.028040806798,22.4));
#5316 = CARTESIAN_POINT('',(-30.42600211241,16.028040806798,0.));
#5317 = CARTESIAN_POINT('',(-30.36506503723,15.175978459901,22.4));
#5318 = CARTESIAN_POINT('',(-30.36506503723,15.175978459901,0.));
#5319 = CARTESIAN_POINT('',(-30.23100759155,14.345033419939,22.4));
#5320 = CARTESIAN_POINT('',(-30.23100759155,14.345033419939,0.));
#5321 = CARTESIAN_POINT('',(-30.01962455455,13.537895913829,22.4));
#5322 = CARTESIAN_POINT('',(-30.01962455455,13.537895913829,0.));
#5323 = CARTESIAN_POINT('',(-29.71488235411,12.738888600672,22.4));
#5324 = CARTESIAN_POINT('',(-29.71488235411,12.738888600672,0.));
#5325 = CARTESIAN_POINT('',(-29.32748367261,11.994190246907,22.4));
#5326 = CARTESIAN_POINT('',(-29.32748367261,11.994190246907,0.));
#5327 = CARTESIAN_POINT('',(-28.84765546857,11.286205201239,22.4));
#5328 = CARTESIAN_POINT('',(-28.84765546857,11.286205201239,0.));
#5329 = CARTESIAN_POINT('',(-28.26861446787,10.618926839904,22.4));
#5330 = CARTESIAN_POINT('',(-28.26861446787,10.618926839904,0.));
#5331 = CARTESIAN_POINT('',(-27.56375145063,9.9869280128,22.4));
#5332 = CARTESIAN_POINT('',(-27.56375145063,9.9869280128,0.));
#5333 = CARTESIAN_POINT('',(-26.76429757771,9.430067598263,22.4));
#5334 = CARTESIAN_POINT('',(-26.76429757771,9.430067598263,0.));
#5335 = CARTESIAN_POINT('',(-25.84562464939,8.940521036684,22.4));
#5336 = CARTESIAN_POINT('',(-25.84562464939,8.940521036684,0.));
#5337 = CARTESIAN_POINT('',(-24.80586120476,8.508629767079,22.4));
#5338 = CARTESIAN_POINT('',(-24.80586120476,8.508629767079,0.));
#5339 = CARTESIAN_POINT('',(-23.58628617504,8.230462731297,22.4));
#5340 = CARTESIAN_POINT('',(-23.58628617504,8.230462731297,0.));
#5341 = CARTESIAN_POINT('',(-22.27628351179,8.068780237565,22.4));
#5342 = CARTESIAN_POINT('',(-22.27628351179,8.068780237565,0.));
#5343 = CARTESIAN_POINT('',(-20.83413230041,8.024311943854,22.4));
#5344 = CARTESIAN_POINT('',(-20.83413230041,8.024311943854,0.));
#5345 = CARTESIAN_POINT('',(-19.25673899528,8.111765656944,22.4));
#5346 = CARTESIAN_POINT('',(-19.25673899528,8.111765656944,0.));
#5347 = CARTESIAN_POINT('',(-17.49803703858,8.358371995902,22.4));
#5348 = CARTESIAN_POINT('',(-17.49803703858,8.358371995902,0.));
#5349 = CARTESIAN_POINT('',(-15.66217027372,8.759150546513,22.4));
#5350 = CARTESIAN_POINT('',(-15.66217027372,8.759150546513,0.));
#5351 = CARTESIAN_POINT('',(-13.63086580725,9.363302730177,22.4));
#5352 = CARTESIAN_POINT('',(-13.63086580725,9.363302730177,0.));
#5353 = CARTESIAN_POINT('',(-11.67772496482,10.055210582024,22.4));
#5354 = CARTESIAN_POINT('',(-11.67772496482,10.055210582024,0.));
#5355 = CARTESIAN_POINT('',(-8.622582546904,11.437090958727,22.4));
#5356 = CARTESIAN_POINT('',(-8.622582546904,11.437090958727,0.));
#5357 = CARTESIAN_POINT('',(-9.100594078569,11.233410542153,22.4));
#5358 = CARTESIAN_POINT('',(-9.100594078569,11.233410542153,0.));
#5359 = CARTESIAN_POINT('',(-6.979541236493,12.309966714107,22.4));
#5360 = CARTESIAN_POINT('',(-6.979541236493,12.309966714107,0.));
#5361 = DEFINITIONAL_REPRESENTATION('',(#5362),#5366);
#5362 = LINE('',#5363,#5364);
#5363 = CARTESIAN_POINT('',(0.,0.));
#5364 = VECTOR('',#5365,1.);
#5365 = DIRECTION('',(1.,0.));
#5366 = ( GEOMETRIC_REPRESENTATION_CONTEXT(2) 
PARAMETRIC_REPRESENTATION_CONTEXT() REPRESENTATION_CONTEXT('2D SPACE',''
  ) );
#5367 = ORIENTED_EDGE('',*,*,#5368,.F.);
#5368 = EDGE_CURVE('',#5369,#5151,#5371,.T.);
#5369 = VERTEX_POINT('',#5370);
#5370 = CARTESIAN_POINT('',(-23.34175895853,42.513671785928,0.));
#5371 = SURFACE_CURVE('',#5372,(#5376,#5383),.PCURVE_S1.);
#5372 = LINE('',#5373,#5374);
#5373 = CARTESIAN_POINT('',(-23.46071673384,44.497998878939,0.));
#5374 = VECTOR('',#5375,1.);
#5375 = DIRECTION('',(5.984123906075E-02,-0.998207907256,0.));
#5376 = PCURVE('',#224,#5377);
#5377 = DEFINITIONAL_REPRESENTATION('',(#5378),#5382);
#5378 = LINE('',#5379,#5380);
#5379 = CARTESIAN_POINT('',(-23.46071673384,44.497998878939));
#5380 = VECTOR('',#5381,1.);
#5381 = DIRECTION('',(5.984123906075E-02,-0.998207907256));
#5382 = ( GEOMETRIC_REPRESENTATION_CONTEXT(2) 
PARAMETRIC_REPRESENTATION_CONTEXT() REPRESENTATION_CONTEXT('2D SPACE',''
  ) );
#5383 = PCURVE('',#5384,#5389);
#5384 = PLANE('',#5385);
#5385 = AXIS2_PLACEMENT_3D('',#5386,#5387,#5388);
#5386 = CARTESIAN_POINT('',(-23.34175895853,42.513671785928,0.));
#5387 = DIRECTION('',(0.998207907256,5.984123906075E-02,-0.));
#5388 = DIRECTION('',(5.984123906075E-02,-0.998207907256,0.));
#5389 = DEFINITIONAL_REPRESENTATION('',(#5390),#5394);
#5390 = LINE('',#5391,#5392);
#5391 = CARTESIAN_POINT('',(-1.987889575495,-0.));
#5392 = VECTOR('',#5393,1.);
#5393 = DIRECTION('',(1.,0.));
#5394 = ( GEOMETRIC_REPRESENTATION_CONTEXT(2) 
PARAMETRIC_REPRESENTATION_CONTEXT() REPRESENTATION_CONTEXT('2D SPACE',''
  ) );
#5395 = ORIENTED_EDGE('',*,*,#5396,.F.);
#5396 = EDGE_CURVE('',#5397,#5369,#5399,.T.);
#5397 = VERTEX_POINT('',#5398);
#5398 = CARTESIAN_POINT('',(-1.042515668191,48.488794180528,0.));
#5399 = SURFACE_CURVE('',#5400,(#5405,#5412),.PCURVE_S1.);
#5400 = CIRCLE('',#5401,48.5);
#5401 = AXIS2_PLACEMENT_3D('',#5402,#5403,#5404);
#5402 = CARTESIAN_POINT('',(0.,0.,0.));
#5403 = DIRECTION('',(0.,0.,1.));
#5404 = DIRECTION('',(1.,0.,-0.));
#5405 = PCURVE('',#224,#5406);
#5406 = DEFINITIONAL_REPRESENTATION('',(#5407),#5411);
#5407 = CIRCLE('',#5408,48.5);
#5408 = AXIS2_PLACEMENT_2D('',#5409,#5410);
#5409 = CARTESIAN_POINT('',(0.,-1.204325410458E-15));
#5410 = DIRECTION('',(1.,0.));
#5411 = ( GEOMETRIC_REPRESENTATION_CONTEXT(2) 
PARAMETRIC_REPRESENTATION_CONTEXT() REPRESENTATION_CONTEXT('2D SPACE',''
  ) );
#5412 = PCURVE('',#5413,#5418);
#5413 = CYLINDRICAL_SURFACE('',#5414,48.5);
#5414 = AXIS2_PLACEMENT_3D('',#5415,#5416,#5417);
#5415 = CARTESIAN_POINT('',(0.,0.,0.));
#5416 = DIRECTION('',(-0.,-0.,-1.));
#5417 = DIRECTION('',(1.,0.,-0.));
#5418 = DEFINITIONAL_REPRESENTATION('',(#5419),#5423);
#5419 = LINE('',#5420,#5421);
#5420 = CARTESIAN_POINT('',(-0.,0.));
#5421 = VECTOR('',#5422,1.);
#5422 = DIRECTION('',(-1.,0.));
#5423 = ( GEOMETRIC_REPRESENTATION_CONTEXT(2) 
PARAMETRIC_REPRESENTATION_CONTEXT() REPRESENTATION_CONTEXT('2D SPACE',''
  ) );
#5424 = ORIENTED_EDGE('',*,*,#5425,.F.);
#5425 = EDGE_CURVE('',#5092,#5397,#5426,.T.);
#5426 = SURFACE_CURVE('',#5427,(#5478,#5532),.PCURVE_S1.);
#5427 = B_SPLINE_CURVE_WITH_KNOTS('',3,(#5428,#5429,#5430,#5431,#5432,
    #5433,#5434,#5435,#5436,#5437,#5438,#5439,#5440,#5441,#5442,#5443,
    #5444,#5445,#5446,#5447,#5448,#5449,#5450,#5451,#5452,#5453,#5454,
    #5455,#5456,#5457,#5458,#5459,#5460,#5461,#5462,#5463,#5464,#5465,
    #5466,#5467,#5468,#5469,#5470,#5471,#5472,#5473,#5474,#5475,#5476,
    #5477),.UNSPECIFIED.,.F.,.F.,(4,1,1,1,1,1,1,1,1,1,1,1,1,1,1,1,1,1,1,
    1,1,1,1,1,1,1,1,1,1,1,1,1,1,1,1,1,1,1,1,1,1,1,1,1,1,1,1,4),(0.,
    2.712363629581,5.415653884531,7.889901421053,9.986742084351,
    12.07233621524,13.981450928582,15.730829279285,17.217976489194,
    18.70534511222,20.079261809959,21.357514213245,22.46799558875,
    23.608470848383,24.696515979748,25.743900293344,26.683864297553,
    27.681614976107,28.665922847739,29.643534481927,30.544804484636,
    31.523863593595,32.508882471553,33.502052098633,34.427210166566,
    35.439013636309,36.460687542796,37.491630530293,38.450636928084,
    39.49631232414,40.547756860041,41.603484223464,42.58022774738,
    43.639187672476,44.697549950026,45.75413920775,46.727235587527,
    47.778840627491,48.828245019521,49.876764601754,50.845806288818,
    51.899956703366,52.96296178269,54.040387692291,55.053510242706,
    56.178288511941,57.339605375855,58.548465428582),.UNSPECIFIED.);
#5428 = CARTESIAN_POINT('',(-0.11052333949,11.249485487596,0.));
#5429 = CARTESIAN_POINT('',(-0.986951472967,11.376182797132,0.));
#5430 = CARTESIAN_POINT('',(-2.806286868958,11.602194618324,0.));
#5431 = CARTESIAN_POINT('',(-5.373460647376,12.134629507401,0.));
#5432 = CARTESIAN_POINT('',(-7.719905530411,12.761330701745,0.));
#5433 = CARTESIAN_POINT('',(-9.821415703608,13.476800401325,0.));
#5434 = CARTESIAN_POINT('',(-11.69595386978,14.26246707513,0.));
#5435 = CARTESIAN_POINT('',(-13.40087194235,15.138245288229,0.));
#5436 = CARTESIAN_POINT('',(-14.85796922401,16.047369310296,0.));
#5437 = CARTESIAN_POINT('',(-16.11826646702,16.994219975995,0.));
#5438 = CARTESIAN_POINT('',(-17.19477387806,17.969120709338,0.));
#5439 = CARTESIAN_POINT('',(-18.11731475146,18.996653098454,0.));
#5440 = CARTESIAN_POINT('',(-18.90391522713,19.975977521262,0.));
#5441 = CARTESIAN_POINT('',(-19.52188925349,20.980295980441,0.));
#5442 = CARTESIAN_POINT('',(-19.99698355557,21.989630354161,0.));
#5443 = CARTESIAN_POINT('',(-20.33682667527,23.030400430535,0.));
#5444 = CARTESIAN_POINT('',(-20.53202920558,24.039492709707,0.));
#5445 = CARTESIAN_POINT('',(-20.60377705895,25.034004307452,0.));
#5446 = CARTESIAN_POINT('',(-20.56105505216,26.009381897263,0.));
#5447 = CARTESIAN_POINT('',(-20.40453314183,26.985510591158,0.));
#5448 = CARTESIAN_POINT('',(-20.15210075908,27.907733516855,0.));
#5449 = CARTESIAN_POINT('',(-19.81305175073,28.799298827785,0.));
#5450 = CARTESIAN_POINT('',(-19.39540718089,29.6596541961,0.));
#5451 = CARTESIAN_POINT('',(-18.892157024,30.508436896897,0.));
#5452 = CARTESIAN_POINT('',(-18.33749326973,31.302483635692,0.));
#5453 = CARTESIAN_POINT('',(-17.72811014938,32.06644396779,0.));
#5454 = CARTESIAN_POINT('',(-17.07022330768,32.80183046666,0.));
#5455 = CARTESIAN_POINT('',(-16.35096728185,33.527685157975,0.));
#5456 = CARTESIAN_POINT('',(-15.61340383904,34.209062555881,0.));
#5457 = CARTESIAN_POINT('',(-14.84688056384,34.869917289642,0.));
#5458 = CARTESIAN_POINT('',(-14.05303858148,35.508491991621,0.));
#5459 = CARTESIAN_POINT('',(-13.22931536889,36.161146563516,0.));
#5460 = CARTESIAN_POINT('',(-12.41553627134,36.789298143672,0.));
#5461 = CARTESIAN_POINT('',(-11.59187886685,37.408569202719,0.));
#5462 = CARTESIAN_POINT('',(-10.76417721053,38.023876770823,0.));
#5463 = CARTESIAN_POINT('',(-9.915151982458,38.655112769557,0.));
#5464 = CARTESIAN_POINT('',(-9.093029159271,39.274552904656,0.));
#5465 = CARTESIAN_POINT('',(-8.280247432833,39.902550984115,0.));
#5466 = CARTESIAN_POINT('',(-7.480540154386,40.543364797102,0.));
#5467 = CARTESIAN_POINT('',(-6.677601330652,41.21993148978,0.));
#5468 = CARTESIAN_POINT('',(-5.91631961213,41.902557868471,0.));
#5469 = CARTESIAN_POINT('',(-5.178417395412,42.612768790464,0.));
#5470 = CARTESIAN_POINT('',(-4.466330803474,43.35548030469,0.));
#5471 = CARTESIAN_POINT('',(-3.76564202268,44.158660407741,0.));
#5472 = CARTESIAN_POINT('',(-3.116584534401,44.98340642615,0.));
#5473 = CARTESIAN_POINT('',(-2.49488342741,45.86678680957,0.));
#5474 = CARTESIAN_POINT('',(-1.926277637567,46.769910368226,0.));
#5475 = CARTESIAN_POINT('',(-1.302493150694,47.908179953928,0.));
#5476 = CARTESIAN_POINT('',(-1.124425518621,48.32053722281,0.));
#5477 = CARTESIAN_POINT('',(-0.849157873792,48.897372736107,0.));
#5478 = PCURVE('',#224,#5479);
#5479 = DEFINITIONAL_REPRESENTATION('',(#5480),#5531);
#5480 = B_SPLINE_CURVE_WITH_KNOTS('',3,(#5481,#5482,#5483,#5484,#5485,
    #5486,#5487,#5488,#5489,#5490,#5491,#5492,#5493,#5494,#5495,#5496,
    #5497,#5498,#5499,#5500,#5501,#5502,#5503,#5504,#5505,#5506,#5507,
    #5508,#5509,#5510,#5511,#5512,#5513,#5514,#5515,#5516,#5517,#5518,
    #5519,#5520,#5521,#5522,#5523,#5524,#5525,#5526,#5527,#5528,#5529,
    #5530),.UNSPECIFIED.,.F.,.F.,(4,1,1,1,1,1,1,1,1,1,1,1,1,1,1,1,1,1,1,
    1,1,1,1,1,1,1,1,1,1,1,1,1,1,1,1,1,1,1,1,1,1,1,1,1,1,1,1,4),(0.,
    2.712363629581,5.415653884531,7.889901421053,9.986742084351,
    12.07233621524,13.981450928582,15.730829279285,17.217976489194,
    18.70534511222,20.079261809959,21.357514213245,22.46799558875,
    23.608470848383,24.696515979748,25.743900293344,26.683864297553,
    27.681614976107,28.665922847739,29.643534481927,30.544804484636,
    31.523863593595,32.508882471553,33.502052098633,34.427210166566,
    35.439013636309,36.460687542796,37.491630530293,38.450636928084,
    39.49631232414,40.547756860041,41.603484223464,42.58022774738,
    43.639187672476,44.697549950026,45.75413920775,46.727235587527,
    47.778840627491,48.828245019521,49.876764601754,50.845806288818,
    51.899956703366,52.96296178269,54.040387692291,55.053510242706,
    56.178288511941,57.339605375855,58.548465428582),.UNSPECIFIED.);
#5481 = CARTESIAN_POINT('',(-0.11052333949,11.249485487596));
#5482 = CARTESIAN_POINT('',(-0.986951472967,11.376182797132));
#5483 = CARTESIAN_POINT('',(-2.806286868958,11.602194618324));
#5484 = CARTESIAN_POINT('',(-5.373460647376,12.134629507401));
#5485 = CARTESIAN_POINT('',(-7.719905530411,12.761330701745));
#5486 = CARTESIAN_POINT('',(-9.821415703608,13.476800401325));
#5487 = CARTESIAN_POINT('',(-11.69595386978,14.26246707513));
#5488 = CARTESIAN_POINT('',(-13.40087194235,15.138245288229));
#5489 = CARTESIAN_POINT('',(-14.85796922401,16.047369310296));
#5490 = CARTESIAN_POINT('',(-16.11826646702,16.994219975995));
#5491 = CARTESIAN_POINT('',(-17.19477387806,17.969120709338));
#5492 = CARTESIAN_POINT('',(-18.11731475146,18.996653098454));
#5493 = CARTESIAN_POINT('',(-18.90391522713,19.975977521262));
#5494 = CARTESIAN_POINT('',(-19.52188925349,20.980295980441));
#5495 = CARTESIAN_POINT('',(-19.99698355557,21.989630354161));
#5496 = CARTESIAN_POINT('',(-20.33682667527,23.030400430535));
#5497 = CARTESIAN_POINT('',(-20.53202920558,24.039492709707));
#5498 = CARTESIAN_POINT('',(-20.60377705895,25.034004307452));
#5499 = CARTESIAN_POINT('',(-20.56105505216,26.009381897263));
#5500 = CARTESIAN_POINT('',(-20.40453314183,26.985510591158));
#5501 = CARTESIAN_POINT('',(-20.15210075908,27.907733516855));
#5502 = CARTESIAN_POINT('',(-19.81305175073,28.799298827785));
#5503 = CARTESIAN_POINT('',(-19.39540718089,29.6596541961));
#5504 = CARTESIAN_POINT('',(-18.892157024,30.508436896897));
#5505 = CARTESIAN_POINT('',(-18.33749326973,31.302483635692));
#5506 = CARTESIAN_POINT('',(-17.72811014938,32.06644396779));
#5507 = CARTESIAN_POINT('',(-17.07022330768,32.80183046666));
#5508 = CARTESIAN_POINT('',(-16.35096728185,33.527685157975));
#5509 = CARTESIAN_POINT('',(-15.61340383904,34.209062555881));
#5510 = CARTESIAN_POINT('',(-14.84688056384,34.869917289642));
#5511 = CARTESIAN_POINT('',(-14.05303858148,35.508491991621));
#5512 = CARTESIAN_POINT('',(-13.22931536889,36.161146563516));
#5513 = CARTESIAN_POINT('',(-12.41553627134,36.789298143672));
#5514 = CARTESIAN_POINT('',(-11.59187886685,37.408569202719));
#5515 = CARTESIAN_POINT('',(-10.76417721053,38.023876770823));
#5516 = CARTESIAN_POINT('',(-9.915151982458,38.655112769557));
#5517 = CARTESIAN_POINT('',(-9.093029159271,39.274552904656));
#5518 = CARTESIAN_POINT('',(-8.280247432833,39.902550984115));
#5519 = CARTESIAN_POINT('',(-7.480540154386,40.543364797102));
#5520 = CARTESIAN_POINT('',(-6.677601330652,41.21993148978));
#5521 = CARTESIAN_POINT('',(-5.91631961213,41.902557868471));
#5522 = CARTESIAN_POINT('',(-5.178417395412,42.612768790464));
#5523 = CARTESIAN_POINT('',(-4.466330803474,43.35548030469));
#5524 = CARTESIAN_POINT('',(-3.76564202268,44.158660407741));
#5525 = CARTESIAN_POINT('',(-3.116584534401,44.98340642615));
#5526 = CARTESIAN_POINT('',(-2.49488342741,45.86678680957));
#5527 = CARTESIAN_POINT('',(-1.926277637567,46.769910368226));
#5528 = CARTESIAN_POINT('',(-1.302493150694,47.908179953928));
#5529 = CARTESIAN_POINT('',(-1.124425518621,48.32053722281));
#5530 = CARTESIAN_POINT('',(-0.849157873792,48.897372736107));
#5531 = ( GEOMETRIC_REPRESENTATION_CONTEXT(2) 
PARAMETRIC_REPRESENTATION_CONTEXT() REPRESENTATION_CONTEXT('2D SPACE',''
  ) );
#5532 = PCURVE('',#5533,#5634);
#5533 = B_SPLINE_SURFACE_WITH_KNOTS('',3,1,(
    (#5534,#5535)
    ,(#5536,#5537)
    ,(#5538,#5539)
    ,(#5540,#5541)
    ,(#5542,#5543)
    ,(#5544,#5545)
    ,(#5546,#5547)
    ,(#5548,#5549)
    ,(#5550,#5551)
    ,(#5552,#5553)
    ,(#5554,#5555)
    ,(#5556,#5557)
    ,(#5558,#5559)
    ,(#5560,#5561)
    ,(#5562,#5563)
    ,(#5564,#5565)
    ,(#5566,#5567)
    ,(#5568,#5569)
    ,(#5570,#5571)
    ,(#5572,#5573)
    ,(#5574,#5575)
    ,(#5576,#5577)
    ,(#5578,#5579)
    ,(#5580,#5581)
    ,(#5582,#5583)
    ,(#5584,#5585)
    ,(#5586,#5587)
    ,(#5588,#5589)
    ,(#5590,#5591)
    ,(#5592,#5593)
    ,(#5594,#5595)
    ,(#5596,#5597)
    ,(#5598,#5599)
    ,(#5600,#5601)
    ,(#5602,#5603)
    ,(#5604,#5605)
    ,(#5606,#5607)
    ,(#5608,#5609)
    ,(#5610,#5611)
    ,(#5612,#5613)
    ,(#5614,#5615)
    ,(#5616,#5617)
    ,(#5618,#5619)
    ,(#5620,#5621)
    ,(#5622,#5623)
    ,(#5624,#5625)
    ,(#5626,#5627)
    ,(#5628,#5629)
    ,(#5630,#5631)
    ,(#5632,#5633
    )),.UNSPECIFIED.,.F.,.F.,.F.,(4,1,1,1,1,1,1,1,1,1,1,1,1,1,1,1,1,1,1,
    1,1,1,1,1,1,1,1,1,1,1,1,1,1,1,1,1,1,1,1,1,1,1,1,1,1,1,1,4),(2,2),(0.
    ,2.712363629581,5.415653884531,7.889901421053,9.986742084351,
    12.07233621524,13.981450928582,15.730829279285,17.217976489194,
    18.70534511222,20.079261809959,21.357514213245,22.46799558875,
    23.608470848383,24.696515979748,25.743900293344,26.683864297553,
    27.681614976107,28.665922847739,29.643534481927,30.544804484636,
    31.523863593595,32.508882471553,33.502052098633,34.427210166566,
    35.439013636309,36.460687542796,37.491630530293,38.450636928084,
    39.49631232414,40.547756860041,41.603484223464,42.58022774738,
    43.639187672476,44.697549950026,45.75413920775,46.727235587527,
    47.778840627491,48.828245019521,49.876764601754,50.845806288818,
    51.899956703366,52.96296178269,54.040387692291,55.053510242706,
    56.178288511941,57.339605375855,58.548465428582),(-22.4,0.),
  .UNSPECIFIED.);
#5534 = CARTESIAN_POINT('',(-0.11052333949,11.249485487596,22.4));
#5535 = CARTESIAN_POINT('',(-0.11052333949,11.249485487596,0.));
#5536 = CARTESIAN_POINT('',(-0.986951472967,11.376182797132,22.4));
#5537 = CARTESIAN_POINT('',(-0.986951472967,11.376182797132,0.));
#5538 = CARTESIAN_POINT('',(-2.806286868958,11.602194618324,22.4));
#5539 = CARTESIAN_POINT('',(-2.806286868958,11.602194618324,0.));
#5540 = CARTESIAN_POINT('',(-5.373460647376,12.134629507401,22.4));
#5541 = CARTESIAN_POINT('',(-5.373460647376,12.134629507401,0.));
#5542 = CARTESIAN_POINT('',(-7.719905530411,12.761330701745,22.4));
#5543 = CARTESIAN_POINT('',(-7.719905530411,12.761330701745,0.));
#5544 = CARTESIAN_POINT('',(-9.821415703608,13.476800401325,22.4));
#5545 = CARTESIAN_POINT('',(-9.821415703608,13.476800401325,0.));
#5546 = CARTESIAN_POINT('',(-11.69595386978,14.26246707513,22.4));
#5547 = CARTESIAN_POINT('',(-11.69595386978,14.26246707513,0.));
#5548 = CARTESIAN_POINT('',(-13.40087194235,15.138245288229,22.4));
#5549 = CARTESIAN_POINT('',(-13.40087194235,15.138245288229,0.));
#5550 = CARTESIAN_POINT('',(-14.85796922401,16.047369310296,22.4));
#5551 = CARTESIAN_POINT('',(-14.85796922401,16.047369310296,0.));
#5552 = CARTESIAN_POINT('',(-16.11826646702,16.994219975995,22.4));
#5553 = CARTESIAN_POINT('',(-16.11826646702,16.994219975995,0.));
#5554 = CARTESIAN_POINT('',(-17.19477387806,17.969120709338,22.4));
#5555 = CARTESIAN_POINT('',(-17.19477387806,17.969120709338,0.));
#5556 = CARTESIAN_POINT('',(-18.11731475146,18.996653098454,22.4));
#5557 = CARTESIAN_POINT('',(-18.11731475146,18.996653098454,0.));
#5558 = CARTESIAN_POINT('',(-18.90391522713,19.975977521262,22.4));
#5559 = CARTESIAN_POINT('',(-18.90391522713,19.975977521262,0.));
#5560 = CARTESIAN_POINT('',(-19.52188925349,20.980295980441,22.4));
#5561 = CARTESIAN_POINT('',(-19.52188925349,20.980295980441,0.));
#5562 = CARTESIAN_POINT('',(-19.99698355557,21.989630354161,22.4));
#5563 = CARTESIAN_POINT('',(-19.99698355557,21.989630354161,0.));
#5564 = CARTESIAN_POINT('',(-20.33682667527,23.030400430535,22.4));
#5565 = CARTESIAN_POINT('',(-20.33682667527,23.030400430535,0.));
#5566 = CARTESIAN_POINT('',(-20.53202920558,24.039492709707,22.4));
#5567 = CARTESIAN_POINT('',(-20.53202920558,24.039492709707,0.));
#5568 = CARTESIAN_POINT('',(-20.60377705895,25.034004307452,22.4));
#5569 = CARTESIAN_POINT('',(-20.60377705895,25.034004307452,0.));
#5570 = CARTESIAN_POINT('',(-20.56105505216,26.009381897263,22.4));
#5571 = CARTESIAN_POINT('',(-20.56105505216,26.009381897263,0.));
#5572 = CARTESIAN_POINT('',(-20.40453314183,26.985510591158,22.4));
#5573 = CARTESIAN_POINT('',(-20.40453314183,26.985510591158,0.));
#5574 = CARTESIAN_POINT('',(-20.15210075908,27.907733516855,22.4));
#5575 = CARTESIAN_POINT('',(-20.15210075908,27.907733516855,0.));
#5576 = CARTESIAN_POINT('',(-19.81305175073,28.799298827785,22.4));
#5577 = CARTESIAN_POINT('',(-19.81305175073,28.799298827785,0.));
#5578 = CARTESIAN_POINT('',(-19.39540718089,29.6596541961,22.4));
#5579 = CARTESIAN_POINT('',(-19.39540718089,29.6596541961,0.));
#5580 = CARTESIAN_POINT('',(-18.892157024,30.508436896897,22.4));
#5581 = CARTESIAN_POINT('',(-18.892157024,30.508436896897,0.));
#5582 = CARTESIAN_POINT('',(-18.33749326973,31.302483635692,22.4));
#5583 = CARTESIAN_POINT('',(-18.33749326973,31.302483635692,0.));
#5584 = CARTESIAN_POINT('',(-17.72811014938,32.06644396779,22.4));
#5585 = CARTESIAN_POINT('',(-17.72811014938,32.06644396779,0.));
#5586 = CARTESIAN_POINT('',(-17.07022330768,32.80183046666,22.4));
#5587 = CARTESIAN_POINT('',(-17.07022330768,32.80183046666,0.));
#5588 = CARTESIAN_POINT('',(-16.35096728185,33.527685157975,22.4));
#5589 = CARTESIAN_POINT('',(-16.35096728185,33.527685157975,0.));
#5590 = CARTESIAN_POINT('',(-15.61340383904,34.209062555881,22.4));
#5591 = CARTESIAN_POINT('',(-15.61340383904,34.209062555881,0.));
#5592 = CARTESIAN_POINT('',(-14.84688056384,34.869917289642,22.4));
#5593 = CARTESIAN_POINT('',(-14.84688056384,34.869917289642,0.));
#5594 = CARTESIAN_POINT('',(-14.05303858148,35.508491991621,22.4));
#5595 = CARTESIAN_POINT('',(-14.05303858148,35.508491991621,0.));
#5596 = CARTESIAN_POINT('',(-13.22931536889,36.161146563516,22.4));
#5597 = CARTESIAN_POINT('',(-13.22931536889,36.161146563516,0.));
#5598 = CARTESIAN_POINT('',(-12.41553627134,36.789298143672,22.4));
#5599 = CARTESIAN_POINT('',(-12.41553627134,36.789298143672,0.));
#5600 = CARTESIAN_POINT('',(-11.59187886685,37.408569202719,22.4));
#5601 = CARTESIAN_POINT('',(-11.59187886685,37.408569202719,0.));
#5602 = CARTESIAN_POINT('',(-10.76417721053,38.023876770823,22.4));
#5603 = CARTESIAN_POINT('',(-10.76417721053,38.023876770823,0.));
#5604 = CARTESIAN_POINT('',(-9.915151982458,38.655112769557,22.4));
#5605 = CARTESIAN_POINT('',(-9.915151982458,38.655112769557,0.));
#5606 = CARTESIAN_POINT('',(-9.093029159271,39.274552904656,22.4));
#5607 = CARTESIAN_POINT('',(-9.093029159271,39.274552904656,0.));
#5608 = CARTESIAN_POINT('',(-8.280247432833,39.902550984115,22.4));
#5609 = CARTESIAN_POINT('',(-8.280247432833,39.902550984115,0.));
#5610 = CARTESIAN_POINT('',(-7.480540154386,40.543364797102,22.4));
#5611 = CARTESIAN_POINT('',(-7.480540154386,40.543364797102,0.));
#5612 = CARTESIAN_POINT('',(-6.677601330652,41.21993148978,22.4));
#5613 = CARTESIAN_POINT('',(-6.677601330652,41.21993148978,0.));
#5614 = CARTESIAN_POINT('',(-5.91631961213,41.902557868471,22.4));
#5615 = CARTESIAN_POINT('',(-5.91631961213,41.902557868471,0.));
#5616 = CARTESIAN_POINT('',(-5.178417395412,42.612768790464,22.4));
#5617 = CARTESIAN_POINT('',(-5.178417395412,42.612768790464,0.));
#5618 = CARTESIAN_POINT('',(-4.466330803474,43.35548030469,22.4));
#5619 = CARTESIAN_POINT('',(-4.466330803474,43.35548030469,0.));
#5620 = CARTESIAN_POINT('',(-3.76564202268,44.158660407741,22.4));
#5621 = CARTESIAN_POINT('',(-3.76564202268,44.158660407741,0.));
#5622 = CARTESIAN_POINT('',(-3.116584534401,44.98340642615,22.4));
#5623 = CARTESIAN_POINT('',(-3.116584534401,44.98340642615,0.));
#5624 = CARTESIAN_POINT('',(-2.49488342741,45.86678680957,22.4));
#5625 = CARTESIAN_POINT('',(-2.49488342741,45.86678680957,0.));
#5626 = CARTESIAN_POINT('',(-1.926277637567,46.769910368226,22.4));
#5627 = CARTESIAN_POINT('',(-1.926277637567,46.769910368226,0.));
#5628 = CARTESIAN_POINT('',(-1.302493150694,47.908179953928,22.4));
#5629 = CARTESIAN_POINT('',(-1.302493150694,47.908179953928,0.));
#5630 = CARTESIAN_POINT('',(-1.124425518621,48.32053722281,22.4));
#5631 = CARTESIAN_POINT('',(-1.124425518621,48.32053722281,0.));
#5632 = CARTESIAN_POINT('',(-0.849157873792,48.897372736107,22.4));
#5633 = CARTESIAN_POINT('',(-0.849157873792,48.897372736107,0.));
#5634 = DEFINITIONAL_REPRESENTATION('',(#5635),#5639);
#5635 = LINE('',#5636,#5637);
#5636 = CARTESIAN_POINT('',(0.,0.));
#5637 = VECTOR('',#5638,1.);
#5638 = DIRECTION('',(1.,0.));
#5639 = ( GEOMETRIC_REPRESENTATION_CONTEXT(2) 
PARAMETRIC_REPRESENTATION_CONTEXT() REPRESENTATION_CONTEXT('2D SPACE',''
  ) );
#5640 = FACE_BOUND('',#5641,.F.);
#5641 = EDGE_LOOP('',(#5642,#5643,#5644,#5761,#5789,#5811));
#5642 = ORIENTED_EDGE('',*,*,#209,.T.);
#5643 = ORIENTED_EDGE('',*,*,#651,.F.);
#5644 = ORIENTED_EDGE('',*,*,#5645,.F.);
#5645 = EDGE_CURVE('',#5646,#504,#5648,.T.);
#5646 = VERTEX_POINT('',#5647);
#5647 = CARTESIAN_POINT('',(42.082676136201,23.315921341419,0.));
#5648 = SURFACE_CURVE('',#5649,(#5700,#5754),.PCURVE_S1.);
#5649 = B_SPLINE_CURVE_WITH_KNOTS('',3,(#5650,#5651,#5652,#5653,#5654,
    #5655,#5656,#5657,#5658,#5659,#5660,#5661,#5662,#5663,#5664,#5665,
    #5666,#5667,#5668,#5669,#5670,#5671,#5672,#5673,#5674,#5675,#5676,
    #5677,#5678,#5679,#5680,#5681,#5682,#5683,#5684,#5685,#5686,#5687,
    #5688,#5689,#5690,#5691,#5692,#5693,#5694,#5695,#5696,#5697,#5698,
    #5699),.UNSPECIFIED.,.F.,.F.,(4,1,1,1,1,1,1,1,1,1,1,1,1,1,1,1,1,1,1,
    1,1,1,1,1,1,1,1,1,1,1,1,1,1,1,1,1,1,1,1,1,1,1,1,1,1,1,1,4),(0.,
    1.310275187177,2.575554712222,3.800853833955,4.902089094641,
    6.06831455688,7.21183434275,8.337173980858,9.363078484396,
    10.46331856218,11.554153671202,12.637112639117,13.630528059043,
    14.700223728197,15.762924250692,16.817962772309,17.784172052652,
    18.821404601302,19.84721146813,20.859830292326,21.78133906864,
    22.763820637486,23.728524475563,24.674422276675,25.530408882817,
    26.439181751574,27.329575345756,28.203542707491,28.998544434436,
    29.851442200626,30.702034885941,31.558695680793,32.363786840272,
    33.262555459008,34.202118316714,35.196909054575,36.177314147534,
    37.320972597039,38.563122142845,39.916198777823,41.276469790388,
    42.885560125174,44.651495886816,46.590899109622,48.549892956214,
    50.871342573664,53.417826896227,55.987800380247),.UNSPECIFIED.);
#5650 = CARTESIAN_POINT('',(42.082676136201,23.315921341419,0.));
#5651 = CARTESIAN_POINT('',(41.649948034513,23.297376337878,0.));
#5652 = CARTESIAN_POINT('',(40.787445354505,23.242131416327,0.));
#5653 = CARTESIAN_POINT('',(39.521601030366,23.266965715716,0.));
#5654 = CARTESIAN_POINT('',(38.326317984623,23.350960870606,0.));
#5655 = CARTESIAN_POINT('',(37.17089698156,23.497688615251,0.));
#5656 = CARTESIAN_POINT('',(36.051338089334,23.699144996789,0.));
#5657 = CARTESIAN_POINT('',(34.935819086423,23.95943150911,0.));
#5658 = CARTESIAN_POINT('',(33.878783819283,24.258831881864,0.));
#5659 = CARTESIAN_POINT('',(32.848486336614,24.595980465613,0.));
#5660 = CARTESIAN_POINT('',(31.84153670515,24.965283498813,0.));
#5661 = CARTESIAN_POINT('',(30.828858746943,25.372489110861,0.));
#5662 = CARTESIAN_POINT('',(29.859280796101,25.790424118563,0.));
#5663 = CARTESIAN_POINT('',(28.903720290067,26.222541321982,0.));
#5664 = CARTESIAN_POINT('',(27.959614572996,26.663370675188,0.));
#5665 = CARTESIAN_POINT('',(26.999786929554,27.118992633305,0.));
#5666 = CARTESIAN_POINT('',(26.071242549075,27.560078007531,0.));
#5667 = CARTESIAN_POINT('',(25.147683190047,27.991850706763,0.));
#5668 = CARTESIAN_POINT('',(24.228783771352,28.410486907899,0.));
#5669 = CARTESIAN_POINT('',(23.285984487568,28.813808621591,0.));
#5670 = CARTESIAN_POINT('',(22.363281017109,29.163804855853,0.));
#5671 = CARTESIAN_POINT('',(21.44584834181,29.48583588509,0.));
#5672 = CARTESIAN_POINT('',(20.532326917107,29.769377975409,0.));
#5673 = CARTESIAN_POINT('',(19.599421648763,30.015037084398,0.));
#5674 = CARTESIAN_POINT('',(18.696320629617,30.204072830303,0.));
#5675 = CARTESIAN_POINT('',(17.802421946079,30.3390564245,0.));
#5676 = CARTESIAN_POINT('',(16.919934305036,30.415444567079,0.));
#5677 = CARTESIAN_POINT('',(16.028040806798,30.426002112416,0.));
#5678 = CARTESIAN_POINT('',(15.175978459901,30.365065037231,0.));
#5679 = CARTESIAN_POINT('',(14.345033419939,30.231007591555,0.));
#5680 = CARTESIAN_POINT('',(13.537895913829,30.019624554552,0.));
#5681 = CARTESIAN_POINT('',(12.738888600672,29.714882354118,0.));
#5682 = CARTESIAN_POINT('',(11.994190246907,29.327483672617,0.));
#5683 = CARTESIAN_POINT('',(11.286205201239,28.847655468573,0.));
#5684 = CARTESIAN_POINT('',(10.618926839904,28.268614467873,0.));
#5685 = CARTESIAN_POINT('',(9.9869280128,27.563751450636,0.));
#5686 = CARTESIAN_POINT('',(9.430067598263,26.764297577718,0.));
#5687 = CARTESIAN_POINT('',(8.940521036684,25.84562464939,0.));
#5688 = CARTESIAN_POINT('',(8.508629767079,24.805861204768,0.));
#5689 = CARTESIAN_POINT('',(8.230462731297,23.586286175042,0.));
#5690 = CARTESIAN_POINT('',(8.068780237565,22.276283511798,0.));
#5691 = CARTESIAN_POINT('',(8.024311943854,20.834132300413,0.));
#5692 = CARTESIAN_POINT('',(8.111765656944,19.256738995285,0.));
#5693 = CARTESIAN_POINT('',(8.358371995902,17.498037038584,0.));
#5694 = CARTESIAN_POINT('',(8.759150546513,15.662170273723,0.));
#5695 = CARTESIAN_POINT('',(9.363302730177,13.630865807253,0.));
#5696 = CARTESIAN_POINT('',(10.055210582024,11.677724964823,0.));
#5697 = CARTESIAN_POINT('',(11.437090958727,8.622582546904,0.));
#5698 = CARTESIAN_POINT('',(11.233410542153,9.100594078569,0.));
#5699 = CARTESIAN_POINT('',(12.309966714107,6.979541236493,0.));
#5700 = PCURVE('',#224,#5701);
#5701 = DEFINITIONAL_REPRESENTATION('',(#5702),#5753);
#5702 = B_SPLINE_CURVE_WITH_KNOTS('',3,(#5703,#5704,#5705,#5706,#5707,
    #5708,#5709,#5710,#5711,#5712,#5713,#5714,#5715,#5716,#5717,#5718,
    #5719,#5720,#5721,#5722,#5723,#5724,#5725,#5726,#5727,#5728,#5729,
    #5730,#5731,#5732,#5733,#5734,#5735,#5736,#5737,#5738,#5739,#5740,
    #5741,#5742,#5743,#5744,#5745,#5746,#5747,#5748,#5749,#5750,#5751,
    #5752),.UNSPECIFIED.,.F.,.F.,(4,1,1,1,1,1,1,1,1,1,1,1,1,1,1,1,1,1,1,
    1,1,1,1,1,1,1,1,1,1,1,1,1,1,1,1,1,1,1,1,1,1,1,1,1,1,1,1,4),(0.,
    1.310275187177,2.575554712222,3.800853833955,4.902089094641,
    6.06831455688,7.21183434275,8.337173980858,9.363078484396,
    10.46331856218,11.554153671202,12.637112639117,13.630528059043,
    14.700223728197,15.762924250692,16.817962772309,17.784172052652,
    18.821404601302,19.84721146813,20.859830292326,21.78133906864,
    22.763820637486,23.728524475563,24.674422276675,25.530408882817,
    26.439181751574,27.329575345756,28.203542707491,28.998544434436,
    29.851442200626,30.702034885941,31.558695680793,32.363786840272,
    33.262555459008,34.202118316714,35.196909054575,36.177314147534,
    37.320972597039,38.563122142845,39.916198777823,41.276469790388,
    42.885560125174,44.651495886816,46.590899109622,48.549892956214,
    50.871342573664,53.417826896227,55.987800380247),.UNSPECIFIED.);
#5703 = CARTESIAN_POINT('',(42.082676136201,23.315921341419));
#5704 = CARTESIAN_POINT('',(41.649948034513,23.297376337878));
#5705 = CARTESIAN_POINT('',(40.787445354505,23.242131416327));
#5706 = CARTESIAN_POINT('',(39.521601030366,23.266965715716));
#5707 = CARTESIAN_POINT('',(38.326317984623,23.350960870606));
#5708 = CARTESIAN_POINT('',(37.17089698156,23.497688615251));
#5709 = CARTESIAN_POINT('',(36.051338089334,23.699144996789));
#5710 = CARTESIAN_POINT('',(34.935819086423,23.95943150911));
#5711 = CARTESIAN_POINT('',(33.878783819283,24.258831881864));
#5712 = CARTESIAN_POINT('',(32.848486336614,24.595980465613));
#5713 = CARTESIAN_POINT('',(31.84153670515,24.965283498813));
#5714 = CARTESIAN_POINT('',(30.828858746943,25.372489110861));
#5715 = CARTESIAN_POINT('',(29.859280796101,25.790424118563));
#5716 = CARTESIAN_POINT('',(28.903720290067,26.222541321982));
#5717 = CARTESIAN_POINT('',(27.959614572996,26.663370675188));
#5718 = CARTESIAN_POINT('',(26.999786929554,27.118992633305));
#5719 = CARTESIAN_POINT('',(26.071242549075,27.560078007531));
#5720 = CARTESIAN_POINT('',(25.147683190047,27.991850706763));
#5721 = CARTESIAN_POINT('',(24.228783771352,28.410486907899));
#5722 = CARTESIAN_POINT('',(23.285984487568,28.813808621591));
#5723 = CARTESIAN_POINT('',(22.363281017109,29.163804855853));
#5724 = CARTESIAN_POINT('',(21.44584834181,29.48583588509));
#5725 = CARTESIAN_POINT('',(20.532326917107,29.769377975409));
#5726 = CARTESIAN_POINT('',(19.599421648763,30.015037084398));
#5727 = CARTESIAN_POINT('',(18.696320629617,30.204072830303));
#5728 = CARTESIAN_POINT('',(17.802421946079,30.3390564245));
#5729 = CARTESIAN_POINT('',(16.919934305036,30.415444567079));
#5730 = CARTESIAN_POINT('',(16.028040806798,30.426002112416));
#5731 = CARTESIAN_POINT('',(15.175978459901,30.365065037231));
#5732 = CARTESIAN_POINT('',(14.345033419939,30.231007591555));
#5733 = CARTESIAN_POINT('',(13.537895913829,30.019624554552));
#5734 = CARTESIAN_POINT('',(12.738888600672,29.714882354118));
#5735 = CARTESIAN_POINT('',(11.994190246907,29.327483672617));
#5736 = CARTESIAN_POINT('',(11.286205201239,28.847655468573));
#5737 = CARTESIAN_POINT('',(10.618926839904,28.268614467873));
#5738 = CARTESIAN_POINT('',(9.9869280128,27.563751450636));
#5739 = CARTESIAN_POINT('',(9.430067598263,26.764297577718));
#5740 = CARTESIAN_POINT('',(8.940521036684,25.84562464939));
#5741 = CARTESIAN_POINT('',(8.508629767079,24.805861204768));
#5742 = CARTESIAN_POINT('',(8.230462731297,23.586286175042));
#5743 = CARTESIAN_POINT('',(8.068780237565,22.276283511798));
#5744 = CARTESIAN_POINT('',(8.024311943854,20.834132300413));
#5745 = CARTESIAN_POINT('',(8.111765656944,19.256738995285));
#5746 = CARTESIAN_POINT('',(8.358371995902,17.498037038584));
#5747 = CARTESIAN_POINT('',(8.759150546513,15.662170273723));
#5748 = CARTESIAN_POINT('',(9.363302730177,13.630865807253));
#5749 = CARTESIAN_POINT('',(10.055210582024,11.677724964823));
#5750 = CARTESIAN_POINT('',(11.437090958727,8.622582546904));
#5751 = CARTESIAN_POINT('',(11.233410542153,9.100594078569));
#5752 = CARTESIAN_POINT('',(12.309966714107,6.979541236493));
#5753 = ( GEOMETRIC_REPRESENTATION_CONTEXT(2) 
PARAMETRIC_REPRESENTATION_CONTEXT() REPRESENTATION_CONTEXT('2D SPACE',''
  ) );
#5754 = PCURVE('',#521,#5755);
#5755 = DEFINITIONAL_REPRESENTATION('',(#5756),#5760);
#5756 = LINE('',#5757,#5758);
#5757 = CARTESIAN_POINT('',(0.,0.));
#5758 = VECTOR('',#5759,1.);
#5759 = DIRECTION('',(1.,0.));
#5760 = ( GEOMETRIC_REPRESENTATION_CONTEXT(2) 
PARAMETRIC_REPRESENTATION_CONTEXT() REPRESENTATION_CONTEXT('2D SPACE',''
  ) );
#5761 = ORIENTED_EDGE('',*,*,#5762,.F.);
#5762 = EDGE_CURVE('',#5763,#5646,#5765,.T.);
#5763 = VERTEX_POINT('',#5764);
#5764 = CARTESIAN_POINT('',(42.513671785928,23.341758958535,0.));
#5765 = SURFACE_CURVE('',#5766,(#5770,#5777),.PCURVE_S1.);
#5766 = LINE('',#5767,#5768);
#5767 = CARTESIAN_POINT('',(44.497998878939,23.460716733848,0.));
#5768 = VECTOR('',#5769,1.);
#5769 = DIRECTION('',(-0.998207907256,-5.984123906075E-02,0.));
#5770 = PCURVE('',#224,#5771);
#5771 = DEFINITIONAL_REPRESENTATION('',(#5772),#5776);
#5772 = LINE('',#5773,#5774);
#5773 = CARTESIAN_POINT('',(44.497998878939,23.460716733848));
#5774 = VECTOR('',#5775,1.);
#5775 = DIRECTION('',(-0.998207907256,-5.984123906075E-02));
#5776 = ( GEOMETRIC_REPRESENTATION_CONTEXT(2) 
PARAMETRIC_REPRESENTATION_CONTEXT() REPRESENTATION_CONTEXT('2D SPACE',''
  ) );
#5777 = PCURVE('',#5778,#5783);
#5778 = PLANE('',#5779);
#5779 = AXIS2_PLACEMENT_3D('',#5780,#5781,#5782);
#5780 = CARTESIAN_POINT('',(42.513671785928,23.341758958535,0.));
#5781 = DIRECTION('',(5.984123906075E-02,-0.998207907256,0.));
#5782 = DIRECTION('',(-0.998207907256,-5.984123906075E-02,0.));
#5783 = DEFINITIONAL_REPRESENTATION('',(#5784),#5788);
#5784 = LINE('',#5785,#5786);
#5785 = CARTESIAN_POINT('',(-1.987889575495,0.));
#5786 = VECTOR('',#5787,1.);
#5787 = DIRECTION('',(1.,0.));
#5788 = ( GEOMETRIC_REPRESENTATION_CONTEXT(2) 
PARAMETRIC_REPRESENTATION_CONTEXT() REPRESENTATION_CONTEXT('2D SPACE',''
  ) );
#5789 = ORIENTED_EDGE('',*,*,#5790,.F.);
#5790 = EDGE_CURVE('',#358,#5763,#5791,.T.);
#5791 = SURFACE_CURVE('',#5792,(#5797,#5804),.PCURVE_S1.);
#5792 = CIRCLE('',#5793,48.5);
#5793 = AXIS2_PLACEMENT_3D('',#5794,#5795,#5796);
#5794 = CARTESIAN_POINT('',(0.,0.,0.));
#5795 = DIRECTION('',(0.,0.,1.));
#5796 = DIRECTION('',(1.,0.,-0.));
#5797 = PCURVE('',#224,#5798);
#5798 = DEFINITIONAL_REPRESENTATION('',(#5799),#5803);
#5799 = CIRCLE('',#5800,48.5);
#5800 = AXIS2_PLACEMENT_2D('',#5801,#5802);
#5801 = CARTESIAN_POINT('',(0.,-1.204325410458E-15));
#5802 = DIRECTION('',(1.,0.));
#5803 = ( GEOMETRIC_REPRESENTATION_CONTEXT(2) 
PARAMETRIC_REPRESENTATION_CONTEXT() REPRESENTATION_CONTEXT('2D SPACE',''
  ) );
#5804 = PCURVE('',#373,#5805);
#5805 = DEFINITIONAL_REPRESENTATION('',(#5806),#5810);
#5806 = LINE('',#5807,#5808);
#5807 = CARTESIAN_POINT('',(-0.,0.));
#5808 = VECTOR('',#5809,1.);
#5809 = DIRECTION('',(-1.,0.));
#5810 = ( GEOMETRIC_REPRESENTATION_CONTEXT(2) 
PARAMETRIC_REPRESENTATION_CONTEXT() REPRESENTATION_CONTEXT('2D SPACE',''
  ) );
#5811 = ORIENTED_EDGE('',*,*,#385,.F.);
#5812 = FACE_BOUND('',#5813,.F.);
#5813 = EDGE_LOOP('',(#5814,#5845,#5873,#6091,#6119,#6148));
#5814 = ORIENTED_EDGE('',*,*,#5815,.T.);
#5815 = EDGE_CURVE('',#5816,#5818,#5820,.T.);
#5816 = VERTEX_POINT('',#5817);
#5817 = CARTESIAN_POINT('',(2.196328806542,12.508642603159,0.));
#5818 = VERTEX_POINT('',#5819);
#5819 = CARTESIAN_POINT('',(0.11052333949,12.699519069297,0.));
#5820 = SURFACE_CURVE('',#5821,(#5826,#5833),.PCURVE_S1.);
#5821 = CIRCLE('',#5822,12.7);
#5822 = AXIS2_PLACEMENT_3D('',#5823,#5824,#5825);
#5823 = CARTESIAN_POINT('',(0.,0.,0.));
#5824 = DIRECTION('',(0.,0.,1.));
#5825 = DIRECTION('',(1.,0.,-0.));
#5826 = PCURVE('',#224,#5827);
#5827 = DEFINITIONAL_REPRESENTATION('',(#5828),#5832);
#5828 = CIRCLE('',#5829,12.7);
#5829 = AXIS2_PLACEMENT_2D('',#5830,#5831);
#5830 = CARTESIAN_POINT('',(0.,-1.204325410458E-15));
#5831 = DIRECTION('',(1.,0.));
#5832 = ( GEOMETRIC_REPRESENTATION_CONTEXT(2) 
PARAMETRIC_REPRESENTATION_CONTEXT() REPRESENTATION_CONTEXT('2D SPACE',''
  ) );
#5833 = PCURVE('',#5834,#5839);
#5834 = CYLINDRICAL_SURFACE('',#5835,12.7);
#5835 = AXIS2_PLACEMENT_3D('',#5836,#5837,#5838);
#5836 = CARTESIAN_POINT('',(0.,0.,0.));
#5837 = DIRECTION('',(-0.,-0.,-1.));
#5838 = DIRECTION('',(1.,0.,-0.));
#5839 = DEFINITIONAL_REPRESENTATION('',(#5840),#5844);
#5840 = LINE('',#5841,#5842);
#5841 = CARTESIAN_POINT('',(-0.,0.));
#5842 = VECTOR('',#5843,1.);
#5843 = DIRECTION('',(-1.,0.));
#5844 = ( GEOMETRIC_REPRESENTATION_CONTEXT(2) 
PARAMETRIC_REPRESENTATION_CONTEXT() REPRESENTATION_CONTEXT('2D SPACE',''
  ) );
#5845 = ORIENTED_EDGE('',*,*,#5846,.F.);
#5846 = EDGE_CURVE('',#5847,#5818,#5849,.T.);
#5847 = VERTEX_POINT('',#5848);
#5848 = CARTESIAN_POINT('',(0.11052333949,14.150514512404,0.));
#5849 = SURFACE_CURVE('',#5850,(#5854,#5861),.PCURVE_S1.);
#5850 = LINE('',#5851,#5852);
#5851 = CARTESIAN_POINT('',(0.11052333949,14.150514512404,0.));
#5852 = VECTOR('',#5853,1.);
#5853 = DIRECTION('',(-1.110223024625E-16,-1.,0.));
#5854 = PCURVE('',#224,#5855);
#5855 = DEFINITIONAL_REPRESENTATION('',(#5856),#5860);
#5856 = LINE('',#5857,#5858);
#5857 = CARTESIAN_POINT('',(0.11052333949,14.150514512404));
#5858 = VECTOR('',#5859,1.);
#5859 = DIRECTION('',(-1.110223024625E-16,-1.));
#5860 = ( GEOMETRIC_REPRESENTATION_CONTEXT(2) 
PARAMETRIC_REPRESENTATION_CONTEXT() REPRESENTATION_CONTEXT('2D SPACE',''
  ) );
#5861 = PCURVE('',#5862,#5867);
#5862 = PLANE('',#5863);
#5863 = AXIS2_PLACEMENT_3D('',#5864,#5865,#5866);
#5864 = CARTESIAN_POINT('',(0.11052333949,14.150514512404,0.));
#5865 = DIRECTION('',(1.,-1.110223024625E-16,0.));
#5866 = DIRECTION('',(-1.110223024625E-16,-1.,0.));
#5867 = DEFINITIONAL_REPRESENTATION('',(#5868),#5872);
#5868 = LINE('',#5869,#5870);
#5869 = CARTESIAN_POINT('',(0.,0.));
#5870 = VECTOR('',#5871,1.);
#5871 = DIRECTION('',(1.,0.));
#5872 = ( GEOMETRIC_REPRESENTATION_CONTEXT(2) 
PARAMETRIC_REPRESENTATION_CONTEXT() REPRESENTATION_CONTEXT('2D SPACE',''
  ) );
#5873 = ORIENTED_EDGE('',*,*,#5874,.F.);
#5874 = EDGE_CURVE('',#5875,#5847,#5877,.T.);
#5875 = VERTEX_POINT('',#5876);
#5876 = CARTESIAN_POINT('',(0.849157873792,48.102627263893,0.));
#5877 = SURFACE_CURVE('',#5878,(#5929,#5983),.PCURVE_S1.);
#5878 = B_SPLINE_CURVE_WITH_KNOTS('',3,(#5879,#5880,#5881,#5882,#5883,
    #5884,#5885,#5886,#5887,#5888,#5889,#5890,#5891,#5892,#5893,#5894,
    #5895,#5896,#5897,#5898,#5899,#5900,#5901,#5902,#5903,#5904,#5905,
    #5906,#5907,#5908,#5909,#5910,#5911,#5912,#5913,#5914,#5915,#5916,
    #5917,#5918,#5919,#5920,#5921,#5922,#5923,#5924,#5925,#5926,#5927,
    #5928),.UNSPECIFIED.,.F.,.F.,(4,1,1,1,1,1,1,1,1,1,1,1,1,1,1,1,1,1,1,
    1,1,1,1,1,1,1,1,1,1,1,1,1,1,1,1,1,1,1,1,1,1,1,1,1,1,1,1,4),(0.,
    1.310275187177,2.575554712222,3.800853833955,4.902089094641,
    6.06831455688,7.21183434275,8.337173980858,9.363078484396,
    10.46331856218,11.554153671202,12.637112639117,13.630528059043,
    14.700223728197,15.762924250692,16.817962772309,17.784172052652,
    18.821404601302,19.84721146813,20.859830292326,21.78133906864,
    22.763820637486,23.728524475563,24.674422276675,25.530408882817,
    26.439181751574,27.329575345756,28.203542707491,28.998544434436,
    29.851442200626,30.702034885941,31.558695680793,32.363786840272,
    33.262555459008,34.202118316714,35.196909054575,36.177314147534,
    37.320972597039,38.563122142845,39.916198777823,41.276469790388,
    42.885560125174,44.651495886816,46.590899109622,48.549892956214,
    50.871342573664,53.417826896227,55.987800380247),.UNSPECIFIED.);
#5879 = CARTESIAN_POINT('',(0.849157873792,48.102627263893,0.));
#5880 = CARTESIAN_POINT('',(0.648854267128,47.718601233129,0.));
#5881 = CARTESIAN_POINT('',(0.265446432616,46.944029540635,0.));
#5882 = CARTESIAN_POINT('',(-0.388982863609,45.860193348388,0.));
#5883 = CARTESIAN_POINT('',(-1.059366324409,44.867045443507,0.));
#5884 = CARTESIAN_POINT('',(-1.764146780244,43.93978537511,0.));
#5885 = CARTESIAN_POINT('',(-2.498392570523,43.070947124179,0.));
#5886 = CARTESIAN_POINT('',(-3.281566803911,42.235022585415,0.));
#5887 = CARTESIAN_POINT('',(-4.069372766189,41.469303377752,0.));
#5888 = CARTESIAN_POINT('',(-4.8765007459,40.74561387618,0.));
#5889 = CARTESIAN_POINT('',(-5.699801370078,40.058221431601,0.));
#5890 = CARTESIAN_POINT('',(-6.558790753779,39.384819399965,0.));
#5891 = CARTESIAN_POINT('',(-7.405522063,38.754107767438,0.));
#5892 = CARTESIAN_POINT('',(-8.25752679159,38.142626696068,0.));
#5893 = CARTESIAN_POINT('',(-9.111349068736,37.545421837831,0.));
#5894 = CARTESIAN_POINT('',(-9.985843080708,36.941997694413,0.));
#5895 = CARTESIAN_POINT('',(-10.83210641026,36.35839735949,0.));
#5896 = CARTESIAN_POINT('',(-11.66781221597,35.774457842286,0.));
#5897 = CARTESIAN_POINT('',(-12.48981151045,35.187985702741,0.));
#5898 = CARTESIAN_POINT('',(-13.31049800229,34.573158429159,0.));
#5899 = CARTESIAN_POINT('',(-14.07495536762,33.949071900713,0.));
#5900 = CARTESIAN_POINT('',(-14.8125587574,33.315567412261,0.));
#5901 = CARTESIAN_POINT('',(-15.51487412301,32.666205696726,0.));
#5902 = CARTESIAN_POINT('',(-16.19407378623,31.981115589511,0.));
#5903 = CARTESIAN_POINT('',(-16.80933405399,31.293525037699,0.));
#5904 = CARTESIAN_POINT('',(-17.37318261742,30.586877866444,0.));
#5905 = CARTESIAN_POINT('',(-17.88058050997,29.860815222065,0.));
#5906 = CARTESIAN_POINT('',(-18.33567036155,29.093691567789,0.));
#5907 = CARTESIAN_POINT('',(-18.70892847985,28.325315392176,0.));
#5908 = CARTESIAN_POINT('',(-19.00830384631,27.538667155581,0.));
#5909 = CARTESIAN_POINT('',(-19.22880951939,26.733974052441,0.));
#5910 = CARTESIAN_POINT('',(-19.36439868879,25.88964232122,0.));
#5911 = CARTESIAN_POINT('',(-19.4012507661,25.051015287954,0.));
#5912 = CARTESIAN_POINT('',(-19.33969987478,24.197968150883,0.));
#5913 = CARTESIAN_POINT('',(-19.17187483901,23.330567638221,0.));
#5914 = CARTESIAN_POINT('',(-18.87744497345,22.430809090169,0.));
#5915 = CARTESIAN_POINT('',(-18.46352781761,21.548826888359,0.));
#5916 = CARTESIAN_POINT('',(-17.9127070047,20.665530665532,0.));
#5917 = CARTESIAN_POINT('',(-17.22819108254,19.771620132071,0.));
#5918 = CARTESIAN_POINT('',(-16.31109164286,18.920932897725,0.));
#5919 = CARTESIAN_POINT('',(-15.25743730433,18.125910419184,0.));
#5920 = CARTESIAN_POINT('',(-14.03073186603,17.366324141475,0.));
#5921 = CARTESIAN_POINT('',(-12.62094233549,16.653364626102,0.));
#5922 = CARTESIAN_POINT('',(-10.97455859382,15.987581002024,0.));
#5923 = CARTESIAN_POINT('',(-9.184262062185,15.416732025714,0.));
#5924 = CARTESIAN_POINT('',(-7.123024699569,14.924290931284,0.));
#5925 = CARTESIAN_POINT('',(-5.085601186932,14.546930286847,0.));
#5926 = CARTESIAN_POINT('',(-1.748830052484,14.216102589103,0.));
#5927 = CARTESIAN_POINT('',(-2.264640390495,14.278715939929,0.));
#5928 = CARTESIAN_POINT('',(0.11052333949,14.150514512404,0.));
#5929 = PCURVE('',#224,#5930);
#5930 = DEFINITIONAL_REPRESENTATION('',(#5931),#5982);
#5931 = B_SPLINE_CURVE_WITH_KNOTS('',3,(#5932,#5933,#5934,#5935,#5936,
    #5937,#5938,#5939,#5940,#5941,#5942,#5943,#5944,#5945,#5946,#5947,
    #5948,#5949,#5950,#5951,#5952,#5953,#5954,#5955,#5956,#5957,#5958,
    #5959,#5960,#5961,#5962,#5963,#5964,#5965,#5966,#5967,#5968,#5969,
    #5970,#5971,#5972,#5973,#5974,#5975,#5976,#5977,#5978,#5979,#5980,
    #5981),.UNSPECIFIED.,.F.,.F.,(4,1,1,1,1,1,1,1,1,1,1,1,1,1,1,1,1,1,1,
    1,1,1,1,1,1,1,1,1,1,1,1,1,1,1,1,1,1,1,1,1,1,1,1,1,1,1,1,4),(0.,
    1.310275187177,2.575554712222,3.800853833955,4.902089094641,
    6.06831455688,7.21183434275,8.337173980858,9.363078484396,
    10.46331856218,11.554153671202,12.637112639117,13.630528059043,
    14.700223728197,15.762924250692,16.817962772309,17.784172052652,
    18.821404601302,19.84721146813,20.859830292326,21.78133906864,
    22.763820637486,23.728524475563,24.674422276675,25.530408882817,
    26.439181751574,27.329575345756,28.203542707491,28.998544434436,
    29.851442200626,30.702034885941,31.558695680793,32.363786840272,
    33.262555459008,34.202118316714,35.196909054575,36.177314147534,
    37.320972597039,38.563122142845,39.916198777823,41.276469790388,
    42.885560125174,44.651495886816,46.590899109622,48.549892956214,
    50.871342573664,53.417826896227,55.987800380247),.UNSPECIFIED.);
#5932 = CARTESIAN_POINT('',(0.849157873792,48.102627263893));
#5933 = CARTESIAN_POINT('',(0.648854267128,47.718601233129));
#5934 = CARTESIAN_POINT('',(0.265446432616,46.944029540635));
#5935 = CARTESIAN_POINT('',(-0.388982863609,45.860193348388));
#5936 = CARTESIAN_POINT('',(-1.059366324409,44.867045443507));
#5937 = CARTESIAN_POINT('',(-1.764146780244,43.93978537511));
#5938 = CARTESIAN_POINT('',(-2.498392570523,43.070947124179));
#5939 = CARTESIAN_POINT('',(-3.281566803911,42.235022585415));
#5940 = CARTESIAN_POINT('',(-4.069372766189,41.469303377752));
#5941 = CARTESIAN_POINT('',(-4.8765007459,40.74561387618));
#5942 = CARTESIAN_POINT('',(-5.699801370078,40.058221431601));
#5943 = CARTESIAN_POINT('',(-6.558790753779,39.384819399965));
#5944 = CARTESIAN_POINT('',(-7.405522063,38.754107767438));
#5945 = CARTESIAN_POINT('',(-8.25752679159,38.142626696068));
#5946 = CARTESIAN_POINT('',(-9.111349068736,37.545421837831));
#5947 = CARTESIAN_POINT('',(-9.985843080708,36.941997694413));
#5948 = CARTESIAN_POINT('',(-10.83210641026,36.35839735949));
#5949 = CARTESIAN_POINT('',(-11.66781221597,35.774457842286));
#5950 = CARTESIAN_POINT('',(-12.48981151045,35.187985702741));
#5951 = CARTESIAN_POINT('',(-13.31049800229,34.573158429159));
#5952 = CARTESIAN_POINT('',(-14.07495536762,33.949071900713));
#5953 = CARTESIAN_POINT('',(-14.8125587574,33.315567412261));
#5954 = CARTESIAN_POINT('',(-15.51487412301,32.666205696726));
#5955 = CARTESIAN_POINT('',(-16.19407378623,31.981115589511));
#5956 = CARTESIAN_POINT('',(-16.80933405399,31.293525037699));
#5957 = CARTESIAN_POINT('',(-17.37318261742,30.586877866444));
#5958 = CARTESIAN_POINT('',(-17.88058050997,29.860815222065));
#5959 = CARTESIAN_POINT('',(-18.33567036155,29.093691567789));
#5960 = CARTESIAN_POINT('',(-18.70892847985,28.325315392176));
#5961 = CARTESIAN_POINT('',(-19.00830384631,27.538667155581));
#5962 = CARTESIAN_POINT('',(-19.22880951939,26.733974052441));
#5963 = CARTESIAN_POINT('',(-19.36439868879,25.88964232122));
#5964 = CARTESIAN_POINT('',(-19.4012507661,25.051015287954));
#5965 = CARTESIAN_POINT('',(-19.33969987478,24.197968150883));
#5966 = CARTESIAN_POINT('',(-19.17187483901,23.330567638221));
#5967 = CARTESIAN_POINT('',(-18.87744497345,22.430809090169));
#5968 = CARTESIAN_POINT('',(-18.46352781761,21.548826888359));
#5969 = CARTESIAN_POINT('',(-17.9127070047,20.665530665532));
#5970 = CARTESIAN_POINT('',(-17.22819108254,19.771620132071));
#5971 = CARTESIAN_POINT('',(-16.31109164286,18.920932897725));
#5972 = CARTESIAN_POINT('',(-15.25743730433,18.125910419184));
#5973 = CARTESIAN_POINT('',(-14.03073186603,17.366324141475));
#5974 = CARTESIAN_POINT('',(-12.62094233549,16.653364626102));
#5975 = CARTESIAN_POINT('',(-10.97455859382,15.987581002024));
#5976 = CARTESIAN_POINT('',(-9.184262062185,15.416732025714));
#5977 = CARTESIAN_POINT('',(-7.123024699569,14.924290931284));
#5978 = CARTESIAN_POINT('',(-5.085601186932,14.546930286847));
#5979 = CARTESIAN_POINT('',(-1.748830052484,14.216102589103));
#5980 = CARTESIAN_POINT('',(-2.264640390495,14.278715939929));
#5981 = CARTESIAN_POINT('',(0.11052333949,14.150514512404));
#5982 = ( GEOMETRIC_REPRESENTATION_CONTEXT(2) 
PARAMETRIC_REPRESENTATION_CONTEXT() REPRESENTATION_CONTEXT('2D SPACE',''
  ) );
#5983 = PCURVE('',#5984,#6085);
#5984 = B_SPLINE_SURFACE_WITH_KNOTS('',3,1,(
    (#5985,#5986)
    ,(#5987,#5988)
    ,(#5989,#5990)
    ,(#5991,#5992)
    ,(#5993,#5994)
    ,(#5995,#5996)
    ,(#5997,#5998)
    ,(#5999,#6000)
    ,(#6001,#6002)
    ,(#6003,#6004)
    ,(#6005,#6006)
    ,(#6007,#6008)
    ,(#6009,#6010)
    ,(#6011,#6012)
    ,(#6013,#6014)
    ,(#6015,#6016)
    ,(#6017,#6018)
    ,(#6019,#6020)
    ,(#6021,#6022)
    ,(#6023,#6024)
    ,(#6025,#6026)
    ,(#6027,#6028)
    ,(#6029,#6030)
    ,(#6031,#6032)
    ,(#6033,#6034)
    ,(#6035,#6036)
    ,(#6037,#6038)
    ,(#6039,#6040)
    ,(#6041,#6042)
    ,(#6043,#6044)
    ,(#6045,#6046)
    ,(#6047,#6048)
    ,(#6049,#6050)
    ,(#6051,#6052)
    ,(#6053,#6054)
    ,(#6055,#6056)
    ,(#6057,#6058)
    ,(#6059,#6060)
    ,(#6061,#6062)
    ,(#6063,#6064)
    ,(#6065,#6066)
    ,(#6067,#6068)
    ,(#6069,#6070)
    ,(#6071,#6072)
    ,(#6073,#6074)
    ,(#6075,#6076)
    ,(#6077,#6078)
    ,(#6079,#6080)
    ,(#6081,#6082)
    ,(#6083,#6084
    )),.UNSPECIFIED.,.F.,.F.,.F.,(4,1,1,1,1,1,1,1,1,1,1,1,1,1,1,1,1,1,1,
    1,1,1,1,1,1,1,1,1,1,1,1,1,1,1,1,1,1,1,1,1,1,1,1,1,1,1,1,4),(2,2),(0.
    ,1.310275187177,2.575554712222,3.800853833955,4.902089094641,
    6.06831455688,7.21183434275,8.337173980858,9.363078484396,
    10.46331856218,11.554153671202,12.637112639117,13.630528059043,
    14.700223728197,15.762924250692,16.817962772309,17.784172052652,
    18.821404601302,19.84721146813,20.859830292326,21.78133906864,
    22.763820637486,23.728524475563,24.674422276675,25.530408882817,
    26.439181751574,27.329575345756,28.203542707491,28.998544434436,
    29.851442200626,30.702034885941,31.558695680793,32.363786840272,
    33.262555459008,34.202118316714,35.196909054575,36.177314147534,
    37.320972597039,38.563122142845,39.916198777823,41.276469790388,
    42.885560125174,44.651495886816,46.590899109622,48.549892956214,
    50.871342573664,53.417826896227,55.987800380247),(-22.4,0.),
  .UNSPECIFIED.);
#5985 = CARTESIAN_POINT('',(0.849157873792,48.102627263893,22.4));
#5986 = CARTESIAN_POINT('',(0.849157873792,48.102627263893,0.));
#5987 = CARTESIAN_POINT('',(0.648854267128,47.718601233129,22.4));
#5988 = CARTESIAN_POINT('',(0.648854267128,47.718601233129,0.));
#5989 = CARTESIAN_POINT('',(0.265446432616,46.944029540635,22.4));
#5990 = CARTESIAN_POINT('',(0.265446432616,46.944029540635,0.));
#5991 = CARTESIAN_POINT('',(-0.388982863609,45.860193348388,22.4));
#5992 = CARTESIAN_POINT('',(-0.388982863609,45.860193348388,0.));
#5993 = CARTESIAN_POINT('',(-1.059366324409,44.867045443507,22.4));
#5994 = CARTESIAN_POINT('',(-1.059366324409,44.867045443507,0.));
#5995 = CARTESIAN_POINT('',(-1.764146780244,43.93978537511,22.4));
#5996 = CARTESIAN_POINT('',(-1.764146780244,43.93978537511,0.));
#5997 = CARTESIAN_POINT('',(-2.498392570523,43.070947124179,22.4));
#5998 = CARTESIAN_POINT('',(-2.498392570523,43.070947124179,0.));
#5999 = CARTESIAN_POINT('',(-3.281566803911,42.235022585415,22.4));
#6000 = CARTESIAN_POINT('',(-3.281566803911,42.235022585415,0.));
#6001 = CARTESIAN_POINT('',(-4.069372766189,41.469303377752,22.4));
#6002 = CARTESIAN_POINT('',(-4.069372766189,41.469303377752,0.));
#6003 = CARTESIAN_POINT('',(-4.8765007459,40.74561387618,22.4));
#6004 = CARTESIAN_POINT('',(-4.8765007459,40.74561387618,0.));
#6005 = CARTESIAN_POINT('',(-5.699801370078,40.058221431601,22.4));
#6006 = CARTESIAN_POINT('',(-5.699801370078,40.058221431601,0.));
#6007 = CARTESIAN_POINT('',(-6.558790753779,39.384819399965,22.4));
#6008 = CARTESIAN_POINT('',(-6.558790753779,39.384819399965,0.));
#6009 = CARTESIAN_POINT('',(-7.405522063,38.754107767438,22.4));
#6010 = CARTESIAN_POINT('',(-7.405522063,38.754107767438,0.));
#6011 = CARTESIAN_POINT('',(-8.25752679159,38.142626696068,22.4));
#6012 = CARTESIAN_POINT('',(-8.25752679159,38.142626696068,0.));
#6013 = CARTESIAN_POINT('',(-9.111349068736,37.545421837831,22.4));
#6014 = CARTESIAN_POINT('',(-9.111349068736,37.545421837831,0.));
#6015 = CARTESIAN_POINT('',(-9.985843080708,36.941997694413,22.4));
#6016 = CARTESIAN_POINT('',(-9.985843080708,36.941997694413,0.));
#6017 = CARTESIAN_POINT('',(-10.83210641026,36.35839735949,22.4));
#6018 = CARTESIAN_POINT('',(-10.83210641026,36.35839735949,0.));
#6019 = CARTESIAN_POINT('',(-11.66781221597,35.774457842286,22.4));
#6020 = CARTESIAN_POINT('',(-11.66781221597,35.774457842286,0.));
#6021 = CARTESIAN_POINT('',(-12.48981151045,35.187985702741,22.4));
#6022 = CARTESIAN_POINT('',(-12.48981151045,35.187985702741,0.));
#6023 = CARTESIAN_POINT('',(-13.31049800229,34.573158429159,22.4));
#6024 = CARTESIAN_POINT('',(-13.31049800229,34.573158429159,0.));
#6025 = CARTESIAN_POINT('',(-14.07495536762,33.949071900713,22.4));
#6026 = CARTESIAN_POINT('',(-14.07495536762,33.949071900713,0.));
#6027 = CARTESIAN_POINT('',(-14.8125587574,33.315567412261,22.4));
#6028 = CARTESIAN_POINT('',(-14.8125587574,33.315567412261,0.));
#6029 = CARTESIAN_POINT('',(-15.51487412301,32.666205696726,22.4));
#6030 = CARTESIAN_POINT('',(-15.51487412301,32.666205696726,0.));
#6031 = CARTESIAN_POINT('',(-16.19407378623,31.981115589511,22.4));
#6032 = CARTESIAN_POINT('',(-16.19407378623,31.981115589511,0.));
#6033 = CARTESIAN_POINT('',(-16.80933405399,31.293525037699,22.4));
#6034 = CARTESIAN_POINT('',(-16.80933405399,31.293525037699,0.));
#6035 = CARTESIAN_POINT('',(-17.37318261742,30.586877866444,22.4));
#6036 = CARTESIAN_POINT('',(-17.37318261742,30.586877866444,0.));
#6037 = CARTESIAN_POINT('',(-17.88058050997,29.860815222065,22.4));
#6038 = CARTESIAN_POINT('',(-17.88058050997,29.860815222065,0.));
#6039 = CARTESIAN_POINT('',(-18.33567036155,29.093691567789,22.4));
#6040 = CARTESIAN_POINT('',(-18.33567036155,29.093691567789,0.));
#6041 = CARTESIAN_POINT('',(-18.70892847985,28.325315392176,22.4));
#6042 = CARTESIAN_POINT('',(-18.70892847985,28.325315392176,0.));
#6043 = CARTESIAN_POINT('',(-19.00830384631,27.538667155581,22.4));
#6044 = CARTESIAN_POINT('',(-19.00830384631,27.538667155581,0.));
#6045 = CARTESIAN_POINT('',(-19.22880951939,26.733974052441,22.4));
#6046 = CARTESIAN_POINT('',(-19.22880951939,26.733974052441,0.));
#6047 = CARTESIAN_POINT('',(-19.36439868879,25.88964232122,22.4));
#6048 = CARTESIAN_POINT('',(-19.36439868879,25.88964232122,0.));
#6049 = CARTESIAN_POINT('',(-19.4012507661,25.051015287954,22.4));
#6050 = CARTESIAN_POINT('',(-19.4012507661,25.051015287954,0.));
#6051 = CARTESIAN_POINT('',(-19.33969987478,24.197968150883,22.4));
#6052 = CARTESIAN_POINT('',(-19.33969987478,24.197968150883,0.));
#6053 = CARTESIAN_POINT('',(-19.17187483901,23.330567638221,22.4));
#6054 = CARTESIAN_POINT('',(-19.17187483901,23.330567638221,0.));
#6055 = CARTESIAN_POINT('',(-18.87744497345,22.430809090169,22.4));
#6056 = CARTESIAN_POINT('',(-18.87744497345,22.430809090169,0.));
#6057 = CARTESIAN_POINT('',(-18.46352781761,21.548826888359,22.4));
#6058 = CARTESIAN_POINT('',(-18.46352781761,21.548826888359,0.));
#6059 = CARTESIAN_POINT('',(-17.9127070047,20.665530665532,22.4));
#6060 = CARTESIAN_POINT('',(-17.9127070047,20.665530665532,0.));
#6061 = CARTESIAN_POINT('',(-17.22819108254,19.771620132071,22.4));
#6062 = CARTESIAN_POINT('',(-17.22819108254,19.771620132071,0.));
#6063 = CARTESIAN_POINT('',(-16.31109164286,18.920932897725,22.4));
#6064 = CARTESIAN_POINT('',(-16.31109164286,18.920932897725,0.));
#6065 = CARTESIAN_POINT('',(-15.25743730433,18.125910419184,22.4));
#6066 = CARTESIAN_POINT('',(-15.25743730433,18.125910419184,0.));
#6067 = CARTESIAN_POINT('',(-14.03073186603,17.366324141475,22.4));
#6068 = CARTESIAN_POINT('',(-14.03073186603,17.366324141475,0.));
#6069 = CARTESIAN_POINT('',(-12.62094233549,16.653364626102,22.4));
#6070 = CARTESIAN_POINT('',(-12.62094233549,16.653364626102,0.));
#6071 = CARTESIAN_POINT('',(-10.97455859382,15.987581002024,22.4));
#6072 = CARTESIAN_POINT('',(-10.97455859382,15.987581002024,0.));
#6073 = CARTESIAN_POINT('',(-9.184262062185,15.416732025714,22.4));
#6074 = CARTESIAN_POINT('',(-9.184262062185,15.416732025714,0.));
#6075 = CARTESIAN_POINT('',(-7.123024699569,14.924290931284,22.4));
#6076 = CARTESIAN_POINT('',(-7.123024699569,14.924290931284,0.));
#6077 = CARTESIAN_POINT('',(-5.085601186932,14.546930286847,22.4));
#6078 = CARTESIAN_POINT('',(-5.085601186932,14.546930286847,0.));
#6079 = CARTESIAN_POINT('',(-1.748830052484,14.216102589103,22.4));
#6080 = CARTESIAN_POINT('',(-1.748830052484,14.216102589103,0.));
#6081 = CARTESIAN_POINT('',(-2.264640390495,14.278715939929,22.4));
#6082 = CARTESIAN_POINT('',(-2.264640390495,14.278715939929,0.));
#6083 = CARTESIAN_POINT('',(0.11052333949,14.150514512404,22.4));
#6084 = CARTESIAN_POINT('',(0.11052333949,14.150514512404,0.));
#6085 = DEFINITIONAL_REPRESENTATION('',(#6086),#6090);
#6086 = LINE('',#6087,#6088);
#6087 = CARTESIAN_POINT('',(0.,0.));
#6088 = VECTOR('',#6089,1.);
#6089 = DIRECTION('',(1.,0.));
#6090 = ( GEOMETRIC_REPRESENTATION_CONTEXT(2) 
PARAMETRIC_REPRESENTATION_CONTEXT() REPRESENTATION_CONTEXT('2D SPACE',''
  ) );
#6091 = ORIENTED_EDGE('',*,*,#6092,.F.);
#6092 = EDGE_CURVE('',#6093,#5875,#6095,.T.);
#6093 = VERTEX_POINT('',#6094);
#6094 = CARTESIAN_POINT('',(1.04227966586,48.488799254035,0.));
#6095 = SURFACE_CURVE('',#6096,(#6100,#6107),.PCURVE_S1.);
#6096 = LINE('',#6097,#6098);
#6097 = CARTESIAN_POINT('',(1.931422756966,50.266755813656,0.));
#6098 = VECTOR('',#6099,1.);
#6099 = DIRECTION('',(-0.447279920407,-0.894394025472,0.));
#6100 = PCURVE('',#224,#6101);
#6101 = DEFINITIONAL_REPRESENTATION('',(#6102),#6106);
#6102 = LINE('',#6103,#6104);
#6103 = CARTESIAN_POINT('',(1.931422756966,50.266755813656));
#6104 = VECTOR('',#6105,1.);
#6105 = DIRECTION('',(-0.447279920407,-0.894394025472));
#6106 = ( GEOMETRIC_REPRESENTATION_CONTEXT(2) 
PARAMETRIC_REPRESENTATION_CONTEXT() REPRESENTATION_CONTEXT('2D SPACE',''
  ) );
#6107 = PCURVE('',#6108,#6113);
#6108 = PLANE('',#6109);
#6109 = AXIS2_PLACEMENT_3D('',#6110,#6111,#6112);
#6110 = CARTESIAN_POINT('',(1.04227966586,48.488799254035,0.));
#6111 = DIRECTION('',(0.894394025472,-0.447279920407,0.));
#6112 = DIRECTION('',(-0.447279920407,-0.894394025472,0.));
#6113 = DEFINITIONAL_REPRESENTATION('',(#6114),#6118);
#6114 = LINE('',#6115,#6116);
#6115 = CARTESIAN_POINT('',(-1.987889575495,0.));
#6116 = VECTOR('',#6117,1.);
#6117 = DIRECTION('',(1.,0.));
#6118 = ( GEOMETRIC_REPRESENTATION_CONTEXT(2) 
PARAMETRIC_REPRESENTATION_CONTEXT() REPRESENTATION_CONTEXT('2D SPACE',''
  ) );
#6119 = ORIENTED_EDGE('',*,*,#6120,.F.);
#6120 = EDGE_CURVE('',#6121,#6093,#6123,.T.);
#6121 = VERTEX_POINT('',#6122);
#6122 = CARTESIAN_POINT('',(23.341552037767,42.513785393307,0.));
#6123 = SURFACE_CURVE('',#6124,(#6129,#6136),.PCURVE_S1.);
#6124 = CIRCLE('',#6125,48.5);
#6125 = AXIS2_PLACEMENT_3D('',#6126,#6127,#6128);
#6126 = CARTESIAN_POINT('',(0.,0.,0.));
#6127 = DIRECTION('',(0.,0.,1.));
#6128 = DIRECTION('',(1.,0.,-0.));
#6129 = PCURVE('',#224,#6130);
#6130 = DEFINITIONAL_REPRESENTATION('',(#6131),#6135);
#6131 = CIRCLE('',#6132,48.5);
#6132 = AXIS2_PLACEMENT_2D('',#6133,#6134);
#6133 = CARTESIAN_POINT('',(0.,-1.204325410458E-15));
#6134 = DIRECTION('',(1.,0.));
#6135 = ( GEOMETRIC_REPRESENTATION_CONTEXT(2) 
PARAMETRIC_REPRESENTATION_CONTEXT() REPRESENTATION_CONTEXT('2D SPACE',''
  ) );
#6136 = PCURVE('',#6137,#6142);
#6137 = CYLINDRICAL_SURFACE('',#6138,48.5);
#6138 = AXIS2_PLACEMENT_3D('',#6139,#6140,#6141);
#6139 = CARTESIAN_POINT('',(0.,0.,0.));
#6140 = DIRECTION('',(-0.,-0.,-1.));
#6141 = DIRECTION('',(1.,0.,-0.));
#6142 = DEFINITIONAL_REPRESENTATION('',(#6143),#6147);
#6143 = LINE('',#6144,#6145);
#6144 = CARTESIAN_POINT('',(-0.,0.));
#6145 = VECTOR('',#6146,1.);
#6146 = DIRECTION('',(-1.,0.));
#6147 = ( GEOMETRIC_REPRESENTATION_CONTEXT(2) 
PARAMETRIC_REPRESENTATION_CONTEXT() REPRESENTATION_CONTEXT('2D SPACE',''
  ) );
#6148 = ORIENTED_EDGE('',*,*,#6149,.F.);
#6149 = EDGE_CURVE('',#5816,#6121,#6150,.T.);
#6150 = SURFACE_CURVE('',#6151,(#6202,#6256),.PCURVE_S1.);
#6151 = B_SPLINE_CURVE_WITH_KNOTS('',3,(#6152,#6153,#6154,#6155,#6156,
    #6157,#6158,#6159,#6160,#6161,#6162,#6163,#6164,#6165,#6166,#6167,
    #6168,#6169,#6170,#6171,#6172,#6173,#6174,#6175,#6176,#6177,#6178,
    #6179,#6180,#6181,#6182,#6183,#6184,#6185,#6186,#6187,#6188,#6189,
    #6190,#6191,#6192,#6193,#6194,#6195,#6196,#6197,#6198,#6199,#6200,
    #6201),.UNSPECIFIED.,.F.,.F.,(4,1,1,1,1,1,1,1,1,1,1,1,1,1,1,1,1,1,1,
    1,1,1,1,1,1,1,1,1,1,1,1,1,1,1,1,1,1,1,1,1,1,1,1,1,1,1,1,4),(0.,
    2.712363629581,5.415653884531,7.889901421053,9.986742084351,
    12.07233621524,13.981450928582,15.730829279285,17.217976489194,
    18.70534511222,20.079261809959,21.357514213245,22.46799558875,
    23.608470848383,24.696515979748,25.743900293344,26.683864297553,
    27.681614976107,28.665922847739,29.643534481927,30.544804484636,
    31.523863593595,32.508882471553,33.502052098633,34.427210166566,
    35.439013636309,36.460687542796,37.491630530293,38.450636928084,
    39.49631232414,40.547756860041,41.603484223464,42.58022774738,
    43.639187672476,44.697549950026,45.75413920775,46.727235587527,
    47.778840627491,48.828245019521,49.876764601754,50.845806288818,
    51.899956703366,52.96296178269,54.040387692291,55.053510242706,
    56.178288511941,57.339605375855,58.548465428582),.UNSPECIFIED.);
#6152 = CARTESIAN_POINT('',(5.529026724089,9.797601881507,0.));
#6153 = CARTESIAN_POINT('',(4.833366350674,10.345539036895,0.));
#6154 = CARTESIAN_POINT('',(3.370781590338,11.450938713599,0.));
#6155 = CARTESIAN_POINT('',(1.413761326837,13.19562774261,0.));
#6156 = CARTESIAN_POINT('',(-0.30496895328,14.911589339011,0.));
#6157 = CARTESIAN_POINT('',(-1.76719529979,16.581959361084,0.));
#6158 = CARTESIAN_POINT('',(-2.997759635157,18.199635742592,0.));
#6159 = CARTESIAN_POINT('',(-4.03637289083,19.810540959506,0.));
#6160 = CARTESIAN_POINT('',(-4.843694141498,21.326414098636,0.));
#6161 = CARTESIAN_POINT('',(-5.461718237415,22.776559450227,0.));
#6162 = CARTESIAN_POINT('',(-5.906550636066,24.15910195699,0.));
#6163 = CARTESIAN_POINT('',(-6.1917282739,25.510241545874,0.));
#6164 = CARTESIAN_POINT('',(-6.383282057059,26.75166161241,0.));
#6165 = CARTESIAN_POINT('',(-6.416304033174,27.930413924727,0.));
#6166 = CARTESIAN_POINT('',(-6.323080581103,29.042070284318,0.));
#6167 = CARTESIAN_POINT('',(-6.097008317883,30.11332516981,0.));
#6168 = CARTESIAN_POINT('',(-5.761512528428,31.08482598349,0.));
#6169 = CARTESIAN_POINT('',(-5.326392193236,31.981972218178,0.));
#6170 = CARTESIAN_POINT('',(-4.801705055154,32.805312985843,0.));
#6171 = CARTESIAN_POINT('',(-4.178088757613,33.572404276955,0.));
#6172 = CARTESIAN_POINT('',(-3.498364438566,34.244856567187,0.));
#6173 = CARTESIAN_POINT('',(-2.758956728743,34.84745027141,0.));
#6174 = CARTESIAN_POINT('',(-1.967088237349,35.383717591732,0.));
#6175 = CARTESIAN_POINT('',(-1.106869466628,35.867159894472,0.));
#6176 = CARTESIAN_POINT('',(-0.229493195474,36.277492664926,0.));
#6177 = CARTESIAN_POINT('',(0.680228233441,36.634410159827,0.));
#6178 = CARTESIAN_POINT('',(1.6176682006,36.942330128601,0.));
#6179 = CARTESIAN_POINT('',(2.603489536453,37.21131071782,0.));
#6180 = CARTESIAN_POINT('',(3.582926913784,37.432619132565,0.));
#6181 = CARTESIAN_POINT('',(4.577182909576,37.621674482616,0.));
#6182 = CARTESIAN_POINT('',(5.583957583884,37.777775405562,0.));
#6183 = CARTESIAN_POINT('',(6.623650097623,37.931129238423,0.));
#6184 = CARTESIAN_POINT('',(7.642479259242,38.068234915493,0.));
#6185 = CARTESIAN_POINT('',(8.665423025074,38.192710682208,0.));
#6186 = CARTESIAN_POINT('',(9.689887470247,38.311731839172,0.));
#6187 = CARTESIAN_POINT('',(10.740782885586,38.433885635818,0.));
#6188 = CARTESIAN_POINT('',(11.762482203046,38.559275117344,0.));
#6189 = CARTESIAN_POINT('',(12.780370865603,38.696746544464,0.));
#6190 = CARTESIAN_POINT('',(13.793344590823,38.851853946383,0.));
#6191 = CARTESIAN_POINT('',(14.8269933562,39.03630847773,0.));
#6192 = CARTESIAN_POINT('',(15.827595853223,39.246839403708,0.));
#6193 = CARTESIAN_POINT('',(16.821743379406,39.49294899584,0.));
#6194 = CARTESIAN_POINT('',(17.809784214831,39.780112738875,0.));
#6195 = CARTESIAN_POINT('',(18.818188550672,40.125342721534,0.));
#6196 = CARTESIAN_POINT('',(19.792661833242,40.515064981007,0.));
#6197 = CARTESIAN_POINT('',(20.772760977167,40.969244280757,0.));
#6198 = CARTESIAN_POINT('',(21.716749815238,41.467069330388,0.));
#6199 = CARTESIAN_POINT('',(22.826097820208,42.140947464525,0.));
#6200 = CARTESIAN_POINT('',(23.186487547616,42.409025518776,0.));
#6201 = CARTESIAN_POINT('',(23.713294077526,42.770945904681,0.));
#6202 = PCURVE('',#224,#6203);
#6203 = DEFINITIONAL_REPRESENTATION('',(#6204),#6255);
#6204 = B_SPLINE_CURVE_WITH_KNOTS('',3,(#6205,#6206,#6207,#6208,#6209,
    #6210,#6211,#6212,#6213,#6214,#6215,#6216,#6217,#6218,#6219,#6220,
    #6221,#6222,#6223,#6224,#6225,#6226,#6227,#6228,#6229,#6230,#6231,
    #6232,#6233,#6234,#6235,#6236,#6237,#6238,#6239,#6240,#6241,#6242,
    #6243,#6244,#6245,#6246,#6247,#6248,#6249,#6250,#6251,#6252,#6253,
    #6254),.UNSPECIFIED.,.F.,.F.,(4,1,1,1,1,1,1,1,1,1,1,1,1,1,1,1,1,1,1,
    1,1,1,1,1,1,1,1,1,1,1,1,1,1,1,1,1,1,1,1,1,1,1,1,1,1,1,1,4),(0.,
    2.712363629581,5.415653884531,7.889901421053,9.986742084351,
    12.07233621524,13.981450928582,15.730829279285,17.217976489194,
    18.70534511222,20.079261809959,21.357514213245,22.46799558875,
    23.608470848383,24.696515979748,25.743900293344,26.683864297553,
    27.681614976107,28.665922847739,29.643534481927,30.544804484636,
    31.523863593595,32.508882471553,33.502052098633,34.427210166566,
    35.439013636309,36.460687542796,37.491630530293,38.450636928084,
    39.49631232414,40.547756860041,41.603484223464,42.58022774738,
    43.639187672476,44.697549950026,45.75413920775,46.727235587527,
    47.778840627491,48.828245019521,49.876764601754,50.845806288818,
    51.899956703366,52.96296178269,54.040387692291,55.053510242706,
    56.178288511941,57.339605375855,58.548465428582),.UNSPECIFIED.);
#6205 = CARTESIAN_POINT('',(5.529026724089,9.797601881507));
#6206 = CARTESIAN_POINT('',(4.833366350674,10.345539036895));
#6207 = CARTESIAN_POINT('',(3.370781590338,11.450938713599));
#6208 = CARTESIAN_POINT('',(1.413761326837,13.19562774261));
#6209 = CARTESIAN_POINT('',(-0.30496895328,14.911589339011));
#6210 = CARTESIAN_POINT('',(-1.76719529979,16.581959361084));
#6211 = CARTESIAN_POINT('',(-2.997759635157,18.199635742592));
#6212 = CARTESIAN_POINT('',(-4.03637289083,19.810540959506));
#6213 = CARTESIAN_POINT('',(-4.843694141498,21.326414098636));
#6214 = CARTESIAN_POINT('',(-5.461718237415,22.776559450227));
#6215 = CARTESIAN_POINT('',(-5.906550636066,24.15910195699));
#6216 = CARTESIAN_POINT('',(-6.1917282739,25.510241545874));
#6217 = CARTESIAN_POINT('',(-6.383282057059,26.75166161241));
#6218 = CARTESIAN_POINT('',(-6.416304033174,27.930413924727));
#6219 = CARTESIAN_POINT('',(-6.323080581103,29.042070284318));
#6220 = CARTESIAN_POINT('',(-6.097008317883,30.11332516981));
#6221 = CARTESIAN_POINT('',(-5.761512528428,31.08482598349));
#6222 = CARTESIAN_POINT('',(-5.326392193236,31.981972218178));
#6223 = CARTESIAN_POINT('',(-4.801705055154,32.805312985843));
#6224 = CARTESIAN_POINT('',(-4.178088757613,33.572404276955));
#6225 = CARTESIAN_POINT('',(-3.498364438566,34.244856567187));
#6226 = CARTESIAN_POINT('',(-2.758956728743,34.84745027141));
#6227 = CARTESIAN_POINT('',(-1.967088237349,35.383717591732));
#6228 = CARTESIAN_POINT('',(-1.106869466628,35.867159894472));
#6229 = CARTESIAN_POINT('',(-0.229493195474,36.277492664926));
#6230 = CARTESIAN_POINT('',(0.680228233441,36.634410159827));
#6231 = CARTESIAN_POINT('',(1.6176682006,36.942330128601));
#6232 = CARTESIAN_POINT('',(2.603489536453,37.21131071782));
#6233 = CARTESIAN_POINT('',(3.582926913784,37.432619132565));
#6234 = CARTESIAN_POINT('',(4.577182909576,37.621674482616));
#6235 = CARTESIAN_POINT('',(5.583957583884,37.777775405562));
#6236 = CARTESIAN_POINT('',(6.623650097623,37.931129238423));
#6237 = CARTESIAN_POINT('',(7.642479259242,38.068234915493));
#6238 = CARTESIAN_POINT('',(8.665423025074,38.192710682208));
#6239 = CARTESIAN_POINT('',(9.689887470247,38.311731839172));
#6240 = CARTESIAN_POINT('',(10.740782885586,38.433885635818));
#6241 = CARTESIAN_POINT('',(11.762482203046,38.559275117344));
#6242 = CARTESIAN_POINT('',(12.780370865603,38.696746544464));
#6243 = CARTESIAN_POINT('',(13.793344590823,38.851853946383));
#6244 = CARTESIAN_POINT('',(14.8269933562,39.03630847773));
#6245 = CARTESIAN_POINT('',(15.827595853223,39.246839403708));
#6246 = CARTESIAN_POINT('',(16.821743379406,39.49294899584));
#6247 = CARTESIAN_POINT('',(17.809784214831,39.780112738875));
#6248 = CARTESIAN_POINT('',(18.818188550672,40.125342721534));
#6249 = CARTESIAN_POINT('',(19.792661833242,40.515064981007));
#6250 = CARTESIAN_POINT('',(20.772760977167,40.969244280757));
#6251 = CARTESIAN_POINT('',(21.716749815238,41.467069330388));
#6252 = CARTESIAN_POINT('',(22.826097820208,42.140947464525));
#6253 = CARTESIAN_POINT('',(23.186487547616,42.409025518776));
#6254 = CARTESIAN_POINT('',(23.713294077526,42.770945904681));
#6255 = ( GEOMETRIC_REPRESENTATION_CONTEXT(2) 
PARAMETRIC_REPRESENTATION_CONTEXT() REPRESENTATION_CONTEXT('2D SPACE',''
  ) );
#6256 = PCURVE('',#6257,#6358);
#6257 = B_SPLINE_SURFACE_WITH_KNOTS('',3,1,(
    (#6258,#6259)
    ,(#6260,#6261)
    ,(#6262,#6263)
    ,(#6264,#6265)
    ,(#6266,#6267)
    ,(#6268,#6269)
    ,(#6270,#6271)
    ,(#6272,#6273)
    ,(#6274,#6275)
    ,(#6276,#6277)
    ,(#6278,#6279)
    ,(#6280,#6281)
    ,(#6282,#6283)
    ,(#6284,#6285)
    ,(#6286,#6287)
    ,(#6288,#6289)
    ,(#6290,#6291)
    ,(#6292,#6293)
    ,(#6294,#6295)
    ,(#6296,#6297)
    ,(#6298,#6299)
    ,(#6300,#6301)
    ,(#6302,#6303)
    ,(#6304,#6305)
    ,(#6306,#6307)
    ,(#6308,#6309)
    ,(#6310,#6311)
    ,(#6312,#6313)
    ,(#6314,#6315)
    ,(#6316,#6317)
    ,(#6318,#6319)
    ,(#6320,#6321)
    ,(#6322,#6323)
    ,(#6324,#6325)
    ,(#6326,#6327)
    ,(#6328,#6329)
    ,(#6330,#6331)
    ,(#6332,#6333)
    ,(#6334,#6335)
    ,(#6336,#6337)
    ,(#6338,#6339)
    ,(#6340,#6341)
    ,(#6342,#6343)
    ,(#6344,#6345)
    ,(#6346,#6347)
    ,(#6348,#6349)
    ,(#6350,#6351)
    ,(#6352,#6353)
    ,(#6354,#6355)
    ,(#6356,#6357
    )),.UNSPECIFIED.,.F.,.F.,.F.,(4,1,1,1,1,1,1,1,1,1,1,1,1,1,1,1,1,1,1,
    1,1,1,1,1,1,1,1,1,1,1,1,1,1,1,1,1,1,1,1,1,1,1,1,1,1,1,1,4),(2,2),(0.
    ,2.712363629581,5.415653884531,7.889901421053,9.986742084351,
    12.07233621524,13.981450928582,15.730829279285,17.217976489194,
    18.70534511222,20.079261809959,21.357514213245,22.46799558875,
    23.608470848383,24.696515979748,25.743900293344,26.683864297553,
    27.681614976107,28.665922847739,29.643534481927,30.544804484636,
    31.523863593595,32.508882471553,33.502052098633,34.427210166566,
    35.439013636309,36.460687542796,37.491630530293,38.450636928084,
    39.49631232414,40.547756860041,41.603484223464,42.58022774738,
    43.639187672476,44.697549950026,45.75413920775,46.727235587527,
    47.778840627491,48.828245019521,49.876764601754,50.845806288818,
    51.899956703366,52.96296178269,54.040387692291,55.053510242706,
    56.178288511941,57.339605375855,58.548465428582),(-22.4,0.),
  .UNSPECIFIED.);
#6258 = CARTESIAN_POINT('',(5.529026724089,9.797601881507,22.4));
#6259 = CARTESIAN_POINT('',(5.529026724089,9.797601881507,0.));
#6260 = CARTESIAN_POINT('',(4.833366350674,10.345539036895,22.4));
#6261 = CARTESIAN_POINT('',(4.833366350674,10.345539036895,0.));
#6262 = CARTESIAN_POINT('',(3.370781590338,11.450938713599,22.4));
#6263 = CARTESIAN_POINT('',(3.370781590338,11.450938713599,0.));
#6264 = CARTESIAN_POINT('',(1.413761326837,13.19562774261,22.4));
#6265 = CARTESIAN_POINT('',(1.413761326837,13.19562774261,0.));
#6266 = CARTESIAN_POINT('',(-0.30496895328,14.911589339011,22.4));
#6267 = CARTESIAN_POINT('',(-0.30496895328,14.911589339011,0.));
#6268 = CARTESIAN_POINT('',(-1.76719529979,16.581959361084,22.4));
#6269 = CARTESIAN_POINT('',(-1.76719529979,16.581959361084,0.));
#6270 = CARTESIAN_POINT('',(-2.997759635157,18.199635742592,22.4));
#6271 = CARTESIAN_POINT('',(-2.997759635157,18.199635742592,0.));
#6272 = CARTESIAN_POINT('',(-4.03637289083,19.810540959506,22.4));
#6273 = CARTESIAN_POINT('',(-4.03637289083,19.810540959506,0.));
#6274 = CARTESIAN_POINT('',(-4.843694141498,21.326414098636,22.4));
#6275 = CARTESIAN_POINT('',(-4.843694141498,21.326414098636,0.));
#6276 = CARTESIAN_POINT('',(-5.461718237415,22.776559450227,22.4));
#6277 = CARTESIAN_POINT('',(-5.461718237415,22.776559450227,0.));
#6278 = CARTESIAN_POINT('',(-5.906550636066,24.15910195699,22.4));
#6279 = CARTESIAN_POINT('',(-5.906550636066,24.15910195699,0.));
#6280 = CARTESIAN_POINT('',(-6.1917282739,25.510241545874,22.4));
#6281 = CARTESIAN_POINT('',(-6.1917282739,25.510241545874,0.));
#6282 = CARTESIAN_POINT('',(-6.383282057059,26.75166161241,22.4));
#6283 = CARTESIAN_POINT('',(-6.383282057059,26.75166161241,0.));
#6284 = CARTESIAN_POINT('',(-6.416304033174,27.930413924727,22.4));
#6285 = CARTESIAN_POINT('',(-6.416304033174,27.930413924727,0.));
#6286 = CARTESIAN_POINT('',(-6.323080581103,29.042070284318,22.4));
#6287 = CARTESIAN_POINT('',(-6.323080581103,29.042070284318,0.));
#6288 = CARTESIAN_POINT('',(-6.097008317883,30.11332516981,22.4));
#6289 = CARTESIAN_POINT('',(-6.097008317883,30.11332516981,0.));
#6290 = CARTESIAN_POINT('',(-5.761512528428,31.08482598349,22.4));
#6291 = CARTESIAN_POINT('',(-5.761512528428,31.08482598349,0.));
#6292 = CARTESIAN_POINT('',(-5.326392193236,31.981972218178,22.4));
#6293 = CARTESIAN_POINT('',(-5.326392193236,31.981972218178,0.));
#6294 = CARTESIAN_POINT('',(-4.801705055154,32.805312985843,22.4));
#6295 = CARTESIAN_POINT('',(-4.801705055154,32.805312985843,0.));
#6296 = CARTESIAN_POINT('',(-4.178088757613,33.572404276955,22.4));
#6297 = CARTESIAN_POINT('',(-4.178088757613,33.572404276955,0.));
#6298 = CARTESIAN_POINT('',(-3.498364438566,34.244856567187,22.4));
#6299 = CARTESIAN_POINT('',(-3.498364438566,34.244856567187,0.));
#6300 = CARTESIAN_POINT('',(-2.758956728743,34.84745027141,22.4));
#6301 = CARTESIAN_POINT('',(-2.758956728743,34.84745027141,0.));
#6302 = CARTESIAN_POINT('',(-1.967088237349,35.383717591732,22.4));
#6303 = CARTESIAN_POINT('',(-1.967088237349,35.383717591732,0.));
#6304 = CARTESIAN_POINT('',(-1.106869466628,35.867159894472,22.4));
#6305 = CARTESIAN_POINT('',(-1.106869466628,35.867159894472,0.));
#6306 = CARTESIAN_POINT('',(-0.229493195474,36.277492664926,22.4));
#6307 = CARTESIAN_POINT('',(-0.229493195474,36.277492664926,0.));
#6308 = CARTESIAN_POINT('',(0.680228233441,36.634410159827,22.4));
#6309 = CARTESIAN_POINT('',(0.680228233441,36.634410159827,0.));
#6310 = CARTESIAN_POINT('',(1.6176682006,36.942330128601,22.4));
#6311 = CARTESIAN_POINT('',(1.6176682006,36.942330128601,0.));
#6312 = CARTESIAN_POINT('',(2.603489536453,37.21131071782,22.4));
#6313 = CARTESIAN_POINT('',(2.603489536453,37.21131071782,0.));
#6314 = CARTESIAN_POINT('',(3.582926913784,37.432619132565,22.4));
#6315 = CARTESIAN_POINT('',(3.582926913784,37.432619132565,0.));
#6316 = CARTESIAN_POINT('',(4.577182909576,37.621674482616,22.4));
#6317 = CARTESIAN_POINT('',(4.577182909576,37.621674482616,0.));
#6318 = CARTESIAN_POINT('',(5.583957583884,37.777775405562,22.4));
#6319 = CARTESIAN_POINT('',(5.583957583884,37.777775405562,0.));
#6320 = CARTESIAN_POINT('',(6.623650097623,37.931129238423,22.4));
#6321 = CARTESIAN_POINT('',(6.623650097623,37.931129238423,0.));
#6322 = CARTESIAN_POINT('',(7.642479259242,38.068234915493,22.4));
#6323 = CARTESIAN_POINT('',(7.642479259242,38.068234915493,0.));
#6324 = CARTESIAN_POINT('',(8.665423025074,38.192710682208,22.4));
#6325 = CARTESIAN_POINT('',(8.665423025074,38.192710682208,0.));
#6326 = CARTESIAN_POINT('',(9.689887470247,38.311731839172,22.4));
#6327 = CARTESIAN_POINT('',(9.689887470247,38.311731839172,0.));
#6328 = CARTESIAN_POINT('',(10.740782885586,38.433885635818,22.4));
#6329 = CARTESIAN_POINT('',(10.740782885586,38.433885635818,0.));
#6330 = CARTESIAN_POINT('',(11.762482203046,38.559275117344,22.4));
#6331 = CARTESIAN_POINT('',(11.762482203046,38.559275117344,0.));
#6332 = CARTESIAN_POINT('',(12.780370865603,38.696746544464,22.4));
#6333 = CARTESIAN_POINT('',(12.780370865603,38.696746544464,0.));
#6334 = CARTESIAN_POINT('',(13.793344590823,38.851853946383,22.4));
#6335 = CARTESIAN_POINT('',(13.793344590823,38.851853946383,0.));
#6336 = CARTESIAN_POINT('',(14.8269933562,39.03630847773,22.4));
#6337 = CARTESIAN_POINT('',(14.8269933562,39.03630847773,0.));
#6338 = CARTESIAN_POINT('',(15.827595853223,39.246839403708,22.4));
#6339 = CARTESIAN_POINT('',(15.827595853223,39.246839403708,0.));
#6340 = CARTESIAN_POINT('',(16.821743379406,39.49294899584,22.4));
#6341 = CARTESIAN_POINT('',(16.821743379406,39.49294899584,0.));
#6342 = CARTESIAN_POINT('',(17.809784214831,39.780112738875,22.4));
#6343 = CARTESIAN_POINT('',(17.809784214831,39.780112738875,0.));
#6344 = CARTESIAN_POINT('',(18.818188550672,40.125342721534,22.4));
#6345 = CARTESIAN_POINT('',(18.818188550672,40.125342721534,0.));
#6346 = CARTESIAN_POINT('',(19.792661833242,40.515064981007,22.4));
#6347 = CARTESIAN_POINT('',(19.792661833242,40.515064981007,0.));
#6348 = CARTESIAN_POINT('',(20.772760977167,40.969244280757,22.4));
#6349 = CARTESIAN_POINT('',(20.772760977167,40.969244280757,0.));
#6350 = CARTESIAN_POINT('',(21.716749815238,41.467069330388,22.4));
#6351 = CARTESIAN_POINT('',(21.716749815238,41.467069330388,0.));
#6352 = CARTESIAN_POINT('',(22.826097820208,42.140947464525,22.4));
#6353 = CARTESIAN_POINT('',(22.826097820208,42.140947464525,0.));
#6354 = CARTESIAN_POINT('',(23.186487547616,42.409025518776,22.4));
#6355 = CARTESIAN_POINT('',(23.186487547616,42.409025518776,0.));
#6356 = CARTESIAN_POINT('',(23.713294077526,42.770945904681,22.4));
#6357 = CARTESIAN_POINT('',(23.713294077526,42.770945904681,0.));
#6358 = DEFINITIONAL_REPRESENTATION('',(#6359),#6363);
#6359 = LINE('',#6360,#6361);
#6360 = CARTESIAN_POINT('',(0.,0.));
#6361 = VECTOR('',#6362,1.);
#6362 = DIRECTION('',(1.,0.));
#6363 = ( GEOMETRIC_REPRESENTATION_CONTEXT(2) 
PARAMETRIC_REPRESENTATION_CONTEXT() REPRESENTATION_CONTEXT('2D SPACE',''
  ) );
#6364 = FACE_BOUND('',#6365,.F.);
#6365 = EDGE_LOOP('',(#6366,#6397,#6425,#6643,#6671,#6700));
#6366 = ORIENTED_EDGE('',*,*,#6367,.T.);
#6367 = EDGE_CURVE('',#6368,#6370,#6372,.T.);
#6368 = VERTEX_POINT('',#6369);
#6369 = CARTESIAN_POINT('',(8.156397843108,9.734637857925,0.));
#6370 = VERTEX_POINT('',#6371);
#6371 = CARTESIAN_POINT('',(6.445475554358,10.942844460111,0.));
#6372 = SURFACE_CURVE('',#6373,(#6378,#6385),.PCURVE_S1.);
#6373 = CIRCLE('',#6374,12.7);
#6374 = AXIS2_PLACEMENT_3D('',#6375,#6376,#6377);
#6375 = CARTESIAN_POINT('',(0.,0.,0.));
#6376 = DIRECTION('',(0.,0.,1.));
#6377 = DIRECTION('',(1.,0.,-0.));
#6378 = PCURVE('',#224,#6379);
#6379 = DEFINITIONAL_REPRESENTATION('',(#6380),#6384);
#6380 = CIRCLE('',#6381,12.7);
#6381 = AXIS2_PLACEMENT_2D('',#6382,#6383);
#6382 = CARTESIAN_POINT('',(0.,-1.204325410458E-15));
#6383 = DIRECTION('',(1.,0.));
#6384 = ( GEOMETRIC_REPRESENTATION_CONTEXT(2) 
PARAMETRIC_REPRESENTATION_CONTEXT() REPRESENTATION_CONTEXT('2D SPACE',''
  ) );
#6385 = PCURVE('',#6386,#6391);
#6386 = CYLINDRICAL_SURFACE('',#6387,12.7);
#6387 = AXIS2_PLACEMENT_3D('',#6388,#6389,#6390);
#6388 = CARTESIAN_POINT('',(0.,0.,0.));
#6389 = DIRECTION('',(-0.,-0.,-1.));
#6390 = DIRECTION('',(1.,0.,-0.));
#6391 = DEFINITIONAL_REPRESENTATION('',(#6392),#6396);
#6392 = LINE('',#6393,#6394);
#6393 = CARTESIAN_POINT('',(-0.,0.));
#6394 = VECTOR('',#6395,1.);
#6395 = DIRECTION('',(-1.,0.));
#6396 = ( GEOMETRIC_REPRESENTATION_CONTEXT(2) 
PARAMETRIC_REPRESENTATION_CONTEXT() REPRESENTATION_CONTEXT('2D SPACE',''
  ) );
#6397 = ORIENTED_EDGE('',*,*,#6398,.F.);
#6398 = EDGE_CURVE('',#6399,#6370,#6401,.T.);
#6399 = VERTEX_POINT('',#6400);
#6400 = CARTESIAN_POINT('',(7.170973275911,12.199443374617,0.));
#6401 = SURFACE_CURVE('',#6402,(#6406,#6413),.PCURVE_S1.);
#6402 = LINE('',#6403,#6404);
#6403 = CARTESIAN_POINT('',(7.170973275911,12.199443374617,0.));
#6404 = VECTOR('',#6405,1.);
#6405 = DIRECTION('',(-0.5,-0.866025403784,0.));
#6406 = PCURVE('',#224,#6407);
#6407 = DEFINITIONAL_REPRESENTATION('',(#6408),#6412);
#6408 = LINE('',#6409,#6410);
#6409 = CARTESIAN_POINT('',(7.170973275911,12.199443374617));
#6410 = VECTOR('',#6411,1.);
#6411 = DIRECTION('',(-0.5,-0.866025403784));
#6412 = ( GEOMETRIC_REPRESENTATION_CONTEXT(2) 
PARAMETRIC_REPRESENTATION_CONTEXT() REPRESENTATION_CONTEXT('2D SPACE',''
  ) );
#6413 = PCURVE('',#6414,#6419);
#6414 = PLANE('',#6415);
#6415 = AXIS2_PLACEMENT_3D('',#6416,#6417,#6418);
#6416 = CARTESIAN_POINT('',(7.170973275911,12.199443374617,0.));
#6417 = DIRECTION('',(0.866025403784,-0.5,0.));
#6418 = DIRECTION('',(-0.5,-0.866025403784,0.));
#6419 = DEFINITIONAL_REPRESENTATION('',(#6420),#6424);
#6420 = LINE('',#6421,#6422);
#6421 = CARTESIAN_POINT('',(0.,0.));
#6422 = VECTOR('',#6423,1.);
#6423 = DIRECTION('',(1.,0.));
#6424 = ( GEOMETRIC_REPRESENTATION_CONTEXT(2) 
PARAMETRIC_REPRESENTATION_CONTEXT() REPRESENTATION_CONTEXT('2D SPACE',''
  ) );
#6425 = ORIENTED_EDGE('',*,*,#6426,.F.);
#6426 = EDGE_CURVE('',#6427,#6399,#6429,.T.);
#6427 = VERTEX_POINT('',#6428);
#6428 = CARTESIAN_POINT('',(24.786705922474,41.233518262409,0.));
#6429 = SURFACE_CURVE('',#6430,(#6481,#6535),.PCURVE_S1.);
#6430 = B_SPLINE_CURVE_WITH_KNOTS('',3,(#6431,#6432,#6433,#6434,#6435,
    #6436,#6437,#6438,#6439,#6440,#6441,#6442,#6443,#6444,#6445,#6446,
    #6447,#6448,#6449,#6450,#6451,#6452,#6453,#6454,#6455,#6456,#6457,
    #6458,#6459,#6460,#6461,#6462,#6463,#6464,#6465,#6466,#6467,#6468,
    #6469,#6470,#6471,#6472,#6473,#6474,#6475,#6476,#6477,#6478,#6479,
    #6480),.UNSPECIFIED.,.F.,.F.,(4,1,1,1,1,1,1,1,1,1,1,1,1,1,1,1,1,1,1,
    1,1,1,1,1,1,1,1,1,1,1,1,1,1,1,1,1,1,1,1,1,1,1,1,1,1,1,1,4),(0.,
    1.310275187177,2.575554712222,3.800853833955,4.902089094641,
    6.06831455688,7.21183434275,8.337173980858,9.363078484396,
    10.46331856218,11.554153671202,12.637112639117,13.630528059043,
    14.700223728197,15.762924250692,16.817962772309,17.784172052652,
    18.821404601302,19.84721146813,20.859830292326,21.78133906864,
    22.763820637486,23.728524475563,24.674422276675,25.530408882817,
    26.439181751574,27.329575345756,28.203542707491,28.998544434436,
    29.851442200626,30.702034885941,31.558695680793,32.363786840272,
    33.262555459008,34.202118316714,35.196909054575,36.177314147534,
    37.320972597039,38.563122142845,39.916198777823,41.276469790388,
    42.885560125174,44.651495886816,46.590899109622,48.549892956214,
    50.871342573664,53.417826896227,55.987800380247),.UNSPECIFIED.);
#6431 = CARTESIAN_POINT('',(24.786705922474,41.233518262409,0.));
#6432 = CARTESIAN_POINT('',(24.421224895251,41.001093767385,0.));
#6433 = CARTESIAN_POINT('',(23.701898124307,40.521998921888,0.));
#6434 = CARTESIAN_POINT('',(22.593227632672,39.910583893974,0.));
#6435 = CARTESIAN_POINT('',(21.516084572901,39.385684309033,0.));
#6436 = CARTESIAN_POINT('',(20.442096759859,38.935043761803,0.));
#6437 = CARTESIAN_POINT('',(19.37180212739,38.549730659857,0.));
#6438 = CARTESIAN_POINT('',(18.275591076305,38.217385890334,0.));
#6439 = CARTESIAN_POINT('',(17.210471495888,37.948156585472,0.));
#6440 = CARTESIAN_POINT('',(16.149633410567,37.724987082514,0.));
#6441 = CARTESIAN_POINT('',(15.092937932788,37.541338075228,0.));
#6442 = CARTESIAN_POINT('',(14.012330289104,37.387649500721,0.));
#6443 = CARTESIAN_POINT('',(12.963683648875,37.264802859101,0.));
#6444 = CARTESIAN_POINT('',(11.920085374087,37.161247081657,0.));
#6445 = CARTESIAN_POINT('',(10.882051162642,37.070963641732,0.));
#6446 = CARTESIAN_POINT('',(9.823005061108,36.985630010262,0.));
#6447 = CARTESIAN_POINT('',(8.79831935196,36.90334895934,0.));
#6448 = CARTESIAN_POINT('',(7.782607135522,36.815495406022,0.));
#6449 = CARTESIAN_POINT('',(6.777498794842,36.718595281802,0.));
#6450 = CARTESIAN_POINT('',(5.759349807569,36.596482489864,0.));
#6451 = CARTESIAN_POINT('',(4.785267044861,36.438236384735,0.));
#6452 = CARTESIAN_POINT('',(3.829731527171,36.258407099212,0.));
#6453 = CARTESIAN_POINT('',(2.896827721317,36.047201040118,0.));
#6454 = CARTESIAN_POINT('',(1.966078505113,35.793495435002,0.));
#6455 = CARTESIAN_POINT('',(1.089452207395,35.505654683606,0.));
#6456 = CARTESIAN_POINT('',(0.247821441944,35.175604563506,0.));
#6457 = CARTESIAN_POINT('',(-0.554629345014,34.800514815006,0.));
#6458 = CARTESIAN_POINT('',(-1.332310544627,34.36371116835,0.));
#6459 = CARTESIAN_POINT('',(-2.039749645056,33.88490693976,0.));
#6460 = CARTESIAN_POINT('',(-2.692340435974,33.353337266256,0.));
#6461 = CARTESIAN_POINT('',(-3.285650502111,32.766705433227,0.));
#6462 = CARTESIAN_POINT('',(-3.825240032897,32.103287289468,0.));
#6463 = CARTESIAN_POINT('',(-4.276468384663,31.395441013013,0.));
#6464 = CARTESIAN_POINT('',(-4.64968731769,30.625905076025,0.));
#6465 = CARTESIAN_POINT('',(-4.938046829651,29.790801678918,0.));
#6466 = CARTESIAN_POINT('',(-5.132942360467,28.864372986251,0.));
#6467 = CARTESIAN_POINT('',(-5.215470689358,27.893595415882,0.));
#6468 = CARTESIAN_POINT('',(-5.180093983858,26.853228041391,0.));
#6469 = CARTESIAN_POINT('',(-5.034241072697,25.736820849619,0.));
#6470 = CARTESIAN_POINT('',(-4.665353277316,24.541554374165,0.));
#6471 = CARTESIAN_POINT('',(-4.150373092614,23.326217541903,0.));
#6472 = CARTESIAN_POINT('',(-3.467808158938,22.055043809891,0.));
#6473 = CARTESIAN_POINT('',(-2.603374369183,20.732707992435,0.));
#6474 = CARTESIAN_POINT('',(-1.51045603656,19.332930589726,0.));
#6475 = CARTESIAN_POINT('',(-0.245438248009,17.943412608698,0.));
#6476 = CARTESIAN_POINT('',(1.293425124031,16.486327429746,0.));
#6477 = CARTESIAN_POINT('',(2.869205322024,15.140811768957,0.));
#6478 = CARTESIAN_POINT('',(5.593520042199,13.185921011211,0.));
#6479 = CARTESIAN_POINT('',(5.17812186136,13.498050932648,0.));
#6480 = CARTESIAN_POINT('',(7.170973275911,12.199443374617,0.));
#6481 = PCURVE('',#224,#6482);
#6482 = DEFINITIONAL_REPRESENTATION('',(#6483),#6534);
#6483 = B_SPLINE_CURVE_WITH_KNOTS('',3,(#6484,#6485,#6486,#6487,#6488,
    #6489,#6490,#6491,#6492,#6493,#6494,#6495,#6496,#6497,#6498,#6499,
    #6500,#6501,#6502,#6503,#6504,#6505,#6506,#6507,#6508,#6509,#6510,
    #6511,#6512,#6513,#6514,#6515,#6516,#6517,#6518,#6519,#6520,#6521,
    #6522,#6523,#6524,#6525,#6526,#6527,#6528,#6529,#6530,#6531,#6532,
    #6533),.UNSPECIFIED.,.F.,.F.,(4,1,1,1,1,1,1,1,1,1,1,1,1,1,1,1,1,1,1,
    1,1,1,1,1,1,1,1,1,1,1,1,1,1,1,1,1,1,1,1,1,1,1,1,1,1,1,1,4),(0.,
    1.310275187177,2.575554712222,3.800853833955,4.902089094641,
    6.06831455688,7.21183434275,8.337173980858,9.363078484396,
    10.46331856218,11.554153671202,12.637112639117,13.630528059043,
    14.700223728197,15.762924250692,16.817962772309,17.784172052652,
    18.821404601302,19.84721146813,20.859830292326,21.78133906864,
    22.763820637486,23.728524475563,24.674422276675,25.530408882817,
    26.439181751574,27.329575345756,28.203542707491,28.998544434436,
    29.851442200626,30.702034885941,31.558695680793,32.363786840272,
    33.262555459008,34.202118316714,35.196909054575,36.177314147534,
    37.320972597039,38.563122142845,39.916198777823,41.276469790388,
    42.885560125174,44.651495886816,46.590899109622,48.549892956214,
    50.871342573664,53.417826896227,55.987800380247),.UNSPECIFIED.);
#6484 = CARTESIAN_POINT('',(24.786705922474,41.233518262409));
#6485 = CARTESIAN_POINT('',(24.421224895251,41.001093767385));
#6486 = CARTESIAN_POINT('',(23.701898124307,40.521998921888));
#6487 = CARTESIAN_POINT('',(22.593227632672,39.910583893974));
#6488 = CARTESIAN_POINT('',(21.516084572901,39.385684309033));
#6489 = CARTESIAN_POINT('',(20.442096759859,38.935043761803));
#6490 = CARTESIAN_POINT('',(19.37180212739,38.549730659857));
#6491 = CARTESIAN_POINT('',(18.275591076305,38.217385890334));
#6492 = CARTESIAN_POINT('',(17.210471495888,37.948156585472));
#6493 = CARTESIAN_POINT('',(16.149633410567,37.724987082514));
#6494 = CARTESIAN_POINT('',(15.092937932788,37.541338075228));
#6495 = CARTESIAN_POINT('',(14.012330289104,37.387649500721));
#6496 = CARTESIAN_POINT('',(12.963683648875,37.264802859101));
#6497 = CARTESIAN_POINT('',(11.920085374087,37.161247081657));
#6498 = CARTESIAN_POINT('',(10.882051162642,37.070963641732));
#6499 = CARTESIAN_POINT('',(9.823005061108,36.985630010262));
#6500 = CARTESIAN_POINT('',(8.79831935196,36.90334895934));
#6501 = CARTESIAN_POINT('',(7.782607135522,36.815495406022));
#6502 = CARTESIAN_POINT('',(6.777498794842,36.718595281802));
#6503 = CARTESIAN_POINT('',(5.759349807569,36.596482489864));
#6504 = CARTESIAN_POINT('',(4.785267044861,36.438236384735));
#6505 = CARTESIAN_POINT('',(3.829731527171,36.258407099212));
#6506 = CARTESIAN_POINT('',(2.896827721317,36.047201040118));
#6507 = CARTESIAN_POINT('',(1.966078505113,35.793495435002));
#6508 = CARTESIAN_POINT('',(1.089452207395,35.505654683606));
#6509 = CARTESIAN_POINT('',(0.247821441944,35.175604563506));
#6510 = CARTESIAN_POINT('',(-0.554629345014,34.800514815006));
#6511 = CARTESIAN_POINT('',(-1.332310544627,34.36371116835));
#6512 = CARTESIAN_POINT('',(-2.039749645056,33.88490693976));
#6513 = CARTESIAN_POINT('',(-2.692340435974,33.353337266256));
#6514 = CARTESIAN_POINT('',(-3.285650502111,32.766705433227));
#6515 = CARTESIAN_POINT('',(-3.825240032897,32.103287289468));
#6516 = CARTESIAN_POINT('',(-4.276468384663,31.395441013013));
#6517 = CARTESIAN_POINT('',(-4.64968731769,30.625905076025));
#6518 = CARTESIAN_POINT('',(-4.938046829651,29.790801678918));
#6519 = CARTESIAN_POINT('',(-5.132942360467,28.864372986251));
#6520 = CARTESIAN_POINT('',(-5.215470689358,27.893595415882));
#6521 = CARTESIAN_POINT('',(-5.180093983858,26.853228041391));
#6522 = CARTESIAN_POINT('',(-5.034241072697,25.736820849619));
#6523 = CARTESIAN_POINT('',(-4.665353277316,24.541554374165));
#6524 = CARTESIAN_POINT('',(-4.150373092614,23.326217541903));
#6525 = CARTESIAN_POINT('',(-3.467808158938,22.055043809891));
#6526 = CARTESIAN_POINT('',(-2.603374369183,20.732707992435));
#6527 = CARTESIAN_POINT('',(-1.51045603656,19.332930589726));
#6528 = CARTESIAN_POINT('',(-0.245438248009,17.943412608698));
#6529 = CARTESIAN_POINT('',(1.293425124031,16.486327429746));
#6530 = CARTESIAN_POINT('',(2.869205322024,15.140811768957));
#6531 = CARTESIAN_POINT('',(5.593520042199,13.185921011211));
#6532 = CARTESIAN_POINT('',(5.17812186136,13.498050932648));
#6533 = CARTESIAN_POINT('',(7.170973275911,12.199443374617));
#6534 = ( GEOMETRIC_REPRESENTATION_CONTEXT(2) 
PARAMETRIC_REPRESENTATION_CONTEXT() REPRESENTATION_CONTEXT('2D SPACE',''
  ) );
#6535 = PCURVE('',#6536,#6637);
#6536 = B_SPLINE_SURFACE_WITH_KNOTS('',3,1,(
    (#6537,#6538)
    ,(#6539,#6540)
    ,(#6541,#6542)
    ,(#6543,#6544)
    ,(#6545,#6546)
    ,(#6547,#6548)
    ,(#6549,#6550)
    ,(#6551,#6552)
    ,(#6553,#6554)
    ,(#6555,#6556)
    ,(#6557,#6558)
    ,(#6559,#6560)
    ,(#6561,#6562)
    ,(#6563,#6564)
    ,(#6565,#6566)
    ,(#6567,#6568)
    ,(#6569,#6570)
    ,(#6571,#6572)
    ,(#6573,#6574)
    ,(#6575,#6576)
    ,(#6577,#6578)
    ,(#6579,#6580)
    ,(#6581,#6582)
    ,(#6583,#6584)
    ,(#6585,#6586)
    ,(#6587,#6588)
    ,(#6589,#6590)
    ,(#6591,#6592)
    ,(#6593,#6594)
    ,(#6595,#6596)
    ,(#6597,#6598)
    ,(#6599,#6600)
    ,(#6601,#6602)
    ,(#6603,#6604)
    ,(#6605,#6606)
    ,(#6607,#6608)
    ,(#6609,#6610)
    ,(#6611,#6612)
    ,(#6613,#6614)
    ,(#6615,#6616)
    ,(#6617,#6618)
    ,(#6619,#6620)
    ,(#6621,#6622)
    ,(#6623,#6624)
    ,(#6625,#6626)
    ,(#6627,#6628)
    ,(#6629,#6630)
    ,(#6631,#6632)
    ,(#6633,#6634)
    ,(#6635,#6636
    )),.UNSPECIFIED.,.F.,.F.,.F.,(4,1,1,1,1,1,1,1,1,1,1,1,1,1,1,1,1,1,1,
    1,1,1,1,1,1,1,1,1,1,1,1,1,1,1,1,1,1,1,1,1,1,1,1,1,1,1,1,4),(2,2),(0.
    ,1.310275187177,2.575554712222,3.800853833955,4.902089094641,
    6.06831455688,7.21183434275,8.337173980858,9.363078484396,
    10.46331856218,11.554153671202,12.637112639117,13.630528059043,
    14.700223728197,15.762924250692,16.817962772309,17.784172052652,
    18.821404601302,19.84721146813,20.859830292326,21.78133906864,
    22.763820637486,23.728524475563,24.674422276675,25.530408882817,
    26.439181751574,27.329575345756,28.203542707491,28.998544434436,
    29.851442200626,30.702034885941,31.558695680793,32.363786840272,
    33.262555459008,34.202118316714,35.196909054575,36.177314147534,
    37.320972597039,38.563122142845,39.916198777823,41.276469790388,
    42.885560125174,44.651495886816,46.590899109622,48.549892956214,
    50.871342573664,53.417826896227,55.987800380247),(-22.4,0.),
  .UNSPECIFIED.);
#6537 = CARTESIAN_POINT('',(24.786705922474,41.233518262409,22.4));
#6538 = CARTESIAN_POINT('',(24.786705922474,41.233518262409,0.));
#6539 = CARTESIAN_POINT('',(24.421224895251,41.001093767385,22.4));
#6540 = CARTESIAN_POINT('',(24.421224895251,41.001093767385,0.));
#6541 = CARTESIAN_POINT('',(23.701898124307,40.521998921888,22.4));
#6542 = CARTESIAN_POINT('',(23.701898124307,40.521998921888,0.));
#6543 = CARTESIAN_POINT('',(22.593227632672,39.910583893974,22.4));
#6544 = CARTESIAN_POINT('',(22.593227632672,39.910583893974,0.));
#6545 = CARTESIAN_POINT('',(21.516084572901,39.385684309033,22.4));
#6546 = CARTESIAN_POINT('',(21.516084572901,39.385684309033,0.));
#6547 = CARTESIAN_POINT('',(20.442096759859,38.935043761803,22.4));
#6548 = CARTESIAN_POINT('',(20.442096759859,38.935043761803,0.));
#6549 = CARTESIAN_POINT('',(19.37180212739,38.549730659857,22.4));
#6550 = CARTESIAN_POINT('',(19.37180212739,38.549730659857,0.));
#6551 = CARTESIAN_POINT('',(18.275591076305,38.217385890334,22.4));
#6552 = CARTESIAN_POINT('',(18.275591076305,38.217385890334,0.));
#6553 = CARTESIAN_POINT('',(17.210471495888,37.948156585472,22.4));
#6554 = CARTESIAN_POINT('',(17.210471495888,37.948156585472,0.));
#6555 = CARTESIAN_POINT('',(16.149633410567,37.724987082514,22.4));
#6556 = CARTESIAN_POINT('',(16.149633410567,37.724987082514,0.));
#6557 = CARTESIAN_POINT('',(15.092937932788,37.541338075228,22.4));
#6558 = CARTESIAN_POINT('',(15.092937932788,37.541338075228,0.));
#6559 = CARTESIAN_POINT('',(14.012330289104,37.387649500721,22.4));
#6560 = CARTESIAN_POINT('',(14.012330289104,37.387649500721,0.));
#6561 = CARTESIAN_POINT('',(12.963683648875,37.264802859101,22.4));
#6562 = CARTESIAN_POINT('',(12.963683648875,37.264802859101,0.));
#6563 = CARTESIAN_POINT('',(11.920085374087,37.161247081657,22.4));
#6564 = CARTESIAN_POINT('',(11.920085374087,37.161247081657,0.));
#6565 = CARTESIAN_POINT('',(10.882051162642,37.070963641732,22.4));
#6566 = CARTESIAN_POINT('',(10.882051162642,37.070963641732,0.));
#6567 = CARTESIAN_POINT('',(9.823005061108,36.985630010262,22.4));
#6568 = CARTESIAN_POINT('',(9.823005061108,36.985630010262,0.));
#6569 = CARTESIAN_POINT('',(8.79831935196,36.90334895934,22.4));
#6570 = CARTESIAN_POINT('',(8.79831935196,36.90334895934,0.));
#6571 = CARTESIAN_POINT('',(7.782607135522,36.815495406022,22.4));
#6572 = CARTESIAN_POINT('',(7.782607135522,36.815495406022,0.));
#6573 = CARTESIAN_POINT('',(6.777498794842,36.718595281802,22.4));
#6574 = CARTESIAN_POINT('',(6.777498794842,36.718595281802,0.));
#6575 = CARTESIAN_POINT('',(5.759349807569,36.596482489864,22.4));
#6576 = CARTESIAN_POINT('',(5.759349807569,36.596482489864,0.));
#6577 = CARTESIAN_POINT('',(4.785267044861,36.438236384735,22.4));
#6578 = CARTESIAN_POINT('',(4.785267044861,36.438236384735,0.));
#6579 = CARTESIAN_POINT('',(3.829731527171,36.258407099212,22.4));
#6580 = CARTESIAN_POINT('',(3.829731527171,36.258407099212,0.));
#6581 = CARTESIAN_POINT('',(2.896827721317,36.047201040118,22.4));
#6582 = CARTESIAN_POINT('',(2.896827721317,36.047201040118,0.));
#6583 = CARTESIAN_POINT('',(1.966078505113,35.793495435002,22.4));
#6584 = CARTESIAN_POINT('',(1.966078505113,35.793495435002,0.));
#6585 = CARTESIAN_POINT('',(1.089452207395,35.505654683606,22.4));
#6586 = CARTESIAN_POINT('',(1.089452207395,35.505654683606,0.));
#6587 = CARTESIAN_POINT('',(0.247821441944,35.175604563506,22.4));
#6588 = CARTESIAN_POINT('',(0.247821441944,35.175604563506,0.));
#6589 = CARTESIAN_POINT('',(-0.554629345014,34.800514815006,22.4));
#6590 = CARTESIAN_POINT('',(-0.554629345014,34.800514815006,0.));
#6591 = CARTESIAN_POINT('',(-1.332310544627,34.36371116835,22.4));
#6592 = CARTESIAN_POINT('',(-1.332310544627,34.36371116835,0.));
#6593 = CARTESIAN_POINT('',(-2.039749645056,33.88490693976,22.4));
#6594 = CARTESIAN_POINT('',(-2.039749645056,33.88490693976,0.));
#6595 = CARTESIAN_POINT('',(-2.692340435974,33.353337266256,22.4));
#6596 = CARTESIAN_POINT('',(-2.692340435974,33.353337266256,0.));
#6597 = CARTESIAN_POINT('',(-3.285650502111,32.766705433227,22.4));
#6598 = CARTESIAN_POINT('',(-3.285650502111,32.766705433227,0.));
#6599 = CARTESIAN_POINT('',(-3.825240032897,32.103287289468,22.4));
#6600 = CARTESIAN_POINT('',(-3.825240032897,32.103287289468,0.));
#6601 = CARTESIAN_POINT('',(-4.276468384663,31.395441013013,22.4));
#6602 = CARTESIAN_POINT('',(-4.276468384663,31.395441013013,0.));
#6603 = CARTESIAN_POINT('',(-4.64968731769,30.625905076025,22.4));
#6604 = CARTESIAN_POINT('',(-4.64968731769,30.625905076025,0.));
#6605 = CARTESIAN_POINT('',(-4.938046829651,29.790801678918,22.4));
#6606 = CARTESIAN_POINT('',(-4.938046829651,29.790801678918,0.));
#6607 = CARTESIAN_POINT('',(-5.132942360467,28.864372986251,22.4));
#6608 = CARTESIAN_POINT('',(-5.132942360467,28.864372986251,0.));
#6609 = CARTESIAN_POINT('',(-5.215470689358,27.893595415882,22.4));
#6610 = CARTESIAN_POINT('',(-5.215470689358,27.893595415882,0.));
#6611 = CARTESIAN_POINT('',(-5.180093983858,26.853228041391,22.4));
#6612 = CARTESIAN_POINT('',(-5.180093983858,26.853228041391,0.));
#6613 = CARTESIAN_POINT('',(-5.034241072697,25.736820849619,22.4));
#6614 = CARTESIAN_POINT('',(-5.034241072697,25.736820849619,0.));
#6615 = CARTESIAN_POINT('',(-4.665353277316,24.541554374165,22.4));
#6616 = CARTESIAN_POINT('',(-4.665353277316,24.541554374165,0.));
#6617 = CARTESIAN_POINT('',(-4.150373092614,23.326217541903,22.4));
#6618 = CARTESIAN_POINT('',(-4.150373092614,23.326217541903,0.));
#6619 = CARTESIAN_POINT('',(-3.467808158938,22.055043809891,22.4));
#6620 = CARTESIAN_POINT('',(-3.467808158938,22.055043809891,0.));
#6621 = CARTESIAN_POINT('',(-2.603374369183,20.732707992435,22.4));
#6622 = CARTESIAN_POINT('',(-2.603374369183,20.732707992435,0.));
#6623 = CARTESIAN_POINT('',(-1.51045603656,19.332930589726,22.4));
#6624 = CARTESIAN_POINT('',(-1.51045603656,19.332930589726,0.));
#6625 = CARTESIAN_POINT('',(-0.245438248009,17.943412608698,22.4));
#6626 = CARTESIAN_POINT('',(-0.245438248009,17.943412608698,0.));
#6627 = CARTESIAN_POINT('',(1.293425124031,16.486327429746,22.4));
#6628 = CARTESIAN_POINT('',(1.293425124031,16.486327429746,0.));
#6629 = CARTESIAN_POINT('',(2.869205322024,15.140811768957,22.4));
#6630 = CARTESIAN_POINT('',(2.869205322024,15.140811768957,0.));
#6631 = CARTESIAN_POINT('',(5.593520042199,13.185921011211,22.4));
#6632 = CARTESIAN_POINT('',(5.593520042199,13.185921011211,0.));
#6633 = CARTESIAN_POINT('',(5.17812186136,13.498050932648,22.4));
#6634 = CARTESIAN_POINT('',(5.17812186136,13.498050932648,0.));
#6635 = CARTESIAN_POINT('',(7.170973275911,12.199443374617,22.4));
#6636 = CARTESIAN_POINT('',(7.170973275911,12.199443374617,0.));
#6637 = DEFINITIONAL_REPRESENTATION('',(#6638),#6642);
#6638 = LINE('',#6639,#6640);
#6639 = CARTESIAN_POINT('',(0.,0.));
#6640 = VECTOR('',#6641,1.);
#6641 = DIRECTION('',(1.,0.));
#6642 = ( GEOMETRIC_REPRESENTATION_CONTEXT(2) 
PARAMETRIC_REPRESENTATION_CONTEXT() REPRESENTATION_CONTEXT('2D SPACE',''
  ) );
#6643 = ORIENTED_EDGE('',*,*,#6644,.F.);
#6644 = EDGE_CURVE('',#6645,#6427,#6647,.T.);
#6645 = VERTEX_POINT('',#6646);
#6646 = CARTESIAN_POINT('',(25.147040295502,41.471392120068,0.));
#6647 = SURFACE_CURVE('',#6648,(#6652,#6659),.PCURVE_S1.);
#6648 = LINE('',#6649,#6650);
#6649 = CARTESIAN_POINT('',(26.806039079808,42.566576121973,0.));
#6650 = VECTOR('',#6651,1.);
#6651 = DIRECTION('',(-0.834552786412,-0.550927986848,0.));
#6652 = PCURVE('',#224,#6653);
#6653 = DEFINITIONAL_REPRESENTATION('',(#6654),#6658);
#6654 = LINE('',#6655,#6656);
#6655 = CARTESIAN_POINT('',(26.806039079808,42.566576121973));
#6656 = VECTOR('',#6657,1.);
#6657 = DIRECTION('',(-0.834552786412,-0.550927986848));
#6658 = ( GEOMETRIC_REPRESENTATION_CONTEXT(2) 
PARAMETRIC_REPRESENTATION_CONTEXT() REPRESENTATION_CONTEXT('2D SPACE',''
  ) );
#6659 = PCURVE('',#6660,#6665);
#6660 = PLANE('',#6661);
#6661 = AXIS2_PLACEMENT_3D('',#6662,#6663,#6664);
#6662 = CARTESIAN_POINT('',(25.147040295501,41.471392120069,0.));
#6663 = DIRECTION('',(0.550927986848,-0.834552786412,0.));
#6664 = DIRECTION('',(-0.834552786412,-0.550927986848,0.));
#6665 = DEFINITIONAL_REPRESENTATION('',(#6666),#6670);
#6666 = LINE('',#6667,#6668);
#6667 = CARTESIAN_POINT('',(-1.987889575494,0.));
#6668 = VECTOR('',#6669,1.);
#6669 = DIRECTION('',(1.,0.));
#6670 = ( GEOMETRIC_REPRESENTATION_CONTEXT(2) 
PARAMETRIC_REPRESENTATION_CONTEXT() REPRESENTATION_CONTEXT('2D SPACE',''
  ) );
#6671 = ORIENTED_EDGE('',*,*,#6672,.F.);
#6672 = EDGE_CURVE('',#6673,#6645,#6675,.T.);
#6673 = VERTEX_POINT('',#6674);
#6674 = CARTESIAN_POINT('',(41.471269725117,25.14724214276,0.));
#6675 = SURFACE_CURVE('',#6676,(#6681,#6688),.PCURVE_S1.);
#6676 = CIRCLE('',#6677,48.5);
#6677 = AXIS2_PLACEMENT_3D('',#6678,#6679,#6680);
#6678 = CARTESIAN_POINT('',(0.,0.,0.));
#6679 = DIRECTION('',(0.,0.,1.));
#6680 = DIRECTION('',(1.,0.,-0.));
#6681 = PCURVE('',#224,#6682);
#6682 = DEFINITIONAL_REPRESENTATION('',(#6683),#6687);
#6683 = CIRCLE('',#6684,48.5);
#6684 = AXIS2_PLACEMENT_2D('',#6685,#6686);
#6685 = CARTESIAN_POINT('',(0.,-1.204325410458E-15));
#6686 = DIRECTION('',(1.,0.));
#6687 = ( GEOMETRIC_REPRESENTATION_CONTEXT(2) 
PARAMETRIC_REPRESENTATION_CONTEXT() REPRESENTATION_CONTEXT('2D SPACE',''
  ) );
#6688 = PCURVE('',#6689,#6694);
#6689 = CYLINDRICAL_SURFACE('',#6690,48.5);
#6690 = AXIS2_PLACEMENT_3D('',#6691,#6692,#6693);
#6691 = CARTESIAN_POINT('',(0.,0.,0.));
#6692 = DIRECTION('',(-0.,-0.,-1.));
#6693 = DIRECTION('',(1.,0.,-0.));
#6694 = DEFINITIONAL_REPRESENTATION('',(#6695),#6699);
#6695 = LINE('',#6696,#6697);
#6696 = CARTESIAN_POINT('',(-0.,0.));
#6697 = VECTOR('',#6698,1.);
#6698 = DIRECTION('',(-1.,0.));
#6699 = ( GEOMETRIC_REPRESENTATION_CONTEXT(2) 
PARAMETRIC_REPRESENTATION_CONTEXT() REPRESENTATION_CONTEXT('2D SPACE',''
  ) );
#6700 = ORIENTED_EDGE('',*,*,#6701,.F.);
#6701 = EDGE_CURVE('',#6368,#6673,#6702,.T.);
#6702 = SURFACE_CURVE('',#6703,(#6754,#6808),.PCURVE_S1.);
#6703 = B_SPLINE_CURVE_WITH_KNOTS('',3,(#6704,#6705,#6706,#6707,#6708,
    #6709,#6710,#6711,#6712,#6713,#6714,#6715,#6716,#6717,#6718,#6719,
    #6720,#6721,#6722,#6723,#6724,#6725,#6726,#6727,#6728,#6729,#6730,
    #6731,#6732,#6733,#6734,#6735,#6736,#6737,#6738,#6739,#6740,#6741,
    #6742,#6743,#6744,#6745,#6746,#6747,#6748,#6749,#6750,#6751,#6752,
    #6753),.UNSPECIFIED.,.F.,.F.,(4,1,1,1,1,1,1,1,1,1,1,1,1,1,1,1,1,1,1,
    1,1,1,1,1,1,1,1,1,1,1,1,1,1,1,1,1,1,1,1,1,1,1,1,1,1,1,1,4),(0.,
    2.712363629581,5.415653884531,7.889901421053,9.986742084351,
    12.07233621524,13.981450928582,15.730829279285,17.217976489194,
    18.70534511222,20.079261809959,21.357514213245,22.46799558875,
    23.608470848383,24.696515979748,25.743900293344,26.683864297553,
    27.681614976107,28.665922847739,29.643534481927,30.544804484636,
    31.523863593595,32.508882471553,33.502052098633,34.427210166566,
    35.439013636309,36.460687542796,37.491630530293,38.450636928084,
    39.49631232414,40.547756860041,41.603484223464,42.58022774738,
    43.639187672476,44.697549950026,45.75413920775,46.727235587527,
    47.778840627491,48.828245019521,49.876764601754,50.845806288818,
    51.899956703366,52.96296178269,54.040387692291,55.053510242706,
    56.178288511941,57.339605375855,58.548465428582),.UNSPECIFIED.);
#6704 = CARTESIAN_POINT('',(9.687078542018,5.720458763507,0.));
#6705 = CARTESIAN_POINT('',(9.358587563928,6.542816446458,0.));
#6706 = CARTESIAN_POINT('',(8.644651844641,8.231413027986,0.));
#6707 = CARTESIAN_POINT('',(7.822167095234,10.720868180564,0.));
#6708 = CARTESIAN_POINT('',(7.1916838086,13.066299655025,0.));
#6709 = CARTESIAN_POINT('',(6.760543657476,15.243995701115,0.));
#6710 = CARTESIAN_POINT('',(6.503681872811,17.260226710286,0.));
#6711 = CARTESIAN_POINT('',(6.409669017147,19.174618179059,0.));
#6712 = CARTESIAN_POINT('',(6.468444874619,20.891063451795,0.));
#6713 = CARTESIAN_POINT('',(6.658292983199,22.455938213411,0.));
#6714 = CARTESIAN_POINT('',(6.964328078922,23.875671345404,0.));
#6715 = CARTESIAN_POINT('',(7.392926794409,25.188381372354,0.));
#6716 = CARTESIAN_POINT('',(7.84774638527,26.359259578321,0.));
#6717 = CARTESIAN_POINT('',(8.40852467123,27.396600013615,0.));
#6718 = CARTESIAN_POINT('',(9.045086728748,28.312710935264,0.));
#6719 = CARTESIAN_POINT('',(9.776498494533,29.127408748418,0.));
#6720 = CARTESIAN_POINT('',(10.552796777904,29.801005238135,0.));
#6721 = CARTESIAN_POINT('',(11.378195159228,30.360396500688,0.));
#6722 = CARTESIAN_POINT('',(12.244257933678,30.811086952417,0.));
#6723 = CARTESIAN_POINT('',(13.167871135119,31.163599348771,0.));
#6724 = CARTESIAN_POINT('',(14.092755808099,31.406097955421,0.));
#6725 = CARTESIAN_POINT('',(15.034398520672,31.558255556528,0.));
#6726 = CARTESIAN_POINT('',(15.988310410836,31.626742433448,0.));
#6727 = CARTESIAN_POINT('',(16.975002870463,31.615306363525,0.));
#6728 = CARTESIAN_POINT('',(17.939999395187,31.531976831167,0.));
#6729 = CARTESIAN_POINT('',(18.906300010445,31.386215734349,0.));
#6730 = CARTESIAN_POINT('',(19.872106820915,31.18416226606,0.));
#6731 = CARTESIAN_POINT('',(20.860343435965,30.924195621521,0.));
#6732 = CARTESIAN_POINT('',(21.819215293522,30.626135642097,0.));
#6733 = CARTESIAN_POINT('',(22.774793918769,30.292734380066,0.));
#6734 = CARTESIAN_POINT('',(23.724736824079,29.924534407737,0.));
#6735 = CARTESIAN_POINT('',(24.701813869532,29.537496465893,0.));
#6736 = CARTESIAN_POINT('',(25.652698644146,29.146818884429,0.));
#6737 = CARTESIAN_POINT('',(26.600831815357,28.743146177644,0.));
#6738 = CARTESIAN_POINT('',(27.547554628632,28.333989300576,0.));
#6739 = CARTESIAN_POINT('',(28.51873365336,27.914329883971,0.));
#6740 = CARTESIAN_POINT('',(29.466245958072,27.51207070161,0.));
#6741 = CARTESIAN_POINT('',(30.41649911163,27.122180118512,0.));
#6742 = CARTESIAN_POINT('',(31.371313791997,26.750020206279,0.));
#6743 = CARTESIAN_POINT('',(32.358707147077,26.39293813358,0.));
#6744 = CARTESIAN_POINT('',(33.330519791579,26.074962015248,0.));
#6745 = CARTESIAN_POINT('',(34.314531600428,25.791025411058,0.));
#6746 = CARTESIAN_POINT('',(35.3137819354,25.545696089859,0.));
#6747 = CARTESIAN_POINT('',(36.359700698854,25.340471857069,0.));
#6748 = CARTESIAN_POINT('',(37.398480446605,25.190744592908,0.));
#6749 = CARTESIAN_POINT('',(38.474360853348,25.094025832403,0.));
#6750 = CARTESIAN_POINT('',(39.540791692821,25.053160552988,0.));
#6751 = CARTESIAN_POINT('',(40.838454313831,25.08208213372,0.));
#6752 = CARTESIAN_POINT('',(41.284600000154,25.134049675194,0.));
#6753 = CARTESIAN_POINT('',(41.92178803089,25.184078658581,0.));
#6754 = PCURVE('',#224,#6755);
#6755 = DEFINITIONAL_REPRESENTATION('',(#6756),#6807);
#6756 = B_SPLINE_CURVE_WITH_KNOTS('',3,(#6757,#6758,#6759,#6760,#6761,
    #6762,#6763,#6764,#6765,#6766,#6767,#6768,#6769,#6770,#6771,#6772,
    #6773,#6774,#6775,#6776,#6777,#6778,#6779,#6780,#6781,#6782,#6783,
    #6784,#6785,#6786,#6787,#6788,#6789,#6790,#6791,#6792,#6793,#6794,
    #6795,#6796,#6797,#6798,#6799,#6800,#6801,#6802,#6803,#6804,#6805,
    #6806),.UNSPECIFIED.,.F.,.F.,(4,1,1,1,1,1,1,1,1,1,1,1,1,1,1,1,1,1,1,
    1,1,1,1,1,1,1,1,1,1,1,1,1,1,1,1,1,1,1,1,1,1,1,1,1,1,1,1,4),(0.,
    2.712363629581,5.415653884531,7.889901421053,9.986742084351,
    12.07233621524,13.981450928582,15.730829279285,17.217976489194,
    18.70534511222,20.079261809959,21.357514213245,22.46799558875,
    23.608470848383,24.696515979748,25.743900293344,26.683864297553,
    27.681614976107,28.665922847739,29.643534481927,30.544804484636,
    31.523863593595,32.508882471553,33.502052098633,34.427210166566,
    35.439013636309,36.460687542796,37.491630530293,38.450636928084,
    39.49631232414,40.547756860041,41.603484223464,42.58022774738,
    43.639187672476,44.697549950026,45.75413920775,46.727235587527,
    47.778840627491,48.828245019521,49.876764601754,50.845806288818,
    51.899956703366,52.96296178269,54.040387692291,55.053510242706,
    56.178288511941,57.339605375855,58.548465428582),.UNSPECIFIED.);
#6757 = CARTESIAN_POINT('',(9.687078542018,5.720458763507));
#6758 = CARTESIAN_POINT('',(9.358587563928,6.542816446458));
#6759 = CARTESIAN_POINT('',(8.644651844641,8.231413027986));
#6760 = CARTESIAN_POINT('',(7.822167095234,10.720868180564));
#6761 = CARTESIAN_POINT('',(7.1916838086,13.066299655025));
#6762 = CARTESIAN_POINT('',(6.760543657476,15.243995701115));
#6763 = CARTESIAN_POINT('',(6.503681872811,17.260226710286));
#6764 = CARTESIAN_POINT('',(6.409669017147,19.174618179059));
#6765 = CARTESIAN_POINT('',(6.468444874619,20.891063451795));
#6766 = CARTESIAN_POINT('',(6.658292983199,22.455938213411));
#6767 = CARTESIAN_POINT('',(6.964328078922,23.875671345404));
#6768 = CARTESIAN_POINT('',(7.392926794409,25.188381372354));
#6769 = CARTESIAN_POINT('',(7.84774638527,26.359259578321));
#6770 = CARTESIAN_POINT('',(8.40852467123,27.396600013615));
#6771 = CARTESIAN_POINT('',(9.045086728748,28.312710935264));
#6772 = CARTESIAN_POINT('',(9.776498494533,29.127408748418));
#6773 = CARTESIAN_POINT('',(10.552796777904,29.801005238135));
#6774 = CARTESIAN_POINT('',(11.378195159228,30.360396500688));
#6775 = CARTESIAN_POINT('',(12.244257933678,30.811086952417));
#6776 = CARTESIAN_POINT('',(13.167871135119,31.163599348771));
#6777 = CARTESIAN_POINT('',(14.092755808099,31.406097955421));
#6778 = CARTESIAN_POINT('',(15.034398520672,31.558255556528));
#6779 = CARTESIAN_POINT('',(15.988310410836,31.626742433448));
#6780 = CARTESIAN_POINT('',(16.975002870463,31.615306363525));
#6781 = CARTESIAN_POINT('',(17.939999395187,31.531976831167));
#6782 = CARTESIAN_POINT('',(18.906300010445,31.386215734349));
#6783 = CARTESIAN_POINT('',(19.872106820915,31.18416226606));
#6784 = CARTESIAN_POINT('',(20.860343435965,30.924195621521));
#6785 = CARTESIAN_POINT('',(21.819215293522,30.626135642097));
#6786 = CARTESIAN_POINT('',(22.774793918769,30.292734380066));
#6787 = CARTESIAN_POINT('',(23.724736824079,29.924534407737));
#6788 = CARTESIAN_POINT('',(24.701813869532,29.537496465893));
#6789 = CARTESIAN_POINT('',(25.652698644146,29.146818884429));
#6790 = CARTESIAN_POINT('',(26.600831815357,28.743146177644));
#6791 = CARTESIAN_POINT('',(27.547554628632,28.333989300576));
#6792 = CARTESIAN_POINT('',(28.51873365336,27.914329883971));
#6793 = CARTESIAN_POINT('',(29.466245958072,27.51207070161));
#6794 = CARTESIAN_POINT('',(30.41649911163,27.122180118512));
#6795 = CARTESIAN_POINT('',(31.371313791997,26.750020206279));
#6796 = CARTESIAN_POINT('',(32.358707147077,26.39293813358));
#6797 = CARTESIAN_POINT('',(33.330519791579,26.074962015248));
#6798 = CARTESIAN_POINT('',(34.314531600428,25.791025411058));
#6799 = CARTESIAN_POINT('',(35.3137819354,25.545696089859));
#6800 = CARTESIAN_POINT('',(36.359700698854,25.340471857069));
#6801 = CARTESIAN_POINT('',(37.398480446605,25.190744592908));
#6802 = CARTESIAN_POINT('',(38.474360853348,25.094025832403));
#6803 = CARTESIAN_POINT('',(39.540791692821,25.053160552988));
#6804 = CARTESIAN_POINT('',(40.838454313831,25.08208213372));
#6805 = CARTESIAN_POINT('',(41.284600000154,25.134049675194));
#6806 = CARTESIAN_POINT('',(41.92178803089,25.184078658581));
#6807 = ( GEOMETRIC_REPRESENTATION_CONTEXT(2) 
PARAMETRIC_REPRESENTATION_CONTEXT() REPRESENTATION_CONTEXT('2D SPACE',''
  ) );
#6808 = PCURVE('',#6809,#6910);
#6809 = B_SPLINE_SURFACE_WITH_KNOTS('',3,1,(
    (#6810,#6811)
    ,(#6812,#6813)
    ,(#6814,#6815)
    ,(#6816,#6817)
    ,(#6818,#6819)
    ,(#6820,#6821)
    ,(#6822,#6823)
    ,(#6824,#6825)
    ,(#6826,#6827)
    ,(#6828,#6829)
    ,(#6830,#6831)
    ,(#6832,#6833)
    ,(#6834,#6835)
    ,(#6836,#6837)
    ,(#6838,#6839)
    ,(#6840,#6841)
    ,(#6842,#6843)
    ,(#6844,#6845)
    ,(#6846,#6847)
    ,(#6848,#6849)
    ,(#6850,#6851)
    ,(#6852,#6853)
    ,(#6854,#6855)
    ,(#6856,#6857)
    ,(#6858,#6859)
    ,(#6860,#6861)
    ,(#6862,#6863)
    ,(#6864,#6865)
    ,(#6866,#6867)
    ,(#6868,#6869)
    ,(#6870,#6871)
    ,(#6872,#6873)
    ,(#6874,#6875)
    ,(#6876,#6877)
    ,(#6878,#6879)
    ,(#6880,#6881)
    ,(#6882,#6883)
    ,(#6884,#6885)
    ,(#6886,#6887)
    ,(#6888,#6889)
    ,(#6890,#6891)
    ,(#6892,#6893)
    ,(#6894,#6895)
    ,(#6896,#6897)
    ,(#6898,#6899)
    ,(#6900,#6901)
    ,(#6902,#6903)
    ,(#6904,#6905)
    ,(#6906,#6907)
    ,(#6908,#6909
    )),.UNSPECIFIED.,.F.,.F.,.F.,(4,1,1,1,1,1,1,1,1,1,1,1,1,1,1,1,1,1,1,
    1,1,1,1,1,1,1,1,1,1,1,1,1,1,1,1,1,1,1,1,1,1,1,1,1,1,1,1,4),(2,2),(0.
    ,2.712363629581,5.415653884531,7.889901421053,9.986742084351,
    12.07233621524,13.981450928582,15.730829279285,17.217976489194,
    18.70534511222,20.079261809959,21.357514213245,22.46799558875,
    23.608470848383,24.696515979748,25.743900293344,26.683864297553,
    27.681614976107,28.665922847739,29.643534481927,30.544804484636,
    31.523863593595,32.508882471553,33.502052098633,34.427210166566,
    35.439013636309,36.460687542796,37.491630530293,38.450636928084,
    39.49631232414,40.547756860041,41.603484223464,42.58022774738,
    43.639187672476,44.697549950026,45.75413920775,46.727235587527,
    47.778840627491,48.828245019521,49.876764601754,50.845806288818,
    51.899956703366,52.96296178269,54.040387692291,55.053510242706,
    56.178288511941,57.339605375855,58.548465428582),(-22.4,0.),
  .UNSPECIFIED.);
#6810 = CARTESIAN_POINT('',(9.687078542018,5.720458763507,22.4));
#6811 = CARTESIAN_POINT('',(9.687078542018,5.720458763507,0.));
#6812 = CARTESIAN_POINT('',(9.358587563928,6.542816446458,22.4));
#6813 = CARTESIAN_POINT('',(9.358587563928,6.542816446458,0.));
#6814 = CARTESIAN_POINT('',(8.644651844641,8.231413027986,22.4));
#6815 = CARTESIAN_POINT('',(8.644651844641,8.231413027986,0.));
#6816 = CARTESIAN_POINT('',(7.822167095234,10.720868180564,22.4));
#6817 = CARTESIAN_POINT('',(7.822167095234,10.720868180564,0.));
#6818 = CARTESIAN_POINT('',(7.1916838086,13.066299655025,22.4));
#6819 = CARTESIAN_POINT('',(7.1916838086,13.066299655025,0.));
#6820 = CARTESIAN_POINT('',(6.760543657476,15.243995701115,22.4));
#6821 = CARTESIAN_POINT('',(6.760543657476,15.243995701115,0.));
#6822 = CARTESIAN_POINT('',(6.503681872811,17.260226710286,22.4));
#6823 = CARTESIAN_POINT('',(6.503681872811,17.260226710286,0.));
#6824 = CARTESIAN_POINT('',(6.409669017147,19.174618179059,22.4));
#6825 = CARTESIAN_POINT('',(6.409669017147,19.174618179059,0.));
#6826 = CARTESIAN_POINT('',(6.468444874619,20.891063451795,22.4));
#6827 = CARTESIAN_POINT('',(6.468444874619,20.891063451795,0.));
#6828 = CARTESIAN_POINT('',(6.658292983199,22.455938213411,22.4));
#6829 = CARTESIAN_POINT('',(6.658292983199,22.455938213411,0.));
#6830 = CARTESIAN_POINT('',(6.964328078922,23.875671345404,22.4));
#6831 = CARTESIAN_POINT('',(6.964328078922,23.875671345404,0.));
#6832 = CARTESIAN_POINT('',(7.392926794409,25.188381372354,22.4));
#6833 = CARTESIAN_POINT('',(7.392926794409,25.188381372354,0.));
#6834 = CARTESIAN_POINT('',(7.84774638527,26.359259578321,22.4));
#6835 = CARTESIAN_POINT('',(7.84774638527,26.359259578321,0.));
#6836 = CARTESIAN_POINT('',(8.40852467123,27.396600013615,22.4));
#6837 = CARTESIAN_POINT('',(8.40852467123,27.396600013615,0.));
#6838 = CARTESIAN_POINT('',(9.045086728748,28.312710935264,22.4));
#6839 = CARTESIAN_POINT('',(9.045086728748,28.312710935264,0.));
#6840 = CARTESIAN_POINT('',(9.776498494533,29.127408748418,22.4));
#6841 = CARTESIAN_POINT('',(9.776498494533,29.127408748418,0.));
#6842 = CARTESIAN_POINT('',(10.552796777904,29.801005238135,22.4));
#6843 = CARTESIAN_POINT('',(10.552796777904,29.801005238135,0.));
#6844 = CARTESIAN_POINT('',(11.378195159228,30.360396500688,22.4));
#6845 = CARTESIAN_POINT('',(11.378195159228,30.360396500688,0.));
#6846 = CARTESIAN_POINT('',(12.244257933678,30.811086952417,22.4));
#6847 = CARTESIAN_POINT('',(12.244257933678,30.811086952417,0.));
#6848 = CARTESIAN_POINT('',(13.167871135119,31.163599348771,22.4));
#6849 = CARTESIAN_POINT('',(13.167871135119,31.163599348771,0.));
#6850 = CARTESIAN_POINT('',(14.092755808099,31.406097955421,22.4));
#6851 = CARTESIAN_POINT('',(14.092755808099,31.406097955421,0.));
#6852 = CARTESIAN_POINT('',(15.034398520672,31.558255556528,22.4));
#6853 = CARTESIAN_POINT('',(15.034398520672,31.558255556528,0.));
#6854 = CARTESIAN_POINT('',(15.988310410836,31.626742433448,22.4));
#6855 = CARTESIAN_POINT('',(15.988310410836,31.626742433448,0.));
#6856 = CARTESIAN_POINT('',(16.975002870463,31.615306363525,22.4));
#6857 = CARTESIAN_POINT('',(16.975002870463,31.615306363525,0.));
#6858 = CARTESIAN_POINT('',(17.939999395187,31.531976831167,22.4));
#6859 = CARTESIAN_POINT('',(17.939999395187,31.531976831167,0.));
#6860 = CARTESIAN_POINT('',(18.906300010445,31.386215734349,22.4));
#6861 = CARTESIAN_POINT('',(18.906300010445,31.386215734349,0.));
#6862 = CARTESIAN_POINT('',(19.872106820915,31.18416226606,22.4));
#6863 = CARTESIAN_POINT('',(19.872106820915,31.18416226606,0.));
#6864 = CARTESIAN_POINT('',(20.860343435965,30.924195621521,22.4));
#6865 = CARTESIAN_POINT('',(20.860343435965,30.924195621521,0.));
#6866 = CARTESIAN_POINT('',(21.819215293522,30.626135642097,22.4));
#6867 = CARTESIAN_POINT('',(21.819215293522,30.626135642097,0.));
#6868 = CARTESIAN_POINT('',(22.774793918769,30.292734380066,22.4));
#6869 = CARTESIAN_POINT('',(22.774793918769,30.292734380066,0.));
#6870 = CARTESIAN_POINT('',(23.724736824079,29.924534407737,22.4));
#6871 = CARTESIAN_POINT('',(23.724736824079,29.924534407737,0.));
#6872 = CARTESIAN_POINT('',(24.701813869532,29.537496465893,22.4));
#6873 = CARTESIAN_POINT('',(24.701813869532,29.537496465893,0.));
#6874 = CARTESIAN_POINT('',(25.652698644146,29.146818884429,22.4));
#6875 = CARTESIAN_POINT('',(25.652698644146,29.146818884429,0.));
#6876 = CARTESIAN_POINT('',(26.600831815357,28.743146177644,22.4));
#6877 = CARTESIAN_POINT('',(26.600831815357,28.743146177644,0.));
#6878 = CARTESIAN_POINT('',(27.547554628632,28.333989300576,22.4));
#6879 = CARTESIAN_POINT('',(27.547554628632,28.333989300576,0.));
#6880 = CARTESIAN_POINT('',(28.51873365336,27.914329883971,22.4));
#6881 = CARTESIAN_POINT('',(28.51873365336,27.914329883971,0.));
#6882 = CARTESIAN_POINT('',(29.466245958072,27.51207070161,22.4));
#6883 = CARTESIAN_POINT('',(29.466245958072,27.51207070161,0.));
#6884 = CARTESIAN_POINT('',(30.41649911163,27.122180118512,22.4));
#6885 = CARTESIAN_POINT('',(30.41649911163,27.122180118512,0.));
#6886 = CARTESIAN_POINT('',(31.371313791997,26.750020206279,22.4));
#6887 = CARTESIAN_POINT('',(31.371313791997,26.750020206279,0.));
#6888 = CARTESIAN_POINT('',(32.358707147077,26.39293813358,22.4));
#6889 = CARTESIAN_POINT('',(32.358707147077,26.39293813358,0.));
#6890 = CARTESIAN_POINT('',(33.330519791579,26.074962015248,22.4));
#6891 = CARTESIAN_POINT('',(33.330519791579,26.074962015248,0.));
#6892 = CARTESIAN_POINT('',(34.314531600428,25.791025411058,22.4));
#6893 = CARTESIAN_POINT('',(34.314531600428,25.791025411058,0.));
#6894 = CARTESIAN_POINT('',(35.3137819354,25.545696089859,22.4));
#6895 = CARTESIAN_POINT('',(35.3137819354,25.545696089859,0.));
#6896 = CARTESIAN_POINT('',(36.359700698854,25.340471857069,22.4));
#6897 = CARTESIAN_POINT('',(36.359700698854,25.340471857069,0.));
#6898 = CARTESIAN_POINT('',(37.398480446605,25.190744592908,22.4));
#6899 = CARTESIAN_POINT('',(37.398480446605,25.190744592908,0.));
#6900 = CARTESIAN_POINT('',(38.474360853348,25.094025832403,22.4));
#6901 = CARTESIAN_POINT('',(38.474360853348,25.094025832403,0.));
#6902 = CARTESIAN_POINT('',(39.540791692821,25.053160552988,22.4));
#6903 = CARTESIAN_POINT('',(39.540791692821,25.053160552988,0.));
#6904 = CARTESIAN_POINT('',(40.838454313831,25.08208213372,22.4));
#6905 = CARTESIAN_POINT('',(40.838454313831,25.08208213372,0.));
#6906 = CARTESIAN_POINT('',(41.284600000154,25.134049675194,22.4));
#6907 = CARTESIAN_POINT('',(41.284600000154,25.134049675194,0.));
#6908 = CARTESIAN_POINT('',(41.92178803089,25.184078658581,22.4));
#6909 = CARTESIAN_POINT('',(41.92178803089,25.184078658581,0.));
#6910 = DEFINITIONAL_REPRESENTATION('',(#6911),#6915);
#6911 = LINE('',#6912,#6913);
#6912 = CARTESIAN_POINT('',(0.,0.));
#6913 = VECTOR('',#6914,1.);
#6914 = DIRECTION('',(1.,0.));
#6915 = ( GEOMETRIC_REPRESENTATION_CONTEXT(2) 
PARAMETRIC_REPRESENTATION_CONTEXT() REPRESENTATION_CONTEXT('2D SPACE',''
  ) );
#6916 = FACE_BOUND('',#6917,.F.);
#6917 = EDGE_LOOP('',(#6918));
#6918 = ORIENTED_EDGE('',*,*,#6919,.T.);
#6919 = EDGE_CURVE('',#6920,#6920,#6922,.T.);
#6920 = VERTEX_POINT('',#6921);
#6921 = CARTESIAN_POINT('',(50.,0.,0.));
#6922 = SURFACE_CURVE('',#6923,(#6928,#6935),.PCURVE_S1.);
#6923 = CIRCLE('',#6924,50.000000001615);
#6924 = AXIS2_PLACEMENT_3D('',#6925,#6926,#6927);
#6925 = CARTESIAN_POINT('',(-1.614573363895E-09,-3.903440071173E-12,0.)
  );
#6926 = DIRECTION('',(0.,0.,1.));
#6927 = DIRECTION('',(1.,7.806880142095E-14,-0.));
#6928 = PCURVE('',#224,#6929);
#6929 = DEFINITIONAL_REPRESENTATION('',(#6930),#6934);
#6930 = CIRCLE('',#6931,50.000000001615);
#6931 = AXIS2_PLACEMENT_2D('',#6932,#6933);
#6932 = CARTESIAN_POINT('',(-1.614573363895E-09,-3.904644396584E-12));
#6933 = DIRECTION('',(1.,7.806880142095E-14));
#6934 = ( GEOMETRIC_REPRESENTATION_CONTEXT(2) 
PARAMETRIC_REPRESENTATION_CONTEXT() REPRESENTATION_CONTEXT('2D SPACE',''
  ) );
#6935 = PCURVE('',#6936,#7049);
#6936 = B_SPLINE_SURFACE_WITH_KNOTS('',15,6,(
    (#6937,#6938,#6939,#6940,#6941,#6942,#6943)
    ,(#6944,#6945,#6946,#6947,#6948,#6949,#6950)
    ,(#6951,#6952,#6953,#6954,#6955,#6956,#6957)
    ,(#6958,#6959,#6960,#6961,#6962,#6963,#6964)
    ,(#6965,#6966,#6967,#6968,#6969,#6970,#6971)
    ,(#6972,#6973,#6974,#6975,#6976,#6977,#6978)
    ,(#6979,#6980,#6981,#6982,#6983,#6984,#6985)
    ,(#6986,#6987,#6988,#6989,#6990,#6991,#6992)
    ,(#6993,#6994,#6995,#6996,#6997,#6998,#6999)
    ,(#7000,#7001,#7002,#7003,#7004,#7005,#7006)
    ,(#7007,#7008,#7009,#7010,#7011,#7012,#7013)
    ,(#7014,#7015,#7016,#7017,#7018,#7019,#7020)
    ,(#7021,#7022,#7023,#7024,#7025,#7026,#7027)
    ,(#7028,#7029,#7030,#7031,#7032,#7033,#7034)
    ,(#7035,#7036,#7037,#7038,#7039,#7040,#7041)
    ,(#7042,#7043,#7044,#7045,#7046,#7047,#7048
  )),.UNSPECIFIED.,.T.,.F.,.F.,(16,16),(7,7),(0.,6.28318530718),(0.,
    0.356198330538),.PIECEWISE_BEZIER_KNOTS.);
#6937 = CARTESIAN_POINT('',(50.,-9.969239272377E-14,3.552713678801E-15)
  );
#6938 = CARTESIAN_POINT('',(50.664903550338,-9.124320163918E-14,
    3.693776687679));
#6939 = CARTESIAN_POINT('',(51.066663682769,-8.544950819447E-14,
    7.434920882278));
#6940 = CARTESIAN_POINT('',(51.201062345306,-7.467741406421E-14,11.2));
#6941 = CARTESIAN_POINT('',(51.066663682769,-6.384334433664E-14,
    14.965079117722));
#6942 = CARTESIAN_POINT('',(50.664903550338,-5.766198616426E-14,
    18.706223312321));
#6943 = CARTESIAN_POINT('',(50.,-4.789441709284E-14,22.4));
#6944 = CARTESIAN_POINT('',(50.000000000005,20.943951023915,
    -8.819011455162E-13));
#6945 = CARTESIAN_POINT('',(50.664903550359,21.222465171784,
    3.693776687688));
#6946 = CARTESIAN_POINT('',(51.066663682768,21.390754062557,
    7.434920882252));
#6947 = CARTESIAN_POINT('',(51.201062345334,21.447050842616,
    11.200000000022));
#6948 = CARTESIAN_POINT('',(51.066663682812,21.390754062535,
    14.965079117697));
#6949 = CARTESIAN_POINT('',(50.664903550344,21.222465171801,
    18.706223312323));
#6950 = CARTESIAN_POINT('',(50.000000000011,20.943951023917,
    22.399999999992));
#6951 = CARTESIAN_POINT('',(40.600376760844,41.887902047941,
    3.928906614045E-12));
#6952 = CARTESIAN_POINT('',(41.14028345383,42.444930343745,
    3.693776687641));
#6953 = CARTESIAN_POINT('',(41.466515708833,42.781508125061,
    7.434920882392));
#6954 = CARTESIAN_POINT('',(41.575648435379,42.894101685583,
    11.199999999904));
#6955 = CARTESIAN_POINT('',(41.466515708624,42.781508125169,
    14.965079117833));
#6956 = CARTESIAN_POINT('',(41.140283453903,42.444930343664,
    18.706223312313));
#6957 = CARTESIAN_POINT('',(40.600376760814,41.887902047934,
    22.400000000036));
#6958 = CARTESIAN_POINT('',(21.801127050048,58.288809290887,
    -1.024604674233E-11));
#6959 = CARTESIAN_POINT('',(22.091039985846,59.063937705938,
    3.693776687778));
#6960 = CARTESIAN_POINT('',(22.26621645925,59.532299914153,7.43492088198
    ));
#6961 = CARTESIAN_POINT('',(22.324817306151,59.688978610881,
    11.200000000242));
#6962 = CARTESIAN_POINT('',(22.266216459872,59.532299913818,
    14.965079117427));
#6963 = CARTESIAN_POINT('',(22.09103998562,59.063937706188,
    18.70622331234));
#6964 = CARTESIAN_POINT('',(21.801127050139,58.288809290906,
    22.399999999899));
#6965 = CARTESIAN_POINT('',(-4.018981513908,65.603623272388,
    1.866363392343E-11));
#6966 = CARTESIAN_POINT('',(-4.072426216076,66.476026903931,
    3.693776687503));
#6967 = CARTESIAN_POINT('',(-4.104719545924,67.003166512984,
    7.43492088282));
#6968 = CARTESIAN_POINT('',(-4.11552246218,67.17950770183,
    11.199999999579));
#6969 = CARTESIAN_POINT('',(-4.104719547317,67.003166513766,
    14.965079118283));
#6970 = CARTESIAN_POINT('',(-4.07242621554,66.476026903354,
    18.706223312289));
#6971 = CARTESIAN_POINT('',(-4.018981514116,65.603623272351,
    22.400000000207));
#6972 = CARTESIAN_POINT('',(-32.10267478691,60.64806226198,
    -2.444690806398E-11));
#6973 = CARTESIAN_POINT('',(-32.52957843454,61.454558165901,
    3.693776687904));
#6974 = CARTESIAN_POINT('',(-32.78752993418,61.941873811654,
    7.434920881559));
#6975 = CARTESIAN_POINT('',(-32.87382106227,62.104892896927,
    11.200000000513));
#6976 = CARTESIAN_POINT('',(-32.78752993166,61.941873810207,
    14.965079116917));
#6977 = CARTESIAN_POINT('',(-32.52957843557,61.454558166967,
    18.706223312358));
#6978 = CARTESIAN_POINT('',(-32.10267478653,60.648062262032,
    22.399999999669));
#6979 = CARTESIAN_POINT('',(-56.16678936218,42.955121620638,
    2.17328655418E-11));
#6980 = CARTESIAN_POINT('',(-56.9136993172,43.526354687466,
    3.693776687488));
#6981 = CARTESIAN_POINT('',(-57.36501084824,43.871515530079,
    7.434920882947));
#6982 = CARTESIAN_POINT('',(-57.51598568074,43.986980342166,
    11.19999999961));
#6983 = CARTESIAN_POINT('',(-57.365010852,43.871515532264,
    14.965079118603));
#6984 = CARTESIAN_POINT('',(-56.91369931557,43.526354685845,
    18.706223312293));
#6985 = CARTESIAN_POINT('',(-56.16678936275,42.955121620584,
    22.400000000426));
#6986 = CARTESIAN_POINT('',(-70.11305815905,15.538617529242,
    -8.788413842091E-12));
#6987 = CARTESIAN_POINT('',(-71.04542658252,15.745233235368,
    3.69377668774));
#6988 = CARTESIAN_POINT('',(-71.60879921815,15.870078345882,
    7.434920881934));
#6989 = CARTESIAN_POINT('',(-71.79726123584,15.911842103203,
    11.200000000035));
#6990 = CARTESIAN_POINT('',(-71.60879921344,15.870078343149,
    14.965079117012));
#6991 = CARTESIAN_POINT('',(-71.0454265847,15.745233237424,
    18.706223312326));
#6992 = CARTESIAN_POINT('',(-70.11305815834,15.538617529275,
    22.39999999955));
#6993 = CARTESIAN_POINT('',(-70.11305815884,-15.53861752928,
    -8.7884138423E-12));
#6994 = CARTESIAN_POINT('',(-71.04542658738,-15.74523323522,
    3.693776687787));
#6995 = CARTESIAN_POINT('',(-71.60879921225,-15.87007834606,
    7.434920882157));
#6996 = CARTESIAN_POINT('',(-71.79726124543,-15.91184210329,
    11.200000000401));
#6997 = CARTESIAN_POINT('',(-71.60879921723,-15.87007834321,
    14.965079118089));
#6998 = CARTESIAN_POINT('',(-71.04542658497,-15.74523323741,
    18.706223312346));
#6999 = CARTESIAN_POINT('',(-70.11305815957,-15.53861752927,
    22.400000000394));
#7000 = CARTESIAN_POINT('',(-56.16678936234,-42.95512162054,
    2.173286554197E-11));
#7001 = CARTESIAN_POINT('',(-56.9136993131,-43.5263546878,3.69377668745)
  );
#7002 = CARTESIAN_POINT('',(-57.3650108532,-43.87151552964,7.43492088276
    ));
#7003 = CARTESIAN_POINT('',(-57.51598567263,-43.9869803419,
    11.199999999304));
#7004 = CARTESIAN_POINT('',(-57.36501084879,-43.87151553212,
    14.9650791177));
#7005 = CARTESIAN_POINT('',(-56.91369931532,-43.52635468584,
    18.706223312271));
#7006 = CARTESIAN_POINT('',(-56.1667893617,-42.95512162057,
    22.399999999711));
#7007 = CARTESIAN_POINT('',(-32.10267478682,-60.64806226209,
    -2.44469080641E-11));
#7008 = CARTESIAN_POINT('',(-32.52957843744,-61.45455816554,
    3.693776687931));
#7009 = CARTESIAN_POINT('',(-32.78752993069,-61.9418738121,
    7.434920881691));
#7010 = CARTESIAN_POINT('',(-32.87382106801,-62.10489289729,
    11.200000000726));
#7011 = CARTESIAN_POINT('',(-32.78752993392,-61.9418738103,
    14.965079117547));
#7012 = CARTESIAN_POINT('',(-32.52957843576,-61.45455816699,
    18.70622331238));
#7013 = CARTESIAN_POINT('',(-32.10267478728,-60.64806226204,
    22.400000000176));
#7014 = CARTESIAN_POINT('',(-4.018981513936,-65.60362327229,
    1.866363392351E-11));
#7015 = CARTESIAN_POINT('',(-4.072426214396,-66.47602690418,
    3.693776687487));
#7016 = CARTESIAN_POINT('',(-4.104719547941,-67.00316651267,
    7.434920882743));
#7017 = CARTESIAN_POINT('',(-4.11552245883,-67.17950770148,
    11.199999999458));
#7018 = CARTESIAN_POINT('',(-4.104719546023,-67.00316651374,
    14.965079117923));
#7019 = CARTESIAN_POINT('',(-4.072426215413,-66.4760269033,
    18.706223312271));
#7020 = CARTESIAN_POINT('',(-4.018981513669,-65.60362327234,
    22.399999999911));
#7021 = CARTESIAN_POINT('',(21.801127050052,-58.28880929093,
    -1.024604674237E-11));
#7022 = CARTESIAN_POINT('',(22.091039985069,-59.0639377058,
    3.693776687785));
#7023 = CARTESIAN_POINT('',(22.266216460181,-59.5322999143,
    7.434920882015));
#7024 = CARTESIAN_POINT('',(22.324817304592,-59.6889786111,
    11.200000000297));
#7025 = CARTESIAN_POINT('',(22.266216459285,-59.5322999138,
    14.965079117591));
#7026 = CARTESIAN_POINT('',(22.091039985554,-59.06393770623,
    18.706223312352));
#7027 = CARTESIAN_POINT('',(21.801127049928,-58.28880929091,
    22.400000000036));
#7028 = CARTESIAN_POINT('',(40.600376760845,-41.88790204792,
    3.928906614056E-12));
#7029 = CARTESIAN_POINT('',(41.140283454098,-42.44493034379,
    3.693776687638));
#7030 = CARTESIAN_POINT('',(41.466515708512,-42.781508125,7.43492088238)
  );
#7031 = CARTESIAN_POINT('',(41.57564843592,-42.89410168548,
    11.199999999886));
#7032 = CARTESIAN_POINT('',(41.466515708821,-42.78150812518,
    14.965079117777));
#7033 = CARTESIAN_POINT('',(41.140283453928,-42.44493034364,
    18.706223312308));
#7034 = CARTESIAN_POINT('',(40.600376760888,-41.88790204793,
    22.399999999989));
#7035 = CARTESIAN_POINT('',(50.000000000005,-20.94395102392,
    -8.819011455185E-13));
#7036 = CARTESIAN_POINT('',(50.664903550302,-21.22246517177,
    3.693776687688));
#7037 = CARTESIAN_POINT('',(51.066663682836,-21.39075406256,
    7.434920882255));
#7038 = CARTESIAN_POINT('',(51.201062345218,-21.44705084264,
    11.200000000026));
#7039 = CARTESIAN_POINT('',(51.066663682771,-21.39075406253,
    14.965079117709));
#7040 = CARTESIAN_POINT('',(50.664903550338,-21.2224651718,
    18.706223312324));
#7041 = CARTESIAN_POINT('',(49.999999999996,-20.94395102391,
    22.400000000002));
#7042 = CARTESIAN_POINT('',(50.,1.38804527465E-13,3.552713678798E-15));
#7043 = CARTESIAN_POINT('',(50.664903550338,1.222476845633E-13,
    3.693776687679));
#7044 = CARTESIAN_POINT('',(51.066663682768,1.179847268879E-13,
    7.434920882278));
#7045 = CARTESIAN_POINT('',(51.201062345306,1.09867087807E-13,11.2));
#7046 = CARTESIAN_POINT('',(51.066663682769,1.020559850068E-13,
    14.965079117722));
#7047 = CARTESIAN_POINT('',(50.664903550338,9.84607273258E-14,
    18.706223312321));
#7048 = CARTESIAN_POINT('',(50.,8.217708167697E-14,22.4));
#7049 = DEFINITIONAL_REPRESENTATION('',(#7050),#7053);
#7050 = B_SPLINE_CURVE_WITH_KNOTS('',1,(#7051,#7052),.UNSPECIFIED.,.F.,
  .F.,(2,2),(0.,6.28318530718),.PIECEWISE_BEZIER_KNOTS.);
#7051 = CARTESIAN_POINT('',(0.,0.));
#7052 = CARTESIAN_POINT('',(6.28318530718,0.));
#7053 = ( GEOMETRIC_REPRESENTATION_CONTEXT(2) 
PARAMETRIC_REPRESENTATION_CONTEXT() REPRESENTATION_CONTEXT('2D SPACE',''
  ) );
#7054 = ADVANCED_FACE('',(#7055,#7385,#7715,#8045,#8375,#8705,#9035,
    #9365,#9695,#10025,#10192,#10522,#10852),#169,.T.);
#7055 = FACE_BOUND('',#7056,.T.);
#7056 = EDGE_LOOP('',(#7057,#7083,#7106,#7223,#7246,#7270));
#7057 = ORIENTED_EDGE('',*,*,#7058,.T.);
#7058 = EDGE_CURVE('',#7059,#7061,#7063,.T.);
#7059 = VERTEX_POINT('',#7060);
#7060 = CARTESIAN_POINT('',(-8.156397843108,-9.734637857925,22.4));
#7061 = VERTEX_POINT('',#7062);
#7062 = CARTESIAN_POINT('',(-6.445475554358,-10.94284446011,22.4));
#7063 = SURFACE_CURVE('',#7064,(#7069,#7076),.PCURVE_S1.);
#7064 = CIRCLE('',#7065,12.7);
#7065 = AXIS2_PLACEMENT_3D('',#7066,#7067,#7068);
#7066 = CARTESIAN_POINT('',(0.,0.,22.4));
#7067 = DIRECTION('',(0.,0.,1.));
#7068 = DIRECTION('',(1.,0.,-0.));
#7069 = PCURVE('',#169,#7070);
#7070 = DEFINITIONAL_REPRESENTATION('',(#7071),#7075);
#7071 = CIRCLE('',#7072,12.7);
#7072 = AXIS2_PLACEMENT_2D('',#7073,#7074);
#7073 = CARTESIAN_POINT('',(0.,-1.204325410458E-15));
#7074 = DIRECTION('',(1.,0.));
#7075 = ( GEOMETRIC_REPRESENTATION_CONTEXT(2) 
PARAMETRIC_REPRESENTATION_CONTEXT() REPRESENTATION_CONTEXT('2D SPACE',''
  ) );
#7076 = PCURVE('',#694,#7077);
#7077 = DEFINITIONAL_REPRESENTATION('',(#7078),#7082);
#7078 = LINE('',#7079,#7080);
#7079 = CARTESIAN_POINT('',(-0.,-22.4));
#7080 = VECTOR('',#7081,1.);
#7081 = DIRECTION('',(-1.,0.));
#7082 = ( GEOMETRIC_REPRESENTATION_CONTEXT(2) 
PARAMETRIC_REPRESENTATION_CONTEXT() REPRESENTATION_CONTEXT('2D SPACE',''
  ) );
#7083 = ORIENTED_EDGE('',*,*,#7084,.F.);
#7084 = EDGE_CURVE('',#7085,#7061,#7087,.T.);
#7085 = VERTEX_POINT('',#7086);
#7086 = CARTESIAN_POINT('',(-7.170973275911,-12.19944337461,22.4));
#7087 = SURFACE_CURVE('',#7088,(#7092,#7099),.PCURVE_S1.);
#7088 = LINE('',#7089,#7090);
#7089 = CARTESIAN_POINT('',(-7.170973275911,-12.19944337461,22.4));
#7090 = VECTOR('',#7091,1.);
#7091 = DIRECTION('',(0.5,0.866025403784,0.));
#7092 = PCURVE('',#169,#7093);
#7093 = DEFINITIONAL_REPRESENTATION('',(#7094),#7098);
#7094 = LINE('',#7095,#7096);
#7095 = CARTESIAN_POINT('',(-7.170973275911,-12.19944337461));
#7096 = VECTOR('',#7097,1.);
#7097 = DIRECTION('',(0.5,0.866025403784));
#7098 = ( GEOMETRIC_REPRESENTATION_CONTEXT(2) 
PARAMETRIC_REPRESENTATION_CONTEXT() REPRESENTATION_CONTEXT('2D SPACE',''
  ) );
#7099 = PCURVE('',#722,#7100);
#7100 = DEFINITIONAL_REPRESENTATION('',(#7101),#7105);
#7101 = LINE('',#7102,#7103);
#7102 = CARTESIAN_POINT('',(0.,-22.4));
#7103 = VECTOR('',#7104,1.);
#7104 = DIRECTION('',(1.,0.));
#7105 = ( GEOMETRIC_REPRESENTATION_CONTEXT(2) 
PARAMETRIC_REPRESENTATION_CONTEXT() REPRESENTATION_CONTEXT('2D SPACE',''
  ) );
#7106 = ORIENTED_EDGE('',*,*,#7107,.F.);
#7107 = EDGE_CURVE('',#7108,#7085,#7110,.T.);
#7108 = VERTEX_POINT('',#7109);
#7109 = CARTESIAN_POINT('',(-24.78670592247,-41.2335182624,22.4));
#7110 = SURFACE_CURVE('',#7111,(#7162,#7216),.PCURVE_S1.);
#7111 = B_SPLINE_CURVE_WITH_KNOTS('',3,(#7112,#7113,#7114,#7115,#7116,
    #7117,#7118,#7119,#7120,#7121,#7122,#7123,#7124,#7125,#7126,#7127,
    #7128,#7129,#7130,#7131,#7132,#7133,#7134,#7135,#7136,#7137,#7138,
    #7139,#7140,#7141,#7142,#7143,#7144,#7145,#7146,#7147,#7148,#7149,
    #7150,#7151,#7152,#7153,#7154,#7155,#7156,#7157,#7158,#7159,#7160,
    #7161),.UNSPECIFIED.,.F.,.F.,(4,1,1,1,1,1,1,1,1,1,1,1,1,1,1,1,1,1,1,
    1,1,1,1,1,1,1,1,1,1,1,1,1,1,1,1,1,1,1,1,1,1,1,1,1,1,1,1,4),(0.,
    1.310275187177,2.575554712222,3.800853833955,4.902089094641,
    6.06831455688,7.21183434275,8.337173980858,9.363078484396,
    10.46331856218,11.554153671202,12.637112639117,13.630528059043,
    14.700223728197,15.762924250692,16.817962772309,17.784172052652,
    18.821404601302,19.84721146813,20.859830292326,21.78133906864,
    22.763820637486,23.728524475563,24.674422276675,25.530408882817,
    26.439181751574,27.329575345756,28.203542707491,28.998544434436,
    29.851442200626,30.702034885941,31.558695680793,32.363786840272,
    33.262555459008,34.202118316714,35.196909054575,36.177314147534,
    37.320972597039,38.563122142845,39.916198777823,41.276469790388,
    42.885560125174,44.651495886816,46.590899109622,48.549892956214,
    50.871342573664,53.417826896227,55.987800380247),.UNSPECIFIED.);
#7112 = CARTESIAN_POINT('',(-24.78670592247,-41.2335182624,22.4));
#7113 = CARTESIAN_POINT('',(-24.42122489525,-41.00109376738,22.4));
#7114 = CARTESIAN_POINT('',(-23.7018981243,-40.52199892188,22.4));
#7115 = CARTESIAN_POINT('',(-22.59322763267,-39.91058389397,22.4));
#7116 = CARTESIAN_POINT('',(-21.5160845729,-39.38568430903,22.4));
#7117 = CARTESIAN_POINT('',(-20.44209675985,-38.9350437618,22.4));
#7118 = CARTESIAN_POINT('',(-19.37180212739,-38.54973065985,22.4));
#7119 = CARTESIAN_POINT('',(-18.2755910763,-38.21738589033,22.4));
#7120 = CARTESIAN_POINT('',(-17.21047149588,-37.94815658547,22.4));
#7121 = CARTESIAN_POINT('',(-16.14963341056,-37.72498708251,22.4));
#7122 = CARTESIAN_POINT('',(-15.09293793278,-37.54133807522,22.4));
#7123 = CARTESIAN_POINT('',(-14.0123302891,-37.38764950072,22.4));
#7124 = CARTESIAN_POINT('',(-12.96368364887,-37.2648028591,22.4));
#7125 = CARTESIAN_POINT('',(-11.92008537408,-37.16124708165,22.4));
#7126 = CARTESIAN_POINT('',(-10.88205116264,-37.07096364173,22.4));
#7127 = CARTESIAN_POINT('',(-9.823005061108,-36.98563001026,22.4));
#7128 = CARTESIAN_POINT('',(-8.79831935196,-36.90334895934,22.4));
#7129 = CARTESIAN_POINT('',(-7.782607135522,-36.81549540602,22.4));
#7130 = CARTESIAN_POINT('',(-6.777498794842,-36.7185952818,22.4));
#7131 = CARTESIAN_POINT('',(-5.759349807569,-36.59648248986,22.4));
#7132 = CARTESIAN_POINT('',(-4.785267044861,-36.43823638473,22.4));
#7133 = CARTESIAN_POINT('',(-3.829731527171,-36.25840709921,22.4));
#7134 = CARTESIAN_POINT('',(-2.896827721317,-36.04720104011,22.4));
#7135 = CARTESIAN_POINT('',(-1.966078505113,-35.793495435,22.4));
#7136 = CARTESIAN_POINT('',(-1.089452207395,-35.5056546836,22.4));
#7137 = CARTESIAN_POINT('',(-0.247821441944,-35.1756045635,22.4));
#7138 = CARTESIAN_POINT('',(0.554629345014,-34.800514815,22.4));
#7139 = CARTESIAN_POINT('',(1.332310544627,-34.36371116835,22.4));
#7140 = CARTESIAN_POINT('',(2.039749645056,-33.88490693976,22.4));
#7141 = CARTESIAN_POINT('',(2.692340435974,-33.35333726625,22.4));
#7142 = CARTESIAN_POINT('',(3.285650502111,-32.76670543322,22.4));
#7143 = CARTESIAN_POINT('',(3.825240032897,-32.10328728946,22.4));
#7144 = CARTESIAN_POINT('',(4.276468384663,-31.39544101301,22.4));
#7145 = CARTESIAN_POINT('',(4.64968731769,-30.62590507602,22.4));
#7146 = CARTESIAN_POINT('',(4.938046829651,-29.79080167891,22.4));
#7147 = CARTESIAN_POINT('',(5.132942360467,-28.86437298625,22.4));
#7148 = CARTESIAN_POINT('',(5.215470689358,-27.89359541588,22.4));
#7149 = CARTESIAN_POINT('',(5.180093983858,-26.85322804139,22.4));
#7150 = CARTESIAN_POINT('',(5.034241072697,-25.73682084961,22.4));
#7151 = CARTESIAN_POINT('',(4.665353277316,-24.54155437416,22.4));
#7152 = CARTESIAN_POINT('',(4.150373092614,-23.3262175419,22.4));
#7153 = CARTESIAN_POINT('',(3.467808158938,-22.05504380989,22.4));
#7154 = CARTESIAN_POINT('',(2.603374369183,-20.73270799243,22.4));
#7155 = CARTESIAN_POINT('',(1.51045603656,-19.33293058972,22.4));
#7156 = CARTESIAN_POINT('',(0.245438248009,-17.94341260869,22.4));
#7157 = CARTESIAN_POINT('',(-1.293425124031,-16.48632742974,22.4));
#7158 = CARTESIAN_POINT('',(-2.869205322024,-15.14081176895,22.4));
#7159 = CARTESIAN_POINT('',(-5.593520042199,-13.18592101121,22.4));
#7160 = CARTESIAN_POINT('',(-5.17812186136,-13.49805093264,22.4));
#7161 = CARTESIAN_POINT('',(-7.170973275911,-12.19944337461,22.4));
#7162 = PCURVE('',#169,#7163);
#7163 = DEFINITIONAL_REPRESENTATION('',(#7164),#7215);
#7164 = B_SPLINE_CURVE_WITH_KNOTS('',3,(#7165,#7166,#7167,#7168,#7169,
    #7170,#7171,#7172,#7173,#7174,#7175,#7176,#7177,#7178,#7179,#7180,
    #7181,#7182,#7183,#7184,#7185,#7186,#7187,#7188,#7189,#7190,#7191,
    #7192,#7193,#7194,#7195,#7196,#7197,#7198,#7199,#7200,#7201,#7202,
    #7203,#7204,#7205,#7206,#7207,#7208,#7209,#7210,#7211,#7212,#7213,
    #7214),.UNSPECIFIED.,.F.,.F.,(4,1,1,1,1,1,1,1,1,1,1,1,1,1,1,1,1,1,1,
    1,1,1,1,1,1,1,1,1,1,1,1,1,1,1,1,1,1,1,1,1,1,1,1,1,1,1,1,4),(0.,
    1.310275187177,2.575554712222,3.800853833955,4.902089094641,
    6.06831455688,7.21183434275,8.337173980858,9.363078484396,
    10.46331856218,11.554153671202,12.637112639117,13.630528059043,
    14.700223728197,15.762924250692,16.817962772309,17.784172052652,
    18.821404601302,19.84721146813,20.859830292326,21.78133906864,
    22.763820637486,23.728524475563,24.674422276675,25.530408882817,
    26.439181751574,27.329575345756,28.203542707491,28.998544434436,
    29.851442200626,30.702034885941,31.558695680793,32.363786840272,
    33.262555459008,34.202118316714,35.196909054575,36.177314147534,
    37.320972597039,38.563122142845,39.916198777823,41.276469790388,
    42.885560125174,44.651495886816,46.590899109622,48.549892956214,
    50.871342573664,53.417826896227,55.987800380247),.UNSPECIFIED.);
#7165 = CARTESIAN_POINT('',(-24.78670592247,-41.2335182624));
#7166 = CARTESIAN_POINT('',(-24.42122489525,-41.00109376738));
#7167 = CARTESIAN_POINT('',(-23.7018981243,-40.52199892188));
#7168 = CARTESIAN_POINT('',(-22.59322763267,-39.91058389397));
#7169 = CARTESIAN_POINT('',(-21.5160845729,-39.38568430903));
#7170 = CARTESIAN_POINT('',(-20.44209675985,-38.9350437618));
#7171 = CARTESIAN_POINT('',(-19.37180212739,-38.54973065985));
#7172 = CARTESIAN_POINT('',(-18.2755910763,-38.21738589033));
#7173 = CARTESIAN_POINT('',(-17.21047149588,-37.94815658547));
#7174 = CARTESIAN_POINT('',(-16.14963341056,-37.72498708251));
#7175 = CARTESIAN_POINT('',(-15.09293793278,-37.54133807522));
#7176 = CARTESIAN_POINT('',(-14.0123302891,-37.38764950072));
#7177 = CARTESIAN_POINT('',(-12.96368364887,-37.2648028591));
#7178 = CARTESIAN_POINT('',(-11.92008537408,-37.16124708165));
#7179 = CARTESIAN_POINT('',(-10.88205116264,-37.07096364173));
#7180 = CARTESIAN_POINT('',(-9.823005061108,-36.98563001026));
#7181 = CARTESIAN_POINT('',(-8.79831935196,-36.90334895934));
#7182 = CARTESIAN_POINT('',(-7.782607135522,-36.81549540602));
#7183 = CARTESIAN_POINT('',(-6.777498794842,-36.7185952818));
#7184 = CARTESIAN_POINT('',(-5.759349807569,-36.59648248986));
#7185 = CARTESIAN_POINT('',(-4.785267044861,-36.43823638473));
#7186 = CARTESIAN_POINT('',(-3.829731527171,-36.25840709921));
#7187 = CARTESIAN_POINT('',(-2.896827721317,-36.04720104011));
#7188 = CARTESIAN_POINT('',(-1.966078505113,-35.793495435));
#7189 = CARTESIAN_POINT('',(-1.089452207395,-35.5056546836));
#7190 = CARTESIAN_POINT('',(-0.247821441944,-35.1756045635));
#7191 = CARTESIAN_POINT('',(0.554629345014,-34.800514815));
#7192 = CARTESIAN_POINT('',(1.332310544627,-34.36371116835));
#7193 = CARTESIAN_POINT('',(2.039749645056,-33.88490693976));
#7194 = CARTESIAN_POINT('',(2.692340435974,-33.35333726625));
#7195 = CARTESIAN_POINT('',(3.285650502111,-32.76670543322));
#7196 = CARTESIAN_POINT('',(3.825240032897,-32.10328728946));
#7197 = CARTESIAN_POINT('',(4.276468384663,-31.39544101301));
#7198 = CARTESIAN_POINT('',(4.64968731769,-30.62590507602));
#7199 = CARTESIAN_POINT('',(4.938046829651,-29.79080167891));
#7200 = CARTESIAN_POINT('',(5.132942360467,-28.86437298625));
#7201 = CARTESIAN_POINT('',(5.215470689358,-27.89359541588));
#7202 = CARTESIAN_POINT('',(5.180093983858,-26.85322804139));
#7203 = CARTESIAN_POINT('',(5.034241072697,-25.73682084961));
#7204 = CARTESIAN_POINT('',(4.665353277316,-24.54155437416));
#7205 = CARTESIAN_POINT('',(4.150373092614,-23.3262175419));
#7206 = CARTESIAN_POINT('',(3.467808158938,-22.05504380989));
#7207 = CARTESIAN_POINT('',(2.603374369183,-20.73270799243));
#7208 = CARTESIAN_POINT('',(1.51045603656,-19.33293058972));
#7209 = CARTESIAN_POINT('',(0.245438248009,-17.94341260869));
#7210 = CARTESIAN_POINT('',(-1.293425124031,-16.48632742974));
#7211 = CARTESIAN_POINT('',(-2.869205322024,-15.14081176895));
#7212 = CARTESIAN_POINT('',(-5.593520042199,-13.18592101121));
#7213 = CARTESIAN_POINT('',(-5.17812186136,-13.49805093264));
#7214 = CARTESIAN_POINT('',(-7.170973275911,-12.19944337461));
#7215 = ( GEOMETRIC_REPRESENTATION_CONTEXT(2) 
PARAMETRIC_REPRESENTATION_CONTEXT() REPRESENTATION_CONTEXT('2D SPACE',''
  ) );
#7216 = PCURVE('',#844,#7217);
#7217 = DEFINITIONAL_REPRESENTATION('',(#7218),#7222);
#7218 = LINE('',#7219,#7220);
#7219 = CARTESIAN_POINT('',(0.,-22.4));
#7220 = VECTOR('',#7221,1.);
#7221 = DIRECTION('',(1.,0.));
#7222 = ( GEOMETRIC_REPRESENTATION_CONTEXT(2) 
PARAMETRIC_REPRESENTATION_CONTEXT() REPRESENTATION_CONTEXT('2D SPACE',''
  ) );
#7223 = ORIENTED_EDGE('',*,*,#7224,.F.);
#7224 = EDGE_CURVE('',#7225,#7108,#7227,.T.);
#7225 = VERTEX_POINT('',#7226);
#7226 = CARTESIAN_POINT('',(-25.1470402955,-41.47139212006,22.4));
#7227 = SURFACE_CURVE('',#7228,(#7232,#7239),.PCURVE_S1.);
#7228 = LINE('',#7229,#7230);
#7229 = CARTESIAN_POINT('',(-26.8060390798,-42.56657612197,22.4));
#7230 = VECTOR('',#7231,1.);
#7231 = DIRECTION('',(0.834552786412,0.550927986848,0.));
#7232 = PCURVE('',#169,#7233);
#7233 = DEFINITIONAL_REPRESENTATION('',(#7234),#7238);
#7234 = LINE('',#7235,#7236);
#7235 = CARTESIAN_POINT('',(-26.8060390798,-42.56657612197));
#7236 = VECTOR('',#7237,1.);
#7237 = DIRECTION('',(0.834552786412,0.550927986848));
#7238 = ( GEOMETRIC_REPRESENTATION_CONTEXT(2) 
PARAMETRIC_REPRESENTATION_CONTEXT() REPRESENTATION_CONTEXT('2D SPACE',''
  ) );
#7239 = PCURVE('',#968,#7240);
#7240 = DEFINITIONAL_REPRESENTATION('',(#7241),#7245);
#7241 = LINE('',#7242,#7243);
#7242 = CARTESIAN_POINT('',(-1.987889575494,-22.4));
#7243 = VECTOR('',#7244,1.);
#7244 = DIRECTION('',(1.,0.));
#7245 = ( GEOMETRIC_REPRESENTATION_CONTEXT(2) 
PARAMETRIC_REPRESENTATION_CONTEXT() REPRESENTATION_CONTEXT('2D SPACE',''
  ) );
#7246 = ORIENTED_EDGE('',*,*,#7247,.F.);
#7247 = EDGE_CURVE('',#7248,#7225,#7250,.T.);
#7248 = VERTEX_POINT('',#7249);
#7249 = CARTESIAN_POINT('',(-41.47126972511,-25.14724214276,22.4));
#7250 = SURFACE_CURVE('',#7251,(#7256,#7263),.PCURVE_S1.);
#7251 = CIRCLE('',#7252,48.5);
#7252 = AXIS2_PLACEMENT_3D('',#7253,#7254,#7255);
#7253 = CARTESIAN_POINT('',(0.,0.,22.4));
#7254 = DIRECTION('',(0.,0.,1.));
#7255 = DIRECTION('',(1.,0.,-0.));
#7256 = PCURVE('',#169,#7257);
#7257 = DEFINITIONAL_REPRESENTATION('',(#7258),#7262);
#7258 = CIRCLE('',#7259,48.5);
#7259 = AXIS2_PLACEMENT_2D('',#7260,#7261);
#7260 = CARTESIAN_POINT('',(0.,-1.204325410458E-15));
#7261 = DIRECTION('',(1.,0.));
#7262 = ( GEOMETRIC_REPRESENTATION_CONTEXT(2) 
PARAMETRIC_REPRESENTATION_CONTEXT() REPRESENTATION_CONTEXT('2D SPACE',''
  ) );
#7263 = PCURVE('',#997,#7264);
#7264 = DEFINITIONAL_REPRESENTATION('',(#7265),#7269);
#7265 = LINE('',#7266,#7267);
#7266 = CARTESIAN_POINT('',(-0.,-22.4));
#7267 = VECTOR('',#7268,1.);
#7268 = DIRECTION('',(-1.,0.));
#7269 = ( GEOMETRIC_REPRESENTATION_CONTEXT(2) 
PARAMETRIC_REPRESENTATION_CONTEXT() REPRESENTATION_CONTEXT('2D SPACE',''
  ) );
#7270 = ORIENTED_EDGE('',*,*,#7271,.F.);
#7271 = EDGE_CURVE('',#7059,#7248,#7272,.T.);
#7272 = SURFACE_CURVE('',#7273,(#7324,#7378),.PCURVE_S1.);
#7273 = B_SPLINE_CURVE_WITH_KNOTS('',3,(#7274,#7275,#7276,#7277,#7278,
    #7279,#7280,#7281,#7282,#7283,#7284,#7285,#7286,#7287,#7288,#7289,
    #7290,#7291,#7292,#7293,#7294,#7295,#7296,#7297,#7298,#7299,#7300,
    #7301,#7302,#7303,#7304,#7305,#7306,#7307,#7308,#7309,#7310,#7311,
    #7312,#7313,#7314,#7315,#7316,#7317,#7318,#7319,#7320,#7321,#7322,
    #7323),.UNSPECIFIED.,.F.,.F.,(4,1,1,1,1,1,1,1,1,1,1,1,1,1,1,1,1,1,1,
    1,1,1,1,1,1,1,1,1,1,1,1,1,1,1,1,1,1,1,1,1,1,1,1,1,1,1,1,4),(0.,
    2.712363629581,5.415653884531,7.889901421053,9.986742084351,
    12.07233621524,13.981450928582,15.730829279285,17.217976489194,
    18.70534511222,20.079261809959,21.357514213245,22.46799558875,
    23.608470848383,24.696515979748,25.743900293344,26.683864297553,
    27.681614976107,28.665922847739,29.643534481927,30.544804484636,
    31.523863593595,32.508882471553,33.502052098633,34.427210166566,
    35.439013636309,36.460687542796,37.491630530293,38.450636928084,
    39.49631232414,40.547756860041,41.603484223464,42.58022774738,
    43.639187672476,44.697549950026,45.75413920775,46.727235587527,
    47.778840627491,48.828245019521,49.876764601754,50.845806288818,
    51.899956703366,52.96296178269,54.040387692291,55.053510242706,
    56.178288511941,57.339605375855,58.548465428582),.UNSPECIFIED.);
#7274 = CARTESIAN_POINT('',(-9.687078542018,-5.720458763507,22.4));
#7275 = CARTESIAN_POINT('',(-9.358587563928,-6.542816446458,22.4));
#7276 = CARTESIAN_POINT('',(-8.644651844641,-8.231413027986,22.4));
#7277 = CARTESIAN_POINT('',(-7.822167095234,-10.72086818056,22.4));
#7278 = CARTESIAN_POINT('',(-7.1916838086,-13.06629965502,22.4));
#7279 = CARTESIAN_POINT('',(-6.760543657476,-15.24399570111,22.4));
#7280 = CARTESIAN_POINT('',(-6.503681872811,-17.26022671028,22.4));
#7281 = CARTESIAN_POINT('',(-6.409669017147,-19.17461817905,22.4));
#7282 = CARTESIAN_POINT('',(-6.468444874619,-20.89106345179,22.4));
#7283 = CARTESIAN_POINT('',(-6.658292983199,-22.45593821341,22.4));
#7284 = CARTESIAN_POINT('',(-6.964328078922,-23.8756713454,22.4));
#7285 = CARTESIAN_POINT('',(-7.392926794409,-25.18838137235,22.4));
#7286 = CARTESIAN_POINT('',(-7.84774638527,-26.35925957832,22.4));
#7287 = CARTESIAN_POINT('',(-8.40852467123,-27.39660001361,22.4));
#7288 = CARTESIAN_POINT('',(-9.045086728748,-28.31271093526,22.4));
#7289 = CARTESIAN_POINT('',(-9.776498494533,-29.12740874841,22.4));
#7290 = CARTESIAN_POINT('',(-10.5527967779,-29.80100523813,22.4));
#7291 = CARTESIAN_POINT('',(-11.37819515922,-30.36039650068,22.4));
#7292 = CARTESIAN_POINT('',(-12.24425793367,-30.81108695241,22.4));
#7293 = CARTESIAN_POINT('',(-13.16787113511,-31.16359934877,22.4));
#7294 = CARTESIAN_POINT('',(-14.09275580809,-31.40609795542,22.4));
#7295 = CARTESIAN_POINT('',(-15.03439852067,-31.55825555652,22.4));
#7296 = CARTESIAN_POINT('',(-15.98831041083,-31.62674243344,22.4));
#7297 = CARTESIAN_POINT('',(-16.97500287046,-31.61530636352,22.4));
#7298 = CARTESIAN_POINT('',(-17.93999939518,-31.53197683116,22.4));
#7299 = CARTESIAN_POINT('',(-18.90630001044,-31.38621573434,22.4));
#7300 = CARTESIAN_POINT('',(-19.87210682091,-31.18416226606,22.4));
#7301 = CARTESIAN_POINT('',(-20.86034343596,-30.92419562152,22.4));
#7302 = CARTESIAN_POINT('',(-21.81921529352,-30.62613564209,22.4));
#7303 = CARTESIAN_POINT('',(-22.77479391876,-30.29273438006,22.4));
#7304 = CARTESIAN_POINT('',(-23.72473682407,-29.92453440773,22.4));
#7305 = CARTESIAN_POINT('',(-24.70181386953,-29.53749646589,22.4));
#7306 = CARTESIAN_POINT('',(-25.65269864414,-29.14681888442,22.4));
#7307 = CARTESIAN_POINT('',(-26.60083181535,-28.74314617764,22.4));
#7308 = CARTESIAN_POINT('',(-27.54755462863,-28.33398930057,22.4));
#7309 = CARTESIAN_POINT('',(-28.51873365336,-27.91432988397,22.4));
#7310 = CARTESIAN_POINT('',(-29.46624595807,-27.51207070161,22.4));
#7311 = CARTESIAN_POINT('',(-30.41649911163,-27.12218011851,22.4));
#7312 = CARTESIAN_POINT('',(-31.37131379199,-26.75002020627,22.4));
#7313 = CARTESIAN_POINT('',(-32.35870714707,-26.39293813358,22.4));
#7314 = CARTESIAN_POINT('',(-33.33051979157,-26.07496201524,22.4));
#7315 = CARTESIAN_POINT('',(-34.31453160042,-25.79102541105,22.4));
#7316 = CARTESIAN_POINT('',(-35.3137819354,-25.54569608985,22.4));
#7317 = CARTESIAN_POINT('',(-36.35970069885,-25.34047185706,22.4));
#7318 = CARTESIAN_POINT('',(-37.3984804466,-25.1907445929,22.4));
#7319 = CARTESIAN_POINT('',(-38.47436085334,-25.0940258324,22.4));
#7320 = CARTESIAN_POINT('',(-39.54079169282,-25.05316055298,22.4));
#7321 = CARTESIAN_POINT('',(-40.83845431383,-25.08208213372,22.4));
#7322 = CARTESIAN_POINT('',(-41.28460000015,-25.13404967519,22.4));
#7323 = CARTESIAN_POINT('',(-41.92178803089,-25.18407865858,22.4));
#7324 = PCURVE('',#169,#7325);
#7325 = DEFINITIONAL_REPRESENTATION('',(#7326),#7377);
#7326 = B_SPLINE_CURVE_WITH_KNOTS('',3,(#7327,#7328,#7329,#7330,#7331,
    #7332,#7333,#7334,#7335,#7336,#7337,#7338,#7339,#7340,#7341,#7342,
    #7343,#7344,#7345,#7346,#7347,#7348,#7349,#7350,#7351,#7352,#7353,
    #7354,#7355,#7356,#7357,#7358,#7359,#7360,#7361,#7362,#7363,#7364,
    #7365,#7366,#7367,#7368,#7369,#7370,#7371,#7372,#7373,#7374,#7375,
    #7376),.UNSPECIFIED.,.F.,.F.,(4,1,1,1,1,1,1,1,1,1,1,1,1,1,1,1,1,1,1,
    1,1,1,1,1,1,1,1,1,1,1,1,1,1,1,1,1,1,1,1,1,1,1,1,1,1,1,1,4),(0.,
    2.712363629581,5.415653884531,7.889901421053,9.986742084351,
    12.07233621524,13.981450928582,15.730829279285,17.217976489194,
    18.70534511222,20.079261809959,21.357514213245,22.46799558875,
    23.608470848383,24.696515979748,25.743900293344,26.683864297553,
    27.681614976107,28.665922847739,29.643534481927,30.544804484636,
    31.523863593595,32.508882471553,33.502052098633,34.427210166566,
    35.439013636309,36.460687542796,37.491630530293,38.450636928084,
    39.49631232414,40.547756860041,41.603484223464,42.58022774738,
    43.639187672476,44.697549950026,45.75413920775,46.727235587527,
    47.778840627491,48.828245019521,49.876764601754,50.845806288818,
    51.899956703366,52.96296178269,54.040387692291,55.053510242706,
    56.178288511941,57.339605375855,58.548465428582),.UNSPECIFIED.);
#7327 = CARTESIAN_POINT('',(-9.687078542018,-5.720458763507));
#7328 = CARTESIAN_POINT('',(-9.358587563928,-6.542816446458));
#7329 = CARTESIAN_POINT('',(-8.644651844641,-8.231413027986));
#7330 = CARTESIAN_POINT('',(-7.822167095234,-10.72086818056));
#7331 = CARTESIAN_POINT('',(-7.1916838086,-13.06629965502));
#7332 = CARTESIAN_POINT('',(-6.760543657476,-15.24399570111));
#7333 = CARTESIAN_POINT('',(-6.503681872811,-17.26022671028));
#7334 = CARTESIAN_POINT('',(-6.409669017147,-19.17461817905));
#7335 = CARTESIAN_POINT('',(-6.468444874619,-20.89106345179));
#7336 = CARTESIAN_POINT('',(-6.658292983199,-22.45593821341));
#7337 = CARTESIAN_POINT('',(-6.964328078922,-23.8756713454));
#7338 = CARTESIAN_POINT('',(-7.392926794409,-25.18838137235));
#7339 = CARTESIAN_POINT('',(-7.84774638527,-26.35925957832));
#7340 = CARTESIAN_POINT('',(-8.40852467123,-27.39660001361));
#7341 = CARTESIAN_POINT('',(-9.045086728748,-28.31271093526));
#7342 = CARTESIAN_POINT('',(-9.776498494533,-29.12740874841));
#7343 = CARTESIAN_POINT('',(-10.5527967779,-29.80100523813));
#7344 = CARTESIAN_POINT('',(-11.37819515922,-30.36039650068));
#7345 = CARTESIAN_POINT('',(-12.24425793367,-30.81108695241));
#7346 = CARTESIAN_POINT('',(-13.16787113511,-31.16359934877));
#7347 = CARTESIAN_POINT('',(-14.09275580809,-31.40609795542));
#7348 = CARTESIAN_POINT('',(-15.03439852067,-31.55825555652));
#7349 = CARTESIAN_POINT('',(-15.98831041083,-31.62674243344));
#7350 = CARTESIAN_POINT('',(-16.97500287046,-31.61530636352));
#7351 = CARTESIAN_POINT('',(-17.93999939518,-31.53197683116));
#7352 = CARTESIAN_POINT('',(-18.90630001044,-31.38621573434));
#7353 = CARTESIAN_POINT('',(-19.87210682091,-31.18416226606));
#7354 = CARTESIAN_POINT('',(-20.86034343596,-30.92419562152));
#7355 = CARTESIAN_POINT('',(-21.81921529352,-30.62613564209));
#7356 = CARTESIAN_POINT('',(-22.77479391876,-30.29273438006));
#7357 = CARTESIAN_POINT('',(-23.72473682407,-29.92453440773));
#7358 = CARTESIAN_POINT('',(-24.70181386953,-29.53749646589));
#7359 = CARTESIAN_POINT('',(-25.65269864414,-29.14681888442));
#7360 = CARTESIAN_POINT('',(-26.60083181535,-28.74314617764));
#7361 = CARTESIAN_POINT('',(-27.54755462863,-28.33398930057));
#7362 = CARTESIAN_POINT('',(-28.51873365336,-27.91432988397));
#7363 = CARTESIAN_POINT('',(-29.46624595807,-27.51207070161));
#7364 = CARTESIAN_POINT('',(-30.41649911163,-27.12218011851));
#7365 = CARTESIAN_POINT('',(-31.37131379199,-26.75002020627));
#7366 = CARTESIAN_POINT('',(-32.35870714707,-26.39293813358));
#7367 = CARTESIAN_POINT('',(-33.33051979157,-26.07496201524));
#7368 = CARTESIAN_POINT('',(-34.31453160042,-25.79102541105));
#7369 = CARTESIAN_POINT('',(-35.3137819354,-25.54569608985));
#7370 = CARTESIAN_POINT('',(-36.35970069885,-25.34047185706));
#7371 = CARTESIAN_POINT('',(-37.3984804466,-25.1907445929));
#7372 = CARTESIAN_POINT('',(-38.47436085334,-25.0940258324));
#7373 = CARTESIAN_POINT('',(-39.54079169282,-25.05316055298));
#7374 = CARTESIAN_POINT('',(-40.83845431383,-25.08208213372));
#7375 = CARTESIAN_POINT('',(-41.28460000015,-25.13404967519));
#7376 = CARTESIAN_POINT('',(-41.92178803089,-25.18407865858));
#7377 = ( GEOMETRIC_REPRESENTATION_CONTEXT(2) 
PARAMETRIC_REPRESENTATION_CONTEXT() REPRESENTATION_CONTEXT('2D SPACE',''
  ) );
#7378 = PCURVE('',#1117,#7379);
#7379 = DEFINITIONAL_REPRESENTATION('',(#7380),#7384);
#7380 = LINE('',#7381,#7382);
#7381 = CARTESIAN_POINT('',(0.,-22.4));
#7382 = VECTOR('',#7383,1.);
#7383 = DIRECTION('',(1.,0.));
#7384 = ( GEOMETRIC_REPRESENTATION_CONTEXT(2) 
PARAMETRIC_REPRESENTATION_CONTEXT() REPRESENTATION_CONTEXT('2D SPACE',''
  ) );
#7385 = FACE_BOUND('',#7386,.T.);
#7386 = EDGE_LOOP('',(#7387,#7413,#7436,#7553,#7576,#7600));
#7387 = ORIENTED_EDGE('',*,*,#7388,.T.);
#7388 = EDGE_CURVE('',#7389,#7391,#7393,.T.);
#7389 = VERTEX_POINT('',#7390);
#7390 = CARTESIAN_POINT('',(-2.196328806542,-12.50864260315,22.4));
#7391 = VERTEX_POINT('',#7392);
#7392 = CARTESIAN_POINT('',(-0.11052333949,-12.69951906929,22.4));
#7393 = SURFACE_CURVE('',#7394,(#7399,#7406),.PCURVE_S1.);
#7394 = CIRCLE('',#7395,12.7);
#7395 = AXIS2_PLACEMENT_3D('',#7396,#7397,#7398);
#7396 = CARTESIAN_POINT('',(0.,0.,22.4));
#7397 = DIRECTION('',(0.,0.,1.));
#7398 = DIRECTION('',(1.,0.,-0.));
#7399 = PCURVE('',#169,#7400);
#7400 = DEFINITIONAL_REPRESENTATION('',(#7401),#7405);
#7401 = CIRCLE('',#7402,12.7);
#7402 = AXIS2_PLACEMENT_2D('',#7403,#7404);
#7403 = CARTESIAN_POINT('',(0.,-1.204325410458E-15));
#7404 = DIRECTION('',(1.,0.));
#7405 = ( GEOMETRIC_REPRESENTATION_CONTEXT(2) 
PARAMETRIC_REPRESENTATION_CONTEXT() REPRESENTATION_CONTEXT('2D SPACE',''
  ) );
#7406 = PCURVE('',#1246,#7407);
#7407 = DEFINITIONAL_REPRESENTATION('',(#7408),#7412);
#7408 = LINE('',#7409,#7410);
#7409 = CARTESIAN_POINT('',(-0.,-22.4));
#7410 = VECTOR('',#7411,1.);
#7411 = DIRECTION('',(-1.,0.));
#7412 = ( GEOMETRIC_REPRESENTATION_CONTEXT(2) 
PARAMETRIC_REPRESENTATION_CONTEXT() REPRESENTATION_CONTEXT('2D SPACE',''
  ) );
#7413 = ORIENTED_EDGE('',*,*,#7414,.F.);
#7414 = EDGE_CURVE('',#7415,#7391,#7417,.T.);
#7415 = VERTEX_POINT('',#7416);
#7416 = CARTESIAN_POINT('',(-0.11052333949,-14.1505145124,22.4));
#7417 = SURFACE_CURVE('',#7418,(#7422,#7429),.PCURVE_S1.);
#7418 = LINE('',#7419,#7420);
#7419 = CARTESIAN_POINT('',(-0.11052333949,-14.1505145124,22.4));
#7420 = VECTOR('',#7421,1.);
#7421 = DIRECTION('',(2.22044604925E-16,1.,0.));
#7422 = PCURVE('',#169,#7423);
#7423 = DEFINITIONAL_REPRESENTATION('',(#7424),#7428);
#7424 = LINE('',#7425,#7426);
#7425 = CARTESIAN_POINT('',(-0.11052333949,-14.1505145124));
#7426 = VECTOR('',#7427,1.);
#7427 = DIRECTION('',(2.22044604925E-16,1.));
#7428 = ( GEOMETRIC_REPRESENTATION_CONTEXT(2) 
PARAMETRIC_REPRESENTATION_CONTEXT() REPRESENTATION_CONTEXT('2D SPACE',''
  ) );
#7429 = PCURVE('',#1274,#7430);
#7430 = DEFINITIONAL_REPRESENTATION('',(#7431),#7435);
#7431 = LINE('',#7432,#7433);
#7432 = CARTESIAN_POINT('',(0.,-22.4));
#7433 = VECTOR('',#7434,1.);
#7434 = DIRECTION('',(1.,0.));
#7435 = ( GEOMETRIC_REPRESENTATION_CONTEXT(2) 
PARAMETRIC_REPRESENTATION_CONTEXT() REPRESENTATION_CONTEXT('2D SPACE',''
  ) );
#7436 = ORIENTED_EDGE('',*,*,#7437,.F.);
#7437 = EDGE_CURVE('',#7438,#7415,#7440,.T.);
#7438 = VERTEX_POINT('',#7439);
#7439 = CARTESIAN_POINT('',(-0.849157873792,-48.10262726389,22.4));
#7440 = SURFACE_CURVE('',#7441,(#7492,#7546),.PCURVE_S1.);
#7441 = B_SPLINE_CURVE_WITH_KNOTS('',3,(#7442,#7443,#7444,#7445,#7446,
    #7447,#7448,#7449,#7450,#7451,#7452,#7453,#7454,#7455,#7456,#7457,
    #7458,#7459,#7460,#7461,#7462,#7463,#7464,#7465,#7466,#7467,#7468,
    #7469,#7470,#7471,#7472,#7473,#7474,#7475,#7476,#7477,#7478,#7479,
    #7480,#7481,#7482,#7483,#7484,#7485,#7486,#7487,#7488,#7489,#7490,
    #7491),.UNSPECIFIED.,.F.,.F.,(4,1,1,1,1,1,1,1,1,1,1,1,1,1,1,1,1,1,1,
    1,1,1,1,1,1,1,1,1,1,1,1,1,1,1,1,1,1,1,1,1,1,1,1,1,1,1,1,4),(0.,
    1.310275187177,2.575554712222,3.800853833955,4.902089094641,
    6.06831455688,7.21183434275,8.337173980858,9.363078484396,
    10.46331856218,11.554153671202,12.637112639117,13.630528059043,
    14.700223728197,15.762924250692,16.817962772309,17.784172052652,
    18.821404601302,19.84721146813,20.859830292326,21.78133906864,
    22.763820637486,23.728524475563,24.674422276675,25.530408882817,
    26.439181751574,27.329575345756,28.203542707491,28.998544434436,
    29.851442200626,30.702034885941,31.558695680793,32.363786840272,
    33.262555459008,34.202118316714,35.196909054575,36.177314147534,
    37.320972597039,38.563122142845,39.916198777823,41.276469790388,
    42.885560125174,44.651495886816,46.590899109622,48.549892956214,
    50.871342573664,53.417826896227,55.987800380247),.UNSPECIFIED.);
#7442 = CARTESIAN_POINT('',(-0.849157873792,-48.10262726389,22.4));
#7443 = CARTESIAN_POINT('',(-0.648854267128,-47.71860123312,22.4));
#7444 = CARTESIAN_POINT('',(-0.265446432616,-46.94402954063,22.4));
#7445 = CARTESIAN_POINT('',(0.388982863609,-45.86019334838,22.4));
#7446 = CARTESIAN_POINT('',(1.059366324409,-44.8670454435,22.4));
#7447 = CARTESIAN_POINT('',(1.764146780244,-43.93978537511,22.4));
#7448 = CARTESIAN_POINT('',(2.498392570523,-43.07094712417,22.4));
#7449 = CARTESIAN_POINT('',(3.281566803911,-42.23502258541,22.4));
#7450 = CARTESIAN_POINT('',(4.069372766189,-41.46930337775,22.4));
#7451 = CARTESIAN_POINT('',(4.8765007459,-40.74561387618,22.4));
#7452 = CARTESIAN_POINT('',(5.699801370078,-40.0582214316,22.4));
#7453 = CARTESIAN_POINT('',(6.558790753779,-39.38481939996,22.4));
#7454 = CARTESIAN_POINT('',(7.405522063,-38.75410776743,22.4));
#7455 = CARTESIAN_POINT('',(8.25752679159,-38.14262669606,22.4));
#7456 = CARTESIAN_POINT('',(9.111349068736,-37.54542183783,22.4));
#7457 = CARTESIAN_POINT('',(9.985843080708,-36.94199769441,22.4));
#7458 = CARTESIAN_POINT('',(10.832106410265,-36.35839735949,22.4));
#7459 = CARTESIAN_POINT('',(11.667812215975,-35.77445784228,22.4));
#7460 = CARTESIAN_POINT('',(12.48981151045,-35.18798570274,22.4));
#7461 = CARTESIAN_POINT('',(13.310498002297,-34.57315842915,22.4));
#7462 = CARTESIAN_POINT('',(14.074955367626,-33.94907190071,22.4));
#7463 = CARTESIAN_POINT('',(14.812558757402,-33.31556741226,22.4));
#7464 = CARTESIAN_POINT('',(15.514874123011,-32.66620569672,22.4));
#7465 = CARTESIAN_POINT('',(16.194073786239,-31.98111558951,22.4));
#7466 = CARTESIAN_POINT('',(16.80933405399,-31.29352503769,22.4));
#7467 = CARTESIAN_POINT('',(17.373182617427,-30.58687786644,22.4));
#7468 = CARTESIAN_POINT('',(17.88058050997,-29.86081522206,22.4));
#7469 = CARTESIAN_POINT('',(18.335670361552,-29.09369156778,22.4));
#7470 = CARTESIAN_POINT('',(18.708928479858,-28.32531539217,22.4));
#7471 = CARTESIAN_POINT('',(19.008303846318,-27.53866715558,22.4));
#7472 = CARTESIAN_POINT('',(19.228809519399,-26.73397405244,22.4));
#7473 = CARTESIAN_POINT('',(19.364398688796,-25.88964232122,22.4));
#7474 = CARTESIAN_POINT('',(19.401250766106,-25.05101528795,22.4));
#7475 = CARTESIAN_POINT('',(19.339699874786,-24.19796815088,22.4));
#7476 = CARTESIAN_POINT('',(19.171874839014,-23.33056763822,22.4));
#7477 = CARTESIAN_POINT('',(18.877444973451,-22.43080909016,22.4));
#7478 = CARTESIAN_POINT('',(18.463527817618,-21.54882688835,22.4));
#7479 = CARTESIAN_POINT('',(17.912707004707,-20.66553066553,22.4));
#7480 = CARTESIAN_POINT('',(17.22819108254,-19.77162013207,22.4));
#7481 = CARTESIAN_POINT('',(16.311091642867,-18.92093289772,22.4));
#7482 = CARTESIAN_POINT('',(15.257437304339,-18.12591041918,22.4));
#7483 = CARTESIAN_POINT('',(14.030731866037,-17.36632414147,22.4));
#7484 = CARTESIAN_POINT('',(12.620942335491,-16.6533646261,22.4));
#7485 = CARTESIAN_POINT('',(10.974558593824,-15.98758100202,22.4));
#7486 = CARTESIAN_POINT('',(9.184262062185,-15.41673202571,22.4));
#7487 = CARTESIAN_POINT('',(7.123024699569,-14.92429093128,22.4));
#7488 = CARTESIAN_POINT('',(5.085601186932,-14.54693028684,22.4));
#7489 = CARTESIAN_POINT('',(1.748830052484,-14.2161025891,22.4));
#7490 = CARTESIAN_POINT('',(2.264640390495,-14.27871593992,22.4));
#7491 = CARTESIAN_POINT('',(-0.11052333949,-14.1505145124,22.4));
#7492 = PCURVE('',#169,#7493);
#7493 = DEFINITIONAL_REPRESENTATION('',(#7494),#7545);
#7494 = B_SPLINE_CURVE_WITH_KNOTS('',3,(#7495,#7496,#7497,#7498,#7499,
    #7500,#7501,#7502,#7503,#7504,#7505,#7506,#7507,#7508,#7509,#7510,
    #7511,#7512,#7513,#7514,#7515,#7516,#7517,#7518,#7519,#7520,#7521,
    #7522,#7523,#7524,#7525,#7526,#7527,#7528,#7529,#7530,#7531,#7532,
    #7533,#7534,#7535,#7536,#7537,#7538,#7539,#7540,#7541,#7542,#7543,
    #7544),.UNSPECIFIED.,.F.,.F.,(4,1,1,1,1,1,1,1,1,1,1,1,1,1,1,1,1,1,1,
    1,1,1,1,1,1,1,1,1,1,1,1,1,1,1,1,1,1,1,1,1,1,1,1,1,1,1,1,4),(0.,
    1.310275187177,2.575554712222,3.800853833955,4.902089094641,
    6.06831455688,7.21183434275,8.337173980858,9.363078484396,
    10.46331856218,11.554153671202,12.637112639117,13.630528059043,
    14.700223728197,15.762924250692,16.817962772309,17.784172052652,
    18.821404601302,19.84721146813,20.859830292326,21.78133906864,
    22.763820637486,23.728524475563,24.674422276675,25.530408882817,
    26.439181751574,27.329575345756,28.203542707491,28.998544434436,
    29.851442200626,30.702034885941,31.558695680793,32.363786840272,
    33.262555459008,34.202118316714,35.196909054575,36.177314147534,
    37.320972597039,38.563122142845,39.916198777823,41.276469790388,
    42.885560125174,44.651495886816,46.590899109622,48.549892956214,
    50.871342573664,53.417826896227,55.987800380247),.UNSPECIFIED.);
#7495 = CARTESIAN_POINT('',(-0.849157873792,-48.10262726389));
#7496 = CARTESIAN_POINT('',(-0.648854267128,-47.71860123312));
#7497 = CARTESIAN_POINT('',(-0.265446432616,-46.94402954063));
#7498 = CARTESIAN_POINT('',(0.388982863609,-45.86019334838));
#7499 = CARTESIAN_POINT('',(1.059366324409,-44.8670454435));
#7500 = CARTESIAN_POINT('',(1.764146780244,-43.93978537511));
#7501 = CARTESIAN_POINT('',(2.498392570523,-43.07094712417));
#7502 = CARTESIAN_POINT('',(3.281566803911,-42.23502258541));
#7503 = CARTESIAN_POINT('',(4.069372766189,-41.46930337775));
#7504 = CARTESIAN_POINT('',(4.8765007459,-40.74561387618));
#7505 = CARTESIAN_POINT('',(5.699801370078,-40.0582214316));
#7506 = CARTESIAN_POINT('',(6.558790753779,-39.38481939996));
#7507 = CARTESIAN_POINT('',(7.405522063,-38.75410776743));
#7508 = CARTESIAN_POINT('',(8.25752679159,-38.14262669606));
#7509 = CARTESIAN_POINT('',(9.111349068736,-37.54542183783));
#7510 = CARTESIAN_POINT('',(9.985843080708,-36.94199769441));
#7511 = CARTESIAN_POINT('',(10.832106410265,-36.35839735949));
#7512 = CARTESIAN_POINT('',(11.667812215975,-35.77445784228));
#7513 = CARTESIAN_POINT('',(12.48981151045,-35.18798570274));
#7514 = CARTESIAN_POINT('',(13.310498002297,-34.57315842915));
#7515 = CARTESIAN_POINT('',(14.074955367626,-33.94907190071));
#7516 = CARTESIAN_POINT('',(14.812558757402,-33.31556741226));
#7517 = CARTESIAN_POINT('',(15.514874123011,-32.66620569672));
#7518 = CARTESIAN_POINT('',(16.194073786239,-31.98111558951));
#7519 = CARTESIAN_POINT('',(16.80933405399,-31.29352503769));
#7520 = CARTESIAN_POINT('',(17.373182617427,-30.58687786644));
#7521 = CARTESIAN_POINT('',(17.88058050997,-29.86081522206));
#7522 = CARTESIAN_POINT('',(18.335670361552,-29.09369156778));
#7523 = CARTESIAN_POINT('',(18.708928479858,-28.32531539217));
#7524 = CARTESIAN_POINT('',(19.008303846318,-27.53866715558));
#7525 = CARTESIAN_POINT('',(19.228809519399,-26.73397405244));
#7526 = CARTESIAN_POINT('',(19.364398688796,-25.88964232122));
#7527 = CARTESIAN_POINT('',(19.401250766106,-25.05101528795));
#7528 = CARTESIAN_POINT('',(19.339699874786,-24.19796815088));
#7529 = CARTESIAN_POINT('',(19.171874839014,-23.33056763822));
#7530 = CARTESIAN_POINT('',(18.877444973451,-22.43080909016));
#7531 = CARTESIAN_POINT('',(18.463527817618,-21.54882688835));
#7532 = CARTESIAN_POINT('',(17.912707004707,-20.66553066553));
#7533 = CARTESIAN_POINT('',(17.22819108254,-19.77162013207));
#7534 = CARTESIAN_POINT('',(16.311091642867,-18.92093289772));
#7535 = CARTESIAN_POINT('',(15.257437304339,-18.12591041918));
#7536 = CARTESIAN_POINT('',(14.030731866037,-17.36632414147));
#7537 = CARTESIAN_POINT('',(12.620942335491,-16.6533646261));
#7538 = CARTESIAN_POINT('',(10.974558593824,-15.98758100202));
#7539 = CARTESIAN_POINT('',(9.184262062185,-15.41673202571));
#7540 = CARTESIAN_POINT('',(7.123024699569,-14.92429093128));
#7541 = CARTESIAN_POINT('',(5.085601186932,-14.54693028684));
#7542 = CARTESIAN_POINT('',(1.748830052484,-14.2161025891));
#7543 = CARTESIAN_POINT('',(2.264640390495,-14.27871593992));
#7544 = CARTESIAN_POINT('',(-0.11052333949,-14.1505145124));
#7545 = ( GEOMETRIC_REPRESENTATION_CONTEXT(2) 
PARAMETRIC_REPRESENTATION_CONTEXT() REPRESENTATION_CONTEXT('2D SPACE',''
  ) );
#7546 = PCURVE('',#1396,#7547);
#7547 = DEFINITIONAL_REPRESENTATION('',(#7548),#7552);
#7548 = LINE('',#7549,#7550);
#7549 = CARTESIAN_POINT('',(0.,-22.4));
#7550 = VECTOR('',#7551,1.);
#7551 = DIRECTION('',(1.,0.));
#7552 = ( GEOMETRIC_REPRESENTATION_CONTEXT(2) 
PARAMETRIC_REPRESENTATION_CONTEXT() REPRESENTATION_CONTEXT('2D SPACE',''
  ) );
#7553 = ORIENTED_EDGE('',*,*,#7554,.F.);
#7554 = EDGE_CURVE('',#7555,#7438,#7557,.T.);
#7555 = VERTEX_POINT('',#7556);
#7556 = CARTESIAN_POINT('',(-1.04227966586,-48.48879925403,22.4));
#7557 = SURFACE_CURVE('',#7558,(#7562,#7569),.PCURVE_S1.);
#7558 = LINE('',#7559,#7560);
#7559 = CARTESIAN_POINT('',(-1.931422756966,-50.26675581365,22.4));
#7560 = VECTOR('',#7561,1.);
#7561 = DIRECTION('',(0.447279920407,0.894394025472,0.));
#7562 = PCURVE('',#169,#7563);
#7563 = DEFINITIONAL_REPRESENTATION('',(#7564),#7568);
#7564 = LINE('',#7565,#7566);
#7565 = CARTESIAN_POINT('',(-1.931422756966,-50.26675581365));
#7566 = VECTOR('',#7567,1.);
#7567 = DIRECTION('',(0.447279920407,0.894394025472));
#7568 = ( GEOMETRIC_REPRESENTATION_CONTEXT(2) 
PARAMETRIC_REPRESENTATION_CONTEXT() REPRESENTATION_CONTEXT('2D SPACE',''
  ) );
#7569 = PCURVE('',#1520,#7570);
#7570 = DEFINITIONAL_REPRESENTATION('',(#7571),#7575);
#7571 = LINE('',#7572,#7573);
#7572 = CARTESIAN_POINT('',(-1.987889575495,-22.4));
#7573 = VECTOR('',#7574,1.);
#7574 = DIRECTION('',(1.,0.));
#7575 = ( GEOMETRIC_REPRESENTATION_CONTEXT(2) 
PARAMETRIC_REPRESENTATION_CONTEXT() REPRESENTATION_CONTEXT('2D SPACE',''
  ) );
#7576 = ORIENTED_EDGE('',*,*,#7577,.F.);
#7577 = EDGE_CURVE('',#7578,#7555,#7580,.T.);
#7578 = VERTEX_POINT('',#7579);
#7579 = CARTESIAN_POINT('',(-23.34155203776,-42.5137853933,22.4));
#7580 = SURFACE_CURVE('',#7581,(#7586,#7593),.PCURVE_S1.);
#7581 = CIRCLE('',#7582,48.5);
#7582 = AXIS2_PLACEMENT_3D('',#7583,#7584,#7585);
#7583 = CARTESIAN_POINT('',(0.,0.,22.4));
#7584 = DIRECTION('',(0.,0.,1.));
#7585 = DIRECTION('',(1.,0.,-0.));
#7586 = PCURVE('',#169,#7587);
#7587 = DEFINITIONAL_REPRESENTATION('',(#7588),#7592);
#7588 = CIRCLE('',#7589,48.5);
#7589 = AXIS2_PLACEMENT_2D('',#7590,#7591);
#7590 = CARTESIAN_POINT('',(0.,-1.204325410458E-15));
#7591 = DIRECTION('',(1.,0.));
#7592 = ( GEOMETRIC_REPRESENTATION_CONTEXT(2) 
PARAMETRIC_REPRESENTATION_CONTEXT() REPRESENTATION_CONTEXT('2D SPACE',''
  ) );
#7593 = PCURVE('',#1549,#7594);
#7594 = DEFINITIONAL_REPRESENTATION('',(#7595),#7599);
#7595 = LINE('',#7596,#7597);
#7596 = CARTESIAN_POINT('',(-0.,-22.4));
#7597 = VECTOR('',#7598,1.);
#7598 = DIRECTION('',(-1.,0.));
#7599 = ( GEOMETRIC_REPRESENTATION_CONTEXT(2) 
PARAMETRIC_REPRESENTATION_CONTEXT() REPRESENTATION_CONTEXT('2D SPACE',''
  ) );
#7600 = ORIENTED_EDGE('',*,*,#7601,.F.);
#7601 = EDGE_CURVE('',#7389,#7578,#7602,.T.);
#7602 = SURFACE_CURVE('',#7603,(#7654,#7708),.PCURVE_S1.);
#7603 = B_SPLINE_CURVE_WITH_KNOTS('',3,(#7604,#7605,#7606,#7607,#7608,
    #7609,#7610,#7611,#7612,#7613,#7614,#7615,#7616,#7617,#7618,#7619,
    #7620,#7621,#7622,#7623,#7624,#7625,#7626,#7627,#7628,#7629,#7630,
    #7631,#7632,#7633,#7634,#7635,#7636,#7637,#7638,#7639,#7640,#7641,
    #7642,#7643,#7644,#7645,#7646,#7647,#7648,#7649,#7650,#7651,#7652,
    #7653),.UNSPECIFIED.,.F.,.F.,(4,1,1,1,1,1,1,1,1,1,1,1,1,1,1,1,1,1,1,
    1,1,1,1,1,1,1,1,1,1,1,1,1,1,1,1,1,1,1,1,1,1,1,1,1,1,1,1,4),(0.,
    2.712363629581,5.415653884531,7.889901421053,9.986742084351,
    12.07233621524,13.981450928582,15.730829279285,17.217976489194,
    18.70534511222,20.079261809959,21.357514213245,22.46799558875,
    23.608470848383,24.696515979748,25.743900293344,26.683864297553,
    27.681614976107,28.665922847739,29.643534481927,30.544804484636,
    31.523863593595,32.508882471553,33.502052098633,34.427210166566,
    35.439013636309,36.460687542796,37.491630530293,38.450636928084,
    39.49631232414,40.547756860041,41.603484223464,42.58022774738,
    43.639187672476,44.697549950026,45.75413920775,46.727235587527,
    47.778840627491,48.828245019521,49.876764601754,50.845806288818,
    51.899956703366,52.96296178269,54.040387692291,55.053510242706,
    56.178288511941,57.339605375855,58.548465428582),.UNSPECIFIED.);
#7604 = CARTESIAN_POINT('',(-5.529026724089,-9.797601881507,22.4));
#7605 = CARTESIAN_POINT('',(-4.833366350674,-10.34553903689,22.4));
#7606 = CARTESIAN_POINT('',(-3.370781590338,-11.45093871359,22.4));
#7607 = CARTESIAN_POINT('',(-1.413761326837,-13.19562774261,22.4));
#7608 = CARTESIAN_POINT('',(0.30496895328,-14.91158933901,22.4));
#7609 = CARTESIAN_POINT('',(1.76719529979,-16.58195936108,22.4));
#7610 = CARTESIAN_POINT('',(2.997759635157,-18.19963574259,22.4));
#7611 = CARTESIAN_POINT('',(4.03637289083,-19.8105409595,22.4));
#7612 = CARTESIAN_POINT('',(4.843694141498,-21.32641409863,22.4));
#7613 = CARTESIAN_POINT('',(5.461718237415,-22.77655945022,22.4));
#7614 = CARTESIAN_POINT('',(5.906550636066,-24.15910195699,22.4));
#7615 = CARTESIAN_POINT('',(6.1917282739,-25.51024154587,22.4));
#7616 = CARTESIAN_POINT('',(6.383282057059,-26.75166161241,22.4));
#7617 = CARTESIAN_POINT('',(6.416304033174,-27.93041392472,22.4));
#7618 = CARTESIAN_POINT('',(6.323080581103,-29.04207028431,22.4));
#7619 = CARTESIAN_POINT('',(6.097008317883,-30.11332516981,22.4));
#7620 = CARTESIAN_POINT('',(5.761512528428,-31.08482598349,22.4));
#7621 = CARTESIAN_POINT('',(5.326392193236,-31.98197221817,22.4));
#7622 = CARTESIAN_POINT('',(4.801705055154,-32.80531298584,22.4));
#7623 = CARTESIAN_POINT('',(4.178088757613,-33.57240427695,22.4));
#7624 = CARTESIAN_POINT('',(3.498364438566,-34.24485656718,22.4));
#7625 = CARTESIAN_POINT('',(2.758956728743,-34.84745027141,22.4));
#7626 = CARTESIAN_POINT('',(1.967088237349,-35.38371759173,22.4));
#7627 = CARTESIAN_POINT('',(1.106869466628,-35.86715989447,22.4));
#7628 = CARTESIAN_POINT('',(0.229493195474,-36.27749266492,22.4));
#7629 = CARTESIAN_POINT('',(-0.680228233441,-36.63441015982,22.4));
#7630 = CARTESIAN_POINT('',(-1.617668200601,-36.9423301286,22.4));
#7631 = CARTESIAN_POINT('',(-2.603489536453,-37.21131071782,22.4));
#7632 = CARTESIAN_POINT('',(-3.582926913784,-37.43261913256,22.4));
#7633 = CARTESIAN_POINT('',(-4.577182909576,-37.62167448261,22.4));
#7634 = CARTESIAN_POINT('',(-5.583957583884,-37.77777540556,22.4));
#7635 = CARTESIAN_POINT('',(-6.623650097623,-37.93112923842,22.4));
#7636 = CARTESIAN_POINT('',(-7.642479259242,-38.06823491549,22.4));
#7637 = CARTESIAN_POINT('',(-8.665423025074,-38.1927106822,22.4));
#7638 = CARTESIAN_POINT('',(-9.689887470247,-38.31173183917,22.4));
#7639 = CARTESIAN_POINT('',(-10.74078288558,-38.43388563581,22.4));
#7640 = CARTESIAN_POINT('',(-11.76248220304,-38.55927511734,22.4));
#7641 = CARTESIAN_POINT('',(-12.7803708656,-38.69674654446,22.4));
#7642 = CARTESIAN_POINT('',(-13.79334459082,-38.85185394638,22.4));
#7643 = CARTESIAN_POINT('',(-14.8269933562,-39.03630847773,22.4));
#7644 = CARTESIAN_POINT('',(-15.82759585322,-39.2468394037,22.4));
#7645 = CARTESIAN_POINT('',(-16.8217433794,-39.49294899584,22.4));
#7646 = CARTESIAN_POINT('',(-17.80978421483,-39.78011273887,22.4));
#7647 = CARTESIAN_POINT('',(-18.81818855067,-40.12534272153,22.4));
#7648 = CARTESIAN_POINT('',(-19.79266183324,-40.515064981,22.4));
#7649 = CARTESIAN_POINT('',(-20.77276097716,-40.96924428075,22.4));
#7650 = CARTESIAN_POINT('',(-21.71674981523,-41.46706933038,22.4));
#7651 = CARTESIAN_POINT('',(-22.8260978202,-42.14094746452,22.4));
#7652 = CARTESIAN_POINT('',(-23.18648754761,-42.40902551877,22.4));
#7653 = CARTESIAN_POINT('',(-23.71329407752,-42.77094590468,22.4));
#7654 = PCURVE('',#169,#7655);
#7655 = DEFINITIONAL_REPRESENTATION('',(#7656),#7707);
#7656 = B_SPLINE_CURVE_WITH_KNOTS('',3,(#7657,#7658,#7659,#7660,#7661,
    #7662,#7663,#7664,#7665,#7666,#7667,#7668,#7669,#7670,#7671,#7672,
    #7673,#7674,#7675,#7676,#7677,#7678,#7679,#7680,#7681,#7682,#7683,
    #7684,#7685,#7686,#7687,#7688,#7689,#7690,#7691,#7692,#7693,#7694,
    #7695,#7696,#7697,#7698,#7699,#7700,#7701,#7702,#7703,#7704,#7705,
    #7706),.UNSPECIFIED.,.F.,.F.,(4,1,1,1,1,1,1,1,1,1,1,1,1,1,1,1,1,1,1,
    1,1,1,1,1,1,1,1,1,1,1,1,1,1,1,1,1,1,1,1,1,1,1,1,1,1,1,1,4),(0.,
    2.712363629581,5.415653884531,7.889901421053,9.986742084351,
    12.07233621524,13.981450928582,15.730829279285,17.217976489194,
    18.70534511222,20.079261809959,21.357514213245,22.46799558875,
    23.608470848383,24.696515979748,25.743900293344,26.683864297553,
    27.681614976107,28.665922847739,29.643534481927,30.544804484636,
    31.523863593595,32.508882471553,33.502052098633,34.427210166566,
    35.439013636309,36.460687542796,37.491630530293,38.450636928084,
    39.49631232414,40.547756860041,41.603484223464,42.58022774738,
    43.639187672476,44.697549950026,45.75413920775,46.727235587527,
    47.778840627491,48.828245019521,49.876764601754,50.845806288818,
    51.899956703366,52.96296178269,54.040387692291,55.053510242706,
    56.178288511941,57.339605375855,58.548465428582),.UNSPECIFIED.);
#7657 = CARTESIAN_POINT('',(-5.529026724089,-9.797601881507));
#7658 = CARTESIAN_POINT('',(-4.833366350674,-10.34553903689));
#7659 = CARTESIAN_POINT('',(-3.370781590338,-11.45093871359));
#7660 = CARTESIAN_POINT('',(-1.413761326837,-13.19562774261));
#7661 = CARTESIAN_POINT('',(0.30496895328,-14.91158933901));
#7662 = CARTESIAN_POINT('',(1.76719529979,-16.58195936108));
#7663 = CARTESIAN_POINT('',(2.997759635157,-18.19963574259));
#7664 = CARTESIAN_POINT('',(4.03637289083,-19.8105409595));
#7665 = CARTESIAN_POINT('',(4.843694141498,-21.32641409863));
#7666 = CARTESIAN_POINT('',(5.461718237415,-22.77655945022));
#7667 = CARTESIAN_POINT('',(5.906550636066,-24.15910195699));
#7668 = CARTESIAN_POINT('',(6.1917282739,-25.51024154587));
#7669 = CARTESIAN_POINT('',(6.383282057059,-26.75166161241));
#7670 = CARTESIAN_POINT('',(6.416304033174,-27.93041392472));
#7671 = CARTESIAN_POINT('',(6.323080581103,-29.04207028431));
#7672 = CARTESIAN_POINT('',(6.097008317883,-30.11332516981));
#7673 = CARTESIAN_POINT('',(5.761512528428,-31.08482598349));
#7674 = CARTESIAN_POINT('',(5.326392193236,-31.98197221817));
#7675 = CARTESIAN_POINT('',(4.801705055154,-32.80531298584));
#7676 = CARTESIAN_POINT('',(4.178088757613,-33.57240427695));
#7677 = CARTESIAN_POINT('',(3.498364438566,-34.24485656718));
#7678 = CARTESIAN_POINT('',(2.758956728743,-34.84745027141));
#7679 = CARTESIAN_POINT('',(1.967088237349,-35.38371759173));
#7680 = CARTESIAN_POINT('',(1.106869466628,-35.86715989447));
#7681 = CARTESIAN_POINT('',(0.229493195474,-36.27749266492));
#7682 = CARTESIAN_POINT('',(-0.680228233441,-36.63441015982));
#7683 = CARTESIAN_POINT('',(-1.617668200601,-36.9423301286));
#7684 = CARTESIAN_POINT('',(-2.603489536453,-37.21131071782));
#7685 = CARTESIAN_POINT('',(-3.582926913784,-37.43261913256));
#7686 = CARTESIAN_POINT('',(-4.577182909576,-37.62167448261));
#7687 = CARTESIAN_POINT('',(-5.583957583884,-37.77777540556));
#7688 = CARTESIAN_POINT('',(-6.623650097623,-37.93112923842));
#7689 = CARTESIAN_POINT('',(-7.642479259242,-38.06823491549));
#7690 = CARTESIAN_POINT('',(-8.665423025074,-38.1927106822));
#7691 = CARTESIAN_POINT('',(-9.689887470247,-38.31173183917));
#7692 = CARTESIAN_POINT('',(-10.74078288558,-38.43388563581));
#7693 = CARTESIAN_POINT('',(-11.76248220304,-38.55927511734));
#7694 = CARTESIAN_POINT('',(-12.7803708656,-38.69674654446));
#7695 = CARTESIAN_POINT('',(-13.79334459082,-38.85185394638));
#7696 = CARTESIAN_POINT('',(-14.8269933562,-39.03630847773));
#7697 = CARTESIAN_POINT('',(-15.82759585322,-39.2468394037));
#7698 = CARTESIAN_POINT('',(-16.8217433794,-39.49294899584));
#7699 = CARTESIAN_POINT('',(-17.80978421483,-39.78011273887));
#7700 = CARTESIAN_POINT('',(-18.81818855067,-40.12534272153));
#7701 = CARTESIAN_POINT('',(-19.79266183324,-40.515064981));
#7702 = CARTESIAN_POINT('',(-20.77276097716,-40.96924428075));
#7703 = CARTESIAN_POINT('',(-21.71674981523,-41.46706933038));
#7704 = CARTESIAN_POINT('',(-22.8260978202,-42.14094746452));
#7705 = CARTESIAN_POINT('',(-23.18648754761,-42.40902551877));
#7706 = CARTESIAN_POINT('',(-23.71329407752,-42.77094590468));
#7707 = ( GEOMETRIC_REPRESENTATION_CONTEXT(2) 
PARAMETRIC_REPRESENTATION_CONTEXT() REPRESENTATION_CONTEXT('2D SPACE',''
  ) );
#7708 = PCURVE('',#1669,#7709);
#7709 = DEFINITIONAL_REPRESENTATION('',(#7710),#7714);
#7710 = LINE('',#7711,#7712);
#7711 = CARTESIAN_POINT('',(0.,-22.4));
#7712 = VECTOR('',#7713,1.);
#7713 = DIRECTION('',(1.,0.));
#7714 = ( GEOMETRIC_REPRESENTATION_CONTEXT(2) 
PARAMETRIC_REPRESENTATION_CONTEXT() REPRESENTATION_CONTEXT('2D SPACE',''
  ) );
#7715 = FACE_BOUND('',#7716,.T.);
#7716 = EDGE_LOOP('',(#7717,#7743,#7766,#7883,#7906,#7930));
#7717 = ORIENTED_EDGE('',*,*,#7718,.T.);
#7718 = EDGE_CURVE('',#7719,#7721,#7723,.T.);
#7719 = VERTEX_POINT('',#7720);
#7720 = CARTESIAN_POINT('',(-11.93096666446,-4.35224476005,22.4));
#7721 = VERTEX_POINT('',#7722);
#7722 = CARTESIAN_POINT('',(-11.0533677996,-6.254043514939,22.4));
#7723 = SURFACE_CURVE('',#7724,(#7729,#7736),.PCURVE_S1.);
#7724 = CIRCLE('',#7725,12.7);
#7725 = AXIS2_PLACEMENT_3D('',#7726,#7727,#7728);
#7726 = CARTESIAN_POINT('',(0.,0.,22.4));
#7727 = DIRECTION('',(0.,0.,1.));
#7728 = DIRECTION('',(1.,0.,-0.));
#7729 = PCURVE('',#169,#7730);
#7730 = DEFINITIONAL_REPRESENTATION('',(#7731),#7735);
#7731 = CIRCLE('',#7732,12.7);
#7732 = AXIS2_PLACEMENT_2D('',#7733,#7734);
#7733 = CARTESIAN_POINT('',(0.,-1.204325410458E-15));
#7734 = DIRECTION('',(1.,0.));
#7735 = ( GEOMETRIC_REPRESENTATION_CONTEXT(2) 
PARAMETRIC_REPRESENTATION_CONTEXT() REPRESENTATION_CONTEXT('2D SPACE',''
  ) );
#7736 = PCURVE('',#1798,#7737);
#7737 = DEFINITIONAL_REPRESENTATION('',(#7738),#7742);
#7738 = LINE('',#7739,#7740);
#7739 = CARTESIAN_POINT('',(-0.,-22.4));
#7740 = VECTOR('',#7741,1.);
#7741 = DIRECTION('',(-1.,0.));
#7742 = ( GEOMETRIC_REPRESENTATION_CONTEXT(2) 
PARAMETRIC_REPRESENTATION_CONTEXT() REPRESENTATION_CONTEXT('2D SPACE',''
  ) );
#7743 = ORIENTED_EDGE('',*,*,#7744,.F.);
#7744 = EDGE_CURVE('',#7745,#7721,#7747,.T.);
#7745 = VERTEX_POINT('',#7746);
#7746 = CARTESIAN_POINT('',(-12.3099667141,-6.979541236493,22.4));
#7747 = SURFACE_CURVE('',#7748,(#7752,#7759),.PCURVE_S1.);
#7748 = LINE('',#7749,#7750);
#7749 = CARTESIAN_POINT('',(-12.3099667141,-6.979541236493,22.4));
#7750 = VECTOR('',#7751,1.);
#7751 = DIRECTION('',(0.866025403784,0.5,0.));
#7752 = PCURVE('',#169,#7753);
#7753 = DEFINITIONAL_REPRESENTATION('',(#7754),#7758);
#7754 = LINE('',#7755,#7756);
#7755 = CARTESIAN_POINT('',(-12.3099667141,-6.979541236493));
#7756 = VECTOR('',#7757,1.);
#7757 = DIRECTION('',(0.866025403784,0.5));
#7758 = ( GEOMETRIC_REPRESENTATION_CONTEXT(2) 
PARAMETRIC_REPRESENTATION_CONTEXT() REPRESENTATION_CONTEXT('2D SPACE',''
  ) );
#7759 = PCURVE('',#1826,#7760);
#7760 = DEFINITIONAL_REPRESENTATION('',(#7761),#7765);
#7761 = LINE('',#7762,#7763);
#7762 = CARTESIAN_POINT('',(0.,-22.4));
#7763 = VECTOR('',#7764,1.);
#7764 = DIRECTION('',(1.,0.));
#7765 = ( GEOMETRIC_REPRESENTATION_CONTEXT(2) 
PARAMETRIC_REPRESENTATION_CONTEXT() REPRESENTATION_CONTEXT('2D SPACE',''
  ) );
#7766 = ORIENTED_EDGE('',*,*,#7767,.F.);
#7767 = EDGE_CURVE('',#7768,#7745,#7770,.T.);
#7768 = VERTEX_POINT('',#7769);
#7769 = CARTESIAN_POINT('',(-42.0826761362,-23.31592134141,22.4));
#7770 = SURFACE_CURVE('',#7771,(#7822,#7876),.PCURVE_S1.);
#7771 = B_SPLINE_CURVE_WITH_KNOTS('',3,(#7772,#7773,#7774,#7775,#7776,
    #7777,#7778,#7779,#7780,#7781,#7782,#7783,#7784,#7785,#7786,#7787,
    #7788,#7789,#7790,#7791,#7792,#7793,#7794,#7795,#7796,#7797,#7798,
    #7799,#7800,#7801,#7802,#7803,#7804,#7805,#7806,#7807,#7808,#7809,
    #7810,#7811,#7812,#7813,#7814,#7815,#7816,#7817,#7818,#7819,#7820,
    #7821),.UNSPECIFIED.,.F.,.F.,(4,1,1,1,1,1,1,1,1,1,1,1,1,1,1,1,1,1,1,
    1,1,1,1,1,1,1,1,1,1,1,1,1,1,1,1,1,1,1,1,1,1,1,1,1,1,1,1,4),(0.,
    1.310275187177,2.575554712222,3.800853833955,4.902089094641,
    6.06831455688,7.21183434275,8.337173980858,9.363078484396,
    10.46331856218,11.554153671202,12.637112639117,13.630528059043,
    14.700223728197,15.762924250692,16.817962772309,17.784172052652,
    18.821404601302,19.84721146813,20.859830292326,21.78133906864,
    22.763820637486,23.728524475563,24.674422276675,25.530408882817,
    26.439181751574,27.329575345756,28.203542707491,28.998544434436,
    29.851442200626,30.702034885941,31.558695680793,32.363786840272,
    33.262555459008,34.202118316714,35.196909054575,36.177314147534,
    37.320972597039,38.563122142845,39.916198777823,41.276469790388,
    42.885560125174,44.651495886816,46.590899109622,48.549892956214,
    50.871342573664,53.417826896227,55.987800380247),.UNSPECIFIED.);
#7772 = CARTESIAN_POINT('',(-42.0826761362,-23.31592134141,22.4));
#7773 = CARTESIAN_POINT('',(-41.64994803451,-23.29737633787,22.4));
#7774 = CARTESIAN_POINT('',(-40.7874453545,-23.24213141632,22.4));
#7775 = CARTESIAN_POINT('',(-39.52160103036,-23.26696571571,22.4));
#7776 = CARTESIAN_POINT('',(-38.32631798462,-23.3509608706,22.4));
#7777 = CARTESIAN_POINT('',(-37.17089698156,-23.49768861525,22.4));
#7778 = CARTESIAN_POINT('',(-36.05133808933,-23.69914499678,22.4));
#7779 = CARTESIAN_POINT('',(-34.93581908642,-23.95943150911,22.4));
#7780 = CARTESIAN_POINT('',(-33.87878381928,-24.25883188186,22.4));
#7781 = CARTESIAN_POINT('',(-32.84848633661,-24.59598046561,22.4));
#7782 = CARTESIAN_POINT('',(-31.84153670515,-24.96528349881,22.4));
#7783 = CARTESIAN_POINT('',(-30.82885874694,-25.37248911086,22.4));
#7784 = CARTESIAN_POINT('',(-29.8592807961,-25.79042411856,22.4));
#7785 = CARTESIAN_POINT('',(-28.90372029006,-26.22254132198,22.4));
#7786 = CARTESIAN_POINT('',(-27.95961457299,-26.66337067518,22.4));
#7787 = CARTESIAN_POINT('',(-26.99978692955,-27.1189926333,22.4));
#7788 = CARTESIAN_POINT('',(-26.07124254907,-27.56007800753,22.4));
#7789 = CARTESIAN_POINT('',(-25.14768319004,-27.99185070676,22.4));
#7790 = CARTESIAN_POINT('',(-24.22878377135,-28.41048690789,22.4));
#7791 = CARTESIAN_POINT('',(-23.28598448756,-28.81380862159,22.4));
#7792 = CARTESIAN_POINT('',(-22.3632810171,-29.16380485585,22.4));
#7793 = CARTESIAN_POINT('',(-21.44584834181,-29.48583588509,22.4));
#7794 = CARTESIAN_POINT('',(-20.5323269171,-29.7693779754,22.4));
#7795 = CARTESIAN_POINT('',(-19.59942164876,-30.01503708439,22.4));
#7796 = CARTESIAN_POINT('',(-18.69632062961,-30.2040728303,22.4));
#7797 = CARTESIAN_POINT('',(-17.80242194607,-30.3390564245,22.4));
#7798 = CARTESIAN_POINT('',(-16.91993430503,-30.41544456707,22.4));
#7799 = CARTESIAN_POINT('',(-16.02804080679,-30.42600211241,22.4));
#7800 = CARTESIAN_POINT('',(-15.1759784599,-30.36506503723,22.4));
#7801 = CARTESIAN_POINT('',(-14.34503341993,-30.23100759155,22.4));
#7802 = CARTESIAN_POINT('',(-13.53789591382,-30.01962455455,22.4));
#7803 = CARTESIAN_POINT('',(-12.73888860067,-29.71488235411,22.4));
#7804 = CARTESIAN_POINT('',(-11.9941902469,-29.32748367261,22.4));
#7805 = CARTESIAN_POINT('',(-11.28620520123,-28.84765546857,22.4));
#7806 = CARTESIAN_POINT('',(-10.6189268399,-28.26861446787,22.4));
#7807 = CARTESIAN_POINT('',(-9.9869280128,-27.56375145063,22.4));
#7808 = CARTESIAN_POINT('',(-9.430067598263,-26.76429757771,22.4));
#7809 = CARTESIAN_POINT('',(-8.940521036684,-25.84562464939,22.4));
#7810 = CARTESIAN_POINT('',(-8.508629767079,-24.80586120476,22.4));
#7811 = CARTESIAN_POINT('',(-8.230462731297,-23.58628617504,22.4));
#7812 = CARTESIAN_POINT('',(-8.068780237565,-22.27628351179,22.4));
#7813 = CARTESIAN_POINT('',(-8.024311943854,-20.83413230041,22.4));
#7814 = CARTESIAN_POINT('',(-8.111765656944,-19.25673899528,22.4));
#7815 = CARTESIAN_POINT('',(-8.358371995902,-17.49803703858,22.4));
#7816 = CARTESIAN_POINT('',(-8.759150546513,-15.66217027372,22.4));
#7817 = CARTESIAN_POINT('',(-9.363302730177,-13.63086580725,22.4));
#7818 = CARTESIAN_POINT('',(-10.05521058202,-11.67772496482,22.4));
#7819 = CARTESIAN_POINT('',(-11.43709095872,-8.622582546904,22.4));
#7820 = CARTESIAN_POINT('',(-11.23341054215,-9.100594078569,22.4));
#7821 = CARTESIAN_POINT('',(-12.3099667141,-6.979541236493,22.4));
#7822 = PCURVE('',#169,#7823);
#7823 = DEFINITIONAL_REPRESENTATION('',(#7824),#7875);
#7824 = B_SPLINE_CURVE_WITH_KNOTS('',3,(#7825,#7826,#7827,#7828,#7829,
    #7830,#7831,#7832,#7833,#7834,#7835,#7836,#7837,#7838,#7839,#7840,
    #7841,#7842,#7843,#7844,#7845,#7846,#7847,#7848,#7849,#7850,#7851,
    #7852,#7853,#7854,#7855,#7856,#7857,#7858,#7859,#7860,#7861,#7862,
    #7863,#7864,#7865,#7866,#7867,#7868,#7869,#7870,#7871,#7872,#7873,
    #7874),.UNSPECIFIED.,.F.,.F.,(4,1,1,1,1,1,1,1,1,1,1,1,1,1,1,1,1,1,1,
    1,1,1,1,1,1,1,1,1,1,1,1,1,1,1,1,1,1,1,1,1,1,1,1,1,1,1,1,4),(0.,
    1.310275187177,2.575554712222,3.800853833955,4.902089094641,
    6.06831455688,7.21183434275,8.337173980858,9.363078484396,
    10.46331856218,11.554153671202,12.637112639117,13.630528059043,
    14.700223728197,15.762924250692,16.817962772309,17.784172052652,
    18.821404601302,19.84721146813,20.859830292326,21.78133906864,
    22.763820637486,23.728524475563,24.674422276675,25.530408882817,
    26.439181751574,27.329575345756,28.203542707491,28.998544434436,
    29.851442200626,30.702034885941,31.558695680793,32.363786840272,
    33.262555459008,34.202118316714,35.196909054575,36.177314147534,
    37.320972597039,38.563122142845,39.916198777823,41.276469790388,
    42.885560125174,44.651495886816,46.590899109622,48.549892956214,
    50.871342573664,53.417826896227,55.987800380247),.UNSPECIFIED.);
#7825 = CARTESIAN_POINT('',(-42.0826761362,-23.31592134141));
#7826 = CARTESIAN_POINT('',(-41.64994803451,-23.29737633787));
#7827 = CARTESIAN_POINT('',(-40.7874453545,-23.24213141632));
#7828 = CARTESIAN_POINT('',(-39.52160103036,-23.26696571571));
#7829 = CARTESIAN_POINT('',(-38.32631798462,-23.3509608706));
#7830 = CARTESIAN_POINT('',(-37.17089698156,-23.49768861525));
#7831 = CARTESIAN_POINT('',(-36.05133808933,-23.69914499678));
#7832 = CARTESIAN_POINT('',(-34.93581908642,-23.95943150911));
#7833 = CARTESIAN_POINT('',(-33.87878381928,-24.25883188186));
#7834 = CARTESIAN_POINT('',(-32.84848633661,-24.59598046561));
#7835 = CARTESIAN_POINT('',(-31.84153670515,-24.96528349881));
#7836 = CARTESIAN_POINT('',(-30.82885874694,-25.37248911086));
#7837 = CARTESIAN_POINT('',(-29.8592807961,-25.79042411856));
#7838 = CARTESIAN_POINT('',(-28.90372029006,-26.22254132198));
#7839 = CARTESIAN_POINT('',(-27.95961457299,-26.66337067518));
#7840 = CARTESIAN_POINT('',(-26.99978692955,-27.1189926333));
#7841 = CARTESIAN_POINT('',(-26.07124254907,-27.56007800753));
#7842 = CARTESIAN_POINT('',(-25.14768319004,-27.99185070676));
#7843 = CARTESIAN_POINT('',(-24.22878377135,-28.41048690789));
#7844 = CARTESIAN_POINT('',(-23.28598448756,-28.81380862159));
#7845 = CARTESIAN_POINT('',(-22.3632810171,-29.16380485585));
#7846 = CARTESIAN_POINT('',(-21.44584834181,-29.48583588509));
#7847 = CARTESIAN_POINT('',(-20.5323269171,-29.7693779754));
#7848 = CARTESIAN_POINT('',(-19.59942164876,-30.01503708439));
#7849 = CARTESIAN_POINT('',(-18.69632062961,-30.2040728303));
#7850 = CARTESIAN_POINT('',(-17.80242194607,-30.3390564245));
#7851 = CARTESIAN_POINT('',(-16.91993430503,-30.41544456707));
#7852 = CARTESIAN_POINT('',(-16.02804080679,-30.42600211241));
#7853 = CARTESIAN_POINT('',(-15.1759784599,-30.36506503723));
#7854 = CARTESIAN_POINT('',(-14.34503341993,-30.23100759155));
#7855 = CARTESIAN_POINT('',(-13.53789591382,-30.01962455455));
#7856 = CARTESIAN_POINT('',(-12.73888860067,-29.71488235411));
#7857 = CARTESIAN_POINT('',(-11.9941902469,-29.32748367261));
#7858 = CARTESIAN_POINT('',(-11.28620520123,-28.84765546857));
#7859 = CARTESIAN_POINT('',(-10.6189268399,-28.26861446787));
#7860 = CARTESIAN_POINT('',(-9.9869280128,-27.56375145063));
#7861 = CARTESIAN_POINT('',(-9.430067598263,-26.76429757771));
#7862 = CARTESIAN_POINT('',(-8.940521036684,-25.84562464939));
#7863 = CARTESIAN_POINT('',(-8.508629767079,-24.80586120476));
#7864 = CARTESIAN_POINT('',(-8.230462731297,-23.58628617504));
#7865 = CARTESIAN_POINT('',(-8.068780237565,-22.27628351179));
#7866 = CARTESIAN_POINT('',(-8.024311943854,-20.83413230041));
#7867 = CARTESIAN_POINT('',(-8.111765656944,-19.25673899528));
#7868 = CARTESIAN_POINT('',(-8.358371995902,-17.49803703858));
#7869 = CARTESIAN_POINT('',(-8.759150546513,-15.66217027372));
#7870 = CARTESIAN_POINT('',(-9.363302730177,-13.63086580725));
#7871 = CARTESIAN_POINT('',(-10.05521058202,-11.67772496482));
#7872 = CARTESIAN_POINT('',(-11.43709095872,-8.622582546904));
#7873 = CARTESIAN_POINT('',(-11.23341054215,-9.100594078569));
#7874 = CARTESIAN_POINT('',(-12.3099667141,-6.979541236493));
#7875 = ( GEOMETRIC_REPRESENTATION_CONTEXT(2) 
PARAMETRIC_REPRESENTATION_CONTEXT() REPRESENTATION_CONTEXT('2D SPACE',''
  ) );
#7876 = PCURVE('',#1948,#7877);
#7877 = DEFINITIONAL_REPRESENTATION('',(#7878),#7882);
#7878 = LINE('',#7879,#7880);
#7879 = CARTESIAN_POINT('',(0.,-22.4));
#7880 = VECTOR('',#7881,1.);
#7881 = DIRECTION('',(1.,0.));
#7882 = ( GEOMETRIC_REPRESENTATION_CONTEXT(2) 
PARAMETRIC_REPRESENTATION_CONTEXT() REPRESENTATION_CONTEXT('2D SPACE',''
  ) );
#7883 = ORIENTED_EDGE('',*,*,#7884,.F.);
#7884 = EDGE_CURVE('',#7885,#7768,#7887,.T.);
#7885 = VERTEX_POINT('',#7886);
#7886 = CARTESIAN_POINT('',(-42.51367178592,-23.34175895853,22.4));
#7887 = SURFACE_CURVE('',#7888,(#7892,#7899),.PCURVE_S1.);
#7888 = LINE('',#7889,#7890);
#7889 = CARTESIAN_POINT('',(-44.49799887893,-23.46071673384,22.4));
#7890 = VECTOR('',#7891,1.);
#7891 = DIRECTION('',(0.998207907256,5.984123906075E-02,0.));
#7892 = PCURVE('',#169,#7893);
#7893 = DEFINITIONAL_REPRESENTATION('',(#7894),#7898);
#7894 = LINE('',#7895,#7896);
#7895 = CARTESIAN_POINT('',(-44.49799887893,-23.46071673384));
#7896 = VECTOR('',#7897,1.);
#7897 = DIRECTION('',(0.998207907256,5.984123906075E-02));
#7898 = ( GEOMETRIC_REPRESENTATION_CONTEXT(2) 
PARAMETRIC_REPRESENTATION_CONTEXT() REPRESENTATION_CONTEXT('2D SPACE',''
  ) );
#7899 = PCURVE('',#2072,#7900);
#7900 = DEFINITIONAL_REPRESENTATION('',(#7901),#7905);
#7901 = LINE('',#7902,#7903);
#7902 = CARTESIAN_POINT('',(-1.987889575495,-22.4));
#7903 = VECTOR('',#7904,1.);
#7904 = DIRECTION('',(1.,0.));
#7905 = ( GEOMETRIC_REPRESENTATION_CONTEXT(2) 
PARAMETRIC_REPRESENTATION_CONTEXT() REPRESENTATION_CONTEXT('2D SPACE',''
  ) );
#7906 = ORIENTED_EDGE('',*,*,#7907,.F.);
#7907 = EDGE_CURVE('',#7908,#7885,#7910,.T.);
#7908 = VERTEX_POINT('',#7909);
#7909 = CARTESIAN_POINT('',(-48.48879418052,-1.042515668191,22.4));
#7910 = SURFACE_CURVE('',#7911,(#7916,#7923),.PCURVE_S1.);
#7911 = CIRCLE('',#7912,48.5);
#7912 = AXIS2_PLACEMENT_3D('',#7913,#7914,#7915);
#7913 = CARTESIAN_POINT('',(0.,0.,22.4));
#7914 = DIRECTION('',(0.,0.,1.));
#7915 = DIRECTION('',(1.,0.,-0.));
#7916 = PCURVE('',#169,#7917);
#7917 = DEFINITIONAL_REPRESENTATION('',(#7918),#7922);
#7918 = CIRCLE('',#7919,48.5);
#7919 = AXIS2_PLACEMENT_2D('',#7920,#7921);
#7920 = CARTESIAN_POINT('',(0.,-1.204325410458E-15));
#7921 = DIRECTION('',(1.,0.));
#7922 = ( GEOMETRIC_REPRESENTATION_CONTEXT(2) 
PARAMETRIC_REPRESENTATION_CONTEXT() REPRESENTATION_CONTEXT('2D SPACE',''
  ) );
#7923 = PCURVE('',#2101,#7924);
#7924 = DEFINITIONAL_REPRESENTATION('',(#7925),#7929);
#7925 = LINE('',#7926,#7927);
#7926 = CARTESIAN_POINT('',(-0.,-22.4));
#7927 = VECTOR('',#7928,1.);
#7928 = DIRECTION('',(-1.,0.));
#7929 = ( GEOMETRIC_REPRESENTATION_CONTEXT(2) 
PARAMETRIC_REPRESENTATION_CONTEXT() REPRESENTATION_CONTEXT('2D SPACE',''
  ) );
#7930 = ORIENTED_EDGE('',*,*,#7931,.F.);
#7931 = EDGE_CURVE('',#7719,#7908,#7932,.T.);
#7932 = SURFACE_CURVE('',#7933,(#7984,#8038),.PCURVE_S1.);
#7933 = B_SPLINE_CURVE_WITH_KNOTS('',3,(#7934,#7935,#7936,#7937,#7938,
    #7939,#7940,#7941,#7942,#7943,#7944,#7945,#7946,#7947,#7948,#7949,
    #7950,#7951,#7952,#7953,#7954,#7955,#7956,#7957,#7958,#7959,#7960,
    #7961,#7962,#7963,#7964,#7965,#7966,#7967,#7968,#7969,#7970,#7971,
    #7972,#7973,#7974,#7975,#7976,#7977,#7978,#7979,#7980,#7981,#7982,
    #7983),.UNSPECIFIED.,.F.,.F.,(4,1,1,1,1,1,1,1,1,1,1,1,1,1,1,1,1,1,1,
    1,1,1,1,1,1,1,1,1,1,1,1,1,1,1,1,1,1,1,1,1,1,1,1,1,1,1,1,4),(0.,
    2.712363629581,5.415653884531,7.889901421053,9.986742084351,
    12.07233621524,13.981450928582,15.730829279285,17.217976489194,
    18.70534511222,20.079261809959,21.357514213245,22.46799558875,
    23.608470848383,24.696515979748,25.743900293344,26.683864297553,
    27.681614976107,28.665922847739,29.643534481927,30.544804484636,
    31.523863593595,32.508882471553,33.502052098633,34.427210166566,
    35.439013636309,36.460687542796,37.491630530293,38.450636928084,
    39.49631232414,40.547756860041,41.603484223464,42.58022774738,
    43.639187672476,44.697549950026,45.75413920775,46.727235587527,
    47.778840627491,48.828245019521,49.876764601754,50.845806288818,
    51.899956703366,52.96296178269,54.040387692291,55.053510242706,
    56.178288511941,57.339605375855,58.548465428582),.UNSPECIFIED.);
#7934 = CARTESIAN_POINT('',(-11.24948548759,-0.11052333949,22.4));
#7935 = CARTESIAN_POINT('',(-11.37618279713,-0.986951472967,22.4));
#7936 = CARTESIAN_POINT('',(-11.60219461832,-2.806286868958,22.4));
#7937 = CARTESIAN_POINT('',(-12.1346295074,-5.373460647376,22.4));
#7938 = CARTESIAN_POINT('',(-12.76133070174,-7.719905530411,22.4));
#7939 = CARTESIAN_POINT('',(-13.47680040132,-9.821415703608,22.4));
#7940 = CARTESIAN_POINT('',(-14.26246707513,-11.69595386978,22.4));
#7941 = CARTESIAN_POINT('',(-15.13824528822,-13.40087194235,22.4));
#7942 = CARTESIAN_POINT('',(-16.04736931029,-14.85796922401,22.4));
#7943 = CARTESIAN_POINT('',(-16.99421997599,-16.11826646702,22.4));
#7944 = CARTESIAN_POINT('',(-17.96912070933,-17.19477387806,22.4));
#7945 = CARTESIAN_POINT('',(-18.99665309845,-18.11731475146,22.4));
#7946 = CARTESIAN_POINT('',(-19.97597752126,-18.90391522713,22.4));
#7947 = CARTESIAN_POINT('',(-20.98029598044,-19.52188925349,22.4));
#7948 = CARTESIAN_POINT('',(-21.98963035416,-19.99698355557,22.4));
#7949 = CARTESIAN_POINT('',(-23.03040043053,-20.33682667527,22.4));
#7950 = CARTESIAN_POINT('',(-24.0394927097,-20.53202920558,22.4));
#7951 = CARTESIAN_POINT('',(-25.03400430745,-20.60377705895,22.4));
#7952 = CARTESIAN_POINT('',(-26.00938189726,-20.56105505216,22.4));
#7953 = CARTESIAN_POINT('',(-26.98551059115,-20.40453314183,22.4));
#7954 = CARTESIAN_POINT('',(-27.90773351685,-20.15210075908,22.4));
#7955 = CARTESIAN_POINT('',(-28.79929882778,-19.81305175073,22.4));
#7956 = CARTESIAN_POINT('',(-29.6596541961,-19.39540718089,22.4));
#7957 = CARTESIAN_POINT('',(-30.50843689689,-18.892157024,22.4));
#7958 = CARTESIAN_POINT('',(-31.30248363569,-18.33749326973,22.4));
#7959 = CARTESIAN_POINT('',(-32.06644396779,-17.72811014938,22.4));
#7960 = CARTESIAN_POINT('',(-32.80183046666,-17.07022330768,22.4));
#7961 = CARTESIAN_POINT('',(-33.52768515797,-16.35096728185,22.4));
#7962 = CARTESIAN_POINT('',(-34.20906255588,-15.61340383904,22.4));
#7963 = CARTESIAN_POINT('',(-34.86991728964,-14.84688056384,22.4));
#7964 = CARTESIAN_POINT('',(-35.50849199162,-14.05303858148,22.4));
#7965 = CARTESIAN_POINT('',(-36.16114656351,-13.22931536889,22.4));
#7966 = CARTESIAN_POINT('',(-36.78929814367,-12.41553627134,22.4));
#7967 = CARTESIAN_POINT('',(-37.40856920271,-11.59187886685,22.4));
#7968 = CARTESIAN_POINT('',(-38.02387677082,-10.76417721053,22.4));
#7969 = CARTESIAN_POINT('',(-38.65511276955,-9.915151982458,22.4));
#7970 = CARTESIAN_POINT('',(-39.27455290465,-9.093029159271,22.4));
#7971 = CARTESIAN_POINT('',(-39.90255098411,-8.280247432833,22.4));
#7972 = CARTESIAN_POINT('',(-40.5433647971,-7.480540154386,22.4));
#7973 = CARTESIAN_POINT('',(-41.21993148978,-6.677601330652,22.4));
#7974 = CARTESIAN_POINT('',(-41.90255786847,-5.91631961213,22.4));
#7975 = CARTESIAN_POINT('',(-42.61276879046,-5.178417395412,22.4));
#7976 = CARTESIAN_POINT('',(-43.35548030469,-4.466330803474,22.4));
#7977 = CARTESIAN_POINT('',(-44.15866040774,-3.76564202268,22.4));
#7978 = CARTESIAN_POINT('',(-44.98340642615,-3.116584534401,22.4));
#7979 = CARTESIAN_POINT('',(-45.86678680957,-2.49488342741,22.4));
#7980 = CARTESIAN_POINT('',(-46.76991036822,-1.926277637567,22.4));
#7981 = CARTESIAN_POINT('',(-47.90817995392,-1.302493150694,22.4));
#7982 = CARTESIAN_POINT('',(-48.32053722281,-1.124425518621,22.4));
#7983 = CARTESIAN_POINT('',(-48.8973727361,-0.849157873792,22.4));
#7984 = PCURVE('',#169,#7985);
#7985 = DEFINITIONAL_REPRESENTATION('',(#7986),#8037);
#7986 = B_SPLINE_CURVE_WITH_KNOTS('',3,(#7987,#7988,#7989,#7990,#7991,
    #7992,#7993,#7994,#7995,#7996,#7997,#7998,#7999,#8000,#8001,#8002,
    #8003,#8004,#8005,#8006,#8007,#8008,#8009,#8010,#8011,#8012,#8013,
    #8014,#8015,#8016,#8017,#8018,#8019,#8020,#8021,#8022,#8023,#8024,
    #8025,#8026,#8027,#8028,#8029,#8030,#8031,#8032,#8033,#8034,#8035,
    #8036),.UNSPECIFIED.,.F.,.F.,(4,1,1,1,1,1,1,1,1,1,1,1,1,1,1,1,1,1,1,
    1,1,1,1,1,1,1,1,1,1,1,1,1,1,1,1,1,1,1,1,1,1,1,1,1,1,1,1,4),(0.,
    2.712363629581,5.415653884531,7.889901421053,9.986742084351,
    12.07233621524,13.981450928582,15.730829279285,17.217976489194,
    18.70534511222,20.079261809959,21.357514213245,22.46799558875,
    23.608470848383,24.696515979748,25.743900293344,26.683864297553,
    27.681614976107,28.665922847739,29.643534481927,30.544804484636,
    31.523863593595,32.508882471553,33.502052098633,34.427210166566,
    35.439013636309,36.460687542796,37.491630530293,38.450636928084,
    39.49631232414,40.547756860041,41.603484223464,42.58022774738,
    43.639187672476,44.697549950026,45.75413920775,46.727235587527,
    47.778840627491,48.828245019521,49.876764601754,50.845806288818,
    51.899956703366,52.96296178269,54.040387692291,55.053510242706,
    56.178288511941,57.339605375855,58.548465428582),.UNSPECIFIED.);
#7987 = CARTESIAN_POINT('',(-11.24948548759,-0.11052333949));
#7988 = CARTESIAN_POINT('',(-11.37618279713,-0.986951472967));
#7989 = CARTESIAN_POINT('',(-11.60219461832,-2.806286868958));
#7990 = CARTESIAN_POINT('',(-12.1346295074,-5.373460647376));
#7991 = CARTESIAN_POINT('',(-12.76133070174,-7.719905530411));
#7992 = CARTESIAN_POINT('',(-13.47680040132,-9.821415703608));
#7993 = CARTESIAN_POINT('',(-14.26246707513,-11.69595386978));
#7994 = CARTESIAN_POINT('',(-15.13824528822,-13.40087194235));
#7995 = CARTESIAN_POINT('',(-16.04736931029,-14.85796922401));
#7996 = CARTESIAN_POINT('',(-16.99421997599,-16.11826646702));
#7997 = CARTESIAN_POINT('',(-17.96912070933,-17.19477387806));
#7998 = CARTESIAN_POINT('',(-18.99665309845,-18.11731475146));
#7999 = CARTESIAN_POINT('',(-19.97597752126,-18.90391522713));
#8000 = CARTESIAN_POINT('',(-20.98029598044,-19.52188925349));
#8001 = CARTESIAN_POINT('',(-21.98963035416,-19.99698355557));
#8002 = CARTESIAN_POINT('',(-23.03040043053,-20.33682667527));
#8003 = CARTESIAN_POINT('',(-24.0394927097,-20.53202920558));
#8004 = CARTESIAN_POINT('',(-25.03400430745,-20.60377705895));
#8005 = CARTESIAN_POINT('',(-26.00938189726,-20.56105505216));
#8006 = CARTESIAN_POINT('',(-26.98551059115,-20.40453314183));
#8007 = CARTESIAN_POINT('',(-27.90773351685,-20.15210075908));
#8008 = CARTESIAN_POINT('',(-28.79929882778,-19.81305175073));
#8009 = CARTESIAN_POINT('',(-29.6596541961,-19.39540718089));
#8010 = CARTESIAN_POINT('',(-30.50843689689,-18.892157024));
#8011 = CARTESIAN_POINT('',(-31.30248363569,-18.33749326973));
#8012 = CARTESIAN_POINT('',(-32.06644396779,-17.72811014938));
#8013 = CARTESIAN_POINT('',(-32.80183046666,-17.07022330768));
#8014 = CARTESIAN_POINT('',(-33.52768515797,-16.35096728185));
#8015 = CARTESIAN_POINT('',(-34.20906255588,-15.61340383904));
#8016 = CARTESIAN_POINT('',(-34.86991728964,-14.84688056384));
#8017 = CARTESIAN_POINT('',(-35.50849199162,-14.05303858148));
#8018 = CARTESIAN_POINT('',(-36.16114656351,-13.22931536889));
#8019 = CARTESIAN_POINT('',(-36.78929814367,-12.41553627134));
#8020 = CARTESIAN_POINT('',(-37.40856920271,-11.59187886685));
#8021 = CARTESIAN_POINT('',(-38.02387677082,-10.76417721053));
#8022 = CARTESIAN_POINT('',(-38.65511276955,-9.915151982458));
#8023 = CARTESIAN_POINT('',(-39.27455290465,-9.093029159271));
#8024 = CARTESIAN_POINT('',(-39.90255098411,-8.280247432833));
#8025 = CARTESIAN_POINT('',(-40.5433647971,-7.480540154386));
#8026 = CARTESIAN_POINT('',(-41.21993148978,-6.677601330652));
#8027 = CARTESIAN_POINT('',(-41.90255786847,-5.91631961213));
#8028 = CARTESIAN_POINT('',(-42.61276879046,-5.178417395412));
#8029 = CARTESIAN_POINT('',(-43.35548030469,-4.466330803474));
#8030 = CARTESIAN_POINT('',(-44.15866040774,-3.76564202268));
#8031 = CARTESIAN_POINT('',(-44.98340642615,-3.116584534401));
#8032 = CARTESIAN_POINT('',(-45.86678680957,-2.49488342741));
#8033 = CARTESIAN_POINT('',(-46.76991036822,-1.926277637567));
#8034 = CARTESIAN_POINT('',(-47.90817995392,-1.302493150694));
#8035 = CARTESIAN_POINT('',(-48.32053722281,-1.124425518621));
#8036 = CARTESIAN_POINT('',(-48.8973727361,-0.849157873792));
#8037 = ( GEOMETRIC_REPRESENTATION_CONTEXT(2) 
PARAMETRIC_REPRESENTATION_CONTEXT() REPRESENTATION_CONTEXT('2D SPACE',''
  ) );
#8038 = PCURVE('',#2221,#8039);
#8039 = DEFINITIONAL_REPRESENTATION('',(#8040),#8044);
#8040 = LINE('',#8041,#8042);
#8041 = CARTESIAN_POINT('',(0.,-22.4));
#8042 = VECTOR('',#8043,1.);
#8043 = DIRECTION('',(1.,0.));
#8044 = ( GEOMETRIC_REPRESENTATION_CONTEXT(2) 
PARAMETRIC_REPRESENTATION_CONTEXT() REPRESENTATION_CONTEXT('2D SPACE',''
  ) );
#8045 = FACE_BOUND('',#8046,.T.);
#8046 = EDGE_LOOP('',(#8047,#8073,#8096,#8213,#8236,#8260));
#8047 = ORIENTED_EDGE('',*,*,#8048,.T.);
#8048 = EDGE_CURVE('',#8049,#8051,#8053,.T.);
#8049 = VERTEX_POINT('',#8050);
#8050 = CARTESIAN_POINT('',(4.35224476005,-11.93096666446,22.4));
#8051 = VERTEX_POINT('',#8052);
#8052 = CARTESIAN_POINT('',(6.254043514939,-11.0533677996,22.4));
#8053 = SURFACE_CURVE('',#8054,(#8059,#8066),.PCURVE_S1.);
#8054 = CIRCLE('',#8055,12.7);
#8055 = AXIS2_PLACEMENT_3D('',#8056,#8057,#8058);
#8056 = CARTESIAN_POINT('',(0.,0.,22.4));
#8057 = DIRECTION('',(0.,0.,1.));
#8058 = DIRECTION('',(1.,0.,-0.));
#8059 = PCURVE('',#169,#8060);
#8060 = DEFINITIONAL_REPRESENTATION('',(#8061),#8065);
#8061 = CIRCLE('',#8062,12.7);
#8062 = AXIS2_PLACEMENT_2D('',#8063,#8064);
#8063 = CARTESIAN_POINT('',(0.,-1.204325410458E-15));
#8064 = DIRECTION('',(1.,0.));
#8065 = ( GEOMETRIC_REPRESENTATION_CONTEXT(2) 
PARAMETRIC_REPRESENTATION_CONTEXT() REPRESENTATION_CONTEXT('2D SPACE',''
  ) );
#8066 = PCURVE('',#2350,#8067);
#8067 = DEFINITIONAL_REPRESENTATION('',(#8068),#8072);
#8068 = LINE('',#8069,#8070);
#8069 = CARTESIAN_POINT('',(-0.,-22.4));
#8070 = VECTOR('',#8071,1.);
#8071 = DIRECTION('',(-1.,0.));
#8072 = ( GEOMETRIC_REPRESENTATION_CONTEXT(2) 
PARAMETRIC_REPRESENTATION_CONTEXT() REPRESENTATION_CONTEXT('2D SPACE',''
  ) );
#8073 = ORIENTED_EDGE('',*,*,#8074,.F.);
#8074 = EDGE_CURVE('',#8075,#8051,#8077,.T.);
#8075 = VERTEX_POINT('',#8076);
#8076 = CARTESIAN_POINT('',(6.979541236493,-12.3099667141,22.4));
#8077 = SURFACE_CURVE('',#8078,(#8082,#8089),.PCURVE_S1.);
#8078 = LINE('',#8079,#8080);
#8079 = CARTESIAN_POINT('',(6.979541236493,-12.3099667141,22.4));
#8080 = VECTOR('',#8081,1.);
#8081 = DIRECTION('',(-0.5,0.866025403784,0.));
#8082 = PCURVE('',#169,#8083);
#8083 = DEFINITIONAL_REPRESENTATION('',(#8084),#8088);
#8084 = LINE('',#8085,#8086);
#8085 = CARTESIAN_POINT('',(6.979541236493,-12.3099667141));
#8086 = VECTOR('',#8087,1.);
#8087 = DIRECTION('',(-0.5,0.866025403784));
#8088 = ( GEOMETRIC_REPRESENTATION_CONTEXT(2) 
PARAMETRIC_REPRESENTATION_CONTEXT() REPRESENTATION_CONTEXT('2D SPACE',''
  ) );
#8089 = PCURVE('',#2378,#8090);
#8090 = DEFINITIONAL_REPRESENTATION('',(#8091),#8095);
#8091 = LINE('',#8092,#8093);
#8092 = CARTESIAN_POINT('',(0.,-22.4));
#8093 = VECTOR('',#8094,1.);
#8094 = DIRECTION('',(1.,0.));
#8095 = ( GEOMETRIC_REPRESENTATION_CONTEXT(2) 
PARAMETRIC_REPRESENTATION_CONTEXT() REPRESENTATION_CONTEXT('2D SPACE',''
  ) );
#8096 = ORIENTED_EDGE('',*,*,#8097,.F.);
#8097 = EDGE_CURVE('',#8098,#8075,#8100,.T.);
#8098 = VERTEX_POINT('',#8099);
#8099 = CARTESIAN_POINT('',(23.315921341419,-42.0826761362,22.4));
#8100 = SURFACE_CURVE('',#8101,(#8152,#8206),.PCURVE_S1.);
#8101 = B_SPLINE_CURVE_WITH_KNOTS('',3,(#8102,#8103,#8104,#8105,#8106,
    #8107,#8108,#8109,#8110,#8111,#8112,#8113,#8114,#8115,#8116,#8117,
    #8118,#8119,#8120,#8121,#8122,#8123,#8124,#8125,#8126,#8127,#8128,
    #8129,#8130,#8131,#8132,#8133,#8134,#8135,#8136,#8137,#8138,#8139,
    #8140,#8141,#8142,#8143,#8144,#8145,#8146,#8147,#8148,#8149,#8150,
    #8151),.UNSPECIFIED.,.F.,.F.,(4,1,1,1,1,1,1,1,1,1,1,1,1,1,1,1,1,1,1,
    1,1,1,1,1,1,1,1,1,1,1,1,1,1,1,1,1,1,1,1,1,1,1,1,1,1,1,1,4),(0.,
    1.310275187177,2.575554712222,3.800853833955,4.902089094641,
    6.06831455688,7.21183434275,8.337173980858,9.363078484396,
    10.46331856218,11.554153671202,12.637112639117,13.630528059043,
    14.700223728197,15.762924250692,16.817962772309,17.784172052652,
    18.821404601302,19.84721146813,20.859830292326,21.78133906864,
    22.763820637486,23.728524475563,24.674422276675,25.530408882817,
    26.439181751574,27.329575345756,28.203542707491,28.998544434436,
    29.851442200626,30.702034885941,31.558695680793,32.363786840272,
    33.262555459008,34.202118316714,35.196909054575,36.177314147534,
    37.320972597039,38.563122142845,39.916198777823,41.276469790388,
    42.885560125174,44.651495886816,46.590899109622,48.549892956214,
    50.871342573664,53.417826896227,55.987800380247),.UNSPECIFIED.);
#8102 = CARTESIAN_POINT('',(23.315921341419,-42.0826761362,22.4));
#8103 = CARTESIAN_POINT('',(23.297376337878,-41.64994803451,22.4));
#8104 = CARTESIAN_POINT('',(23.242131416327,-40.7874453545,22.4));
#8105 = CARTESIAN_POINT('',(23.266965715716,-39.52160103036,22.4));
#8106 = CARTESIAN_POINT('',(23.350960870606,-38.32631798462,22.4));
#8107 = CARTESIAN_POINT('',(23.497688615251,-37.17089698156,22.4));
#8108 = CARTESIAN_POINT('',(23.699144996789,-36.05133808933,22.4));
#8109 = CARTESIAN_POINT('',(23.95943150911,-34.93581908642,22.4));
#8110 = CARTESIAN_POINT('',(24.258831881864,-33.87878381928,22.4));
#8111 = CARTESIAN_POINT('',(24.595980465613,-32.84848633661,22.4));
#8112 = CARTESIAN_POINT('',(24.965283498813,-31.84153670515,22.4));
#8113 = CARTESIAN_POINT('',(25.372489110861,-30.82885874694,22.4));
#8114 = CARTESIAN_POINT('',(25.790424118563,-29.8592807961,22.4));
#8115 = CARTESIAN_POINT('',(26.222541321982,-28.90372029006,22.4));
#8116 = CARTESIAN_POINT('',(26.663370675188,-27.95961457299,22.4));
#8117 = CARTESIAN_POINT('',(27.118992633305,-26.99978692955,22.4));
#8118 = CARTESIAN_POINT('',(27.560078007531,-26.07124254907,22.4));
#8119 = CARTESIAN_POINT('',(27.991850706763,-25.14768319004,22.4));
#8120 = CARTESIAN_POINT('',(28.410486907899,-24.22878377135,22.4));
#8121 = CARTESIAN_POINT('',(28.813808621591,-23.28598448756,22.4));
#8122 = CARTESIAN_POINT('',(29.163804855853,-22.3632810171,22.4));
#8123 = CARTESIAN_POINT('',(29.48583588509,-21.44584834181,22.4));
#8124 = CARTESIAN_POINT('',(29.769377975409,-20.5323269171,22.4));
#8125 = CARTESIAN_POINT('',(30.015037084398,-19.59942164876,22.4));
#8126 = CARTESIAN_POINT('',(30.204072830303,-18.69632062961,22.4));
#8127 = CARTESIAN_POINT('',(30.3390564245,-17.80242194607,22.4));
#8128 = CARTESIAN_POINT('',(30.415444567079,-16.91993430503,22.4));
#8129 = CARTESIAN_POINT('',(30.426002112416,-16.02804080679,22.4));
#8130 = CARTESIAN_POINT('',(30.365065037231,-15.1759784599,22.4));
#8131 = CARTESIAN_POINT('',(30.231007591555,-14.34503341993,22.4));
#8132 = CARTESIAN_POINT('',(30.019624554552,-13.53789591382,22.4));
#8133 = CARTESIAN_POINT('',(29.714882354118,-12.73888860067,22.4));
#8134 = CARTESIAN_POINT('',(29.327483672617,-11.9941902469,22.4));
#8135 = CARTESIAN_POINT('',(28.847655468573,-11.28620520123,22.4));
#8136 = CARTESIAN_POINT('',(28.268614467873,-10.6189268399,22.4));
#8137 = CARTESIAN_POINT('',(27.563751450636,-9.9869280128,22.4));
#8138 = CARTESIAN_POINT('',(26.764297577718,-9.430067598263,22.4));
#8139 = CARTESIAN_POINT('',(25.84562464939,-8.940521036684,22.4));
#8140 = CARTESIAN_POINT('',(24.805861204768,-8.508629767079,22.4));
#8141 = CARTESIAN_POINT('',(23.586286175042,-8.230462731297,22.4));
#8142 = CARTESIAN_POINT('',(22.276283511798,-8.068780237565,22.4));
#8143 = CARTESIAN_POINT('',(20.834132300413,-8.024311943854,22.4));
#8144 = CARTESIAN_POINT('',(19.256738995285,-8.111765656944,22.4));
#8145 = CARTESIAN_POINT('',(17.498037038584,-8.358371995902,22.4));
#8146 = CARTESIAN_POINT('',(15.662170273723,-8.759150546513,22.4));
#8147 = CARTESIAN_POINT('',(13.630865807253,-9.363302730177,22.4));
#8148 = CARTESIAN_POINT('',(11.677724964823,-10.05521058202,22.4));
#8149 = CARTESIAN_POINT('',(8.622582546904,-11.43709095872,22.4));
#8150 = CARTESIAN_POINT('',(9.100594078569,-11.23341054215,22.4));
#8151 = CARTESIAN_POINT('',(6.979541236493,-12.3099667141,22.4));
#8152 = PCURVE('',#169,#8153);
#8153 = DEFINITIONAL_REPRESENTATION('',(#8154),#8205);
#8154 = B_SPLINE_CURVE_WITH_KNOTS('',3,(#8155,#8156,#8157,#8158,#8159,
    #8160,#8161,#8162,#8163,#8164,#8165,#8166,#8167,#8168,#8169,#8170,
    #8171,#8172,#8173,#8174,#8175,#8176,#8177,#8178,#8179,#8180,#8181,
    #8182,#8183,#8184,#8185,#8186,#8187,#8188,#8189,#8190,#8191,#8192,
    #8193,#8194,#8195,#8196,#8197,#8198,#8199,#8200,#8201,#8202,#8203,
    #8204),.UNSPECIFIED.,.F.,.F.,(4,1,1,1,1,1,1,1,1,1,1,1,1,1,1,1,1,1,1,
    1,1,1,1,1,1,1,1,1,1,1,1,1,1,1,1,1,1,1,1,1,1,1,1,1,1,1,1,4),(0.,
    1.310275187177,2.575554712222,3.800853833955,4.902089094641,
    6.06831455688,7.21183434275,8.337173980858,9.363078484396,
    10.46331856218,11.554153671202,12.637112639117,13.630528059043,
    14.700223728197,15.762924250692,16.817962772309,17.784172052652,
    18.821404601302,19.84721146813,20.859830292326,21.78133906864,
    22.763820637486,23.728524475563,24.674422276675,25.530408882817,
    26.439181751574,27.329575345756,28.203542707491,28.998544434436,
    29.851442200626,30.702034885941,31.558695680793,32.363786840272,
    33.262555459008,34.202118316714,35.196909054575,36.177314147534,
    37.320972597039,38.563122142845,39.916198777823,41.276469790388,
    42.885560125174,44.651495886816,46.590899109622,48.549892956214,
    50.871342573664,53.417826896227,55.987800380247),.UNSPECIFIED.);
#8155 = CARTESIAN_POINT('',(23.315921341419,-42.0826761362));
#8156 = CARTESIAN_POINT('',(23.297376337878,-41.64994803451));
#8157 = CARTESIAN_POINT('',(23.242131416327,-40.7874453545));
#8158 = CARTESIAN_POINT('',(23.266965715716,-39.52160103036));
#8159 = CARTESIAN_POINT('',(23.350960870606,-38.32631798462));
#8160 = CARTESIAN_POINT('',(23.497688615251,-37.17089698156));
#8161 = CARTESIAN_POINT('',(23.699144996789,-36.05133808933));
#8162 = CARTESIAN_POINT('',(23.95943150911,-34.93581908642));
#8163 = CARTESIAN_POINT('',(24.258831881864,-33.87878381928));
#8164 = CARTESIAN_POINT('',(24.595980465613,-32.84848633661));
#8165 = CARTESIAN_POINT('',(24.965283498813,-31.84153670515));
#8166 = CARTESIAN_POINT('',(25.372489110861,-30.82885874694));
#8167 = CARTESIAN_POINT('',(25.790424118563,-29.8592807961));
#8168 = CARTESIAN_POINT('',(26.222541321982,-28.90372029006));
#8169 = CARTESIAN_POINT('',(26.663370675188,-27.95961457299));
#8170 = CARTESIAN_POINT('',(27.118992633305,-26.99978692955));
#8171 = CARTESIAN_POINT('',(27.560078007531,-26.07124254907));
#8172 = CARTESIAN_POINT('',(27.991850706763,-25.14768319004));
#8173 = CARTESIAN_POINT('',(28.410486907899,-24.22878377135));
#8174 = CARTESIAN_POINT('',(28.813808621591,-23.28598448756));
#8175 = CARTESIAN_POINT('',(29.163804855853,-22.3632810171));
#8176 = CARTESIAN_POINT('',(29.48583588509,-21.44584834181));
#8177 = CARTESIAN_POINT('',(29.769377975409,-20.5323269171));
#8178 = CARTESIAN_POINT('',(30.015037084398,-19.59942164876));
#8179 = CARTESIAN_POINT('',(30.204072830303,-18.69632062961));
#8180 = CARTESIAN_POINT('',(30.3390564245,-17.80242194607));
#8181 = CARTESIAN_POINT('',(30.415444567079,-16.91993430503));
#8182 = CARTESIAN_POINT('',(30.426002112416,-16.02804080679));
#8183 = CARTESIAN_POINT('',(30.365065037231,-15.1759784599));
#8184 = CARTESIAN_POINT('',(30.231007591555,-14.34503341993));
#8185 = CARTESIAN_POINT('',(30.019624554552,-13.53789591382));
#8186 = CARTESIAN_POINT('',(29.714882354118,-12.73888860067));
#8187 = CARTESIAN_POINT('',(29.327483672617,-11.9941902469));
#8188 = CARTESIAN_POINT('',(28.847655468573,-11.28620520123));
#8189 = CARTESIAN_POINT('',(28.268614467873,-10.6189268399));
#8190 = CARTESIAN_POINT('',(27.563751450636,-9.9869280128));
#8191 = CARTESIAN_POINT('',(26.764297577718,-9.430067598263));
#8192 = CARTESIAN_POINT('',(25.84562464939,-8.940521036684));
#8193 = CARTESIAN_POINT('',(24.805861204768,-8.508629767079));
#8194 = CARTESIAN_POINT('',(23.586286175042,-8.230462731297));
#8195 = CARTESIAN_POINT('',(22.276283511798,-8.068780237565));
#8196 = CARTESIAN_POINT('',(20.834132300413,-8.024311943854));
#8197 = CARTESIAN_POINT('',(19.256738995285,-8.111765656944));
#8198 = CARTESIAN_POINT('',(17.498037038584,-8.358371995902));
#8199 = CARTESIAN_POINT('',(15.662170273723,-8.759150546513));
#8200 = CARTESIAN_POINT('',(13.630865807253,-9.363302730177));
#8201 = CARTESIAN_POINT('',(11.677724964823,-10.05521058202));
#8202 = CARTESIAN_POINT('',(8.622582546904,-11.43709095872));
#8203 = CARTESIAN_POINT('',(9.100594078569,-11.23341054215));
#8204 = CARTESIAN_POINT('',(6.979541236493,-12.3099667141));
#8205 = ( GEOMETRIC_REPRESENTATION_CONTEXT(2) 
PARAMETRIC_REPRESENTATION_CONTEXT() REPRESENTATION_CONTEXT('2D SPACE',''
  ) );
#8206 = PCURVE('',#2500,#8207);
#8207 = DEFINITIONAL_REPRESENTATION('',(#8208),#8212);
#8208 = LINE('',#8209,#8210);
#8209 = CARTESIAN_POINT('',(0.,-22.4));
#8210 = VECTOR('',#8211,1.);
#8211 = DIRECTION('',(1.,0.));
#8212 = ( GEOMETRIC_REPRESENTATION_CONTEXT(2) 
PARAMETRIC_REPRESENTATION_CONTEXT() REPRESENTATION_CONTEXT('2D SPACE',''
  ) );
#8213 = ORIENTED_EDGE('',*,*,#8214,.F.);
#8214 = EDGE_CURVE('',#8215,#8098,#8217,.T.);
#8215 = VERTEX_POINT('',#8216);
#8216 = CARTESIAN_POINT('',(23.341758958535,-42.51367178592,22.4));
#8217 = SURFACE_CURVE('',#8218,(#8222,#8229),.PCURVE_S1.);
#8218 = LINE('',#8219,#8220);
#8219 = CARTESIAN_POINT('',(23.460716733848,-44.49799887893,22.4));
#8220 = VECTOR('',#8221,1.);
#8221 = DIRECTION('',(-5.984123906075E-02,0.998207907256,0.));
#8222 = PCURVE('',#169,#8223);
#8223 = DEFINITIONAL_REPRESENTATION('',(#8224),#8228);
#8224 = LINE('',#8225,#8226);
#8225 = CARTESIAN_POINT('',(23.460716733848,-44.49799887893));
#8226 = VECTOR('',#8227,1.);
#8227 = DIRECTION('',(-5.984123906075E-02,0.998207907256));
#8228 = ( GEOMETRIC_REPRESENTATION_CONTEXT(2) 
PARAMETRIC_REPRESENTATION_CONTEXT() REPRESENTATION_CONTEXT('2D SPACE',''
  ) );
#8229 = PCURVE('',#2624,#8230);
#8230 = DEFINITIONAL_REPRESENTATION('',(#8231),#8235);
#8231 = LINE('',#8232,#8233);
#8232 = CARTESIAN_POINT('',(-1.987889575495,-22.4));
#8233 = VECTOR('',#8234,1.);
#8234 = DIRECTION('',(1.,0.));
#8235 = ( GEOMETRIC_REPRESENTATION_CONTEXT(2) 
PARAMETRIC_REPRESENTATION_CONTEXT() REPRESENTATION_CONTEXT('2D SPACE',''
  ) );
#8236 = ORIENTED_EDGE('',*,*,#8237,.F.);
#8237 = EDGE_CURVE('',#8238,#8215,#8240,.T.);
#8238 = VERTEX_POINT('',#8239);
#8239 = CARTESIAN_POINT('',(1.042515668191,-48.48879418052,22.4));
#8240 = SURFACE_CURVE('',#8241,(#8246,#8253),.PCURVE_S1.);
#8241 = CIRCLE('',#8242,48.5);
#8242 = AXIS2_PLACEMENT_3D('',#8243,#8244,#8245);
#8243 = CARTESIAN_POINT('',(0.,0.,22.4));
#8244 = DIRECTION('',(0.,0.,1.));
#8245 = DIRECTION('',(1.,0.,-0.));
#8246 = PCURVE('',#169,#8247);
#8247 = DEFINITIONAL_REPRESENTATION('',(#8248),#8252);
#8248 = CIRCLE('',#8249,48.5);
#8249 = AXIS2_PLACEMENT_2D('',#8250,#8251);
#8250 = CARTESIAN_POINT('',(0.,-1.204325410458E-15));
#8251 = DIRECTION('',(1.,0.));
#8252 = ( GEOMETRIC_REPRESENTATION_CONTEXT(2) 
PARAMETRIC_REPRESENTATION_CONTEXT() REPRESENTATION_CONTEXT('2D SPACE',''
  ) );
#8253 = PCURVE('',#2653,#8254);
#8254 = DEFINITIONAL_REPRESENTATION('',(#8255),#8259);
#8255 = LINE('',#8256,#8257);
#8256 = CARTESIAN_POINT('',(-0.,-22.4));
#8257 = VECTOR('',#8258,1.);
#8258 = DIRECTION('',(-1.,0.));
#8259 = ( GEOMETRIC_REPRESENTATION_CONTEXT(2) 
PARAMETRIC_REPRESENTATION_CONTEXT() REPRESENTATION_CONTEXT('2D SPACE',''
  ) );
#8260 = ORIENTED_EDGE('',*,*,#8261,.F.);
#8261 = EDGE_CURVE('',#8049,#8238,#8262,.T.);
#8262 = SURFACE_CURVE('',#8263,(#8314,#8368),.PCURVE_S1.);
#8263 = B_SPLINE_CURVE_WITH_KNOTS('',3,(#8264,#8265,#8266,#8267,#8268,
    #8269,#8270,#8271,#8272,#8273,#8274,#8275,#8276,#8277,#8278,#8279,
    #8280,#8281,#8282,#8283,#8284,#8285,#8286,#8287,#8288,#8289,#8290,
    #8291,#8292,#8293,#8294,#8295,#8296,#8297,#8298,#8299,#8300,#8301,
    #8302,#8303,#8304,#8305,#8306,#8307,#8308,#8309,#8310,#8311,#8312,
    #8313),.UNSPECIFIED.,.F.,.F.,(4,1,1,1,1,1,1,1,1,1,1,1,1,1,1,1,1,1,1,
    1,1,1,1,1,1,1,1,1,1,1,1,1,1,1,1,1,1,1,1,1,1,1,1,1,1,1,1,4),(0.,
    2.712363629581,5.415653884531,7.889901421053,9.986742084351,
    12.07233621524,13.981450928582,15.730829279285,17.217976489194,
    18.70534511222,20.079261809959,21.357514213245,22.46799558875,
    23.608470848383,24.696515979748,25.743900293344,26.683864297553,
    27.681614976107,28.665922847739,29.643534481927,30.544804484636,
    31.523863593595,32.508882471553,33.502052098633,34.427210166566,
    35.439013636309,36.460687542796,37.491630530293,38.450636928084,
    39.49631232414,40.547756860041,41.603484223464,42.58022774738,
    43.639187672476,44.697549950026,45.75413920775,46.727235587527,
    47.778840627491,48.828245019521,49.876764601754,50.845806288818,
    51.899956703366,52.96296178269,54.040387692291,55.053510242706,
    56.178288511941,57.339605375855,58.548465428582),.UNSPECIFIED.);
#8264 = CARTESIAN_POINT('',(0.11052333949,-11.24948548759,22.4));
#8265 = CARTESIAN_POINT('',(0.986951472967,-11.37618279713,22.4));
#8266 = CARTESIAN_POINT('',(2.806286868958,-11.60219461832,22.4));
#8267 = CARTESIAN_POINT('',(5.373460647376,-12.1346295074,22.4));
#8268 = CARTESIAN_POINT('',(7.719905530411,-12.76133070174,22.4));
#8269 = CARTESIAN_POINT('',(9.821415703608,-13.47680040132,22.4));
#8270 = CARTESIAN_POINT('',(11.695953869781,-14.26246707513,22.4));
#8271 = CARTESIAN_POINT('',(13.400871942358,-15.13824528822,22.4));
#8272 = CARTESIAN_POINT('',(14.857969224017,-16.04736931029,22.4));
#8273 = CARTESIAN_POINT('',(16.118266467028,-16.99421997599,22.4));
#8274 = CARTESIAN_POINT('',(17.194773878067,-17.96912070933,22.4));
#8275 = CARTESIAN_POINT('',(18.117314751465,-18.99665309845,22.4));
#8276 = CARTESIAN_POINT('',(18.903915227139,-19.97597752126,22.4));
#8277 = CARTESIAN_POINT('',(19.521889253497,-20.98029598044,22.4));
#8278 = CARTESIAN_POINT('',(19.99698355557,-21.98963035416,22.4));
#8279 = CARTESIAN_POINT('',(20.336826675277,-23.03040043053,22.4));
#8280 = CARTESIAN_POINT('',(20.532029205586,-24.0394927097,22.4));
#8281 = CARTESIAN_POINT('',(20.60377705895,-25.03400430745,22.4));
#8282 = CARTESIAN_POINT('',(20.561055052166,-26.00938189726,22.4));
#8283 = CARTESIAN_POINT('',(20.404533141836,-26.98551059115,22.4));
#8284 = CARTESIAN_POINT('',(20.152100759088,-27.90773351685,22.4));
#8285 = CARTESIAN_POINT('',(19.813051750738,-28.79929882778,22.4));
#8286 = CARTESIAN_POINT('',(19.395407180895,-29.6596541961,22.4));
#8287 = CARTESIAN_POINT('',(18.892157024009,-30.50843689689,22.4));
#8288 = CARTESIAN_POINT('',(18.337493269739,-31.30248363569,22.4));
#8289 = CARTESIAN_POINT('',(17.728110149382,-32.06644396779,22.4));
#8290 = CARTESIAN_POINT('',(17.070223307686,-32.80183046666,22.4));
#8291 = CARTESIAN_POINT('',(16.350967281854,-33.52768515797,22.4));
#8292 = CARTESIAN_POINT('',(15.613403839042,-34.20906255588,22.4));
#8293 = CARTESIAN_POINT('',(14.846880563847,-34.86991728964,22.4));
#8294 = CARTESIAN_POINT('',(14.053038581483,-35.50849199162,22.4));
#8295 = CARTESIAN_POINT('',(13.229315368891,-36.16114656351,22.4));
#8296 = CARTESIAN_POINT('',(12.415536271347,-36.78929814367,22.4));
#8297 = CARTESIAN_POINT('',(11.591878866851,-37.40856920271,22.4));
#8298 = CARTESIAN_POINT('',(10.764177210539,-38.02387677082,22.4));
#8299 = CARTESIAN_POINT('',(9.915151982458,-38.65511276955,22.4));
#8300 = CARTESIAN_POINT('',(9.093029159271,-39.27455290465,22.4));
#8301 = CARTESIAN_POINT('',(8.280247432833,-39.90255098411,22.4));
#8302 = CARTESIAN_POINT('',(7.480540154386,-40.5433647971,22.4));
#8303 = CARTESIAN_POINT('',(6.677601330652,-41.21993148978,22.4));
#8304 = CARTESIAN_POINT('',(5.91631961213,-41.90255786847,22.4));
#8305 = CARTESIAN_POINT('',(5.178417395412,-42.61276879046,22.4));
#8306 = CARTESIAN_POINT('',(4.466330803474,-43.35548030469,22.4));
#8307 = CARTESIAN_POINT('',(3.76564202268,-44.15866040774,22.4));
#8308 = CARTESIAN_POINT('',(3.116584534401,-44.98340642615,22.4));
#8309 = CARTESIAN_POINT('',(2.49488342741,-45.86678680957,22.4));
#8310 = CARTESIAN_POINT('',(1.926277637567,-46.76991036822,22.4));
#8311 = CARTESIAN_POINT('',(1.302493150694,-47.90817995392,22.4));
#8312 = CARTESIAN_POINT('',(1.124425518621,-48.32053722281,22.4));
#8313 = CARTESIAN_POINT('',(0.849157873792,-48.8973727361,22.4));
#8314 = PCURVE('',#169,#8315);
#8315 = DEFINITIONAL_REPRESENTATION('',(#8316),#8367);
#8316 = B_SPLINE_CURVE_WITH_KNOTS('',3,(#8317,#8318,#8319,#8320,#8321,
    #8322,#8323,#8324,#8325,#8326,#8327,#8328,#8329,#8330,#8331,#8332,
    #8333,#8334,#8335,#8336,#8337,#8338,#8339,#8340,#8341,#8342,#8343,
    #8344,#8345,#8346,#8347,#8348,#8349,#8350,#8351,#8352,#8353,#8354,
    #8355,#8356,#8357,#8358,#8359,#8360,#8361,#8362,#8363,#8364,#8365,
    #8366),.UNSPECIFIED.,.F.,.F.,(4,1,1,1,1,1,1,1,1,1,1,1,1,1,1,1,1,1,1,
    1,1,1,1,1,1,1,1,1,1,1,1,1,1,1,1,1,1,1,1,1,1,1,1,1,1,1,1,4),(0.,
    2.712363629581,5.415653884531,7.889901421053,9.986742084351,
    12.07233621524,13.981450928582,15.730829279285,17.217976489194,
    18.70534511222,20.079261809959,21.357514213245,22.46799558875,
    23.608470848383,24.696515979748,25.743900293344,26.683864297553,
    27.681614976107,28.665922847739,29.643534481927,30.544804484636,
    31.523863593595,32.508882471553,33.502052098633,34.427210166566,
    35.439013636309,36.460687542796,37.491630530293,38.450636928084,
    39.49631232414,40.547756860041,41.603484223464,42.58022774738,
    43.639187672476,44.697549950026,45.75413920775,46.727235587527,
    47.778840627491,48.828245019521,49.876764601754,50.845806288818,
    51.899956703366,52.96296178269,54.040387692291,55.053510242706,
    56.178288511941,57.339605375855,58.548465428582),.UNSPECIFIED.);
#8317 = CARTESIAN_POINT('',(0.11052333949,-11.24948548759));
#8318 = CARTESIAN_POINT('',(0.986951472967,-11.37618279713));
#8319 = CARTESIAN_POINT('',(2.806286868958,-11.60219461832));
#8320 = CARTESIAN_POINT('',(5.373460647376,-12.1346295074));
#8321 = CARTESIAN_POINT('',(7.719905530411,-12.76133070174));
#8322 = CARTESIAN_POINT('',(9.821415703608,-13.47680040132));
#8323 = CARTESIAN_POINT('',(11.695953869781,-14.26246707513));
#8324 = CARTESIAN_POINT('',(13.400871942358,-15.13824528822));
#8325 = CARTESIAN_POINT('',(14.857969224017,-16.04736931029));
#8326 = CARTESIAN_POINT('',(16.118266467028,-16.99421997599));
#8327 = CARTESIAN_POINT('',(17.194773878067,-17.96912070933));
#8328 = CARTESIAN_POINT('',(18.117314751465,-18.99665309845));
#8329 = CARTESIAN_POINT('',(18.903915227139,-19.97597752126));
#8330 = CARTESIAN_POINT('',(19.521889253497,-20.98029598044));
#8331 = CARTESIAN_POINT('',(19.99698355557,-21.98963035416));
#8332 = CARTESIAN_POINT('',(20.336826675277,-23.03040043053));
#8333 = CARTESIAN_POINT('',(20.532029205586,-24.0394927097));
#8334 = CARTESIAN_POINT('',(20.60377705895,-25.03400430745));
#8335 = CARTESIAN_POINT('',(20.561055052166,-26.00938189726));
#8336 = CARTESIAN_POINT('',(20.404533141836,-26.98551059115));
#8337 = CARTESIAN_POINT('',(20.152100759088,-27.90773351685));
#8338 = CARTESIAN_POINT('',(19.813051750738,-28.79929882778));
#8339 = CARTESIAN_POINT('',(19.395407180895,-29.6596541961));
#8340 = CARTESIAN_POINT('',(18.892157024009,-30.50843689689));
#8341 = CARTESIAN_POINT('',(18.337493269739,-31.30248363569));
#8342 = CARTESIAN_POINT('',(17.728110149382,-32.06644396779));
#8343 = CARTESIAN_POINT('',(17.070223307686,-32.80183046666));
#8344 = CARTESIAN_POINT('',(16.350967281854,-33.52768515797));
#8345 = CARTESIAN_POINT('',(15.613403839042,-34.20906255588));
#8346 = CARTESIAN_POINT('',(14.846880563847,-34.86991728964));
#8347 = CARTESIAN_POINT('',(14.053038581483,-35.50849199162));
#8348 = CARTESIAN_POINT('',(13.229315368891,-36.16114656351));
#8349 = CARTESIAN_POINT('',(12.415536271347,-36.78929814367));
#8350 = CARTESIAN_POINT('',(11.591878866851,-37.40856920271));
#8351 = CARTESIAN_POINT('',(10.764177210539,-38.02387677082));
#8352 = CARTESIAN_POINT('',(9.915151982458,-38.65511276955));
#8353 = CARTESIAN_POINT('',(9.093029159271,-39.27455290465));
#8354 = CARTESIAN_POINT('',(8.280247432833,-39.90255098411));
#8355 = CARTESIAN_POINT('',(7.480540154386,-40.5433647971));
#8356 = CARTESIAN_POINT('',(6.677601330652,-41.21993148978));
#8357 = CARTESIAN_POINT('',(5.91631961213,-41.90255786847));
#8358 = CARTESIAN_POINT('',(5.178417395412,-42.61276879046));
#8359 = CARTESIAN_POINT('',(4.466330803474,-43.35548030469));
#8360 = CARTESIAN_POINT('',(3.76564202268,-44.15866040774));
#8361 = CARTESIAN_POINT('',(3.116584534401,-44.98340642615));
#8362 = CARTESIAN_POINT('',(2.49488342741,-45.86678680957));
#8363 = CARTESIAN_POINT('',(1.926277637567,-46.76991036822));
#8364 = CARTESIAN_POINT('',(1.302493150694,-47.90817995392));
#8365 = CARTESIAN_POINT('',(1.124425518621,-48.32053722281));
#8366 = CARTESIAN_POINT('',(0.849157873792,-48.8973727361));
#8367 = ( GEOMETRIC_REPRESENTATION_CONTEXT(2) 
PARAMETRIC_REPRESENTATION_CONTEXT() REPRESENTATION_CONTEXT('2D SPACE',''
  ) );
#8368 = PCURVE('',#2773,#8369);
#8369 = DEFINITIONAL_REPRESENTATION('',(#8370),#8374);
#8370 = LINE('',#8371,#8372);
#8371 = CARTESIAN_POINT('',(0.,-22.4));
#8372 = VECTOR('',#8373,1.);
#8373 = DIRECTION('',(1.,0.));
#8374 = ( GEOMETRIC_REPRESENTATION_CONTEXT(2) 
PARAMETRIC_REPRESENTATION_CONTEXT() REPRESENTATION_CONTEXT('2D SPACE',''
  ) );
#8375 = FACE_BOUND('',#8376,.T.);
#8376 = EDGE_LOOP('',(#8377,#8403,#8426,#8543,#8566,#8590));
#8377 = ORIENTED_EDGE('',*,*,#8378,.T.);
#8378 = EDGE_CURVE('',#8379,#8381,#8383,.T.);
#8379 = VERTEX_POINT('',#8380);
#8380 = CARTESIAN_POINT('',(9.734637857925,-8.156397843108,22.4));
#8381 = VERTEX_POINT('',#8382);
#8382 = CARTESIAN_POINT('',(10.942844460111,-6.445475554358,22.4));
#8383 = SURFACE_CURVE('',#8384,(#8389,#8396),.PCURVE_S1.);
#8384 = CIRCLE('',#8385,12.7);
#8385 = AXIS2_PLACEMENT_3D('',#8386,#8387,#8388);
#8386 = CARTESIAN_POINT('',(0.,0.,22.4));
#8387 = DIRECTION('',(0.,0.,1.));
#8388 = DIRECTION('',(1.,0.,-0.));
#8389 = PCURVE('',#169,#8390);
#8390 = DEFINITIONAL_REPRESENTATION('',(#8391),#8395);
#8391 = CIRCLE('',#8392,12.7);
#8392 = AXIS2_PLACEMENT_2D('',#8393,#8394);
#8393 = CARTESIAN_POINT('',(0.,-1.204325410458E-15));
#8394 = DIRECTION('',(1.,0.));
#8395 = ( GEOMETRIC_REPRESENTATION_CONTEXT(2) 
PARAMETRIC_REPRESENTATION_CONTEXT() REPRESENTATION_CONTEXT('2D SPACE',''
  ) );
#8396 = PCURVE('',#2902,#8397);
#8397 = DEFINITIONAL_REPRESENTATION('',(#8398),#8402);
#8398 = LINE('',#8399,#8400);
#8399 = CARTESIAN_POINT('',(-0.,-22.4));
#8400 = VECTOR('',#8401,1.);
#8401 = DIRECTION('',(-1.,0.));
#8402 = ( GEOMETRIC_REPRESENTATION_CONTEXT(2) 
PARAMETRIC_REPRESENTATION_CONTEXT() REPRESENTATION_CONTEXT('2D SPACE',''
  ) );
#8403 = ORIENTED_EDGE('',*,*,#8404,.F.);
#8404 = EDGE_CURVE('',#8405,#8381,#8407,.T.);
#8405 = VERTEX_POINT('',#8406);
#8406 = CARTESIAN_POINT('',(12.199443374617,-7.170973275911,22.4));
#8407 = SURFACE_CURVE('',#8408,(#8412,#8419),.PCURVE_S1.);
#8408 = LINE('',#8409,#8410);
#8409 = CARTESIAN_POINT('',(12.199443374617,-7.170973275911,22.4));
#8410 = VECTOR('',#8411,1.);
#8411 = DIRECTION('',(-0.866025403784,0.5,0.));
#8412 = PCURVE('',#169,#8413);
#8413 = DEFINITIONAL_REPRESENTATION('',(#8414),#8418);
#8414 = LINE('',#8415,#8416);
#8415 = CARTESIAN_POINT('',(12.199443374617,-7.170973275911));
#8416 = VECTOR('',#8417,1.);
#8417 = DIRECTION('',(-0.866025403784,0.5));
#8418 = ( GEOMETRIC_REPRESENTATION_CONTEXT(2) 
PARAMETRIC_REPRESENTATION_CONTEXT() REPRESENTATION_CONTEXT('2D SPACE',''
  ) );
#8419 = PCURVE('',#2930,#8420);
#8420 = DEFINITIONAL_REPRESENTATION('',(#8421),#8425);
#8421 = LINE('',#8422,#8423);
#8422 = CARTESIAN_POINT('',(0.,-22.4));
#8423 = VECTOR('',#8424,1.);
#8424 = DIRECTION('',(1.,0.));
#8425 = ( GEOMETRIC_REPRESENTATION_CONTEXT(2) 
PARAMETRIC_REPRESENTATION_CONTEXT() REPRESENTATION_CONTEXT('2D SPACE',''
  ) );
#8426 = ORIENTED_EDGE('',*,*,#8427,.F.);
#8427 = EDGE_CURVE('',#8428,#8405,#8430,.T.);
#8428 = VERTEX_POINT('',#8429);
#8429 = CARTESIAN_POINT('',(41.233518262409,-24.78670592247,22.4));
#8430 = SURFACE_CURVE('',#8431,(#8482,#8536),.PCURVE_S1.);
#8431 = B_SPLINE_CURVE_WITH_KNOTS('',3,(#8432,#8433,#8434,#8435,#8436,
    #8437,#8438,#8439,#8440,#8441,#8442,#8443,#8444,#8445,#8446,#8447,
    #8448,#8449,#8450,#8451,#8452,#8453,#8454,#8455,#8456,#8457,#8458,
    #8459,#8460,#8461,#8462,#8463,#8464,#8465,#8466,#8467,#8468,#8469,
    #8470,#8471,#8472,#8473,#8474,#8475,#8476,#8477,#8478,#8479,#8480,
    #8481),.UNSPECIFIED.,.F.,.F.,(4,1,1,1,1,1,1,1,1,1,1,1,1,1,1,1,1,1,1,
    1,1,1,1,1,1,1,1,1,1,1,1,1,1,1,1,1,1,1,1,1,1,1,1,1,1,1,1,4),(0.,
    1.310275187177,2.575554712222,3.800853833955,4.902089094641,
    6.06831455688,7.21183434275,8.337173980858,9.363078484396,
    10.46331856218,11.554153671202,12.637112639117,13.630528059043,
    14.700223728197,15.762924250692,16.817962772309,17.784172052652,
    18.821404601302,19.84721146813,20.859830292326,21.78133906864,
    22.763820637486,23.728524475563,24.674422276675,25.530408882817,
    26.439181751574,27.329575345756,28.203542707491,28.998544434436,
    29.851442200626,30.702034885941,31.558695680793,32.363786840272,
    33.262555459008,34.202118316714,35.196909054575,36.177314147534,
    37.320972597039,38.563122142845,39.916198777823,41.276469790388,
    42.885560125174,44.651495886816,46.590899109622,48.549892956214,
    50.871342573664,53.417826896227,55.987800380247),.UNSPECIFIED.);
#8432 = CARTESIAN_POINT('',(41.233518262409,-24.78670592247,22.4));
#8433 = CARTESIAN_POINT('',(41.001093767385,-24.42122489525,22.4));
#8434 = CARTESIAN_POINT('',(40.521998921888,-23.7018981243,22.4));
#8435 = CARTESIAN_POINT('',(39.910583893974,-22.59322763267,22.4));
#8436 = CARTESIAN_POINT('',(39.385684309033,-21.5160845729,22.4));
#8437 = CARTESIAN_POINT('',(38.935043761803,-20.44209675985,22.4));
#8438 = CARTESIAN_POINT('',(38.549730659857,-19.37180212739,22.4));
#8439 = CARTESIAN_POINT('',(38.217385890334,-18.2755910763,22.4));
#8440 = CARTESIAN_POINT('',(37.948156585472,-17.21047149588,22.4));
#8441 = CARTESIAN_POINT('',(37.724987082514,-16.14963341056,22.4));
#8442 = CARTESIAN_POINT('',(37.541338075228,-15.09293793278,22.4));
#8443 = CARTESIAN_POINT('',(37.387649500721,-14.0123302891,22.4));
#8444 = CARTESIAN_POINT('',(37.264802859101,-12.96368364887,22.4));
#8445 = CARTESIAN_POINT('',(37.161247081657,-11.92008537408,22.4));
#8446 = CARTESIAN_POINT('',(37.070963641732,-10.88205116264,22.4));
#8447 = CARTESIAN_POINT('',(36.985630010262,-9.823005061108,22.4));
#8448 = CARTESIAN_POINT('',(36.90334895934,-8.79831935196,22.4));
#8449 = CARTESIAN_POINT('',(36.815495406022,-7.782607135522,22.4));
#8450 = CARTESIAN_POINT('',(36.718595281802,-6.777498794842,22.4));
#8451 = CARTESIAN_POINT('',(36.596482489864,-5.759349807569,22.4));
#8452 = CARTESIAN_POINT('',(36.438236384735,-4.785267044861,22.4));
#8453 = CARTESIAN_POINT('',(36.258407099212,-3.829731527171,22.4));
#8454 = CARTESIAN_POINT('',(36.047201040118,-2.896827721317,22.4));
#8455 = CARTESIAN_POINT('',(35.793495435002,-1.966078505113,22.4));
#8456 = CARTESIAN_POINT('',(35.505654683606,-1.089452207395,22.4));
#8457 = CARTESIAN_POINT('',(35.175604563506,-0.247821441944,22.4));
#8458 = CARTESIAN_POINT('',(34.800514815006,0.554629345014,22.4));
#8459 = CARTESIAN_POINT('',(34.36371116835,1.332310544627,22.4));
#8460 = CARTESIAN_POINT('',(33.88490693976,2.039749645056,22.4));
#8461 = CARTESIAN_POINT('',(33.353337266256,2.692340435974,22.4));
#8462 = CARTESIAN_POINT('',(32.766705433227,3.285650502111,22.4));
#8463 = CARTESIAN_POINT('',(32.103287289468,3.825240032897,22.4));
#8464 = CARTESIAN_POINT('',(31.395441013013,4.276468384663,22.4));
#8465 = CARTESIAN_POINT('',(30.625905076025,4.64968731769,22.4));
#8466 = CARTESIAN_POINT('',(29.790801678918,4.938046829651,22.4));
#8467 = CARTESIAN_POINT('',(28.864372986251,5.132942360467,22.4));
#8468 = CARTESIAN_POINT('',(27.893595415882,5.215470689358,22.4));
#8469 = CARTESIAN_POINT('',(26.853228041391,5.180093983858,22.4));
#8470 = CARTESIAN_POINT('',(25.736820849619,5.034241072697,22.4));
#8471 = CARTESIAN_POINT('',(24.541554374165,4.665353277316,22.4));
#8472 = CARTESIAN_POINT('',(23.326217541903,4.150373092614,22.4));
#8473 = CARTESIAN_POINT('',(22.055043809891,3.467808158938,22.4));
#8474 = CARTESIAN_POINT('',(20.732707992435,2.603374369183,22.4));
#8475 = CARTESIAN_POINT('',(19.332930589726,1.51045603656,22.4));
#8476 = CARTESIAN_POINT('',(17.943412608698,0.245438248009,22.4));
#8477 = CARTESIAN_POINT('',(16.486327429746,-1.293425124031,22.4));
#8478 = CARTESIAN_POINT('',(15.140811768957,-2.869205322024,22.4));
#8479 = CARTESIAN_POINT('',(13.185921011211,-5.593520042199,22.4));
#8480 = CARTESIAN_POINT('',(13.498050932648,-5.17812186136,22.4));
#8481 = CARTESIAN_POINT('',(12.199443374617,-7.170973275911,22.4));
#8482 = PCURVE('',#169,#8483);
#8483 = DEFINITIONAL_REPRESENTATION('',(#8484),#8535);
#8484 = B_SPLINE_CURVE_WITH_KNOTS('',3,(#8485,#8486,#8487,#8488,#8489,
    #8490,#8491,#8492,#8493,#8494,#8495,#8496,#8497,#8498,#8499,#8500,
    #8501,#8502,#8503,#8504,#8505,#8506,#8507,#8508,#8509,#8510,#8511,
    #8512,#8513,#8514,#8515,#8516,#8517,#8518,#8519,#8520,#8521,#8522,
    #8523,#8524,#8525,#8526,#8527,#8528,#8529,#8530,#8531,#8532,#8533,
    #8534),.UNSPECIFIED.,.F.,.F.,(4,1,1,1,1,1,1,1,1,1,1,1,1,1,1,1,1,1,1,
    1,1,1,1,1,1,1,1,1,1,1,1,1,1,1,1,1,1,1,1,1,1,1,1,1,1,1,1,4),(0.,
    1.310275187177,2.575554712222,3.800853833955,4.902089094641,
    6.06831455688,7.21183434275,8.337173980858,9.363078484396,
    10.46331856218,11.554153671202,12.637112639117,13.630528059043,
    14.700223728197,15.762924250692,16.817962772309,17.784172052652,
    18.821404601302,19.84721146813,20.859830292326,21.78133906864,
    22.763820637486,23.728524475563,24.674422276675,25.530408882817,
    26.439181751574,27.329575345756,28.203542707491,28.998544434436,
    29.851442200626,30.702034885941,31.558695680793,32.363786840272,
    33.262555459008,34.202118316714,35.196909054575,36.177314147534,
    37.320972597039,38.563122142845,39.916198777823,41.276469790388,
    42.885560125174,44.651495886816,46.590899109622,48.549892956214,
    50.871342573664,53.417826896227,55.987800380247),.UNSPECIFIED.);
#8485 = CARTESIAN_POINT('',(41.233518262409,-24.78670592247));
#8486 = CARTESIAN_POINT('',(41.001093767385,-24.42122489525));
#8487 = CARTESIAN_POINT('',(40.521998921888,-23.7018981243));
#8488 = CARTESIAN_POINT('',(39.910583893974,-22.59322763267));
#8489 = CARTESIAN_POINT('',(39.385684309033,-21.5160845729));
#8490 = CARTESIAN_POINT('',(38.935043761803,-20.44209675985));
#8491 = CARTESIAN_POINT('',(38.549730659857,-19.37180212739));
#8492 = CARTESIAN_POINT('',(38.217385890334,-18.2755910763));
#8493 = CARTESIAN_POINT('',(37.948156585472,-17.21047149588));
#8494 = CARTESIAN_POINT('',(37.724987082514,-16.14963341056));
#8495 = CARTESIAN_POINT('',(37.541338075228,-15.09293793278));
#8496 = CARTESIAN_POINT('',(37.387649500721,-14.0123302891));
#8497 = CARTESIAN_POINT('',(37.264802859101,-12.96368364887));
#8498 = CARTESIAN_POINT('',(37.161247081657,-11.92008537408));
#8499 = CARTESIAN_POINT('',(37.070963641732,-10.88205116264));
#8500 = CARTESIAN_POINT('',(36.985630010262,-9.823005061108));
#8501 = CARTESIAN_POINT('',(36.90334895934,-8.79831935196));
#8502 = CARTESIAN_POINT('',(36.815495406022,-7.782607135522));
#8503 = CARTESIAN_POINT('',(36.718595281802,-6.777498794842));
#8504 = CARTESIAN_POINT('',(36.596482489864,-5.759349807569));
#8505 = CARTESIAN_POINT('',(36.438236384735,-4.785267044861));
#8506 = CARTESIAN_POINT('',(36.258407099212,-3.829731527171));
#8507 = CARTESIAN_POINT('',(36.047201040118,-2.896827721317));
#8508 = CARTESIAN_POINT('',(35.793495435002,-1.966078505113));
#8509 = CARTESIAN_POINT('',(35.505654683606,-1.089452207395));
#8510 = CARTESIAN_POINT('',(35.175604563506,-0.247821441944));
#8511 = CARTESIAN_POINT('',(34.800514815006,0.554629345014));
#8512 = CARTESIAN_POINT('',(34.36371116835,1.332310544627));
#8513 = CARTESIAN_POINT('',(33.88490693976,2.039749645056));
#8514 = CARTESIAN_POINT('',(33.353337266256,2.692340435974));
#8515 = CARTESIAN_POINT('',(32.766705433227,3.285650502111));
#8516 = CARTESIAN_POINT('',(32.103287289468,3.825240032897));
#8517 = CARTESIAN_POINT('',(31.395441013013,4.276468384663));
#8518 = CARTESIAN_POINT('',(30.625905076025,4.64968731769));
#8519 = CARTESIAN_POINT('',(29.790801678918,4.938046829651));
#8520 = CARTESIAN_POINT('',(28.864372986251,5.132942360467));
#8521 = CARTESIAN_POINT('',(27.893595415882,5.215470689358));
#8522 = CARTESIAN_POINT('',(26.853228041391,5.180093983858));
#8523 = CARTESIAN_POINT('',(25.736820849619,5.034241072697));
#8524 = CARTESIAN_POINT('',(24.541554374165,4.665353277316));
#8525 = CARTESIAN_POINT('',(23.326217541903,4.150373092614));
#8526 = CARTESIAN_POINT('',(22.055043809891,3.467808158938));
#8527 = CARTESIAN_POINT('',(20.732707992435,2.603374369183));
#8528 = CARTESIAN_POINT('',(19.332930589726,1.51045603656));
#8529 = CARTESIAN_POINT('',(17.943412608698,0.245438248009));
#8530 = CARTESIAN_POINT('',(16.486327429746,-1.293425124031));
#8531 = CARTESIAN_POINT('',(15.140811768957,-2.869205322024));
#8532 = CARTESIAN_POINT('',(13.185921011211,-5.593520042199));
#8533 = CARTESIAN_POINT('',(13.498050932648,-5.17812186136));
#8534 = CARTESIAN_POINT('',(12.199443374617,-7.170973275911));
#8535 = ( GEOMETRIC_REPRESENTATION_CONTEXT(2) 
PARAMETRIC_REPRESENTATION_CONTEXT() REPRESENTATION_CONTEXT('2D SPACE',''
  ) );
#8536 = PCURVE('',#3052,#8537);
#8537 = DEFINITIONAL_REPRESENTATION('',(#8538),#8542);
#8538 = LINE('',#8539,#8540);
#8539 = CARTESIAN_POINT('',(0.,-22.4));
#8540 = VECTOR('',#8541,1.);
#8541 = DIRECTION('',(1.,0.));
#8542 = ( GEOMETRIC_REPRESENTATION_CONTEXT(2) 
PARAMETRIC_REPRESENTATION_CONTEXT() REPRESENTATION_CONTEXT('2D SPACE',''
  ) );
#8543 = ORIENTED_EDGE('',*,*,#8544,.F.);
#8544 = EDGE_CURVE('',#8545,#8428,#8547,.T.);
#8545 = VERTEX_POINT('',#8546);
#8546 = CARTESIAN_POINT('',(41.471392120068,-25.1470402955,22.4));
#8547 = SURFACE_CURVE('',#8548,(#8552,#8559),.PCURVE_S1.);
#8548 = LINE('',#8549,#8550);
#8549 = CARTESIAN_POINT('',(42.566576121973,-26.8060390798,22.4));
#8550 = VECTOR('',#8551,1.);
#8551 = DIRECTION('',(-0.550927986848,0.834552786412,0.));
#8552 = PCURVE('',#169,#8553);
#8553 = DEFINITIONAL_REPRESENTATION('',(#8554),#8558);
#8554 = LINE('',#8555,#8556);
#8555 = CARTESIAN_POINT('',(42.566576121973,-26.8060390798));
#8556 = VECTOR('',#8557,1.);
#8557 = DIRECTION('',(-0.550927986848,0.834552786412));
#8558 = ( GEOMETRIC_REPRESENTATION_CONTEXT(2) 
PARAMETRIC_REPRESENTATION_CONTEXT() REPRESENTATION_CONTEXT('2D SPACE',''
  ) );
#8559 = PCURVE('',#3176,#8560);
#8560 = DEFINITIONAL_REPRESENTATION('',(#8561),#8565);
#8561 = LINE('',#8562,#8563);
#8562 = CARTESIAN_POINT('',(-1.987889575494,-22.4));
#8563 = VECTOR('',#8564,1.);
#8564 = DIRECTION('',(1.,0.));
#8565 = ( GEOMETRIC_REPRESENTATION_CONTEXT(2) 
PARAMETRIC_REPRESENTATION_CONTEXT() REPRESENTATION_CONTEXT('2D SPACE',''
  ) );
#8566 = ORIENTED_EDGE('',*,*,#8567,.F.);
#8567 = EDGE_CURVE('',#8568,#8545,#8570,.T.);
#8568 = VERTEX_POINT('',#8569);
#8569 = CARTESIAN_POINT('',(25.14724214276,-41.47126972511,22.4));
#8570 = SURFACE_CURVE('',#8571,(#8576,#8583),.PCURVE_S1.);
#8571 = CIRCLE('',#8572,48.5);
#8572 = AXIS2_PLACEMENT_3D('',#8573,#8574,#8575);
#8573 = CARTESIAN_POINT('',(0.,0.,22.4));
#8574 = DIRECTION('',(0.,0.,1.));
#8575 = DIRECTION('',(1.,0.,-0.));
#8576 = PCURVE('',#169,#8577);
#8577 = DEFINITIONAL_REPRESENTATION('',(#8578),#8582);
#8578 = CIRCLE('',#8579,48.5);
#8579 = AXIS2_PLACEMENT_2D('',#8580,#8581);
#8580 = CARTESIAN_POINT('',(0.,-1.204325410458E-15));
#8581 = DIRECTION('',(1.,0.));
#8582 = ( GEOMETRIC_REPRESENTATION_CONTEXT(2) 
PARAMETRIC_REPRESENTATION_CONTEXT() REPRESENTATION_CONTEXT('2D SPACE',''
  ) );
#8583 = PCURVE('',#3205,#8584);
#8584 = DEFINITIONAL_REPRESENTATION('',(#8585),#8589);
#8585 = LINE('',#8586,#8587);
#8586 = CARTESIAN_POINT('',(-0.,-22.4));
#8587 = VECTOR('',#8588,1.);
#8588 = DIRECTION('',(-1.,0.));
#8589 = ( GEOMETRIC_REPRESENTATION_CONTEXT(2) 
PARAMETRIC_REPRESENTATION_CONTEXT() REPRESENTATION_CONTEXT('2D SPACE',''
  ) );
#8590 = ORIENTED_EDGE('',*,*,#8591,.F.);
#8591 = EDGE_CURVE('',#8379,#8568,#8592,.T.);
#8592 = SURFACE_CURVE('',#8593,(#8644,#8698),.PCURVE_S1.);
#8593 = B_SPLINE_CURVE_WITH_KNOTS('',3,(#8594,#8595,#8596,#8597,#8598,
    #8599,#8600,#8601,#8602,#8603,#8604,#8605,#8606,#8607,#8608,#8609,
    #8610,#8611,#8612,#8613,#8614,#8615,#8616,#8617,#8618,#8619,#8620,
    #8621,#8622,#8623,#8624,#8625,#8626,#8627,#8628,#8629,#8630,#8631,
    #8632,#8633,#8634,#8635,#8636,#8637,#8638,#8639,#8640,#8641,#8642,
    #8643),.UNSPECIFIED.,.F.,.F.,(4,1,1,1,1,1,1,1,1,1,1,1,1,1,1,1,1,1,1,
    1,1,1,1,1,1,1,1,1,1,1,1,1,1,1,1,1,1,1,1,1,1,1,1,1,1,1,1,4),(0.,
    2.712363629581,5.415653884531,7.889901421053,9.986742084351,
    12.07233621524,13.981450928582,15.730829279285,17.217976489194,
    18.70534511222,20.079261809959,21.357514213245,22.46799558875,
    23.608470848383,24.696515979748,25.743900293344,26.683864297553,
    27.681614976107,28.665922847739,29.643534481927,30.544804484636,
    31.523863593595,32.508882471553,33.502052098633,34.427210166566,
    35.439013636309,36.460687542796,37.491630530293,38.450636928084,
    39.49631232414,40.547756860041,41.603484223464,42.58022774738,
    43.639187672476,44.697549950026,45.75413920775,46.727235587527,
    47.778840627491,48.828245019521,49.876764601754,50.845806288818,
    51.899956703366,52.96296178269,54.040387692291,55.053510242706,
    56.178288511941,57.339605375855,58.548465428582),.UNSPECIFIED.);
#8594 = CARTESIAN_POINT('',(5.720458763507,-9.687078542018,22.4));
#8595 = CARTESIAN_POINT('',(6.542816446458,-9.358587563928,22.4));
#8596 = CARTESIAN_POINT('',(8.231413027986,-8.644651844641,22.4));
#8597 = CARTESIAN_POINT('',(10.720868180564,-7.822167095234,22.4));
#8598 = CARTESIAN_POINT('',(13.066299655025,-7.1916838086,22.4));
#8599 = CARTESIAN_POINT('',(15.243995701115,-6.760543657476,22.4));
#8600 = CARTESIAN_POINT('',(17.260226710286,-6.503681872811,22.4));
#8601 = CARTESIAN_POINT('',(19.174618179059,-6.409669017147,22.4));
#8602 = CARTESIAN_POINT('',(20.891063451795,-6.468444874619,22.4));
#8603 = CARTESIAN_POINT('',(22.455938213411,-6.658292983199,22.4));
#8604 = CARTESIAN_POINT('',(23.875671345404,-6.964328078922,22.4));
#8605 = CARTESIAN_POINT('',(25.188381372354,-7.392926794409,22.4));
#8606 = CARTESIAN_POINT('',(26.359259578321,-7.84774638527,22.4));
#8607 = CARTESIAN_POINT('',(27.396600013615,-8.40852467123,22.4));
#8608 = CARTESIAN_POINT('',(28.312710935264,-9.045086728748,22.4));
#8609 = CARTESIAN_POINT('',(29.127408748418,-9.776498494533,22.4));
#8610 = CARTESIAN_POINT('',(29.801005238135,-10.5527967779,22.4));
#8611 = CARTESIAN_POINT('',(30.360396500688,-11.37819515922,22.4));
#8612 = CARTESIAN_POINT('',(30.811086952417,-12.24425793367,22.4));
#8613 = CARTESIAN_POINT('',(31.163599348771,-13.16787113511,22.4));
#8614 = CARTESIAN_POINT('',(31.406097955421,-14.09275580809,22.4));
#8615 = CARTESIAN_POINT('',(31.558255556528,-15.03439852067,22.4));
#8616 = CARTESIAN_POINT('',(31.626742433449,-15.98831041083,22.4));
#8617 = CARTESIAN_POINT('',(31.615306363525,-16.97500287046,22.4));
#8618 = CARTESIAN_POINT('',(31.531976831167,-17.93999939518,22.4));
#8619 = CARTESIAN_POINT('',(31.386215734349,-18.90630001044,22.4));
#8620 = CARTESIAN_POINT('',(31.18416226606,-19.87210682091,22.4));
#8621 = CARTESIAN_POINT('',(30.924195621521,-20.86034343596,22.4));
#8622 = CARTESIAN_POINT('',(30.626135642097,-21.81921529352,22.4));
#8623 = CARTESIAN_POINT('',(30.292734380066,-22.77479391876,22.4));
#8624 = CARTESIAN_POINT('',(29.924534407737,-23.72473682407,22.4));
#8625 = CARTESIAN_POINT('',(29.537496465893,-24.70181386953,22.4));
#8626 = CARTESIAN_POINT('',(29.146818884429,-25.65269864414,22.4));
#8627 = CARTESIAN_POINT('',(28.743146177644,-26.60083181535,22.4));
#8628 = CARTESIAN_POINT('',(28.333989300576,-27.54755462863,22.4));
#8629 = CARTESIAN_POINT('',(27.914329883971,-28.51873365336,22.4));
#8630 = CARTESIAN_POINT('',(27.51207070161,-29.46624595807,22.4));
#8631 = CARTESIAN_POINT('',(27.122180118512,-30.41649911163,22.4));
#8632 = CARTESIAN_POINT('',(26.750020206279,-31.37131379199,22.4));
#8633 = CARTESIAN_POINT('',(26.39293813358,-32.35870714707,22.4));
#8634 = CARTESIAN_POINT('',(26.074962015248,-33.33051979157,22.4));
#8635 = CARTESIAN_POINT('',(25.791025411058,-34.31453160042,22.4));
#8636 = CARTESIAN_POINT('',(25.545696089859,-35.3137819354,22.4));
#8637 = CARTESIAN_POINT('',(25.340471857069,-36.35970069885,22.4));
#8638 = CARTESIAN_POINT('',(25.190744592908,-37.3984804466,22.4));
#8639 = CARTESIAN_POINT('',(25.094025832403,-38.47436085334,22.4));
#8640 = CARTESIAN_POINT('',(25.053160552988,-39.54079169282,22.4));
#8641 = CARTESIAN_POINT('',(25.08208213372,-40.83845431383,22.4));
#8642 = CARTESIAN_POINT('',(25.134049675194,-41.28460000015,22.4));
#8643 = CARTESIAN_POINT('',(25.184078658581,-41.92178803089,22.4));
#8644 = PCURVE('',#169,#8645);
#8645 = DEFINITIONAL_REPRESENTATION('',(#8646),#8697);
#8646 = B_SPLINE_CURVE_WITH_KNOTS('',3,(#8647,#8648,#8649,#8650,#8651,
    #8652,#8653,#8654,#8655,#8656,#8657,#8658,#8659,#8660,#8661,#8662,
    #8663,#8664,#8665,#8666,#8667,#8668,#8669,#8670,#8671,#8672,#8673,
    #8674,#8675,#8676,#8677,#8678,#8679,#8680,#8681,#8682,#8683,#8684,
    #8685,#8686,#8687,#8688,#8689,#8690,#8691,#8692,#8693,#8694,#8695,
    #8696),.UNSPECIFIED.,.F.,.F.,(4,1,1,1,1,1,1,1,1,1,1,1,1,1,1,1,1,1,1,
    1,1,1,1,1,1,1,1,1,1,1,1,1,1,1,1,1,1,1,1,1,1,1,1,1,1,1,1,4),(0.,
    2.712363629581,5.415653884531,7.889901421053,9.986742084351,
    12.07233621524,13.981450928582,15.730829279285,17.217976489194,
    18.70534511222,20.079261809959,21.357514213245,22.46799558875,
    23.608470848383,24.696515979748,25.743900293344,26.683864297553,
    27.681614976107,28.665922847739,29.643534481927,30.544804484636,
    31.523863593595,32.508882471553,33.502052098633,34.427210166566,
    35.439013636309,36.460687542796,37.491630530293,38.450636928084,
    39.49631232414,40.547756860041,41.603484223464,42.58022774738,
    43.639187672476,44.697549950026,45.75413920775,46.727235587527,
    47.778840627491,48.828245019521,49.876764601754,50.845806288818,
    51.899956703366,52.96296178269,54.040387692291,55.053510242706,
    56.178288511941,57.339605375855,58.548465428582),.UNSPECIFIED.);
#8647 = CARTESIAN_POINT('',(5.720458763507,-9.687078542018));
#8648 = CARTESIAN_POINT('',(6.542816446458,-9.358587563928));
#8649 = CARTESIAN_POINT('',(8.231413027986,-8.644651844641));
#8650 = CARTESIAN_POINT('',(10.720868180564,-7.822167095234));
#8651 = CARTESIAN_POINT('',(13.066299655025,-7.1916838086));
#8652 = CARTESIAN_POINT('',(15.243995701115,-6.760543657476));
#8653 = CARTESIAN_POINT('',(17.260226710286,-6.503681872811));
#8654 = CARTESIAN_POINT('',(19.174618179059,-6.409669017147));
#8655 = CARTESIAN_POINT('',(20.891063451795,-6.468444874619));
#8656 = CARTESIAN_POINT('',(22.455938213411,-6.658292983199));
#8657 = CARTESIAN_POINT('',(23.875671345404,-6.964328078922));
#8658 = CARTESIAN_POINT('',(25.188381372354,-7.392926794409));
#8659 = CARTESIAN_POINT('',(26.359259578321,-7.84774638527));
#8660 = CARTESIAN_POINT('',(27.396600013615,-8.40852467123));
#8661 = CARTESIAN_POINT('',(28.312710935264,-9.045086728748));
#8662 = CARTESIAN_POINT('',(29.127408748418,-9.776498494533));
#8663 = CARTESIAN_POINT('',(29.801005238135,-10.5527967779));
#8664 = CARTESIAN_POINT('',(30.360396500688,-11.37819515922));
#8665 = CARTESIAN_POINT('',(30.811086952417,-12.24425793367));
#8666 = CARTESIAN_POINT('',(31.163599348771,-13.16787113511));
#8667 = CARTESIAN_POINT('',(31.406097955421,-14.09275580809));
#8668 = CARTESIAN_POINT('',(31.558255556528,-15.03439852067));
#8669 = CARTESIAN_POINT('',(31.626742433449,-15.98831041083));
#8670 = CARTESIAN_POINT('',(31.615306363525,-16.97500287046));
#8671 = CARTESIAN_POINT('',(31.531976831167,-17.93999939518));
#8672 = CARTESIAN_POINT('',(31.386215734349,-18.90630001044));
#8673 = CARTESIAN_POINT('',(31.18416226606,-19.87210682091));
#8674 = CARTESIAN_POINT('',(30.924195621521,-20.86034343596));
#8675 = CARTESIAN_POINT('',(30.626135642097,-21.81921529352));
#8676 = CARTESIAN_POINT('',(30.292734380066,-22.77479391876));
#8677 = CARTESIAN_POINT('',(29.924534407737,-23.72473682407));
#8678 = CARTESIAN_POINT('',(29.537496465893,-24.70181386953));
#8679 = CARTESIAN_POINT('',(29.146818884429,-25.65269864414));
#8680 = CARTESIAN_POINT('',(28.743146177644,-26.60083181535));
#8681 = CARTESIAN_POINT('',(28.333989300576,-27.54755462863));
#8682 = CARTESIAN_POINT('',(27.914329883971,-28.51873365336));
#8683 = CARTESIAN_POINT('',(27.51207070161,-29.46624595807));
#8684 = CARTESIAN_POINT('',(27.122180118512,-30.41649911163));
#8685 = CARTESIAN_POINT('',(26.750020206279,-31.37131379199));
#8686 = CARTESIAN_POINT('',(26.39293813358,-32.35870714707));
#8687 = CARTESIAN_POINT('',(26.074962015248,-33.33051979157));
#8688 = CARTESIAN_POINT('',(25.791025411058,-34.31453160042));
#8689 = CARTESIAN_POINT('',(25.545696089859,-35.3137819354));
#8690 = CARTESIAN_POINT('',(25.340471857069,-36.35970069885));
#8691 = CARTESIAN_POINT('',(25.190744592908,-37.3984804466));
#8692 = CARTESIAN_POINT('',(25.094025832403,-38.47436085334));
#8693 = CARTESIAN_POINT('',(25.053160552988,-39.54079169282));
#8694 = CARTESIAN_POINT('',(25.08208213372,-40.83845431383));
#8695 = CARTESIAN_POINT('',(25.134049675194,-41.28460000015));
#8696 = CARTESIAN_POINT('',(25.184078658581,-41.92178803089));
#8697 = ( GEOMETRIC_REPRESENTATION_CONTEXT(2) 
PARAMETRIC_REPRESENTATION_CONTEXT() REPRESENTATION_CONTEXT('2D SPACE',''
  ) );
#8698 = PCURVE('',#3325,#8699);
#8699 = DEFINITIONAL_REPRESENTATION('',(#8700),#8704);
#8700 = LINE('',#8701,#8702);
#8701 = CARTESIAN_POINT('',(0.,-22.4));
#8702 = VECTOR('',#8703,1.);
#8703 = DIRECTION('',(1.,0.));
#8704 = ( GEOMETRIC_REPRESENTATION_CONTEXT(2) 
PARAMETRIC_REPRESENTATION_CONTEXT() REPRESENTATION_CONTEXT('2D SPACE',''
  ) );
#8705 = FACE_BOUND('',#8706,.T.);
#8706 = EDGE_LOOP('',(#8707,#8733,#8756,#8873,#8896,#8920));
#8707 = ORIENTED_EDGE('',*,*,#8708,.T.);
#8708 = EDGE_CURVE('',#8709,#8711,#8713,.T.);
#8709 = VERTEX_POINT('',#8710);
#8710 = CARTESIAN_POINT('',(12.508642603159,-2.196328806542,22.4));
#8711 = VERTEX_POINT('',#8712);
#8712 = CARTESIAN_POINT('',(12.699519069297,-0.11052333949,22.4));
#8713 = SURFACE_CURVE('',#8714,(#8719,#8726),.PCURVE_S1.);
#8714 = CIRCLE('',#8715,12.7);
#8715 = AXIS2_PLACEMENT_3D('',#8716,#8717,#8718);
#8716 = CARTESIAN_POINT('',(0.,0.,22.4));
#8717 = DIRECTION('',(0.,0.,1.));
#8718 = DIRECTION('',(1.,0.,-0.));
#8719 = PCURVE('',#169,#8720);
#8720 = DEFINITIONAL_REPRESENTATION('',(#8721),#8725);
#8721 = CIRCLE('',#8722,12.7);
#8722 = AXIS2_PLACEMENT_2D('',#8723,#8724);
#8723 = CARTESIAN_POINT('',(0.,-1.204325410458E-15));
#8724 = DIRECTION('',(1.,0.));
#8725 = ( GEOMETRIC_REPRESENTATION_CONTEXT(2) 
PARAMETRIC_REPRESENTATION_CONTEXT() REPRESENTATION_CONTEXT('2D SPACE',''
  ) );
#8726 = PCURVE('',#3454,#8727);
#8727 = DEFINITIONAL_REPRESENTATION('',(#8728),#8732);
#8728 = LINE('',#8729,#8730);
#8729 = CARTESIAN_POINT('',(-0.,-22.4));
#8730 = VECTOR('',#8731,1.);
#8731 = DIRECTION('',(-1.,0.));
#8732 = ( GEOMETRIC_REPRESENTATION_CONTEXT(2) 
PARAMETRIC_REPRESENTATION_CONTEXT() REPRESENTATION_CONTEXT('2D SPACE',''
  ) );
#8733 = ORIENTED_EDGE('',*,*,#8734,.F.);
#8734 = EDGE_CURVE('',#8735,#8711,#8737,.T.);
#8735 = VERTEX_POINT('',#8736);
#8736 = CARTESIAN_POINT('',(14.150514512404,-0.11052333949,22.4));
#8737 = SURFACE_CURVE('',#8738,(#8742,#8749),.PCURVE_S1.);
#8738 = LINE('',#8739,#8740);
#8739 = CARTESIAN_POINT('',(14.150514512404,-0.11052333949,22.4));
#8740 = VECTOR('',#8741,1.);
#8741 = DIRECTION('',(-1.,0.,0.));
#8742 = PCURVE('',#169,#8743);
#8743 = DEFINITIONAL_REPRESENTATION('',(#8744),#8748);
#8744 = LINE('',#8745,#8746);
#8745 = CARTESIAN_POINT('',(14.150514512404,-0.11052333949));
#8746 = VECTOR('',#8747,1.);
#8747 = DIRECTION('',(-1.,0.));
#8748 = ( GEOMETRIC_REPRESENTATION_CONTEXT(2) 
PARAMETRIC_REPRESENTATION_CONTEXT() REPRESENTATION_CONTEXT('2D SPACE',''
  ) );
#8749 = PCURVE('',#3482,#8750);
#8750 = DEFINITIONAL_REPRESENTATION('',(#8751),#8755);
#8751 = LINE('',#8752,#8753);
#8752 = CARTESIAN_POINT('',(0.,-22.4));
#8753 = VECTOR('',#8754,1.);
#8754 = DIRECTION('',(1.,0.));
#8755 = ( GEOMETRIC_REPRESENTATION_CONTEXT(2) 
PARAMETRIC_REPRESENTATION_CONTEXT() REPRESENTATION_CONTEXT('2D SPACE',''
  ) );
#8756 = ORIENTED_EDGE('',*,*,#8757,.F.);
#8757 = EDGE_CURVE('',#8758,#8735,#8760,.T.);
#8758 = VERTEX_POINT('',#8759);
#8759 = CARTESIAN_POINT('',(48.102627263893,-0.849157873792,22.4));
#8760 = SURFACE_CURVE('',#8761,(#8812,#8866),.PCURVE_S1.);
#8761 = B_SPLINE_CURVE_WITH_KNOTS('',3,(#8762,#8763,#8764,#8765,#8766,
    #8767,#8768,#8769,#8770,#8771,#8772,#8773,#8774,#8775,#8776,#8777,
    #8778,#8779,#8780,#8781,#8782,#8783,#8784,#8785,#8786,#8787,#8788,
    #8789,#8790,#8791,#8792,#8793,#8794,#8795,#8796,#8797,#8798,#8799,
    #8800,#8801,#8802,#8803,#8804,#8805,#8806,#8807,#8808,#8809,#8810,
    #8811),.UNSPECIFIED.,.F.,.F.,(4,1,1,1,1,1,1,1,1,1,1,1,1,1,1,1,1,1,1,
    1,1,1,1,1,1,1,1,1,1,1,1,1,1,1,1,1,1,1,1,1,1,1,1,1,1,1,1,4),(0.,
    1.310275187177,2.575554712222,3.800853833955,4.902089094641,
    6.06831455688,7.21183434275,8.337173980858,9.363078484396,
    10.46331856218,11.554153671202,12.637112639117,13.630528059043,
    14.700223728197,15.762924250692,16.817962772309,17.784172052652,
    18.821404601302,19.84721146813,20.859830292326,21.78133906864,
    22.763820637486,23.728524475563,24.674422276675,25.530408882817,
    26.439181751574,27.329575345756,28.203542707491,28.998544434436,
    29.851442200626,30.702034885941,31.558695680793,32.363786840272,
    33.262555459008,34.202118316714,35.196909054575,36.177314147534,
    37.320972597039,38.563122142845,39.916198777823,41.276469790388,
    42.885560125174,44.651495886816,46.590899109622,48.549892956214,
    50.871342573664,53.417826896227,55.987800380247),.UNSPECIFIED.);
#8762 = CARTESIAN_POINT('',(48.102627263893,-0.849157873792,22.4));
#8763 = CARTESIAN_POINT('',(47.718601233129,-0.648854267128,22.4));
#8764 = CARTESIAN_POINT('',(46.944029540635,-0.265446432616,22.4));
#8765 = CARTESIAN_POINT('',(45.860193348388,0.388982863609,22.4));
#8766 = CARTESIAN_POINT('',(44.867045443507,1.059366324409,22.4));
#8767 = CARTESIAN_POINT('',(43.93978537511,1.764146780244,22.4));
#8768 = CARTESIAN_POINT('',(43.070947124179,2.498392570523,22.4));
#8769 = CARTESIAN_POINT('',(42.235022585415,3.281566803911,22.4));
#8770 = CARTESIAN_POINT('',(41.469303377752,4.069372766189,22.4));
#8771 = CARTESIAN_POINT('',(40.74561387618,4.8765007459,22.4));
#8772 = CARTESIAN_POINT('',(40.058221431601,5.699801370078,22.4));
#8773 = CARTESIAN_POINT('',(39.384819399965,6.558790753779,22.4));
#8774 = CARTESIAN_POINT('',(38.754107767438,7.405522063,22.4));
#8775 = CARTESIAN_POINT('',(38.142626696068,8.25752679159,22.4));
#8776 = CARTESIAN_POINT('',(37.545421837831,9.111349068736,22.4));
#8777 = CARTESIAN_POINT('',(36.941997694413,9.985843080708,22.4));
#8778 = CARTESIAN_POINT('',(36.35839735949,10.832106410265,22.4));
#8779 = CARTESIAN_POINT('',(35.774457842286,11.667812215975,22.4));
#8780 = CARTESIAN_POINT('',(35.187985702741,12.48981151045,22.4));
#8781 = CARTESIAN_POINT('',(34.573158429159,13.310498002297,22.4));
#8782 = CARTESIAN_POINT('',(33.949071900713,14.074955367626,22.4));
#8783 = CARTESIAN_POINT('',(33.315567412261,14.812558757402,22.4));
#8784 = CARTESIAN_POINT('',(32.666205696726,15.514874123011,22.4));
#8785 = CARTESIAN_POINT('',(31.981115589511,16.194073786239,22.4));
#8786 = CARTESIAN_POINT('',(31.293525037699,16.80933405399,22.4));
#8787 = CARTESIAN_POINT('',(30.586877866444,17.373182617427,22.4));
#8788 = CARTESIAN_POINT('',(29.860815222065,17.88058050997,22.4));
#8789 = CARTESIAN_POINT('',(29.093691567789,18.335670361552,22.4));
#8790 = CARTESIAN_POINT('',(28.325315392176,18.708928479858,22.4));
#8791 = CARTESIAN_POINT('',(27.538667155581,19.008303846318,22.4));
#8792 = CARTESIAN_POINT('',(26.733974052441,19.228809519399,22.4));
#8793 = CARTESIAN_POINT('',(25.88964232122,19.364398688796,22.4));
#8794 = CARTESIAN_POINT('',(25.051015287954,19.401250766106,22.4));
#8795 = CARTESIAN_POINT('',(24.197968150883,19.339699874786,22.4));
#8796 = CARTESIAN_POINT('',(23.330567638221,19.171874839014,22.4));
#8797 = CARTESIAN_POINT('',(22.430809090169,18.877444973451,22.4));
#8798 = CARTESIAN_POINT('',(21.548826888359,18.463527817618,22.4));
#8799 = CARTESIAN_POINT('',(20.665530665532,17.912707004707,22.4));
#8800 = CARTESIAN_POINT('',(19.771620132071,17.22819108254,22.4));
#8801 = CARTESIAN_POINT('',(18.920932897725,16.311091642867,22.4));
#8802 = CARTESIAN_POINT('',(18.125910419184,15.257437304339,22.4));
#8803 = CARTESIAN_POINT('',(17.366324141475,14.030731866037,22.4));
#8804 = CARTESIAN_POINT('',(16.653364626102,12.620942335491,22.4));
#8805 = CARTESIAN_POINT('',(15.987581002024,10.974558593824,22.4));
#8806 = CARTESIAN_POINT('',(15.416732025714,9.184262062185,22.4));
#8807 = CARTESIAN_POINT('',(14.924290931284,7.123024699569,22.4));
#8808 = CARTESIAN_POINT('',(14.546930286847,5.085601186932,22.4));
#8809 = CARTESIAN_POINT('',(14.216102589103,1.748830052484,22.4));
#8810 = CARTESIAN_POINT('',(14.278715939929,2.264640390495,22.4));
#8811 = CARTESIAN_POINT('',(14.150514512404,-0.11052333949,22.4));
#8812 = PCURVE('',#169,#8813);
#8813 = DEFINITIONAL_REPRESENTATION('',(#8814),#8865);
#8814 = B_SPLINE_CURVE_WITH_KNOTS('',3,(#8815,#8816,#8817,#8818,#8819,
    #8820,#8821,#8822,#8823,#8824,#8825,#8826,#8827,#8828,#8829,#8830,
    #8831,#8832,#8833,#8834,#8835,#8836,#8837,#8838,#8839,#8840,#8841,
    #8842,#8843,#8844,#8845,#8846,#8847,#8848,#8849,#8850,#8851,#8852,
    #8853,#8854,#8855,#8856,#8857,#8858,#8859,#8860,#8861,#8862,#8863,
    #8864),.UNSPECIFIED.,.F.,.F.,(4,1,1,1,1,1,1,1,1,1,1,1,1,1,1,1,1,1,1,
    1,1,1,1,1,1,1,1,1,1,1,1,1,1,1,1,1,1,1,1,1,1,1,1,1,1,1,1,4),(0.,
    1.310275187177,2.575554712222,3.800853833955,4.902089094641,
    6.06831455688,7.21183434275,8.337173980858,9.363078484396,
    10.46331856218,11.554153671202,12.637112639117,13.630528059043,
    14.700223728197,15.762924250692,16.817962772309,17.784172052652,
    18.821404601302,19.84721146813,20.859830292326,21.78133906864,
    22.763820637486,23.728524475563,24.674422276675,25.530408882817,
    26.439181751574,27.329575345756,28.203542707491,28.998544434436,
    29.851442200626,30.702034885941,31.558695680793,32.363786840272,
    33.262555459008,34.202118316714,35.196909054575,36.177314147534,
    37.320972597039,38.563122142845,39.916198777823,41.276469790388,
    42.885560125174,44.651495886816,46.590899109622,48.549892956214,
    50.871342573664,53.417826896227,55.987800380247),.UNSPECIFIED.);
#8815 = CARTESIAN_POINT('',(48.102627263893,-0.849157873792));
#8816 = CARTESIAN_POINT('',(47.718601233129,-0.648854267128));
#8817 = CARTESIAN_POINT('',(46.944029540635,-0.265446432616));
#8818 = CARTESIAN_POINT('',(45.860193348388,0.388982863609));
#8819 = CARTESIAN_POINT('',(44.867045443507,1.059366324409));
#8820 = CARTESIAN_POINT('',(43.93978537511,1.764146780244));
#8821 = CARTESIAN_POINT('',(43.070947124179,2.498392570523));
#8822 = CARTESIAN_POINT('',(42.235022585415,3.281566803911));
#8823 = CARTESIAN_POINT('',(41.469303377752,4.069372766189));
#8824 = CARTESIAN_POINT('',(40.74561387618,4.8765007459));
#8825 = CARTESIAN_POINT('',(40.058221431601,5.699801370078));
#8826 = CARTESIAN_POINT('',(39.384819399965,6.558790753779));
#8827 = CARTESIAN_POINT('',(38.754107767438,7.405522063));
#8828 = CARTESIAN_POINT('',(38.142626696068,8.25752679159));
#8829 = CARTESIAN_POINT('',(37.545421837831,9.111349068736));
#8830 = CARTESIAN_POINT('',(36.941997694413,9.985843080708));
#8831 = CARTESIAN_POINT('',(36.35839735949,10.832106410265));
#8832 = CARTESIAN_POINT('',(35.774457842286,11.667812215975));
#8833 = CARTESIAN_POINT('',(35.187985702741,12.48981151045));
#8834 = CARTESIAN_POINT('',(34.573158429159,13.310498002297));
#8835 = CARTESIAN_POINT('',(33.949071900713,14.074955367626));
#8836 = CARTESIAN_POINT('',(33.315567412261,14.812558757402));
#8837 = CARTESIAN_POINT('',(32.666205696726,15.514874123011));
#8838 = CARTESIAN_POINT('',(31.981115589511,16.194073786239));
#8839 = CARTESIAN_POINT('',(31.293525037699,16.80933405399));
#8840 = CARTESIAN_POINT('',(30.586877866444,17.373182617427));
#8841 = CARTESIAN_POINT('',(29.860815222065,17.88058050997));
#8842 = CARTESIAN_POINT('',(29.093691567789,18.335670361552));
#8843 = CARTESIAN_POINT('',(28.325315392176,18.708928479858));
#8844 = CARTESIAN_POINT('',(27.538667155581,19.008303846318));
#8845 = CARTESIAN_POINT('',(26.733974052441,19.228809519399));
#8846 = CARTESIAN_POINT('',(25.88964232122,19.364398688796));
#8847 = CARTESIAN_POINT('',(25.051015287954,19.401250766106));
#8848 = CARTESIAN_POINT('',(24.197968150883,19.339699874786));
#8849 = CARTESIAN_POINT('',(23.330567638221,19.171874839014));
#8850 = CARTESIAN_POINT('',(22.430809090169,18.877444973451));
#8851 = CARTESIAN_POINT('',(21.548826888359,18.463527817618));
#8852 = CARTESIAN_POINT('',(20.665530665532,17.912707004707));
#8853 = CARTESIAN_POINT('',(19.771620132071,17.22819108254));
#8854 = CARTESIAN_POINT('',(18.920932897725,16.311091642867));
#8855 = CARTESIAN_POINT('',(18.125910419184,15.257437304339));
#8856 = CARTESIAN_POINT('',(17.366324141475,14.030731866037));
#8857 = CARTESIAN_POINT('',(16.653364626102,12.620942335491));
#8858 = CARTESIAN_POINT('',(15.987581002024,10.974558593824));
#8859 = CARTESIAN_POINT('',(15.416732025714,9.184262062185));
#8860 = CARTESIAN_POINT('',(14.924290931284,7.123024699569));
#8861 = CARTESIAN_POINT('',(14.546930286847,5.085601186932));
#8862 = CARTESIAN_POINT('',(14.216102589103,1.748830052484));
#8863 = CARTESIAN_POINT('',(14.278715939929,2.264640390495));
#8864 = CARTESIAN_POINT('',(14.150514512404,-0.11052333949));
#8865 = ( GEOMETRIC_REPRESENTATION_CONTEXT(2) 
PARAMETRIC_REPRESENTATION_CONTEXT() REPRESENTATION_CONTEXT('2D SPACE',''
  ) );
#8866 = PCURVE('',#3604,#8867);
#8867 = DEFINITIONAL_REPRESENTATION('',(#8868),#8872);
#8868 = LINE('',#8869,#8870);
#8869 = CARTESIAN_POINT('',(0.,-22.4));
#8870 = VECTOR('',#8871,1.);
#8871 = DIRECTION('',(1.,0.));
#8872 = ( GEOMETRIC_REPRESENTATION_CONTEXT(2) 
PARAMETRIC_REPRESENTATION_CONTEXT() REPRESENTATION_CONTEXT('2D SPACE',''
  ) );
#8873 = ORIENTED_EDGE('',*,*,#8874,.F.);
#8874 = EDGE_CURVE('',#8875,#8758,#8877,.T.);
#8875 = VERTEX_POINT('',#8876);
#8876 = CARTESIAN_POINT('',(48.488799254035,-1.04227966586,22.4));
#8877 = SURFACE_CURVE('',#8878,(#8882,#8889),.PCURVE_S1.);
#8878 = LINE('',#8879,#8880);
#8879 = CARTESIAN_POINT('',(50.266755813656,-1.931422756966,22.4));
#8880 = VECTOR('',#8881,1.);
#8881 = DIRECTION('',(-0.894394025472,0.447279920407,0.));
#8882 = PCURVE('',#169,#8883);
#8883 = DEFINITIONAL_REPRESENTATION('',(#8884),#8888);
#8884 = LINE('',#8885,#8886);
#8885 = CARTESIAN_POINT('',(50.266755813656,-1.931422756966));
#8886 = VECTOR('',#8887,1.);
#8887 = DIRECTION('',(-0.894394025472,0.447279920407));
#8888 = ( GEOMETRIC_REPRESENTATION_CONTEXT(2) 
PARAMETRIC_REPRESENTATION_CONTEXT() REPRESENTATION_CONTEXT('2D SPACE',''
  ) );
#8889 = PCURVE('',#3728,#8890);
#8890 = DEFINITIONAL_REPRESENTATION('',(#8891),#8895);
#8891 = LINE('',#8892,#8893);
#8892 = CARTESIAN_POINT('',(-1.987889575495,-22.4));
#8893 = VECTOR('',#8894,1.);
#8894 = DIRECTION('',(1.,0.));
#8895 = ( GEOMETRIC_REPRESENTATION_CONTEXT(2) 
PARAMETRIC_REPRESENTATION_CONTEXT() REPRESENTATION_CONTEXT('2D SPACE',''
  ) );
#8896 = ORIENTED_EDGE('',*,*,#8897,.F.);
#8897 = EDGE_CURVE('',#8898,#8875,#8900,.T.);
#8898 = VERTEX_POINT('',#8899);
#8899 = CARTESIAN_POINT('',(42.513785393307,-23.34155203776,22.4));
#8900 = SURFACE_CURVE('',#8901,(#8906,#8913),.PCURVE_S1.);
#8901 = CIRCLE('',#8902,48.5);
#8902 = AXIS2_PLACEMENT_3D('',#8903,#8904,#8905);
#8903 = CARTESIAN_POINT('',(0.,0.,22.4));
#8904 = DIRECTION('',(0.,0.,1.));
#8905 = DIRECTION('',(1.,0.,-0.));
#8906 = PCURVE('',#169,#8907);
#8907 = DEFINITIONAL_REPRESENTATION('',(#8908),#8912);
#8908 = CIRCLE('',#8909,48.5);
#8909 = AXIS2_PLACEMENT_2D('',#8910,#8911);
#8910 = CARTESIAN_POINT('',(0.,-1.204325410458E-15));
#8911 = DIRECTION('',(1.,0.));
#8912 = ( GEOMETRIC_REPRESENTATION_CONTEXT(2) 
PARAMETRIC_REPRESENTATION_CONTEXT() REPRESENTATION_CONTEXT('2D SPACE',''
  ) );
#8913 = PCURVE('',#3757,#8914);
#8914 = DEFINITIONAL_REPRESENTATION('',(#8915),#8919);
#8915 = LINE('',#8916,#8917);
#8916 = CARTESIAN_POINT('',(-0.,-22.4));
#8917 = VECTOR('',#8918,1.);
#8918 = DIRECTION('',(-1.,0.));
#8919 = ( GEOMETRIC_REPRESENTATION_CONTEXT(2) 
PARAMETRIC_REPRESENTATION_CONTEXT() REPRESENTATION_CONTEXT('2D SPACE',''
  ) );
#8920 = ORIENTED_EDGE('',*,*,#8921,.F.);
#8921 = EDGE_CURVE('',#8709,#8898,#8922,.T.);
#8922 = SURFACE_CURVE('',#8923,(#8974,#9028),.PCURVE_S1.);
#8923 = B_SPLINE_CURVE_WITH_KNOTS('',3,(#8924,#8925,#8926,#8927,#8928,
    #8929,#8930,#8931,#8932,#8933,#8934,#8935,#8936,#8937,#8938,#8939,
    #8940,#8941,#8942,#8943,#8944,#8945,#8946,#8947,#8948,#8949,#8950,
    #8951,#8952,#8953,#8954,#8955,#8956,#8957,#8958,#8959,#8960,#8961,
    #8962,#8963,#8964,#8965,#8966,#8967,#8968,#8969,#8970,#8971,#8972,
    #8973),.UNSPECIFIED.,.F.,.F.,(4,1,1,1,1,1,1,1,1,1,1,1,1,1,1,1,1,1,1,
    1,1,1,1,1,1,1,1,1,1,1,1,1,1,1,1,1,1,1,1,1,1,1,1,1,1,1,1,4),(0.,
    2.712363629581,5.415653884531,7.889901421053,9.986742084351,
    12.07233621524,13.981450928582,15.730829279285,17.217976489194,
    18.70534511222,20.079261809959,21.357514213245,22.46799558875,
    23.608470848383,24.696515979748,25.743900293344,26.683864297553,
    27.681614976107,28.665922847739,29.643534481927,30.544804484636,
    31.523863593595,32.508882471553,33.502052098633,34.427210166566,
    35.439013636309,36.460687542796,37.491630530293,38.450636928084,
    39.49631232414,40.547756860041,41.603484223464,42.58022774738,
    43.639187672476,44.697549950026,45.75413920775,46.727235587527,
    47.778840627491,48.828245019521,49.876764601754,50.845806288818,
    51.899956703366,52.96296178269,54.040387692291,55.053510242706,
    56.178288511941,57.339605375855,58.548465428582),.UNSPECIFIED.);
#8924 = CARTESIAN_POINT('',(9.797601881507,-5.529026724089,22.4));
#8925 = CARTESIAN_POINT('',(10.345539036895,-4.833366350674,22.4));
#8926 = CARTESIAN_POINT('',(11.450938713599,-3.370781590338,22.4));
#8927 = CARTESIAN_POINT('',(13.19562774261,-1.413761326837,22.4));
#8928 = CARTESIAN_POINT('',(14.911589339011,0.30496895328,22.4));
#8929 = CARTESIAN_POINT('',(16.581959361084,1.76719529979,22.4));
#8930 = CARTESIAN_POINT('',(18.199635742592,2.997759635157,22.4));
#8931 = CARTESIAN_POINT('',(19.810540959506,4.03637289083,22.4));
#8932 = CARTESIAN_POINT('',(21.326414098636,4.843694141498,22.4));
#8933 = CARTESIAN_POINT('',(22.776559450227,5.461718237415,22.4));
#8934 = CARTESIAN_POINT('',(24.15910195699,5.906550636066,22.4));
#8935 = CARTESIAN_POINT('',(25.510241545874,6.1917282739,22.4));
#8936 = CARTESIAN_POINT('',(26.75166161241,6.383282057059,22.4));
#8937 = CARTESIAN_POINT('',(27.930413924727,6.416304033174,22.4));
#8938 = CARTESIAN_POINT('',(29.042070284318,6.323080581103,22.4));
#8939 = CARTESIAN_POINT('',(30.11332516981,6.097008317883,22.4));
#8940 = CARTESIAN_POINT('',(31.08482598349,5.761512528428,22.4));
#8941 = CARTESIAN_POINT('',(31.981972218178,5.326392193236,22.4));
#8942 = CARTESIAN_POINT('',(32.805312985843,4.801705055154,22.4));
#8943 = CARTESIAN_POINT('',(33.572404276955,4.178088757613,22.4));
#8944 = CARTESIAN_POINT('',(34.244856567187,3.498364438566,22.4));
#8945 = CARTESIAN_POINT('',(34.84745027141,2.758956728743,22.4));
#8946 = CARTESIAN_POINT('',(35.383717591732,1.967088237349,22.4));
#8947 = CARTESIAN_POINT('',(35.867159894472,1.106869466628,22.4));
#8948 = CARTESIAN_POINT('',(36.277492664926,0.229493195474,22.4));
#8949 = CARTESIAN_POINT('',(36.634410159827,-0.680228233441,22.4));
#8950 = CARTESIAN_POINT('',(36.942330128601,-1.617668200601,22.4));
#8951 = CARTESIAN_POINT('',(37.21131071782,-2.603489536453,22.4));
#8952 = CARTESIAN_POINT('',(37.432619132565,-3.582926913784,22.4));
#8953 = CARTESIAN_POINT('',(37.621674482616,-4.577182909576,22.4));
#8954 = CARTESIAN_POINT('',(37.777775405562,-5.583957583884,22.4));
#8955 = CARTESIAN_POINT('',(37.931129238423,-6.623650097623,22.4));
#8956 = CARTESIAN_POINT('',(38.068234915493,-7.642479259242,22.4));
#8957 = CARTESIAN_POINT('',(38.192710682208,-8.665423025074,22.4));
#8958 = CARTESIAN_POINT('',(38.311731839172,-9.689887470247,22.4));
#8959 = CARTESIAN_POINT('',(38.433885635818,-10.74078288558,22.4));
#8960 = CARTESIAN_POINT('',(38.559275117344,-11.76248220304,22.4));
#8961 = CARTESIAN_POINT('',(38.696746544464,-12.7803708656,22.4));
#8962 = CARTESIAN_POINT('',(38.851853946383,-13.79334459082,22.4));
#8963 = CARTESIAN_POINT('',(39.03630847773,-14.8269933562,22.4));
#8964 = CARTESIAN_POINT('',(39.246839403708,-15.82759585322,22.4));
#8965 = CARTESIAN_POINT('',(39.49294899584,-16.8217433794,22.4));
#8966 = CARTESIAN_POINT('',(39.780112738875,-17.80978421483,22.4));
#8967 = CARTESIAN_POINT('',(40.125342721534,-18.81818855067,22.4));
#8968 = CARTESIAN_POINT('',(40.515064981007,-19.79266183324,22.4));
#8969 = CARTESIAN_POINT('',(40.969244280757,-20.77276097716,22.4));
#8970 = CARTESIAN_POINT('',(41.467069330388,-21.71674981523,22.4));
#8971 = CARTESIAN_POINT('',(42.140947464525,-22.8260978202,22.4));
#8972 = CARTESIAN_POINT('',(42.409025518776,-23.18648754761,22.4));
#8973 = CARTESIAN_POINT('',(42.770945904681,-23.71329407752,22.4));
#8974 = PCURVE('',#169,#8975);
#8975 = DEFINITIONAL_REPRESENTATION('',(#8976),#9027);
#8976 = B_SPLINE_CURVE_WITH_KNOTS('',3,(#8977,#8978,#8979,#8980,#8981,
    #8982,#8983,#8984,#8985,#8986,#8987,#8988,#8989,#8990,#8991,#8992,
    #8993,#8994,#8995,#8996,#8997,#8998,#8999,#9000,#9001,#9002,#9003,
    #9004,#9005,#9006,#9007,#9008,#9009,#9010,#9011,#9012,#9013,#9014,
    #9015,#9016,#9017,#9018,#9019,#9020,#9021,#9022,#9023,#9024,#9025,
    #9026),.UNSPECIFIED.,.F.,.F.,(4,1,1,1,1,1,1,1,1,1,1,1,1,1,1,1,1,1,1,
    1,1,1,1,1,1,1,1,1,1,1,1,1,1,1,1,1,1,1,1,1,1,1,1,1,1,1,1,4),(0.,
    2.712363629581,5.415653884531,7.889901421053,9.986742084351,
    12.07233621524,13.981450928582,15.730829279285,17.217976489194,
    18.70534511222,20.079261809959,21.357514213245,22.46799558875,
    23.608470848383,24.696515979748,25.743900293344,26.683864297553,
    27.681614976107,28.665922847739,29.643534481927,30.544804484636,
    31.523863593595,32.508882471553,33.502052098633,34.427210166566,
    35.439013636309,36.460687542796,37.491630530293,38.450636928084,
    39.49631232414,40.547756860041,41.603484223464,42.58022774738,
    43.639187672476,44.697549950026,45.75413920775,46.727235587527,
    47.778840627491,48.828245019521,49.876764601754,50.845806288818,
    51.899956703366,52.96296178269,54.040387692291,55.053510242706,
    56.178288511941,57.339605375855,58.548465428582),.UNSPECIFIED.);
#8977 = CARTESIAN_POINT('',(9.797601881507,-5.529026724089));
#8978 = CARTESIAN_POINT('',(10.345539036895,-4.833366350674));
#8979 = CARTESIAN_POINT('',(11.450938713599,-3.370781590338));
#8980 = CARTESIAN_POINT('',(13.19562774261,-1.413761326837));
#8981 = CARTESIAN_POINT('',(14.911589339011,0.30496895328));
#8982 = CARTESIAN_POINT('',(16.581959361084,1.76719529979));
#8983 = CARTESIAN_POINT('',(18.199635742592,2.997759635157));
#8984 = CARTESIAN_POINT('',(19.810540959506,4.03637289083));
#8985 = CARTESIAN_POINT('',(21.326414098636,4.843694141498));
#8986 = CARTESIAN_POINT('',(22.776559450227,5.461718237415));
#8987 = CARTESIAN_POINT('',(24.15910195699,5.906550636066));
#8988 = CARTESIAN_POINT('',(25.510241545874,6.1917282739));
#8989 = CARTESIAN_POINT('',(26.75166161241,6.383282057059));
#8990 = CARTESIAN_POINT('',(27.930413924727,6.416304033174));
#8991 = CARTESIAN_POINT('',(29.042070284318,6.323080581103));
#8992 = CARTESIAN_POINT('',(30.11332516981,6.097008317883));
#8993 = CARTESIAN_POINT('',(31.08482598349,5.761512528428));
#8994 = CARTESIAN_POINT('',(31.981972218178,5.326392193236));
#8995 = CARTESIAN_POINT('',(32.805312985843,4.801705055154));
#8996 = CARTESIAN_POINT('',(33.572404276955,4.178088757613));
#8997 = CARTESIAN_POINT('',(34.244856567187,3.498364438566));
#8998 = CARTESIAN_POINT('',(34.84745027141,2.758956728743));
#8999 = CARTESIAN_POINT('',(35.383717591732,1.967088237349));
#9000 = CARTESIAN_POINT('',(35.867159894472,1.106869466628));
#9001 = CARTESIAN_POINT('',(36.277492664926,0.229493195474));
#9002 = CARTESIAN_POINT('',(36.634410159827,-0.680228233441));
#9003 = CARTESIAN_POINT('',(36.942330128601,-1.617668200601));
#9004 = CARTESIAN_POINT('',(37.21131071782,-2.603489536453));
#9005 = CARTESIAN_POINT('',(37.432619132565,-3.582926913784));
#9006 = CARTESIAN_POINT('',(37.621674482616,-4.577182909576));
#9007 = CARTESIAN_POINT('',(37.777775405562,-5.583957583884));
#9008 = CARTESIAN_POINT('',(37.931129238423,-6.623650097623));
#9009 = CARTESIAN_POINT('',(38.068234915493,-7.642479259242));
#9010 = CARTESIAN_POINT('',(38.192710682208,-8.665423025074));
#9011 = CARTESIAN_POINT('',(38.311731839172,-9.689887470247));
#9012 = CARTESIAN_POINT('',(38.433885635818,-10.74078288558));
#9013 = CARTESIAN_POINT('',(38.559275117344,-11.76248220304));
#9014 = CARTESIAN_POINT('',(38.696746544464,-12.7803708656));
#9015 = CARTESIAN_POINT('',(38.851853946383,-13.79334459082));
#9016 = CARTESIAN_POINT('',(39.03630847773,-14.8269933562));
#9017 = CARTESIAN_POINT('',(39.246839403708,-15.82759585322));
#9018 = CARTESIAN_POINT('',(39.49294899584,-16.8217433794));
#9019 = CARTESIAN_POINT('',(39.780112738875,-17.80978421483));
#9020 = CARTESIAN_POINT('',(40.125342721534,-18.81818855067));
#9021 = CARTESIAN_POINT('',(40.515064981007,-19.79266183324));
#9022 = CARTESIAN_POINT('',(40.969244280757,-20.77276097716));
#9023 = CARTESIAN_POINT('',(41.467069330388,-21.71674981523));
#9024 = CARTESIAN_POINT('',(42.140947464525,-22.8260978202));
#9025 = CARTESIAN_POINT('',(42.409025518776,-23.18648754761));
#9026 = CARTESIAN_POINT('',(42.770945904681,-23.71329407752));
#9027 = ( GEOMETRIC_REPRESENTATION_CONTEXT(2) 
PARAMETRIC_REPRESENTATION_CONTEXT() REPRESENTATION_CONTEXT('2D SPACE',''
  ) );
#9028 = PCURVE('',#3877,#9029);
#9029 = DEFINITIONAL_REPRESENTATION('',(#9030),#9034);
#9030 = LINE('',#9031,#9032);
#9031 = CARTESIAN_POINT('',(0.,-22.4));
#9032 = VECTOR('',#9033,1.);
#9033 = DIRECTION('',(1.,0.));
#9034 = ( GEOMETRIC_REPRESENTATION_CONTEXT(2) 
PARAMETRIC_REPRESENTATION_CONTEXT() REPRESENTATION_CONTEXT('2D SPACE',''
  ) );
#9035 = FACE_BOUND('',#9036,.T.);
#9036 = EDGE_LOOP('',(#9037,#9063,#9086,#9203,#9226,#9250));
#9037 = ORIENTED_EDGE('',*,*,#9038,.T.);
#9038 = EDGE_CURVE('',#9039,#9041,#9043,.T.);
#9039 = VERTEX_POINT('',#9040);
#9040 = CARTESIAN_POINT('',(-12.50864260315,2.196328806542,22.4));
#9041 = VERTEX_POINT('',#9042);
#9042 = CARTESIAN_POINT('',(-12.69951906929,0.11052333949,22.4));
#9043 = SURFACE_CURVE('',#9044,(#9049,#9056),.PCURVE_S1.);
#9044 = CIRCLE('',#9045,12.7);
#9045 = AXIS2_PLACEMENT_3D('',#9046,#9047,#9048);
#9046 = CARTESIAN_POINT('',(0.,0.,22.4));
#9047 = DIRECTION('',(0.,0.,1.));
#9048 = DIRECTION('',(1.,0.,-0.));
#9049 = PCURVE('',#169,#9050);
#9050 = DEFINITIONAL_REPRESENTATION('',(#9051),#9055);
#9051 = CIRCLE('',#9052,12.7);
#9052 = AXIS2_PLACEMENT_2D('',#9053,#9054);
#9053 = CARTESIAN_POINT('',(0.,-1.204325410458E-15));
#9054 = DIRECTION('',(1.,0.));
#9055 = ( GEOMETRIC_REPRESENTATION_CONTEXT(2) 
PARAMETRIC_REPRESENTATION_CONTEXT() REPRESENTATION_CONTEXT('2D SPACE',''
  ) );
#9056 = PCURVE('',#4006,#9057);
#9057 = DEFINITIONAL_REPRESENTATION('',(#9058),#9062);
#9058 = LINE('',#9059,#9060);
#9059 = CARTESIAN_POINT('',(-0.,-22.4));
#9060 = VECTOR('',#9061,1.);
#9061 = DIRECTION('',(-1.,0.));
#9062 = ( GEOMETRIC_REPRESENTATION_CONTEXT(2) 
PARAMETRIC_REPRESENTATION_CONTEXT() REPRESENTATION_CONTEXT('2D SPACE',''
  ) );
#9063 = ORIENTED_EDGE('',*,*,#9064,.F.);
#9064 = EDGE_CURVE('',#9065,#9041,#9067,.T.);
#9065 = VERTEX_POINT('',#9066);
#9066 = CARTESIAN_POINT('',(-14.1505145124,0.11052333949,22.4));
#9067 = SURFACE_CURVE('',#9068,(#9072,#9079),.PCURVE_S1.);
#9068 = LINE('',#9069,#9070);
#9069 = CARTESIAN_POINT('',(-14.1505145124,0.11052333949,22.4));
#9070 = VECTOR('',#9071,1.);
#9071 = DIRECTION('',(1.,-1.224646799147E-16,0.));
#9072 = PCURVE('',#169,#9073);
#9073 = DEFINITIONAL_REPRESENTATION('',(#9074),#9078);
#9074 = LINE('',#9075,#9076);
#9075 = CARTESIAN_POINT('',(-14.1505145124,0.11052333949));
#9076 = VECTOR('',#9077,1.);
#9077 = DIRECTION('',(1.,-1.224646799147E-16));
#9078 = ( GEOMETRIC_REPRESENTATION_CONTEXT(2) 
PARAMETRIC_REPRESENTATION_CONTEXT() REPRESENTATION_CONTEXT('2D SPACE',''
  ) );
#9079 = PCURVE('',#4034,#9080);
#9080 = DEFINITIONAL_REPRESENTATION('',(#9081),#9085);
#9081 = LINE('',#9082,#9083);
#9082 = CARTESIAN_POINT('',(0.,-22.4));
#9083 = VECTOR('',#9084,1.);
#9084 = DIRECTION('',(1.,0.));
#9085 = ( GEOMETRIC_REPRESENTATION_CONTEXT(2) 
PARAMETRIC_REPRESENTATION_CONTEXT() REPRESENTATION_CONTEXT('2D SPACE',''
  ) );
#9086 = ORIENTED_EDGE('',*,*,#9087,.F.);
#9087 = EDGE_CURVE('',#9088,#9065,#9090,.T.);
#9088 = VERTEX_POINT('',#9089);
#9089 = CARTESIAN_POINT('',(-48.10262726389,0.849157873792,22.4));
#9090 = SURFACE_CURVE('',#9091,(#9142,#9196),.PCURVE_S1.);
#9091 = B_SPLINE_CURVE_WITH_KNOTS('',3,(#9092,#9093,#9094,#9095,#9096,
    #9097,#9098,#9099,#9100,#9101,#9102,#9103,#9104,#9105,#9106,#9107,
    #9108,#9109,#9110,#9111,#9112,#9113,#9114,#9115,#9116,#9117,#9118,
    #9119,#9120,#9121,#9122,#9123,#9124,#9125,#9126,#9127,#9128,#9129,
    #9130,#9131,#9132,#9133,#9134,#9135,#9136,#9137,#9138,#9139,#9140,
    #9141),.UNSPECIFIED.,.F.,.F.,(4,1,1,1,1,1,1,1,1,1,1,1,1,1,1,1,1,1,1,
    1,1,1,1,1,1,1,1,1,1,1,1,1,1,1,1,1,1,1,1,1,1,1,1,1,1,1,1,4),(0.,
    1.310275187177,2.575554712222,3.800853833955,4.902089094641,
    6.06831455688,7.21183434275,8.337173980858,9.363078484396,
    10.46331856218,11.554153671202,12.637112639117,13.630528059043,
    14.700223728197,15.762924250692,16.817962772309,17.784172052652,
    18.821404601302,19.84721146813,20.859830292326,21.78133906864,
    22.763820637486,23.728524475563,24.674422276675,25.530408882817,
    26.439181751574,27.329575345756,28.203542707491,28.998544434436,
    29.851442200626,30.702034885941,31.558695680793,32.363786840272,
    33.262555459008,34.202118316714,35.196909054575,36.177314147534,
    37.320972597039,38.563122142845,39.916198777823,41.276469790388,
    42.885560125174,44.651495886816,46.590899109622,48.549892956214,
    50.871342573664,53.417826896227,55.987800380247),.UNSPECIFIED.);
#9092 = CARTESIAN_POINT('',(-48.10262726389,0.849157873792,22.4));
#9093 = CARTESIAN_POINT('',(-47.71860123312,0.648854267128,22.4));
#9094 = CARTESIAN_POINT('',(-46.94402954063,0.265446432616,22.4));
#9095 = CARTESIAN_POINT('',(-45.86019334838,-0.388982863609,22.4));
#9096 = CARTESIAN_POINT('',(-44.8670454435,-1.059366324409,22.4));
#9097 = CARTESIAN_POINT('',(-43.93978537511,-1.764146780244,22.4));
#9098 = CARTESIAN_POINT('',(-43.07094712417,-2.498392570523,22.4));
#9099 = CARTESIAN_POINT('',(-42.23502258541,-3.281566803911,22.4));
#9100 = CARTESIAN_POINT('',(-41.46930337775,-4.069372766189,22.4));
#9101 = CARTESIAN_POINT('',(-40.74561387618,-4.8765007459,22.4));
#9102 = CARTESIAN_POINT('',(-40.0582214316,-5.699801370078,22.4));
#9103 = CARTESIAN_POINT('',(-39.38481939996,-6.558790753779,22.4));
#9104 = CARTESIAN_POINT('',(-38.75410776743,-7.405522063,22.4));
#9105 = CARTESIAN_POINT('',(-38.14262669606,-8.25752679159,22.4));
#9106 = CARTESIAN_POINT('',(-37.54542183783,-9.111349068736,22.4));
#9107 = CARTESIAN_POINT('',(-36.94199769441,-9.985843080708,22.4));
#9108 = CARTESIAN_POINT('',(-36.35839735949,-10.83210641026,22.4));
#9109 = CARTESIAN_POINT('',(-35.77445784228,-11.66781221597,22.4));
#9110 = CARTESIAN_POINT('',(-35.18798570274,-12.48981151045,22.4));
#9111 = CARTESIAN_POINT('',(-34.57315842915,-13.31049800229,22.4));
#9112 = CARTESIAN_POINT('',(-33.94907190071,-14.07495536762,22.4));
#9113 = CARTESIAN_POINT('',(-33.31556741226,-14.8125587574,22.4));
#9114 = CARTESIAN_POINT('',(-32.66620569672,-15.51487412301,22.4));
#9115 = CARTESIAN_POINT('',(-31.98111558951,-16.19407378623,22.4));
#9116 = CARTESIAN_POINT('',(-31.29352503769,-16.80933405399,22.4));
#9117 = CARTESIAN_POINT('',(-30.58687786644,-17.37318261742,22.4));
#9118 = CARTESIAN_POINT('',(-29.86081522206,-17.88058050997,22.4));
#9119 = CARTESIAN_POINT('',(-29.09369156778,-18.33567036155,22.4));
#9120 = CARTESIAN_POINT('',(-28.32531539217,-18.70892847985,22.4));
#9121 = CARTESIAN_POINT('',(-27.53866715558,-19.00830384631,22.4));
#9122 = CARTESIAN_POINT('',(-26.73397405244,-19.22880951939,22.4));
#9123 = CARTESIAN_POINT('',(-25.88964232122,-19.36439868879,22.4));
#9124 = CARTESIAN_POINT('',(-25.05101528795,-19.4012507661,22.4));
#9125 = CARTESIAN_POINT('',(-24.19796815088,-19.33969987478,22.4));
#9126 = CARTESIAN_POINT('',(-23.33056763822,-19.17187483901,22.4));
#9127 = CARTESIAN_POINT('',(-22.43080909016,-18.87744497345,22.4));
#9128 = CARTESIAN_POINT('',(-21.54882688835,-18.46352781761,22.4));
#9129 = CARTESIAN_POINT('',(-20.66553066553,-17.9127070047,22.4));
#9130 = CARTESIAN_POINT('',(-19.77162013207,-17.22819108254,22.4));
#9131 = CARTESIAN_POINT('',(-18.92093289772,-16.31109164286,22.4));
#9132 = CARTESIAN_POINT('',(-18.12591041918,-15.25743730433,22.4));
#9133 = CARTESIAN_POINT('',(-17.36632414147,-14.03073186603,22.4));
#9134 = CARTESIAN_POINT('',(-16.6533646261,-12.62094233549,22.4));
#9135 = CARTESIAN_POINT('',(-15.98758100202,-10.97455859382,22.4));
#9136 = CARTESIAN_POINT('',(-15.41673202571,-9.184262062185,22.4));
#9137 = CARTESIAN_POINT('',(-14.92429093128,-7.123024699569,22.4));
#9138 = CARTESIAN_POINT('',(-14.54693028684,-5.085601186932,22.4));
#9139 = CARTESIAN_POINT('',(-14.2161025891,-1.748830052484,22.4));
#9140 = CARTESIAN_POINT('',(-14.27871593992,-2.264640390495,22.4));
#9141 = CARTESIAN_POINT('',(-14.1505145124,0.11052333949,22.4));
#9142 = PCURVE('',#169,#9143);
#9143 = DEFINITIONAL_REPRESENTATION('',(#9144),#9195);
#9144 = B_SPLINE_CURVE_WITH_KNOTS('',3,(#9145,#9146,#9147,#9148,#9149,
    #9150,#9151,#9152,#9153,#9154,#9155,#9156,#9157,#9158,#9159,#9160,
    #9161,#9162,#9163,#9164,#9165,#9166,#9167,#9168,#9169,#9170,#9171,
    #9172,#9173,#9174,#9175,#9176,#9177,#9178,#9179,#9180,#9181,#9182,
    #9183,#9184,#9185,#9186,#9187,#9188,#9189,#9190,#9191,#9192,#9193,
    #9194),.UNSPECIFIED.,.F.,.F.,(4,1,1,1,1,1,1,1,1,1,1,1,1,1,1,1,1,1,1,
    1,1,1,1,1,1,1,1,1,1,1,1,1,1,1,1,1,1,1,1,1,1,1,1,1,1,1,1,4),(0.,
    1.310275187177,2.575554712222,3.800853833955,4.902089094641,
    6.06831455688,7.21183434275,8.337173980858,9.363078484396,
    10.46331856218,11.554153671202,12.637112639117,13.630528059043,
    14.700223728197,15.762924250692,16.817962772309,17.784172052652,
    18.821404601302,19.84721146813,20.859830292326,21.78133906864,
    22.763820637486,23.728524475563,24.674422276675,25.530408882817,
    26.439181751574,27.329575345756,28.203542707491,28.998544434436,
    29.851442200626,30.702034885941,31.558695680793,32.363786840272,
    33.262555459008,34.202118316714,35.196909054575,36.177314147534,
    37.320972597039,38.563122142845,39.916198777823,41.276469790388,
    42.885560125174,44.651495886816,46.590899109622,48.549892956214,
    50.871342573664,53.417826896227,55.987800380247),.UNSPECIFIED.);
#9145 = CARTESIAN_POINT('',(-48.10262726389,0.849157873792));
#9146 = CARTESIAN_POINT('',(-47.71860123312,0.648854267128));
#9147 = CARTESIAN_POINT('',(-46.94402954063,0.265446432616));
#9148 = CARTESIAN_POINT('',(-45.86019334838,-0.388982863609));
#9149 = CARTESIAN_POINT('',(-44.8670454435,-1.059366324409));
#9150 = CARTESIAN_POINT('',(-43.93978537511,-1.764146780244));
#9151 = CARTESIAN_POINT('',(-43.07094712417,-2.498392570523));
#9152 = CARTESIAN_POINT('',(-42.23502258541,-3.281566803911));
#9153 = CARTESIAN_POINT('',(-41.46930337775,-4.069372766189));
#9154 = CARTESIAN_POINT('',(-40.74561387618,-4.8765007459));
#9155 = CARTESIAN_POINT('',(-40.0582214316,-5.699801370078));
#9156 = CARTESIAN_POINT('',(-39.38481939996,-6.558790753779));
#9157 = CARTESIAN_POINT('',(-38.75410776743,-7.405522063));
#9158 = CARTESIAN_POINT('',(-38.14262669606,-8.25752679159));
#9159 = CARTESIAN_POINT('',(-37.54542183783,-9.111349068736));
#9160 = CARTESIAN_POINT('',(-36.94199769441,-9.985843080708));
#9161 = CARTESIAN_POINT('',(-36.35839735949,-10.83210641026));
#9162 = CARTESIAN_POINT('',(-35.77445784228,-11.66781221597));
#9163 = CARTESIAN_POINT('',(-35.18798570274,-12.48981151045));
#9164 = CARTESIAN_POINT('',(-34.57315842915,-13.31049800229));
#9165 = CARTESIAN_POINT('',(-33.94907190071,-14.07495536762));
#9166 = CARTESIAN_POINT('',(-33.31556741226,-14.8125587574));
#9167 = CARTESIAN_POINT('',(-32.66620569672,-15.51487412301));
#9168 = CARTESIAN_POINT('',(-31.98111558951,-16.19407378623));
#9169 = CARTESIAN_POINT('',(-31.29352503769,-16.80933405399));
#9170 = CARTESIAN_POINT('',(-30.58687786644,-17.37318261742));
#9171 = CARTESIAN_POINT('',(-29.86081522206,-17.88058050997));
#9172 = CARTESIAN_POINT('',(-29.09369156778,-18.33567036155));
#9173 = CARTESIAN_POINT('',(-28.32531539217,-18.70892847985));
#9174 = CARTESIAN_POINT('',(-27.53866715558,-19.00830384631));
#9175 = CARTESIAN_POINT('',(-26.73397405244,-19.22880951939));
#9176 = CARTESIAN_POINT('',(-25.88964232122,-19.36439868879));
#9177 = CARTESIAN_POINT('',(-25.05101528795,-19.4012507661));
#9178 = CARTESIAN_POINT('',(-24.19796815088,-19.33969987478));
#9179 = CARTESIAN_POINT('',(-23.33056763822,-19.17187483901));
#9180 = CARTESIAN_POINT('',(-22.43080909016,-18.87744497345));
#9181 = CARTESIAN_POINT('',(-21.54882688835,-18.46352781761));
#9182 = CARTESIAN_POINT('',(-20.66553066553,-17.9127070047));
#9183 = CARTESIAN_POINT('',(-19.77162013207,-17.22819108254));
#9184 = CARTESIAN_POINT('',(-18.92093289772,-16.31109164286));
#9185 = CARTESIAN_POINT('',(-18.12591041918,-15.25743730433));
#9186 = CARTESIAN_POINT('',(-17.36632414147,-14.03073186603));
#9187 = CARTESIAN_POINT('',(-16.6533646261,-12.62094233549));
#9188 = CARTESIAN_POINT('',(-15.98758100202,-10.97455859382));
#9189 = CARTESIAN_POINT('',(-15.41673202571,-9.184262062185));
#9190 = CARTESIAN_POINT('',(-14.92429093128,-7.123024699569));
#9191 = CARTESIAN_POINT('',(-14.54693028684,-5.085601186932));
#9192 = CARTESIAN_POINT('',(-14.2161025891,-1.748830052484));
#9193 = CARTESIAN_POINT('',(-14.27871593992,-2.264640390495));
#9194 = CARTESIAN_POINT('',(-14.1505145124,0.11052333949));
#9195 = ( GEOMETRIC_REPRESENTATION_CONTEXT(2) 
PARAMETRIC_REPRESENTATION_CONTEXT() REPRESENTATION_CONTEXT('2D SPACE',''
  ) );
#9196 = PCURVE('',#4156,#9197);
#9197 = DEFINITIONAL_REPRESENTATION('',(#9198),#9202);
#9198 = LINE('',#9199,#9200);
#9199 = CARTESIAN_POINT('',(0.,-22.4));
#9200 = VECTOR('',#9201,1.);
#9201 = DIRECTION('',(1.,0.));
#9202 = ( GEOMETRIC_REPRESENTATION_CONTEXT(2) 
PARAMETRIC_REPRESENTATION_CONTEXT() REPRESENTATION_CONTEXT('2D SPACE',''
  ) );
#9203 = ORIENTED_EDGE('',*,*,#9204,.F.);
#9204 = EDGE_CURVE('',#9205,#9088,#9207,.T.);
#9205 = VERTEX_POINT('',#9206);
#9206 = CARTESIAN_POINT('',(-48.48879925403,1.04227966586,22.4));
#9207 = SURFACE_CURVE('',#9208,(#9212,#9219),.PCURVE_S1.);
#9208 = LINE('',#9209,#9210);
#9209 = CARTESIAN_POINT('',(-50.26675581365,1.931422756966,22.4));
#9210 = VECTOR('',#9211,1.);
#9211 = DIRECTION('',(0.894394025472,-0.447279920407,0.));
#9212 = PCURVE('',#169,#9213);
#9213 = DEFINITIONAL_REPRESENTATION('',(#9214),#9218);
#9214 = LINE('',#9215,#9216);
#9215 = CARTESIAN_POINT('',(-50.26675581365,1.931422756966));
#9216 = VECTOR('',#9217,1.);
#9217 = DIRECTION('',(0.894394025472,-0.447279920407));
#9218 = ( GEOMETRIC_REPRESENTATION_CONTEXT(2) 
PARAMETRIC_REPRESENTATION_CONTEXT() REPRESENTATION_CONTEXT('2D SPACE',''
  ) );
#9219 = PCURVE('',#4280,#9220);
#9220 = DEFINITIONAL_REPRESENTATION('',(#9221),#9225);
#9221 = LINE('',#9222,#9223);
#9222 = CARTESIAN_POINT('',(-1.987889575495,-22.4));
#9223 = VECTOR('',#9224,1.);
#9224 = DIRECTION('',(1.,0.));
#9225 = ( GEOMETRIC_REPRESENTATION_CONTEXT(2) 
PARAMETRIC_REPRESENTATION_CONTEXT() REPRESENTATION_CONTEXT('2D SPACE',''
  ) );
#9226 = ORIENTED_EDGE('',*,*,#9227,.F.);
#9227 = EDGE_CURVE('',#9228,#9205,#9230,.T.);
#9228 = VERTEX_POINT('',#9229);
#9229 = CARTESIAN_POINT('',(-42.5137853933,23.341552037767,22.4));
#9230 = SURFACE_CURVE('',#9231,(#9236,#9243),.PCURVE_S1.);
#9231 = CIRCLE('',#9232,48.5);
#9232 = AXIS2_PLACEMENT_3D('',#9233,#9234,#9235);
#9233 = CARTESIAN_POINT('',(0.,0.,22.4));
#9234 = DIRECTION('',(0.,0.,1.));
#9235 = DIRECTION('',(1.,0.,-0.));
#9236 = PCURVE('',#169,#9237);
#9237 = DEFINITIONAL_REPRESENTATION('',(#9238),#9242);
#9238 = CIRCLE('',#9239,48.5);
#9239 = AXIS2_PLACEMENT_2D('',#9240,#9241);
#9240 = CARTESIAN_POINT('',(0.,-1.204325410458E-15));
#9241 = DIRECTION('',(1.,0.));
#9242 = ( GEOMETRIC_REPRESENTATION_CONTEXT(2) 
PARAMETRIC_REPRESENTATION_CONTEXT() REPRESENTATION_CONTEXT('2D SPACE',''
  ) );
#9243 = PCURVE('',#4309,#9244);
#9244 = DEFINITIONAL_REPRESENTATION('',(#9245),#9249);
#9245 = LINE('',#9246,#9247);
#9246 = CARTESIAN_POINT('',(-0.,-22.4));
#9247 = VECTOR('',#9248,1.);
#9248 = DIRECTION('',(-1.,0.));
#9249 = ( GEOMETRIC_REPRESENTATION_CONTEXT(2) 
PARAMETRIC_REPRESENTATION_CONTEXT() REPRESENTATION_CONTEXT('2D SPACE',''
  ) );
#9250 = ORIENTED_EDGE('',*,*,#9251,.F.);
#9251 = EDGE_CURVE('',#9039,#9228,#9252,.T.);
#9252 = SURFACE_CURVE('',#9253,(#9304,#9358),.PCURVE_S1.);
#9253 = B_SPLINE_CURVE_WITH_KNOTS('',3,(#9254,#9255,#9256,#9257,#9258,
    #9259,#9260,#9261,#9262,#9263,#9264,#9265,#9266,#9267,#9268,#9269,
    #9270,#9271,#9272,#9273,#9274,#9275,#9276,#9277,#9278,#9279,#9280,
    #9281,#9282,#9283,#9284,#9285,#9286,#9287,#9288,#9289,#9290,#9291,
    #9292,#9293,#9294,#9295,#9296,#9297,#9298,#9299,#9300,#9301,#9302,
    #9303),.UNSPECIFIED.,.F.,.F.,(4,1,1,1,1,1,1,1,1,1,1,1,1,1,1,1,1,1,1,
    1,1,1,1,1,1,1,1,1,1,1,1,1,1,1,1,1,1,1,1,1,1,1,1,1,1,1,1,4),(0.,
    2.712363629581,5.415653884531,7.889901421053,9.986742084351,
    12.07233621524,13.981450928582,15.730829279285,17.217976489194,
    18.70534511222,20.079261809959,21.357514213245,22.46799558875,
    23.608470848383,24.696515979748,25.743900293344,26.683864297553,
    27.681614976107,28.665922847739,29.643534481927,30.544804484636,
    31.523863593595,32.508882471553,33.502052098633,34.427210166566,
    35.439013636309,36.460687542796,37.491630530293,38.450636928084,
    39.49631232414,40.547756860041,41.603484223464,42.58022774738,
    43.639187672476,44.697549950026,45.75413920775,46.727235587527,
    47.778840627491,48.828245019521,49.876764601754,50.845806288818,
    51.899956703366,52.96296178269,54.040387692291,55.053510242706,
    56.178288511941,57.339605375855,58.548465428582),.UNSPECIFIED.);
#9254 = CARTESIAN_POINT('',(-9.797601881507,5.529026724089,22.4));
#9255 = CARTESIAN_POINT('',(-10.34553903689,4.833366350674,22.4));
#9256 = CARTESIAN_POINT('',(-11.45093871359,3.370781590338,22.4));
#9257 = CARTESIAN_POINT('',(-13.19562774261,1.413761326837,22.4));
#9258 = CARTESIAN_POINT('',(-14.91158933901,-0.30496895328,22.4));
#9259 = CARTESIAN_POINT('',(-16.58195936108,-1.76719529979,22.4));
#9260 = CARTESIAN_POINT('',(-18.19963574259,-2.997759635157,22.4));
#9261 = CARTESIAN_POINT('',(-19.8105409595,-4.03637289083,22.4));
#9262 = CARTESIAN_POINT('',(-21.32641409863,-4.843694141498,22.4));
#9263 = CARTESIAN_POINT('',(-22.77655945022,-5.461718237415,22.4));
#9264 = CARTESIAN_POINT('',(-24.15910195699,-5.906550636066,22.4));
#9265 = CARTESIAN_POINT('',(-25.51024154587,-6.1917282739,22.4));
#9266 = CARTESIAN_POINT('',(-26.75166161241,-6.383282057059,22.4));
#9267 = CARTESIAN_POINT('',(-27.93041392472,-6.416304033174,22.4));
#9268 = CARTESIAN_POINT('',(-29.04207028431,-6.323080581103,22.4));
#9269 = CARTESIAN_POINT('',(-30.11332516981,-6.097008317883,22.4));
#9270 = CARTESIAN_POINT('',(-31.08482598349,-5.761512528428,22.4));
#9271 = CARTESIAN_POINT('',(-31.98197221817,-5.326392193236,22.4));
#9272 = CARTESIAN_POINT('',(-32.80531298584,-4.801705055154,22.4));
#9273 = CARTESIAN_POINT('',(-33.57240427695,-4.178088757613,22.4));
#9274 = CARTESIAN_POINT('',(-34.24485656718,-3.498364438566,22.4));
#9275 = CARTESIAN_POINT('',(-34.84745027141,-2.758956728743,22.4));
#9276 = CARTESIAN_POINT('',(-35.38371759173,-1.967088237349,22.4));
#9277 = CARTESIAN_POINT('',(-35.86715989447,-1.106869466628,22.4));
#9278 = CARTESIAN_POINT('',(-36.27749266492,-0.229493195474,22.4));
#9279 = CARTESIAN_POINT('',(-36.63441015982,0.680228233441,22.4));
#9280 = CARTESIAN_POINT('',(-36.9423301286,1.6176682006,22.4));
#9281 = CARTESIAN_POINT('',(-37.21131071782,2.603489536453,22.4));
#9282 = CARTESIAN_POINT('',(-37.43261913256,3.582926913784,22.4));
#9283 = CARTESIAN_POINT('',(-37.62167448261,4.577182909576,22.4));
#9284 = CARTESIAN_POINT('',(-37.77777540556,5.583957583884,22.4));
#9285 = CARTESIAN_POINT('',(-37.93112923842,6.623650097623,22.4));
#9286 = CARTESIAN_POINT('',(-38.06823491549,7.642479259242,22.4));
#9287 = CARTESIAN_POINT('',(-38.1927106822,8.665423025074,22.4));
#9288 = CARTESIAN_POINT('',(-38.31173183917,9.689887470247,22.4));
#9289 = CARTESIAN_POINT('',(-38.43388563581,10.740782885586,22.4));
#9290 = CARTESIAN_POINT('',(-38.55927511734,11.762482203046,22.4));
#9291 = CARTESIAN_POINT('',(-38.69674654446,12.780370865603,22.4));
#9292 = CARTESIAN_POINT('',(-38.85185394638,13.793344590823,22.4));
#9293 = CARTESIAN_POINT('',(-39.03630847773,14.8269933562,22.4));
#9294 = CARTESIAN_POINT('',(-39.2468394037,15.827595853223,22.4));
#9295 = CARTESIAN_POINT('',(-39.49294899584,16.821743379406,22.4));
#9296 = CARTESIAN_POINT('',(-39.78011273887,17.809784214831,22.4));
#9297 = CARTESIAN_POINT('',(-40.12534272153,18.818188550672,22.4));
#9298 = CARTESIAN_POINT('',(-40.515064981,19.792661833242,22.4));
#9299 = CARTESIAN_POINT('',(-40.96924428075,20.772760977167,22.4));
#9300 = CARTESIAN_POINT('',(-41.46706933038,21.716749815238,22.4));
#9301 = CARTESIAN_POINT('',(-42.14094746452,22.826097820208,22.4));
#9302 = CARTESIAN_POINT('',(-42.40902551877,23.186487547616,22.4));
#9303 = CARTESIAN_POINT('',(-42.77094590468,23.713294077526,22.4));
#9304 = PCURVE('',#169,#9305);
#9305 = DEFINITIONAL_REPRESENTATION('',(#9306),#9357);
#9306 = B_SPLINE_CURVE_WITH_KNOTS('',3,(#9307,#9308,#9309,#9310,#9311,
    #9312,#9313,#9314,#9315,#9316,#9317,#9318,#9319,#9320,#9321,#9322,
    #9323,#9324,#9325,#9326,#9327,#9328,#9329,#9330,#9331,#9332,#9333,
    #9334,#9335,#9336,#9337,#9338,#9339,#9340,#9341,#9342,#9343,#9344,
    #9345,#9346,#9347,#9348,#9349,#9350,#9351,#9352,#9353,#9354,#9355,
    #9356),.UNSPECIFIED.,.F.,.F.,(4,1,1,1,1,1,1,1,1,1,1,1,1,1,1,1,1,1,1,
    1,1,1,1,1,1,1,1,1,1,1,1,1,1,1,1,1,1,1,1,1,1,1,1,1,1,1,1,4),(0.,
    2.712363629581,5.415653884531,7.889901421053,9.986742084351,
    12.07233621524,13.981450928582,15.730829279285,17.217976489194,
    18.70534511222,20.079261809959,21.357514213245,22.46799558875,
    23.608470848383,24.696515979748,25.743900293344,26.683864297553,
    27.681614976107,28.665922847739,29.643534481927,30.544804484636,
    31.523863593595,32.508882471553,33.502052098633,34.427210166566,
    35.439013636309,36.460687542796,37.491630530293,38.450636928084,
    39.49631232414,40.547756860041,41.603484223464,42.58022774738,
    43.639187672476,44.697549950026,45.75413920775,46.727235587527,
    47.778840627491,48.828245019521,49.876764601754,50.845806288818,
    51.899956703366,52.96296178269,54.040387692291,55.053510242706,
    56.178288511941,57.339605375855,58.548465428582),.UNSPECIFIED.);
#9307 = CARTESIAN_POINT('',(-9.797601881507,5.529026724089));
#9308 = CARTESIAN_POINT('',(-10.34553903689,4.833366350674));
#9309 = CARTESIAN_POINT('',(-11.45093871359,3.370781590338));
#9310 = CARTESIAN_POINT('',(-13.19562774261,1.413761326837));
#9311 = CARTESIAN_POINT('',(-14.91158933901,-0.30496895328));
#9312 = CARTESIAN_POINT('',(-16.58195936108,-1.76719529979));
#9313 = CARTESIAN_POINT('',(-18.19963574259,-2.997759635157));
#9314 = CARTESIAN_POINT('',(-19.8105409595,-4.03637289083));
#9315 = CARTESIAN_POINT('',(-21.32641409863,-4.843694141498));
#9316 = CARTESIAN_POINT('',(-22.77655945022,-5.461718237415));
#9317 = CARTESIAN_POINT('',(-24.15910195699,-5.906550636066));
#9318 = CARTESIAN_POINT('',(-25.51024154587,-6.1917282739));
#9319 = CARTESIAN_POINT('',(-26.75166161241,-6.383282057059));
#9320 = CARTESIAN_POINT('',(-27.93041392472,-6.416304033174));
#9321 = CARTESIAN_POINT('',(-29.04207028431,-6.323080581103));
#9322 = CARTESIAN_POINT('',(-30.11332516981,-6.097008317883));
#9323 = CARTESIAN_POINT('',(-31.08482598349,-5.761512528428));
#9324 = CARTESIAN_POINT('',(-31.98197221817,-5.326392193236));
#9325 = CARTESIAN_POINT('',(-32.80531298584,-4.801705055154));
#9326 = CARTESIAN_POINT('',(-33.57240427695,-4.178088757613));
#9327 = CARTESIAN_POINT('',(-34.24485656718,-3.498364438566));
#9328 = CARTESIAN_POINT('',(-34.84745027141,-2.758956728743));
#9329 = CARTESIAN_POINT('',(-35.38371759173,-1.967088237349));
#9330 = CARTESIAN_POINT('',(-35.86715989447,-1.106869466628));
#9331 = CARTESIAN_POINT('',(-36.27749266492,-0.229493195474));
#9332 = CARTESIAN_POINT('',(-36.63441015982,0.680228233441));
#9333 = CARTESIAN_POINT('',(-36.9423301286,1.6176682006));
#9334 = CARTESIAN_POINT('',(-37.21131071782,2.603489536453));
#9335 = CARTESIAN_POINT('',(-37.43261913256,3.582926913784));
#9336 = CARTESIAN_POINT('',(-37.62167448261,4.577182909576));
#9337 = CARTESIAN_POINT('',(-37.77777540556,5.583957583884));
#9338 = CARTESIAN_POINT('',(-37.93112923842,6.623650097623));
#9339 = CARTESIAN_POINT('',(-38.06823491549,7.642479259242));
#9340 = CARTESIAN_POINT('',(-38.1927106822,8.665423025074));
#9341 = CARTESIAN_POINT('',(-38.31173183917,9.689887470247));
#9342 = CARTESIAN_POINT('',(-38.43388563581,10.740782885586));
#9343 = CARTESIAN_POINT('',(-38.55927511734,11.762482203046));
#9344 = CARTESIAN_POINT('',(-38.69674654446,12.780370865603));
#9345 = CARTESIAN_POINT('',(-38.85185394638,13.793344590823));
#9346 = CARTESIAN_POINT('',(-39.03630847773,14.8269933562));
#9347 = CARTESIAN_POINT('',(-39.2468394037,15.827595853223));
#9348 = CARTESIAN_POINT('',(-39.49294899584,16.821743379406));
#9349 = CARTESIAN_POINT('',(-39.78011273887,17.809784214831));
#9350 = CARTESIAN_POINT('',(-40.12534272153,18.818188550672));
#9351 = CARTESIAN_POINT('',(-40.515064981,19.792661833242));
#9352 = CARTESIAN_POINT('',(-40.96924428075,20.772760977167));
#9353 = CARTESIAN_POINT('',(-41.46706933038,21.716749815238));
#9354 = CARTESIAN_POINT('',(-42.14094746452,22.826097820208));
#9355 = CARTESIAN_POINT('',(-42.40902551877,23.186487547616));
#9356 = CARTESIAN_POINT('',(-42.77094590468,23.713294077526));
#9357 = ( GEOMETRIC_REPRESENTATION_CONTEXT(2) 
PARAMETRIC_REPRESENTATION_CONTEXT() REPRESENTATION_CONTEXT('2D SPACE',''
  ) );
#9358 = PCURVE('',#4429,#9359);
#9359 = DEFINITIONAL_REPRESENTATION('',(#9360),#9364);
#9360 = LINE('',#9361,#9362);
#9361 = CARTESIAN_POINT('',(0.,-22.4));
#9362 = VECTOR('',#9363,1.);
#9363 = DIRECTION('',(1.,0.));
#9364 = ( GEOMETRIC_REPRESENTATION_CONTEXT(2) 
PARAMETRIC_REPRESENTATION_CONTEXT() REPRESENTATION_CONTEXT('2D SPACE',''
  ) );
#9365 = FACE_BOUND('',#9366,.T.);
#9366 = EDGE_LOOP('',(#9367,#9393,#9416,#9533,#9556,#9580));
#9367 = ORIENTED_EDGE('',*,*,#9368,.T.);
#9368 = EDGE_CURVE('',#9369,#9371,#9373,.T.);
#9369 = VERTEX_POINT('',#9370);
#9370 = CARTESIAN_POINT('',(-9.734637857925,8.156397843108,22.4));
#9371 = VERTEX_POINT('',#9372);
#9372 = CARTESIAN_POINT('',(-10.94284446011,6.445475554358,22.4));
#9373 = SURFACE_CURVE('',#9374,(#9379,#9386),.PCURVE_S1.);
#9374 = CIRCLE('',#9375,12.7);
#9375 = AXIS2_PLACEMENT_3D('',#9376,#9377,#9378);
#9376 = CARTESIAN_POINT('',(0.,0.,22.4));
#9377 = DIRECTION('',(0.,0.,1.));
#9378 = DIRECTION('',(1.,0.,-0.));
#9379 = PCURVE('',#169,#9380);
#9380 = DEFINITIONAL_REPRESENTATION('',(#9381),#9385);
#9381 = CIRCLE('',#9382,12.7);
#9382 = AXIS2_PLACEMENT_2D('',#9383,#9384);
#9383 = CARTESIAN_POINT('',(0.,-1.204325410458E-15));
#9384 = DIRECTION('',(1.,0.));
#9385 = ( GEOMETRIC_REPRESENTATION_CONTEXT(2) 
PARAMETRIC_REPRESENTATION_CONTEXT() REPRESENTATION_CONTEXT('2D SPACE',''
  ) );
#9386 = PCURVE('',#4558,#9387);
#9387 = DEFINITIONAL_REPRESENTATION('',(#9388),#9392);
#9388 = LINE('',#9389,#9390);
#9389 = CARTESIAN_POINT('',(-0.,-22.4));
#9390 = VECTOR('',#9391,1.);
#9391 = DIRECTION('',(-1.,0.));
#9392 = ( GEOMETRIC_REPRESENTATION_CONTEXT(2) 
PARAMETRIC_REPRESENTATION_CONTEXT() REPRESENTATION_CONTEXT('2D SPACE',''
  ) );
#9393 = ORIENTED_EDGE('',*,*,#9394,.F.);
#9394 = EDGE_CURVE('',#9395,#9371,#9397,.T.);
#9395 = VERTEX_POINT('',#9396);
#9396 = CARTESIAN_POINT('',(-12.19944337461,7.170973275911,22.4));
#9397 = SURFACE_CURVE('',#9398,(#9402,#9409),.PCURVE_S1.);
#9398 = LINE('',#9399,#9400);
#9399 = CARTESIAN_POINT('',(-12.19944337461,7.170973275911,22.4));
#9400 = VECTOR('',#9401,1.);
#9401 = DIRECTION('',(0.866025403784,-0.5,0.));
#9402 = PCURVE('',#169,#9403);
#9403 = DEFINITIONAL_REPRESENTATION('',(#9404),#9408);
#9404 = LINE('',#9405,#9406);
#9405 = CARTESIAN_POINT('',(-12.19944337461,7.170973275911));
#9406 = VECTOR('',#9407,1.);
#9407 = DIRECTION('',(0.866025403784,-0.5));
#9408 = ( GEOMETRIC_REPRESENTATION_CONTEXT(2) 
PARAMETRIC_REPRESENTATION_CONTEXT() REPRESENTATION_CONTEXT('2D SPACE',''
  ) );
#9409 = PCURVE('',#4586,#9410);
#9410 = DEFINITIONAL_REPRESENTATION('',(#9411),#9415);
#9411 = LINE('',#9412,#9413);
#9412 = CARTESIAN_POINT('',(0.,-22.4));
#9413 = VECTOR('',#9414,1.);
#9414 = DIRECTION('',(1.,0.));
#9415 = ( GEOMETRIC_REPRESENTATION_CONTEXT(2) 
PARAMETRIC_REPRESENTATION_CONTEXT() REPRESENTATION_CONTEXT('2D SPACE',''
  ) );
#9416 = ORIENTED_EDGE('',*,*,#9417,.F.);
#9417 = EDGE_CURVE('',#9418,#9395,#9420,.T.);
#9418 = VERTEX_POINT('',#9419);
#9419 = CARTESIAN_POINT('',(-41.2335182624,24.786705922474,22.4));
#9420 = SURFACE_CURVE('',#9421,(#9472,#9526),.PCURVE_S1.);
#9421 = B_SPLINE_CURVE_WITH_KNOTS('',3,(#9422,#9423,#9424,#9425,#9426,
    #9427,#9428,#9429,#9430,#9431,#9432,#9433,#9434,#9435,#9436,#9437,
    #9438,#9439,#9440,#9441,#9442,#9443,#9444,#9445,#9446,#9447,#9448,
    #9449,#9450,#9451,#9452,#9453,#9454,#9455,#9456,#9457,#9458,#9459,
    #9460,#9461,#9462,#9463,#9464,#9465,#9466,#9467,#9468,#9469,#9470,
    #9471),.UNSPECIFIED.,.F.,.F.,(4,1,1,1,1,1,1,1,1,1,1,1,1,1,1,1,1,1,1,
    1,1,1,1,1,1,1,1,1,1,1,1,1,1,1,1,1,1,1,1,1,1,1,1,1,1,1,1,4),(0.,
    1.310275187177,2.575554712222,3.800853833955,4.902089094641,
    6.06831455688,7.21183434275,8.337173980858,9.363078484396,
    10.46331856218,11.554153671202,12.637112639117,13.630528059043,
    14.700223728197,15.762924250692,16.817962772309,17.784172052652,
    18.821404601302,19.84721146813,20.859830292326,21.78133906864,
    22.763820637486,23.728524475563,24.674422276675,25.530408882817,
    26.439181751574,27.329575345756,28.203542707491,28.998544434436,
    29.851442200626,30.702034885941,31.558695680793,32.363786840272,
    33.262555459008,34.202118316714,35.196909054575,36.177314147534,
    37.320972597039,38.563122142845,39.916198777823,41.276469790388,
    42.885560125174,44.651495886816,46.590899109622,48.549892956214,
    50.871342573664,53.417826896227,55.987800380247),.UNSPECIFIED.);
#9422 = CARTESIAN_POINT('',(-41.2335182624,24.786705922474,22.4));
#9423 = CARTESIAN_POINT('',(-41.00109376738,24.421224895251,22.4));
#9424 = CARTESIAN_POINT('',(-40.52199892188,23.701898124307,22.4));
#9425 = CARTESIAN_POINT('',(-39.91058389397,22.593227632672,22.4));
#9426 = CARTESIAN_POINT('',(-39.38568430903,21.516084572901,22.4));
#9427 = CARTESIAN_POINT('',(-38.9350437618,20.442096759859,22.4));
#9428 = CARTESIAN_POINT('',(-38.54973065985,19.37180212739,22.4));
#9429 = CARTESIAN_POINT('',(-38.21738589033,18.275591076305,22.4));
#9430 = CARTESIAN_POINT('',(-37.94815658547,17.210471495888,22.4));
#9431 = CARTESIAN_POINT('',(-37.72498708251,16.149633410567,22.4));
#9432 = CARTESIAN_POINT('',(-37.54133807522,15.092937932788,22.4));
#9433 = CARTESIAN_POINT('',(-37.38764950072,14.012330289104,22.4));
#9434 = CARTESIAN_POINT('',(-37.2648028591,12.963683648875,22.4));
#9435 = CARTESIAN_POINT('',(-37.16124708165,11.920085374087,22.4));
#9436 = CARTESIAN_POINT('',(-37.07096364173,10.882051162642,22.4));
#9437 = CARTESIAN_POINT('',(-36.98563001026,9.823005061108,22.4));
#9438 = CARTESIAN_POINT('',(-36.90334895934,8.79831935196,22.4));
#9439 = CARTESIAN_POINT('',(-36.81549540602,7.782607135522,22.4));
#9440 = CARTESIAN_POINT('',(-36.7185952818,6.777498794842,22.4));
#9441 = CARTESIAN_POINT('',(-36.59648248986,5.759349807569,22.4));
#9442 = CARTESIAN_POINT('',(-36.43823638473,4.785267044861,22.4));
#9443 = CARTESIAN_POINT('',(-36.25840709921,3.829731527171,22.4));
#9444 = CARTESIAN_POINT('',(-36.04720104011,2.896827721317,22.4));
#9445 = CARTESIAN_POINT('',(-35.793495435,1.966078505113,22.4));
#9446 = CARTESIAN_POINT('',(-35.5056546836,1.089452207395,22.4));
#9447 = CARTESIAN_POINT('',(-35.1756045635,0.247821441944,22.4));
#9448 = CARTESIAN_POINT('',(-34.800514815,-0.554629345014,22.4));
#9449 = CARTESIAN_POINT('',(-34.36371116835,-1.332310544627,22.4));
#9450 = CARTESIAN_POINT('',(-33.88490693976,-2.039749645056,22.4));
#9451 = CARTESIAN_POINT('',(-33.35333726625,-2.692340435974,22.4));
#9452 = CARTESIAN_POINT('',(-32.76670543322,-3.285650502111,22.4));
#9453 = CARTESIAN_POINT('',(-32.10328728946,-3.825240032897,22.4));
#9454 = CARTESIAN_POINT('',(-31.39544101301,-4.276468384663,22.4));
#9455 = CARTESIAN_POINT('',(-30.62590507602,-4.64968731769,22.4));
#9456 = CARTESIAN_POINT('',(-29.79080167891,-4.938046829651,22.4));
#9457 = CARTESIAN_POINT('',(-28.86437298625,-5.132942360467,22.4));
#9458 = CARTESIAN_POINT('',(-27.89359541588,-5.215470689358,22.4));
#9459 = CARTESIAN_POINT('',(-26.85322804139,-5.180093983858,22.4));
#9460 = CARTESIAN_POINT('',(-25.73682084961,-5.034241072697,22.4));
#9461 = CARTESIAN_POINT('',(-24.54155437416,-4.665353277316,22.4));
#9462 = CARTESIAN_POINT('',(-23.3262175419,-4.150373092614,22.4));
#9463 = CARTESIAN_POINT('',(-22.05504380989,-3.467808158938,22.4));
#9464 = CARTESIAN_POINT('',(-20.73270799243,-2.603374369183,22.4));
#9465 = CARTESIAN_POINT('',(-19.33293058972,-1.51045603656,22.4));
#9466 = CARTESIAN_POINT('',(-17.94341260869,-0.245438248009,22.4));
#9467 = CARTESIAN_POINT('',(-16.48632742974,1.293425124031,22.4));
#9468 = CARTESIAN_POINT('',(-15.14081176895,2.869205322024,22.4));
#9469 = CARTESIAN_POINT('',(-13.18592101121,5.593520042199,22.4));
#9470 = CARTESIAN_POINT('',(-13.49805093264,5.17812186136,22.4));
#9471 = CARTESIAN_POINT('',(-12.19944337461,7.170973275911,22.4));
#9472 = PCURVE('',#169,#9473);
#9473 = DEFINITIONAL_REPRESENTATION('',(#9474),#9525);
#9474 = B_SPLINE_CURVE_WITH_KNOTS('',3,(#9475,#9476,#9477,#9478,#9479,
    #9480,#9481,#9482,#9483,#9484,#9485,#9486,#9487,#9488,#9489,#9490,
    #9491,#9492,#9493,#9494,#9495,#9496,#9497,#9498,#9499,#9500,#9501,
    #9502,#9503,#9504,#9505,#9506,#9507,#9508,#9509,#9510,#9511,#9512,
    #9513,#9514,#9515,#9516,#9517,#9518,#9519,#9520,#9521,#9522,#9523,
    #9524),.UNSPECIFIED.,.F.,.F.,(4,1,1,1,1,1,1,1,1,1,1,1,1,1,1,1,1,1,1,
    1,1,1,1,1,1,1,1,1,1,1,1,1,1,1,1,1,1,1,1,1,1,1,1,1,1,1,1,4),(0.,
    1.310275187177,2.575554712222,3.800853833955,4.902089094641,
    6.06831455688,7.21183434275,8.337173980858,9.363078484396,
    10.46331856218,11.554153671202,12.637112639117,13.630528059043,
    14.700223728197,15.762924250692,16.817962772309,17.784172052652,
    18.821404601302,19.84721146813,20.859830292326,21.78133906864,
    22.763820637486,23.728524475563,24.674422276675,25.530408882817,
    26.439181751574,27.329575345756,28.203542707491,28.998544434436,
    29.851442200626,30.702034885941,31.558695680793,32.363786840272,
    33.262555459008,34.202118316714,35.196909054575,36.177314147534,
    37.320972597039,38.563122142845,39.916198777823,41.276469790388,
    42.885560125174,44.651495886816,46.590899109622,48.549892956214,
    50.871342573664,53.417826896227,55.987800380247),.UNSPECIFIED.);
#9475 = CARTESIAN_POINT('',(-41.2335182624,24.786705922474));
#9476 = CARTESIAN_POINT('',(-41.00109376738,24.421224895251));
#9477 = CARTESIAN_POINT('',(-40.52199892188,23.701898124307));
#9478 = CARTESIAN_POINT('',(-39.91058389397,22.593227632672));
#9479 = CARTESIAN_POINT('',(-39.38568430903,21.516084572901));
#9480 = CARTESIAN_POINT('',(-38.9350437618,20.442096759859));
#9481 = CARTESIAN_POINT('',(-38.54973065985,19.37180212739));
#9482 = CARTESIAN_POINT('',(-38.21738589033,18.275591076305));
#9483 = CARTESIAN_POINT('',(-37.94815658547,17.210471495888));
#9484 = CARTESIAN_POINT('',(-37.72498708251,16.149633410567));
#9485 = CARTESIAN_POINT('',(-37.54133807522,15.092937932788));
#9486 = CARTESIAN_POINT('',(-37.38764950072,14.012330289104));
#9487 = CARTESIAN_POINT('',(-37.2648028591,12.963683648875));
#9488 = CARTESIAN_POINT('',(-37.16124708165,11.920085374087));
#9489 = CARTESIAN_POINT('',(-37.07096364173,10.882051162642));
#9490 = CARTESIAN_POINT('',(-36.98563001026,9.823005061108));
#9491 = CARTESIAN_POINT('',(-36.90334895934,8.79831935196));
#9492 = CARTESIAN_POINT('',(-36.81549540602,7.782607135522));
#9493 = CARTESIAN_POINT('',(-36.7185952818,6.777498794842));
#9494 = CARTESIAN_POINT('',(-36.59648248986,5.759349807569));
#9495 = CARTESIAN_POINT('',(-36.43823638473,4.785267044861));
#9496 = CARTESIAN_POINT('',(-36.25840709921,3.829731527171));
#9497 = CARTESIAN_POINT('',(-36.04720104011,2.896827721317));
#9498 = CARTESIAN_POINT('',(-35.793495435,1.966078505113));
#9499 = CARTESIAN_POINT('',(-35.5056546836,1.089452207395));
#9500 = CARTESIAN_POINT('',(-35.1756045635,0.247821441944));
#9501 = CARTESIAN_POINT('',(-34.800514815,-0.554629345014));
#9502 = CARTESIAN_POINT('',(-34.36371116835,-1.332310544627));
#9503 = CARTESIAN_POINT('',(-33.88490693976,-2.039749645056));
#9504 = CARTESIAN_POINT('',(-33.35333726625,-2.692340435974));
#9505 = CARTESIAN_POINT('',(-32.76670543322,-3.285650502111));
#9506 = CARTESIAN_POINT('',(-32.10328728946,-3.825240032897));
#9507 = CARTESIAN_POINT('',(-31.39544101301,-4.276468384663));
#9508 = CARTESIAN_POINT('',(-30.62590507602,-4.64968731769));
#9509 = CARTESIAN_POINT('',(-29.79080167891,-4.938046829651));
#9510 = CARTESIAN_POINT('',(-28.86437298625,-5.132942360467));
#9511 = CARTESIAN_POINT('',(-27.89359541588,-5.215470689358));
#9512 = CARTESIAN_POINT('',(-26.85322804139,-5.180093983858));
#9513 = CARTESIAN_POINT('',(-25.73682084961,-5.034241072697));
#9514 = CARTESIAN_POINT('',(-24.54155437416,-4.665353277316));
#9515 = CARTESIAN_POINT('',(-23.3262175419,-4.150373092614));
#9516 = CARTESIAN_POINT('',(-22.05504380989,-3.467808158938));
#9517 = CARTESIAN_POINT('',(-20.73270799243,-2.603374369183));
#9518 = CARTESIAN_POINT('',(-19.33293058972,-1.51045603656));
#9519 = CARTESIAN_POINT('',(-17.94341260869,-0.245438248009));
#9520 = CARTESIAN_POINT('',(-16.48632742974,1.293425124031));
#9521 = CARTESIAN_POINT('',(-15.14081176895,2.869205322024));
#9522 = CARTESIAN_POINT('',(-13.18592101121,5.593520042199));
#9523 = CARTESIAN_POINT('',(-13.49805093264,5.17812186136));
#9524 = CARTESIAN_POINT('',(-12.19944337461,7.170973275911));
#9525 = ( GEOMETRIC_REPRESENTATION_CONTEXT(2) 
PARAMETRIC_REPRESENTATION_CONTEXT() REPRESENTATION_CONTEXT('2D SPACE',''
  ) );
#9526 = PCURVE('',#4708,#9527);
#9527 = DEFINITIONAL_REPRESENTATION('',(#9528),#9532);
#9528 = LINE('',#9529,#9530);
#9529 = CARTESIAN_POINT('',(0.,-22.4));
#9530 = VECTOR('',#9531,1.);
#9531 = DIRECTION('',(1.,0.));
#9532 = ( GEOMETRIC_REPRESENTATION_CONTEXT(2) 
PARAMETRIC_REPRESENTATION_CONTEXT() REPRESENTATION_CONTEXT('2D SPACE',''
  ) );
#9533 = ORIENTED_EDGE('',*,*,#9534,.F.);
#9534 = EDGE_CURVE('',#9535,#9418,#9537,.T.);
#9535 = VERTEX_POINT('',#9536);
#9536 = CARTESIAN_POINT('',(-41.47139212006,25.147040295502,22.4));
#9537 = SURFACE_CURVE('',#9538,(#9542,#9549),.PCURVE_S1.);
#9538 = LINE('',#9539,#9540);
#9539 = CARTESIAN_POINT('',(-42.56657612197,26.806039079808,22.4));
#9540 = VECTOR('',#9541,1.);
#9541 = DIRECTION('',(0.550927986848,-0.834552786412,0.));
#9542 = PCURVE('',#169,#9543);
#9543 = DEFINITIONAL_REPRESENTATION('',(#9544),#9548);
#9544 = LINE('',#9545,#9546);
#9545 = CARTESIAN_POINT('',(-42.56657612197,26.806039079808));
#9546 = VECTOR('',#9547,1.);
#9547 = DIRECTION('',(0.550927986848,-0.834552786412));
#9548 = ( GEOMETRIC_REPRESENTATION_CONTEXT(2) 
PARAMETRIC_REPRESENTATION_CONTEXT() REPRESENTATION_CONTEXT('2D SPACE',''
  ) );
#9549 = PCURVE('',#4832,#9550);
#9550 = DEFINITIONAL_REPRESENTATION('',(#9551),#9555);
#9551 = LINE('',#9552,#9553);
#9552 = CARTESIAN_POINT('',(-1.987889575494,-22.4));
#9553 = VECTOR('',#9554,1.);
#9554 = DIRECTION('',(1.,0.));
#9555 = ( GEOMETRIC_REPRESENTATION_CONTEXT(2) 
PARAMETRIC_REPRESENTATION_CONTEXT() REPRESENTATION_CONTEXT('2D SPACE',''
  ) );
#9556 = ORIENTED_EDGE('',*,*,#9557,.F.);
#9557 = EDGE_CURVE('',#9558,#9535,#9560,.T.);
#9558 = VERTEX_POINT('',#9559);
#9559 = CARTESIAN_POINT('',(-25.14724214276,41.471269725117,22.4));
#9560 = SURFACE_CURVE('',#9561,(#9566,#9573),.PCURVE_S1.);
#9561 = CIRCLE('',#9562,48.5);
#9562 = AXIS2_PLACEMENT_3D('',#9563,#9564,#9565);
#9563 = CARTESIAN_POINT('',(0.,0.,22.4));
#9564 = DIRECTION('',(0.,0.,1.));
#9565 = DIRECTION('',(1.,0.,-0.));
#9566 = PCURVE('',#169,#9567);
#9567 = DEFINITIONAL_REPRESENTATION('',(#9568),#9572);
#9568 = CIRCLE('',#9569,48.5);
#9569 = AXIS2_PLACEMENT_2D('',#9570,#9571);
#9570 = CARTESIAN_POINT('',(0.,-1.204325410458E-15));
#9571 = DIRECTION('',(1.,0.));
#9572 = ( GEOMETRIC_REPRESENTATION_CONTEXT(2) 
PARAMETRIC_REPRESENTATION_CONTEXT() REPRESENTATION_CONTEXT('2D SPACE',''
  ) );
#9573 = PCURVE('',#4861,#9574);
#9574 = DEFINITIONAL_REPRESENTATION('',(#9575),#9579);
#9575 = LINE('',#9576,#9577);
#9576 = CARTESIAN_POINT('',(-0.,-22.4));
#9577 = VECTOR('',#9578,1.);
#9578 = DIRECTION('',(-1.,0.));
#9579 = ( GEOMETRIC_REPRESENTATION_CONTEXT(2) 
PARAMETRIC_REPRESENTATION_CONTEXT() REPRESENTATION_CONTEXT('2D SPACE',''
  ) );
#9580 = ORIENTED_EDGE('',*,*,#9581,.F.);
#9581 = EDGE_CURVE('',#9369,#9558,#9582,.T.);
#9582 = SURFACE_CURVE('',#9583,(#9634,#9688),.PCURVE_S1.);
#9583 = B_SPLINE_CURVE_WITH_KNOTS('',3,(#9584,#9585,#9586,#9587,#9588,
    #9589,#9590,#9591,#9592,#9593,#9594,#9595,#9596,#9597,#9598,#9599,
    #9600,#9601,#9602,#9603,#9604,#9605,#9606,#9607,#9608,#9609,#9610,
    #9611,#9612,#9613,#9614,#9615,#9616,#9617,#9618,#9619,#9620,#9621,
    #9622,#9623,#9624,#9625,#9626,#9627,#9628,#9629,#9630,#9631,#9632,
    #9633),.UNSPECIFIED.,.F.,.F.,(4,1,1,1,1,1,1,1,1,1,1,1,1,1,1,1,1,1,1,
    1,1,1,1,1,1,1,1,1,1,1,1,1,1,1,1,1,1,1,1,1,1,1,1,1,1,1,1,4),(0.,
    2.712363629581,5.415653884531,7.889901421053,9.986742084351,
    12.07233621524,13.981450928582,15.730829279285,17.217976489194,
    18.70534511222,20.079261809959,21.357514213245,22.46799558875,
    23.608470848383,24.696515979748,25.743900293344,26.683864297553,
    27.681614976107,28.665922847739,29.643534481927,30.544804484636,
    31.523863593595,32.508882471553,33.502052098633,34.427210166566,
    35.439013636309,36.460687542796,37.491630530293,38.450636928084,
    39.49631232414,40.547756860041,41.603484223464,42.58022774738,
    43.639187672476,44.697549950026,45.75413920775,46.727235587527,
    47.778840627491,48.828245019521,49.876764601754,50.845806288818,
    51.899956703366,52.96296178269,54.040387692291,55.053510242706,
    56.178288511941,57.339605375855,58.548465428582),.UNSPECIFIED.);
#9584 = CARTESIAN_POINT('',(-5.720458763507,9.687078542018,22.4));
#9585 = CARTESIAN_POINT('',(-6.542816446458,9.358587563928,22.4));
#9586 = CARTESIAN_POINT('',(-8.231413027986,8.644651844641,22.4));
#9587 = CARTESIAN_POINT('',(-10.72086818056,7.822167095234,22.4));
#9588 = CARTESIAN_POINT('',(-13.06629965502,7.1916838086,22.4));
#9589 = CARTESIAN_POINT('',(-15.24399570111,6.760543657476,22.4));
#9590 = CARTESIAN_POINT('',(-17.26022671028,6.503681872811,22.4));
#9591 = CARTESIAN_POINT('',(-19.17461817905,6.409669017147,22.4));
#9592 = CARTESIAN_POINT('',(-20.89106345179,6.468444874619,22.4));
#9593 = CARTESIAN_POINT('',(-22.45593821341,6.658292983199,22.4));
#9594 = CARTESIAN_POINT('',(-23.8756713454,6.964328078922,22.4));
#9595 = CARTESIAN_POINT('',(-25.18838137235,7.392926794409,22.4));
#9596 = CARTESIAN_POINT('',(-26.35925957832,7.84774638527,22.4));
#9597 = CARTESIAN_POINT('',(-27.39660001361,8.40852467123,22.4));
#9598 = CARTESIAN_POINT('',(-28.31271093526,9.045086728748,22.4));
#9599 = CARTESIAN_POINT('',(-29.12740874841,9.776498494533,22.4));
#9600 = CARTESIAN_POINT('',(-29.80100523813,10.552796777904,22.4));
#9601 = CARTESIAN_POINT('',(-30.36039650068,11.378195159228,22.4));
#9602 = CARTESIAN_POINT('',(-30.81108695241,12.244257933678,22.4));
#9603 = CARTESIAN_POINT('',(-31.16359934877,13.167871135119,22.4));
#9604 = CARTESIAN_POINT('',(-31.40609795542,14.092755808099,22.4));
#9605 = CARTESIAN_POINT('',(-31.55825555652,15.034398520672,22.4));
#9606 = CARTESIAN_POINT('',(-31.62674243344,15.988310410836,22.4));
#9607 = CARTESIAN_POINT('',(-31.61530636352,16.975002870463,22.4));
#9608 = CARTESIAN_POINT('',(-31.53197683116,17.939999395187,22.4));
#9609 = CARTESIAN_POINT('',(-31.38621573434,18.906300010445,22.4));
#9610 = CARTESIAN_POINT('',(-31.18416226606,19.872106820915,22.4));
#9611 = CARTESIAN_POINT('',(-30.92419562152,20.860343435965,22.4));
#9612 = CARTESIAN_POINT('',(-30.62613564209,21.819215293522,22.4));
#9613 = CARTESIAN_POINT('',(-30.29273438006,22.774793918769,22.4));
#9614 = CARTESIAN_POINT('',(-29.92453440773,23.724736824079,22.4));
#9615 = CARTESIAN_POINT('',(-29.53749646589,24.701813869532,22.4));
#9616 = CARTESIAN_POINT('',(-29.14681888442,25.652698644146,22.4));
#9617 = CARTESIAN_POINT('',(-28.74314617764,26.600831815357,22.4));
#9618 = CARTESIAN_POINT('',(-28.33398930057,27.547554628632,22.4));
#9619 = CARTESIAN_POINT('',(-27.91432988397,28.51873365336,22.4));
#9620 = CARTESIAN_POINT('',(-27.51207070161,29.466245958072,22.4));
#9621 = CARTESIAN_POINT('',(-27.12218011851,30.41649911163,22.4));
#9622 = CARTESIAN_POINT('',(-26.75002020627,31.371313791997,22.4));
#9623 = CARTESIAN_POINT('',(-26.39293813358,32.358707147077,22.4));
#9624 = CARTESIAN_POINT('',(-26.07496201524,33.330519791579,22.4));
#9625 = CARTESIAN_POINT('',(-25.79102541105,34.314531600428,22.4));
#9626 = CARTESIAN_POINT('',(-25.54569608985,35.3137819354,22.4));
#9627 = CARTESIAN_POINT('',(-25.34047185706,36.359700698854,22.4));
#9628 = CARTESIAN_POINT('',(-25.1907445929,37.398480446605,22.4));
#9629 = CARTESIAN_POINT('',(-25.0940258324,38.474360853348,22.4));
#9630 = CARTESIAN_POINT('',(-25.05316055298,39.540791692821,22.4));
#9631 = CARTESIAN_POINT('',(-25.08208213372,40.838454313831,22.4));
#9632 = CARTESIAN_POINT('',(-25.13404967519,41.284600000154,22.4));
#9633 = CARTESIAN_POINT('',(-25.18407865858,41.92178803089,22.4));
#9634 = PCURVE('',#169,#9635);
#9635 = DEFINITIONAL_REPRESENTATION('',(#9636),#9687);
#9636 = B_SPLINE_CURVE_WITH_KNOTS('',3,(#9637,#9638,#9639,#9640,#9641,
    #9642,#9643,#9644,#9645,#9646,#9647,#9648,#9649,#9650,#9651,#9652,
    #9653,#9654,#9655,#9656,#9657,#9658,#9659,#9660,#9661,#9662,#9663,
    #9664,#9665,#9666,#9667,#9668,#9669,#9670,#9671,#9672,#9673,#9674,
    #9675,#9676,#9677,#9678,#9679,#9680,#9681,#9682,#9683,#9684,#9685,
    #9686),.UNSPECIFIED.,.F.,.F.,(4,1,1,1,1,1,1,1,1,1,1,1,1,1,1,1,1,1,1,
    1,1,1,1,1,1,1,1,1,1,1,1,1,1,1,1,1,1,1,1,1,1,1,1,1,1,1,1,4),(0.,
    2.712363629581,5.415653884531,7.889901421053,9.986742084351,
    12.07233621524,13.981450928582,15.730829279285,17.217976489194,
    18.70534511222,20.079261809959,21.357514213245,22.46799558875,
    23.608470848383,24.696515979748,25.743900293344,26.683864297553,
    27.681614976107,28.665922847739,29.643534481927,30.544804484636,
    31.523863593595,32.508882471553,33.502052098633,34.427210166566,
    35.439013636309,36.460687542796,37.491630530293,38.450636928084,
    39.49631232414,40.547756860041,41.603484223464,42.58022774738,
    43.639187672476,44.697549950026,45.75413920775,46.727235587527,
    47.778840627491,48.828245019521,49.876764601754,50.845806288818,
    51.899956703366,52.96296178269,54.040387692291,55.053510242706,
    56.178288511941,57.339605375855,58.548465428582),.UNSPECIFIED.);
#9637 = CARTESIAN_POINT('',(-5.720458763507,9.687078542018));
#9638 = CARTESIAN_POINT('',(-6.542816446458,9.358587563928));
#9639 = CARTESIAN_POINT('',(-8.231413027986,8.644651844641));
#9640 = CARTESIAN_POINT('',(-10.72086818056,7.822167095234));
#9641 = CARTESIAN_POINT('',(-13.06629965502,7.1916838086));
#9642 = CARTESIAN_POINT('',(-15.24399570111,6.760543657476));
#9643 = CARTESIAN_POINT('',(-17.26022671028,6.503681872811));
#9644 = CARTESIAN_POINT('',(-19.17461817905,6.409669017147));
#9645 = CARTESIAN_POINT('',(-20.89106345179,6.468444874619));
#9646 = CARTESIAN_POINT('',(-22.45593821341,6.658292983199));
#9647 = CARTESIAN_POINT('',(-23.8756713454,6.964328078922));
#9648 = CARTESIAN_POINT('',(-25.18838137235,7.392926794409));
#9649 = CARTESIAN_POINT('',(-26.35925957832,7.84774638527));
#9650 = CARTESIAN_POINT('',(-27.39660001361,8.40852467123));
#9651 = CARTESIAN_POINT('',(-28.31271093526,9.045086728748));
#9652 = CARTESIAN_POINT('',(-29.12740874841,9.776498494533));
#9653 = CARTESIAN_POINT('',(-29.80100523813,10.552796777904));
#9654 = CARTESIAN_POINT('',(-30.36039650068,11.378195159228));
#9655 = CARTESIAN_POINT('',(-30.81108695241,12.244257933678));
#9656 = CARTESIAN_POINT('',(-31.16359934877,13.167871135119));
#9657 = CARTESIAN_POINT('',(-31.40609795542,14.092755808099));
#9658 = CARTESIAN_POINT('',(-31.55825555652,15.034398520672));
#9659 = CARTESIAN_POINT('',(-31.62674243344,15.988310410836));
#9660 = CARTESIAN_POINT('',(-31.61530636352,16.975002870463));
#9661 = CARTESIAN_POINT('',(-31.53197683116,17.939999395187));
#9662 = CARTESIAN_POINT('',(-31.38621573434,18.906300010445));
#9663 = CARTESIAN_POINT('',(-31.18416226606,19.872106820915));
#9664 = CARTESIAN_POINT('',(-30.92419562152,20.860343435965));
#9665 = CARTESIAN_POINT('',(-30.62613564209,21.819215293522));
#9666 = CARTESIAN_POINT('',(-30.29273438006,22.774793918769));
#9667 = CARTESIAN_POINT('',(-29.92453440773,23.724736824079));
#9668 = CARTESIAN_POINT('',(-29.53749646589,24.701813869532));
#9669 = CARTESIAN_POINT('',(-29.14681888442,25.652698644146));
#9670 = CARTESIAN_POINT('',(-28.74314617764,26.600831815357));
#9671 = CARTESIAN_POINT('',(-28.33398930057,27.547554628632));
#9672 = CARTESIAN_POINT('',(-27.91432988397,28.51873365336));
#9673 = CARTESIAN_POINT('',(-27.51207070161,29.466245958072));
#9674 = CARTESIAN_POINT('',(-27.12218011851,30.41649911163));
#9675 = CARTESIAN_POINT('',(-26.75002020627,31.371313791997));
#9676 = CARTESIAN_POINT('',(-26.39293813358,32.358707147077));
#9677 = CARTESIAN_POINT('',(-26.07496201524,33.330519791579));
#9678 = CARTESIAN_POINT('',(-25.79102541105,34.314531600428));
#9679 = CARTESIAN_POINT('',(-25.54569608985,35.3137819354));
#9680 = CARTESIAN_POINT('',(-25.34047185706,36.359700698854));
#9681 = CARTESIAN_POINT('',(-25.1907445929,37.398480446605));
#9682 = CARTESIAN_POINT('',(-25.0940258324,38.474360853348));
#9683 = CARTESIAN_POINT('',(-25.05316055298,39.540791692821));
#9684 = CARTESIAN_POINT('',(-25.08208213372,40.838454313831));
#9685 = CARTESIAN_POINT('',(-25.13404967519,41.284600000154));
#9686 = CARTESIAN_POINT('',(-25.18407865858,41.92178803089));
#9687 = ( GEOMETRIC_REPRESENTATION_CONTEXT(2) 
PARAMETRIC_REPRESENTATION_CONTEXT() REPRESENTATION_CONTEXT('2D SPACE',''
  ) );
#9688 = PCURVE('',#4981,#9689);
#9689 = DEFINITIONAL_REPRESENTATION('',(#9690),#9694);
#9690 = LINE('',#9691,#9692);
#9691 = CARTESIAN_POINT('',(0.,-22.4));
#9692 = VECTOR('',#9693,1.);
#9693 = DIRECTION('',(1.,0.));
#9694 = ( GEOMETRIC_REPRESENTATION_CONTEXT(2) 
PARAMETRIC_REPRESENTATION_CONTEXT() REPRESENTATION_CONTEXT('2D SPACE',''
  ) );
#9695 = FACE_BOUND('',#9696,.T.);
#9696 = EDGE_LOOP('',(#9697,#9723,#9746,#9863,#9886,#9910));
#9697 = ORIENTED_EDGE('',*,*,#9698,.T.);
#9698 = EDGE_CURVE('',#9699,#9701,#9703,.T.);
#9699 = VERTEX_POINT('',#9700);
#9700 = CARTESIAN_POINT('',(-4.35224476005,11.930966664467,22.4));
#9701 = VERTEX_POINT('',#9702);
#9702 = CARTESIAN_POINT('',(-6.254043514939,11.053367799601,22.4));
#9703 = SURFACE_CURVE('',#9704,(#9709,#9716),.PCURVE_S1.);
#9704 = CIRCLE('',#9705,12.7);
#9705 = AXIS2_PLACEMENT_3D('',#9706,#9707,#9708);
#9706 = CARTESIAN_POINT('',(0.,0.,22.4));
#9707 = DIRECTION('',(0.,0.,1.));
#9708 = DIRECTION('',(1.,0.,-0.));
#9709 = PCURVE('',#169,#9710);
#9710 = DEFINITIONAL_REPRESENTATION('',(#9711),#9715);
#9711 = CIRCLE('',#9712,12.7);
#9712 = AXIS2_PLACEMENT_2D('',#9713,#9714);
#9713 = CARTESIAN_POINT('',(0.,-1.204325410458E-15));
#9714 = DIRECTION('',(1.,0.));
#9715 = ( GEOMETRIC_REPRESENTATION_CONTEXT(2) 
PARAMETRIC_REPRESENTATION_CONTEXT() REPRESENTATION_CONTEXT('2D SPACE',''
  ) );
#9716 = PCURVE('',#5110,#9717);
#9717 = DEFINITIONAL_REPRESENTATION('',(#9718),#9722);
#9718 = LINE('',#9719,#9720);
#9719 = CARTESIAN_POINT('',(-0.,-22.4));
#9720 = VECTOR('',#9721,1.);
#9721 = DIRECTION('',(-1.,0.));
#9722 = ( GEOMETRIC_REPRESENTATION_CONTEXT(2) 
PARAMETRIC_REPRESENTATION_CONTEXT() REPRESENTATION_CONTEXT('2D SPACE',''
  ) );
#9723 = ORIENTED_EDGE('',*,*,#9724,.F.);
#9724 = EDGE_CURVE('',#9725,#9701,#9727,.T.);
#9725 = VERTEX_POINT('',#9726);
#9726 = CARTESIAN_POINT('',(-6.979541236493,12.309966714107,22.4));
#9727 = SURFACE_CURVE('',#9728,(#9732,#9739),.PCURVE_S1.);
#9728 = LINE('',#9729,#9730);
#9729 = CARTESIAN_POINT('',(-6.979541236493,12.309966714107,22.4));
#9730 = VECTOR('',#9731,1.);
#9731 = DIRECTION('',(0.5,-0.866025403784,0.));
#9732 = PCURVE('',#169,#9733);
#9733 = DEFINITIONAL_REPRESENTATION('',(#9734),#9738);
#9734 = LINE('',#9735,#9736);
#9735 = CARTESIAN_POINT('',(-6.979541236493,12.309966714107));
#9736 = VECTOR('',#9737,1.);
#9737 = DIRECTION('',(0.5,-0.866025403784));
#9738 = ( GEOMETRIC_REPRESENTATION_CONTEXT(2) 
PARAMETRIC_REPRESENTATION_CONTEXT() REPRESENTATION_CONTEXT('2D SPACE',''
  ) );
#9739 = PCURVE('',#5138,#9740);
#9740 = DEFINITIONAL_REPRESENTATION('',(#9741),#9745);
#9741 = LINE('',#9742,#9743);
#9742 = CARTESIAN_POINT('',(0.,-22.4));
#9743 = VECTOR('',#9744,1.);
#9744 = DIRECTION('',(1.,0.));
#9745 = ( GEOMETRIC_REPRESENTATION_CONTEXT(2) 
PARAMETRIC_REPRESENTATION_CONTEXT() REPRESENTATION_CONTEXT('2D SPACE',''
  ) );
#9746 = ORIENTED_EDGE('',*,*,#9747,.F.);
#9747 = EDGE_CURVE('',#9748,#9725,#9750,.T.);
#9748 = VERTEX_POINT('',#9749);
#9749 = CARTESIAN_POINT('',(-23.31592134141,42.082676136201,22.4));
#9750 = SURFACE_CURVE('',#9751,(#9802,#9856),.PCURVE_S1.);
#9751 = B_SPLINE_CURVE_WITH_KNOTS('',3,(#9752,#9753,#9754,#9755,#9756,
    #9757,#9758,#9759,#9760,#9761,#9762,#9763,#9764,#9765,#9766,#9767,
    #9768,#9769,#9770,#9771,#9772,#9773,#9774,#9775,#9776,#9777,#9778,
    #9779,#9780,#9781,#9782,#9783,#9784,#9785,#9786,#9787,#9788,#9789,
    #9790,#9791,#9792,#9793,#9794,#9795,#9796,#9797,#9798,#9799,#9800,
    #9801),.UNSPECIFIED.,.F.,.F.,(4,1,1,1,1,1,1,1,1,1,1,1,1,1,1,1,1,1,1,
    1,1,1,1,1,1,1,1,1,1,1,1,1,1,1,1,1,1,1,1,1,1,1,1,1,1,1,1,4),(0.,
    1.310275187177,2.575554712222,3.800853833955,4.902089094641,
    6.06831455688,7.21183434275,8.337173980858,9.363078484396,
    10.46331856218,11.554153671202,12.637112639117,13.630528059043,
    14.700223728197,15.762924250692,16.817962772309,17.784172052652,
    18.821404601302,19.84721146813,20.859830292326,21.78133906864,
    22.763820637486,23.728524475563,24.674422276675,25.530408882817,
    26.439181751574,27.329575345756,28.203542707491,28.998544434436,
    29.851442200626,30.702034885941,31.558695680793,32.363786840272,
    33.262555459008,34.202118316714,35.196909054575,36.177314147534,
    37.320972597039,38.563122142845,39.916198777823,41.276469790388,
    42.885560125174,44.651495886816,46.590899109622,48.549892956214,
    50.871342573664,53.417826896227,55.987800380247),.UNSPECIFIED.);
#9752 = CARTESIAN_POINT('',(-23.31592134141,42.082676136201,22.4));
#9753 = CARTESIAN_POINT('',(-23.29737633787,41.649948034513,22.4));
#9754 = CARTESIAN_POINT('',(-23.24213141632,40.787445354505,22.4));
#9755 = CARTESIAN_POINT('',(-23.26696571571,39.521601030366,22.4));
#9756 = CARTESIAN_POINT('',(-23.3509608706,38.326317984623,22.4));
#9757 = CARTESIAN_POINT('',(-23.49768861525,37.17089698156,22.4));
#9758 = CARTESIAN_POINT('',(-23.69914499678,36.051338089334,22.4));
#9759 = CARTESIAN_POINT('',(-23.95943150911,34.935819086423,22.4));
#9760 = CARTESIAN_POINT('',(-24.25883188186,33.878783819283,22.4));
#9761 = CARTESIAN_POINT('',(-24.59598046561,32.848486336614,22.4));
#9762 = CARTESIAN_POINT('',(-24.96528349881,31.84153670515,22.4));
#9763 = CARTESIAN_POINT('',(-25.37248911086,30.828858746943,22.4));
#9764 = CARTESIAN_POINT('',(-25.79042411856,29.859280796101,22.4));
#9765 = CARTESIAN_POINT('',(-26.22254132198,28.903720290067,22.4));
#9766 = CARTESIAN_POINT('',(-26.66337067518,27.959614572996,22.4));
#9767 = CARTESIAN_POINT('',(-27.1189926333,26.999786929554,22.4));
#9768 = CARTESIAN_POINT('',(-27.56007800753,26.071242549075,22.4));
#9769 = CARTESIAN_POINT('',(-27.99185070676,25.147683190047,22.4));
#9770 = CARTESIAN_POINT('',(-28.41048690789,24.228783771352,22.4));
#9771 = CARTESIAN_POINT('',(-28.81380862159,23.285984487568,22.4));
#9772 = CARTESIAN_POINT('',(-29.16380485585,22.363281017109,22.4));
#9773 = CARTESIAN_POINT('',(-29.48583588509,21.44584834181,22.4));
#9774 = CARTESIAN_POINT('',(-29.7693779754,20.532326917107,22.4));
#9775 = CARTESIAN_POINT('',(-30.01503708439,19.599421648763,22.4));
#9776 = CARTESIAN_POINT('',(-30.2040728303,18.696320629617,22.4));
#9777 = CARTESIAN_POINT('',(-30.3390564245,17.802421946079,22.4));
#9778 = CARTESIAN_POINT('',(-30.41544456707,16.919934305036,22.4));
#9779 = CARTESIAN_POINT('',(-30.42600211241,16.028040806798,22.4));
#9780 = CARTESIAN_POINT('',(-30.36506503723,15.175978459901,22.4));
#9781 = CARTESIAN_POINT('',(-30.23100759155,14.345033419939,22.4));
#9782 = CARTESIAN_POINT('',(-30.01962455455,13.537895913829,22.4));
#9783 = CARTESIAN_POINT('',(-29.71488235411,12.738888600672,22.4));
#9784 = CARTESIAN_POINT('',(-29.32748367261,11.994190246907,22.4));
#9785 = CARTESIAN_POINT('',(-28.84765546857,11.286205201239,22.4));
#9786 = CARTESIAN_POINT('',(-28.26861446787,10.618926839904,22.4));
#9787 = CARTESIAN_POINT('',(-27.56375145063,9.9869280128,22.4));
#9788 = CARTESIAN_POINT('',(-26.76429757771,9.430067598263,22.4));
#9789 = CARTESIAN_POINT('',(-25.84562464939,8.940521036684,22.4));
#9790 = CARTESIAN_POINT('',(-24.80586120476,8.508629767079,22.4));
#9791 = CARTESIAN_POINT('',(-23.58628617504,8.230462731297,22.4));
#9792 = CARTESIAN_POINT('',(-22.27628351179,8.068780237565,22.4));
#9793 = CARTESIAN_POINT('',(-20.83413230041,8.024311943854,22.4));
#9794 = CARTESIAN_POINT('',(-19.25673899528,8.111765656944,22.4));
#9795 = CARTESIAN_POINT('',(-17.49803703858,8.358371995902,22.4));
#9796 = CARTESIAN_POINT('',(-15.66217027372,8.759150546513,22.4));
#9797 = CARTESIAN_POINT('',(-13.63086580725,9.363302730177,22.4));
#9798 = CARTESIAN_POINT('',(-11.67772496482,10.055210582024,22.4));
#9799 = CARTESIAN_POINT('',(-8.622582546904,11.437090958727,22.4));
#9800 = CARTESIAN_POINT('',(-9.100594078569,11.233410542153,22.4));
#9801 = CARTESIAN_POINT('',(-6.979541236493,12.309966714107,22.4));
#9802 = PCURVE('',#169,#9803);
#9803 = DEFINITIONAL_REPRESENTATION('',(#9804),#9855);
#9804 = B_SPLINE_CURVE_WITH_KNOTS('',3,(#9805,#9806,#9807,#9808,#9809,
    #9810,#9811,#9812,#9813,#9814,#9815,#9816,#9817,#9818,#9819,#9820,
    #9821,#9822,#9823,#9824,#9825,#9826,#9827,#9828,#9829,#9830,#9831,
    #9832,#9833,#9834,#9835,#9836,#9837,#9838,#9839,#9840,#9841,#9842,
    #9843,#9844,#9845,#9846,#9847,#9848,#9849,#9850,#9851,#9852,#9853,
    #9854),.UNSPECIFIED.,.F.,.F.,(4,1,1,1,1,1,1,1,1,1,1,1,1,1,1,1,1,1,1,
    1,1,1,1,1,1,1,1,1,1,1,1,1,1,1,1,1,1,1,1,1,1,1,1,1,1,1,1,4),(0.,
    1.310275187177,2.575554712222,3.800853833955,4.902089094641,
    6.06831455688,7.21183434275,8.337173980858,9.363078484396,
    10.46331856218,11.554153671202,12.637112639117,13.630528059043,
    14.700223728197,15.762924250692,16.817962772309,17.784172052652,
    18.821404601302,19.84721146813,20.859830292326,21.78133906864,
    22.763820637486,23.728524475563,24.674422276675,25.530408882817,
    26.439181751574,27.329575345756,28.203542707491,28.998544434436,
    29.851442200626,30.702034885941,31.558695680793,32.363786840272,
    33.262555459008,34.202118316714,35.196909054575,36.177314147534,
    37.320972597039,38.563122142845,39.916198777823,41.276469790388,
    42.885560125174,44.651495886816,46.590899109622,48.549892956214,
    50.871342573664,53.417826896227,55.987800380247),.UNSPECIFIED.);
#9805 = CARTESIAN_POINT('',(-23.31592134141,42.082676136201));
#9806 = CARTESIAN_POINT('',(-23.29737633787,41.649948034513));
#9807 = CARTESIAN_POINT('',(-23.24213141632,40.787445354505));
#9808 = CARTESIAN_POINT('',(-23.26696571571,39.521601030366));
#9809 = CARTESIAN_POINT('',(-23.3509608706,38.326317984623));
#9810 = CARTESIAN_POINT('',(-23.49768861525,37.17089698156));
#9811 = CARTESIAN_POINT('',(-23.69914499678,36.051338089334));
#9812 = CARTESIAN_POINT('',(-23.95943150911,34.935819086423));
#9813 = CARTESIAN_POINT('',(-24.25883188186,33.878783819283));
#9814 = CARTESIAN_POINT('',(-24.59598046561,32.848486336614));
#9815 = CARTESIAN_POINT('',(-24.96528349881,31.84153670515));
#9816 = CARTESIAN_POINT('',(-25.37248911086,30.828858746943));
#9817 = CARTESIAN_POINT('',(-25.79042411856,29.859280796101));
#9818 = CARTESIAN_POINT('',(-26.22254132198,28.903720290067));
#9819 = CARTESIAN_POINT('',(-26.66337067518,27.959614572996));
#9820 = CARTESIAN_POINT('',(-27.1189926333,26.999786929554));
#9821 = CARTESIAN_POINT('',(-27.56007800753,26.071242549075));
#9822 = CARTESIAN_POINT('',(-27.99185070676,25.147683190047));
#9823 = CARTESIAN_POINT('',(-28.41048690789,24.228783771352));
#9824 = CARTESIAN_POINT('',(-28.81380862159,23.285984487568));
#9825 = CARTESIAN_POINT('',(-29.16380485585,22.363281017109));
#9826 = CARTESIAN_POINT('',(-29.48583588509,21.44584834181));
#9827 = CARTESIAN_POINT('',(-29.7693779754,20.532326917107));
#9828 = CARTESIAN_POINT('',(-30.01503708439,19.599421648763));
#9829 = CARTESIAN_POINT('',(-30.2040728303,18.696320629617));
#9830 = CARTESIAN_POINT('',(-30.3390564245,17.802421946079));
#9831 = CARTESIAN_POINT('',(-30.41544456707,16.919934305036));
#9832 = CARTESIAN_POINT('',(-30.42600211241,16.028040806798));
#9833 = CARTESIAN_POINT('',(-30.36506503723,15.175978459901));
#9834 = CARTESIAN_POINT('',(-30.23100759155,14.345033419939));
#9835 = CARTESIAN_POINT('',(-30.01962455455,13.537895913829));
#9836 = CARTESIAN_POINT('',(-29.71488235411,12.738888600672));
#9837 = CARTESIAN_POINT('',(-29.32748367261,11.994190246907));
#9838 = CARTESIAN_POINT('',(-28.84765546857,11.286205201239));
#9839 = CARTESIAN_POINT('',(-28.26861446787,10.618926839904));
#9840 = CARTESIAN_POINT('',(-27.56375145063,9.9869280128));
#9841 = CARTESIAN_POINT('',(-26.76429757771,9.430067598263));
#9842 = CARTESIAN_POINT('',(-25.84562464939,8.940521036684));
#9843 = CARTESIAN_POINT('',(-24.80586120476,8.508629767079));
#9844 = CARTESIAN_POINT('',(-23.58628617504,8.230462731297));
#9845 = CARTESIAN_POINT('',(-22.27628351179,8.068780237565));
#9846 = CARTESIAN_POINT('',(-20.83413230041,8.024311943854));
#9847 = CARTESIAN_POINT('',(-19.25673899528,8.111765656944));
#9848 = CARTESIAN_POINT('',(-17.49803703858,8.358371995902));
#9849 = CARTESIAN_POINT('',(-15.66217027372,8.759150546513));
#9850 = CARTESIAN_POINT('',(-13.63086580725,9.363302730177));
#9851 = CARTESIAN_POINT('',(-11.67772496482,10.055210582024));
#9852 = CARTESIAN_POINT('',(-8.622582546904,11.437090958727));
#9853 = CARTESIAN_POINT('',(-9.100594078569,11.233410542153));
#9854 = CARTESIAN_POINT('',(-6.979541236493,12.309966714107));
#9855 = ( GEOMETRIC_REPRESENTATION_CONTEXT(2) 
PARAMETRIC_REPRESENTATION_CONTEXT() REPRESENTATION_CONTEXT('2D SPACE',''
  ) );
#9856 = PCURVE('',#5260,#9857);
#9857 = DEFINITIONAL_REPRESENTATION('',(#9858),#9862);
#9858 = LINE('',#9859,#9860);
#9859 = CARTESIAN_POINT('',(0.,-22.4));
#9860 = VECTOR('',#9861,1.);
#9861 = DIRECTION('',(1.,0.));
#9862 = ( GEOMETRIC_REPRESENTATION_CONTEXT(2) 
PARAMETRIC_REPRESENTATION_CONTEXT() REPRESENTATION_CONTEXT('2D SPACE',''
  ) );
#9863 = ORIENTED_EDGE('',*,*,#9864,.F.);
#9864 = EDGE_CURVE('',#9865,#9748,#9867,.T.);
#9865 = VERTEX_POINT('',#9866);
#9866 = CARTESIAN_POINT('',(-23.34175895853,42.513671785928,22.4));
#9867 = SURFACE_CURVE('',#9868,(#9872,#9879),.PCURVE_S1.);
#9868 = LINE('',#9869,#9870);
#9869 = CARTESIAN_POINT('',(-23.46071673384,44.497998878939,22.4));
#9870 = VECTOR('',#9871,1.);
#9871 = DIRECTION('',(5.984123906075E-02,-0.998207907256,0.));
#9872 = PCURVE('',#169,#9873);
#9873 = DEFINITIONAL_REPRESENTATION('',(#9874),#9878);
#9874 = LINE('',#9875,#9876);
#9875 = CARTESIAN_POINT('',(-23.46071673384,44.497998878939));
#9876 = VECTOR('',#9877,1.);
#9877 = DIRECTION('',(5.984123906075E-02,-0.998207907256));
#9878 = ( GEOMETRIC_REPRESENTATION_CONTEXT(2) 
PARAMETRIC_REPRESENTATION_CONTEXT() REPRESENTATION_CONTEXT('2D SPACE',''
  ) );
#9879 = PCURVE('',#5384,#9880);
#9880 = DEFINITIONAL_REPRESENTATION('',(#9881),#9885);
#9881 = LINE('',#9882,#9883);
#9882 = CARTESIAN_POINT('',(-1.987889575495,-22.4));
#9883 = VECTOR('',#9884,1.);
#9884 = DIRECTION('',(1.,0.));
#9885 = ( GEOMETRIC_REPRESENTATION_CONTEXT(2) 
PARAMETRIC_REPRESENTATION_CONTEXT() REPRESENTATION_CONTEXT('2D SPACE',''
  ) );
#9886 = ORIENTED_EDGE('',*,*,#9887,.F.);
#9887 = EDGE_CURVE('',#9888,#9865,#9890,.T.);
#9888 = VERTEX_POINT('',#9889);
#9889 = CARTESIAN_POINT('',(-1.042515668191,48.488794180528,22.4));
#9890 = SURFACE_CURVE('',#9891,(#9896,#9903),.PCURVE_S1.);
#9891 = CIRCLE('',#9892,48.5);
#9892 = AXIS2_PLACEMENT_3D('',#9893,#9894,#9895);
#9893 = CARTESIAN_POINT('',(0.,0.,22.4));
#9894 = DIRECTION('',(0.,0.,1.));
#9895 = DIRECTION('',(1.,0.,-0.));
#9896 = PCURVE('',#169,#9897);
#9897 = DEFINITIONAL_REPRESENTATION('',(#9898),#9902);
#9898 = CIRCLE('',#9899,48.5);
#9899 = AXIS2_PLACEMENT_2D('',#9900,#9901);
#9900 = CARTESIAN_POINT('',(0.,-1.204325410458E-15));
#9901 = DIRECTION('',(1.,0.));
#9902 = ( GEOMETRIC_REPRESENTATION_CONTEXT(2) 
PARAMETRIC_REPRESENTATION_CONTEXT() REPRESENTATION_CONTEXT('2D SPACE',''
  ) );
#9903 = PCURVE('',#5413,#9904);
#9904 = DEFINITIONAL_REPRESENTATION('',(#9905),#9909);
#9905 = LINE('',#9906,#9907);
#9906 = CARTESIAN_POINT('',(-0.,-22.4));
#9907 = VECTOR('',#9908,1.);
#9908 = DIRECTION('',(-1.,0.));
#9909 = ( GEOMETRIC_REPRESENTATION_CONTEXT(2) 
PARAMETRIC_REPRESENTATION_CONTEXT() REPRESENTATION_CONTEXT('2D SPACE',''
  ) );
#9910 = ORIENTED_EDGE('',*,*,#9911,.F.);
#9911 = EDGE_CURVE('',#9699,#9888,#9912,.T.);
#9912 = SURFACE_CURVE('',#9913,(#9964,#10018),.PCURVE_S1.);
#9913 = B_SPLINE_CURVE_WITH_KNOTS('',3,(#9914,#9915,#9916,#9917,#9918,
    #9919,#9920,#9921,#9922,#9923,#9924,#9925,#9926,#9927,#9928,#9929,
    #9930,#9931,#9932,#9933,#9934,#9935,#9936,#9937,#9938,#9939,#9940,
    #9941,#9942,#9943,#9944,#9945,#9946,#9947,#9948,#9949,#9950,#9951,
    #9952,#9953,#9954,#9955,#9956,#9957,#9958,#9959,#9960,#9961,#9962,
    #9963),.UNSPECIFIED.,.F.,.F.,(4,1,1,1,1,1,1,1,1,1,1,1,1,1,1,1,1,1,1,
    1,1,1,1,1,1,1,1,1,1,1,1,1,1,1,1,1,1,1,1,1,1,1,1,1,1,1,1,4),(0.,
    2.712363629581,5.415653884531,7.889901421053,9.986742084351,
    12.07233621524,13.981450928582,15.730829279285,17.217976489194,
    18.70534511222,20.079261809959,21.357514213245,22.46799558875,
    23.608470848383,24.696515979748,25.743900293344,26.683864297553,
    27.681614976107,28.665922847739,29.643534481927,30.544804484636,
    31.523863593595,32.508882471553,33.502052098633,34.427210166566,
    35.439013636309,36.460687542796,37.491630530293,38.450636928084,
    39.49631232414,40.547756860041,41.603484223464,42.58022774738,
    43.639187672476,44.697549950026,45.75413920775,46.727235587527,
    47.778840627491,48.828245019521,49.876764601754,50.845806288818,
    51.899956703366,52.96296178269,54.040387692291,55.053510242706,
    56.178288511941,57.339605375855,58.548465428582),.UNSPECIFIED.);
#9914 = CARTESIAN_POINT('',(-0.11052333949,11.249485487596,22.4));
#9915 = CARTESIAN_POINT('',(-0.986951472967,11.376182797132,22.4));
#9916 = CARTESIAN_POINT('',(-2.806286868958,11.602194618324,22.4));
#9917 = CARTESIAN_POINT('',(-5.373460647376,12.134629507401,22.4));
#9918 = CARTESIAN_POINT('',(-7.719905530411,12.761330701745,22.4));
#9919 = CARTESIAN_POINT('',(-9.821415703608,13.476800401325,22.4));
#9920 = CARTESIAN_POINT('',(-11.69595386978,14.26246707513,22.4));
#9921 = CARTESIAN_POINT('',(-13.40087194235,15.138245288229,22.4));
#9922 = CARTESIAN_POINT('',(-14.85796922401,16.047369310296,22.4));
#9923 = CARTESIAN_POINT('',(-16.11826646702,16.994219975995,22.4));
#9924 = CARTESIAN_POINT('',(-17.19477387806,17.969120709338,22.4));
#9925 = CARTESIAN_POINT('',(-18.11731475146,18.996653098454,22.4));
#9926 = CARTESIAN_POINT('',(-18.90391522713,19.975977521262,22.4));
#9927 = CARTESIAN_POINT('',(-19.52188925349,20.980295980441,22.4));
#9928 = CARTESIAN_POINT('',(-19.99698355557,21.989630354161,22.4));
#9929 = CARTESIAN_POINT('',(-20.33682667527,23.030400430535,22.4));
#9930 = CARTESIAN_POINT('',(-20.53202920558,24.039492709707,22.4));
#9931 = CARTESIAN_POINT('',(-20.60377705895,25.034004307452,22.4));
#9932 = CARTESIAN_POINT('',(-20.56105505216,26.009381897263,22.4));
#9933 = CARTESIAN_POINT('',(-20.40453314183,26.985510591158,22.4));
#9934 = CARTESIAN_POINT('',(-20.15210075908,27.907733516855,22.4));
#9935 = CARTESIAN_POINT('',(-19.81305175073,28.799298827785,22.4));
#9936 = CARTESIAN_POINT('',(-19.39540718089,29.6596541961,22.4));
#9937 = CARTESIAN_POINT('',(-18.892157024,30.508436896897,22.4));
#9938 = CARTESIAN_POINT('',(-18.33749326973,31.302483635692,22.4));
#9939 = CARTESIAN_POINT('',(-17.72811014938,32.06644396779,22.4));
#9940 = CARTESIAN_POINT('',(-17.07022330768,32.80183046666,22.4));
#9941 = CARTESIAN_POINT('',(-16.35096728185,33.527685157975,22.4));
#9942 = CARTESIAN_POINT('',(-15.61340383904,34.209062555881,22.4));
#9943 = CARTESIAN_POINT('',(-14.84688056384,34.869917289642,22.4));
#9944 = CARTESIAN_POINT('',(-14.05303858148,35.508491991621,22.4));
#9945 = CARTESIAN_POINT('',(-13.22931536889,36.161146563516,22.4));
#9946 = CARTESIAN_POINT('',(-12.41553627134,36.789298143672,22.4));
#9947 = CARTESIAN_POINT('',(-11.59187886685,37.408569202719,22.4));
#9948 = CARTESIAN_POINT('',(-10.76417721053,38.023876770823,22.4));
#9949 = CARTESIAN_POINT('',(-9.915151982458,38.655112769557,22.4));
#9950 = CARTESIAN_POINT('',(-9.093029159271,39.274552904656,22.4));
#9951 = CARTESIAN_POINT('',(-8.280247432833,39.902550984115,22.4));
#9952 = CARTESIAN_POINT('',(-7.480540154386,40.543364797102,22.4));
#9953 = CARTESIAN_POINT('',(-6.677601330652,41.21993148978,22.4));
#9954 = CARTESIAN_POINT('',(-5.91631961213,41.902557868471,22.4));
#9955 = CARTESIAN_POINT('',(-5.178417395412,42.612768790464,22.4));
#9956 = CARTESIAN_POINT('',(-4.466330803474,43.35548030469,22.4));
#9957 = CARTESIAN_POINT('',(-3.76564202268,44.158660407741,22.4));
#9958 = CARTESIAN_POINT('',(-3.116584534401,44.98340642615,22.4));
#9959 = CARTESIAN_POINT('',(-2.49488342741,45.86678680957,22.4));
#9960 = CARTESIAN_POINT('',(-1.926277637567,46.769910368226,22.4));
#9961 = CARTESIAN_POINT('',(-1.302493150694,47.908179953928,22.4));
#9962 = CARTESIAN_POINT('',(-1.124425518621,48.32053722281,22.4));
#9963 = CARTESIAN_POINT('',(-0.849157873792,48.897372736107,22.4));
#9964 = PCURVE('',#169,#9965);
#9965 = DEFINITIONAL_REPRESENTATION('',(#9966),#10017);
#9966 = B_SPLINE_CURVE_WITH_KNOTS('',3,(#9967,#9968,#9969,#9970,#9971,
    #9972,#9973,#9974,#9975,#9976,#9977,#9978,#9979,#9980,#9981,#9982,
    #9983,#9984,#9985,#9986,#9987,#9988,#9989,#9990,#9991,#9992,#9993,
    #9994,#9995,#9996,#9997,#9998,#9999,#10000,#10001,#10002,#10003,
    #10004,#10005,#10006,#10007,#10008,#10009,#10010,#10011,#10012,
    #10013,#10014,#10015,#10016),.UNSPECIFIED.,.F.,.F.,(4,1,1,1,1,1,1,1,
    1,1,1,1,1,1,1,1,1,1,1,1,1,1,1,1,1,1,1,1,1,1,1,1,1,1,1,1,1,1,1,1,1,1,
    1,1,1,1,1,4),(0.,2.712363629581,5.415653884531,7.889901421053,
    9.986742084351,12.07233621524,13.981450928582,15.730829279285,
    17.217976489194,18.70534511222,20.079261809959,21.357514213245,
    22.46799558875,23.608470848383,24.696515979748,25.743900293344,
    26.683864297553,27.681614976107,28.665922847739,29.643534481927,
    30.544804484636,31.523863593595,32.508882471553,33.502052098633,
    34.427210166566,35.439013636309,36.460687542796,37.491630530293,
    38.450636928084,39.49631232414,40.547756860041,41.603484223464,
    42.58022774738,43.639187672476,44.697549950026,45.75413920775,
    46.727235587527,47.778840627491,48.828245019521,49.876764601754,
    50.845806288818,51.899956703366,52.96296178269,54.040387692291,
    55.053510242706,56.178288511941,57.339605375855,58.548465428582),
  .UNSPECIFIED.);
#9967 = CARTESIAN_POINT('',(-0.11052333949,11.249485487596));
#9968 = CARTESIAN_POINT('',(-0.986951472967,11.376182797132));
#9969 = CARTESIAN_POINT('',(-2.806286868958,11.602194618324));
#9970 = CARTESIAN_POINT('',(-5.373460647376,12.134629507401));
#9971 = CARTESIAN_POINT('',(-7.719905530411,12.761330701745));
#9972 = CARTESIAN_POINT('',(-9.821415703608,13.476800401325));
#9973 = CARTESIAN_POINT('',(-11.69595386978,14.26246707513));
#9974 = CARTESIAN_POINT('',(-13.40087194235,15.138245288229));
#9975 = CARTESIAN_POINT('',(-14.85796922401,16.047369310296));
#9976 = CARTESIAN_POINT('',(-16.11826646702,16.994219975995));
#9977 = CARTESIAN_POINT('',(-17.19477387806,17.969120709338));
#9978 = CARTESIAN_POINT('',(-18.11731475146,18.996653098454));
#9979 = CARTESIAN_POINT('',(-18.90391522713,19.975977521262));
#9980 = CARTESIAN_POINT('',(-19.52188925349,20.980295980441));
#9981 = CARTESIAN_POINT('',(-19.99698355557,21.989630354161));
#9982 = CARTESIAN_POINT('',(-20.33682667527,23.030400430535));
#9983 = CARTESIAN_POINT('',(-20.53202920558,24.039492709707));
#9984 = CARTESIAN_POINT('',(-20.60377705895,25.034004307452));
#9985 = CARTESIAN_POINT('',(-20.56105505216,26.009381897263));
#9986 = CARTESIAN_POINT('',(-20.40453314183,26.985510591158));
#9987 = CARTESIAN_POINT('',(-20.15210075908,27.907733516855));
#9988 = CARTESIAN_POINT('',(-19.81305175073,28.799298827785));
#9989 = CARTESIAN_POINT('',(-19.39540718089,29.6596541961));
#9990 = CARTESIAN_POINT('',(-18.892157024,30.508436896897));
#9991 = CARTESIAN_POINT('',(-18.33749326973,31.302483635692));
#9992 = CARTESIAN_POINT('',(-17.72811014938,32.06644396779));
#9993 = CARTESIAN_POINT('',(-17.07022330768,32.80183046666));
#9994 = CARTESIAN_POINT('',(-16.35096728185,33.527685157975));
#9995 = CARTESIAN_POINT('',(-15.61340383904,34.209062555881));
#9996 = CARTESIAN_POINT('',(-14.84688056384,34.869917289642));
#9997 = CARTESIAN_POINT('',(-14.05303858148,35.508491991621));
#9998 = CARTESIAN_POINT('',(-13.22931536889,36.161146563516));
#9999 = CARTESIAN_POINT('',(-12.41553627134,36.789298143672));
#10000 = CARTESIAN_POINT('',(-11.59187886685,37.408569202719));
#10001 = CARTESIAN_POINT('',(-10.76417721053,38.023876770823));
#10002 = CARTESIAN_POINT('',(-9.915151982458,38.655112769557));
#10003 = CARTESIAN_POINT('',(-9.093029159271,39.274552904656));
#10004 = CARTESIAN_POINT('',(-8.280247432833,39.902550984115));
#10005 = CARTESIAN_POINT('',(-7.480540154386,40.543364797102));
#10006 = CARTESIAN_POINT('',(-6.677601330652,41.21993148978));
#10007 = CARTESIAN_POINT('',(-5.91631961213,41.902557868471));
#10008 = CARTESIAN_POINT('',(-5.178417395412,42.612768790464));
#10009 = CARTESIAN_POINT('',(-4.466330803474,43.35548030469));
#10010 = CARTESIAN_POINT('',(-3.76564202268,44.158660407741));
#10011 = CARTESIAN_POINT('',(-3.116584534401,44.98340642615));
#10012 = CARTESIAN_POINT('',(-2.49488342741,45.86678680957));
#10013 = CARTESIAN_POINT('',(-1.926277637567,46.769910368226));
#10014 = CARTESIAN_POINT('',(-1.302493150694,47.908179953928));
#10015 = CARTESIAN_POINT('',(-1.124425518621,48.32053722281));
#10016 = CARTESIAN_POINT('',(-0.849157873792,48.897372736107));
#10017 = ( GEOMETRIC_REPRESENTATION_CONTEXT(2) 
PARAMETRIC_REPRESENTATION_CONTEXT() REPRESENTATION_CONTEXT('2D SPACE',''
  ) );
#10018 = PCURVE('',#5533,#10019);
#10019 = DEFINITIONAL_REPRESENTATION('',(#10020),#10024);
#10020 = LINE('',#10021,#10022);
#10021 = CARTESIAN_POINT('',(0.,-22.4));
#10022 = VECTOR('',#10023,1.);
#10023 = DIRECTION('',(1.,0.));
#10024 = ( GEOMETRIC_REPRESENTATION_CONTEXT(2) 
PARAMETRIC_REPRESENTATION_CONTEXT() REPRESENTATION_CONTEXT('2D SPACE',''
  ) );
#10025 = FACE_BOUND('',#10026,.T.);
#10026 = EDGE_LOOP('',(#10027,#10028,#10029,#10146,#10169,#10191));
#10027 = ORIENTED_EDGE('',*,*,#152,.T.);
#10028 = ORIENTED_EDGE('',*,*,#629,.F.);
#10029 = ORIENTED_EDGE('',*,*,#10030,.F.);
#10030 = EDGE_CURVE('',#10031,#506,#10033,.T.);
#10031 = VERTEX_POINT('',#10032);
#10032 = CARTESIAN_POINT('',(42.082676136201,23.315921341419,22.4));
#10033 = SURFACE_CURVE('',#10034,(#10085,#10139),.PCURVE_S1.);
#10034 = B_SPLINE_CURVE_WITH_KNOTS('',3,(#10035,#10036,#10037,#10038,
    #10039,#10040,#10041,#10042,#10043,#10044,#10045,#10046,#10047,
    #10048,#10049,#10050,#10051,#10052,#10053,#10054,#10055,#10056,
    #10057,#10058,#10059,#10060,#10061,#10062,#10063,#10064,#10065,
    #10066,#10067,#10068,#10069,#10070,#10071,#10072,#10073,#10074,
    #10075,#10076,#10077,#10078,#10079,#10080,#10081,#10082,#10083,
    #10084),.UNSPECIFIED.,.F.,.F.,(4,1,1,1,1,1,1,1,1,1,1,1,1,1,1,1,1,1,1
    ,1,1,1,1,1,1,1,1,1,1,1,1,1,1,1,1,1,1,1,1,1,1,1,1,1,1,1,1,4),(0.,
    1.310275187177,2.575554712222,3.800853833955,4.902089094641,
    6.06831455688,7.21183434275,8.337173980858,9.363078484396,
    10.46331856218,11.554153671202,12.637112639117,13.630528059043,
    14.700223728197,15.762924250692,16.817962772309,17.784172052652,
    18.821404601302,19.84721146813,20.859830292326,21.78133906864,
    22.763820637486,23.728524475563,24.674422276675,25.530408882817,
    26.439181751574,27.329575345756,28.203542707491,28.998544434436,
    29.851442200626,30.702034885941,31.558695680793,32.363786840272,
    33.262555459008,34.202118316714,35.196909054575,36.177314147534,
    37.320972597039,38.563122142845,39.916198777823,41.276469790388,
    42.885560125174,44.651495886816,46.590899109622,48.549892956214,
    50.871342573664,53.417826896227,55.987800380247),.UNSPECIFIED.);
#10035 = CARTESIAN_POINT('',(42.082676136201,23.315921341419,22.4));
#10036 = CARTESIAN_POINT('',(41.649948034513,23.297376337878,22.4));
#10037 = CARTESIAN_POINT('',(40.787445354505,23.242131416327,22.4));
#10038 = CARTESIAN_POINT('',(39.521601030366,23.266965715716,22.4));
#10039 = CARTESIAN_POINT('',(38.326317984623,23.350960870606,22.4));
#10040 = CARTESIAN_POINT('',(37.17089698156,23.497688615251,22.4));
#10041 = CARTESIAN_POINT('',(36.051338089334,23.699144996789,22.4));
#10042 = CARTESIAN_POINT('',(34.935819086423,23.95943150911,22.4));
#10043 = CARTESIAN_POINT('',(33.878783819283,24.258831881864,22.4));
#10044 = CARTESIAN_POINT('',(32.848486336614,24.595980465613,22.4));
#10045 = CARTESIAN_POINT('',(31.84153670515,24.965283498813,22.4));
#10046 = CARTESIAN_POINT('',(30.828858746943,25.372489110861,22.4));
#10047 = CARTESIAN_POINT('',(29.859280796101,25.790424118563,22.4));
#10048 = CARTESIAN_POINT('',(28.903720290067,26.222541321982,22.4));
#10049 = CARTESIAN_POINT('',(27.959614572996,26.663370675188,22.4));
#10050 = CARTESIAN_POINT('',(26.999786929554,27.118992633305,22.4));
#10051 = CARTESIAN_POINT('',(26.071242549075,27.560078007531,22.4));
#10052 = CARTESIAN_POINT('',(25.147683190047,27.991850706763,22.4));
#10053 = CARTESIAN_POINT('',(24.228783771352,28.410486907899,22.4));
#10054 = CARTESIAN_POINT('',(23.285984487568,28.813808621591,22.4));
#10055 = CARTESIAN_POINT('',(22.363281017109,29.163804855853,22.4));
#10056 = CARTESIAN_POINT('',(21.44584834181,29.48583588509,22.4));
#10057 = CARTESIAN_POINT('',(20.532326917107,29.769377975409,22.4));
#10058 = CARTESIAN_POINT('',(19.599421648763,30.015037084398,22.4));
#10059 = CARTESIAN_POINT('',(18.696320629617,30.204072830303,22.4));
#10060 = CARTESIAN_POINT('',(17.802421946079,30.3390564245,22.4));
#10061 = CARTESIAN_POINT('',(16.919934305036,30.415444567079,22.4));
#10062 = CARTESIAN_POINT('',(16.028040806798,30.426002112416,22.4));
#10063 = CARTESIAN_POINT('',(15.175978459901,30.365065037231,22.4));
#10064 = CARTESIAN_POINT('',(14.345033419939,30.231007591555,22.4));
#10065 = CARTESIAN_POINT('',(13.537895913829,30.019624554552,22.4));
#10066 = CARTESIAN_POINT('',(12.738888600672,29.714882354118,22.4));
#10067 = CARTESIAN_POINT('',(11.994190246907,29.327483672617,22.4));
#10068 = CARTESIAN_POINT('',(11.286205201239,28.847655468573,22.4));
#10069 = CARTESIAN_POINT('',(10.618926839904,28.268614467873,22.4));
#10070 = CARTESIAN_POINT('',(9.9869280128,27.563751450636,22.4));
#10071 = CARTESIAN_POINT('',(9.430067598263,26.764297577718,22.4));
#10072 = CARTESIAN_POINT('',(8.940521036684,25.84562464939,22.4));
#10073 = CARTESIAN_POINT('',(8.508629767079,24.805861204768,22.4));
#10074 = CARTESIAN_POINT('',(8.230462731297,23.586286175042,22.4));
#10075 = CARTESIAN_POINT('',(8.068780237565,22.276283511798,22.4));
#10076 = CARTESIAN_POINT('',(8.024311943854,20.834132300413,22.4));
#10077 = CARTESIAN_POINT('',(8.111765656944,19.256738995285,22.4));
#10078 = CARTESIAN_POINT('',(8.358371995902,17.498037038584,22.4));
#10079 = CARTESIAN_POINT('',(8.759150546513,15.662170273723,22.4));
#10080 = CARTESIAN_POINT('',(9.363302730177,13.630865807253,22.4));
#10081 = CARTESIAN_POINT('',(10.055210582024,11.677724964823,22.4));
#10082 = CARTESIAN_POINT('',(11.437090958727,8.622582546904,22.4));
#10083 = CARTESIAN_POINT('',(11.233410542153,9.100594078569,22.4));
#10084 = CARTESIAN_POINT('',(12.309966714107,6.979541236493,22.4));
#10085 = PCURVE('',#169,#10086);
#10086 = DEFINITIONAL_REPRESENTATION('',(#10087),#10138);
#10087 = B_SPLINE_CURVE_WITH_KNOTS('',3,(#10088,#10089,#10090,#10091,
    #10092,#10093,#10094,#10095,#10096,#10097,#10098,#10099,#10100,
    #10101,#10102,#10103,#10104,#10105,#10106,#10107,#10108,#10109,
    #10110,#10111,#10112,#10113,#10114,#10115,#10116,#10117,#10118,
    #10119,#10120,#10121,#10122,#10123,#10124,#10125,#10126,#10127,
    #10128,#10129,#10130,#10131,#10132,#10133,#10134,#10135,#10136,
    #10137),.UNSPECIFIED.,.F.,.F.,(4,1,1,1,1,1,1,1,1,1,1,1,1,1,1,1,1,1,1
    ,1,1,1,1,1,1,1,1,1,1,1,1,1,1,1,1,1,1,1,1,1,1,1,1,1,1,1,1,4),(0.,
    1.310275187177,2.575554712222,3.800853833955,4.902089094641,
    6.06831455688,7.21183434275,8.337173980858,9.363078484396,
    10.46331856218,11.554153671202,12.637112639117,13.630528059043,
    14.700223728197,15.762924250692,16.817962772309,17.784172052652,
    18.821404601302,19.84721146813,20.859830292326,21.78133906864,
    22.763820637486,23.728524475563,24.674422276675,25.530408882817,
    26.439181751574,27.329575345756,28.203542707491,28.998544434436,
    29.851442200626,30.702034885941,31.558695680793,32.363786840272,
    33.262555459008,34.202118316714,35.196909054575,36.177314147534,
    37.320972597039,38.563122142845,39.916198777823,41.276469790388,
    42.885560125174,44.651495886816,46.590899109622,48.549892956214,
    50.871342573664,53.417826896227,55.987800380247),.UNSPECIFIED.);
#10088 = CARTESIAN_POINT('',(42.082676136201,23.315921341419));
#10089 = CARTESIAN_POINT('',(41.649948034513,23.297376337878));
#10090 = CARTESIAN_POINT('',(40.787445354505,23.242131416327));
#10091 = CARTESIAN_POINT('',(39.521601030366,23.266965715716));
#10092 = CARTESIAN_POINT('',(38.326317984623,23.350960870606));
#10093 = CARTESIAN_POINT('',(37.17089698156,23.497688615251));
#10094 = CARTESIAN_POINT('',(36.051338089334,23.699144996789));
#10095 = CARTESIAN_POINT('',(34.935819086423,23.95943150911));
#10096 = CARTESIAN_POINT('',(33.878783819283,24.258831881864));
#10097 = CARTESIAN_POINT('',(32.848486336614,24.595980465613));
#10098 = CARTESIAN_POINT('',(31.84153670515,24.965283498813));
#10099 = CARTESIAN_POINT('',(30.828858746943,25.372489110861));
#10100 = CARTESIAN_POINT('',(29.859280796101,25.790424118563));
#10101 = CARTESIAN_POINT('',(28.903720290067,26.222541321982));
#10102 = CARTESIAN_POINT('',(27.959614572996,26.663370675188));
#10103 = CARTESIAN_POINT('',(26.999786929554,27.118992633305));
#10104 = CARTESIAN_POINT('',(26.071242549075,27.560078007531));
#10105 = CARTESIAN_POINT('',(25.147683190047,27.991850706763));
#10106 = CARTESIAN_POINT('',(24.228783771352,28.410486907899));
#10107 = CARTESIAN_POINT('',(23.285984487568,28.813808621591));
#10108 = CARTESIAN_POINT('',(22.363281017109,29.163804855853));
#10109 = CARTESIAN_POINT('',(21.44584834181,29.48583588509));
#10110 = CARTESIAN_POINT('',(20.532326917107,29.769377975409));
#10111 = CARTESIAN_POINT('',(19.599421648763,30.015037084398));
#10112 = CARTESIAN_POINT('',(18.696320629617,30.204072830303));
#10113 = CARTESIAN_POINT('',(17.802421946079,30.3390564245));
#10114 = CARTESIAN_POINT('',(16.919934305036,30.415444567079));
#10115 = CARTESIAN_POINT('',(16.028040806798,30.426002112416));
#10116 = CARTESIAN_POINT('',(15.175978459901,30.365065037231));
#10117 = CARTESIAN_POINT('',(14.345033419939,30.231007591555));
#10118 = CARTESIAN_POINT('',(13.537895913829,30.019624554552));
#10119 = CARTESIAN_POINT('',(12.738888600672,29.714882354118));
#10120 = CARTESIAN_POINT('',(11.994190246907,29.327483672617));
#10121 = CARTESIAN_POINT('',(11.286205201239,28.847655468573));
#10122 = CARTESIAN_POINT('',(10.618926839904,28.268614467873));
#10123 = CARTESIAN_POINT('',(9.9869280128,27.563751450636));
#10124 = CARTESIAN_POINT('',(9.430067598263,26.764297577718));
#10125 = CARTESIAN_POINT('',(8.940521036684,25.84562464939));
#10126 = CARTESIAN_POINT('',(8.508629767079,24.805861204768));
#10127 = CARTESIAN_POINT('',(8.230462731297,23.586286175042));
#10128 = CARTESIAN_POINT('',(8.068780237565,22.276283511798));
#10129 = CARTESIAN_POINT('',(8.024311943854,20.834132300413));
#10130 = CARTESIAN_POINT('',(8.111765656944,19.256738995285));
#10131 = CARTESIAN_POINT('',(8.358371995902,17.498037038584));
#10132 = CARTESIAN_POINT('',(8.759150546513,15.662170273723));
#10133 = CARTESIAN_POINT('',(9.363302730177,13.630865807253));
#10134 = CARTESIAN_POINT('',(10.055210582024,11.677724964823));
#10135 = CARTESIAN_POINT('',(11.437090958727,8.622582546904));
#10136 = CARTESIAN_POINT('',(11.233410542153,9.100594078569));
#10137 = CARTESIAN_POINT('',(12.309966714107,6.979541236493));
#10138 = ( GEOMETRIC_REPRESENTATION_CONTEXT(2) 
PARAMETRIC_REPRESENTATION_CONTEXT() REPRESENTATION_CONTEXT('2D SPACE',''
  ) );
#10139 = PCURVE('',#521,#10140);
#10140 = DEFINITIONAL_REPRESENTATION('',(#10141),#10145);
#10141 = LINE('',#10142,#10143);
#10142 = CARTESIAN_POINT('',(0.,-22.4));
#10143 = VECTOR('',#10144,1.);
#10144 = DIRECTION('',(1.,0.));
#10145 = ( GEOMETRIC_REPRESENTATION_CONTEXT(2) 
PARAMETRIC_REPRESENTATION_CONTEXT() REPRESENTATION_CONTEXT('2D SPACE',''
  ) );
#10146 = ORIENTED_EDGE('',*,*,#10147,.F.);
#10147 = EDGE_CURVE('',#10148,#10031,#10150,.T.);
#10148 = VERTEX_POINT('',#10149);
#10149 = CARTESIAN_POINT('',(42.513671785928,23.341758958535,22.4));
#10150 = SURFACE_CURVE('',#10151,(#10155,#10162),.PCURVE_S1.);
#10151 = LINE('',#10152,#10153);
#10152 = CARTESIAN_POINT('',(44.497998878939,23.460716733848,22.4));
#10153 = VECTOR('',#10154,1.);
#10154 = DIRECTION('',(-0.998207907256,-5.984123906075E-02,0.));
#10155 = PCURVE('',#169,#10156);
#10156 = DEFINITIONAL_REPRESENTATION('',(#10157),#10161);
#10157 = LINE('',#10158,#10159);
#10158 = CARTESIAN_POINT('',(44.497998878939,23.460716733848));
#10159 = VECTOR('',#10160,1.);
#10160 = DIRECTION('',(-0.998207907256,-5.984123906075E-02));
#10161 = ( GEOMETRIC_REPRESENTATION_CONTEXT(2) 
PARAMETRIC_REPRESENTATION_CONTEXT() REPRESENTATION_CONTEXT('2D SPACE',''
  ) );
#10162 = PCURVE('',#5778,#10163);
#10163 = DEFINITIONAL_REPRESENTATION('',(#10164),#10168);
#10164 = LINE('',#10165,#10166);
#10165 = CARTESIAN_POINT('',(-1.987889575495,-22.4));
#10166 = VECTOR('',#10167,1.);
#10167 = DIRECTION('',(1.,0.));
#10168 = ( GEOMETRIC_REPRESENTATION_CONTEXT(2) 
PARAMETRIC_REPRESENTATION_CONTEXT() REPRESENTATION_CONTEXT('2D SPACE',''
  ) );
#10169 = ORIENTED_EDGE('',*,*,#10170,.F.);
#10170 = EDGE_CURVE('',#241,#10148,#10171,.T.);
#10171 = SURFACE_CURVE('',#10172,(#10177,#10184),.PCURVE_S1.);
#10172 = CIRCLE('',#10173,48.5);
#10173 = AXIS2_PLACEMENT_3D('',#10174,#10175,#10176);
#10174 = CARTESIAN_POINT('',(0.,0.,22.4));
#10175 = DIRECTION('',(0.,0.,1.));
#10176 = DIRECTION('',(1.,0.,-0.));
#10177 = PCURVE('',#169,#10178);
#10178 = DEFINITIONAL_REPRESENTATION('',(#10179),#10183);
#10179 = CIRCLE('',#10180,48.5);
#10180 = AXIS2_PLACEMENT_2D('',#10181,#10182);
#10181 = CARTESIAN_POINT('',(0.,-1.204325410458E-15));
#10182 = DIRECTION('',(1.,0.));
#10183 = ( GEOMETRIC_REPRESENTATION_CONTEXT(2) 
PARAMETRIC_REPRESENTATION_CONTEXT() REPRESENTATION_CONTEXT('2D SPACE',''
  ) );
#10184 = PCURVE('',#373,#10185);
#10185 = DEFINITIONAL_REPRESENTATION('',(#10186),#10190);
#10186 = LINE('',#10187,#10188);
#10187 = CARTESIAN_POINT('',(-0.,-22.4));
#10188 = VECTOR('',#10189,1.);
#10189 = DIRECTION('',(-1.,0.));
#10190 = ( GEOMETRIC_REPRESENTATION_CONTEXT(2) 
PARAMETRIC_REPRESENTATION_CONTEXT() REPRESENTATION_CONTEXT('2D SPACE',''
  ) );
#10191 = ORIENTED_EDGE('',*,*,#240,.F.);
#10192 = FACE_BOUND('',#10193,.T.);
#10193 = EDGE_LOOP('',(#10194,#10220,#10243,#10360,#10383,#10407));
#10194 = ORIENTED_EDGE('',*,*,#10195,.T.);
#10195 = EDGE_CURVE('',#10196,#10198,#10200,.T.);
#10196 = VERTEX_POINT('',#10197);
#10197 = CARTESIAN_POINT('',(2.196328806542,12.508642603159,22.4));
#10198 = VERTEX_POINT('',#10199);
#10199 = CARTESIAN_POINT('',(0.11052333949,12.699519069297,22.4));
#10200 = SURFACE_CURVE('',#10201,(#10206,#10213),.PCURVE_S1.);
#10201 = CIRCLE('',#10202,12.7);
#10202 = AXIS2_PLACEMENT_3D('',#10203,#10204,#10205);
#10203 = CARTESIAN_POINT('',(0.,0.,22.4));
#10204 = DIRECTION('',(0.,0.,1.));
#10205 = DIRECTION('',(1.,0.,-0.));
#10206 = PCURVE('',#169,#10207);
#10207 = DEFINITIONAL_REPRESENTATION('',(#10208),#10212);
#10208 = CIRCLE('',#10209,12.7);
#10209 = AXIS2_PLACEMENT_2D('',#10210,#10211);
#10210 = CARTESIAN_POINT('',(0.,-1.204325410458E-15));
#10211 = DIRECTION('',(1.,0.));
#10212 = ( GEOMETRIC_REPRESENTATION_CONTEXT(2) 
PARAMETRIC_REPRESENTATION_CONTEXT() REPRESENTATION_CONTEXT('2D SPACE',''
  ) );
#10213 = PCURVE('',#5834,#10214);
#10214 = DEFINITIONAL_REPRESENTATION('',(#10215),#10219);
#10215 = LINE('',#10216,#10217);
#10216 = CARTESIAN_POINT('',(-0.,-22.4));
#10217 = VECTOR('',#10218,1.);
#10218 = DIRECTION('',(-1.,0.));
#10219 = ( GEOMETRIC_REPRESENTATION_CONTEXT(2) 
PARAMETRIC_REPRESENTATION_CONTEXT() REPRESENTATION_CONTEXT('2D SPACE',''
  ) );
#10220 = ORIENTED_EDGE('',*,*,#10221,.F.);
#10221 = EDGE_CURVE('',#10222,#10198,#10224,.T.);
#10222 = VERTEX_POINT('',#10223);
#10223 = CARTESIAN_POINT('',(0.11052333949,14.150514512404,22.4));
#10224 = SURFACE_CURVE('',#10225,(#10229,#10236),.PCURVE_S1.);
#10225 = LINE('',#10226,#10227);
#10226 = CARTESIAN_POINT('',(0.11052333949,14.150514512404,22.4));
#10227 = VECTOR('',#10228,1.);
#10228 = DIRECTION('',(-1.110223024625E-16,-1.,0.));
#10229 = PCURVE('',#169,#10230);
#10230 = DEFINITIONAL_REPRESENTATION('',(#10231),#10235);
#10231 = LINE('',#10232,#10233);
#10232 = CARTESIAN_POINT('',(0.11052333949,14.150514512404));
#10233 = VECTOR('',#10234,1.);
#10234 = DIRECTION('',(-1.110223024625E-16,-1.));
#10235 = ( GEOMETRIC_REPRESENTATION_CONTEXT(2) 
PARAMETRIC_REPRESENTATION_CONTEXT() REPRESENTATION_CONTEXT('2D SPACE',''
  ) );
#10236 = PCURVE('',#5862,#10237);
#10237 = DEFINITIONAL_REPRESENTATION('',(#10238),#10242);
#10238 = LINE('',#10239,#10240);
#10239 = CARTESIAN_POINT('',(0.,-22.4));
#10240 = VECTOR('',#10241,1.);
#10241 = DIRECTION('',(1.,0.));
#10242 = ( GEOMETRIC_REPRESENTATION_CONTEXT(2) 
PARAMETRIC_REPRESENTATION_CONTEXT() REPRESENTATION_CONTEXT('2D SPACE',''
  ) );
#10243 = ORIENTED_EDGE('',*,*,#10244,.F.);
#10244 = EDGE_CURVE('',#10245,#10222,#10247,.T.);
#10245 = VERTEX_POINT('',#10246);
#10246 = CARTESIAN_POINT('',(0.849157873792,48.102627263893,22.4));
#10247 = SURFACE_CURVE('',#10248,(#10299,#10353),.PCURVE_S1.);
#10248 = B_SPLINE_CURVE_WITH_KNOTS('',3,(#10249,#10250,#10251,#10252,
    #10253,#10254,#10255,#10256,#10257,#10258,#10259,#10260,#10261,
    #10262,#10263,#10264,#10265,#10266,#10267,#10268,#10269,#10270,
    #10271,#10272,#10273,#10274,#10275,#10276,#10277,#10278,#10279,
    #10280,#10281,#10282,#10283,#10284,#10285,#10286,#10287,#10288,
    #10289,#10290,#10291,#10292,#10293,#10294,#10295,#10296,#10297,
    #10298),.UNSPECIFIED.,.F.,.F.,(4,1,1,1,1,1,1,1,1,1,1,1,1,1,1,1,1,1,1
    ,1,1,1,1,1,1,1,1,1,1,1,1,1,1,1,1,1,1,1,1,1,1,1,1,1,1,1,1,4),(0.,
    1.310275187177,2.575554712222,3.800853833955,4.902089094641,
    6.06831455688,7.21183434275,8.337173980858,9.363078484396,
    10.46331856218,11.554153671202,12.637112639117,13.630528059043,
    14.700223728197,15.762924250692,16.817962772309,17.784172052652,
    18.821404601302,19.84721146813,20.859830292326,21.78133906864,
    22.763820637486,23.728524475563,24.674422276675,25.530408882817,
    26.439181751574,27.329575345756,28.203542707491,28.998544434436,
    29.851442200626,30.702034885941,31.558695680793,32.363786840272,
    33.262555459008,34.202118316714,35.196909054575,36.177314147534,
    37.320972597039,38.563122142845,39.916198777823,41.276469790388,
    42.885560125174,44.651495886816,46.590899109622,48.549892956214,
    50.871342573664,53.417826896227,55.987800380247),.UNSPECIFIED.);
#10249 = CARTESIAN_POINT('',(0.849157873792,48.102627263893,22.4));
#10250 = CARTESIAN_POINT('',(0.648854267128,47.718601233129,22.4));
#10251 = CARTESIAN_POINT('',(0.265446432616,46.944029540635,22.4));
#10252 = CARTESIAN_POINT('',(-0.388982863609,45.860193348388,22.4));
#10253 = CARTESIAN_POINT('',(-1.059366324409,44.867045443507,22.4));
#10254 = CARTESIAN_POINT('',(-1.764146780244,43.93978537511,22.4));
#10255 = CARTESIAN_POINT('',(-2.498392570523,43.070947124179,22.4));
#10256 = CARTESIAN_POINT('',(-3.281566803911,42.235022585415,22.4));
#10257 = CARTESIAN_POINT('',(-4.069372766189,41.469303377752,22.4));
#10258 = CARTESIAN_POINT('',(-4.8765007459,40.74561387618,22.4));
#10259 = CARTESIAN_POINT('',(-5.699801370078,40.058221431601,22.4));
#10260 = CARTESIAN_POINT('',(-6.558790753779,39.384819399965,22.4));
#10261 = CARTESIAN_POINT('',(-7.405522063,38.754107767438,22.4));
#10262 = CARTESIAN_POINT('',(-8.25752679159,38.142626696068,22.4));
#10263 = CARTESIAN_POINT('',(-9.111349068736,37.545421837831,22.4));
#10264 = CARTESIAN_POINT('',(-9.985843080708,36.941997694413,22.4));
#10265 = CARTESIAN_POINT('',(-10.83210641026,36.35839735949,22.4));
#10266 = CARTESIAN_POINT('',(-11.66781221597,35.774457842286,22.4));
#10267 = CARTESIAN_POINT('',(-12.48981151045,35.187985702741,22.4));
#10268 = CARTESIAN_POINT('',(-13.31049800229,34.573158429159,22.4));
#10269 = CARTESIAN_POINT('',(-14.07495536762,33.949071900713,22.4));
#10270 = CARTESIAN_POINT('',(-14.8125587574,33.315567412261,22.4));
#10271 = CARTESIAN_POINT('',(-15.51487412301,32.666205696726,22.4));
#10272 = CARTESIAN_POINT('',(-16.19407378623,31.981115589511,22.4));
#10273 = CARTESIAN_POINT('',(-16.80933405399,31.293525037699,22.4));
#10274 = CARTESIAN_POINT('',(-17.37318261742,30.586877866444,22.4));
#10275 = CARTESIAN_POINT('',(-17.88058050997,29.860815222065,22.4));
#10276 = CARTESIAN_POINT('',(-18.33567036155,29.093691567789,22.4));
#10277 = CARTESIAN_POINT('',(-18.70892847985,28.325315392176,22.4));
#10278 = CARTESIAN_POINT('',(-19.00830384631,27.538667155581,22.4));
#10279 = CARTESIAN_POINT('',(-19.22880951939,26.733974052441,22.4));
#10280 = CARTESIAN_POINT('',(-19.36439868879,25.88964232122,22.4));
#10281 = CARTESIAN_POINT('',(-19.4012507661,25.051015287954,22.4));
#10282 = CARTESIAN_POINT('',(-19.33969987478,24.197968150883,22.4));
#10283 = CARTESIAN_POINT('',(-19.17187483901,23.330567638221,22.4));
#10284 = CARTESIAN_POINT('',(-18.87744497345,22.430809090169,22.4));
#10285 = CARTESIAN_POINT('',(-18.46352781761,21.548826888359,22.4));
#10286 = CARTESIAN_POINT('',(-17.9127070047,20.665530665532,22.4));
#10287 = CARTESIAN_POINT('',(-17.22819108254,19.771620132071,22.4));
#10288 = CARTESIAN_POINT('',(-16.31109164286,18.920932897725,22.4));
#10289 = CARTESIAN_POINT('',(-15.25743730433,18.125910419184,22.4));
#10290 = CARTESIAN_POINT('',(-14.03073186603,17.366324141475,22.4));
#10291 = CARTESIAN_POINT('',(-12.62094233549,16.653364626102,22.4));
#10292 = CARTESIAN_POINT('',(-10.97455859382,15.987581002024,22.4));
#10293 = CARTESIAN_POINT('',(-9.184262062185,15.416732025714,22.4));
#10294 = CARTESIAN_POINT('',(-7.123024699569,14.924290931284,22.4));
#10295 = CARTESIAN_POINT('',(-5.085601186932,14.546930286847,22.4));
#10296 = CARTESIAN_POINT('',(-1.748830052484,14.216102589103,22.4));
#10297 = CARTESIAN_POINT('',(-2.264640390495,14.278715939929,22.4));
#10298 = CARTESIAN_POINT('',(0.11052333949,14.150514512404,22.4));
#10299 = PCURVE('',#169,#10300);
#10300 = DEFINITIONAL_REPRESENTATION('',(#10301),#10352);
#10301 = B_SPLINE_CURVE_WITH_KNOTS('',3,(#10302,#10303,#10304,#10305,
    #10306,#10307,#10308,#10309,#10310,#10311,#10312,#10313,#10314,
    #10315,#10316,#10317,#10318,#10319,#10320,#10321,#10322,#10323,
    #10324,#10325,#10326,#10327,#10328,#10329,#10330,#10331,#10332,
    #10333,#10334,#10335,#10336,#10337,#10338,#10339,#10340,#10341,
    #10342,#10343,#10344,#10345,#10346,#10347,#10348,#10349,#10350,
    #10351),.UNSPECIFIED.,.F.,.F.,(4,1,1,1,1,1,1,1,1,1,1,1,1,1,1,1,1,1,1
    ,1,1,1,1,1,1,1,1,1,1,1,1,1,1,1,1,1,1,1,1,1,1,1,1,1,1,1,1,4),(0.,
    1.310275187177,2.575554712222,3.800853833955,4.902089094641,
    6.06831455688,7.21183434275,8.337173980858,9.363078484396,
    10.46331856218,11.554153671202,12.637112639117,13.630528059043,
    14.700223728197,15.762924250692,16.817962772309,17.784172052652,
    18.821404601302,19.84721146813,20.859830292326,21.78133906864,
    22.763820637486,23.728524475563,24.674422276675,25.530408882817,
    26.439181751574,27.329575345756,28.203542707491,28.998544434436,
    29.851442200626,30.702034885941,31.558695680793,32.363786840272,
    33.262555459008,34.202118316714,35.196909054575,36.177314147534,
    37.320972597039,38.563122142845,39.916198777823,41.276469790388,
    42.885560125174,44.651495886816,46.590899109622,48.549892956214,
    50.871342573664,53.417826896227,55.987800380247),.UNSPECIFIED.);
#10302 = CARTESIAN_POINT('',(0.849157873792,48.102627263893));
#10303 = CARTESIAN_POINT('',(0.648854267128,47.718601233129));
#10304 = CARTESIAN_POINT('',(0.265446432616,46.944029540635));
#10305 = CARTESIAN_POINT('',(-0.388982863609,45.860193348388));
#10306 = CARTESIAN_POINT('',(-1.059366324409,44.867045443507));
#10307 = CARTESIAN_POINT('',(-1.764146780244,43.93978537511));
#10308 = CARTESIAN_POINT('',(-2.498392570523,43.070947124179));
#10309 = CARTESIAN_POINT('',(-3.281566803911,42.235022585415));
#10310 = CARTESIAN_POINT('',(-4.069372766189,41.469303377752));
#10311 = CARTESIAN_POINT('',(-4.8765007459,40.74561387618));
#10312 = CARTESIAN_POINT('',(-5.699801370078,40.058221431601));
#10313 = CARTESIAN_POINT('',(-6.558790753779,39.384819399965));
#10314 = CARTESIAN_POINT('',(-7.405522063,38.754107767438));
#10315 = CARTESIAN_POINT('',(-8.25752679159,38.142626696068));
#10316 = CARTESIAN_POINT('',(-9.111349068736,37.545421837831));
#10317 = CARTESIAN_POINT('',(-9.985843080708,36.941997694413));
#10318 = CARTESIAN_POINT('',(-10.83210641026,36.35839735949));
#10319 = CARTESIAN_POINT('',(-11.66781221597,35.774457842286));
#10320 = CARTESIAN_POINT('',(-12.48981151045,35.187985702741));
#10321 = CARTESIAN_POINT('',(-13.31049800229,34.573158429159));
#10322 = CARTESIAN_POINT('',(-14.07495536762,33.949071900713));
#10323 = CARTESIAN_POINT('',(-14.8125587574,33.315567412261));
#10324 = CARTESIAN_POINT('',(-15.51487412301,32.666205696726));
#10325 = CARTESIAN_POINT('',(-16.19407378623,31.981115589511));
#10326 = CARTESIAN_POINT('',(-16.80933405399,31.293525037699));
#10327 = CARTESIAN_POINT('',(-17.37318261742,30.586877866444));
#10328 = CARTESIAN_POINT('',(-17.88058050997,29.860815222065));
#10329 = CARTESIAN_POINT('',(-18.33567036155,29.093691567789));
#10330 = CARTESIAN_POINT('',(-18.70892847985,28.325315392176));
#10331 = CARTESIAN_POINT('',(-19.00830384631,27.538667155581));
#10332 = CARTESIAN_POINT('',(-19.22880951939,26.733974052441));
#10333 = CARTESIAN_POINT('',(-19.36439868879,25.88964232122));
#10334 = CARTESIAN_POINT('',(-19.4012507661,25.051015287954));
#10335 = CARTESIAN_POINT('',(-19.33969987478,24.197968150883));
#10336 = CARTESIAN_POINT('',(-19.17187483901,23.330567638221));
#10337 = CARTESIAN_POINT('',(-18.87744497345,22.430809090169));
#10338 = CARTESIAN_POINT('',(-18.46352781761,21.548826888359));
#10339 = CARTESIAN_POINT('',(-17.9127070047,20.665530665532));
#10340 = CARTESIAN_POINT('',(-17.22819108254,19.771620132071));
#10341 = CARTESIAN_POINT('',(-16.31109164286,18.920932897725));
#10342 = CARTESIAN_POINT('',(-15.25743730433,18.125910419184));
#10343 = CARTESIAN_POINT('',(-14.03073186603,17.366324141475));
#10344 = CARTESIAN_POINT('',(-12.62094233549,16.653364626102));
#10345 = CARTESIAN_POINT('',(-10.97455859382,15.987581002024));
#10346 = CARTESIAN_POINT('',(-9.184262062185,15.416732025714));
#10347 = CARTESIAN_POINT('',(-7.123024699569,14.924290931284));
#10348 = CARTESIAN_POINT('',(-5.085601186932,14.546930286847));
#10349 = CARTESIAN_POINT('',(-1.748830052484,14.216102589103));
#10350 = CARTESIAN_POINT('',(-2.264640390495,14.278715939929));
#10351 = CARTESIAN_POINT('',(0.11052333949,14.150514512404));
#10352 = ( GEOMETRIC_REPRESENTATION_CONTEXT(2) 
PARAMETRIC_REPRESENTATION_CONTEXT() REPRESENTATION_CONTEXT('2D SPACE',''
  ) );
#10353 = PCURVE('',#5984,#10354);
#10354 = DEFINITIONAL_REPRESENTATION('',(#10355),#10359);
#10355 = LINE('',#10356,#10357);
#10356 = CARTESIAN_POINT('',(0.,-22.4));
#10357 = VECTOR('',#10358,1.);
#10358 = DIRECTION('',(1.,0.));
#10359 = ( GEOMETRIC_REPRESENTATION_CONTEXT(2) 
PARAMETRIC_REPRESENTATION_CONTEXT() REPRESENTATION_CONTEXT('2D SPACE',''
  ) );
#10360 = ORIENTED_EDGE('',*,*,#10361,.F.);
#10361 = EDGE_CURVE('',#10362,#10245,#10364,.T.);
#10362 = VERTEX_POINT('',#10363);
#10363 = CARTESIAN_POINT('',(1.04227966586,48.488799254035,22.4));
#10364 = SURFACE_CURVE('',#10365,(#10369,#10376),.PCURVE_S1.);
#10365 = LINE('',#10366,#10367);
#10366 = CARTESIAN_POINT('',(1.931422756966,50.266755813656,22.4));
#10367 = VECTOR('',#10368,1.);
#10368 = DIRECTION('',(-0.447279920407,-0.894394025472,0.));
#10369 = PCURVE('',#169,#10370);
#10370 = DEFINITIONAL_REPRESENTATION('',(#10371),#10375);
#10371 = LINE('',#10372,#10373);
#10372 = CARTESIAN_POINT('',(1.931422756966,50.266755813656));
#10373 = VECTOR('',#10374,1.);
#10374 = DIRECTION('',(-0.447279920407,-0.894394025472));
#10375 = ( GEOMETRIC_REPRESENTATION_CONTEXT(2) 
PARAMETRIC_REPRESENTATION_CONTEXT() REPRESENTATION_CONTEXT('2D SPACE',''
  ) );
#10376 = PCURVE('',#6108,#10377);
#10377 = DEFINITIONAL_REPRESENTATION('',(#10378),#10382);
#10378 = LINE('',#10379,#10380);
#10379 = CARTESIAN_POINT('',(-1.987889575495,-22.4));
#10380 = VECTOR('',#10381,1.);
#10381 = DIRECTION('',(1.,0.));
#10382 = ( GEOMETRIC_REPRESENTATION_CONTEXT(2) 
PARAMETRIC_REPRESENTATION_CONTEXT() REPRESENTATION_CONTEXT('2D SPACE',''
  ) );
#10383 = ORIENTED_EDGE('',*,*,#10384,.F.);
#10384 = EDGE_CURVE('',#10385,#10362,#10387,.T.);
#10385 = VERTEX_POINT('',#10386);
#10386 = CARTESIAN_POINT('',(23.341552037767,42.513785393307,22.4));
#10387 = SURFACE_CURVE('',#10388,(#10393,#10400),.PCURVE_S1.);
#10388 = CIRCLE('',#10389,48.5);
#10389 = AXIS2_PLACEMENT_3D('',#10390,#10391,#10392);
#10390 = CARTESIAN_POINT('',(0.,0.,22.4));
#10391 = DIRECTION('',(0.,0.,1.));
#10392 = DIRECTION('',(1.,0.,-0.));
#10393 = PCURVE('',#169,#10394);
#10394 = DEFINITIONAL_REPRESENTATION('',(#10395),#10399);
#10395 = CIRCLE('',#10396,48.5);
#10396 = AXIS2_PLACEMENT_2D('',#10397,#10398);
#10397 = CARTESIAN_POINT('',(0.,-1.204325410458E-15));
#10398 = DIRECTION('',(1.,0.));
#10399 = ( GEOMETRIC_REPRESENTATION_CONTEXT(2) 
PARAMETRIC_REPRESENTATION_CONTEXT() REPRESENTATION_CONTEXT('2D SPACE',''
  ) );
#10400 = PCURVE('',#6137,#10401);
#10401 = DEFINITIONAL_REPRESENTATION('',(#10402),#10406);
#10402 = LINE('',#10403,#10404);
#10403 = CARTESIAN_POINT('',(-0.,-22.4));
#10404 = VECTOR('',#10405,1.);
#10405 = DIRECTION('',(-1.,0.));
#10406 = ( GEOMETRIC_REPRESENTATION_CONTEXT(2) 
PARAMETRIC_REPRESENTATION_CONTEXT() REPRESENTATION_CONTEXT('2D SPACE',''
  ) );
#10407 = ORIENTED_EDGE('',*,*,#10408,.F.);
#10408 = EDGE_CURVE('',#10196,#10385,#10409,.T.);
#10409 = SURFACE_CURVE('',#10410,(#10461,#10515),.PCURVE_S1.);
#10410 = B_SPLINE_CURVE_WITH_KNOTS('',3,(#10411,#10412,#10413,#10414,
    #10415,#10416,#10417,#10418,#10419,#10420,#10421,#10422,#10423,
    #10424,#10425,#10426,#10427,#10428,#10429,#10430,#10431,#10432,
    #10433,#10434,#10435,#10436,#10437,#10438,#10439,#10440,#10441,
    #10442,#10443,#10444,#10445,#10446,#10447,#10448,#10449,#10450,
    #10451,#10452,#10453,#10454,#10455,#10456,#10457,#10458,#10459,
    #10460),.UNSPECIFIED.,.F.,.F.,(4,1,1,1,1,1,1,1,1,1,1,1,1,1,1,1,1,1,1
    ,1,1,1,1,1,1,1,1,1,1,1,1,1,1,1,1,1,1,1,1,1,1,1,1,1,1,1,1,4),(0.,
    2.712363629581,5.415653884531,7.889901421053,9.986742084351,
    12.07233621524,13.981450928582,15.730829279285,17.217976489194,
    18.70534511222,20.079261809959,21.357514213245,22.46799558875,
    23.608470848383,24.696515979748,25.743900293344,26.683864297553,
    27.681614976107,28.665922847739,29.643534481927,30.544804484636,
    31.523863593595,32.508882471553,33.502052098633,34.427210166566,
    35.439013636309,36.460687542796,37.491630530293,38.450636928084,
    39.49631232414,40.547756860041,41.603484223464,42.58022774738,
    43.639187672476,44.697549950026,45.75413920775,46.727235587527,
    47.778840627491,48.828245019521,49.876764601754,50.845806288818,
    51.899956703366,52.96296178269,54.040387692291,55.053510242706,
    56.178288511941,57.339605375855,58.548465428582),.UNSPECIFIED.);
#10411 = CARTESIAN_POINT('',(5.529026724089,9.797601881507,22.4));
#10412 = CARTESIAN_POINT('',(4.833366350674,10.345539036895,22.4));
#10413 = CARTESIAN_POINT('',(3.370781590338,11.450938713599,22.4));
#10414 = CARTESIAN_POINT('',(1.413761326837,13.19562774261,22.4));
#10415 = CARTESIAN_POINT('',(-0.30496895328,14.911589339011,22.4));
#10416 = CARTESIAN_POINT('',(-1.76719529979,16.581959361084,22.4));
#10417 = CARTESIAN_POINT('',(-2.997759635157,18.199635742592,22.4));
#10418 = CARTESIAN_POINT('',(-4.03637289083,19.810540959506,22.4));
#10419 = CARTESIAN_POINT('',(-4.843694141498,21.326414098636,22.4));
#10420 = CARTESIAN_POINT('',(-5.461718237415,22.776559450227,22.4));
#10421 = CARTESIAN_POINT('',(-5.906550636066,24.15910195699,22.4));
#10422 = CARTESIAN_POINT('',(-6.1917282739,25.510241545874,22.4));
#10423 = CARTESIAN_POINT('',(-6.383282057059,26.75166161241,22.4));
#10424 = CARTESIAN_POINT('',(-6.416304033174,27.930413924727,22.4));
#10425 = CARTESIAN_POINT('',(-6.323080581103,29.042070284318,22.4));
#10426 = CARTESIAN_POINT('',(-6.097008317883,30.11332516981,22.4));
#10427 = CARTESIAN_POINT('',(-5.761512528428,31.08482598349,22.4));
#10428 = CARTESIAN_POINT('',(-5.326392193236,31.981972218178,22.4));
#10429 = CARTESIAN_POINT('',(-4.801705055154,32.805312985843,22.4));
#10430 = CARTESIAN_POINT('',(-4.178088757613,33.572404276955,22.4));
#10431 = CARTESIAN_POINT('',(-3.498364438566,34.244856567187,22.4));
#10432 = CARTESIAN_POINT('',(-2.758956728743,34.84745027141,22.4));
#10433 = CARTESIAN_POINT('',(-1.967088237349,35.383717591732,22.4));
#10434 = CARTESIAN_POINT('',(-1.106869466628,35.867159894472,22.4));
#10435 = CARTESIAN_POINT('',(-0.229493195474,36.277492664926,22.4));
#10436 = CARTESIAN_POINT('',(0.680228233441,36.634410159827,22.4));
#10437 = CARTESIAN_POINT('',(1.6176682006,36.942330128601,22.4));
#10438 = CARTESIAN_POINT('',(2.603489536453,37.21131071782,22.4));
#10439 = CARTESIAN_POINT('',(3.582926913784,37.432619132565,22.4));
#10440 = CARTESIAN_POINT('',(4.577182909576,37.621674482616,22.4));
#10441 = CARTESIAN_POINT('',(5.583957583884,37.777775405562,22.4));
#10442 = CARTESIAN_POINT('',(6.623650097623,37.931129238423,22.4));
#10443 = CARTESIAN_POINT('',(7.642479259242,38.068234915493,22.4));
#10444 = CARTESIAN_POINT('',(8.665423025074,38.192710682208,22.4));
#10445 = CARTESIAN_POINT('',(9.689887470247,38.311731839172,22.4));
#10446 = CARTESIAN_POINT('',(10.740782885586,38.433885635818,22.4));
#10447 = CARTESIAN_POINT('',(11.762482203046,38.559275117344,22.4));
#10448 = CARTESIAN_POINT('',(12.780370865603,38.696746544464,22.4));
#10449 = CARTESIAN_POINT('',(13.793344590823,38.851853946383,22.4));
#10450 = CARTESIAN_POINT('',(14.8269933562,39.03630847773,22.4));
#10451 = CARTESIAN_POINT('',(15.827595853223,39.246839403708,22.4));
#10452 = CARTESIAN_POINT('',(16.821743379406,39.49294899584,22.4));
#10453 = CARTESIAN_POINT('',(17.809784214831,39.780112738875,22.4));
#10454 = CARTESIAN_POINT('',(18.818188550672,40.125342721534,22.4));
#10455 = CARTESIAN_POINT('',(19.792661833242,40.515064981007,22.4));
#10456 = CARTESIAN_POINT('',(20.772760977167,40.969244280757,22.4));
#10457 = CARTESIAN_POINT('',(21.716749815238,41.467069330388,22.4));
#10458 = CARTESIAN_POINT('',(22.826097820208,42.140947464525,22.4));
#10459 = CARTESIAN_POINT('',(23.186487547616,42.409025518776,22.4));
#10460 = CARTESIAN_POINT('',(23.713294077526,42.770945904681,22.4));
#10461 = PCURVE('',#169,#10462);
#10462 = DEFINITIONAL_REPRESENTATION('',(#10463),#10514);
#10463 = B_SPLINE_CURVE_WITH_KNOTS('',3,(#10464,#10465,#10466,#10467,
    #10468,#10469,#10470,#10471,#10472,#10473,#10474,#10475,#10476,
    #10477,#10478,#10479,#10480,#10481,#10482,#10483,#10484,#10485,
    #10486,#10487,#10488,#10489,#10490,#10491,#10492,#10493,#10494,
    #10495,#10496,#10497,#10498,#10499,#10500,#10501,#10502,#10503,
    #10504,#10505,#10506,#10507,#10508,#10509,#10510,#10511,#10512,
    #10513),.UNSPECIFIED.,.F.,.F.,(4,1,1,1,1,1,1,1,1,1,1,1,1,1,1,1,1,1,1
    ,1,1,1,1,1,1,1,1,1,1,1,1,1,1,1,1,1,1,1,1,1,1,1,1,1,1,1,1,4),(0.,
    2.712363629581,5.415653884531,7.889901421053,9.986742084351,
    12.07233621524,13.981450928582,15.730829279285,17.217976489194,
    18.70534511222,20.079261809959,21.357514213245,22.46799558875,
    23.608470848383,24.696515979748,25.743900293344,26.683864297553,
    27.681614976107,28.665922847739,29.643534481927,30.544804484636,
    31.523863593595,32.508882471553,33.502052098633,34.427210166566,
    35.439013636309,36.460687542796,37.491630530293,38.450636928084,
    39.49631232414,40.547756860041,41.603484223464,42.58022774738,
    43.639187672476,44.697549950026,45.75413920775,46.727235587527,
    47.778840627491,48.828245019521,49.876764601754,50.845806288818,
    51.899956703366,52.96296178269,54.040387692291,55.053510242706,
    56.178288511941,57.339605375855,58.548465428582),.UNSPECIFIED.);
#10464 = CARTESIAN_POINT('',(5.529026724089,9.797601881507));
#10465 = CARTESIAN_POINT('',(4.833366350674,10.345539036895));
#10466 = CARTESIAN_POINT('',(3.370781590338,11.450938713599));
#10467 = CARTESIAN_POINT('',(1.413761326837,13.19562774261));
#10468 = CARTESIAN_POINT('',(-0.30496895328,14.911589339011));
#10469 = CARTESIAN_POINT('',(-1.76719529979,16.581959361084));
#10470 = CARTESIAN_POINT('',(-2.997759635157,18.199635742592));
#10471 = CARTESIAN_POINT('',(-4.03637289083,19.810540959506));
#10472 = CARTESIAN_POINT('',(-4.843694141498,21.326414098636));
#10473 = CARTESIAN_POINT('',(-5.461718237415,22.776559450227));
#10474 = CARTESIAN_POINT('',(-5.906550636066,24.15910195699));
#10475 = CARTESIAN_POINT('',(-6.1917282739,25.510241545874));
#10476 = CARTESIAN_POINT('',(-6.383282057059,26.75166161241));
#10477 = CARTESIAN_POINT('',(-6.416304033174,27.930413924727));
#10478 = CARTESIAN_POINT('',(-6.323080581103,29.042070284318));
#10479 = CARTESIAN_POINT('',(-6.097008317883,30.11332516981));
#10480 = CARTESIAN_POINT('',(-5.761512528428,31.08482598349));
#10481 = CARTESIAN_POINT('',(-5.326392193236,31.981972218178));
#10482 = CARTESIAN_POINT('',(-4.801705055154,32.805312985843));
#10483 = CARTESIAN_POINT('',(-4.178088757613,33.572404276955));
#10484 = CARTESIAN_POINT('',(-3.498364438566,34.244856567187));
#10485 = CARTESIAN_POINT('',(-2.758956728743,34.84745027141));
#10486 = CARTESIAN_POINT('',(-1.967088237349,35.383717591732));
#10487 = CARTESIAN_POINT('',(-1.106869466628,35.867159894472));
#10488 = CARTESIAN_POINT('',(-0.229493195474,36.277492664926));
#10489 = CARTESIAN_POINT('',(0.680228233441,36.634410159827));
#10490 = CARTESIAN_POINT('',(1.6176682006,36.942330128601));
#10491 = CARTESIAN_POINT('',(2.603489536453,37.21131071782));
#10492 = CARTESIAN_POINT('',(3.582926913784,37.432619132565));
#10493 = CARTESIAN_POINT('',(4.577182909576,37.621674482616));
#10494 = CARTESIAN_POINT('',(5.583957583884,37.777775405562));
#10495 = CARTESIAN_POINT('',(6.623650097623,37.931129238423));
#10496 = CARTESIAN_POINT('',(7.642479259242,38.068234915493));
#10497 = CARTESIAN_POINT('',(8.665423025074,38.192710682208));
#10498 = CARTESIAN_POINT('',(9.689887470247,38.311731839172));
#10499 = CARTESIAN_POINT('',(10.740782885586,38.433885635818));
#10500 = CARTESIAN_POINT('',(11.762482203046,38.559275117344));
#10501 = CARTESIAN_POINT('',(12.780370865603,38.696746544464));
#10502 = CARTESIAN_POINT('',(13.793344590823,38.851853946383));
#10503 = CARTESIAN_POINT('',(14.8269933562,39.03630847773));
#10504 = CARTESIAN_POINT('',(15.827595853223,39.246839403708));
#10505 = CARTESIAN_POINT('',(16.821743379406,39.49294899584));
#10506 = CARTESIAN_POINT('',(17.809784214831,39.780112738875));
#10507 = CARTESIAN_POINT('',(18.818188550672,40.125342721534));
#10508 = CARTESIAN_POINT('',(19.792661833242,40.515064981007));
#10509 = CARTESIAN_POINT('',(20.772760977167,40.969244280757));
#10510 = CARTESIAN_POINT('',(21.716749815238,41.467069330388));
#10511 = CARTESIAN_POINT('',(22.826097820208,42.140947464525));
#10512 = CARTESIAN_POINT('',(23.186487547616,42.409025518776));
#10513 = CARTESIAN_POINT('',(23.713294077526,42.770945904681));
#10514 = ( GEOMETRIC_REPRESENTATION_CONTEXT(2) 
PARAMETRIC_REPRESENTATION_CONTEXT() REPRESENTATION_CONTEXT('2D SPACE',''
  ) );
#10515 = PCURVE('',#6257,#10516);
#10516 = DEFINITIONAL_REPRESENTATION('',(#10517),#10521);
#10517 = LINE('',#10518,#10519);
#10518 = CARTESIAN_POINT('',(0.,-22.4));
#10519 = VECTOR('',#10520,1.);
#10520 = DIRECTION('',(1.,0.));
#10521 = ( GEOMETRIC_REPRESENTATION_CONTEXT(2) 
PARAMETRIC_REPRESENTATION_CONTEXT() REPRESENTATION_CONTEXT('2D SPACE',''
  ) );
#10522 = FACE_BOUND('',#10523,.T.);
#10523 = EDGE_LOOP('',(#10524,#10550,#10573,#10690,#10713,#10737));
#10524 = ORIENTED_EDGE('',*,*,#10525,.T.);
#10525 = EDGE_CURVE('',#10526,#10528,#10530,.T.);
#10526 = VERTEX_POINT('',#10527);
#10527 = CARTESIAN_POINT('',(8.156397843108,9.734637857925,22.4));
#10528 = VERTEX_POINT('',#10529);
#10529 = CARTESIAN_POINT('',(6.445475554358,10.942844460111,22.4));
#10530 = SURFACE_CURVE('',#10531,(#10536,#10543),.PCURVE_S1.);
#10531 = CIRCLE('',#10532,12.7);
#10532 = AXIS2_PLACEMENT_3D('',#10533,#10534,#10535);
#10533 = CARTESIAN_POINT('',(0.,0.,22.4));
#10534 = DIRECTION('',(0.,0.,1.));
#10535 = DIRECTION('',(1.,0.,-0.));
#10536 = PCURVE('',#169,#10537);
#10537 = DEFINITIONAL_REPRESENTATION('',(#10538),#10542);
#10538 = CIRCLE('',#10539,12.7);
#10539 = AXIS2_PLACEMENT_2D('',#10540,#10541);
#10540 = CARTESIAN_POINT('',(0.,-1.204325410458E-15));
#10541 = DIRECTION('',(1.,0.));
#10542 = ( GEOMETRIC_REPRESENTATION_CONTEXT(2) 
PARAMETRIC_REPRESENTATION_CONTEXT() REPRESENTATION_CONTEXT('2D SPACE',''
  ) );
#10543 = PCURVE('',#6386,#10544);
#10544 = DEFINITIONAL_REPRESENTATION('',(#10545),#10549);
#10545 = LINE('',#10546,#10547);
#10546 = CARTESIAN_POINT('',(-0.,-22.4));
#10547 = VECTOR('',#10548,1.);
#10548 = DIRECTION('',(-1.,0.));
#10549 = ( GEOMETRIC_REPRESENTATION_CONTEXT(2) 
PARAMETRIC_REPRESENTATION_CONTEXT() REPRESENTATION_CONTEXT('2D SPACE',''
  ) );
#10550 = ORIENTED_EDGE('',*,*,#10551,.F.);
#10551 = EDGE_CURVE('',#10552,#10528,#10554,.T.);
#10552 = VERTEX_POINT('',#10553);
#10553 = CARTESIAN_POINT('',(7.170973275911,12.199443374617,22.4));
#10554 = SURFACE_CURVE('',#10555,(#10559,#10566),.PCURVE_S1.);
#10555 = LINE('',#10556,#10557);
#10556 = CARTESIAN_POINT('',(7.170973275911,12.199443374617,22.4));
#10557 = VECTOR('',#10558,1.);
#10558 = DIRECTION('',(-0.5,-0.866025403784,0.));
#10559 = PCURVE('',#169,#10560);
#10560 = DEFINITIONAL_REPRESENTATION('',(#10561),#10565);
#10561 = LINE('',#10562,#10563);
#10562 = CARTESIAN_POINT('',(7.170973275911,12.199443374617));
#10563 = VECTOR('',#10564,1.);
#10564 = DIRECTION('',(-0.5,-0.866025403784));
#10565 = ( GEOMETRIC_REPRESENTATION_CONTEXT(2) 
PARAMETRIC_REPRESENTATION_CONTEXT() REPRESENTATION_CONTEXT('2D SPACE',''
  ) );
#10566 = PCURVE('',#6414,#10567);
#10567 = DEFINITIONAL_REPRESENTATION('',(#10568),#10572);
#10568 = LINE('',#10569,#10570);
#10569 = CARTESIAN_POINT('',(0.,-22.4));
#10570 = VECTOR('',#10571,1.);
#10571 = DIRECTION('',(1.,0.));
#10572 = ( GEOMETRIC_REPRESENTATION_CONTEXT(2) 
PARAMETRIC_REPRESENTATION_CONTEXT() REPRESENTATION_CONTEXT('2D SPACE',''
  ) );
#10573 = ORIENTED_EDGE('',*,*,#10574,.F.);
#10574 = EDGE_CURVE('',#10575,#10552,#10577,.T.);
#10575 = VERTEX_POINT('',#10576);
#10576 = CARTESIAN_POINT('',(24.786705922474,41.233518262409,22.4));
#10577 = SURFACE_CURVE('',#10578,(#10629,#10683),.PCURVE_S1.);
#10578 = B_SPLINE_CURVE_WITH_KNOTS('',3,(#10579,#10580,#10581,#10582,
    #10583,#10584,#10585,#10586,#10587,#10588,#10589,#10590,#10591,
    #10592,#10593,#10594,#10595,#10596,#10597,#10598,#10599,#10600,
    #10601,#10602,#10603,#10604,#10605,#10606,#10607,#10608,#10609,
    #10610,#10611,#10612,#10613,#10614,#10615,#10616,#10617,#10618,
    #10619,#10620,#10621,#10622,#10623,#10624,#10625,#10626,#10627,
    #10628),.UNSPECIFIED.,.F.,.F.,(4,1,1,1,1,1,1,1,1,1,1,1,1,1,1,1,1,1,1
    ,1,1,1,1,1,1,1,1,1,1,1,1,1,1,1,1,1,1,1,1,1,1,1,1,1,1,1,1,4),(0.,
    1.310275187177,2.575554712222,3.800853833955,4.902089094641,
    6.06831455688,7.21183434275,8.337173980858,9.363078484396,
    10.46331856218,11.554153671202,12.637112639117,13.630528059043,
    14.700223728197,15.762924250692,16.817962772309,17.784172052652,
    18.821404601302,19.84721146813,20.859830292326,21.78133906864,
    22.763820637486,23.728524475563,24.674422276675,25.530408882817,
    26.439181751574,27.329575345756,28.203542707491,28.998544434436,
    29.851442200626,30.702034885941,31.558695680793,32.363786840272,
    33.262555459008,34.202118316714,35.196909054575,36.177314147534,
    37.320972597039,38.563122142845,39.916198777823,41.276469790388,
    42.885560125174,44.651495886816,46.590899109622,48.549892956214,
    50.871342573664,53.417826896227,55.987800380247),.UNSPECIFIED.);
#10579 = CARTESIAN_POINT('',(24.786705922474,41.233518262409,22.4));
#10580 = CARTESIAN_POINT('',(24.421224895251,41.001093767385,22.4));
#10581 = CARTESIAN_POINT('',(23.701898124307,40.521998921888,22.4));
#10582 = CARTESIAN_POINT('',(22.593227632672,39.910583893974,22.4));
#10583 = CARTESIAN_POINT('',(21.516084572901,39.385684309033,22.4));
#10584 = CARTESIAN_POINT('',(20.442096759859,38.935043761803,22.4));
#10585 = CARTESIAN_POINT('',(19.37180212739,38.549730659857,22.4));
#10586 = CARTESIAN_POINT('',(18.275591076305,38.217385890334,22.4));
#10587 = CARTESIAN_POINT('',(17.210471495888,37.948156585472,22.4));
#10588 = CARTESIAN_POINT('',(16.149633410567,37.724987082514,22.4));
#10589 = CARTESIAN_POINT('',(15.092937932788,37.541338075228,22.4));
#10590 = CARTESIAN_POINT('',(14.012330289104,37.387649500721,22.4));
#10591 = CARTESIAN_POINT('',(12.963683648875,37.264802859101,22.4));
#10592 = CARTESIAN_POINT('',(11.920085374087,37.161247081657,22.4));
#10593 = CARTESIAN_POINT('',(10.882051162642,37.070963641732,22.4));
#10594 = CARTESIAN_POINT('',(9.823005061108,36.985630010262,22.4));
#10595 = CARTESIAN_POINT('',(8.79831935196,36.90334895934,22.4));
#10596 = CARTESIAN_POINT('',(7.782607135522,36.815495406022,22.4));
#10597 = CARTESIAN_POINT('',(6.777498794842,36.718595281802,22.4));
#10598 = CARTESIAN_POINT('',(5.759349807569,36.596482489864,22.4));
#10599 = CARTESIAN_POINT('',(4.785267044861,36.438236384735,22.4));
#10600 = CARTESIAN_POINT('',(3.829731527171,36.258407099212,22.4));
#10601 = CARTESIAN_POINT('',(2.896827721317,36.047201040118,22.4));
#10602 = CARTESIAN_POINT('',(1.966078505113,35.793495435002,22.4));
#10603 = CARTESIAN_POINT('',(1.089452207395,35.505654683606,22.4));
#10604 = CARTESIAN_POINT('',(0.247821441944,35.175604563506,22.4));
#10605 = CARTESIAN_POINT('',(-0.554629345014,34.800514815006,22.4));
#10606 = CARTESIAN_POINT('',(-1.332310544627,34.36371116835,22.4));
#10607 = CARTESIAN_POINT('',(-2.039749645056,33.88490693976,22.4));
#10608 = CARTESIAN_POINT('',(-2.692340435974,33.353337266256,22.4));
#10609 = CARTESIAN_POINT('',(-3.285650502111,32.766705433227,22.4));
#10610 = CARTESIAN_POINT('',(-3.825240032897,32.103287289468,22.4));
#10611 = CARTESIAN_POINT('',(-4.276468384663,31.395441013013,22.4));
#10612 = CARTESIAN_POINT('',(-4.64968731769,30.625905076025,22.4));
#10613 = CARTESIAN_POINT('',(-4.938046829651,29.790801678918,22.4));
#10614 = CARTESIAN_POINT('',(-5.132942360467,28.864372986251,22.4));
#10615 = CARTESIAN_POINT('',(-5.215470689358,27.893595415882,22.4));
#10616 = CARTESIAN_POINT('',(-5.180093983858,26.853228041391,22.4));
#10617 = CARTESIAN_POINT('',(-5.034241072697,25.736820849619,22.4));
#10618 = CARTESIAN_POINT('',(-4.665353277316,24.541554374165,22.4));
#10619 = CARTESIAN_POINT('',(-4.150373092614,23.326217541903,22.4));
#10620 = CARTESIAN_POINT('',(-3.467808158938,22.055043809891,22.4));
#10621 = CARTESIAN_POINT('',(-2.603374369183,20.732707992435,22.4));
#10622 = CARTESIAN_POINT('',(-1.51045603656,19.332930589726,22.4));
#10623 = CARTESIAN_POINT('',(-0.245438248009,17.943412608698,22.4));
#10624 = CARTESIAN_POINT('',(1.293425124031,16.486327429746,22.4));
#10625 = CARTESIAN_POINT('',(2.869205322024,15.140811768957,22.4));
#10626 = CARTESIAN_POINT('',(5.593520042199,13.185921011211,22.4));
#10627 = CARTESIAN_POINT('',(5.17812186136,13.498050932648,22.4));
#10628 = CARTESIAN_POINT('',(7.170973275911,12.199443374617,22.4));
#10629 = PCURVE('',#169,#10630);
#10630 = DEFINITIONAL_REPRESENTATION('',(#10631),#10682);
#10631 = B_SPLINE_CURVE_WITH_KNOTS('',3,(#10632,#10633,#10634,#10635,
    #10636,#10637,#10638,#10639,#10640,#10641,#10642,#10643,#10644,
    #10645,#10646,#10647,#10648,#10649,#10650,#10651,#10652,#10653,
    #10654,#10655,#10656,#10657,#10658,#10659,#10660,#10661,#10662,
    #10663,#10664,#10665,#10666,#10667,#10668,#10669,#10670,#10671,
    #10672,#10673,#10674,#10675,#10676,#10677,#10678,#10679,#10680,
    #10681),.UNSPECIFIED.,.F.,.F.,(4,1,1,1,1,1,1,1,1,1,1,1,1,1,1,1,1,1,1
    ,1,1,1,1,1,1,1,1,1,1,1,1,1,1,1,1,1,1,1,1,1,1,1,1,1,1,1,1,4),(0.,
    1.310275187177,2.575554712222,3.800853833955,4.902089094641,
    6.06831455688,7.21183434275,8.337173980858,9.363078484396,
    10.46331856218,11.554153671202,12.637112639117,13.630528059043,
    14.700223728197,15.762924250692,16.817962772309,17.784172052652,
    18.821404601302,19.84721146813,20.859830292326,21.78133906864,
    22.763820637486,23.728524475563,24.674422276675,25.530408882817,
    26.439181751574,27.329575345756,28.203542707491,28.998544434436,
    29.851442200626,30.702034885941,31.558695680793,32.363786840272,
    33.262555459008,34.202118316714,35.196909054575,36.177314147534,
    37.320972597039,38.563122142845,39.916198777823,41.276469790388,
    42.885560125174,44.651495886816,46.590899109622,48.549892956214,
    50.871342573664,53.417826896227,55.987800380247),.UNSPECIFIED.);
#10632 = CARTESIAN_POINT('',(24.786705922474,41.233518262409));
#10633 = CARTESIAN_POINT('',(24.421224895251,41.001093767385));
#10634 = CARTESIAN_POINT('',(23.701898124307,40.521998921888));
#10635 = CARTESIAN_POINT('',(22.593227632672,39.910583893974));
#10636 = CARTESIAN_POINT('',(21.516084572901,39.385684309033));
#10637 = CARTESIAN_POINT('',(20.442096759859,38.935043761803));
#10638 = CARTESIAN_POINT('',(19.37180212739,38.549730659857));
#10639 = CARTESIAN_POINT('',(18.275591076305,38.217385890334));
#10640 = CARTESIAN_POINT('',(17.210471495888,37.948156585472));
#10641 = CARTESIAN_POINT('',(16.149633410567,37.724987082514));
#10642 = CARTESIAN_POINT('',(15.092937932788,37.541338075228));
#10643 = CARTESIAN_POINT('',(14.012330289104,37.387649500721));
#10644 = CARTESIAN_POINT('',(12.963683648875,37.264802859101));
#10645 = CARTESIAN_POINT('',(11.920085374087,37.161247081657));
#10646 = CARTESIAN_POINT('',(10.882051162642,37.070963641732));
#10647 = CARTESIAN_POINT('',(9.823005061108,36.985630010262));
#10648 = CARTESIAN_POINT('',(8.79831935196,36.90334895934));
#10649 = CARTESIAN_POINT('',(7.782607135522,36.815495406022));
#10650 = CARTESIAN_POINT('',(6.777498794842,36.718595281802));
#10651 = CARTESIAN_POINT('',(5.759349807569,36.596482489864));
#10652 = CARTESIAN_POINT('',(4.785267044861,36.438236384735));
#10653 = CARTESIAN_POINT('',(3.829731527171,36.258407099212));
#10654 = CARTESIAN_POINT('',(2.896827721317,36.047201040118));
#10655 = CARTESIAN_POINT('',(1.966078505113,35.793495435002));
#10656 = CARTESIAN_POINT('',(1.089452207395,35.505654683606));
#10657 = CARTESIAN_POINT('',(0.247821441944,35.175604563506));
#10658 = CARTESIAN_POINT('',(-0.554629345014,34.800514815006));
#10659 = CARTESIAN_POINT('',(-1.332310544627,34.36371116835));
#10660 = CARTESIAN_POINT('',(-2.039749645056,33.88490693976));
#10661 = CARTESIAN_POINT('',(-2.692340435974,33.353337266256));
#10662 = CARTESIAN_POINT('',(-3.285650502111,32.766705433227));
#10663 = CARTESIAN_POINT('',(-3.825240032897,32.103287289468));
#10664 = CARTESIAN_POINT('',(-4.276468384663,31.395441013013));
#10665 = CARTESIAN_POINT('',(-4.64968731769,30.625905076025));
#10666 = CARTESIAN_POINT('',(-4.938046829651,29.790801678918));
#10667 = CARTESIAN_POINT('',(-5.132942360467,28.864372986251));
#10668 = CARTESIAN_POINT('',(-5.215470689358,27.893595415882));
#10669 = CARTESIAN_POINT('',(-5.180093983858,26.853228041391));
#10670 = CARTESIAN_POINT('',(-5.034241072697,25.736820849619));
#10671 = CARTESIAN_POINT('',(-4.665353277316,24.541554374165));
#10672 = CARTESIAN_POINT('',(-4.150373092614,23.326217541903));
#10673 = CARTESIAN_POINT('',(-3.467808158938,22.055043809891));
#10674 = CARTESIAN_POINT('',(-2.603374369183,20.732707992435));
#10675 = CARTESIAN_POINT('',(-1.51045603656,19.332930589726));
#10676 = CARTESIAN_POINT('',(-0.245438248009,17.943412608698));
#10677 = CARTESIAN_POINT('',(1.293425124031,16.486327429746));
#10678 = CARTESIAN_POINT('',(2.869205322024,15.140811768957));
#10679 = CARTESIAN_POINT('',(5.593520042199,13.185921011211));
#10680 = CARTESIAN_POINT('',(5.17812186136,13.498050932648));
#10681 = CARTESIAN_POINT('',(7.170973275911,12.199443374617));
#10682 = ( GEOMETRIC_REPRESENTATION_CONTEXT(2) 
PARAMETRIC_REPRESENTATION_CONTEXT() REPRESENTATION_CONTEXT('2D SPACE',''
  ) );
#10683 = PCURVE('',#6536,#10684);
#10684 = DEFINITIONAL_REPRESENTATION('',(#10685),#10689);
#10685 = LINE('',#10686,#10687);
#10686 = CARTESIAN_POINT('',(0.,-22.4));
#10687 = VECTOR('',#10688,1.);
#10688 = DIRECTION('',(1.,0.));
#10689 = ( GEOMETRIC_REPRESENTATION_CONTEXT(2) 
PARAMETRIC_REPRESENTATION_CONTEXT() REPRESENTATION_CONTEXT('2D SPACE',''
  ) );
#10690 = ORIENTED_EDGE('',*,*,#10691,.F.);
#10691 = EDGE_CURVE('',#10692,#10575,#10694,.T.);
#10692 = VERTEX_POINT('',#10693);
#10693 = CARTESIAN_POINT('',(25.147040295502,41.471392120068,22.4));
#10694 = SURFACE_CURVE('',#10695,(#10699,#10706),.PCURVE_S1.);
#10695 = LINE('',#10696,#10697);
#10696 = CARTESIAN_POINT('',(26.806039079808,42.566576121973,22.4));
#10697 = VECTOR('',#10698,1.);
#10698 = DIRECTION('',(-0.834552786412,-0.550927986848,0.));
#10699 = PCURVE('',#169,#10700);
#10700 = DEFINITIONAL_REPRESENTATION('',(#10701),#10705);
#10701 = LINE('',#10702,#10703);
#10702 = CARTESIAN_POINT('',(26.806039079808,42.566576121973));
#10703 = VECTOR('',#10704,1.);
#10704 = DIRECTION('',(-0.834552786412,-0.550927986848));
#10705 = ( GEOMETRIC_REPRESENTATION_CONTEXT(2) 
PARAMETRIC_REPRESENTATION_CONTEXT() REPRESENTATION_CONTEXT('2D SPACE',''
  ) );
#10706 = PCURVE('',#6660,#10707);
#10707 = DEFINITIONAL_REPRESENTATION('',(#10708),#10712);
#10708 = LINE('',#10709,#10710);
#10709 = CARTESIAN_POINT('',(-1.987889575494,-22.4));
#10710 = VECTOR('',#10711,1.);
#10711 = DIRECTION('',(1.,0.));
#10712 = ( GEOMETRIC_REPRESENTATION_CONTEXT(2) 
PARAMETRIC_REPRESENTATION_CONTEXT() REPRESENTATION_CONTEXT('2D SPACE',''
  ) );
#10713 = ORIENTED_EDGE('',*,*,#10714,.F.);
#10714 = EDGE_CURVE('',#10715,#10692,#10717,.T.);
#10715 = VERTEX_POINT('',#10716);
#10716 = CARTESIAN_POINT('',(41.471269725117,25.14724214276,22.4));
#10717 = SURFACE_CURVE('',#10718,(#10723,#10730),.PCURVE_S1.);
#10718 = CIRCLE('',#10719,48.5);
#10719 = AXIS2_PLACEMENT_3D('',#10720,#10721,#10722);
#10720 = CARTESIAN_POINT('',(0.,0.,22.4));
#10721 = DIRECTION('',(0.,0.,1.));
#10722 = DIRECTION('',(1.,0.,-0.));
#10723 = PCURVE('',#169,#10724);
#10724 = DEFINITIONAL_REPRESENTATION('',(#10725),#10729);
#10725 = CIRCLE('',#10726,48.5);
#10726 = AXIS2_PLACEMENT_2D('',#10727,#10728);
#10727 = CARTESIAN_POINT('',(0.,-1.204325410458E-15));
#10728 = DIRECTION('',(1.,0.));
#10729 = ( GEOMETRIC_REPRESENTATION_CONTEXT(2) 
PARAMETRIC_REPRESENTATION_CONTEXT() REPRESENTATION_CONTEXT('2D SPACE',''
  ) );
#10730 = PCURVE('',#6689,#10731);
#10731 = DEFINITIONAL_REPRESENTATION('',(#10732),#10736);
#10732 = LINE('',#10733,#10734);
#10733 = CARTESIAN_POINT('',(-0.,-22.4));
#10734 = VECTOR('',#10735,1.);
#10735 = DIRECTION('',(-1.,0.));
#10736 = ( GEOMETRIC_REPRESENTATION_CONTEXT(2) 
PARAMETRIC_REPRESENTATION_CONTEXT() REPRESENTATION_CONTEXT('2D SPACE',''
  ) );
#10737 = ORIENTED_EDGE('',*,*,#10738,.F.);
#10738 = EDGE_CURVE('',#10526,#10715,#10739,.T.);
#10739 = SURFACE_CURVE('',#10740,(#10791,#10845),.PCURVE_S1.);
#10740 = B_SPLINE_CURVE_WITH_KNOTS('',3,(#10741,#10742,#10743,#10744,
    #10745,#10746,#10747,#10748,#10749,#10750,#10751,#10752,#10753,
    #10754,#10755,#10756,#10757,#10758,#10759,#10760,#10761,#10762,
    #10763,#10764,#10765,#10766,#10767,#10768,#10769,#10770,#10771,
    #10772,#10773,#10774,#10775,#10776,#10777,#10778,#10779,#10780,
    #10781,#10782,#10783,#10784,#10785,#10786,#10787,#10788,#10789,
    #10790),.UNSPECIFIED.,.F.,.F.,(4,1,1,1,1,1,1,1,1,1,1,1,1,1,1,1,1,1,1
    ,1,1,1,1,1,1,1,1,1,1,1,1,1,1,1,1,1,1,1,1,1,1,1,1,1,1,1,1,4),(0.,
    2.712363629581,5.415653884531,7.889901421053,9.986742084351,
    12.07233621524,13.981450928582,15.730829279285,17.217976489194,
    18.70534511222,20.079261809959,21.357514213245,22.46799558875,
    23.608470848383,24.696515979748,25.743900293344,26.683864297553,
    27.681614976107,28.665922847739,29.643534481927,30.544804484636,
    31.523863593595,32.508882471553,33.502052098633,34.427210166566,
    35.439013636309,36.460687542796,37.491630530293,38.450636928084,
    39.49631232414,40.547756860041,41.603484223464,42.58022774738,
    43.639187672476,44.697549950026,45.75413920775,46.727235587527,
    47.778840627491,48.828245019521,49.876764601754,50.845806288818,
    51.899956703366,52.96296178269,54.040387692291,55.053510242706,
    56.178288511941,57.339605375855,58.548465428582),.UNSPECIFIED.);
#10741 = CARTESIAN_POINT('',(9.687078542018,5.720458763507,22.4));
#10742 = CARTESIAN_POINT('',(9.358587563928,6.542816446458,22.4));
#10743 = CARTESIAN_POINT('',(8.644651844641,8.231413027986,22.4));
#10744 = CARTESIAN_POINT('',(7.822167095234,10.720868180564,22.4));
#10745 = CARTESIAN_POINT('',(7.1916838086,13.066299655025,22.4));
#10746 = CARTESIAN_POINT('',(6.760543657476,15.243995701115,22.4));
#10747 = CARTESIAN_POINT('',(6.503681872811,17.260226710286,22.4));
#10748 = CARTESIAN_POINT('',(6.409669017147,19.174618179059,22.4));
#10749 = CARTESIAN_POINT('',(6.468444874619,20.891063451795,22.4));
#10750 = CARTESIAN_POINT('',(6.658292983199,22.455938213411,22.4));
#10751 = CARTESIAN_POINT('',(6.964328078922,23.875671345404,22.4));
#10752 = CARTESIAN_POINT('',(7.392926794409,25.188381372354,22.4));
#10753 = CARTESIAN_POINT('',(7.84774638527,26.359259578321,22.4));
#10754 = CARTESIAN_POINT('',(8.40852467123,27.396600013615,22.4));
#10755 = CARTESIAN_POINT('',(9.045086728748,28.312710935264,22.4));
#10756 = CARTESIAN_POINT('',(9.776498494533,29.127408748418,22.4));
#10757 = CARTESIAN_POINT('',(10.552796777904,29.801005238135,22.4));
#10758 = CARTESIAN_POINT('',(11.378195159228,30.360396500688,22.4));
#10759 = CARTESIAN_POINT('',(12.244257933678,30.811086952417,22.4));
#10760 = CARTESIAN_POINT('',(13.167871135119,31.163599348771,22.4));
#10761 = CARTESIAN_POINT('',(14.092755808099,31.406097955421,22.4));
#10762 = CARTESIAN_POINT('',(15.034398520672,31.558255556528,22.4));
#10763 = CARTESIAN_POINT('',(15.988310410836,31.626742433448,22.4));
#10764 = CARTESIAN_POINT('',(16.975002870463,31.615306363525,22.4));
#10765 = CARTESIAN_POINT('',(17.939999395187,31.531976831167,22.4));
#10766 = CARTESIAN_POINT('',(18.906300010445,31.386215734349,22.4));
#10767 = CARTESIAN_POINT('',(19.872106820915,31.18416226606,22.4));
#10768 = CARTESIAN_POINT('',(20.860343435965,30.924195621521,22.4));
#10769 = CARTESIAN_POINT('',(21.819215293522,30.626135642097,22.4));
#10770 = CARTESIAN_POINT('',(22.774793918769,30.292734380066,22.4));
#10771 = CARTESIAN_POINT('',(23.724736824079,29.924534407737,22.4));
#10772 = CARTESIAN_POINT('',(24.701813869532,29.537496465893,22.4));
#10773 = CARTESIAN_POINT('',(25.652698644146,29.146818884429,22.4));
#10774 = CARTESIAN_POINT('',(26.600831815357,28.743146177644,22.4));
#10775 = CARTESIAN_POINT('',(27.547554628632,28.333989300576,22.4));
#10776 = CARTESIAN_POINT('',(28.51873365336,27.914329883971,22.4));
#10777 = CARTESIAN_POINT('',(29.466245958072,27.51207070161,22.4));
#10778 = CARTESIAN_POINT('',(30.41649911163,27.122180118512,22.4));
#10779 = CARTESIAN_POINT('',(31.371313791997,26.750020206279,22.4));
#10780 = CARTESIAN_POINT('',(32.358707147077,26.39293813358,22.4));
#10781 = CARTESIAN_POINT('',(33.330519791579,26.074962015248,22.4));
#10782 = CARTESIAN_POINT('',(34.314531600428,25.791025411058,22.4));
#10783 = CARTESIAN_POINT('',(35.3137819354,25.545696089859,22.4));
#10784 = CARTESIAN_POINT('',(36.359700698854,25.340471857069,22.4));
#10785 = CARTESIAN_POINT('',(37.398480446605,25.190744592908,22.4));
#10786 = CARTESIAN_POINT('',(38.474360853348,25.094025832403,22.4));
#10787 = CARTESIAN_POINT('',(39.540791692821,25.053160552988,22.4));
#10788 = CARTESIAN_POINT('',(40.838454313831,25.08208213372,22.4));
#10789 = CARTESIAN_POINT('',(41.284600000154,25.134049675194,22.4));
#10790 = CARTESIAN_POINT('',(41.92178803089,25.184078658581,22.4));
#10791 = PCURVE('',#169,#10792);
#10792 = DEFINITIONAL_REPRESENTATION('',(#10793),#10844);
#10793 = B_SPLINE_CURVE_WITH_KNOTS('',3,(#10794,#10795,#10796,#10797,
    #10798,#10799,#10800,#10801,#10802,#10803,#10804,#10805,#10806,
    #10807,#10808,#10809,#10810,#10811,#10812,#10813,#10814,#10815,
    #10816,#10817,#10818,#10819,#10820,#10821,#10822,#10823,#10824,
    #10825,#10826,#10827,#10828,#10829,#10830,#10831,#10832,#10833,
    #10834,#10835,#10836,#10837,#10838,#10839,#10840,#10841,#10842,
    #10843),.UNSPECIFIED.,.F.,.F.,(4,1,1,1,1,1,1,1,1,1,1,1,1,1,1,1,1,1,1
    ,1,1,1,1,1,1,1,1,1,1,1,1,1,1,1,1,1,1,1,1,1,1,1,1,1,1,1,1,4),(0.,
    2.712363629581,5.415653884531,7.889901421053,9.986742084351,
    12.07233621524,13.981450928582,15.730829279285,17.217976489194,
    18.70534511222,20.079261809959,21.357514213245,22.46799558875,
    23.608470848383,24.696515979748,25.743900293344,26.683864297553,
    27.681614976107,28.665922847739,29.643534481927,30.544804484636,
    31.523863593595,32.508882471553,33.502052098633,34.427210166566,
    35.439013636309,36.460687542796,37.491630530293,38.450636928084,
    39.49631232414,40.547756860041,41.603484223464,42.58022774738,
    43.639187672476,44.697549950026,45.75413920775,46.727235587527,
    47.778840627491,48.828245019521,49.876764601754,50.845806288818,
    51.899956703366,52.96296178269,54.040387692291,55.053510242706,
    56.178288511941,57.339605375855,58.548465428582),.UNSPECIFIED.);
#10794 = CARTESIAN_POINT('',(9.687078542018,5.720458763507));
#10795 = CARTESIAN_POINT('',(9.358587563928,6.542816446458));
#10796 = CARTESIAN_POINT('',(8.644651844641,8.231413027986));
#10797 = CARTESIAN_POINT('',(7.822167095234,10.720868180564));
#10798 = CARTESIAN_POINT('',(7.1916838086,13.066299655025));
#10799 = CARTESIAN_POINT('',(6.760543657476,15.243995701115));
#10800 = CARTESIAN_POINT('',(6.503681872811,17.260226710286));
#10801 = CARTESIAN_POINT('',(6.409669017147,19.174618179059));
#10802 = CARTESIAN_POINT('',(6.468444874619,20.891063451795));
#10803 = CARTESIAN_POINT('',(6.658292983199,22.455938213411));
#10804 = CARTESIAN_POINT('',(6.964328078922,23.875671345404));
#10805 = CARTESIAN_POINT('',(7.392926794409,25.188381372354));
#10806 = CARTESIAN_POINT('',(7.84774638527,26.359259578321));
#10807 = CARTESIAN_POINT('',(8.40852467123,27.396600013615));
#10808 = CARTESIAN_POINT('',(9.045086728748,28.312710935264));
#10809 = CARTESIAN_POINT('',(9.776498494533,29.127408748418));
#10810 = CARTESIAN_POINT('',(10.552796777904,29.801005238135));
#10811 = CARTESIAN_POINT('',(11.378195159228,30.360396500688));
#10812 = CARTESIAN_POINT('',(12.244257933678,30.811086952417));
#10813 = CARTESIAN_POINT('',(13.167871135119,31.163599348771));
#10814 = CARTESIAN_POINT('',(14.092755808099,31.406097955421));
#10815 = CARTESIAN_POINT('',(15.034398520672,31.558255556528));
#10816 = CARTESIAN_POINT('',(15.988310410836,31.626742433448));
#10817 = CARTESIAN_POINT('',(16.975002870463,31.615306363525));
#10818 = CARTESIAN_POINT('',(17.939999395187,31.531976831167));
#10819 = CARTESIAN_POINT('',(18.906300010445,31.386215734349));
#10820 = CARTESIAN_POINT('',(19.872106820915,31.18416226606));
#10821 = CARTESIAN_POINT('',(20.860343435965,30.924195621521));
#10822 = CARTESIAN_POINT('',(21.819215293522,30.626135642097));
#10823 = CARTESIAN_POINT('',(22.774793918769,30.292734380066));
#10824 = CARTESIAN_POINT('',(23.724736824079,29.924534407737));
#10825 = CARTESIAN_POINT('',(24.701813869532,29.537496465893));
#10826 = CARTESIAN_POINT('',(25.652698644146,29.146818884429));
#10827 = CARTESIAN_POINT('',(26.600831815357,28.743146177644));
#10828 = CARTESIAN_POINT('',(27.547554628632,28.333989300576));
#10829 = CARTESIAN_POINT('',(28.51873365336,27.914329883971));
#10830 = CARTESIAN_POINT('',(29.466245958072,27.51207070161));
#10831 = CARTESIAN_POINT('',(30.41649911163,27.122180118512));
#10832 = CARTESIAN_POINT('',(31.371313791997,26.750020206279));
#10833 = CARTESIAN_POINT('',(32.358707147077,26.39293813358));
#10834 = CARTESIAN_POINT('',(33.330519791579,26.074962015248));
#10835 = CARTESIAN_POINT('',(34.314531600428,25.791025411058));
#10836 = CARTESIAN_POINT('',(35.3137819354,25.545696089859));
#10837 = CARTESIAN_POINT('',(36.359700698854,25.340471857069));
#10838 = CARTESIAN_POINT('',(37.398480446605,25.190744592908));
#10839 = CARTESIAN_POINT('',(38.474360853348,25.094025832403));
#10840 = CARTESIAN_POINT('',(39.540791692821,25.053160552988));
#10841 = CARTESIAN_POINT('',(40.838454313831,25.08208213372));
#10842 = CARTESIAN_POINT('',(41.284600000154,25.134049675194));
#10843 = CARTESIAN_POINT('',(41.92178803089,25.184078658581));
#10844 = ( GEOMETRIC_REPRESENTATION_CONTEXT(2) 
PARAMETRIC_REPRESENTATION_CONTEXT() REPRESENTATION_CONTEXT('2D SPACE',''
  ) );
#10845 = PCURVE('',#6809,#10846);
#10846 = DEFINITIONAL_REPRESENTATION('',(#10847),#10851);
#10847 = LINE('',#10848,#10849);
#10848 = CARTESIAN_POINT('',(0.,-22.4));
#10849 = VECTOR('',#10850,1.);
#10850 = DIRECTION('',(1.,0.));
#10851 = ( GEOMETRIC_REPRESENTATION_CONTEXT(2) 
PARAMETRIC_REPRESENTATION_CONTEXT() REPRESENTATION_CONTEXT('2D SPACE',''
  ) );
#10852 = FACE_BOUND('',#10853,.T.);
#10853 = EDGE_LOOP('',(#10854));
#10854 = ORIENTED_EDGE('',*,*,#10855,.T.);
#10855 = EDGE_CURVE('',#10856,#10856,#10858,.T.);
#10856 = VERTEX_POINT('',#10857);
#10857 = CARTESIAN_POINT('',(50.,0.,22.4));
#10858 = SURFACE_CURVE('',#10859,(#10864,#10871),.PCURVE_S1.);
#10859 = CIRCLE('',#10860,50.000000001615);
#10860 = AXIS2_PLACEMENT_3D('',#10861,#10862,#10863);
#10861 = CARTESIAN_POINT('',(-1.614573363895E-09,-3.903440071173E-12,
    22.4));
#10862 = DIRECTION('',(0.,0.,1.));
#10863 = DIRECTION('',(1.,7.806880142095E-14,-0.));
#10864 = PCURVE('',#169,#10865);
#10865 = DEFINITIONAL_REPRESENTATION('',(#10866),#10870);
#10866 = CIRCLE('',#10867,50.000000001615);
#10867 = AXIS2_PLACEMENT_2D('',#10868,#10869);
#10868 = CARTESIAN_POINT('',(-1.614573363895E-09,-3.904644396584E-12));
#10869 = DIRECTION('',(1.,7.806880142095E-14));
#10870 = ( GEOMETRIC_REPRESENTATION_CONTEXT(2) 
PARAMETRIC_REPRESENTATION_CONTEXT() REPRESENTATION_CONTEXT('2D SPACE',''
  ) );
#10871 = PCURVE('',#6936,#10872);
#10872 = DEFINITIONAL_REPRESENTATION('',(#10873),#10876);
#10873 = B_SPLINE_CURVE_WITH_KNOTS('',1,(#10874,#10875),.UNSPECIFIED.,
  .F.,.F.,(2,2),(0.,6.28318530718),.PIECEWISE_BEZIER_KNOTS.);
#10874 = CARTESIAN_POINT('',(0.,0.356198330538));
#10875 = CARTESIAN_POINT('',(6.28318530718,0.356198330538));
#10876 = ( GEOMETRIC_REPRESENTATION_CONTEXT(2) 
PARAMETRIC_REPRESENTATION_CONTEXT() REPRESENTATION_CONTEXT('2D SPACE',''
  ) );
#10877 = ADVANCED_FACE('',(#10878),#373,.F.);
#10878 = FACE_BOUND('',#10879,.T.);
#10879 = EDGE_LOOP('',(#10880,#10881,#10882,#10903));
#10880 = ORIENTED_EDGE('',*,*,#357,.T.);
#10881 = ORIENTED_EDGE('',*,*,#10170,.T.);
#10882 = ORIENTED_EDGE('',*,*,#10883,.F.);
#10883 = EDGE_CURVE('',#5763,#10148,#10884,.T.);
#10884 = SURFACE_CURVE('',#10885,(#10889,#10896),.PCURVE_S1.);
#10885 = LINE('',#10886,#10887);
#10886 = CARTESIAN_POINT('',(42.513671785928,23.341758958535,0.));
#10887 = VECTOR('',#10888,1.);
#10888 = DIRECTION('',(0.,0.,1.));
#10889 = PCURVE('',#373,#10890);
#10890 = DEFINITIONAL_REPRESENTATION('',(#10891),#10895);
#10891 = LINE('',#10892,#10893);
#10892 = CARTESIAN_POINT('',(-0.50210681871,0.));
#10893 = VECTOR('',#10894,1.);
#10894 = DIRECTION('',(-0.,-1.));
#10895 = ( GEOMETRIC_REPRESENTATION_CONTEXT(2) 
PARAMETRIC_REPRESENTATION_CONTEXT() REPRESENTATION_CONTEXT('2D SPACE',''
  ) );
#10896 = PCURVE('',#5778,#10897);
#10897 = DEFINITIONAL_REPRESENTATION('',(#10898),#10902);
#10898 = LINE('',#10899,#10900);
#10899 = CARTESIAN_POINT('',(0.,0.));
#10900 = VECTOR('',#10901,1.);
#10901 = DIRECTION('',(0.,-1.));
#10902 = ( GEOMETRIC_REPRESENTATION_CONTEXT(2) 
PARAMETRIC_REPRESENTATION_CONTEXT() REPRESENTATION_CONTEXT('2D SPACE',''
  ) );
#10903 = ORIENTED_EDGE('',*,*,#5790,.F.);
#10904 = ADVANCED_FACE('',(#10905),#521,.T.);
#10905 = FACE_BOUND('',#10906,.T.);
#10906 = EDGE_LOOP('',(#10907,#10928,#10929,#10930));
#10907 = ORIENTED_EDGE('',*,*,#10908,.T.);
#10908 = EDGE_CURVE('',#5646,#10031,#10909,.T.);
#10909 = SURFACE_CURVE('',#10910,(#10914,#10921),.PCURVE_S1.);
#10910 = LINE('',#10911,#10912);
#10911 = CARTESIAN_POINT('',(42.082676136201,23.315921341419,0.));
#10912 = VECTOR('',#10913,1.);
#10913 = DIRECTION('',(0.,0.,1.));
#10914 = PCURVE('',#521,#10915);
#10915 = DEFINITIONAL_REPRESENTATION('',(#10916),#10920);
#10916 = LINE('',#10917,#10918);
#10917 = CARTESIAN_POINT('',(0.,0.));
#10918 = VECTOR('',#10919,1.);
#10919 = DIRECTION('',(0.,-1.));
#10920 = ( GEOMETRIC_REPRESENTATION_CONTEXT(2) 
PARAMETRIC_REPRESENTATION_CONTEXT() REPRESENTATION_CONTEXT('2D SPACE',''
  ) );
#10921 = PCURVE('',#5778,#10922);
#10922 = DEFINITIONAL_REPRESENTATION('',(#10923),#10927);
#10923 = LINE('',#10924,#10925);
#10924 = CARTESIAN_POINT('',(0.431769420573,0.));
#10925 = VECTOR('',#10926,1.);
#10926 = DIRECTION('',(0.,-1.));
#10927 = ( GEOMETRIC_REPRESENTATION_CONTEXT(2) 
PARAMETRIC_REPRESENTATION_CONTEXT() REPRESENTATION_CONTEXT('2D SPACE',''
  ) );
#10928 = ORIENTED_EDGE('',*,*,#10030,.T.);
#10929 = ORIENTED_EDGE('',*,*,#503,.F.);
#10930 = ORIENTED_EDGE('',*,*,#5645,.F.);
#10931 = ADVANCED_FACE('',(#10932),#694,.T.);
#10932 = FACE_BOUND('',#10933,.F.);
#10933 = EDGE_LOOP('',(#10934,#10955,#10956,#10977));
#10934 = ORIENTED_EDGE('',*,*,#10935,.T.);
#10935 = EDGE_CURVE('',#676,#7059,#10936,.T.);
#10936 = SURFACE_CURVE('',#10937,(#10941,#10948),.PCURVE_S1.);
#10937 = LINE('',#10938,#10939);
#10938 = CARTESIAN_POINT('',(-8.156397843108,-9.734637857925,0.));
#10939 = VECTOR('',#10940,1.);
#10940 = DIRECTION('',(0.,0.,1.));
#10941 = PCURVE('',#694,#10942);
#10942 = DEFINITIONAL_REPRESENTATION('',(#10943),#10947);
#10943 = LINE('',#10944,#10945);
#10944 = CARTESIAN_POINT('',(-4.014977071482,0.));
#10945 = VECTOR('',#10946,1.);
#10946 = DIRECTION('',(-0.,-1.));
#10947 = ( GEOMETRIC_REPRESENTATION_CONTEXT(2) 
PARAMETRIC_REPRESENTATION_CONTEXT() REPRESENTATION_CONTEXT('2D SPACE',''
  ) );
#10948 = PCURVE('',#1117,#10949);
#10949 = DEFINITIONAL_REPRESENTATION('',(#10950),#10954);
#10950 = LINE('',#10951,#10952);
#10951 = CARTESIAN_POINT('',(4.294967752968,0.));
#10952 = VECTOR('',#10953,1.);
#10953 = DIRECTION('',(0.,-1.));
#10954 = ( GEOMETRIC_REPRESENTATION_CONTEXT(2) 
PARAMETRIC_REPRESENTATION_CONTEXT() REPRESENTATION_CONTEXT('2D SPACE',''
  ) );
#10955 = ORIENTED_EDGE('',*,*,#7058,.T.);
#10956 = ORIENTED_EDGE('',*,*,#10957,.F.);
#10957 = EDGE_CURVE('',#678,#7061,#10958,.T.);
#10958 = SURFACE_CURVE('',#10959,(#10963,#10970),.PCURVE_S1.);
#10959 = LINE('',#10960,#10961);
#10960 = CARTESIAN_POINT('',(-6.445475554358,-10.94284446011,0.));
#10961 = VECTOR('',#10962,1.);
#10962 = DIRECTION('',(0.,0.,1.));
#10963 = PCURVE('',#694,#10964);
#10964 = DEFINITIONAL_REPRESENTATION('',(#10965),#10969);
#10965 = LINE('',#10966,#10967);
#10966 = CARTESIAN_POINT('',(-4.180087469776,0.));
#10967 = VECTOR('',#10968,1.);
#10968 = DIRECTION('',(-0.,-1.));
#10969 = ( GEOMETRIC_REPRESENTATION_CONTEXT(2) 
PARAMETRIC_REPRESENTATION_CONTEXT() REPRESENTATION_CONTEXT('2D SPACE',''
  ) );
#10970 = PCURVE('',#722,#10971);
#10971 = DEFINITIONAL_REPRESENTATION('',(#10972),#10976);
#10972 = LINE('',#10973,#10974);
#10973 = CARTESIAN_POINT('',(1.450995443107,0.));
#10974 = VECTOR('',#10975,1.);
#10975 = DIRECTION('',(0.,-1.));
#10976 = ( GEOMETRIC_REPRESENTATION_CONTEXT(2) 
PARAMETRIC_REPRESENTATION_CONTEXT() REPRESENTATION_CONTEXT('2D SPACE',''
  ) );
#10977 = ORIENTED_EDGE('',*,*,#675,.F.);
#10978 = ADVANCED_FACE('',(#10979),#1117,.T.);
#10979 = FACE_BOUND('',#10980,.T.);
#10980 = EDGE_LOOP('',(#10981,#10982,#10983,#11004));
#10981 = ORIENTED_EDGE('',*,*,#10935,.T.);
#10982 = ORIENTED_EDGE('',*,*,#7271,.T.);
#10983 = ORIENTED_EDGE('',*,*,#10984,.F.);
#10984 = EDGE_CURVE('',#981,#7248,#10985,.T.);
#10985 = SURFACE_CURVE('',#10986,(#10990,#10997),.PCURVE_S1.);
#10986 = LINE('',#10987,#10988);
#10987 = CARTESIAN_POINT('',(-41.47126972511,-25.14724214276,0.));
#10988 = VECTOR('',#10989,1.);
#10989 = DIRECTION('',(0.,0.,1.));
#10990 = PCURVE('',#1117,#10991);
#10991 = DEFINITIONAL_REPRESENTATION('',(#10992),#10996);
#10992 = LINE('',#10993,#10994);
#10993 = CARTESIAN_POINT('',(58.209842986943,0.));
#10994 = VECTOR('',#10995,1.);
#10995 = DIRECTION('',(0.,-1.));
#10996 = ( GEOMETRIC_REPRESENTATION_CONTEXT(2) 
PARAMETRIC_REPRESENTATION_CONTEXT() REPRESENTATION_CONTEXT('2D SPACE',''
  ) );
#10997 = PCURVE('',#997,#10998);
#10998 = DEFINITIONAL_REPRESENTATION('',(#10999),#11003);
#10999 = LINE('',#11000,#11001);
#11000 = CARTESIAN_POINT('',(-3.686688253228,0.));
#11001 = VECTOR('',#11002,1.);
#11002 = DIRECTION('',(-0.,-1.));
#11003 = ( GEOMETRIC_REPRESENTATION_CONTEXT(2) 
PARAMETRIC_REPRESENTATION_CONTEXT() REPRESENTATION_CONTEXT('2D SPACE',''
  ) );
#11004 = ORIENTED_EDGE('',*,*,#1009,.F.);
#11005 = ADVANCED_FACE('',(#11006),#722,.T.);
#11006 = FACE_BOUND('',#11007,.T.);
#11007 = EDGE_LOOP('',(#11008,#11029,#11030,#11031));
#11008 = ORIENTED_EDGE('',*,*,#11009,.T.);
#11009 = EDGE_CURVE('',#707,#7085,#11010,.T.);
#11010 = SURFACE_CURVE('',#11011,(#11015,#11022),.PCURVE_S1.);
#11011 = LINE('',#11012,#11013);
#11012 = CARTESIAN_POINT('',(-7.170973275911,-12.19944337461,0.));
#11013 = VECTOR('',#11014,1.);
#11014 = DIRECTION('',(0.,0.,1.));
#11015 = PCURVE('',#722,#11016);
#11016 = DEFINITIONAL_REPRESENTATION('',(#11017),#11021);
#11017 = LINE('',#11018,#11019);
#11018 = CARTESIAN_POINT('',(0.,0.));
#11019 = VECTOR('',#11020,1.);
#11020 = DIRECTION('',(0.,-1.));
#11021 = ( GEOMETRIC_REPRESENTATION_CONTEXT(2) 
PARAMETRIC_REPRESENTATION_CONTEXT() REPRESENTATION_CONTEXT('2D SPACE',''
  ) );
#11022 = PCURVE('',#844,#11023);
#11023 = DEFINITIONAL_REPRESENTATION('',(#11024),#11028);
#11024 = LINE('',#11025,#11026);
#11025 = CARTESIAN_POINT('',(55.987800380247,0.));
#11026 = VECTOR('',#11027,1.);
#11027 = DIRECTION('',(0.,-1.));
#11028 = ( GEOMETRIC_REPRESENTATION_CONTEXT(2) 
PARAMETRIC_REPRESENTATION_CONTEXT() REPRESENTATION_CONTEXT('2D SPACE',''
  ) );
#11029 = ORIENTED_EDGE('',*,*,#7084,.T.);
#11030 = ORIENTED_EDGE('',*,*,#10957,.F.);
#11031 = ORIENTED_EDGE('',*,*,#706,.F.);
#11032 = ADVANCED_FACE('',(#11033),#997,.F.);
#11033 = FACE_BOUND('',#11034,.T.);
#11034 = EDGE_LOOP('',(#11035,#11036,#11037,#11058));
#11035 = ORIENTED_EDGE('',*,*,#10984,.T.);
#11036 = ORIENTED_EDGE('',*,*,#7247,.T.);
#11037 = ORIENTED_EDGE('',*,*,#11038,.F.);
#11038 = EDGE_CURVE('',#953,#7225,#11039,.T.);
#11039 = SURFACE_CURVE('',#11040,(#11044,#11051),.PCURVE_S1.);
#11040 = LINE('',#11041,#11042);
#11041 = CARTESIAN_POINT('',(-25.1470402955,-41.47139212006,0.));
#11042 = VECTOR('',#11043,1.);
#11043 = DIRECTION('',(0.,0.,1.));
#11044 = PCURVE('',#997,#11045);
#11045 = DEFINITIONAL_REPRESENTATION('',(#11046),#11050);
#11046 = LINE('',#11047,#11048);
#11047 = CARTESIAN_POINT('',(-4.167298247898,0.));
#11048 = VECTOR('',#11049,1.);
#11049 = DIRECTION('',(-0.,-1.));
#11050 = ( GEOMETRIC_REPRESENTATION_CONTEXT(2) 
PARAMETRIC_REPRESENTATION_CONTEXT() REPRESENTATION_CONTEXT('2D SPACE',''
  ) );
#11051 = PCURVE('',#968,#11052);
#11052 = DEFINITIONAL_REPRESENTATION('',(#11053),#11057);
#11053 = LINE('',#11054,#11055);
#11054 = CARTESIAN_POINT('',(2.964927099965E-15,0.));
#11055 = VECTOR('',#11056,1.);
#11056 = DIRECTION('',(0.,-1.));
#11057 = ( GEOMETRIC_REPRESENTATION_CONTEXT(2) 
PARAMETRIC_REPRESENTATION_CONTEXT() REPRESENTATION_CONTEXT('2D SPACE',''
  ) );
#11058 = ORIENTED_EDGE('',*,*,#980,.F.);
#11059 = ADVANCED_FACE('',(#11060),#844,.T.);
#11060 = FACE_BOUND('',#11061,.T.);
#11061 = EDGE_LOOP('',(#11062,#11083,#11084,#11085));
#11062 = ORIENTED_EDGE('',*,*,#11063,.T.);
#11063 = EDGE_CURVE('',#735,#7108,#11064,.T.);
#11064 = SURFACE_CURVE('',#11065,(#11069,#11076),.PCURVE_S1.);
#11065 = LINE('',#11066,#11067);
#11066 = CARTESIAN_POINT('',(-24.78670592247,-41.2335182624,0.));
#11067 = VECTOR('',#11068,1.);
#11068 = DIRECTION('',(0.,0.,1.));
#11069 = PCURVE('',#844,#11070);
#11070 = DEFINITIONAL_REPRESENTATION('',(#11071),#11075);
#11071 = LINE('',#11072,#11073);
#11072 = CARTESIAN_POINT('',(0.,0.));
#11073 = VECTOR('',#11074,1.);
#11074 = DIRECTION('',(0.,-1.));
#11075 = ( GEOMETRIC_REPRESENTATION_CONTEXT(2) 
PARAMETRIC_REPRESENTATION_CONTEXT() REPRESENTATION_CONTEXT('2D SPACE',''
  ) );
#11076 = PCURVE('',#968,#11077);
#11077 = DEFINITIONAL_REPRESENTATION('',(#11078),#11082);
#11078 = LINE('',#11079,#11080);
#11079 = CARTESIAN_POINT('',(0.431769420574,0.));
#11080 = VECTOR('',#11081,1.);
#11081 = DIRECTION('',(0.,-1.));
#11082 = ( GEOMETRIC_REPRESENTATION_CONTEXT(2) 
PARAMETRIC_REPRESENTATION_CONTEXT() REPRESENTATION_CONTEXT('2D SPACE',''
  ) );
#11083 = ORIENTED_EDGE('',*,*,#7107,.T.);
#11084 = ORIENTED_EDGE('',*,*,#11009,.F.);
#11085 = ORIENTED_EDGE('',*,*,#734,.F.);
#11086 = ADVANCED_FACE('',(#11087),#968,.T.);
#11087 = FACE_BOUND('',#11088,.T.);
#11088 = EDGE_LOOP('',(#11089,#11090,#11091,#11092));
#11089 = ORIENTED_EDGE('',*,*,#11038,.T.);
#11090 = ORIENTED_EDGE('',*,*,#7224,.T.);
#11091 = ORIENTED_EDGE('',*,*,#11063,.F.);
#11092 = ORIENTED_EDGE('',*,*,#952,.F.);
#11093 = ADVANCED_FACE('',(#11094),#1246,.T.);
#11094 = FACE_BOUND('',#11095,.F.);
#11095 = EDGE_LOOP('',(#11096,#11117,#11118,#11139));
#11096 = ORIENTED_EDGE('',*,*,#11097,.T.);
#11097 = EDGE_CURVE('',#1228,#7389,#11098,.T.);
#11098 = SURFACE_CURVE('',#11099,(#11103,#11110),.PCURVE_S1.);
#11099 = LINE('',#11100,#11101);
#11100 = CARTESIAN_POINT('',(-2.196328806542,-12.50864260315,0.));
#11101 = VECTOR('',#11102,1.);
#11102 = DIRECTION('',(0.,0.,1.));
#11103 = PCURVE('',#1246,#11104);
#11104 = DEFINITIONAL_REPRESENTATION('',(#11105),#11109);
#11105 = LINE('',#11106,#11107);
#11106 = CARTESIAN_POINT('',(-4.53857584708,0.));
#11107 = VECTOR('',#11108,1.);
#11108 = DIRECTION('',(-0.,-1.));
#11109 = ( GEOMETRIC_REPRESENTATION_CONTEXT(2) 
PARAMETRIC_REPRESENTATION_CONTEXT() REPRESENTATION_CONTEXT('2D SPACE',''
  ) );
#11110 = PCURVE('',#1669,#11111);
#11111 = DEFINITIONAL_REPRESENTATION('',(#11112),#11116);
#11112 = LINE('',#11113,#11114);
#11113 = CARTESIAN_POINT('',(4.294967752968,0.));
#11114 = VECTOR('',#11115,1.);
#11115 = DIRECTION('',(0.,-1.));
#11116 = ( GEOMETRIC_REPRESENTATION_CONTEXT(2) 
PARAMETRIC_REPRESENTATION_CONTEXT() REPRESENTATION_CONTEXT('2D SPACE',''
  ) );
#11117 = ORIENTED_EDGE('',*,*,#7388,.T.);
#11118 = ORIENTED_EDGE('',*,*,#11119,.F.);
#11119 = EDGE_CURVE('',#1230,#7391,#11120,.T.);
#11120 = SURFACE_CURVE('',#11121,(#11125,#11132),.PCURVE_S1.);
#11121 = LINE('',#11122,#11123);
#11122 = CARTESIAN_POINT('',(-0.11052333949,-12.69951906929,0.));
#11123 = VECTOR('',#11124,1.);
#11124 = DIRECTION('',(0.,0.,1.));
#11125 = PCURVE('',#1246,#11126);
#11126 = DEFINITIONAL_REPRESENTATION('',(#11127),#11131);
#11127 = LINE('',#11128,#11129);
#11128 = CARTESIAN_POINT('',(-4.703686245374,0.));
#11129 = VECTOR('',#11130,1.);
#11130 = DIRECTION('',(-0.,-1.));
#11131 = ( GEOMETRIC_REPRESENTATION_CONTEXT(2) 
PARAMETRIC_REPRESENTATION_CONTEXT() REPRESENTATION_CONTEXT('2D SPACE',''
  ) );
#11132 = PCURVE('',#1274,#11133);
#11133 = DEFINITIONAL_REPRESENTATION('',(#11134),#11138);
#11134 = LINE('',#11135,#11136);
#11135 = CARTESIAN_POINT('',(1.450995443107,0.));
#11136 = VECTOR('',#11137,1.);
#11137 = DIRECTION('',(0.,-1.));
#11138 = ( GEOMETRIC_REPRESENTATION_CONTEXT(2) 
PARAMETRIC_REPRESENTATION_CONTEXT() REPRESENTATION_CONTEXT('2D SPACE',''
  ) );
#11139 = ORIENTED_EDGE('',*,*,#1227,.F.);
#11140 = ADVANCED_FACE('',(#11141),#1669,.T.);
#11141 = FACE_BOUND('',#11142,.T.);
#11142 = EDGE_LOOP('',(#11143,#11144,#11145,#11166));
#11143 = ORIENTED_EDGE('',*,*,#11097,.T.);
#11144 = ORIENTED_EDGE('',*,*,#7601,.T.);
#11145 = ORIENTED_EDGE('',*,*,#11146,.F.);
#11146 = EDGE_CURVE('',#1533,#7578,#11147,.T.);
#11147 = SURFACE_CURVE('',#11148,(#11152,#11159),.PCURVE_S1.);
#11148 = LINE('',#11149,#11150);
#11149 = CARTESIAN_POINT('',(-23.34155203776,-42.5137853933,0.));
#11150 = VECTOR('',#11151,1.);
#11151 = DIRECTION('',(0.,0.,1.));
#11152 = PCURVE('',#1669,#11153);
#11153 = DEFINITIONAL_REPRESENTATION('',(#11154),#11158);
#11154 = LINE('',#11155,#11156);
#11155 = CARTESIAN_POINT('',(58.209842986943,0.));
#11156 = VECTOR('',#11157,1.);
#11157 = DIRECTION('',(0.,-1.));
#11158 = ( GEOMETRIC_REPRESENTATION_CONTEXT(2) 
PARAMETRIC_REPRESENTATION_CONTEXT() REPRESENTATION_CONTEXT('2D SPACE',''
  ) );
#11159 = PCURVE('',#1549,#11160);
#11160 = DEFINITIONAL_REPRESENTATION('',(#11161),#11165);
#11161 = LINE('',#11162,#11163);
#11162 = CARTESIAN_POINT('',(-4.210287028826,0.));
#11163 = VECTOR('',#11164,1.);
#11164 = DIRECTION('',(-0.,-1.));
#11165 = ( GEOMETRIC_REPRESENTATION_CONTEXT(2) 
PARAMETRIC_REPRESENTATION_CONTEXT() REPRESENTATION_CONTEXT('2D SPACE',''
  ) );
#11166 = ORIENTED_EDGE('',*,*,#1561,.F.);
#11167 = ADVANCED_FACE('',(#11168),#1274,.T.);
#11168 = FACE_BOUND('',#11169,.T.);
#11169 = EDGE_LOOP('',(#11170,#11191,#11192,#11193));
#11170 = ORIENTED_EDGE('',*,*,#11171,.T.);
#11171 = EDGE_CURVE('',#1259,#7415,#11172,.T.);
#11172 = SURFACE_CURVE('',#11173,(#11177,#11184),.PCURVE_S1.);
#11173 = LINE('',#11174,#11175);
#11174 = CARTESIAN_POINT('',(-0.11052333949,-14.1505145124,0.));
#11175 = VECTOR('',#11176,1.);
#11176 = DIRECTION('',(0.,0.,1.));
#11177 = PCURVE('',#1274,#11178);
#11178 = DEFINITIONAL_REPRESENTATION('',(#11179),#11183);
#11179 = LINE('',#11180,#11181);
#11180 = CARTESIAN_POINT('',(0.,0.));
#11181 = VECTOR('',#11182,1.);
#11182 = DIRECTION('',(0.,-1.));
#11183 = ( GEOMETRIC_REPRESENTATION_CONTEXT(2) 
PARAMETRIC_REPRESENTATION_CONTEXT() REPRESENTATION_CONTEXT('2D SPACE',''
  ) );
#11184 = PCURVE('',#1396,#11185);
#11185 = DEFINITIONAL_REPRESENTATION('',(#11186),#11190);
#11186 = LINE('',#11187,#11188);
#11187 = CARTESIAN_POINT('',(55.987800380247,0.));
#11188 = VECTOR('',#11189,1.);
#11189 = DIRECTION('',(0.,-1.));
#11190 = ( GEOMETRIC_REPRESENTATION_CONTEXT(2) 
PARAMETRIC_REPRESENTATION_CONTEXT() REPRESENTATION_CONTEXT('2D SPACE',''
  ) );
#11191 = ORIENTED_EDGE('',*,*,#7414,.T.);
#11192 = ORIENTED_EDGE('',*,*,#11119,.F.);
#11193 = ORIENTED_EDGE('',*,*,#1258,.F.);
#11194 = ADVANCED_FACE('',(#11195),#1549,.F.);
#11195 = FACE_BOUND('',#11196,.T.);
#11196 = EDGE_LOOP('',(#11197,#11198,#11199,#11220));
#11197 = ORIENTED_EDGE('',*,*,#11146,.T.);
#11198 = ORIENTED_EDGE('',*,*,#7577,.T.);
#11199 = ORIENTED_EDGE('',*,*,#11200,.F.);
#11200 = EDGE_CURVE('',#1505,#7555,#11201,.T.);
#11201 = SURFACE_CURVE('',#11202,(#11206,#11213),.PCURVE_S1.);
#11202 = LINE('',#11203,#11204);
#11203 = CARTESIAN_POINT('',(-1.04227966586,-48.48879925403,0.));
#11204 = VECTOR('',#11205,1.);
#11205 = DIRECTION('',(0.,0.,1.));
#11206 = PCURVE('',#1549,#11207);
#11207 = DEFINITIONAL_REPRESENTATION('',(#11208),#11212);
#11208 = LINE('',#11209,#11210);
#11209 = CARTESIAN_POINT('',(-4.690897023496,0.));
#11210 = VECTOR('',#11211,1.);
#11211 = DIRECTION('',(-0.,-1.));
#11212 = ( GEOMETRIC_REPRESENTATION_CONTEXT(2) 
PARAMETRIC_REPRESENTATION_CONTEXT() REPRESENTATION_CONTEXT('2D SPACE',''
  ) );
#11213 = PCURVE('',#1520,#11214);
#11214 = DEFINITIONAL_REPRESENTATION('',(#11215),#11219);
#11215 = LINE('',#11216,#11217);
#11216 = CARTESIAN_POINT('',(4.965804660887E-16,0.));
#11217 = VECTOR('',#11218,1.);
#11218 = DIRECTION('',(0.,-1.));
#11219 = ( GEOMETRIC_REPRESENTATION_CONTEXT(2) 
PARAMETRIC_REPRESENTATION_CONTEXT() REPRESENTATION_CONTEXT('2D SPACE',''
  ) );
#11220 = ORIENTED_EDGE('',*,*,#1532,.F.);
#11221 = ADVANCED_FACE('',(#11222),#1396,.T.);
#11222 = FACE_BOUND('',#11223,.T.);
#11223 = EDGE_LOOP('',(#11224,#11245,#11246,#11247));
#11224 = ORIENTED_EDGE('',*,*,#11225,.T.);
#11225 = EDGE_CURVE('',#1287,#7438,#11226,.T.);
#11226 = SURFACE_CURVE('',#11227,(#11231,#11238),.PCURVE_S1.);
#11227 = LINE('',#11228,#11229);
#11228 = CARTESIAN_POINT('',(-0.849157873792,-48.10262726389,0.));
#11229 = VECTOR('',#11230,1.);
#11230 = DIRECTION('',(0.,0.,1.));
#11231 = PCURVE('',#1396,#11232);
#11232 = DEFINITIONAL_REPRESENTATION('',(#11233),#11237);
#11233 = LINE('',#11234,#11235);
#11234 = CARTESIAN_POINT('',(0.,0.));
#11235 = VECTOR('',#11236,1.);
#11236 = DIRECTION('',(0.,-1.));
#11237 = ( GEOMETRIC_REPRESENTATION_CONTEXT(2) 
PARAMETRIC_REPRESENTATION_CONTEXT() REPRESENTATION_CONTEXT('2D SPACE',''
  ) );
#11238 = PCURVE('',#1520,#11239);
#11239 = DEFINITIONAL_REPRESENTATION('',(#11240),#11244);
#11240 = LINE('',#11241,#11242);
#11241 = CARTESIAN_POINT('',(0.431769420573,0.));
#11242 = VECTOR('',#11243,1.);
#11243 = DIRECTION('',(0.,-1.));
#11244 = ( GEOMETRIC_REPRESENTATION_CONTEXT(2) 
PARAMETRIC_REPRESENTATION_CONTEXT() REPRESENTATION_CONTEXT('2D SPACE',''
  ) );
#11245 = ORIENTED_EDGE('',*,*,#7437,.T.);
#11246 = ORIENTED_EDGE('',*,*,#11171,.F.);
#11247 = ORIENTED_EDGE('',*,*,#1286,.F.);
#11248 = ADVANCED_FACE('',(#11249),#1520,.T.);
#11249 = FACE_BOUND('',#11250,.T.);
#11250 = EDGE_LOOP('',(#11251,#11252,#11253,#11254));
#11251 = ORIENTED_EDGE('',*,*,#11200,.T.);
#11252 = ORIENTED_EDGE('',*,*,#7554,.T.);
#11253 = ORIENTED_EDGE('',*,*,#11225,.F.);
#11254 = ORIENTED_EDGE('',*,*,#1504,.F.);
#11255 = ADVANCED_FACE('',(#11256),#1798,.T.);
#11256 = FACE_BOUND('',#11257,.F.);
#11257 = EDGE_LOOP('',(#11258,#11279,#11280,#11301));
#11258 = ORIENTED_EDGE('',*,*,#11259,.T.);
#11259 = EDGE_CURVE('',#1780,#7719,#11260,.T.);
#11260 = SURFACE_CURVE('',#11261,(#11265,#11272),.PCURVE_S1.);
#11261 = LINE('',#11262,#11263);
#11262 = CARTESIAN_POINT('',(-11.93096666446,-4.35224476005,0.));
#11263 = VECTOR('',#11264,1.);
#11264 = DIRECTION('',(0.,0.,1.));
#11265 = PCURVE('',#1798,#11266);
#11266 = DEFINITIONAL_REPRESENTATION('',(#11267),#11271);
#11267 = LINE('',#11268,#11269);
#11268 = CARTESIAN_POINT('',(-3.491378295884,0.));
#11269 = VECTOR('',#11270,1.);
#11270 = DIRECTION('',(-0.,-1.));
#11271 = ( GEOMETRIC_REPRESENTATION_CONTEXT(2) 
PARAMETRIC_REPRESENTATION_CONTEXT() REPRESENTATION_CONTEXT('2D SPACE',''
  ) );
#11272 = PCURVE('',#2221,#11273);
#11273 = DEFINITIONAL_REPRESENTATION('',(#11274),#11278);
#11274 = LINE('',#11275,#11276);
#11275 = CARTESIAN_POINT('',(4.294967752968,0.));
#11276 = VECTOR('',#11277,1.);
#11277 = DIRECTION('',(0.,-1.));
#11278 = ( GEOMETRIC_REPRESENTATION_CONTEXT(2) 
PARAMETRIC_REPRESENTATION_CONTEXT() REPRESENTATION_CONTEXT('2D SPACE',''
  ) );
#11279 = ORIENTED_EDGE('',*,*,#7718,.T.);
#11280 = ORIENTED_EDGE('',*,*,#11281,.F.);
#11281 = EDGE_CURVE('',#1782,#7721,#11282,.T.);
#11282 = SURFACE_CURVE('',#11283,(#11287,#11294),.PCURVE_S1.);
#11283 = LINE('',#11284,#11285);
#11284 = CARTESIAN_POINT('',(-11.0533677996,-6.254043514939,0.));
#11285 = VECTOR('',#11286,1.);
#11286 = DIRECTION('',(0.,0.,1.));
#11287 = PCURVE('',#1798,#11288);
#11288 = DEFINITIONAL_REPRESENTATION('',(#11289),#11293);
#11289 = LINE('',#11290,#11291);
#11290 = CARTESIAN_POINT('',(-3.656488694178,0.));
#11291 = VECTOR('',#11292,1.);
#11292 = DIRECTION('',(-0.,-1.));
#11293 = ( GEOMETRIC_REPRESENTATION_CONTEXT(2) 
PARAMETRIC_REPRESENTATION_CONTEXT() REPRESENTATION_CONTEXT('2D SPACE',''
  ) );
#11294 = PCURVE('',#1826,#11295);
#11295 = DEFINITIONAL_REPRESENTATION('',(#11296),#11300);
#11296 = LINE('',#11297,#11298);
#11297 = CARTESIAN_POINT('',(1.450995443107,0.));
#11298 = VECTOR('',#11299,1.);
#11299 = DIRECTION('',(0.,-1.));
#11300 = ( GEOMETRIC_REPRESENTATION_CONTEXT(2) 
PARAMETRIC_REPRESENTATION_CONTEXT() REPRESENTATION_CONTEXT('2D SPACE',''
  ) );
#11301 = ORIENTED_EDGE('',*,*,#1779,.F.);
#11302 = ADVANCED_FACE('',(#11303),#2221,.T.);
#11303 = FACE_BOUND('',#11304,.T.);
#11304 = EDGE_LOOP('',(#11305,#11306,#11307,#11328));
#11305 = ORIENTED_EDGE('',*,*,#11259,.T.);
#11306 = ORIENTED_EDGE('',*,*,#7931,.T.);
#11307 = ORIENTED_EDGE('',*,*,#11308,.F.);
#11308 = EDGE_CURVE('',#2085,#7908,#11309,.T.);
#11309 = SURFACE_CURVE('',#11310,(#11314,#11321),.PCURVE_S1.);
#11310 = LINE('',#11311,#11312);
#11311 = CARTESIAN_POINT('',(-48.48879418052,-1.042515668191,0.));
#11312 = VECTOR('',#11313,1.);
#11313 = DIRECTION('',(0.,0.,1.));
#11314 = PCURVE('',#2221,#11315);
#11315 = DEFINITIONAL_REPRESENTATION('',(#11316),#11320);
#11316 = LINE('',#11317,#11318);
#11317 = CARTESIAN_POINT('',(58.209842986943,0.));
#11318 = VECTOR('',#11319,1.);
#11319 = DIRECTION('',(0.,-1.));
#11320 = ( GEOMETRIC_REPRESENTATION_CONTEXT(2) 
PARAMETRIC_REPRESENTATION_CONTEXT() REPRESENTATION_CONTEXT('2D SPACE',''
  ) );
#11321 = PCURVE('',#2101,#11322);
#11322 = DEFINITIONAL_REPRESENTATION('',(#11323),#11327);
#11323 = LINE('',#11324,#11325);
#11324 = CARTESIAN_POINT('',(-3.16308947763,0.));
#11325 = VECTOR('',#11326,1.);
#11326 = DIRECTION('',(-0.,-1.));
#11327 = ( GEOMETRIC_REPRESENTATION_CONTEXT(2) 
PARAMETRIC_REPRESENTATION_CONTEXT() REPRESENTATION_CONTEXT('2D SPACE',''
  ) );
#11328 = ORIENTED_EDGE('',*,*,#2113,.F.);
#11329 = ADVANCED_FACE('',(#11330),#1826,.T.);
#11330 = FACE_BOUND('',#11331,.T.);
#11331 = EDGE_LOOP('',(#11332,#11353,#11354,#11355));
#11332 = ORIENTED_EDGE('',*,*,#11333,.T.);
#11333 = EDGE_CURVE('',#1811,#7745,#11334,.T.);
#11334 = SURFACE_CURVE('',#11335,(#11339,#11346),.PCURVE_S1.);
#11335 = LINE('',#11336,#11337);
#11336 = CARTESIAN_POINT('',(-12.3099667141,-6.979541236493,0.));
#11337 = VECTOR('',#11338,1.);
#11338 = DIRECTION('',(0.,0.,1.));
#11339 = PCURVE('',#1826,#11340);
#11340 = DEFINITIONAL_REPRESENTATION('',(#11341),#11345);
#11341 = LINE('',#11342,#11343);
#11342 = CARTESIAN_POINT('',(0.,0.));
#11343 = VECTOR('',#11344,1.);
#11344 = DIRECTION('',(0.,-1.));
#11345 = ( GEOMETRIC_REPRESENTATION_CONTEXT(2) 
PARAMETRIC_REPRESENTATION_CONTEXT() REPRESENTATION_CONTEXT('2D SPACE',''
  ) );
#11346 = PCURVE('',#1948,#11347);
#11347 = DEFINITIONAL_REPRESENTATION('',(#11348),#11352);
#11348 = LINE('',#11349,#11350);
#11349 = CARTESIAN_POINT('',(55.987800380247,0.));
#11350 = VECTOR('',#11351,1.);
#11351 = DIRECTION('',(0.,-1.));
#11352 = ( GEOMETRIC_REPRESENTATION_CONTEXT(2) 
PARAMETRIC_REPRESENTATION_CONTEXT() REPRESENTATION_CONTEXT('2D SPACE',''
  ) );
#11353 = ORIENTED_EDGE('',*,*,#7744,.T.);
#11354 = ORIENTED_EDGE('',*,*,#11281,.F.);
#11355 = ORIENTED_EDGE('',*,*,#1810,.F.);
#11356 = ADVANCED_FACE('',(#11357),#2101,.F.);
#11357 = FACE_BOUND('',#11358,.T.);
#11358 = EDGE_LOOP('',(#11359,#11360,#11361,#11382));
#11359 = ORIENTED_EDGE('',*,*,#11308,.T.);
#11360 = ORIENTED_EDGE('',*,*,#7907,.T.);
#11361 = ORIENTED_EDGE('',*,*,#11362,.F.);
#11362 = EDGE_CURVE('',#2057,#7885,#11363,.T.);
#11363 = SURFACE_CURVE('',#11364,(#11368,#11375),.PCURVE_S1.);
#11364 = LINE('',#11365,#11366);
#11365 = CARTESIAN_POINT('',(-42.51367178592,-23.34175895853,0.));
#11366 = VECTOR('',#11367,1.);
#11367 = DIRECTION('',(0.,0.,1.));
#11368 = PCURVE('',#2101,#11369);
#11369 = DEFINITIONAL_REPRESENTATION('',(#11370),#11374);
#11370 = LINE('',#11371,#11372);
#11371 = CARTESIAN_POINT('',(-3.6436994723,0.));
#11372 = VECTOR('',#11373,1.);
#11373 = DIRECTION('',(-0.,-1.));
#11374 = ( GEOMETRIC_REPRESENTATION_CONTEXT(2) 
PARAMETRIC_REPRESENTATION_CONTEXT() REPRESENTATION_CONTEXT('2D SPACE',''
  ) );
#11375 = PCURVE('',#2072,#11376);
#11376 = DEFINITIONAL_REPRESENTATION('',(#11377),#11381);
#11377 = LINE('',#11378,#11379);
#11378 = CARTESIAN_POINT('',(0.,0.));
#11379 = VECTOR('',#11380,1.);
#11380 = DIRECTION('',(0.,-1.));
#11381 = ( GEOMETRIC_REPRESENTATION_CONTEXT(2) 
PARAMETRIC_REPRESENTATION_CONTEXT() REPRESENTATION_CONTEXT('2D SPACE',''
  ) );
#11382 = ORIENTED_EDGE('',*,*,#2084,.F.);
#11383 = ADVANCED_FACE('',(#11384),#1948,.T.);
#11384 = FACE_BOUND('',#11385,.T.);
#11385 = EDGE_LOOP('',(#11386,#11407,#11408,#11409));
#11386 = ORIENTED_EDGE('',*,*,#11387,.T.);
#11387 = EDGE_CURVE('',#1839,#7768,#11388,.T.);
#11388 = SURFACE_CURVE('',#11389,(#11393,#11400),.PCURVE_S1.);
#11389 = LINE('',#11390,#11391);
#11390 = CARTESIAN_POINT('',(-42.0826761362,-23.31592134141,0.));
#11391 = VECTOR('',#11392,1.);
#11392 = DIRECTION('',(0.,0.,1.));
#11393 = PCURVE('',#1948,#11394);
#11394 = DEFINITIONAL_REPRESENTATION('',(#11395),#11399);
#11395 = LINE('',#11396,#11397);
#11396 = CARTESIAN_POINT('',(0.,0.));
#11397 = VECTOR('',#11398,1.);
#11398 = DIRECTION('',(0.,-1.));
#11399 = ( GEOMETRIC_REPRESENTATION_CONTEXT(2) 
PARAMETRIC_REPRESENTATION_CONTEXT() REPRESENTATION_CONTEXT('2D SPACE',''
  ) );
#11400 = PCURVE('',#2072,#11401);
#11401 = DEFINITIONAL_REPRESENTATION('',(#11402),#11406);
#11402 = LINE('',#11403,#11404);
#11403 = CARTESIAN_POINT('',(0.431769420573,0.));
#11404 = VECTOR('',#11405,1.);
#11405 = DIRECTION('',(0.,-1.));
#11406 = ( GEOMETRIC_REPRESENTATION_CONTEXT(2) 
PARAMETRIC_REPRESENTATION_CONTEXT() REPRESENTATION_CONTEXT('2D SPACE',''
  ) );
#11407 = ORIENTED_EDGE('',*,*,#7767,.T.);
#11408 = ORIENTED_EDGE('',*,*,#11333,.F.);
#11409 = ORIENTED_EDGE('',*,*,#1838,.F.);
#11410 = ADVANCED_FACE('',(#11411),#2072,.T.);
#11411 = FACE_BOUND('',#11412,.T.);
#11412 = EDGE_LOOP('',(#11413,#11414,#11415,#11416));
#11413 = ORIENTED_EDGE('',*,*,#11362,.T.);
#11414 = ORIENTED_EDGE('',*,*,#7884,.T.);
#11415 = ORIENTED_EDGE('',*,*,#11387,.F.);
#11416 = ORIENTED_EDGE('',*,*,#2056,.F.);
#11417 = ADVANCED_FACE('',(#11418),#2350,.T.);
#11418 = FACE_BOUND('',#11419,.F.);
#11419 = EDGE_LOOP('',(#11420,#11441,#11442,#11463));
#11420 = ORIENTED_EDGE('',*,*,#11421,.T.);
#11421 = EDGE_CURVE('',#2332,#8049,#11422,.T.);
#11422 = SURFACE_CURVE('',#11423,(#11427,#11434),.PCURVE_S1.);
#11423 = LINE('',#11424,#11425);
#11424 = CARTESIAN_POINT('',(4.35224476005,-11.93096666446,0.));
#11425 = VECTOR('',#11426,1.);
#11426 = DIRECTION('',(0.,0.,1.));
#11427 = PCURVE('',#2350,#11428);
#11428 = DEFINITIONAL_REPRESENTATION('',(#11429),#11433);
#11429 = LINE('',#11430,#11431);
#11430 = CARTESIAN_POINT('',(-5.062174622679,0.));
#11431 = VECTOR('',#11432,1.);
#11432 = DIRECTION('',(-0.,-1.));
#11433 = ( GEOMETRIC_REPRESENTATION_CONTEXT(2) 
PARAMETRIC_REPRESENTATION_CONTEXT() REPRESENTATION_CONTEXT('2D SPACE',''
  ) );
#11434 = PCURVE('',#2773,#11435);
#11435 = DEFINITIONAL_REPRESENTATION('',(#11436),#11440);
#11436 = LINE('',#11437,#11438);
#11437 = CARTESIAN_POINT('',(4.294967752968,0.));
#11438 = VECTOR('',#11439,1.);
#11439 = DIRECTION('',(0.,-1.));
#11440 = ( GEOMETRIC_REPRESENTATION_CONTEXT(2) 
PARAMETRIC_REPRESENTATION_CONTEXT() REPRESENTATION_CONTEXT('2D SPACE',''
  ) );
#11441 = ORIENTED_EDGE('',*,*,#8048,.T.);
#11442 = ORIENTED_EDGE('',*,*,#11443,.F.);
#11443 = EDGE_CURVE('',#2334,#8051,#11444,.T.);
#11444 = SURFACE_CURVE('',#11445,(#11449,#11456),.PCURVE_S1.);
#11445 = LINE('',#11446,#11447);
#11446 = CARTESIAN_POINT('',(6.254043514939,-11.0533677996,0.));
#11447 = VECTOR('',#11448,1.);
#11448 = DIRECTION('',(0.,0.,1.));
#11449 = PCURVE('',#2350,#11450);
#11450 = DEFINITIONAL_REPRESENTATION('',(#11451),#11455);
#11451 = LINE('',#11452,#11453);
#11452 = CARTESIAN_POINT('',(-5.227285020973,0.));
#11453 = VECTOR('',#11454,1.);
#11454 = DIRECTION('',(-0.,-1.));
#11455 = ( GEOMETRIC_REPRESENTATION_CONTEXT(2) 
PARAMETRIC_REPRESENTATION_CONTEXT() REPRESENTATION_CONTEXT('2D SPACE',''
  ) );
#11456 = PCURVE('',#2378,#11457);
#11457 = DEFINITIONAL_REPRESENTATION('',(#11458),#11462);
#11458 = LINE('',#11459,#11460);
#11459 = CARTESIAN_POINT('',(1.450995443107,0.));
#11460 = VECTOR('',#11461,1.);
#11461 = DIRECTION('',(0.,-1.));
#11462 = ( GEOMETRIC_REPRESENTATION_CONTEXT(2) 
PARAMETRIC_REPRESENTATION_CONTEXT() REPRESENTATION_CONTEXT('2D SPACE',''
  ) );
#11463 = ORIENTED_EDGE('',*,*,#2331,.F.);
#11464 = ADVANCED_FACE('',(#11465),#2773,.T.);
#11465 = FACE_BOUND('',#11466,.T.);
#11466 = EDGE_LOOP('',(#11467,#11468,#11469,#11490));
#11467 = ORIENTED_EDGE('',*,*,#11421,.T.);
#11468 = ORIENTED_EDGE('',*,*,#8261,.T.);
#11469 = ORIENTED_EDGE('',*,*,#11470,.F.);
#11470 = EDGE_CURVE('',#2637,#8238,#11471,.T.);
#11471 = SURFACE_CURVE('',#11472,(#11476,#11483),.PCURVE_S1.);
#11472 = LINE('',#11473,#11474);
#11473 = CARTESIAN_POINT('',(1.042515668191,-48.48879418052,0.));
#11474 = VECTOR('',#11475,1.);
#11475 = DIRECTION('',(0.,0.,1.));
#11476 = PCURVE('',#2773,#11477);
#11477 = DEFINITIONAL_REPRESENTATION('',(#11478),#11482);
#11478 = LINE('',#11479,#11480);
#11479 = CARTESIAN_POINT('',(58.209842986943,0.));
#11480 = VECTOR('',#11481,1.);
#11481 = DIRECTION('',(0.,-1.));
#11482 = ( GEOMETRIC_REPRESENTATION_CONTEXT(2) 
PARAMETRIC_REPRESENTATION_CONTEXT() REPRESENTATION_CONTEXT('2D SPACE',''
  ) );
#11483 = PCURVE('',#2653,#11484);
#11484 = DEFINITIONAL_REPRESENTATION('',(#11485),#11489);
#11485 = LINE('',#11486,#11487);
#11486 = CARTESIAN_POINT('',(-4.733885804425,0.));
#11487 = VECTOR('',#11488,1.);
#11488 = DIRECTION('',(-0.,-1.));
#11489 = ( GEOMETRIC_REPRESENTATION_CONTEXT(2) 
PARAMETRIC_REPRESENTATION_CONTEXT() REPRESENTATION_CONTEXT('2D SPACE',''
  ) );
#11490 = ORIENTED_EDGE('',*,*,#2665,.F.);
#11491 = ADVANCED_FACE('',(#11492),#2378,.T.);
#11492 = FACE_BOUND('',#11493,.T.);
#11493 = EDGE_LOOP('',(#11494,#11515,#11516,#11517));
#11494 = ORIENTED_EDGE('',*,*,#11495,.T.);
#11495 = EDGE_CURVE('',#2363,#8075,#11496,.T.);
#11496 = SURFACE_CURVE('',#11497,(#11501,#11508),.PCURVE_S1.);
#11497 = LINE('',#11498,#11499);
#11498 = CARTESIAN_POINT('',(6.979541236493,-12.3099667141,0.));
#11499 = VECTOR('',#11500,1.);
#11500 = DIRECTION('',(0.,0.,1.));
#11501 = PCURVE('',#2378,#11502);
#11502 = DEFINITIONAL_REPRESENTATION('',(#11503),#11507);
#11503 = LINE('',#11504,#11505);
#11504 = CARTESIAN_POINT('',(0.,0.));
#11505 = VECTOR('',#11506,1.);
#11506 = DIRECTION('',(0.,-1.));
#11507 = ( GEOMETRIC_REPRESENTATION_CONTEXT(2) 
PARAMETRIC_REPRESENTATION_CONTEXT() REPRESENTATION_CONTEXT('2D SPACE',''
  ) );
#11508 = PCURVE('',#2500,#11509);
#11509 = DEFINITIONAL_REPRESENTATION('',(#11510),#11514);
#11510 = LINE('',#11511,#11512);
#11511 = CARTESIAN_POINT('',(55.987800380247,0.));
#11512 = VECTOR('',#11513,1.);
#11513 = DIRECTION('',(0.,-1.));
#11514 = ( GEOMETRIC_REPRESENTATION_CONTEXT(2) 
PARAMETRIC_REPRESENTATION_CONTEXT() REPRESENTATION_CONTEXT('2D SPACE',''
  ) );
#11515 = ORIENTED_EDGE('',*,*,#8074,.T.);
#11516 = ORIENTED_EDGE('',*,*,#11443,.F.);
#11517 = ORIENTED_EDGE('',*,*,#2362,.F.);
#11518 = ADVANCED_FACE('',(#11519),#2653,.F.);
#11519 = FACE_BOUND('',#11520,.T.);
#11520 = EDGE_LOOP('',(#11521,#11522,#11523,#11544));
#11521 = ORIENTED_EDGE('',*,*,#11470,.T.);
#11522 = ORIENTED_EDGE('',*,*,#8237,.T.);
#11523 = ORIENTED_EDGE('',*,*,#11524,.F.);
#11524 = EDGE_CURVE('',#2609,#8215,#11525,.T.);
#11525 = SURFACE_CURVE('',#11526,(#11530,#11537),.PCURVE_S1.);
#11526 = LINE('',#11527,#11528);
#11527 = CARTESIAN_POINT('',(23.341758958535,-42.51367178592,0.));
#11528 = VECTOR('',#11529,1.);
#11529 = DIRECTION('',(0.,0.,1.));
#11530 = PCURVE('',#2653,#11531);
#11531 = DEFINITIONAL_REPRESENTATION('',(#11532),#11536);
#11532 = LINE('',#11533,#11534);
#11533 = CARTESIAN_POINT('',(-5.214495799095,0.));
#11534 = VECTOR('',#11535,1.);
#11535 = DIRECTION('',(-0.,-1.));
#11536 = ( GEOMETRIC_REPRESENTATION_CONTEXT(2) 
PARAMETRIC_REPRESENTATION_CONTEXT() REPRESENTATION_CONTEXT('2D SPACE',''
  ) );
#11537 = PCURVE('',#2624,#11538);
#11538 = DEFINITIONAL_REPRESENTATION('',(#11539),#11543);
#11539 = LINE('',#11540,#11541);
#11540 = CARTESIAN_POINT('',(0.,0.));
#11541 = VECTOR('',#11542,1.);
#11542 = DIRECTION('',(0.,-1.));
#11543 = ( GEOMETRIC_REPRESENTATION_CONTEXT(2) 
PARAMETRIC_REPRESENTATION_CONTEXT() REPRESENTATION_CONTEXT('2D SPACE',''
  ) );
#11544 = ORIENTED_EDGE('',*,*,#2636,.F.);
#11545 = ADVANCED_FACE('',(#11546),#2500,.T.);
#11546 = FACE_BOUND('',#11547,.T.);
#11547 = EDGE_LOOP('',(#11548,#11569,#11570,#11571));
#11548 = ORIENTED_EDGE('',*,*,#11549,.T.);
#11549 = EDGE_CURVE('',#2391,#8098,#11550,.T.);
#11550 = SURFACE_CURVE('',#11551,(#11555,#11562),.PCURVE_S1.);
#11551 = LINE('',#11552,#11553);
#11552 = CARTESIAN_POINT('',(23.315921341419,-42.0826761362,0.));
#11553 = VECTOR('',#11554,1.);
#11554 = DIRECTION('',(0.,0.,1.));
#11555 = PCURVE('',#2500,#11556);
#11556 = DEFINITIONAL_REPRESENTATION('',(#11557),#11561);
#11557 = LINE('',#11558,#11559);
#11558 = CARTESIAN_POINT('',(0.,0.));
#11559 = VECTOR('',#11560,1.);
#11560 = DIRECTION('',(0.,-1.));
#11561 = ( GEOMETRIC_REPRESENTATION_CONTEXT(2) 
PARAMETRIC_REPRESENTATION_CONTEXT() REPRESENTATION_CONTEXT('2D SPACE',''
  ) );
#11562 = PCURVE('',#2624,#11563);
#11563 = DEFINITIONAL_REPRESENTATION('',(#11564),#11568);
#11564 = LINE('',#11565,#11566);
#11565 = CARTESIAN_POINT('',(0.431769420573,0.));
#11566 = VECTOR('',#11567,1.);
#11567 = DIRECTION('',(0.,-1.));
#11568 = ( GEOMETRIC_REPRESENTATION_CONTEXT(2) 
PARAMETRIC_REPRESENTATION_CONTEXT() REPRESENTATION_CONTEXT('2D SPACE',''
  ) );
#11569 = ORIENTED_EDGE('',*,*,#8097,.T.);
#11570 = ORIENTED_EDGE('',*,*,#11495,.F.);
#11571 = ORIENTED_EDGE('',*,*,#2390,.F.);
#11572 = ADVANCED_FACE('',(#11573),#2624,.T.);
#11573 = FACE_BOUND('',#11574,.T.);
#11574 = EDGE_LOOP('',(#11575,#11576,#11577,#11578));
#11575 = ORIENTED_EDGE('',*,*,#11524,.T.);
#11576 = ORIENTED_EDGE('',*,*,#8214,.T.);
#11577 = ORIENTED_EDGE('',*,*,#11549,.F.);
#11578 = ORIENTED_EDGE('',*,*,#2608,.F.);
#11579 = ADVANCED_FACE('',(#11580),#2902,.T.);
#11580 = FACE_BOUND('',#11581,.F.);
#11581 = EDGE_LOOP('',(#11582,#11603,#11604,#11625));
#11582 = ORIENTED_EDGE('',*,*,#11583,.T.);
#11583 = EDGE_CURVE('',#2884,#8379,#11584,.T.);
#11584 = SURFACE_CURVE('',#11585,(#11589,#11596),.PCURVE_S1.);
#11585 = LINE('',#11586,#11587);
#11586 = CARTESIAN_POINT('',(9.734637857925,-8.156397843108,0.));
#11587 = VECTOR('',#11588,1.);
#11588 = DIRECTION('',(0.,0.,1.));
#11589 = PCURVE('',#2902,#11590);
#11590 = DEFINITIONAL_REPRESENTATION('',(#11591),#11595);
#11591 = LINE('',#11592,#11593);
#11592 = CARTESIAN_POINT('',(-5.585773398277,0.));
#11593 = VECTOR('',#11594,1.);
#11594 = DIRECTION('',(-0.,-1.));
#11595 = ( GEOMETRIC_REPRESENTATION_CONTEXT(2) 
PARAMETRIC_REPRESENTATION_CONTEXT() REPRESENTATION_CONTEXT('2D SPACE',''
  ) );
#11596 = PCURVE('',#3325,#11597);
#11597 = DEFINITIONAL_REPRESENTATION('',(#11598),#11602);
#11598 = LINE('',#11599,#11600);
#11599 = CARTESIAN_POINT('',(4.294967752968,0.));
#11600 = VECTOR('',#11601,1.);
#11601 = DIRECTION('',(0.,-1.));
#11602 = ( GEOMETRIC_REPRESENTATION_CONTEXT(2) 
PARAMETRIC_REPRESENTATION_CONTEXT() REPRESENTATION_CONTEXT('2D SPACE',''
  ) );
#11603 = ORIENTED_EDGE('',*,*,#8378,.T.);
#11604 = ORIENTED_EDGE('',*,*,#11605,.F.);
#11605 = EDGE_CURVE('',#2886,#8381,#11606,.T.);
#11606 = SURFACE_CURVE('',#11607,(#11611,#11618),.PCURVE_S1.);
#11607 = LINE('',#11608,#11609);
#11608 = CARTESIAN_POINT('',(10.942844460111,-6.445475554358,0.));
#11609 = VECTOR('',#11610,1.);
#11610 = DIRECTION('',(0.,0.,1.));
#11611 = PCURVE('',#2902,#11612);
#11612 = DEFINITIONAL_REPRESENTATION('',(#11613),#11617);
#11613 = LINE('',#11614,#11615);
#11614 = CARTESIAN_POINT('',(-5.750883796571,0.));
#11615 = VECTOR('',#11616,1.);
#11616 = DIRECTION('',(-0.,-1.));
#11617 = ( GEOMETRIC_REPRESENTATION_CONTEXT(2) 
PARAMETRIC_REPRESENTATION_CONTEXT() REPRESENTATION_CONTEXT('2D SPACE',''
  ) );
#11618 = PCURVE('',#2930,#11619);
#11619 = DEFINITIONAL_REPRESENTATION('',(#11620),#11624);
#11620 = LINE('',#11621,#11622);
#11621 = CARTESIAN_POINT('',(1.450995443107,0.));
#11622 = VECTOR('',#11623,1.);
#11623 = DIRECTION('',(0.,-1.));
#11624 = ( GEOMETRIC_REPRESENTATION_CONTEXT(2) 
PARAMETRIC_REPRESENTATION_CONTEXT() REPRESENTATION_CONTEXT('2D SPACE',''
  ) );
#11625 = ORIENTED_EDGE('',*,*,#2883,.F.);
#11626 = ADVANCED_FACE('',(#11627),#3325,.T.);
#11627 = FACE_BOUND('',#11628,.T.);
#11628 = EDGE_LOOP('',(#11629,#11630,#11631,#11652));
#11629 = ORIENTED_EDGE('',*,*,#11583,.T.);
#11630 = ORIENTED_EDGE('',*,*,#8591,.T.);
#11631 = ORIENTED_EDGE('',*,*,#11632,.F.);
#11632 = EDGE_CURVE('',#3189,#8568,#11633,.T.);
#11633 = SURFACE_CURVE('',#11634,(#11638,#11645),.PCURVE_S1.);
#11634 = LINE('',#11635,#11636);
#11635 = CARTESIAN_POINT('',(25.14724214276,-41.47126972511,0.));
#11636 = VECTOR('',#11637,1.);
#11637 = DIRECTION('',(0.,0.,1.));
#11638 = PCURVE('',#3325,#11639);
#11639 = DEFINITIONAL_REPRESENTATION('',(#11640),#11644);
#11640 = LINE('',#11641,#11642);
#11641 = CARTESIAN_POINT('',(58.209842986943,0.));
#11642 = VECTOR('',#11643,1.);
#11643 = DIRECTION('',(0.,-1.));
#11644 = ( GEOMETRIC_REPRESENTATION_CONTEXT(2) 
PARAMETRIC_REPRESENTATION_CONTEXT() REPRESENTATION_CONTEXT('2D SPACE',''
  ) );
#11645 = PCURVE('',#3205,#11646);
#11646 = DEFINITIONAL_REPRESENTATION('',(#11647),#11651);
#11647 = LINE('',#11648,#11649);
#11648 = CARTESIAN_POINT('',(-5.257484580023,0.));
#11649 = VECTOR('',#11650,1.);
#11650 = DIRECTION('',(-0.,-1.));
#11651 = ( GEOMETRIC_REPRESENTATION_CONTEXT(2) 
PARAMETRIC_REPRESENTATION_CONTEXT() REPRESENTATION_CONTEXT('2D SPACE',''
  ) );
#11652 = ORIENTED_EDGE('',*,*,#3217,.F.);
#11653 = ADVANCED_FACE('',(#11654),#2930,.T.);
#11654 = FACE_BOUND('',#11655,.T.);
#11655 = EDGE_LOOP('',(#11656,#11677,#11678,#11679));
#11656 = ORIENTED_EDGE('',*,*,#11657,.T.);
#11657 = EDGE_CURVE('',#2915,#8405,#11658,.T.);
#11658 = SURFACE_CURVE('',#11659,(#11663,#11670),.PCURVE_S1.);
#11659 = LINE('',#11660,#11661);
#11660 = CARTESIAN_POINT('',(12.199443374617,-7.170973275911,0.));
#11661 = VECTOR('',#11662,1.);
#11662 = DIRECTION('',(0.,0.,1.));
#11663 = PCURVE('',#2930,#11664);
#11664 = DEFINITIONAL_REPRESENTATION('',(#11665),#11669);
#11665 = LINE('',#11666,#11667);
#11666 = CARTESIAN_POINT('',(0.,0.));
#11667 = VECTOR('',#11668,1.);
#11668 = DIRECTION('',(0.,-1.));
#11669 = ( GEOMETRIC_REPRESENTATION_CONTEXT(2) 
PARAMETRIC_REPRESENTATION_CONTEXT() REPRESENTATION_CONTEXT('2D SPACE',''
  ) );
#11670 = PCURVE('',#3052,#11671);
#11671 = DEFINITIONAL_REPRESENTATION('',(#11672),#11676);
#11672 = LINE('',#11673,#11674);
#11673 = CARTESIAN_POINT('',(55.987800380247,0.));
#11674 = VECTOR('',#11675,1.);
#11675 = DIRECTION('',(0.,-1.));
#11676 = ( GEOMETRIC_REPRESENTATION_CONTEXT(2) 
PARAMETRIC_REPRESENTATION_CONTEXT() REPRESENTATION_CONTEXT('2D SPACE',''
  ) );
#11677 = ORIENTED_EDGE('',*,*,#8404,.T.);
#11678 = ORIENTED_EDGE('',*,*,#11605,.F.);
#11679 = ORIENTED_EDGE('',*,*,#2914,.F.);
#11680 = ADVANCED_FACE('',(#11681),#3205,.F.);
#11681 = FACE_BOUND('',#11682,.T.);
#11682 = EDGE_LOOP('',(#11683,#11684,#11685,#11706));
#11683 = ORIENTED_EDGE('',*,*,#11632,.T.);
#11684 = ORIENTED_EDGE('',*,*,#8567,.T.);
#11685 = ORIENTED_EDGE('',*,*,#11686,.F.);
#11686 = EDGE_CURVE('',#3161,#8545,#11687,.T.);
#11687 = SURFACE_CURVE('',#11688,(#11692,#11699),.PCURVE_S1.);
#11688 = LINE('',#11689,#11690);
#11689 = CARTESIAN_POINT('',(41.471392120068,-25.1470402955,0.));
#11690 = VECTOR('',#11691,1.);
#11691 = DIRECTION('',(0.,0.,1.));
#11692 = PCURVE('',#3205,#11693);
#11693 = DEFINITIONAL_REPRESENTATION('',(#11694),#11698);
#11694 = LINE('',#11695,#11696);
#11695 = CARTESIAN_POINT('',(-5.738094574693,0.));
#11696 = VECTOR('',#11697,1.);
#11697 = DIRECTION('',(-0.,-1.));
#11698 = ( GEOMETRIC_REPRESENTATION_CONTEXT(2) 
PARAMETRIC_REPRESENTATION_CONTEXT() REPRESENTATION_CONTEXT('2D SPACE',''
  ) );
#11699 = PCURVE('',#3176,#11700);
#11700 = DEFINITIONAL_REPRESENTATION('',(#11701),#11705);
#11701 = LINE('',#11702,#11703);
#11702 = CARTESIAN_POINT('',(2.964927099965E-15,0.));
#11703 = VECTOR('',#11704,1.);
#11704 = DIRECTION('',(0.,-1.));
#11705 = ( GEOMETRIC_REPRESENTATION_CONTEXT(2) 
PARAMETRIC_REPRESENTATION_CONTEXT() REPRESENTATION_CONTEXT('2D SPACE',''
  ) );
#11706 = ORIENTED_EDGE('',*,*,#3188,.F.);
#11707 = ADVANCED_FACE('',(#11708),#3052,.T.);
#11708 = FACE_BOUND('',#11709,.T.);
#11709 = EDGE_LOOP('',(#11710,#11731,#11732,#11733));
#11710 = ORIENTED_EDGE('',*,*,#11711,.T.);
#11711 = EDGE_CURVE('',#2943,#8428,#11712,.T.);
#11712 = SURFACE_CURVE('',#11713,(#11717,#11724),.PCURVE_S1.);
#11713 = LINE('',#11714,#11715);
#11714 = CARTESIAN_POINT('',(41.233518262409,-24.78670592247,0.));
#11715 = VECTOR('',#11716,1.);
#11716 = DIRECTION('',(0.,0.,1.));
#11717 = PCURVE('',#3052,#11718);
#11718 = DEFINITIONAL_REPRESENTATION('',(#11719),#11723);
#11719 = LINE('',#11720,#11721);
#11720 = CARTESIAN_POINT('',(0.,0.));
#11721 = VECTOR('',#11722,1.);
#11722 = DIRECTION('',(0.,-1.));
#11723 = ( GEOMETRIC_REPRESENTATION_CONTEXT(2) 
PARAMETRIC_REPRESENTATION_CONTEXT() REPRESENTATION_CONTEXT('2D SPACE',''
  ) );
#11724 = PCURVE('',#3176,#11725);
#11725 = DEFINITIONAL_REPRESENTATION('',(#11726),#11730);
#11726 = LINE('',#11727,#11728);
#11727 = CARTESIAN_POINT('',(0.431769420574,0.));
#11728 = VECTOR('',#11729,1.);
#11729 = DIRECTION('',(0.,-1.));
#11730 = ( GEOMETRIC_REPRESENTATION_CONTEXT(2) 
PARAMETRIC_REPRESENTATION_CONTEXT() REPRESENTATION_CONTEXT('2D SPACE',''
  ) );
#11731 = ORIENTED_EDGE('',*,*,#8427,.T.);
#11732 = ORIENTED_EDGE('',*,*,#11657,.F.);
#11733 = ORIENTED_EDGE('',*,*,#2942,.F.);
#11734 = ADVANCED_FACE('',(#11735),#3176,.T.);
#11735 = FACE_BOUND('',#11736,.T.);
#11736 = EDGE_LOOP('',(#11737,#11738,#11739,#11740));
#11737 = ORIENTED_EDGE('',*,*,#11686,.T.);
#11738 = ORIENTED_EDGE('',*,*,#8544,.T.);
#11739 = ORIENTED_EDGE('',*,*,#11711,.F.);
#11740 = ORIENTED_EDGE('',*,*,#3160,.F.);
#11741 = ADVANCED_FACE('',(#11742),#3454,.T.);
#11742 = FACE_BOUND('',#11743,.F.);
#11743 = EDGE_LOOP('',(#11744,#11765,#11766,#11787));
#11744 = ORIENTED_EDGE('',*,*,#11745,.T.);
#11745 = EDGE_CURVE('',#3436,#8709,#11746,.T.);
#11746 = SURFACE_CURVE('',#11747,(#11751,#11758),.PCURVE_S1.);
#11747 = LINE('',#11748,#11749);
#11748 = CARTESIAN_POINT('',(12.508642603159,-2.196328806542,0.));
#11749 = VECTOR('',#11750,1.);
#11750 = DIRECTION('',(0.,0.,1.));
#11751 = PCURVE('',#3454,#11752);
#11752 = DEFINITIONAL_REPRESENTATION('',(#11753),#11757);
#11753 = LINE('',#11754,#11755);
#11754 = CARTESIAN_POINT('',(-6.109372173875,0.));
#11755 = VECTOR('',#11756,1.);
#11756 = DIRECTION('',(-0.,-1.));
#11757 = ( GEOMETRIC_REPRESENTATION_CONTEXT(2) 
PARAMETRIC_REPRESENTATION_CONTEXT() REPRESENTATION_CONTEXT('2D SPACE',''
  ) );
#11758 = PCURVE('',#3877,#11759);
#11759 = DEFINITIONAL_REPRESENTATION('',(#11760),#11764);
#11760 = LINE('',#11761,#11762);
#11761 = CARTESIAN_POINT('',(4.294967752968,0.));
#11762 = VECTOR('',#11763,1.);
#11763 = DIRECTION('',(0.,-1.));
#11764 = ( GEOMETRIC_REPRESENTATION_CONTEXT(2) 
PARAMETRIC_REPRESENTATION_CONTEXT() REPRESENTATION_CONTEXT('2D SPACE',''
  ) );
#11765 = ORIENTED_EDGE('',*,*,#8708,.T.);
#11766 = ORIENTED_EDGE('',*,*,#11767,.F.);
#11767 = EDGE_CURVE('',#3438,#8711,#11768,.T.);
#11768 = SURFACE_CURVE('',#11769,(#11773,#11780),.PCURVE_S1.);
#11769 = LINE('',#11770,#11771);
#11770 = CARTESIAN_POINT('',(12.699519069297,-0.11052333949,0.));
#11771 = VECTOR('',#11772,1.);
#11772 = DIRECTION('',(0.,0.,1.));
#11773 = PCURVE('',#3454,#11774);
#11774 = DEFINITIONAL_REPRESENTATION('',(#11775),#11779);
#11775 = LINE('',#11776,#11777);
#11776 = CARTESIAN_POINT('',(-6.274482572169,0.));
#11777 = VECTOR('',#11778,1.);
#11778 = DIRECTION('',(-0.,-1.));
#11779 = ( GEOMETRIC_REPRESENTATION_CONTEXT(2) 
PARAMETRIC_REPRESENTATION_CONTEXT() REPRESENTATION_CONTEXT('2D SPACE',''
  ) );
#11780 = PCURVE('',#3482,#11781);
#11781 = DEFINITIONAL_REPRESENTATION('',(#11782),#11786);
#11782 = LINE('',#11783,#11784);
#11783 = CARTESIAN_POINT('',(1.450995443107,0.));
#11784 = VECTOR('',#11785,1.);
#11785 = DIRECTION('',(0.,-1.));
#11786 = ( GEOMETRIC_REPRESENTATION_CONTEXT(2) 
PARAMETRIC_REPRESENTATION_CONTEXT() REPRESENTATION_CONTEXT('2D SPACE',''
  ) );
#11787 = ORIENTED_EDGE('',*,*,#3435,.F.);
#11788 = ADVANCED_FACE('',(#11789),#3877,.T.);
#11789 = FACE_BOUND('',#11790,.T.);
#11790 = EDGE_LOOP('',(#11791,#11792,#11793,#11814));
#11791 = ORIENTED_EDGE('',*,*,#11745,.T.);
#11792 = ORIENTED_EDGE('',*,*,#8921,.T.);
#11793 = ORIENTED_EDGE('',*,*,#11794,.F.);
#11794 = EDGE_CURVE('',#3741,#8898,#11795,.T.);
#11795 = SURFACE_CURVE('',#11796,(#11800,#11807),.PCURVE_S1.);
#11796 = LINE('',#11797,#11798);
#11797 = CARTESIAN_POINT('',(42.513785393307,-23.34155203776,0.));
#11798 = VECTOR('',#11799,1.);
#11799 = DIRECTION('',(0.,0.,1.));
#11800 = PCURVE('',#3877,#11801);
#11801 = DEFINITIONAL_REPRESENTATION('',(#11802),#11806);
#11802 = LINE('',#11803,#11804);
#11803 = CARTESIAN_POINT('',(58.209842986943,0.));
#11804 = VECTOR('',#11805,1.);
#11805 = DIRECTION('',(0.,-1.));
#11806 = ( GEOMETRIC_REPRESENTATION_CONTEXT(2) 
PARAMETRIC_REPRESENTATION_CONTEXT() REPRESENTATION_CONTEXT('2D SPACE',''
  ) );
#11807 = PCURVE('',#3757,#11808);
#11808 = DEFINITIONAL_REPRESENTATION('',(#11809),#11813);
#11809 = LINE('',#11810,#11811);
#11810 = CARTESIAN_POINT('',(-5.781083355621,0.));
#11811 = VECTOR('',#11812,1.);
#11812 = DIRECTION('',(-0.,-1.));
#11813 = ( GEOMETRIC_REPRESENTATION_CONTEXT(2) 
PARAMETRIC_REPRESENTATION_CONTEXT() REPRESENTATION_CONTEXT('2D SPACE',''
  ) );
#11814 = ORIENTED_EDGE('',*,*,#3769,.F.);
#11815 = ADVANCED_FACE('',(#11816),#3482,.T.);
#11816 = FACE_BOUND('',#11817,.T.);
#11817 = EDGE_LOOP('',(#11818,#11839,#11840,#11841));
#11818 = ORIENTED_EDGE('',*,*,#11819,.T.);
#11819 = EDGE_CURVE('',#3467,#8735,#11820,.T.);
#11820 = SURFACE_CURVE('',#11821,(#11825,#11832),.PCURVE_S1.);
#11821 = LINE('',#11822,#11823);
#11822 = CARTESIAN_POINT('',(14.150514512404,-0.11052333949,0.));
#11823 = VECTOR('',#11824,1.);
#11824 = DIRECTION('',(0.,0.,1.));
#11825 = PCURVE('',#3482,#11826);
#11826 = DEFINITIONAL_REPRESENTATION('',(#11827),#11831);
#11827 = LINE('',#11828,#11829);
#11828 = CARTESIAN_POINT('',(0.,-0.));
#11829 = VECTOR('',#11830,1.);
#11830 = DIRECTION('',(0.,-1.));
#11831 = ( GEOMETRIC_REPRESENTATION_CONTEXT(2) 
PARAMETRIC_REPRESENTATION_CONTEXT() REPRESENTATION_CONTEXT('2D SPACE',''
  ) );
#11832 = PCURVE('',#3604,#11833);
#11833 = DEFINITIONAL_REPRESENTATION('',(#11834),#11838);
#11834 = LINE('',#11835,#11836);
#11835 = CARTESIAN_POINT('',(55.987800380247,0.));
#11836 = VECTOR('',#11837,1.);
#11837 = DIRECTION('',(0.,-1.));
#11838 = ( GEOMETRIC_REPRESENTATION_CONTEXT(2) 
PARAMETRIC_REPRESENTATION_CONTEXT() REPRESENTATION_CONTEXT('2D SPACE',''
  ) );
#11839 = ORIENTED_EDGE('',*,*,#8734,.T.);
#11840 = ORIENTED_EDGE('',*,*,#11767,.F.);
#11841 = ORIENTED_EDGE('',*,*,#3466,.F.);
#11842 = ADVANCED_FACE('',(#11843),#3757,.F.);
#11843 = FACE_BOUND('',#11844,.T.);
#11844 = EDGE_LOOP('',(#11845,#11846,#11847,#11868));
#11845 = ORIENTED_EDGE('',*,*,#11794,.T.);
#11846 = ORIENTED_EDGE('',*,*,#8897,.T.);
#11847 = ORIENTED_EDGE('',*,*,#11848,.F.);
#11848 = EDGE_CURVE('',#3713,#8875,#11849,.T.);
#11849 = SURFACE_CURVE('',#11850,(#11854,#11861),.PCURVE_S1.);
#11850 = LINE('',#11851,#11852);
#11851 = CARTESIAN_POINT('',(48.488799254035,-1.04227966586,0.));
#11852 = VECTOR('',#11853,1.);
#11853 = DIRECTION('',(0.,0.,1.));
#11854 = PCURVE('',#3757,#11855);
#11855 = DEFINITIONAL_REPRESENTATION('',(#11856),#11860);
#11856 = LINE('',#11857,#11858);
#11857 = CARTESIAN_POINT('',(-6.261693350291,0.));
#11858 = VECTOR('',#11859,1.);
#11859 = DIRECTION('',(-0.,-1.));
#11860 = ( GEOMETRIC_REPRESENTATION_CONTEXT(2) 
PARAMETRIC_REPRESENTATION_CONTEXT() REPRESENTATION_CONTEXT('2D SPACE',''
  ) );
#11861 = PCURVE('',#3728,#11862);
#11862 = DEFINITIONAL_REPRESENTATION('',(#11863),#11867);
#11863 = LINE('',#11864,#11865);
#11864 = CARTESIAN_POINT('',(4.965804660887E-16,0.));
#11865 = VECTOR('',#11866,1.);
#11866 = DIRECTION('',(0.,-1.));
#11867 = ( GEOMETRIC_REPRESENTATION_CONTEXT(2) 
PARAMETRIC_REPRESENTATION_CONTEXT() REPRESENTATION_CONTEXT('2D SPACE',''
  ) );
#11868 = ORIENTED_EDGE('',*,*,#3740,.F.);
#11869 = ADVANCED_FACE('',(#11870),#3604,.T.);
#11870 = FACE_BOUND('',#11871,.T.);
#11871 = EDGE_LOOP('',(#11872,#11893,#11894,#11895));
#11872 = ORIENTED_EDGE('',*,*,#11873,.T.);
#11873 = EDGE_CURVE('',#3495,#8758,#11874,.T.);
#11874 = SURFACE_CURVE('',#11875,(#11879,#11886),.PCURVE_S1.);
#11875 = LINE('',#11876,#11877);
#11876 = CARTESIAN_POINT('',(48.102627263893,-0.849157873792,0.));
#11877 = VECTOR('',#11878,1.);
#11878 = DIRECTION('',(0.,0.,1.));
#11879 = PCURVE('',#3604,#11880);
#11880 = DEFINITIONAL_REPRESENTATION('',(#11881),#11885);
#11881 = LINE('',#11882,#11883);
#11882 = CARTESIAN_POINT('',(0.,0.));
#11883 = VECTOR('',#11884,1.);
#11884 = DIRECTION('',(0.,-1.));
#11885 = ( GEOMETRIC_REPRESENTATION_CONTEXT(2) 
PARAMETRIC_REPRESENTATION_CONTEXT() REPRESENTATION_CONTEXT('2D SPACE',''
  ) );
#11886 = PCURVE('',#3728,#11887);
#11887 = DEFINITIONAL_REPRESENTATION('',(#11888),#11892);
#11888 = LINE('',#11889,#11890);
#11889 = CARTESIAN_POINT('',(0.431769420573,0.));
#11890 = VECTOR('',#11891,1.);
#11891 = DIRECTION('',(0.,-1.));
#11892 = ( GEOMETRIC_REPRESENTATION_CONTEXT(2) 
PARAMETRIC_REPRESENTATION_CONTEXT() REPRESENTATION_CONTEXT('2D SPACE',''
  ) );
#11893 = ORIENTED_EDGE('',*,*,#8757,.T.);
#11894 = ORIENTED_EDGE('',*,*,#11819,.F.);
#11895 = ORIENTED_EDGE('',*,*,#3494,.F.);
#11896 = ADVANCED_FACE('',(#11897),#3728,.T.);
#11897 = FACE_BOUND('',#11898,.T.);
#11898 = EDGE_LOOP('',(#11899,#11900,#11901,#11902));
#11899 = ORIENTED_EDGE('',*,*,#11848,.T.);
#11900 = ORIENTED_EDGE('',*,*,#8874,.T.);
#11901 = ORIENTED_EDGE('',*,*,#11873,.F.);
#11902 = ORIENTED_EDGE('',*,*,#3712,.F.);
#11903 = ADVANCED_FACE('',(#11904),#4006,.T.);
#11904 = FACE_BOUND('',#11905,.F.);
#11905 = EDGE_LOOP('',(#11906,#11927,#11928,#11949));
#11906 = ORIENTED_EDGE('',*,*,#11907,.T.);
#11907 = EDGE_CURVE('',#3988,#9039,#11908,.T.);
#11908 = SURFACE_CURVE('',#11909,(#11913,#11920),.PCURVE_S1.);
#11909 = LINE('',#11910,#11911);
#11910 = CARTESIAN_POINT('',(-12.50864260315,2.196328806542,0.));
#11911 = VECTOR('',#11912,1.);
#11912 = DIRECTION('',(0.,0.,1.));
#11913 = PCURVE('',#4006,#11914);
#11914 = DEFINITIONAL_REPRESENTATION('',(#11915),#11919);
#11915 = LINE('',#11916,#11917);
#11916 = CARTESIAN_POINT('',(-2.967779520285,0.));
#11917 = VECTOR('',#11918,1.);
#11918 = DIRECTION('',(-0.,-1.));
#11919 = ( GEOMETRIC_REPRESENTATION_CONTEXT(2) 
PARAMETRIC_REPRESENTATION_CONTEXT() REPRESENTATION_CONTEXT('2D SPACE',''
  ) );
#11920 = PCURVE('',#4429,#11921);
#11921 = DEFINITIONAL_REPRESENTATION('',(#11922),#11926);
#11922 = LINE('',#11923,#11924);
#11923 = CARTESIAN_POINT('',(4.294967752968,0.));
#11924 = VECTOR('',#11925,1.);
#11925 = DIRECTION('',(0.,-1.));
#11926 = ( GEOMETRIC_REPRESENTATION_CONTEXT(2) 
PARAMETRIC_REPRESENTATION_CONTEXT() REPRESENTATION_CONTEXT('2D SPACE',''
  ) );
#11927 = ORIENTED_EDGE('',*,*,#9038,.T.);
#11928 = ORIENTED_EDGE('',*,*,#11929,.F.);
#11929 = EDGE_CURVE('',#3990,#9041,#11930,.T.);
#11930 = SURFACE_CURVE('',#11931,(#11935,#11942),.PCURVE_S1.);
#11931 = LINE('',#11932,#11933);
#11932 = CARTESIAN_POINT('',(-12.69951906929,0.11052333949,0.));
#11933 = VECTOR('',#11934,1.);
#11934 = DIRECTION('',(0.,0.,1.));
#11935 = PCURVE('',#4006,#11936);
#11936 = DEFINITIONAL_REPRESENTATION('',(#11937),#11941);
#11937 = LINE('',#11938,#11939);
#11938 = CARTESIAN_POINT('',(-3.13288991858,0.));
#11939 = VECTOR('',#11940,1.);
#11940 = DIRECTION('',(-0.,-1.));
#11941 = ( GEOMETRIC_REPRESENTATION_CONTEXT(2) 
PARAMETRIC_REPRESENTATION_CONTEXT() REPRESENTATION_CONTEXT('2D SPACE',''
  ) );
#11942 = PCURVE('',#4034,#11943);
#11943 = DEFINITIONAL_REPRESENTATION('',(#11944),#11948);
#11944 = LINE('',#11945,#11946);
#11945 = CARTESIAN_POINT('',(1.450995443107,0.));
#11946 = VECTOR('',#11947,1.);
#11947 = DIRECTION('',(0.,-1.));
#11948 = ( GEOMETRIC_REPRESENTATION_CONTEXT(2) 
PARAMETRIC_REPRESENTATION_CONTEXT() REPRESENTATION_CONTEXT('2D SPACE',''
  ) );
#11949 = ORIENTED_EDGE('',*,*,#3987,.F.);
#11950 = ADVANCED_FACE('',(#11951),#4429,.T.);
#11951 = FACE_BOUND('',#11952,.T.);
#11952 = EDGE_LOOP('',(#11953,#11954,#11955,#11976));
#11953 = ORIENTED_EDGE('',*,*,#11907,.T.);
#11954 = ORIENTED_EDGE('',*,*,#9251,.T.);
#11955 = ORIENTED_EDGE('',*,*,#11956,.F.);
#11956 = EDGE_CURVE('',#4293,#9228,#11957,.T.);
#11957 = SURFACE_CURVE('',#11958,(#11962,#11969),.PCURVE_S1.);
#11958 = LINE('',#11959,#11960);
#11959 = CARTESIAN_POINT('',(-42.5137853933,23.341552037767,0.));
#11960 = VECTOR('',#11961,1.);
#11961 = DIRECTION('',(0.,0.,1.));
#11962 = PCURVE('',#4429,#11963);
#11963 = DEFINITIONAL_REPRESENTATION('',(#11964),#11968);
#11964 = LINE('',#11965,#11966);
#11965 = CARTESIAN_POINT('',(58.209842986943,0.));
#11966 = VECTOR('',#11967,1.);
#11967 = DIRECTION('',(0.,-1.));
#11968 = ( GEOMETRIC_REPRESENTATION_CONTEXT(2) 
PARAMETRIC_REPRESENTATION_CONTEXT() REPRESENTATION_CONTEXT('2D SPACE',''
  ) );
#11969 = PCURVE('',#4309,#11970);
#11970 = DEFINITIONAL_REPRESENTATION('',(#11971),#11975);
#11971 = LINE('',#11972,#11973);
#11972 = CARTESIAN_POINT('',(-2.639490702031,0.));
#11973 = VECTOR('',#11974,1.);
#11974 = DIRECTION('',(-0.,-1.));
#11975 = ( GEOMETRIC_REPRESENTATION_CONTEXT(2) 
PARAMETRIC_REPRESENTATION_CONTEXT() REPRESENTATION_CONTEXT('2D SPACE',''
  ) );
#11976 = ORIENTED_EDGE('',*,*,#4321,.F.);
#11977 = ADVANCED_FACE('',(#11978),#4034,.T.);
#11978 = FACE_BOUND('',#11979,.T.);
#11979 = EDGE_LOOP('',(#11980,#12001,#12002,#12003));
#11980 = ORIENTED_EDGE('',*,*,#11981,.T.);
#11981 = EDGE_CURVE('',#4019,#9065,#11982,.T.);
#11982 = SURFACE_CURVE('',#11983,(#11987,#11994),.PCURVE_S1.);
#11983 = LINE('',#11984,#11985);
#11984 = CARTESIAN_POINT('',(-14.1505145124,0.11052333949,0.));
#11985 = VECTOR('',#11986,1.);
#11986 = DIRECTION('',(0.,0.,1.));
#11987 = PCURVE('',#4034,#11988);
#11988 = DEFINITIONAL_REPRESENTATION('',(#11989),#11993);
#11989 = LINE('',#11990,#11991);
#11990 = CARTESIAN_POINT('',(0.,0.));
#11991 = VECTOR('',#11992,1.);
#11992 = DIRECTION('',(0.,-1.));
#11993 = ( GEOMETRIC_REPRESENTATION_CONTEXT(2) 
PARAMETRIC_REPRESENTATION_CONTEXT() REPRESENTATION_CONTEXT('2D SPACE',''
  ) );
#11994 = PCURVE('',#4156,#11995);
#11995 = DEFINITIONAL_REPRESENTATION('',(#11996),#12000);
#11996 = LINE('',#11997,#11998);
#11997 = CARTESIAN_POINT('',(55.987800380247,0.));
#11998 = VECTOR('',#11999,1.);
#11999 = DIRECTION('',(0.,-1.));
#12000 = ( GEOMETRIC_REPRESENTATION_CONTEXT(2) 
PARAMETRIC_REPRESENTATION_CONTEXT() REPRESENTATION_CONTEXT('2D SPACE',''
  ) );
#12001 = ORIENTED_EDGE('',*,*,#9064,.T.);
#12002 = ORIENTED_EDGE('',*,*,#11929,.F.);
#12003 = ORIENTED_EDGE('',*,*,#4018,.F.);
#12004 = ADVANCED_FACE('',(#12005),#4309,.F.);
#12005 = FACE_BOUND('',#12006,.T.);
#12006 = EDGE_LOOP('',(#12007,#12008,#12009,#12030));
#12007 = ORIENTED_EDGE('',*,*,#11956,.T.);
#12008 = ORIENTED_EDGE('',*,*,#9227,.T.);
#12009 = ORIENTED_EDGE('',*,*,#12010,.F.);
#12010 = EDGE_CURVE('',#4265,#9205,#12011,.T.);
#12011 = SURFACE_CURVE('',#12012,(#12016,#12023),.PCURVE_S1.);
#12012 = LINE('',#12013,#12014);
#12013 = CARTESIAN_POINT('',(-48.48879925403,1.04227966586,0.));
#12014 = VECTOR('',#12015,1.);
#12015 = DIRECTION('',(0.,0.,1.));
#12016 = PCURVE('',#4309,#12017);
#12017 = DEFINITIONAL_REPRESENTATION('',(#12018),#12022);
#12018 = LINE('',#12019,#12020);
#12019 = CARTESIAN_POINT('',(-3.120100696702,0.));
#12020 = VECTOR('',#12021,1.);
#12021 = DIRECTION('',(-0.,-1.));
#12022 = ( GEOMETRIC_REPRESENTATION_CONTEXT(2) 
PARAMETRIC_REPRESENTATION_CONTEXT() REPRESENTATION_CONTEXT('2D SPACE',''
  ) );
#12023 = PCURVE('',#4280,#12024);
#12024 = DEFINITIONAL_REPRESENTATION('',(#12025),#12029);
#12025 = LINE('',#12026,#12027);
#12026 = CARTESIAN_POINT('',(-1.986321864355E-16,0.));
#12027 = VECTOR('',#12028,1.);
#12028 = DIRECTION('',(0.,-1.));
#12029 = ( GEOMETRIC_REPRESENTATION_CONTEXT(2) 
PARAMETRIC_REPRESENTATION_CONTEXT() REPRESENTATION_CONTEXT('2D SPACE',''
  ) );
#12030 = ORIENTED_EDGE('',*,*,#4292,.F.);
#12031 = ADVANCED_FACE('',(#12032),#4156,.T.);
#12032 = FACE_BOUND('',#12033,.T.);
#12033 = EDGE_LOOP('',(#12034,#12055,#12056,#12057));
#12034 = ORIENTED_EDGE('',*,*,#12035,.T.);
#12035 = EDGE_CURVE('',#4047,#9088,#12036,.T.);
#12036 = SURFACE_CURVE('',#12037,(#12041,#12048),.PCURVE_S1.);
#12037 = LINE('',#12038,#12039);
#12038 = CARTESIAN_POINT('',(-48.10262726389,0.849157873792,0.));
#12039 = VECTOR('',#12040,1.);
#12040 = DIRECTION('',(0.,0.,1.));
#12041 = PCURVE('',#4156,#12042);
#12042 = DEFINITIONAL_REPRESENTATION('',(#12043),#12047);
#12043 = LINE('',#12044,#12045);
#12044 = CARTESIAN_POINT('',(0.,0.));
#12045 = VECTOR('',#12046,1.);
#12046 = DIRECTION('',(0.,-1.));
#12047 = ( GEOMETRIC_REPRESENTATION_CONTEXT(2) 
PARAMETRIC_REPRESENTATION_CONTEXT() REPRESENTATION_CONTEXT('2D SPACE',''
  ) );
#12048 = PCURVE('',#4280,#12049);
#12049 = DEFINITIONAL_REPRESENTATION('',(#12050),#12054);
#12050 = LINE('',#12051,#12052);
#12051 = CARTESIAN_POINT('',(0.431769420573,0.));
#12052 = VECTOR('',#12053,1.);
#12053 = DIRECTION('',(0.,-1.));
#12054 = ( GEOMETRIC_REPRESENTATION_CONTEXT(2) 
PARAMETRIC_REPRESENTATION_CONTEXT() REPRESENTATION_CONTEXT('2D SPACE',''
  ) );
#12055 = ORIENTED_EDGE('',*,*,#9087,.T.);
#12056 = ORIENTED_EDGE('',*,*,#11981,.F.);
#12057 = ORIENTED_EDGE('',*,*,#4046,.F.);
#12058 = ADVANCED_FACE('',(#12059),#4280,.T.);
#12059 = FACE_BOUND('',#12060,.T.);
#12060 = EDGE_LOOP('',(#12061,#12062,#12063,#12064));
#12061 = ORIENTED_EDGE('',*,*,#12010,.T.);
#12062 = ORIENTED_EDGE('',*,*,#9204,.T.);
#12063 = ORIENTED_EDGE('',*,*,#12035,.F.);
#12064 = ORIENTED_EDGE('',*,*,#4264,.F.);
#12065 = ADVANCED_FACE('',(#12066),#4558,.T.);
#12066 = FACE_BOUND('',#12067,.F.);
#12067 = EDGE_LOOP('',(#12068,#12089,#12090,#12111));
#12068 = ORIENTED_EDGE('',*,*,#12069,.T.);
#12069 = EDGE_CURVE('',#4540,#9369,#12070,.T.);
#12070 = SURFACE_CURVE('',#12071,(#12075,#12082),.PCURVE_S1.);
#12071 = LINE('',#12072,#12073);
#12072 = CARTESIAN_POINT('',(-9.734637857925,8.156397843108,0.));
#12073 = VECTOR('',#12074,1.);
#12074 = DIRECTION('',(0.,0.,1.));
#12075 = PCURVE('',#4558,#12076);
#12076 = DEFINITIONAL_REPRESENTATION('',(#12077),#12081);
#12077 = LINE('',#12078,#12079);
#12078 = CARTESIAN_POINT('',(-2.444180744687,0.));
#12079 = VECTOR('',#12080,1.);
#12080 = DIRECTION('',(-0.,-1.));
#12081 = ( GEOMETRIC_REPRESENTATION_CONTEXT(2) 
PARAMETRIC_REPRESENTATION_CONTEXT() REPRESENTATION_CONTEXT('2D SPACE',''
  ) );
#12082 = PCURVE('',#4981,#12083);
#12083 = DEFINITIONAL_REPRESENTATION('',(#12084),#12088);
#12084 = LINE('',#12085,#12086);
#12085 = CARTESIAN_POINT('',(4.294967752968,0.));
#12086 = VECTOR('',#12087,1.);
#12087 = DIRECTION('',(0.,-1.));
#12088 = ( GEOMETRIC_REPRESENTATION_CONTEXT(2) 
PARAMETRIC_REPRESENTATION_CONTEXT() REPRESENTATION_CONTEXT('2D SPACE',''
  ) );
#12089 = ORIENTED_EDGE('',*,*,#9368,.T.);
#12090 = ORIENTED_EDGE('',*,*,#12091,.F.);
#12091 = EDGE_CURVE('',#4542,#9371,#12092,.T.);
#12092 = SURFACE_CURVE('',#12093,(#12097,#12104),.PCURVE_S1.);
#12093 = LINE('',#12094,#12095);
#12094 = CARTESIAN_POINT('',(-10.94284446011,6.445475554358,0.));
#12095 = VECTOR('',#12096,1.);
#12096 = DIRECTION('',(0.,0.,1.));
#12097 = PCURVE('',#4558,#12098);
#12098 = DEFINITIONAL_REPRESENTATION('',(#12099),#12103);
#12099 = LINE('',#12100,#12101);
#12100 = CARTESIAN_POINT('',(-2.609291142981,0.));
#12101 = VECTOR('',#12102,1.);
#12102 = DIRECTION('',(-0.,-1.));
#12103 = ( GEOMETRIC_REPRESENTATION_CONTEXT(2) 
PARAMETRIC_REPRESENTATION_CONTEXT() REPRESENTATION_CONTEXT('2D SPACE',''
  ) );
#12104 = PCURVE('',#4586,#12105);
#12105 = DEFINITIONAL_REPRESENTATION('',(#12106),#12110);
#12106 = LINE('',#12107,#12108);
#12107 = CARTESIAN_POINT('',(1.450995443107,0.));
#12108 = VECTOR('',#12109,1.);
#12109 = DIRECTION('',(0.,-1.));
#12110 = ( GEOMETRIC_REPRESENTATION_CONTEXT(2) 
PARAMETRIC_REPRESENTATION_CONTEXT() REPRESENTATION_CONTEXT('2D SPACE',''
  ) );
#12111 = ORIENTED_EDGE('',*,*,#4539,.F.);
#12112 = ADVANCED_FACE('',(#12113),#4981,.T.);
#12113 = FACE_BOUND('',#12114,.T.);
#12114 = EDGE_LOOP('',(#12115,#12116,#12117,#12138));
#12115 = ORIENTED_EDGE('',*,*,#12069,.T.);
#12116 = ORIENTED_EDGE('',*,*,#9581,.T.);
#12117 = ORIENTED_EDGE('',*,*,#12118,.F.);
#12118 = EDGE_CURVE('',#4845,#9558,#12119,.T.);
#12119 = SURFACE_CURVE('',#12120,(#12124,#12131),.PCURVE_S1.);
#12120 = LINE('',#12121,#12122);
#12121 = CARTESIAN_POINT('',(-25.14724214276,41.471269725117,0.));
#12122 = VECTOR('',#12123,1.);
#12123 = DIRECTION('',(0.,0.,1.));
#12124 = PCURVE('',#4981,#12125);
#12125 = DEFINITIONAL_REPRESENTATION('',(#12126),#12130);
#12126 = LINE('',#12127,#12128);
#12127 = CARTESIAN_POINT('',(58.209842986943,0.));
#12128 = VECTOR('',#12129,1.);
#12129 = DIRECTION('',(0.,-1.));
#12130 = ( GEOMETRIC_REPRESENTATION_CONTEXT(2) 
PARAMETRIC_REPRESENTATION_CONTEXT() REPRESENTATION_CONTEXT('2D SPACE',''
  ) );
#12131 = PCURVE('',#4861,#12132);
#12132 = DEFINITIONAL_REPRESENTATION('',(#12133),#12137);
#12133 = LINE('',#12134,#12135);
#12134 = CARTESIAN_POINT('',(-2.115891926433,0.));
#12135 = VECTOR('',#12136,1.);
#12136 = DIRECTION('',(-0.,-1.));
#12137 = ( GEOMETRIC_REPRESENTATION_CONTEXT(2) 
PARAMETRIC_REPRESENTATION_CONTEXT() REPRESENTATION_CONTEXT('2D SPACE',''
  ) );
#12138 = ORIENTED_EDGE('',*,*,#4873,.F.);
#12139 = ADVANCED_FACE('',(#12140),#4586,.T.);
#12140 = FACE_BOUND('',#12141,.T.);
#12141 = EDGE_LOOP('',(#12142,#12163,#12164,#12165));
#12142 = ORIENTED_EDGE('',*,*,#12143,.T.);
#12143 = EDGE_CURVE('',#4571,#9395,#12144,.T.);
#12144 = SURFACE_CURVE('',#12145,(#12149,#12156),.PCURVE_S1.);
#12145 = LINE('',#12146,#12147);
#12146 = CARTESIAN_POINT('',(-12.19944337461,7.170973275911,0.));
#12147 = VECTOR('',#12148,1.);
#12148 = DIRECTION('',(0.,0.,1.));
#12149 = PCURVE('',#4586,#12150);
#12150 = DEFINITIONAL_REPRESENTATION('',(#12151),#12155);
#12151 = LINE('',#12152,#12153);
#12152 = CARTESIAN_POINT('',(0.,0.));
#12153 = VECTOR('',#12154,1.);
#12154 = DIRECTION('',(0.,-1.));
#12155 = ( GEOMETRIC_REPRESENTATION_CONTEXT(2) 
PARAMETRIC_REPRESENTATION_CONTEXT() REPRESENTATION_CONTEXT('2D SPACE',''
  ) );
#12156 = PCURVE('',#4708,#12157);
#12157 = DEFINITIONAL_REPRESENTATION('',(#12158),#12162);
#12158 = LINE('',#12159,#12160);
#12159 = CARTESIAN_POINT('',(55.987800380247,0.));
#12160 = VECTOR('',#12161,1.);
#12161 = DIRECTION('',(0.,-1.));
#12162 = ( GEOMETRIC_REPRESENTATION_CONTEXT(2) 
PARAMETRIC_REPRESENTATION_CONTEXT() REPRESENTATION_CONTEXT('2D SPACE',''
  ) );
#12163 = ORIENTED_EDGE('',*,*,#9394,.T.);
#12164 = ORIENTED_EDGE('',*,*,#12091,.F.);
#12165 = ORIENTED_EDGE('',*,*,#4570,.F.);
#12166 = ADVANCED_FACE('',(#12167),#4861,.F.);
#12167 = FACE_BOUND('',#12168,.T.);
#12168 = EDGE_LOOP('',(#12169,#12170,#12171,#12192));
#12169 = ORIENTED_EDGE('',*,*,#12118,.T.);
#12170 = ORIENTED_EDGE('',*,*,#9557,.T.);
#12171 = ORIENTED_EDGE('',*,*,#12172,.F.);
#12172 = EDGE_CURVE('',#4817,#9535,#12173,.T.);
#12173 = SURFACE_CURVE('',#12174,(#12178,#12185),.PCURVE_S1.);
#12174 = LINE('',#12175,#12176);
#12175 = CARTESIAN_POINT('',(-41.47139212006,25.147040295502,0.));
#12176 = VECTOR('',#12177,1.);
#12177 = DIRECTION('',(0.,0.,1.));
#12178 = PCURVE('',#4861,#12179);
#12179 = DEFINITIONAL_REPRESENTATION('',(#12180),#12184);
#12180 = LINE('',#12181,#12182);
#12181 = CARTESIAN_POINT('',(-2.596501921103,0.));
#12182 = VECTOR('',#12183,1.);
#12183 = DIRECTION('',(-0.,-1.));
#12184 = ( GEOMETRIC_REPRESENTATION_CONTEXT(2) 
PARAMETRIC_REPRESENTATION_CONTEXT() REPRESENTATION_CONTEXT('2D SPACE',''
  ) );
#12185 = PCURVE('',#4832,#12186);
#12186 = DEFINITIONAL_REPRESENTATION('',(#12187),#12191);
#12187 = LINE('',#12188,#12189);
#12188 = CARTESIAN_POINT('',(0.,0.));
#12189 = VECTOR('',#12190,1.);
#12190 = DIRECTION('',(0.,-1.));
#12191 = ( GEOMETRIC_REPRESENTATION_CONTEXT(2) 
PARAMETRIC_REPRESENTATION_CONTEXT() REPRESENTATION_CONTEXT('2D SPACE',''
  ) );
#12192 = ORIENTED_EDGE('',*,*,#4844,.F.);
#12193 = ADVANCED_FACE('',(#12194),#4708,.T.);
#12194 = FACE_BOUND('',#12195,.T.);
#12195 = EDGE_LOOP('',(#12196,#12217,#12218,#12219));
#12196 = ORIENTED_EDGE('',*,*,#12197,.T.);
#12197 = EDGE_CURVE('',#4599,#9418,#12198,.T.);
#12198 = SURFACE_CURVE('',#12199,(#12203,#12210),.PCURVE_S1.);
#12199 = LINE('',#12200,#12201);
#12200 = CARTESIAN_POINT('',(-41.2335182624,24.786705922474,0.));
#12201 = VECTOR('',#12202,1.);
#12202 = DIRECTION('',(0.,0.,1.));
#12203 = PCURVE('',#4708,#12204);
#12204 = DEFINITIONAL_REPRESENTATION('',(#12205),#12209);
#12205 = LINE('',#12206,#12207);
#12206 = CARTESIAN_POINT('',(0.,0.));
#12207 = VECTOR('',#12208,1.);
#12208 = DIRECTION('',(0.,-1.));
#12209 = ( GEOMETRIC_REPRESENTATION_CONTEXT(2) 
PARAMETRIC_REPRESENTATION_CONTEXT() REPRESENTATION_CONTEXT('2D SPACE',''
  ) );
#12210 = PCURVE('',#4832,#12211);
#12211 = DEFINITIONAL_REPRESENTATION('',(#12212),#12216);
#12212 = LINE('',#12213,#12214);
#12213 = CARTESIAN_POINT('',(0.431769420574,0.));
#12214 = VECTOR('',#12215,1.);
#12215 = DIRECTION('',(0.,-1.));
#12216 = ( GEOMETRIC_REPRESENTATION_CONTEXT(2) 
PARAMETRIC_REPRESENTATION_CONTEXT() REPRESENTATION_CONTEXT('2D SPACE',''
  ) );
#12217 = ORIENTED_EDGE('',*,*,#9417,.T.);
#12218 = ORIENTED_EDGE('',*,*,#12143,.F.);
#12219 = ORIENTED_EDGE('',*,*,#4598,.F.);
#12220 = ADVANCED_FACE('',(#12221),#4832,.T.);
#12221 = FACE_BOUND('',#12222,.T.);
#12222 = EDGE_LOOP('',(#12223,#12224,#12225,#12226));
#12223 = ORIENTED_EDGE('',*,*,#12172,.T.);
#12224 = ORIENTED_EDGE('',*,*,#9534,.T.);
#12225 = ORIENTED_EDGE('',*,*,#12197,.F.);
#12226 = ORIENTED_EDGE('',*,*,#4816,.F.);
#12227 = ADVANCED_FACE('',(#12228),#5110,.T.);
#12228 = FACE_BOUND('',#12229,.F.);
#12229 = EDGE_LOOP('',(#12230,#12251,#12252,#12273));
#12230 = ORIENTED_EDGE('',*,*,#12231,.T.);
#12231 = EDGE_CURVE('',#5092,#9699,#12232,.T.);
#12232 = SURFACE_CURVE('',#12233,(#12237,#12244),.PCURVE_S1.);
#12233 = LINE('',#12234,#12235);
#12234 = CARTESIAN_POINT('',(-4.35224476005,11.930966664467,0.));
#12235 = VECTOR('',#12236,1.);
#12236 = DIRECTION('',(0.,0.,1.));
#12237 = PCURVE('',#5110,#12238);
#12238 = DEFINITIONAL_REPRESENTATION('',(#12239),#12243);
#12239 = LINE('',#12240,#12241);
#12240 = CARTESIAN_POINT('',(-1.920581969089,0.));
#12241 = VECTOR('',#12242,1.);
#12242 = DIRECTION('',(-0.,-1.));
#12243 = ( GEOMETRIC_REPRESENTATION_CONTEXT(2) 
PARAMETRIC_REPRESENTATION_CONTEXT() REPRESENTATION_CONTEXT('2D SPACE',''
  ) );
#12244 = PCURVE('',#5533,#12245);
#12245 = DEFINITIONAL_REPRESENTATION('',(#12246),#12250);
#12246 = LINE('',#12247,#12248);
#12247 = CARTESIAN_POINT('',(4.294967752968,0.));
#12248 = VECTOR('',#12249,1.);
#12249 = DIRECTION('',(0.,-1.));
#12250 = ( GEOMETRIC_REPRESENTATION_CONTEXT(2) 
PARAMETRIC_REPRESENTATION_CONTEXT() REPRESENTATION_CONTEXT('2D SPACE',''
  ) );
#12251 = ORIENTED_EDGE('',*,*,#9698,.T.);
#12252 = ORIENTED_EDGE('',*,*,#12253,.F.);
#12253 = EDGE_CURVE('',#5094,#9701,#12254,.T.);
#12254 = SURFACE_CURVE('',#12255,(#12259,#12266),.PCURVE_S1.);
#12255 = LINE('',#12256,#12257);
#12256 = CARTESIAN_POINT('',(-6.254043514939,11.053367799601,0.));
#12257 = VECTOR('',#12258,1.);
#12258 = DIRECTION('',(0.,0.,1.));
#12259 = PCURVE('',#5110,#12260);
#12260 = DEFINITIONAL_REPRESENTATION('',(#12261),#12265);
#12261 = LINE('',#12262,#12263);
#12262 = CARTESIAN_POINT('',(-2.085692367383,0.));
#12263 = VECTOR('',#12264,1.);
#12264 = DIRECTION('',(-0.,-1.));
#12265 = ( GEOMETRIC_REPRESENTATION_CONTEXT(2) 
PARAMETRIC_REPRESENTATION_CONTEXT() REPRESENTATION_CONTEXT('2D SPACE',''
  ) );
#12266 = PCURVE('',#5138,#12267);
#12267 = DEFINITIONAL_REPRESENTATION('',(#12268),#12272);
#12268 = LINE('',#12269,#12270);
#12269 = CARTESIAN_POINT('',(1.450995443107,0.));
#12270 = VECTOR('',#12271,1.);
#12271 = DIRECTION('',(0.,-1.));
#12272 = ( GEOMETRIC_REPRESENTATION_CONTEXT(2) 
PARAMETRIC_REPRESENTATION_CONTEXT() REPRESENTATION_CONTEXT('2D SPACE',''
  ) );
#12273 = ORIENTED_EDGE('',*,*,#5091,.F.);
#12274 = ADVANCED_FACE('',(#12275),#5533,.T.);
#12275 = FACE_BOUND('',#12276,.T.);
#12276 = EDGE_LOOP('',(#12277,#12278,#12279,#12300));
#12277 = ORIENTED_EDGE('',*,*,#12231,.T.);
#12278 = ORIENTED_EDGE('',*,*,#9911,.T.);
#12279 = ORIENTED_EDGE('',*,*,#12280,.F.);
#12280 = EDGE_CURVE('',#5397,#9888,#12281,.T.);
#12281 = SURFACE_CURVE('',#12282,(#12286,#12293),.PCURVE_S1.);
#12282 = LINE('',#12283,#12284);
#12283 = CARTESIAN_POINT('',(-1.042515668191,48.488794180528,0.));
#12284 = VECTOR('',#12285,1.);
#12285 = DIRECTION('',(0.,0.,1.));
#12286 = PCURVE('',#5533,#12287);
#12287 = DEFINITIONAL_REPRESENTATION('',(#12288),#12292);
#12288 = LINE('',#12289,#12290);
#12289 = CARTESIAN_POINT('',(58.209842986943,0.));
#12290 = VECTOR('',#12291,1.);
#12291 = DIRECTION('',(0.,-1.));
#12292 = ( GEOMETRIC_REPRESENTATION_CONTEXT(2) 
PARAMETRIC_REPRESENTATION_CONTEXT() REPRESENTATION_CONTEXT('2D SPACE',''
  ) );
#12293 = PCURVE('',#5413,#12294);
#12294 = DEFINITIONAL_REPRESENTATION('',(#12295),#12299);
#12295 = LINE('',#12296,#12297);
#12296 = CARTESIAN_POINT('',(-1.592293150835,0.));
#12297 = VECTOR('',#12298,1.);
#12298 = DIRECTION('',(-0.,-1.));
#12299 = ( GEOMETRIC_REPRESENTATION_CONTEXT(2) 
PARAMETRIC_REPRESENTATION_CONTEXT() REPRESENTATION_CONTEXT('2D SPACE',''
  ) );
#12300 = ORIENTED_EDGE('',*,*,#5425,.F.);
#12301 = ADVANCED_FACE('',(#12302),#5138,.T.);
#12302 = FACE_BOUND('',#12303,.T.);
#12303 = EDGE_LOOP('',(#12304,#12325,#12326,#12327));
#12304 = ORIENTED_EDGE('',*,*,#12305,.T.);
#12305 = EDGE_CURVE('',#5123,#9725,#12306,.T.);
#12306 = SURFACE_CURVE('',#12307,(#12311,#12318),.PCURVE_S1.);
#12307 = LINE('',#12308,#12309);
#12308 = CARTESIAN_POINT('',(-6.979541236493,12.309966714107,0.));
#12309 = VECTOR('',#12310,1.);
#12310 = DIRECTION('',(0.,0.,1.));
#12311 = PCURVE('',#5138,#12312);
#12312 = DEFINITIONAL_REPRESENTATION('',(#12313),#12317);
#12313 = LINE('',#12314,#12315);
#12314 = CARTESIAN_POINT('',(0.,0.));
#12315 = VECTOR('',#12316,1.);
#12316 = DIRECTION('',(0.,-1.));
#12317 = ( GEOMETRIC_REPRESENTATION_CONTEXT(2) 
PARAMETRIC_REPRESENTATION_CONTEXT() REPRESENTATION_CONTEXT('2D SPACE',''
  ) );
#12318 = PCURVE('',#5260,#12319);
#12319 = DEFINITIONAL_REPRESENTATION('',(#12320),#12324);
#12320 = LINE('',#12321,#12322);
#12321 = CARTESIAN_POINT('',(55.987800380247,0.));
#12322 = VECTOR('',#12323,1.);
#12323 = DIRECTION('',(0.,-1.));
#12324 = ( GEOMETRIC_REPRESENTATION_CONTEXT(2) 
PARAMETRIC_REPRESENTATION_CONTEXT() REPRESENTATION_CONTEXT('2D SPACE',''
  ) );
#12325 = ORIENTED_EDGE('',*,*,#9724,.T.);
#12326 = ORIENTED_EDGE('',*,*,#12253,.F.);
#12327 = ORIENTED_EDGE('',*,*,#5122,.F.);
#12328 = ADVANCED_FACE('',(#12329),#5413,.F.);
#12329 = FACE_BOUND('',#12330,.T.);
#12330 = EDGE_LOOP('',(#12331,#12332,#12333,#12354));
#12331 = ORIENTED_EDGE('',*,*,#12280,.T.);
#12332 = ORIENTED_EDGE('',*,*,#9887,.T.);
#12333 = ORIENTED_EDGE('',*,*,#12334,.F.);
#12334 = EDGE_CURVE('',#5369,#9865,#12335,.T.);
#12335 = SURFACE_CURVE('',#12336,(#12340,#12347),.PCURVE_S1.);
#12336 = LINE('',#12337,#12338);
#12337 = CARTESIAN_POINT('',(-23.34175895853,42.513671785928,0.));
#12338 = VECTOR('',#12339,1.);
#12339 = DIRECTION('',(0.,0.,1.));
#12340 = PCURVE('',#5413,#12341);
#12341 = DEFINITIONAL_REPRESENTATION('',(#12342),#12346);
#12342 = LINE('',#12343,#12344);
#12343 = CARTESIAN_POINT('',(-2.072903145505,0.));
#12344 = VECTOR('',#12345,1.);
#12345 = DIRECTION('',(-0.,-1.));
#12346 = ( GEOMETRIC_REPRESENTATION_CONTEXT(2) 
PARAMETRIC_REPRESENTATION_CONTEXT() REPRESENTATION_CONTEXT('2D SPACE',''
  ) );
#12347 = PCURVE('',#5384,#12348);
#12348 = DEFINITIONAL_REPRESENTATION('',(#12349),#12353);
#12349 = LINE('',#12350,#12351);
#12350 = CARTESIAN_POINT('',(0.,0.));
#12351 = VECTOR('',#12352,1.);
#12352 = DIRECTION('',(0.,-1.));
#12353 = ( GEOMETRIC_REPRESENTATION_CONTEXT(2) 
PARAMETRIC_REPRESENTATION_CONTEXT() REPRESENTATION_CONTEXT('2D SPACE',''
  ) );
#12354 = ORIENTED_EDGE('',*,*,#5396,.F.);
#12355 = ADVANCED_FACE('',(#12356),#5260,.T.);
#12356 = FACE_BOUND('',#12357,.T.);
#12357 = EDGE_LOOP('',(#12358,#12379,#12380,#12381));
#12358 = ORIENTED_EDGE('',*,*,#12359,.T.);
#12359 = EDGE_CURVE('',#5151,#9748,#12360,.T.);
#12360 = SURFACE_CURVE('',#12361,(#12365,#12372),.PCURVE_S1.);
#12361 = LINE('',#12362,#12363);
#12362 = CARTESIAN_POINT('',(-23.31592134141,42.082676136201,0.));
#12363 = VECTOR('',#12364,1.);
#12364 = DIRECTION('',(0.,0.,1.));
#12365 = PCURVE('',#5260,#12366);
#12366 = DEFINITIONAL_REPRESENTATION('',(#12367),#12371);
#12367 = LINE('',#12368,#12369);
#12368 = CARTESIAN_POINT('',(0.,0.));
#12369 = VECTOR('',#12370,1.);
#12370 = DIRECTION('',(0.,-1.));
#12371 = ( GEOMETRIC_REPRESENTATION_CONTEXT(2) 
PARAMETRIC_REPRESENTATION_CONTEXT() REPRESENTATION_CONTEXT('2D SPACE',''
  ) );
#12372 = PCURVE('',#5384,#12373);
#12373 = DEFINITIONAL_REPRESENTATION('',(#12374),#12378);
#12374 = LINE('',#12375,#12376);
#12375 = CARTESIAN_POINT('',(0.431769420573,0.));
#12376 = VECTOR('',#12377,1.);
#12377 = DIRECTION('',(0.,-1.));
#12378 = ( GEOMETRIC_REPRESENTATION_CONTEXT(2) 
PARAMETRIC_REPRESENTATION_CONTEXT() REPRESENTATION_CONTEXT('2D SPACE',''
  ) );
#12379 = ORIENTED_EDGE('',*,*,#9747,.T.);
#12380 = ORIENTED_EDGE('',*,*,#12305,.F.);
#12381 = ORIENTED_EDGE('',*,*,#5150,.F.);
#12382 = ADVANCED_FACE('',(#12383),#5384,.T.);
#12383 = FACE_BOUND('',#12384,.T.);
#12384 = EDGE_LOOP('',(#12385,#12386,#12387,#12388));
#12385 = ORIENTED_EDGE('',*,*,#12334,.T.);
#12386 = ORIENTED_EDGE('',*,*,#9864,.T.);
#12387 = ORIENTED_EDGE('',*,*,#12359,.F.);
#12388 = ORIENTED_EDGE('',*,*,#5368,.F.);
#12389 = ADVANCED_FACE('',(#12390),#5778,.T.);
#12390 = FACE_BOUND('',#12391,.T.);
#12391 = EDGE_LOOP('',(#12392,#12393,#12394,#12395));
#12392 = ORIENTED_EDGE('',*,*,#10883,.T.);
#12393 = ORIENTED_EDGE('',*,*,#10147,.T.);
#12394 = ORIENTED_EDGE('',*,*,#10908,.F.);
#12395 = ORIENTED_EDGE('',*,*,#5762,.F.);
#12396 = ADVANCED_FACE('',(#12397),#5834,.T.);
#12397 = FACE_BOUND('',#12398,.F.);
#12398 = EDGE_LOOP('',(#12399,#12420,#12421,#12442));
#12399 = ORIENTED_EDGE('',*,*,#12400,.T.);
#12400 = EDGE_CURVE('',#5816,#10196,#12401,.T.);
#12401 = SURFACE_CURVE('',#12402,(#12406,#12413),.PCURVE_S1.);
#12402 = LINE('',#12403,#12404);
#12403 = CARTESIAN_POINT('',(2.196328806542,12.508642603159,0.));
#12404 = VECTOR('',#12405,1.);
#12405 = DIRECTION('',(0.,0.,1.));
#12406 = PCURVE('',#5834,#12407);
#12407 = DEFINITIONAL_REPRESENTATION('',(#12408),#12412);
#12408 = LINE('',#12409,#12410);
#12409 = CARTESIAN_POINT('',(-1.396983193491,0.));
#12410 = VECTOR('',#12411,1.);
#12411 = DIRECTION('',(-0.,-1.));
#12412 = ( GEOMETRIC_REPRESENTATION_CONTEXT(2) 
PARAMETRIC_REPRESENTATION_CONTEXT() REPRESENTATION_CONTEXT('2D SPACE',''
  ) );
#12413 = PCURVE('',#6257,#12414);
#12414 = DEFINITIONAL_REPRESENTATION('',(#12415),#12419);
#12415 = LINE('',#12416,#12417);
#12416 = CARTESIAN_POINT('',(4.294967752968,0.));
#12417 = VECTOR('',#12418,1.);
#12418 = DIRECTION('',(0.,-1.));
#12419 = ( GEOMETRIC_REPRESENTATION_CONTEXT(2) 
PARAMETRIC_REPRESENTATION_CONTEXT() REPRESENTATION_CONTEXT('2D SPACE',''
  ) );
#12420 = ORIENTED_EDGE('',*,*,#10195,.T.);
#12421 = ORIENTED_EDGE('',*,*,#12422,.F.);
#12422 = EDGE_CURVE('',#5818,#10198,#12423,.T.);
#12423 = SURFACE_CURVE('',#12424,(#12428,#12435),.PCURVE_S1.);
#12424 = LINE('',#12425,#12426);
#12425 = CARTESIAN_POINT('',(0.11052333949,12.699519069297,0.));
#12426 = VECTOR('',#12427,1.);
#12427 = DIRECTION('',(0.,0.,1.));
#12428 = PCURVE('',#5834,#12429);
#12429 = DEFINITIONAL_REPRESENTATION('',(#12430),#12434);
#12430 = LINE('',#12431,#12432);
#12431 = CARTESIAN_POINT('',(-1.562093591785,0.));
#12432 = VECTOR('',#12433,1.);
#12433 = DIRECTION('',(-0.,-1.));
#12434 = ( GEOMETRIC_REPRESENTATION_CONTEXT(2) 
PARAMETRIC_REPRESENTATION_CONTEXT() REPRESENTATION_CONTEXT('2D SPACE',''
  ) );
#12435 = PCURVE('',#5862,#12436);
#12436 = DEFINITIONAL_REPRESENTATION('',(#12437),#12441);
#12437 = LINE('',#12438,#12439);
#12438 = CARTESIAN_POINT('',(1.450995443107,0.));
#12439 = VECTOR('',#12440,1.);
#12440 = DIRECTION('',(0.,-1.));
#12441 = ( GEOMETRIC_REPRESENTATION_CONTEXT(2) 
PARAMETRIC_REPRESENTATION_CONTEXT() REPRESENTATION_CONTEXT('2D SPACE',''
  ) );
#12442 = ORIENTED_EDGE('',*,*,#5815,.F.);
#12443 = ADVANCED_FACE('',(#12444),#6257,.T.);
#12444 = FACE_BOUND('',#12445,.T.);
#12445 = EDGE_LOOP('',(#12446,#12447,#12448,#12469));
#12446 = ORIENTED_EDGE('',*,*,#12400,.T.);
#12447 = ORIENTED_EDGE('',*,*,#10408,.T.);
#12448 = ORIENTED_EDGE('',*,*,#12449,.F.);
#12449 = EDGE_CURVE('',#6121,#10385,#12450,.T.);
#12450 = SURFACE_CURVE('',#12451,(#12455,#12462),.PCURVE_S1.);
#12451 = LINE('',#12452,#12453);
#12452 = CARTESIAN_POINT('',(23.341552037767,42.513785393307,0.));
#12453 = VECTOR('',#12454,1.);
#12454 = DIRECTION('',(0.,0.,1.));
#12455 = PCURVE('',#6257,#12456);
#12456 = DEFINITIONAL_REPRESENTATION('',(#12457),#12461);
#12457 = LINE('',#12458,#12459);
#12458 = CARTESIAN_POINT('',(58.209842986943,0.));
#12459 = VECTOR('',#12460,1.);
#12460 = DIRECTION('',(0.,-1.));
#12461 = ( GEOMETRIC_REPRESENTATION_CONTEXT(2) 
PARAMETRIC_REPRESENTATION_CONTEXT() REPRESENTATION_CONTEXT('2D SPACE',''
  ) );
#12462 = PCURVE('',#6137,#12463);
#12463 = DEFINITIONAL_REPRESENTATION('',(#12464),#12468);
#12464 = LINE('',#12465,#12466);
#12465 = CARTESIAN_POINT('',(-1.068694375237,0.));
#12466 = VECTOR('',#12467,1.);
#12467 = DIRECTION('',(-0.,-1.));
#12468 = ( GEOMETRIC_REPRESENTATION_CONTEXT(2) 
PARAMETRIC_REPRESENTATION_CONTEXT() REPRESENTATION_CONTEXT('2D SPACE',''
  ) );
#12469 = ORIENTED_EDGE('',*,*,#6149,.F.);
#12470 = ADVANCED_FACE('',(#12471),#5862,.T.);
#12471 = FACE_BOUND('',#12472,.T.);
#12472 = EDGE_LOOP('',(#12473,#12494,#12495,#12496));
#12473 = ORIENTED_EDGE('',*,*,#12474,.T.);
#12474 = EDGE_CURVE('',#5847,#10222,#12475,.T.);
#12475 = SURFACE_CURVE('',#12476,(#12480,#12487),.PCURVE_S1.);
#12476 = LINE('',#12477,#12478);
#12477 = CARTESIAN_POINT('',(0.11052333949,14.150514512404,0.));
#12478 = VECTOR('',#12479,1.);
#12479 = DIRECTION('',(0.,0.,1.));
#12480 = PCURVE('',#5862,#12481);
#12481 = DEFINITIONAL_REPRESENTATION('',(#12482),#12486);
#12482 = LINE('',#12483,#12484);
#12483 = CARTESIAN_POINT('',(0.,0.));
#12484 = VECTOR('',#12485,1.);
#12485 = DIRECTION('',(0.,-1.));
#12486 = ( GEOMETRIC_REPRESENTATION_CONTEXT(2) 
PARAMETRIC_REPRESENTATION_CONTEXT() REPRESENTATION_CONTEXT('2D SPACE',''
  ) );
#12487 = PCURVE('',#5984,#12488);
#12488 = DEFINITIONAL_REPRESENTATION('',(#12489),#12493);
#12489 = LINE('',#12490,#12491);
#12490 = CARTESIAN_POINT('',(55.987800380247,0.));
#12491 = VECTOR('',#12492,1.);
#12492 = DIRECTION('',(0.,-1.));
#12493 = ( GEOMETRIC_REPRESENTATION_CONTEXT(2) 
PARAMETRIC_REPRESENTATION_CONTEXT() REPRESENTATION_CONTEXT('2D SPACE',''
  ) );
#12494 = ORIENTED_EDGE('',*,*,#10221,.T.);
#12495 = ORIENTED_EDGE('',*,*,#12422,.F.);
#12496 = ORIENTED_EDGE('',*,*,#5846,.F.);
#12497 = ADVANCED_FACE('',(#12498),#6137,.F.);
#12498 = FACE_BOUND('',#12499,.T.);
#12499 = EDGE_LOOP('',(#12500,#12501,#12502,#12523));
#12500 = ORIENTED_EDGE('',*,*,#12449,.T.);
#12501 = ORIENTED_EDGE('',*,*,#10384,.T.);
#12502 = ORIENTED_EDGE('',*,*,#12503,.F.);
#12503 = EDGE_CURVE('',#6093,#10362,#12504,.T.);
#12504 = SURFACE_CURVE('',#12505,(#12509,#12516),.PCURVE_S1.);
#12505 = LINE('',#12506,#12507);
#12506 = CARTESIAN_POINT('',(1.04227966586,48.488799254035,0.));
#12507 = VECTOR('',#12508,1.);
#12508 = DIRECTION('',(0.,0.,1.));
#12509 = PCURVE('',#6137,#12510);
#12510 = DEFINITIONAL_REPRESENTATION('',(#12511),#12515);
#12511 = LINE('',#12512,#12513);
#12512 = CARTESIAN_POINT('',(-1.549304369907,0.));
#12513 = VECTOR('',#12514,1.);
#12514 = DIRECTION('',(-0.,-1.));
#12515 = ( GEOMETRIC_REPRESENTATION_CONTEXT(2) 
PARAMETRIC_REPRESENTATION_CONTEXT() REPRESENTATION_CONTEXT('2D SPACE',''
  ) );
#12516 = PCURVE('',#6108,#12517);
#12517 = DEFINITIONAL_REPRESENTATION('',(#12518),#12522);
#12518 = LINE('',#12519,#12520);
#12519 = CARTESIAN_POINT('',(9.931609321773E-17,-0.));
#12520 = VECTOR('',#12521,1.);
#12521 = DIRECTION('',(0.,-1.));
#12522 = ( GEOMETRIC_REPRESENTATION_CONTEXT(2) 
PARAMETRIC_REPRESENTATION_CONTEXT() REPRESENTATION_CONTEXT('2D SPACE',''
  ) );
#12523 = ORIENTED_EDGE('',*,*,#6120,.F.);
#12524 = ADVANCED_FACE('',(#12525),#5984,.T.);
#12525 = FACE_BOUND('',#12526,.T.);
#12526 = EDGE_LOOP('',(#12527,#12548,#12549,#12550));
#12527 = ORIENTED_EDGE('',*,*,#12528,.T.);
#12528 = EDGE_CURVE('',#5875,#10245,#12529,.T.);
#12529 = SURFACE_CURVE('',#12530,(#12534,#12541),.PCURVE_S1.);
#12530 = LINE('',#12531,#12532);
#12531 = CARTESIAN_POINT('',(0.849157873792,48.102627263893,0.));
#12532 = VECTOR('',#12533,1.);
#12533 = DIRECTION('',(0.,0.,1.));
#12534 = PCURVE('',#5984,#12535);
#12535 = DEFINITIONAL_REPRESENTATION('',(#12536),#12540);
#12536 = LINE('',#12537,#12538);
#12537 = CARTESIAN_POINT('',(0.,0.));
#12538 = VECTOR('',#12539,1.);
#12539 = DIRECTION('',(0.,-1.));
#12540 = ( GEOMETRIC_REPRESENTATION_CONTEXT(2) 
PARAMETRIC_REPRESENTATION_CONTEXT() REPRESENTATION_CONTEXT('2D SPACE',''
  ) );
#12541 = PCURVE('',#6108,#12542);
#12542 = DEFINITIONAL_REPRESENTATION('',(#12543),#12547);
#12543 = LINE('',#12544,#12545);
#12544 = CARTESIAN_POINT('',(0.431769420573,0.));
#12545 = VECTOR('',#12546,1.);
#12546 = DIRECTION('',(0.,-1.));
#12547 = ( GEOMETRIC_REPRESENTATION_CONTEXT(2) 
PARAMETRIC_REPRESENTATION_CONTEXT() REPRESENTATION_CONTEXT('2D SPACE',''
  ) );
#12548 = ORIENTED_EDGE('',*,*,#10244,.T.);
#12549 = ORIENTED_EDGE('',*,*,#12474,.F.);
#12550 = ORIENTED_EDGE('',*,*,#5874,.F.);
#12551 = ADVANCED_FACE('',(#12552),#6108,.T.);
#12552 = FACE_BOUND('',#12553,.T.);
#12553 = EDGE_LOOP('',(#12554,#12555,#12556,#12557));
#12554 = ORIENTED_EDGE('',*,*,#12503,.T.);
#12555 = ORIENTED_EDGE('',*,*,#10361,.T.);
#12556 = ORIENTED_EDGE('',*,*,#12528,.F.);
#12557 = ORIENTED_EDGE('',*,*,#6092,.F.);
#12558 = ADVANCED_FACE('',(#12559),#6386,.T.);
#12559 = FACE_BOUND('',#12560,.F.);
#12560 = EDGE_LOOP('',(#12561,#12582,#12583,#12604));
#12561 = ORIENTED_EDGE('',*,*,#12562,.T.);
#12562 = EDGE_CURVE('',#6368,#10526,#12563,.T.);
#12563 = SURFACE_CURVE('',#12564,(#12568,#12575),.PCURVE_S1.);
#12564 = LINE('',#12565,#12566);
#12565 = CARTESIAN_POINT('',(8.156397843108,9.734637857925,0.));
#12566 = VECTOR('',#12567,1.);
#12567 = DIRECTION('',(0.,0.,1.));
#12568 = PCURVE('',#6386,#12569);
#12569 = DEFINITIONAL_REPRESENTATION('',(#12570),#12574);
#12570 = LINE('',#12571,#12572);
#12571 = CARTESIAN_POINT('',(-0.873384417892,0.));
#12572 = VECTOR('',#12573,1.);
#12573 = DIRECTION('',(-0.,-1.));
#12574 = ( GEOMETRIC_REPRESENTATION_CONTEXT(2) 
PARAMETRIC_REPRESENTATION_CONTEXT() REPRESENTATION_CONTEXT('2D SPACE',''
  ) );
#12575 = PCURVE('',#6809,#12576);
#12576 = DEFINITIONAL_REPRESENTATION('',(#12577),#12581);
#12577 = LINE('',#12578,#12579);
#12578 = CARTESIAN_POINT('',(4.294967752968,0.));
#12579 = VECTOR('',#12580,1.);
#12580 = DIRECTION('',(0.,-1.));
#12581 = ( GEOMETRIC_REPRESENTATION_CONTEXT(2) 
PARAMETRIC_REPRESENTATION_CONTEXT() REPRESENTATION_CONTEXT('2D SPACE',''
  ) );
#12582 = ORIENTED_EDGE('',*,*,#10525,.T.);
#12583 = ORIENTED_EDGE('',*,*,#12584,.F.);
#12584 = EDGE_CURVE('',#6370,#10528,#12585,.T.);
#12585 = SURFACE_CURVE('',#12586,(#12590,#12597),.PCURVE_S1.);
#12586 = LINE('',#12587,#12588);
#12587 = CARTESIAN_POINT('',(6.445475554358,10.942844460111,0.));
#12588 = VECTOR('',#12589,1.);
#12589 = DIRECTION('',(0.,0.,1.));
#12590 = PCURVE('',#6386,#12591);
#12591 = DEFINITIONAL_REPRESENTATION('',(#12592),#12596);
#12592 = LINE('',#12593,#12594);
#12593 = CARTESIAN_POINT('',(-1.038494816186,0.));
#12594 = VECTOR('',#12595,1.);
#12595 = DIRECTION('',(-0.,-1.));
#12596 = ( GEOMETRIC_REPRESENTATION_CONTEXT(2) 
PARAMETRIC_REPRESENTATION_CONTEXT() REPRESENTATION_CONTEXT('2D SPACE',''
  ) );
#12597 = PCURVE('',#6414,#12598);
#12598 = DEFINITIONAL_REPRESENTATION('',(#12599),#12603);
#12599 = LINE('',#12600,#12601);
#12600 = CARTESIAN_POINT('',(1.450995443107,0.));
#12601 = VECTOR('',#12602,1.);
#12602 = DIRECTION('',(0.,-1.));
#12603 = ( GEOMETRIC_REPRESENTATION_CONTEXT(2) 
PARAMETRIC_REPRESENTATION_CONTEXT() REPRESENTATION_CONTEXT('2D SPACE',''
  ) );
#12604 = ORIENTED_EDGE('',*,*,#6367,.F.);
#12605 = ADVANCED_FACE('',(#12606),#6809,.T.);
#12606 = FACE_BOUND('',#12607,.T.);
#12607 = EDGE_LOOP('',(#12608,#12609,#12610,#12631));
#12608 = ORIENTED_EDGE('',*,*,#12562,.T.);
#12609 = ORIENTED_EDGE('',*,*,#10738,.T.);
#12610 = ORIENTED_EDGE('',*,*,#12611,.F.);
#12611 = EDGE_CURVE('',#6673,#10715,#12612,.T.);
#12612 = SURFACE_CURVE('',#12613,(#12617,#12624),.PCURVE_S1.);
#12613 = LINE('',#12614,#12615);
#12614 = CARTESIAN_POINT('',(41.471269725117,25.14724214276,0.));
#12615 = VECTOR('',#12616,1.);
#12616 = DIRECTION('',(0.,0.,1.));
#12617 = PCURVE('',#6809,#12618);
#12618 = DEFINITIONAL_REPRESENTATION('',(#12619),#12623);
#12619 = LINE('',#12620,#12621);
#12620 = CARTESIAN_POINT('',(58.209842986943,0.));
#12621 = VECTOR('',#12622,1.);
#12622 = DIRECTION('',(0.,-1.));
#12623 = ( GEOMETRIC_REPRESENTATION_CONTEXT(2) 
PARAMETRIC_REPRESENTATION_CONTEXT() REPRESENTATION_CONTEXT('2D SPACE',''
  ) );
#12624 = PCURVE('',#6689,#12625);
#12625 = DEFINITIONAL_REPRESENTATION('',(#12626),#12630);
#12626 = LINE('',#12627,#12628);
#12627 = CARTESIAN_POINT('',(-0.545095599638,0.));
#12628 = VECTOR('',#12629,1.);
#12629 = DIRECTION('',(-0.,-1.));
#12630 = ( GEOMETRIC_REPRESENTATION_CONTEXT(2) 
PARAMETRIC_REPRESENTATION_CONTEXT() REPRESENTATION_CONTEXT('2D SPACE',''
  ) );
#12631 = ORIENTED_EDGE('',*,*,#6701,.F.);
#12632 = ADVANCED_FACE('',(#12633),#6414,.T.);
#12633 = FACE_BOUND('',#12634,.T.);
#12634 = EDGE_LOOP('',(#12635,#12656,#12657,#12658));
#12635 = ORIENTED_EDGE('',*,*,#12636,.T.);
#12636 = EDGE_CURVE('',#6399,#10552,#12637,.T.);
#12637 = SURFACE_CURVE('',#12638,(#12642,#12649),.PCURVE_S1.);
#12638 = LINE('',#12639,#12640);
#12639 = CARTESIAN_POINT('',(7.170973275911,12.199443374617,0.));
#12640 = VECTOR('',#12641,1.);
#12641 = DIRECTION('',(0.,0.,1.));
#12642 = PCURVE('',#6414,#12643);
#12643 = DEFINITIONAL_REPRESENTATION('',(#12644),#12648);
#12644 = LINE('',#12645,#12646);
#12645 = CARTESIAN_POINT('',(0.,0.));
#12646 = VECTOR('',#12647,1.);
#12647 = DIRECTION('',(0.,-1.));
#12648 = ( GEOMETRIC_REPRESENTATION_CONTEXT(2) 
PARAMETRIC_REPRESENTATION_CONTEXT() REPRESENTATION_CONTEXT('2D SPACE',''
  ) );
#12649 = PCURVE('',#6536,#12650);
#12650 = DEFINITIONAL_REPRESENTATION('',(#12651),#12655);
#12651 = LINE('',#12652,#12653);
#12652 = CARTESIAN_POINT('',(55.987800380247,0.));
#12653 = VECTOR('',#12654,1.);
#12654 = DIRECTION('',(0.,-1.));
#12655 = ( GEOMETRIC_REPRESENTATION_CONTEXT(2) 
PARAMETRIC_REPRESENTATION_CONTEXT() REPRESENTATION_CONTEXT('2D SPACE',''
  ) );
#12656 = ORIENTED_EDGE('',*,*,#10551,.T.);
#12657 = ORIENTED_EDGE('',*,*,#12584,.F.);
#12658 = ORIENTED_EDGE('',*,*,#6398,.F.);
#12659 = ADVANCED_FACE('',(#12660),#6689,.F.);
#12660 = FACE_BOUND('',#12661,.T.);
#12661 = EDGE_LOOP('',(#12662,#12663,#12664,#12685));
#12662 = ORIENTED_EDGE('',*,*,#12611,.T.);
#12663 = ORIENTED_EDGE('',*,*,#10714,.T.);
#12664 = ORIENTED_EDGE('',*,*,#12665,.F.);
#12665 = EDGE_CURVE('',#6645,#10692,#12666,.T.);
#12666 = SURFACE_CURVE('',#12667,(#12671,#12678),.PCURVE_S1.);
#12667 = LINE('',#12668,#12669);
#12668 = CARTESIAN_POINT('',(25.147040295502,41.471392120068,0.));
#12669 = VECTOR('',#12670,1.);
#12670 = DIRECTION('',(0.,0.,1.));
#12671 = PCURVE('',#6689,#12672);
#12672 = DEFINITIONAL_REPRESENTATION('',(#12673),#12677);
#12673 = LINE('',#12674,#12675);
#12674 = CARTESIAN_POINT('',(-1.025705594308,0.));
#12675 = VECTOR('',#12676,1.);
#12676 = DIRECTION('',(-0.,-1.));
#12677 = ( GEOMETRIC_REPRESENTATION_CONTEXT(2) 
PARAMETRIC_REPRESENTATION_CONTEXT() REPRESENTATION_CONTEXT('2D SPACE',''
  ) );
#12678 = PCURVE('',#6660,#12679);
#12679 = DEFINITIONAL_REPRESENTATION('',(#12680),#12684);
#12680 = LINE('',#12681,#12682);
#12681 = CARTESIAN_POINT('',(0.,0.));
#12682 = VECTOR('',#12683,1.);
#12683 = DIRECTION('',(0.,-1.));
#12684 = ( GEOMETRIC_REPRESENTATION_CONTEXT(2) 
PARAMETRIC_REPRESENTATION_CONTEXT() REPRESENTATION_CONTEXT('2D SPACE',''
  ) );
#12685 = ORIENTED_EDGE('',*,*,#6672,.F.);
#12686 = ADVANCED_FACE('',(#12687),#6536,.T.);
#12687 = FACE_BOUND('',#12688,.T.);
#12688 = EDGE_LOOP('',(#12689,#12710,#12711,#12712));
#12689 = ORIENTED_EDGE('',*,*,#12690,.T.);
#12690 = EDGE_CURVE('',#6427,#10575,#12691,.T.);
#12691 = SURFACE_CURVE('',#12692,(#12696,#12703),.PCURVE_S1.);
#12692 = LINE('',#12693,#12694);
#12693 = CARTESIAN_POINT('',(24.786705922474,41.233518262409,0.));
#12694 = VECTOR('',#12695,1.);
#12695 = DIRECTION('',(0.,0.,1.));
#12696 = PCURVE('',#6536,#12697);
#12697 = DEFINITIONAL_REPRESENTATION('',(#12698),#12702);
#12698 = LINE('',#12699,#12700);
#12699 = CARTESIAN_POINT('',(0.,0.));
#12700 = VECTOR('',#12701,1.);
#12701 = DIRECTION('',(0.,-1.));
#12702 = ( GEOMETRIC_REPRESENTATION_CONTEXT(2) 
PARAMETRIC_REPRESENTATION_CONTEXT() REPRESENTATION_CONTEXT('2D SPACE',''
  ) );
#12703 = PCURVE('',#6660,#12704);
#12704 = DEFINITIONAL_REPRESENTATION('',(#12705),#12709);
#12705 = LINE('',#12706,#12707);
#12706 = CARTESIAN_POINT('',(0.431769420574,0.));
#12707 = VECTOR('',#12708,1.);
#12708 = DIRECTION('',(0.,-1.));
#12709 = ( GEOMETRIC_REPRESENTATION_CONTEXT(2) 
PARAMETRIC_REPRESENTATION_CONTEXT() REPRESENTATION_CONTEXT('2D SPACE',''
  ) );
#12710 = ORIENTED_EDGE('',*,*,#10574,.T.);
#12711 = ORIENTED_EDGE('',*,*,#12636,.F.);
#12712 = ORIENTED_EDGE('',*,*,#6426,.F.);
#12713 = ADVANCED_FACE('',(#12714),#6660,.T.);
#12714 = FACE_BOUND('',#12715,.T.);
#12715 = EDGE_LOOP('',(#12716,#12717,#12718,#12719));
#12716 = ORIENTED_EDGE('',*,*,#12665,.T.);
#12717 = ORIENTED_EDGE('',*,*,#10691,.T.);
#12718 = ORIENTED_EDGE('',*,*,#12690,.F.);
#12719 = ORIENTED_EDGE('',*,*,#6644,.F.);
#12720 = ADVANCED_FACE('',(#12721),#6936,.T.);
#12721 = FACE_BOUND('',#12722,.T.);
#12722 = EDGE_LOOP('',(#12723,#12745,#12746,#12747));
#12723 = ORIENTED_EDGE('',*,*,#12724,.F.);
#12724 = EDGE_CURVE('',#6920,#10856,#12725,.T.);
#12725 = SEAM_CURVE('',#12726,(#12731,#12738),.PCURVE_S1.);
#12726 = CIRCLE('',#12727,63.220000000001);
#12727 = AXIS2_PLACEMENT_3D('',#12728,#12729,#12730);
#12728 = CARTESIAN_POINT('',(-12.22,0.,11.2));
#12729 = DIRECTION('',(0.,-1.,0.));
#12730 = DIRECTION('',(0.984182220816,0.,-0.177159126859));
#12731 = PCURVE('',#6936,#12732);
#12732 = DEFINITIONAL_REPRESENTATION('',(#12733),#12737);
#12733 = LINE('',#12734,#12735);
#12734 = CARTESIAN_POINT('',(0.,0.));
#12735 = VECTOR('',#12736,1.);
#12736 = DIRECTION('',(0.,1.));
#12737 = ( GEOMETRIC_REPRESENTATION_CONTEXT(2) 
PARAMETRIC_REPRESENTATION_CONTEXT() REPRESENTATION_CONTEXT('2D SPACE',''
  ) );
#12738 = PCURVE('',#6936,#12739);
#12739 = DEFINITIONAL_REPRESENTATION('',(#12740),#12744);
#12740 = LINE('',#12741,#12742);
#12741 = CARTESIAN_POINT('',(6.28318530718,0.));
#12742 = VECTOR('',#12743,1.);
#12743 = DIRECTION('',(0.,1.));
#12744 = ( GEOMETRIC_REPRESENTATION_CONTEXT(2) 
PARAMETRIC_REPRESENTATION_CONTEXT() REPRESENTATION_CONTEXT('2D SPACE',''
  ) );
#12745 = ORIENTED_EDGE('',*,*,#6919,.T.);
#12746 = ORIENTED_EDGE('',*,*,#12724,.T.);
#12747 = ORIENTED_EDGE('',*,*,#10855,.F.);
#12748 = ( GEOMETRIC_REPRESENTATION_CONTEXT(3) 
GLOBAL_UNCERTAINTY_ASSIGNED_CONTEXT((#12752)) 
GLOBAL_UNIT_ASSIGNED_CONTEXT((#12749,#12750,#12751)) 
REPRESENTATION_CONTEXT('Context #1',
  '3D Context with UNIT and UNCERTAINTY') );
#12749 = ( LENGTH_UNIT() NAMED_UNIT(*) SI_UNIT(.MILLI.,.METRE.) );
#12750 = ( NAMED_UNIT(*) PLANE_ANGLE_UNIT() SI_UNIT($,.RADIAN.) );
#12751 = ( NAMED_UNIT(*) SI_UNIT($,.STERADIAN.) SOLID_ANGLE_UNIT() );
#12752 = UNCERTAINTY_MEASURE_WITH_UNIT(LENGTH_MEASURE(1.E-07),#12749,
  'distance_accuracy_value','confusion accuracy');
#12753 = PRODUCT_RELATED_PRODUCT_CATEGORY('part',$,(#7));
ENDSEC;
END-ISO-10303-21;
