ISO-10303-21;
HEADER;
FILE_DESCRIPTION(('Open CASCADE Model'),'2;1');
FILE_NAME('Open CASCADE Shape Model','2026-07-22T00:29:53',('Author'),(
    'Open CASCADE'),'Open CASCADE STEP processor 7.9','Open CASCADE 7.9'
  ,'Unknown');
FILE_SCHEMA(('AUTOMOTIVE_DESIGN { 1 0 10303 214 1 1 1 1 }'));
ENDSEC;
DATA;
#1 = APPLICATION_PROTOCOL_DEFINITION('international standard',
  'automotive_design',2000,#2);
#2 = APPLICATION_CONTEXT(
  'core data for automotive mechanical design processes');
#3 = SHAPE_DEFINITION_REPRESENTATION(#4,#10);
#4 = PRODUCT_DEFINITION_SHAPE('','',#5);
#5 = PRODUCT_DEFINITION('design','',#6,#9);
#6 = PRODUCT_DEFINITION_FORMATION('','',#7);
#7 = PRODUCT('Open CASCADE STEP translator 7.9 1',
  'Open CASCADE STEP translator 7.9 1','',(#8));
#8 = PRODUCT_CONTEXT('',#2,'mechanical');
#9 = PRODUCT_DEFINITION_CONTEXT('part definition',#2,'design');
#10 = ADVANCED_BREP_SHAPE_REPRESENTATION('',(#11,#15),#11779);
#11 = AXIS2_PLACEMENT_3D('',#12,#13,#14);
#12 = CARTESIAN_POINT('',(0.,0.,0.));
#13 = DIRECTION('',(0.,0.,1.));
#14 = DIRECTION('',(1.,0.,-0.));
#15 = MANIFOLD_SOLID_BREP('',#16);
#16 = CLOSED_SHELL('',(#17,#5430,#5485,#5588,#5691,#5794,#5897,#6000,
    #6103,#6206,#6309,#6412,#6515,#6618,#6723,#6772,#6921,#7004,#7137,
    #7186,#7335,#7418,#7551,#7600,#7749,#7832,#7965,#8014,#8163,#8246,
    #8379,#8428,#8577,#8660,#8793,#8842,#8991,#9074,#9207,#9256,#9405,
    #9488,#9621,#9670,#9819,#9902,#10035,#10084,#10233,#10316,#10449,
    #10498,#10647,#10730,#10863,#10912,#11061,#11144,#11277,#11326,
    #11475,#11558,#11691));
#17 = ADVANCED_FACE('',(#18,#54,#502,#950,#1398,#1846,#2294,#2742,#3190,
    #3638,#4086,#4534,#4982),#31,.F.);
#18 = FACE_BOUND('',#19,.F.);
#19 = EDGE_LOOP('',(#20));
#20 = ORIENTED_EDGE('',*,*,#21,.T.);
#21 = EDGE_CURVE('',#22,#22,#24,.T.);
#22 = VERTEX_POINT('',#23);
#23 = CARTESIAN_POINT('',(50.,0.,0.));
#24 = SURFACE_CURVE('',#25,(#30,#42),.PCURVE_S1.);
#25 = CIRCLE('',#26,50.);
#26 = AXIS2_PLACEMENT_3D('',#27,#28,#29);
#27 = CARTESIAN_POINT('',(0.,0.,0.));
#28 = DIRECTION('',(0.,0.,1.));
#29 = DIRECTION('',(1.,0.,0.));
#30 = PCURVE('',#31,#36);
#31 = PLANE('',#32);
#32 = AXIS2_PLACEMENT_3D('',#33,#34,#35);
#33 = CARTESIAN_POINT('',(-8.613796110485E-16,-8.774400611482E-17,0.));
#34 = DIRECTION('',(0.,0.,1.));
#35 = DIRECTION('',(1.,0.,-0.));
#36 = DEFINITIONAL_REPRESENTATION('',(#37),#41);
#37 = CIRCLE('',#38,50.);
#38 = AXIS2_PLACEMENT_2D('',#39,#40);
#39 = CARTESIAN_POINT('',(8.613796110485E-16,8.774400611482E-17));
#40 = DIRECTION('',(1.,0.));
#41 = ( GEOMETRIC_REPRESENTATION_CONTEXT(2) 
PARAMETRIC_REPRESENTATION_CONTEXT() REPRESENTATION_CONTEXT('2D SPACE',''
  ) );
#42 = PCURVE('',#43,#48);
#43 = CYLINDRICAL_SURFACE('',#44,50.);
#44 = AXIS2_PLACEMENT_3D('',#45,#46,#47);
#45 = CARTESIAN_POINT('',(0.,0.,0.));
#46 = DIRECTION('',(-0.,-0.,-1.));
#47 = DIRECTION('',(1.,0.,0.));
#48 = DEFINITIONAL_REPRESENTATION('',(#49),#53);
#49 = LINE('',#50,#51);
#50 = CARTESIAN_POINT('',(-0.,0.));
#51 = VECTOR('',#52,1.);
#52 = DIRECTION('',(-1.,0.));
#53 = ( GEOMETRIC_REPRESENTATION_CONTEXT(2) 
PARAMETRIC_REPRESENTATION_CONTEXT() REPRESENTATION_CONTEXT('2D SPACE',''
  ) );
#54 = FACE_BOUND('',#55,.F.);
#55 = EDGE_LOOP('',(#56,#87,#276,#305,#476));
#56 = ORIENTED_EDGE('',*,*,#57,.F.);
#57 = EDGE_CURVE('',#58,#60,#62,.T.);
#58 = VERTEX_POINT('',#59);
#59 = CARTESIAN_POINT('',(43.887888297288,-21.56532542775,0.));
#60 = VERTEX_POINT('',#61);
#61 = CARTESIAN_POINT('',(48.9,1.705302565824E-15,0.));
#62 = SURFACE_CURVE('',#63,(#68,#75),.PCURVE_S1.);
#63 = CIRCLE('',#64,48.9);
#64 = AXIS2_PLACEMENT_3D('',#65,#66,#67);
#65 = CARTESIAN_POINT('',(2.376054908382E-13,1.705302565824E-15,0.));
#66 = DIRECTION('',(0.,0.,1.));
#67 = DIRECTION('',(1.,0.,0.));
#68 = PCURVE('',#31,#69);
#69 = DEFINITIONAL_REPRESENTATION('',(#70),#74);
#70 = CIRCLE('',#71,48.9);
#71 = AXIS2_PLACEMENT_2D('',#72,#73);
#72 = CARTESIAN_POINT('',(2.384668704492E-13,1.793046571939E-15));
#73 = DIRECTION('',(1.,0.));
#74 = ( GEOMETRIC_REPRESENTATION_CONTEXT(2) 
PARAMETRIC_REPRESENTATION_CONTEXT() REPRESENTATION_CONTEXT('2D SPACE',''
  ) );
#75 = PCURVE('',#76,#81);
#76 = CYLINDRICAL_SURFACE('',#77,48.9);
#77 = AXIS2_PLACEMENT_3D('',#78,#79,#80);
#78 = CARTESIAN_POINT('',(2.376054908382E-13,1.705302565824E-15,0.));
#79 = DIRECTION('',(-0.,-0.,-1.));
#80 = DIRECTION('',(1.,0.,0.));
#81 = DEFINITIONAL_REPRESENTATION('',(#82),#86);
#82 = LINE('',#83,#84);
#83 = CARTESIAN_POINT('',(-0.,0.));
#84 = VECTOR('',#85,1.);
#85 = DIRECTION('',(-1.,0.));
#86 = ( GEOMETRIC_REPRESENTATION_CONTEXT(2) 
PARAMETRIC_REPRESENTATION_CONTEXT() REPRESENTATION_CONTEXT('2D SPACE',''
  ) );
#87 = ORIENTED_EDGE('',*,*,#88,.F.);
#88 = EDGE_CURVE('',#89,#58,#91,.T.);
#89 = VERTEX_POINT('',#90);
#90 = CARTESIAN_POINT('',(11.886142401188,-4.473211242349,0.));
#91 = SURFACE_CURVE('',#92,(#149,#209),.PCURVE_S1.);
#92 = B_SPLINE_CURVE_WITH_KNOTS('',3,(#93,#94,#95,#96,#97,#98,#99,#100,
    #101,#102,#103,#104,#105,#106,#107,#108,#109,#110,#111,#112,#113,
    #114,#115,#116,#117,#118,#119,#120,#121,#122,#123,#124,#125,#126,
    #127,#128,#129,#130,#131,#132,#133,#134,#135,#136,#137,#138,#139,
    #140,#141,#142,#143,#144,#145,#146,#147,#148),.UNSPECIFIED.,.F.,.F.,
  (4,1,1,1,1,1,1,1,1,1,1,1,1,1,1,1,1,1,1,1,1,1,1,1,1,1,1,1,1,1,1,1,1,1,1
    ,1,1,1,1,1,1,1,1,1,1,1,1,3,3,4),(0.,2.252840378147,3.947251251067,
    5.556769293497,6.973069313182,8.438034201878,9.836527608945,
    11.173881028628,12.358378394578,13.591674823614,14.777241775145,
    15.919070127373,16.937511191725,18.005608061592,19.040905950925,
    20.046909447572,20.952226144232,21.910527049393,22.848343890734,
    23.768545277515,24.604779330967,25.498993387072,26.383732766176,
    27.261734369083,28.068590979197,28.941306811933,29.815275751476,
    30.69326112534,31.509705745874,32.403313623746,33.30925058782,
    34.230483702873,35.097084585268,36.056205964867,37.039089037922,
    38.048588577934,39.007142758039,40.077976938895,41.186386250524,
    42.336589601129,43.439334281668,44.68291297016,45.982505886097,
    47.343769408886,48.660381123787,50.157957971193,51.73669345799,
    51.75772326206,53.205564838504,53.402350377676),.UNSPECIFIED.);
#93 = CARTESIAN_POINT('',(9.496271560636,-5.093527873897,0.));
#94 = CARTESIAN_POINT('',(10.249938109465,-4.915099437466,0.));
#95 = CARTESIAN_POINT('',(11.606661307236,-4.859713821642,0.));
#96 = CARTESIAN_POINT('',(13.040827263631,-3.583084577393,0.));
#97 = CARTESIAN_POINT('',(14.410916045035,-2.822721002698,0.));
#98 = CARTESIAN_POINT('',(15.726575795583,-2.104712831649,0.));
#99 = CARTESIAN_POINT('',(17.01998877588,-1.501518169312,0.));
#100 = CARTESIAN_POINT('',(18.318130089352,-0.974789866086,0.));
#101 = CARTESIAN_POINT('',(19.554715001514,-0.550224822861,0.));
#102 = CARTESIAN_POINT('',(20.758448445245,-0.205184901683,0.));
#103 = CARTESIAN_POINT('',(21.929155862665,6.596558094505E-02,0.));
#104 = CARTESIAN_POINT('',(23.09863917069,0.271898846638,0.));
#105 = CARTESIAN_POINT('',(24.206293989563,0.406130536759,0.));
#106 = CARTESIAN_POINT('',(25.280232044048,0.482623522151,0.));
#107 = CARTESIAN_POINT('',(26.321051404874,0.497330327001,0.));
#108 = CARTESIAN_POINT('',(27.357721676959,0.482559264875,0.));
#109 = CARTESIAN_POINT('',(28.337858716863,0.410448528848,0.));
#110 = CARTESIAN_POINT('',(29.287556558766,0.293587822094,0.));
#111 = CARTESIAN_POINT('',(30.207810109716,0.132382656111,0.));
#112 = CARTESIAN_POINT('',(31.123141507167,-7.799384011559E-02,0.));
#113 = CARTESIAN_POINT('',(31.987012229058,-0.325066028925,0.));
#114 = CARTESIAN_POINT('',(32.823430423024,-0.610828167691,0.));
#115 = CARTESIAN_POINT('',(33.633404815231,-0.934200818076,0.));
#116 = CARTESIAN_POINT('',(34.437846576298,-1.305647754307,0.));
#117 = CARTESIAN_POINT('',(35.195819006351,-1.70542258685,0.));
#118 = CARTESIAN_POINT('',(35.9290116092,-2.141065645731,0.));
#119 = CARTESIAN_POINT('',(36.638087506855,-2.612665169012,0.));
#120 = CARTESIAN_POINT('',(37.340285497196,-3.135213075507,0.));
#121 = CARTESIAN_POINT('',(37.999465413379,-3.682150484235,0.));
#122 = CARTESIAN_POINT('',(38.634786840695,-4.266234226687,0.));
#123 = CARTESIAN_POINT('',(39.246191975595,-4.888556953578,0.));
#124 = CARTESIAN_POINT('',(39.847000443778,-5.568477155319,0.));
#125 = CARTESIAN_POINT('',(40.405420125329,-6.272213958533,0.));
#126 = CARTESIAN_POINT('',(40.937713101617,-7.017561084534,0.));
#127 = CARTESIAN_POINT('',(41.442133815883,-7.807314659862,0.));
#128 = CARTESIAN_POINT('',(41.900216445601,-8.67888483511,0.));
#129 = CARTESIAN_POINT('',(42.31871171121,-9.569388783222,0.));
#130 = CARTESIAN_POINT('',(42.700175063427,-10.50828683442,0.));
#131 = CARTESIAN_POINT('',(43.044400428782,-11.49644819565,0.));
#132 = CARTESIAN_POINT('',(43.352981514901,-12.56309790802,0.));
#133 = CARTESIAN_POINT('',(43.606601942211,-13.65486184738,0.));
#134 = CARTESIAN_POINT('',(43.811544165199,-14.80329356827,0.));
#135 = CARTESIAN_POINT('',(43.963923608963,-16.00697957194,0.));
#136 = CARTESIAN_POINT('',(44.05523229833,-17.31661343345,0.));
#137 = CARTESIAN_POINT('',(44.087532107971,-18.60046837479,0.));
#138 = CARTESIAN_POINT('',(44.011951232039,-20.15366010156,0.));
#139 = CARTESIAN_POINT('',(44.018954755314,-20.92132877466,0.));
#140 = CARTESIAN_POINT('',(43.532532172437,-23.7998435625,0.));
#141 = CARTESIAN_POINT('',(43.694198361824,-23.00094539931,0.));
#142 = CARTESIAN_POINT('',(43.696390596586,-22.99007155444,0.));
#143 = CARTESIAN_POINT('',(43.696390596344,-22.99007155574,0.));
#144 = CARTESIAN_POINT('',(43.696390596101,-22.99007155704,0.));
#145 = CARTESIAN_POINT('',(43.696390595859,-22.99007155834,0.));
#146 = CARTESIAN_POINT('',(43.612171815099,-23.43315533176,0.));
#147 = CARTESIAN_POINT('',(43.507847749432,-23.98285416915,0.));
#148 = CARTESIAN_POINT('',(43.37988787401,-24.65808465839,0.));
#149 = PCURVE('',#31,#150);
#150 = DEFINITIONAL_REPRESENTATION('',(#151),#208);
#151 = B_SPLINE_CURVE_WITH_KNOTS('',3,(#152,#153,#154,#155,#156,#157,
    #158,#159,#160,#161,#162,#163,#164,#165,#166,#167,#168,#169,#170,
    #171,#172,#173,#174,#175,#176,#177,#178,#179,#180,#181,#182,#183,
    #184,#185,#186,#187,#188,#189,#190,#191,#192,#193,#194,#195,#196,
    #197,#198,#199,#200,#201,#202,#203,#204,#205,#206,#207),
  .UNSPECIFIED.,.F.,.F.,(4,1,1,1,1,1,1,1,1,1,1,1,1,1,1,1,1,1,1,1,1,1,1,1
    ,1,1,1,1,1,1,1,1,1,1,1,1,1,1,1,1,1,1,1,1,1,1,1,3,3,4),(0.,
    2.252840378147,3.947251251067,5.556769293497,6.973069313182,
    8.438034201878,9.836527608945,11.173881028628,12.358378394578,
    13.591674823614,14.777241775145,15.919070127373,16.937511191725,
    18.005608061592,19.040905950925,20.046909447572,20.952226144232,
    21.910527049393,22.848343890734,23.768545277515,24.604779330967,
    25.498993387072,26.383732766176,27.261734369083,28.068590979197,
    28.941306811933,29.815275751476,30.69326112534,31.509705745874,
    32.403313623746,33.30925058782,34.230483702873,35.097084585268,
    36.056205964867,37.039089037922,38.048588577934,39.007142758039,
    40.077976938895,41.186386250524,42.336589601129,43.439334281668,
    44.68291297016,45.982505886097,47.343769408886,48.660381123787,
    50.157957971193,51.73669345799,51.75772326206,53.205564838504,
    53.402350377676),.UNSPECIFIED.);
#152 = CARTESIAN_POINT('',(9.496271560636,-5.093527873897));
#153 = CARTESIAN_POINT('',(10.249938109465,-4.915099437466));
#154 = CARTESIAN_POINT('',(11.606661307236,-4.859713821642));
#155 = CARTESIAN_POINT('',(13.040827263631,-3.583084577393));
#156 = CARTESIAN_POINT('',(14.410916045035,-2.822721002698));
#157 = CARTESIAN_POINT('',(15.726575795583,-2.104712831649));
#158 = CARTESIAN_POINT('',(17.01998877588,-1.501518169312));
#159 = CARTESIAN_POINT('',(18.318130089352,-0.974789866086));
#160 = CARTESIAN_POINT('',(19.554715001514,-0.550224822861));
#161 = CARTESIAN_POINT('',(20.758448445245,-0.205184901683));
#162 = CARTESIAN_POINT('',(21.929155862665,6.596558094505E-02));
#163 = CARTESIAN_POINT('',(23.09863917069,0.271898846638));
#164 = CARTESIAN_POINT('',(24.206293989563,0.406130536759));
#165 = CARTESIAN_POINT('',(25.280232044048,0.482623522151));
#166 = CARTESIAN_POINT('',(26.321051404874,0.497330327001));
#167 = CARTESIAN_POINT('',(27.357721676959,0.482559264875));
#168 = CARTESIAN_POINT('',(28.337858716863,0.410448528848));
#169 = CARTESIAN_POINT('',(29.287556558766,0.293587822094));
#170 = CARTESIAN_POINT('',(30.207810109716,0.132382656111));
#171 = CARTESIAN_POINT('',(31.123141507167,-7.799384011559E-02));
#172 = CARTESIAN_POINT('',(31.987012229058,-0.325066028925));
#173 = CARTESIAN_POINT('',(32.823430423024,-0.610828167691));
#174 = CARTESIAN_POINT('',(33.633404815231,-0.934200818076));
#175 = CARTESIAN_POINT('',(34.437846576298,-1.305647754307));
#176 = CARTESIAN_POINT('',(35.195819006351,-1.70542258685));
#177 = CARTESIAN_POINT('',(35.9290116092,-2.141065645731));
#178 = CARTESIAN_POINT('',(36.638087506855,-2.612665169012));
#179 = CARTESIAN_POINT('',(37.340285497196,-3.135213075507));
#180 = CARTESIAN_POINT('',(37.999465413379,-3.682150484235));
#181 = CARTESIAN_POINT('',(38.634786840695,-4.266234226687));
#182 = CARTESIAN_POINT('',(39.246191975595,-4.888556953578));
#183 = CARTESIAN_POINT('',(39.847000443778,-5.568477155319));
#184 = CARTESIAN_POINT('',(40.405420125329,-6.272213958533));
#185 = CARTESIAN_POINT('',(40.937713101617,-7.017561084534));
#186 = CARTESIAN_POINT('',(41.442133815883,-7.807314659862));
#187 = CARTESIAN_POINT('',(41.900216445601,-8.67888483511));
#188 = CARTESIAN_POINT('',(42.31871171121,-9.569388783222));
#189 = CARTESIAN_POINT('',(42.700175063427,-10.50828683442));
#190 = CARTESIAN_POINT('',(43.044400428782,-11.49644819565));
#191 = CARTESIAN_POINT('',(43.352981514901,-12.56309790802));
#192 = CARTESIAN_POINT('',(43.606601942211,-13.65486184738));
#193 = CARTESIAN_POINT('',(43.811544165199,-14.80329356827));
#194 = CARTESIAN_POINT('',(43.963923608963,-16.00697957194));
#195 = CARTESIAN_POINT('',(44.05523229833,-17.31661343345));
#196 = CARTESIAN_POINT('',(44.087532107971,-18.60046837479));
#197 = CARTESIAN_POINT('',(44.011951232039,-20.15366010156));
#198 = CARTESIAN_POINT('',(44.018954755314,-20.92132877466));
#199 = CARTESIAN_POINT('',(43.532532172437,-23.7998435625));
#200 = CARTESIAN_POINT('',(43.694198361824,-23.00094539931));
#201 = CARTESIAN_POINT('',(43.696390596586,-22.99007155444));
#202 = CARTESIAN_POINT('',(43.696390596344,-22.99007155574));
#203 = CARTESIAN_POINT('',(43.696390596101,-22.99007155704));
#204 = CARTESIAN_POINT('',(43.696390595859,-22.99007155834));
#205 = CARTESIAN_POINT('',(43.612171815099,-23.43315533176));
#206 = CARTESIAN_POINT('',(43.507847749432,-23.98285416915));
#207 = CARTESIAN_POINT('',(43.37988787401,-24.65808465839));
#208 = ( GEOMETRIC_REPRESENTATION_CONTEXT(2) 
PARAMETRIC_REPRESENTATION_CONTEXT() REPRESENTATION_CONTEXT('2D SPACE',''
  ) );
#209 = PCURVE('',#210,#270);
#210 = SURFACE_OF_LINEAR_EXTRUSION('',#211,#268);
#211 = B_SPLINE_CURVE_WITH_KNOTS('',3,(#212,#213,#214,#215,#216,#217,
    #218,#219,#220,#221,#222,#223,#224,#225,#226,#227,#228,#229,#230,
    #231,#232,#233,#234,#235,#236,#237,#238,#239,#240,#241,#242,#243,
    #244,#245,#246,#247,#248,#249,#250,#251,#252,#253,#254,#255,#256,
    #257,#258,#259,#260,#261,#262,#263,#264,#265,#266,#267),
  .UNSPECIFIED.,.F.,.F.,(4,1,1,1,1,1,1,1,1,1,1,1,1,1,1,1,1,1,1,1,1,1,1,1
    ,1,1,1,1,1,1,1,1,1,1,1,1,1,1,1,1,1,1,1,1,1,1,1,3,3,4),(0.,
    2.252840378147,3.947251251067,5.556769293497,6.973069313182,
    8.438034201878,9.836527608945,11.173881028628,12.358378394578,
    13.591674823614,14.777241775145,15.919070127373,16.937511191725,
    18.005608061592,19.040905950925,20.046909447572,20.952226144232,
    21.910527049393,22.848343890734,23.768545277515,24.604779330967,
    25.498993387072,26.383732766176,27.261734369083,28.068590979197,
    28.941306811933,29.815275751476,30.69326112534,31.509705745874,
    32.403313623746,33.30925058782,34.230483702873,35.097084585268,
    36.056205964867,37.039089037922,38.048588577934,39.007142758039,
    40.077976938895,41.186386250524,42.336589601129,43.439334281668,
    44.68291297016,45.982505886097,47.343769408886,48.660381123787,
    50.157957971193,51.73669345799,51.75772326206,53.205564838504,
    53.402350377676),.UNSPECIFIED.);
#212 = CARTESIAN_POINT('',(9.496271560636,-5.093527873897,0.));
#213 = CARTESIAN_POINT('',(10.249938109465,-4.915099437466,0.));
#214 = CARTESIAN_POINT('',(11.606661307236,-4.859713821642,0.));
#215 = CARTESIAN_POINT('',(13.040827263631,-3.583084577393,0.));
#216 = CARTESIAN_POINT('',(14.410916045035,-2.822721002698,0.));
#217 = CARTESIAN_POINT('',(15.726575795583,-2.104712831649,0.));
#218 = CARTESIAN_POINT('',(17.01998877588,-1.501518169312,0.));
#219 = CARTESIAN_POINT('',(18.318130089352,-0.974789866086,0.));
#220 = CARTESIAN_POINT('',(19.554715001514,-0.550224822861,0.));
#221 = CARTESIAN_POINT('',(20.758448445245,-0.205184901683,0.));
#222 = CARTESIAN_POINT('',(21.929155862665,6.596558094505E-02,0.));
#223 = CARTESIAN_POINT('',(23.09863917069,0.271898846638,0.));
#224 = CARTESIAN_POINT('',(24.206293989563,0.406130536759,0.));
#225 = CARTESIAN_POINT('',(25.280232044048,0.482623522151,0.));
#226 = CARTESIAN_POINT('',(26.321051404874,0.497330327001,0.));
#227 = CARTESIAN_POINT('',(27.357721676959,0.482559264875,0.));
#228 = CARTESIAN_POINT('',(28.337858716863,0.410448528848,0.));
#229 = CARTESIAN_POINT('',(29.287556558766,0.293587822094,0.));
#230 = CARTESIAN_POINT('',(30.207810109716,0.132382656111,0.));
#231 = CARTESIAN_POINT('',(31.123141507167,-7.799384011559E-02,0.));
#232 = CARTESIAN_POINT('',(31.987012229058,-0.325066028925,0.));
#233 = CARTESIAN_POINT('',(32.823430423024,-0.610828167691,0.));
#234 = CARTESIAN_POINT('',(33.633404815231,-0.934200818076,0.));
#235 = CARTESIAN_POINT('',(34.437846576298,-1.305647754307,0.));
#236 = CARTESIAN_POINT('',(35.195819006351,-1.70542258685,0.));
#237 = CARTESIAN_POINT('',(35.9290116092,-2.141065645731,0.));
#238 = CARTESIAN_POINT('',(36.638087506855,-2.612665169012,0.));
#239 = CARTESIAN_POINT('',(37.340285497196,-3.135213075507,0.));
#240 = CARTESIAN_POINT('',(37.999465413379,-3.682150484235,0.));
#241 = CARTESIAN_POINT('',(38.634786840695,-4.266234226687,0.));
#242 = CARTESIAN_POINT('',(39.246191975595,-4.888556953578,0.));
#243 = CARTESIAN_POINT('',(39.847000443778,-5.568477155319,0.));
#244 = CARTESIAN_POINT('',(40.405420125329,-6.272213958533,0.));
#245 = CARTESIAN_POINT('',(40.937713101617,-7.017561084534,0.));
#246 = CARTESIAN_POINT('',(41.442133815883,-7.807314659862,0.));
#247 = CARTESIAN_POINT('',(41.900216445601,-8.67888483511,0.));
#248 = CARTESIAN_POINT('',(42.31871171121,-9.569388783222,0.));
#249 = CARTESIAN_POINT('',(42.700175063427,-10.50828683442,0.));
#250 = CARTESIAN_POINT('',(43.044400428782,-11.49644819565,0.));
#251 = CARTESIAN_POINT('',(43.352981514901,-12.56309790802,0.));
#252 = CARTESIAN_POINT('',(43.606601942211,-13.65486184738,0.));
#253 = CARTESIAN_POINT('',(43.811544165199,-14.80329356827,0.));
#254 = CARTESIAN_POINT('',(43.963923608963,-16.00697957194,0.));
#255 = CARTESIAN_POINT('',(44.05523229833,-17.31661343345,0.));
#256 = CARTESIAN_POINT('',(44.087532107971,-18.60046837479,0.));
#257 = CARTESIAN_POINT('',(44.011951232039,-20.15366010156,0.));
#258 = CARTESIAN_POINT('',(44.018954755314,-20.92132877466,0.));
#259 = CARTESIAN_POINT('',(43.532532172437,-23.7998435625,0.));
#260 = CARTESIAN_POINT('',(43.694198361824,-23.00094539931,0.));
#261 = CARTESIAN_POINT('',(43.696390596586,-22.99007155444,0.));
#262 = CARTESIAN_POINT('',(43.696390596344,-22.99007155574,0.));
#263 = CARTESIAN_POINT('',(43.696390596101,-22.99007155704,0.));
#264 = CARTESIAN_POINT('',(43.696390595859,-22.99007155834,0.));
#265 = CARTESIAN_POINT('',(43.612171815099,-23.43315533176,0.));
#266 = CARTESIAN_POINT('',(43.507847749432,-23.98285416915,0.));
#267 = CARTESIAN_POINT('',(43.37988787401,-24.65808465839,0.));
#268 = VECTOR('',#269,1.);
#269 = DIRECTION('',(-0.,0.,-1.));
#270 = DEFINITIONAL_REPRESENTATION('',(#271),#275);
#271 = LINE('',#272,#273);
#272 = CARTESIAN_POINT('',(0.,0.));
#273 = VECTOR('',#274,1.);
#274 = DIRECTION('',(1.,0.));
#275 = ( GEOMETRIC_REPRESENTATION_CONTEXT(2) 
PARAMETRIC_REPRESENTATION_CONTEXT() REPRESENTATION_CONTEXT('2D SPACE',''
  ) );
#276 = ORIENTED_EDGE('',*,*,#277,.T.);
#277 = EDGE_CURVE('',#89,#278,#280,.T.);
#278 = VERTEX_POINT('',#279);
#279 = CARTESIAN_POINT('',(12.696838096332,-0.283376702506,0.));
#280 = SURFACE_CURVE('',#281,(#286,#293),.PCURVE_S1.);
#281 = CIRCLE('',#282,12.7);
#282 = AXIS2_PLACEMENT_3D('',#283,#284,#285);
#283 = CARTESIAN_POINT('',(0.,0.,0.));
#284 = DIRECTION('',(0.,0.,1.));
#285 = DIRECTION('',(1.,0.,0.));
#286 = PCURVE('',#31,#287);
#287 = DEFINITIONAL_REPRESENTATION('',(#288),#292);
#288 = CIRCLE('',#289,12.7);
#289 = AXIS2_PLACEMENT_2D('',#290,#291);
#290 = CARTESIAN_POINT('',(8.613796110485E-16,8.774400611482E-17));
#291 = DIRECTION('',(1.,0.));
#292 = ( GEOMETRIC_REPRESENTATION_CONTEXT(2) 
PARAMETRIC_REPRESENTATION_CONTEXT() REPRESENTATION_CONTEXT('2D SPACE',''
  ) );
#293 = PCURVE('',#294,#299);
#294 = CYLINDRICAL_SURFACE('',#295,12.7);
#295 = AXIS2_PLACEMENT_3D('',#296,#297,#298);
#296 = CARTESIAN_POINT('',(0.,0.,0.));
#297 = DIRECTION('',(-0.,-0.,-1.));
#298 = DIRECTION('',(1.,0.,0.));
#299 = DEFINITIONAL_REPRESENTATION('',(#300),#304);
#300 = LINE('',#301,#302);
#301 = CARTESIAN_POINT('',(-0.,0.));
#302 = VECTOR('',#303,1.);
#303 = DIRECTION('',(-1.,0.));
#304 = ( GEOMETRIC_REPRESENTATION_CONTEXT(2) 
PARAMETRIC_REPRESENTATION_CONTEXT() REPRESENTATION_CONTEXT('2D SPACE',''
  ) );
#305 = ORIENTED_EDGE('',*,*,#306,.F.);
#306 = EDGE_CURVE('',#307,#278,#309,.T.);
#307 = VERTEX_POINT('',#308);
#308 = CARTESIAN_POINT('',(47.902872758589,-0.335416214167,0.));
#309 = SURFACE_CURVE('',#310,(#361,#415),.PCURVE_S1.);
#310 = B_SPLINE_CURVE_WITH_KNOTS('',3,(#311,#312,#313,#314,#315,#316,
    #317,#318,#319,#320,#321,#322,#323,#324,#325,#326,#327,#328,#329,
    #330,#331,#332,#333,#334,#335,#336,#337,#338,#339,#340,#341,#342,
    #343,#344,#345,#346,#347,#348,#349,#350,#351,#352,#353,#354,#355,
    #356,#357,#358,#359,#360),.UNSPECIFIED.,.F.,.F.,(4,1,1,1,1,1,1,1,1,1
    ,1,1,1,1,1,1,1,1,1,1,1,1,1,1,1,1,1,1,1,1,1,1,1,1,1,1,1,1,1,1,1,1,1,1
    ,1,1,1,4),(0.,1.560399863547,3.026493159763,4.408519816062,
    5.616164948135,6.857176517943,8.034500324617,9.154049078322,
    10.140931914661,11.16430891518,12.14467057154,13.086344664582,
    13.924748692612,14.803128326675,15.653911875236,16.480955579096,
    17.226763352129,18.01856826362,18.796500931648,19.563479607115,
    20.264226339274,21.01815180319,21.769388657233,22.52071176954,
    23.216717634111,23.975961822176,24.743348723341,25.521634699363,
    26.252131546642,27.05917145937,27.885262969361,28.733262670931,
    29.538010575103,30.436403024908,31.365465694071,32.327889352555,
    33.24854348335,34.284117952136,35.363069228966,36.489379128657,
    37.574802555564,38.804527640271,40.095153684953,41.452119030183,
    42.768727723412,44.27040892768,45.857339500188,47.985194622019),
  .UNSPECIFIED.);
#311 = CARTESIAN_POINT('',(47.902872758589,-0.335416214167,0.));
#312 = CARTESIAN_POINT('',(47.721526780482,0.145739777095,0.));
#313 = CARTESIAN_POINT('',(47.381058218704,1.104944648769,0.));
#314 = CARTESIAN_POINT('',(46.787050304135,2.446738780639,0.));
#315 = CARTESIAN_POINT('',(46.182866579938,3.65750232001,0.));
#316 = CARTESIAN_POINT('',(45.553245779068,4.7688132512,0.));
#317 = CARTESIAN_POINT('',(44.904723463214,5.789469971861,0.));
#318 = CARTESIAN_POINT('',(44.219644613261,6.750044636727,0.));
#319 = CARTESIAN_POINT('',(43.537024755044,7.606383702515,0.));
#320 = CARTESIAN_POINT('',(42.845249251748,8.387865955494,0.));
#321 = CARTESIAN_POINT('',(42.146699633351,9.099735072949,0.));
#322 = CARTESIAN_POINT('',(41.422192708259,9.762999144593,0.));
#323 = CARTESIAN_POINT('',(40.711045749191,10.347642387601,0.));
#324 = CARTESIAN_POINT('',(39.997951164204,10.874200062054,0.));
#325 = CARTESIAN_POINT('',(39.285185932479,11.348976384167,0.));
#326 = CARTESIAN_POINT('',(38.547468379389,11.775832705287,0.));
#327 = CARTESIAN_POINT('',(37.841491977642,12.168840709947,0.));
#328 = CARTESIAN_POINT('',(37.134186705059,12.517519153062,0.));
#329 = CARTESIAN_POINT('',(36.425041147472,12.823145319859,0.));
#330 = CARTESIAN_POINT('',(35.694124875061,13.093366400649,0.));
#331 = CARTESIAN_POINT('',(34.978939863119,13.315565197779,0.));
#332 = CARTESIAN_POINT('',(34.261207777375,13.499133217606,0.));
#333 = CARTESIAN_POINT('',(33.540159421245,13.644983969184,0.));
#334 = CARTESIAN_POINT('',(32.795736191269,13.754998685904,0.));
#335 = CARTESIAN_POINT('',(32.065761632485,13.823723060706,0.));
#336 = CARTESIAN_POINT('',(31.330637440473,13.855409098127,0.));
#337 = CARTESIAN_POINT('',(30.589429994733,13.849689594164,0.));
#338 = CARTESIAN_POINT('',(29.822177527094,13.803215608635,0.));
#339 = CARTESIAN_POINT('',(29.067958604746,13.717440594872,0.));
#340 = CARTESIAN_POINT('',(28.306068283335,13.591457389856,0.));
#341 = CARTESIAN_POINT('',(27.535896827704,13.423628787131,0.));
#342 = CARTESIAN_POINT('',(26.73782281142,13.205193290616,0.));
#343 = CARTESIAN_POINT('',(25.953114496523,12.945224313287,0.));
#344 = CARTESIAN_POINT('',(25.159933593389,12.637581678017,0.));
#345 = CARTESIAN_POINT('',(24.359453068133,12.27764215746,0.));
#346 = CARTESIAN_POINT('',(23.52893058708,11.857689283964,0.));
#347 = CARTESIAN_POINT('',(22.728247220283,11.368840284593,0.));
#348 = CARTESIAN_POINT('',(21.920781152046,10.825742283839,0.));
#349 = CARTESIAN_POINT('',(21.111868439,10.217168126169,0.));
#350 = CARTESIAN_POINT('',(20.28368648774,9.522789275278,0.));
#351 = CARTESIAN_POINT('',(19.481681642644,8.77369521168,0.));
#352 = CARTESIAN_POINT('',(18.684414037778,7.948214253156,0.));
#353 = CARTESIAN_POINT('',(17.894811810256,7.041406886402,0.));
#354 = CARTESIAN_POINT('',(17.099944139581,6.020854635498,0.));
#355 = CARTESIAN_POINT('',(16.343186274561,4.939478705887,0.));
#356 = CARTESIAN_POINT('',(15.612459756546,3.743761538072,0.));
#357 = CARTESIAN_POINT('',(14.882353719542,2.51551802004,0.));
#358 = CARTESIAN_POINT('',(14.215287060175,0.688458099837,0.));
#359 = CARTESIAN_POINT('',(13.454571780358,0.379251758756,0.));
#360 = CARTESIAN_POINT('',(12.630077666037,-0.341274439722,0.));
#361 = PCURVE('',#31,#362);
#362 = DEFINITIONAL_REPRESENTATION('',(#363),#414);
#363 = B_SPLINE_CURVE_WITH_KNOTS('',3,(#364,#365,#366,#367,#368,#369,
    #370,#371,#372,#373,#374,#375,#376,#377,#378,#379,#380,#381,#382,
    #383,#384,#385,#386,#387,#388,#389,#390,#391,#392,#393,#394,#395,
    #396,#397,#398,#399,#400,#401,#402,#403,#404,#405,#406,#407,#408,
    #409,#410,#411,#412,#413),.UNSPECIFIED.,.F.,.F.,(4,1,1,1,1,1,1,1,1,1
    ,1,1,1,1,1,1,1,1,1,1,1,1,1,1,1,1,1,1,1,1,1,1,1,1,1,1,1,1,1,1,1,1,1,1
    ,1,1,1,4),(0.,1.560399863547,3.026493159763,4.408519816062,
    5.616164948135,6.857176517943,8.034500324617,9.154049078322,
    10.140931914661,11.16430891518,12.14467057154,13.086344664582,
    13.924748692612,14.803128326675,15.653911875236,16.480955579096,
    17.226763352129,18.01856826362,18.796500931648,19.563479607115,
    20.264226339274,21.01815180319,21.769388657233,22.52071176954,
    23.216717634111,23.975961822176,24.743348723341,25.521634699363,
    26.252131546642,27.05917145937,27.885262969361,28.733262670931,
    29.538010575103,30.436403024908,31.365465694071,32.327889352555,
    33.24854348335,34.284117952136,35.363069228966,36.489379128657,
    37.574802555564,38.804527640271,40.095153684953,41.452119030183,
    42.768727723412,44.27040892768,45.857339500188,47.985194622019),
  .UNSPECIFIED.);
#364 = CARTESIAN_POINT('',(47.902872758589,-0.335416214167));
#365 = CARTESIAN_POINT('',(47.721526780482,0.145739777095));
#366 = CARTESIAN_POINT('',(47.381058218704,1.104944648769));
#367 = CARTESIAN_POINT('',(46.787050304135,2.446738780639));
#368 = CARTESIAN_POINT('',(46.182866579938,3.65750232001));
#369 = CARTESIAN_POINT('',(45.553245779068,4.7688132512));
#370 = CARTESIAN_POINT('',(44.904723463214,5.789469971861));
#371 = CARTESIAN_POINT('',(44.219644613261,6.750044636727));
#372 = CARTESIAN_POINT('',(43.537024755044,7.606383702515));
#373 = CARTESIAN_POINT('',(42.845249251748,8.387865955494));
#374 = CARTESIAN_POINT('',(42.146699633351,9.099735072949));
#375 = CARTESIAN_POINT('',(41.422192708259,9.762999144593));
#376 = CARTESIAN_POINT('',(40.711045749191,10.347642387601));
#377 = CARTESIAN_POINT('',(39.997951164204,10.874200062054));
#378 = CARTESIAN_POINT('',(39.285185932479,11.348976384167));
#379 = CARTESIAN_POINT('',(38.547468379389,11.775832705287));
#380 = CARTESIAN_POINT('',(37.841491977642,12.168840709947));
#381 = CARTESIAN_POINT('',(37.134186705059,12.517519153062));
#382 = CARTESIAN_POINT('',(36.425041147472,12.823145319859));
#383 = CARTESIAN_POINT('',(35.694124875061,13.093366400649));
#384 = CARTESIAN_POINT('',(34.978939863119,13.315565197779));
#385 = CARTESIAN_POINT('',(34.261207777375,13.499133217606));
#386 = CARTESIAN_POINT('',(33.540159421245,13.644983969184));
#387 = CARTESIAN_POINT('',(32.795736191269,13.754998685904));
#388 = CARTESIAN_POINT('',(32.065761632485,13.823723060706));
#389 = CARTESIAN_POINT('',(31.330637440473,13.855409098127));
#390 = CARTESIAN_POINT('',(30.589429994733,13.849689594164));
#391 = CARTESIAN_POINT('',(29.822177527094,13.803215608635));
#392 = CARTESIAN_POINT('',(29.067958604746,13.717440594872));
#393 = CARTESIAN_POINT('',(28.306068283335,13.591457389856));
#394 = CARTESIAN_POINT('',(27.535896827704,13.423628787131));
#395 = CARTESIAN_POINT('',(26.73782281142,13.205193290616));
#396 = CARTESIAN_POINT('',(25.953114496523,12.945224313287));
#397 = CARTESIAN_POINT('',(25.159933593389,12.637581678017));
#398 = CARTESIAN_POINT('',(24.359453068133,12.27764215746));
#399 = CARTESIAN_POINT('',(23.52893058708,11.857689283964));
#400 = CARTESIAN_POINT('',(22.728247220283,11.368840284593));
#401 = CARTESIAN_POINT('',(21.920781152046,10.825742283839));
#402 = CARTESIAN_POINT('',(21.111868439,10.217168126169));
#403 = CARTESIAN_POINT('',(20.28368648774,9.522789275278));
#404 = CARTESIAN_POINT('',(19.481681642644,8.77369521168));
#405 = CARTESIAN_POINT('',(18.684414037778,7.948214253156));
#406 = CARTESIAN_POINT('',(17.894811810256,7.041406886402));
#407 = CARTESIAN_POINT('',(17.099944139581,6.020854635498));
#408 = CARTESIAN_POINT('',(16.343186274561,4.939478705887));
#409 = CARTESIAN_POINT('',(15.612459756546,3.743761538072));
#410 = CARTESIAN_POINT('',(14.882353719542,2.51551802004));
#411 = CARTESIAN_POINT('',(14.215287060175,0.688458099837));
#412 = CARTESIAN_POINT('',(13.454571780358,0.379251758756));
#413 = CARTESIAN_POINT('',(12.630077666037,-0.341274439722));
#414 = ( GEOMETRIC_REPRESENTATION_CONTEXT(2) 
PARAMETRIC_REPRESENTATION_CONTEXT() REPRESENTATION_CONTEXT('2D SPACE',''
  ) );
#415 = PCURVE('',#416,#470);
#416 = SURFACE_OF_LINEAR_EXTRUSION('',#417,#468);
#417 = B_SPLINE_CURVE_WITH_KNOTS('',3,(#418,#419,#420,#421,#422,#423,
    #424,#425,#426,#427,#428,#429,#430,#431,#432,#433,#434,#435,#436,
    #437,#438,#439,#440,#441,#442,#443,#444,#445,#446,#447,#448,#449,
    #450,#451,#452,#453,#454,#455,#456,#457,#458,#459,#460,#461,#462,
    #463,#464,#465,#466,#467),.UNSPECIFIED.,.F.,.F.,(4,1,1,1,1,1,1,1,1,1
    ,1,1,1,1,1,1,1,1,1,1,1,1,1,1,1,1,1,1,1,1,1,1,1,1,1,1,1,1,1,1,1,1,1,1
    ,1,1,1,4),(0.,1.560399863547,3.026493159763,4.408519816062,
    5.616164948135,6.857176517943,8.034500324617,9.154049078322,
    10.140931914661,11.16430891518,12.14467057154,13.086344664582,
    13.924748692612,14.803128326675,15.653911875236,16.480955579096,
    17.226763352129,18.01856826362,18.796500931648,19.563479607115,
    20.264226339274,21.01815180319,21.769388657233,22.52071176954,
    23.216717634111,23.975961822176,24.743348723341,25.521634699363,
    26.252131546642,27.05917145937,27.885262969361,28.733262670931,
    29.538010575103,30.436403024908,31.365465694071,32.327889352555,
    33.24854348335,34.284117952136,35.363069228966,36.489379128657,
    37.574802555564,38.804527640271,40.095153684953,41.452119030183,
    42.768727723412,44.27040892768,45.857339500188,47.985194622019),
  .UNSPECIFIED.);
#418 = CARTESIAN_POINT('',(47.902872758589,-0.335416214167,0.));
#419 = CARTESIAN_POINT('',(47.721526780482,0.145739777095,0.));
#420 = CARTESIAN_POINT('',(47.381058218704,1.104944648769,0.));
#421 = CARTESIAN_POINT('',(46.787050304135,2.446738780639,0.));
#422 = CARTESIAN_POINT('',(46.182866579938,3.65750232001,0.));
#423 = CARTESIAN_POINT('',(45.553245779068,4.7688132512,0.));
#424 = CARTESIAN_POINT('',(44.904723463214,5.789469971861,0.));
#425 = CARTESIAN_POINT('',(44.219644613261,6.750044636727,0.));
#426 = CARTESIAN_POINT('',(43.537024755044,7.606383702515,0.));
#427 = CARTESIAN_POINT('',(42.845249251748,8.387865955494,0.));
#428 = CARTESIAN_POINT('',(42.146699633351,9.099735072949,0.));
#429 = CARTESIAN_POINT('',(41.422192708259,9.762999144593,0.));
#430 = CARTESIAN_POINT('',(40.711045749191,10.347642387601,0.));
#431 = CARTESIAN_POINT('',(39.997951164204,10.874200062054,0.));
#432 = CARTESIAN_POINT('',(39.285185932479,11.348976384167,0.));
#433 = CARTESIAN_POINT('',(38.547468379389,11.775832705287,0.));
#434 = CARTESIAN_POINT('',(37.841491977642,12.168840709947,0.));
#435 = CARTESIAN_POINT('',(37.134186705059,12.517519153062,0.));
#436 = CARTESIAN_POINT('',(36.425041147472,12.823145319859,0.));
#437 = CARTESIAN_POINT('',(35.694124875061,13.093366400649,0.));
#438 = CARTESIAN_POINT('',(34.978939863119,13.315565197779,0.));
#439 = CARTESIAN_POINT('',(34.261207777375,13.499133217606,0.));
#440 = CARTESIAN_POINT('',(33.540159421245,13.644983969184,0.));
#441 = CARTESIAN_POINT('',(32.795736191269,13.754998685904,0.));
#442 = CARTESIAN_POINT('',(32.065761632485,13.823723060706,0.));
#443 = CARTESIAN_POINT('',(31.330637440473,13.855409098127,0.));
#444 = CARTESIAN_POINT('',(30.589429994733,13.849689594164,0.));
#445 = CARTESIAN_POINT('',(29.822177527094,13.803215608635,0.));
#446 = CARTESIAN_POINT('',(29.067958604746,13.717440594872,0.));
#447 = CARTESIAN_POINT('',(28.306068283335,13.591457389856,0.));
#448 = CARTESIAN_POINT('',(27.535896827704,13.423628787131,0.));
#449 = CARTESIAN_POINT('',(26.73782281142,13.205193290616,0.));
#450 = CARTESIAN_POINT('',(25.953114496523,12.945224313287,0.));
#451 = CARTESIAN_POINT('',(25.159933593389,12.637581678017,0.));
#452 = CARTESIAN_POINT('',(24.359453068133,12.27764215746,0.));
#453 = CARTESIAN_POINT('',(23.52893058708,11.857689283964,0.));
#454 = CARTESIAN_POINT('',(22.728247220283,11.368840284593,0.));
#455 = CARTESIAN_POINT('',(21.920781152046,10.825742283839,0.));
#456 = CARTESIAN_POINT('',(21.111868439,10.217168126169,0.));
#457 = CARTESIAN_POINT('',(20.28368648774,9.522789275278,0.));
#458 = CARTESIAN_POINT('',(19.481681642644,8.77369521168,0.));
#459 = CARTESIAN_POINT('',(18.684414037778,7.948214253156,0.));
#460 = CARTESIAN_POINT('',(17.894811810256,7.041406886402,0.));
#461 = CARTESIAN_POINT('',(17.099944139581,6.020854635498,0.));
#462 = CARTESIAN_POINT('',(16.343186274561,4.939478705887,0.));
#463 = CARTESIAN_POINT('',(15.612459756546,3.743761538072,0.));
#464 = CARTESIAN_POINT('',(14.882353719542,2.51551802004,0.));
#465 = CARTESIAN_POINT('',(14.215287060175,0.688458099837,0.));
#466 = CARTESIAN_POINT('',(13.454571780358,0.379251758756,0.));
#467 = CARTESIAN_POINT('',(12.630077666037,-0.341274439722,0.));
#468 = VECTOR('',#469,1.);
#469 = DIRECTION('',(-0.,-0.,-1.));
#470 = DEFINITIONAL_REPRESENTATION('',(#471),#475);
#471 = LINE('',#472,#473);
#472 = CARTESIAN_POINT('',(0.,0.));
#473 = VECTOR('',#474,1.);
#474 = DIRECTION('',(1.,0.));
#475 = ( GEOMETRIC_REPRESENTATION_CONTEXT(2) 
PARAMETRIC_REPRESENTATION_CONTEXT() REPRESENTATION_CONTEXT('2D SPACE',''
  ) );
#476 = ORIENTED_EDGE('',*,*,#477,.F.);
#477 = EDGE_CURVE('',#60,#307,#478,.T.);
#478 = SURFACE_CURVE('',#479,(#483,#490),.PCURVE_S1.);
#479 = LINE('',#480,#481);
#480 = CARTESIAN_POINT('',(49.897127241411,0.335416214167,0.));
#481 = VECTOR('',#482,1.);
#482 = DIRECTION('',(-0.947812703486,-0.318827663653,0.));
#483 = PCURVE('',#31,#484);
#484 = DEFINITIONAL_REPRESENTATION('',(#485),#489);
#485 = LINE('',#486,#487);
#486 = CARTESIAN_POINT('',(49.897127241411,0.335416214167));
#487 = VECTOR('',#488,1.);
#488 = DIRECTION('',(-0.947812703486,-0.318827663653));
#489 = ( GEOMETRIC_REPRESENTATION_CONTEXT(2) 
PARAMETRIC_REPRESENTATION_CONTEXT() REPRESENTATION_CONTEXT('2D SPACE',''
  ) );
#490 = PCURVE('',#491,#496);
#491 = PLANE('',#492);
#492 = AXIS2_PLACEMENT_3D('',#493,#494,#495);
#493 = CARTESIAN_POINT('',(49.897127241411,0.335416214167,0.));
#494 = DIRECTION('',(0.318827663653,-0.947812703486,0.));
#495 = DIRECTION('',(-0.947812703486,-0.318827663653,0.));
#496 = DEFINITIONAL_REPRESENTATION('',(#497),#501);
#497 = LINE('',#498,#499);
#498 = CARTESIAN_POINT('',(0.,0.));
#499 = VECTOR('',#500,1.);
#500 = DIRECTION('',(1.,-0.));
#501 = ( GEOMETRIC_REPRESENTATION_CONTEXT(2) 
PARAMETRIC_REPRESENTATION_CONTEXT() REPRESENTATION_CONTEXT('2D SPACE',''
  ) );
#502 = FACE_BOUND('',#503,.F.);
#503 = EDGE_LOOP('',(#504,#535,#724,#753,#924));
#504 = ORIENTED_EDGE('',*,*,#505,.F.);
#505 = EDGE_CURVE('',#506,#508,#510,.T.);
#506 = VERTEX_POINT('',#507);
#507 = CARTESIAN_POINT('',(48.790688897781,3.267824487333,0.));
#508 = VERTEX_POINT('',#509);
#509 = CARTESIAN_POINT('',(42.348642245059,24.450000000002,0.));
#510 = SURFACE_CURVE('',#511,(#516,#523),.PCURVE_S1.);
#511 = CIRCLE('',#512,48.9);
#512 = AXIS2_PLACEMENT_3D('',#513,#514,#515);
#513 = CARTESIAN_POINT('',(2.376054908382E-13,1.705302565824E-15,0.));
#514 = DIRECTION('',(0.,0.,1.));
#515 = DIRECTION('',(1.,0.,0.));
#516 = PCURVE('',#31,#517);
#517 = DEFINITIONAL_REPRESENTATION('',(#518),#522);
#518 = CIRCLE('',#519,48.9);
#519 = AXIS2_PLACEMENT_2D('',#520,#521);
#520 = CARTESIAN_POINT('',(2.384668704492E-13,1.793046571939E-15));
#521 = DIRECTION('',(1.,0.));
#522 = ( GEOMETRIC_REPRESENTATION_CONTEXT(2) 
PARAMETRIC_REPRESENTATION_CONTEXT() REPRESENTATION_CONTEXT('2D SPACE',''
  ) );
#523 = PCURVE('',#524,#529);
#524 = CYLINDRICAL_SURFACE('',#525,48.9);
#525 = AXIS2_PLACEMENT_3D('',#526,#527,#528);
#526 = CARTESIAN_POINT('',(2.376054908382E-13,1.705302565824E-15,0.));
#527 = DIRECTION('',(-0.,-0.,-1.));
#528 = DIRECTION('',(1.,0.,0.));
#529 = DEFINITIONAL_REPRESENTATION('',(#530),#534);
#530 = LINE('',#531,#532);
#531 = CARTESIAN_POINT('',(-0.,0.));
#532 = VECTOR('',#533,1.);
#533 = DIRECTION('',(-1.,0.));
#534 = ( GEOMETRIC_REPRESENTATION_CONTEXT(2) 
PARAMETRIC_REPRESENTATION_CONTEXT() REPRESENTATION_CONTEXT('2D SPACE',''
  ) );
#535 = ORIENTED_EDGE('',*,*,#536,.F.);
#536 = EDGE_CURVE('',#537,#506,#539,.T.);
#537 = VERTEX_POINT('',#538);
#538 = CARTESIAN_POINT('',(12.530306893603,2.069156628226,0.));
#539 = SURFACE_CURVE('',#540,(#597,#657),.PCURVE_S1.);
#540 = B_SPLINE_CURVE_WITH_KNOTS('',3,(#541,#542,#543,#544,#545,#546,
    #547,#548,#549,#550,#551,#552,#553,#554,#555,#556,#557,#558,#559,
    #560,#561,#562,#563,#564,#565,#566,#567,#568,#569,#570,#571,#572,
    #573,#574,#575,#576,#577,#578,#579,#580,#581,#582,#583,#584,#585,
    #586,#587,#588,#589,#590,#591,#592,#593,#594,#595,#596),
  .UNSPECIFIED.,.F.,.F.,(4,1,1,1,1,1,1,1,1,1,1,1,1,1,1,1,1,1,1,1,1,1,1,1
    ,1,1,1,1,1,1,1,1,1,1,1,1,1,1,1,1,1,1,1,1,1,1,1,3,3,4),(0.,
    2.252840378147,3.947251251067,5.556769293497,6.973069313182,
    8.438034201878,9.836527608945,11.173881028628,12.358378394578,
    13.591674823614,14.777241775145,15.919070127373,16.937511191725,
    18.005608061592,19.040905950925,20.046909447572,20.952226144232,
    21.910527049393,22.848343890734,23.768545277515,24.604779330967,
    25.498993387072,26.383732766176,27.261734369083,28.068590979197,
    28.941306811933,29.815275751476,30.69326112534,31.509705745874,
    32.403313623746,33.30925058782,34.230483702873,35.097084585268,
    36.056205964867,37.039089037922,38.048588577934,39.007142758039,
    40.077976938895,41.186386250524,42.336589601129,43.439334281668,
    44.68291297016,45.982505886097,47.343769408886,48.660381123787,
    50.157957971193,51.73669345799,51.75772326206,53.205564838504,
    53.402350377676),.UNSPECIFIED.);
#541 = CARTESIAN_POINT('',(10.770776349694,0.337011246639,0.));
#542 = CARTESIAN_POINT('',(11.334256508748,0.868368079761,0.));
#543 = CARTESIAN_POINT('',(12.481520456009,1.594695028954,0.));
#544 = CARTESIAN_POINT('',(13.085229985366,3.417371363885,0.));
#545 = CARTESIAN_POINT('',(13.891579888154,4.760909926385,0.));
#546 = CARTESIAN_POINT('',(14.671970569341,6.040553117913,0.));
#547 = CARTESIAN_POINT('',(15.490501736694,7.209641509072,0.));
#548 = CARTESIAN_POINT('',(16.35136094025,8.314872257293,0.));
#549 = CARTESIAN_POINT('',(17.209992366506,9.300848826366,0.));
#550 = CARTESIAN_POINT('',(18.079936147573,10.201528885292,0.));
#551 = CARTESIAN_POINT('',(18.958223270144,11.021705800206,0.));
#552 = CARTESIAN_POINT('',(19.868058891348,11.784790893793,0.));
#553 = CARTESIAN_POINT('',(20.760200258057,12.454866356867,0.));
#554 = CARTESIAN_POINT('',(21.652011402635,13.058080252671,0.));
#555 = CARTESIAN_POINT('',(22.546034007437,13.591226399692,0.));
#556 = CARTESIAN_POINT('',(23.451202329473,14.096769420693,0.));
#557 = CARTESIAN_POINT('',(24.336081273234,14.524388211359,0.));
#558 = CARTESIAN_POINT('',(25.216974083618,14.898032791558,0.));
#559 = CARTESIAN_POINT('',(26.094539619655,15.218551798071,0.));
#560 = CARTESIAN_POINT('',(26.992428110842,15.494026106705,0.));
#561 = CARTESIAN_POINT('',(27.86409819599,15.711990675572,0.));
#562 = CARTESIAN_POINT('',(28.731338669535,15.882722500945,0.));
#563 = CARTESIAN_POINT('',(29.594483394794,16.007660766926,0.));
#564 = CARTESIAN_POINT('',(30.476873863858,16.088199164525,0.));
#565 = CARTESIAN_POINT('',(31.333184659924,16.120970218775,0.));
#566 = CARTESIAN_POINT('',(32.185969609299,16.110288564227,0.));
#567 = CARTESIAN_POINT('',(33.03584711152,16.05640934548,0.));
#568 = CARTESIAN_POINT('',(33.905242362889,15.954968578932,0.));
#569 = CARTESIAN_POINT('',(34.749577620332,15.810896846784,0.));
#570 = CARTESIAN_POINT('',(35.591823987182,15.622726201542,0.));
#571 = CARTESIAN_POINT('',(36.432477729456,15.389481478152,0.));
#572 = CARTESIAN_POINT('',(37.292753226581,15.101057544989,0.));
#573 = CARTESIAN_POINT('',(38.128227258384,14.770813436604,0.));
#574 = CARTESIAN_POINT('',(38.961880061106,14.391470378993,0.));
#575 = CARTESIAN_POINT('',(39.793598001519,13.959734077163,0.));
#576 = CARTESIAN_POINT('',(40.626094283512,13.433973479075,0.));
#577 = CARTESIAN_POINT('',(41.433773788949,12.872022070645,0.));
#578 = CARTESIAN_POINT('',(42.233579768184,12.249644182846,0.));
#579 = CARTESIAN_POINT('',(43.02576835982,11.565984023667,0.));
#580 = CARTESIAN_POINT('',(43.826332275712,10.796528818873,0.));
#581 = CARTESIAN_POINT('',(44.591855978363,9.977843726103,0.));
#582 = CARTESIAN_POINT('',(45.343557010222,9.085743792799,0.));
#583 = CARTESIAN_POINT('',(46.07736448137,8.119510857322,0.));
#584 = CARTESIAN_POINT('',(46.811257056705,7.03098900828,0.));
#585 = CARTESIAN_POINT('',(47.481156983063,5.935287919124,0.));
#586 = CARTESIAN_POINT('',(48.19229788785,4.552393988828,0.));
#587 = CARTESIAN_POINT('',(48.582197453473,3.89107517787,0.));
#588 = CARTESIAN_POINT('',(49.600200533646,1.154996954994,0.));
#589 = CARTESIAN_POINT('',(49.340758478995,1.927696154043,0.));
#590 = CARTESIAN_POINT('',(49.337220087555,1.938209297319,0.));
#591 = CARTESIAN_POINT('',(49.337220087995,1.938209296072,0.));
#592 = CARTESIAN_POINT('',(49.337220088435,1.938209294826,0.));
#593 = CARTESIAN_POINT('',(49.337220088875,1.938209293579,0.));
#594 = CARTESIAN_POINT('',(49.485826371971,1.512378099413,0.));
#595 = CARTESIAN_POINT('',(49.670328499571,0.984162908972,0.));
#596 = CARTESIAN_POINT('',(49.897127241411,0.335416214167,0.));
#597 = PCURVE('',#31,#598);
#598 = DEFINITIONAL_REPRESENTATION('',(#599),#656);
#599 = B_SPLINE_CURVE_WITH_KNOTS('',3,(#600,#601,#602,#603,#604,#605,
    #606,#607,#608,#609,#610,#611,#612,#613,#614,#615,#616,#617,#618,
    #619,#620,#621,#622,#623,#624,#625,#626,#627,#628,#629,#630,#631,
    #632,#633,#634,#635,#636,#637,#638,#639,#640,#641,#642,#643,#644,
    #645,#646,#647,#648,#649,#650,#651,#652,#653,#654,#655),
  .UNSPECIFIED.,.F.,.F.,(4,1,1,1,1,1,1,1,1,1,1,1,1,1,1,1,1,1,1,1,1,1,1,1
    ,1,1,1,1,1,1,1,1,1,1,1,1,1,1,1,1,1,1,1,1,1,1,1,3,3,4),(0.,
    2.252840378147,3.947251251067,5.556769293497,6.973069313182,
    8.438034201878,9.836527608945,11.173881028628,12.358378394578,
    13.591674823614,14.777241775145,15.919070127373,16.937511191725,
    18.005608061592,19.040905950925,20.046909447572,20.952226144232,
    21.910527049393,22.848343890734,23.768545277515,24.604779330967,
    25.498993387072,26.383732766176,27.261734369083,28.068590979197,
    28.941306811933,29.815275751476,30.69326112534,31.509705745874,
    32.403313623746,33.30925058782,34.230483702873,35.097084585268,
    36.056205964867,37.039089037922,38.048588577934,39.007142758039,
    40.077976938895,41.186386250524,42.336589601129,43.439334281668,
    44.68291297016,45.982505886097,47.343769408886,48.660381123787,
    50.157957971193,51.73669345799,51.75772326206,53.205564838504,
    53.402350377676),.UNSPECIFIED.);
#600 = CARTESIAN_POINT('',(10.770776349694,0.337011246639));
#601 = CARTESIAN_POINT('',(11.334256508748,0.868368079761));
#602 = CARTESIAN_POINT('',(12.481520456009,1.594695028954));
#603 = CARTESIAN_POINT('',(13.085229985366,3.417371363885));
#604 = CARTESIAN_POINT('',(13.891579888154,4.760909926385));
#605 = CARTESIAN_POINT('',(14.671970569341,6.040553117913));
#606 = CARTESIAN_POINT('',(15.490501736694,7.209641509072));
#607 = CARTESIAN_POINT('',(16.35136094025,8.314872257293));
#608 = CARTESIAN_POINT('',(17.209992366506,9.300848826366));
#609 = CARTESIAN_POINT('',(18.079936147573,10.201528885292));
#610 = CARTESIAN_POINT('',(18.958223270144,11.021705800206));
#611 = CARTESIAN_POINT('',(19.868058891348,11.784790893793));
#612 = CARTESIAN_POINT('',(20.760200258057,12.454866356867));
#613 = CARTESIAN_POINT('',(21.652011402635,13.058080252671));
#614 = CARTESIAN_POINT('',(22.546034007437,13.591226399692));
#615 = CARTESIAN_POINT('',(23.451202329473,14.096769420693));
#616 = CARTESIAN_POINT('',(24.336081273234,14.524388211359));
#617 = CARTESIAN_POINT('',(25.216974083618,14.898032791558));
#618 = CARTESIAN_POINT('',(26.094539619655,15.218551798071));
#619 = CARTESIAN_POINT('',(26.992428110842,15.494026106705));
#620 = CARTESIAN_POINT('',(27.86409819599,15.711990675572));
#621 = CARTESIAN_POINT('',(28.731338669535,15.882722500945));
#622 = CARTESIAN_POINT('',(29.594483394794,16.007660766926));
#623 = CARTESIAN_POINT('',(30.476873863858,16.088199164525));
#624 = CARTESIAN_POINT('',(31.333184659924,16.120970218775));
#625 = CARTESIAN_POINT('',(32.185969609299,16.110288564227));
#626 = CARTESIAN_POINT('',(33.03584711152,16.05640934548));
#627 = CARTESIAN_POINT('',(33.905242362889,15.954968578932));
#628 = CARTESIAN_POINT('',(34.749577620332,15.810896846784));
#629 = CARTESIAN_POINT('',(35.591823987182,15.622726201542));
#630 = CARTESIAN_POINT('',(36.432477729456,15.389481478152));
#631 = CARTESIAN_POINT('',(37.292753226581,15.101057544989));
#632 = CARTESIAN_POINT('',(38.128227258384,14.770813436604));
#633 = CARTESIAN_POINT('',(38.961880061106,14.391470378993));
#634 = CARTESIAN_POINT('',(39.793598001519,13.959734077163));
#635 = CARTESIAN_POINT('',(40.626094283512,13.433973479075));
#636 = CARTESIAN_POINT('',(41.433773788949,12.872022070645));
#637 = CARTESIAN_POINT('',(42.233579768184,12.249644182846));
#638 = CARTESIAN_POINT('',(43.02576835982,11.565984023667));
#639 = CARTESIAN_POINT('',(43.826332275712,10.796528818873));
#640 = CARTESIAN_POINT('',(44.591855978363,9.977843726103));
#641 = CARTESIAN_POINT('',(45.343557010222,9.085743792799));
#642 = CARTESIAN_POINT('',(46.07736448137,8.119510857322));
#643 = CARTESIAN_POINT('',(46.811257056705,7.03098900828));
#644 = CARTESIAN_POINT('',(47.481156983063,5.935287919124));
#645 = CARTESIAN_POINT('',(48.19229788785,4.552393988828));
#646 = CARTESIAN_POINT('',(48.582197453473,3.89107517787));
#647 = CARTESIAN_POINT('',(49.600200533646,1.154996954994));
#648 = CARTESIAN_POINT('',(49.340758478995,1.927696154043));
#649 = CARTESIAN_POINT('',(49.337220087555,1.938209297319));
#650 = CARTESIAN_POINT('',(49.337220087995,1.938209296072));
#651 = CARTESIAN_POINT('',(49.337220088435,1.938209294826));
#652 = CARTESIAN_POINT('',(49.337220088875,1.938209293579));
#653 = CARTESIAN_POINT('',(49.485826371971,1.512378099413));
#654 = CARTESIAN_POINT('',(49.670328499571,0.984162908972));
#655 = CARTESIAN_POINT('',(49.897127241411,0.335416214167));
#656 = ( GEOMETRIC_REPRESENTATION_CONTEXT(2) 
PARAMETRIC_REPRESENTATION_CONTEXT() REPRESENTATION_CONTEXT('2D SPACE',''
  ) );
#657 = PCURVE('',#658,#718);
#658 = SURFACE_OF_LINEAR_EXTRUSION('',#659,#716);
#659 = B_SPLINE_CURVE_WITH_KNOTS('',3,(#660,#661,#662,#663,#664,#665,
    #666,#667,#668,#669,#670,#671,#672,#673,#674,#675,#676,#677,#678,
    #679,#680,#681,#682,#683,#684,#685,#686,#687,#688,#689,#690,#691,
    #692,#693,#694,#695,#696,#697,#698,#699,#700,#701,#702,#703,#704,
    #705,#706,#707,#708,#709,#710,#711,#712,#713,#714,#715),
  .UNSPECIFIED.,.F.,.F.,(4,1,1,1,1,1,1,1,1,1,1,1,1,1,1,1,1,1,1,1,1,1,1,1
    ,1,1,1,1,1,1,1,1,1,1,1,1,1,1,1,1,1,1,1,1,1,1,1,3,3,4),(0.,
    2.252840378147,3.947251251067,5.556769293497,6.973069313182,
    8.438034201878,9.836527608945,11.173881028628,12.358378394578,
    13.591674823614,14.777241775145,15.919070127373,16.937511191725,
    18.005608061592,19.040905950925,20.046909447572,20.952226144232,
    21.910527049393,22.848343890734,23.768545277515,24.604779330967,
    25.498993387072,26.383732766176,27.261734369083,28.068590979197,
    28.941306811933,29.815275751476,30.69326112534,31.509705745874,
    32.403313623746,33.30925058782,34.230483702873,35.097084585268,
    36.056205964867,37.039089037922,38.048588577934,39.007142758039,
    40.077976938895,41.186386250524,42.336589601129,43.439334281668,
    44.68291297016,45.982505886097,47.343769408886,48.660381123787,
    50.157957971193,51.73669345799,51.75772326206,53.205564838504,
    53.402350377676),.UNSPECIFIED.);
#660 = CARTESIAN_POINT('',(10.770776349694,0.337011246639,0.));
#661 = CARTESIAN_POINT('',(11.334256508748,0.868368079761,0.));
#662 = CARTESIAN_POINT('',(12.481520456009,1.594695028954,0.));
#663 = CARTESIAN_POINT('',(13.085229985366,3.417371363885,0.));
#664 = CARTESIAN_POINT('',(13.891579888154,4.760909926385,0.));
#665 = CARTESIAN_POINT('',(14.671970569341,6.040553117913,0.));
#666 = CARTESIAN_POINT('',(15.490501736694,7.209641509072,0.));
#667 = CARTESIAN_POINT('',(16.35136094025,8.314872257293,0.));
#668 = CARTESIAN_POINT('',(17.209992366506,9.300848826366,0.));
#669 = CARTESIAN_POINT('',(18.079936147573,10.201528885292,0.));
#670 = CARTESIAN_POINT('',(18.958223270144,11.021705800206,0.));
#671 = CARTESIAN_POINT('',(19.868058891348,11.784790893793,0.));
#672 = CARTESIAN_POINT('',(20.760200258057,12.454866356867,0.));
#673 = CARTESIAN_POINT('',(21.652011402635,13.058080252671,0.));
#674 = CARTESIAN_POINT('',(22.546034007437,13.591226399692,0.));
#675 = CARTESIAN_POINT('',(23.451202329473,14.096769420693,0.));
#676 = CARTESIAN_POINT('',(24.336081273234,14.524388211359,0.));
#677 = CARTESIAN_POINT('',(25.216974083618,14.898032791558,0.));
#678 = CARTESIAN_POINT('',(26.094539619655,15.218551798071,0.));
#679 = CARTESIAN_POINT('',(26.992428110842,15.494026106705,0.));
#680 = CARTESIAN_POINT('',(27.86409819599,15.711990675572,0.));
#681 = CARTESIAN_POINT('',(28.731338669535,15.882722500945,0.));
#682 = CARTESIAN_POINT('',(29.594483394794,16.007660766926,0.));
#683 = CARTESIAN_POINT('',(30.476873863858,16.088199164525,0.));
#684 = CARTESIAN_POINT('',(31.333184659924,16.120970218775,0.));
#685 = CARTESIAN_POINT('',(32.185969609299,16.110288564227,0.));
#686 = CARTESIAN_POINT('',(33.03584711152,16.05640934548,0.));
#687 = CARTESIAN_POINT('',(33.905242362889,15.954968578932,0.));
#688 = CARTESIAN_POINT('',(34.749577620332,15.810896846784,0.));
#689 = CARTESIAN_POINT('',(35.591823987182,15.622726201542,0.));
#690 = CARTESIAN_POINT('',(36.432477729456,15.389481478152,0.));
#691 = CARTESIAN_POINT('',(37.292753226581,15.101057544989,0.));
#692 = CARTESIAN_POINT('',(38.128227258384,14.770813436604,0.));
#693 = CARTESIAN_POINT('',(38.961880061106,14.391470378993,0.));
#694 = CARTESIAN_POINT('',(39.793598001519,13.959734077163,0.));
#695 = CARTESIAN_POINT('',(40.626094283512,13.433973479075,0.));
#696 = CARTESIAN_POINT('',(41.433773788949,12.872022070645,0.));
#697 = CARTESIAN_POINT('',(42.233579768184,12.249644182846,0.));
#698 = CARTESIAN_POINT('',(43.02576835982,11.565984023667,0.));
#699 = CARTESIAN_POINT('',(43.826332275712,10.796528818873,0.));
#700 = CARTESIAN_POINT('',(44.591855978363,9.977843726103,0.));
#701 = CARTESIAN_POINT('',(45.343557010222,9.085743792799,0.));
#702 = CARTESIAN_POINT('',(46.07736448137,8.119510857322,0.));
#703 = CARTESIAN_POINT('',(46.811257056705,7.03098900828,0.));
#704 = CARTESIAN_POINT('',(47.481156983063,5.935287919124,0.));
#705 = CARTESIAN_POINT('',(48.19229788785,4.552393988828,0.));
#706 = CARTESIAN_POINT('',(48.582197453473,3.89107517787,0.));
#707 = CARTESIAN_POINT('',(49.600200533646,1.154996954994,0.));
#708 = CARTESIAN_POINT('',(49.340758478995,1.927696154043,0.));
#709 = CARTESIAN_POINT('',(49.337220087555,1.938209297319,0.));
#710 = CARTESIAN_POINT('',(49.337220087995,1.938209296072,0.));
#711 = CARTESIAN_POINT('',(49.337220088435,1.938209294826,0.));
#712 = CARTESIAN_POINT('',(49.337220088875,1.938209293579,0.));
#713 = CARTESIAN_POINT('',(49.485826371971,1.512378099413,0.));
#714 = CARTESIAN_POINT('',(49.670328499571,0.984162908972,0.));
#715 = CARTESIAN_POINT('',(49.897127241411,0.335416214167,0.));
#716 = VECTOR('',#717,1.);
#717 = DIRECTION('',(-0.,-0.,-1.));
#718 = DEFINITIONAL_REPRESENTATION('',(#719),#723);
#719 = LINE('',#720,#721);
#720 = CARTESIAN_POINT('',(0.,0.));
#721 = VECTOR('',#722,1.);
#722 = DIRECTION('',(1.,0.));
#723 = ( GEOMETRIC_REPRESENTATION_CONTEXT(2) 
PARAMETRIC_REPRESENTATION_CONTEXT() REPRESENTATION_CONTEXT('2D SPACE',''
  ) );
#724 = ORIENTED_EDGE('',*,*,#725,.T.);
#725 = EDGE_CURVE('',#537,#726,#728,.T.);
#726 = VERTEX_POINT('',#727);
#727 = CARTESIAN_POINT('',(11.137472690415,6.103007624955,0.));
#728 = SURFACE_CURVE('',#729,(#734,#741),.PCURVE_S1.);
#729 = CIRCLE('',#730,12.7);
#730 = AXIS2_PLACEMENT_3D('',#731,#732,#733);
#731 = CARTESIAN_POINT('',(0.,0.,0.));
#732 = DIRECTION('',(0.,0.,1.));
#733 = DIRECTION('',(1.,0.,0.));
#734 = PCURVE('',#31,#735);
#735 = DEFINITIONAL_REPRESENTATION('',(#736),#740);
#736 = CIRCLE('',#737,12.7);
#737 = AXIS2_PLACEMENT_2D('',#738,#739);
#738 = CARTESIAN_POINT('',(8.613796110485E-16,8.774400611482E-17));
#739 = DIRECTION('',(1.,0.));
#740 = ( GEOMETRIC_REPRESENTATION_CONTEXT(2) 
PARAMETRIC_REPRESENTATION_CONTEXT() REPRESENTATION_CONTEXT('2D SPACE',''
  ) );
#741 = PCURVE('',#742,#747);
#742 = CYLINDRICAL_SURFACE('',#743,12.7);
#743 = AXIS2_PLACEMENT_3D('',#744,#745,#746);
#744 = CARTESIAN_POINT('',(0.,0.,0.));
#745 = DIRECTION('',(-0.,-0.,-1.));
#746 = DIRECTION('',(1.,0.,0.));
#747 = DEFINITIONAL_REPRESENTATION('',(#748),#752);
#748 = LINE('',#749,#750);
#749 = CARTESIAN_POINT('',(-0.,0.));
#750 = VECTOR('',#751,1.);
#751 = DIRECTION('',(-1.,0.));
#752 = ( GEOMETRIC_REPRESENTATION_CONTEXT(2) 
PARAMETRIC_REPRESENTATION_CONTEXT() REPRESENTATION_CONTEXT('2D SPACE',''
  ) );
#753 = ORIENTED_EDGE('',*,*,#754,.F.);
#754 = EDGE_CURVE('',#755,#726,#757,.T.);
#755 = VERTEX_POINT('',#756);
#756 = CARTESIAN_POINT('',(41.652812830276,23.660957416984,0.));
#757 = SURFACE_CURVE('',#758,(#809,#863),.PCURVE_S1.);
#758 = B_SPLINE_CURVE_WITH_KNOTS('',3,(#759,#760,#761,#762,#763,#764,
    #765,#766,#767,#768,#769,#770,#771,#772,#773,#774,#775,#776,#777,
    #778,#779,#780,#781,#782,#783,#784,#785,#786,#787,#788,#789,#790,
    #791,#792,#793,#794,#795,#796,#797,#798,#799,#800,#801,#802,#803,
    #804,#805,#806,#807,#808),.UNSPECIFIED.,.F.,.F.,(4,1,1,1,1,1,1,1,1,1
    ,1,1,1,1,1,1,1,1,1,1,1,1,1,1,1,1,1,1,1,1,1,1,1,1,1,1,1,1,1,1,1,1,1,1
    ,1,1,1,4),(0.,1.560399863547,3.026493159763,4.408519816062,
    5.616164948135,6.857176517943,8.034500324617,9.154049078322,
    10.140931914661,11.16430891518,12.14467057154,13.086344664582,
    13.924748692612,14.803128326675,15.653911875236,16.480955579096,
    17.226763352129,18.01856826362,18.796500931648,19.563479607115,
    20.264226339274,21.01815180319,21.769388657233,22.52071176954,
    23.216717634111,23.975961822176,24.743348723341,25.521634699363,
    26.252131546642,27.05917145937,27.885262969361,28.733262670931,
    29.538010575103,30.436403024908,31.365465694071,32.327889352555,
    33.24854348335,34.284117952136,35.363069228966,36.489379128657,
    37.574802555564,38.804527640271,40.095153684953,41.452119030183,
    42.768727723412,44.27040892768,45.857339500188,47.985194622019),
  .UNSPECIFIED.);
#759 = CARTESIAN_POINT('',(41.652812830276,23.660957416984,0.));
#760 = CARTESIAN_POINT('',(41.255184610729,23.986977739547,0.));
#761 = CARTESIAN_POINT('',(40.480727751203,24.647439244962,0.));
#762 = CARTESIAN_POINT('',(39.295404741202,25.512463092525,0.));
#763 = CARTESIAN_POINT('',(38.166784517809,26.258923213498,0.));
#764 = CARTESIAN_POINT('',(37.065861443909,26.906536310976,0.));
#765 = CARTESIAN_POINT('',(35.993896283128,27.466189801686,0.));
#766 = CARTESIAN_POINT('',(34.92031326304,27.955532438715,0.));
#767 = CARTESIAN_POINT('',(33.900977591802,28.355833894832,0.));
#768 = CARTESIAN_POINT('',(32.911141305743,28.686729626871,0.));
#769 = CARTESIAN_POINT('',(31.95024503168,28.953951557558,0.));
#770 = CARTESIAN_POINT('',(30.99117159351,29.166101630473,0.));
#771 = CARTESIAN_POINT('',(30.08297863963,29.316844051535,0.));
#772 = CARTESIAN_POINT('',(29.202141776503,29.416309081675,0.));
#773 = CARTESIAN_POINT('',(28.347480817839,29.471094821878,0.));
#774 = CARTESIAN_POINT('',(27.495170515485,29.471904463189,0.));
#775 = CARTESIAN_POINT('',(26.68727301477,29.459271178242,0.));
#776 = CARTESIAN_POINT('',(25.900389458925,29.407582931439,0.));
#777 = CARTESIAN_POINT('',(25.133438307675,29.317690177153,0.));
#778 = CARTESIAN_POINT('',(24.365335707332,29.18625036155,0.));
#779 = CARTESIAN_POINT('',(23.63486792002,29.021087658584,0.));
#780 = CARTESIAN_POINT('',(22.921509690741,28.821196184205,0.));
#781 = CARTESIAN_POINT('',(22.224138121186,28.586982462167,0.));
#782 = CARTESIAN_POINT('',(21.5244413345,28.310046386649,0.));
#783 = CARTESIAN_POINT('',(20.857902635075,28.004576161695,0.));
#784 = CARTESIAN_POINT('',(20.205423391146,27.664454979041,0.));
#785 = CARTESIAN_POINT('',(19.566378665642,27.288898020441,0.));
#786 = CARTESIAN_POINT('',(18.925155530315,26.865024134539,0.));
#787 = CARTESIAN_POINT('',(18.314870290429,26.413631332436,0.));
#788 = CARTESIAN_POINT('',(17.718045519697,25.923581515736,0.));
#789 = CARTESIAN_POINT('',(17.134971775214,25.393151954479,0.));
#790 = CARTESIAN_POINT('',(16.553037151269,24.804944257267,0.));
#791 = CARTESIAN_POINT('',(16.003444304672,24.187450361256,0.));
#792 = CARTESIAN_POINT('',(15.470350810395,23.524433572258,0.));
#793 = CARTESIAN_POINT('',(14.957084100568,22.812476541002,0.));
#794 = CARTESIAN_POINT('',(14.44780697031,22.033525443636,0.));
#795 = CARTESIAN_POINT('',(13.998819333962,21.209828108167,0.));
#796 = CARTESIAN_POINT('',(13.571082206552,20.335758408651,0.));
#797 = CARTESIAN_POINT('',(13.174830326445,19.404261371499,0.));
#798 = CARTESIAN_POINT('',(12.804793143143,18.388820671147,0.));
#799 = CARTESIAN_POINT('',(12.48478360513,17.339083759699,0.));
#800 = CARTESIAN_POINT('',(12.207070084965,16.225562476844,0.));
#801 = CARTESIAN_POINT('',(11.976658180422,15.045443147135,0.));
#802 = CARTESIAN_POINT('',(11.798558710423,13.764185136625,0.));
#803 = CARTESIAN_POINT('',(11.683875139608,12.449307178031,0.));
#804 = CARTESIAN_POINT('',(11.648905995695,11.048422475955,0.));
#805 = CARTESIAN_POINT('',(11.630737379209,9.619679368803,0.));
#806 = CARTESIAN_POINT('',(11.966570666282,7.703865733988,0.));
#807 = CARTESIAN_POINT('',(11.462375079453,7.055727547691,0.));
#808 = CARTESIAN_POINT('',(11.108605330419,6.019486498557,0.));
#809 = PCURVE('',#31,#810);
#810 = DEFINITIONAL_REPRESENTATION('',(#811),#862);
#811 = B_SPLINE_CURVE_WITH_KNOTS('',3,(#812,#813,#814,#815,#816,#817,
    #818,#819,#820,#821,#822,#823,#824,#825,#826,#827,#828,#829,#830,
    #831,#832,#833,#834,#835,#836,#837,#838,#839,#840,#841,#842,#843,
    #844,#845,#846,#847,#848,#849,#850,#851,#852,#853,#854,#855,#856,
    #857,#858,#859,#860,#861),.UNSPECIFIED.,.F.,.F.,(4,1,1,1,1,1,1,1,1,1
    ,1,1,1,1,1,1,1,1,1,1,1,1,1,1,1,1,1,1,1,1,1,1,1,1,1,1,1,1,1,1,1,1,1,1
    ,1,1,1,4),(0.,1.560399863547,3.026493159763,4.408519816062,
    5.616164948135,6.857176517943,8.034500324617,9.154049078322,
    10.140931914661,11.16430891518,12.14467057154,13.086344664582,
    13.924748692612,14.803128326675,15.653911875236,16.480955579096,
    17.226763352129,18.01856826362,18.796500931648,19.563479607115,
    20.264226339274,21.01815180319,21.769388657233,22.52071176954,
    23.216717634111,23.975961822176,24.743348723341,25.521634699363,
    26.252131546642,27.05917145937,27.885262969361,28.733262670931,
    29.538010575103,30.436403024908,31.365465694071,32.327889352555,
    33.24854348335,34.284117952136,35.363069228966,36.489379128657,
    37.574802555564,38.804527640271,40.095153684953,41.452119030183,
    42.768727723412,44.27040892768,45.857339500188,47.985194622019),
  .UNSPECIFIED.);
#812 = CARTESIAN_POINT('',(41.652812830276,23.660957416984));
#813 = CARTESIAN_POINT('',(41.255184610729,23.986977739547));
#814 = CARTESIAN_POINT('',(40.480727751203,24.647439244962));
#815 = CARTESIAN_POINT('',(39.295404741202,25.512463092525));
#816 = CARTESIAN_POINT('',(38.166784517809,26.258923213498));
#817 = CARTESIAN_POINT('',(37.065861443909,26.906536310976));
#818 = CARTESIAN_POINT('',(35.993896283128,27.466189801686));
#819 = CARTESIAN_POINT('',(34.92031326304,27.955532438715));
#820 = CARTESIAN_POINT('',(33.900977591802,28.355833894832));
#821 = CARTESIAN_POINT('',(32.911141305743,28.686729626871));
#822 = CARTESIAN_POINT('',(31.95024503168,28.953951557558));
#823 = CARTESIAN_POINT('',(30.99117159351,29.166101630473));
#824 = CARTESIAN_POINT('',(30.08297863963,29.316844051535));
#825 = CARTESIAN_POINT('',(29.202141776503,29.416309081675));
#826 = CARTESIAN_POINT('',(28.347480817839,29.471094821878));
#827 = CARTESIAN_POINT('',(27.495170515485,29.471904463189));
#828 = CARTESIAN_POINT('',(26.68727301477,29.459271178242));
#829 = CARTESIAN_POINT('',(25.900389458925,29.407582931439));
#830 = CARTESIAN_POINT('',(25.133438307675,29.317690177153));
#831 = CARTESIAN_POINT('',(24.365335707332,29.18625036155));
#832 = CARTESIAN_POINT('',(23.63486792002,29.021087658584));
#833 = CARTESIAN_POINT('',(22.921509690741,28.821196184205));
#834 = CARTESIAN_POINT('',(22.224138121186,28.586982462167));
#835 = CARTESIAN_POINT('',(21.5244413345,28.310046386649));
#836 = CARTESIAN_POINT('',(20.857902635075,28.004576161695));
#837 = CARTESIAN_POINT('',(20.205423391146,27.664454979041));
#838 = CARTESIAN_POINT('',(19.566378665642,27.288898020441));
#839 = CARTESIAN_POINT('',(18.925155530315,26.865024134539));
#840 = CARTESIAN_POINT('',(18.314870290429,26.413631332436));
#841 = CARTESIAN_POINT('',(17.718045519697,25.923581515736));
#842 = CARTESIAN_POINT('',(17.134971775214,25.393151954479));
#843 = CARTESIAN_POINT('',(16.553037151269,24.804944257267));
#844 = CARTESIAN_POINT('',(16.003444304672,24.187450361256));
#845 = CARTESIAN_POINT('',(15.470350810395,23.524433572258));
#846 = CARTESIAN_POINT('',(14.957084100568,22.812476541002));
#847 = CARTESIAN_POINT('',(14.44780697031,22.033525443636));
#848 = CARTESIAN_POINT('',(13.998819333962,21.209828108167));
#849 = CARTESIAN_POINT('',(13.571082206552,20.335758408651));
#850 = CARTESIAN_POINT('',(13.174830326445,19.404261371499));
#851 = CARTESIAN_POINT('',(12.804793143143,18.388820671147));
#852 = CARTESIAN_POINT('',(12.48478360513,17.339083759699));
#853 = CARTESIAN_POINT('',(12.207070084965,16.225562476844));
#854 = CARTESIAN_POINT('',(11.976658180422,15.045443147135));
#855 = CARTESIAN_POINT('',(11.798558710423,13.764185136625));
#856 = CARTESIAN_POINT('',(11.683875139608,12.449307178031));
#857 = CARTESIAN_POINT('',(11.648905995695,11.048422475955));
#858 = CARTESIAN_POINT('',(11.630737379209,9.619679368803));
#859 = CARTESIAN_POINT('',(11.966570666282,7.703865733988));
#860 = CARTESIAN_POINT('',(11.462375079453,7.055727547691));
#861 = CARTESIAN_POINT('',(11.108605330419,6.019486498557));
#862 = ( GEOMETRIC_REPRESENTATION_CONTEXT(2) 
PARAMETRIC_REPRESENTATION_CONTEXT() REPRESENTATION_CONTEXT('2D SPACE',''
  ) );
#863 = PCURVE('',#864,#918);
#864 = SURFACE_OF_LINEAR_EXTRUSION('',#865,#916);
#865 = B_SPLINE_CURVE_WITH_KNOTS('',3,(#866,#867,#868,#869,#870,#871,
    #872,#873,#874,#875,#876,#877,#878,#879,#880,#881,#882,#883,#884,
    #885,#886,#887,#888,#889,#890,#891,#892,#893,#894,#895,#896,#897,
    #898,#899,#900,#901,#902,#903,#904,#905,#906,#907,#908,#909,#910,
    #911,#912,#913,#914,#915),.UNSPECIFIED.,.F.,.F.,(4,1,1,1,1,1,1,1,1,1
    ,1,1,1,1,1,1,1,1,1,1,1,1,1,1,1,1,1,1,1,1,1,1,1,1,1,1,1,1,1,1,1,1,1,1
    ,1,1,1,4),(0.,1.560399863547,3.026493159763,4.408519816062,
    5.616164948135,6.857176517943,8.034500324617,9.154049078322,
    10.140931914661,11.16430891518,12.14467057154,13.086344664582,
    13.924748692612,14.803128326675,15.653911875236,16.480955579096,
    17.226763352129,18.01856826362,18.796500931648,19.563479607115,
    20.264226339274,21.01815180319,21.769388657233,22.52071176954,
    23.216717634111,23.975961822176,24.743348723341,25.521634699363,
    26.252131546642,27.05917145937,27.885262969361,28.733262670931,
    29.538010575103,30.436403024908,31.365465694071,32.327889352555,
    33.24854348335,34.284117952136,35.363069228966,36.489379128657,
    37.574802555564,38.804527640271,40.095153684953,41.452119030183,
    42.768727723412,44.27040892768,45.857339500188,47.985194622019),
  .UNSPECIFIED.);
#866 = CARTESIAN_POINT('',(41.652812830276,23.660957416984,0.));
#867 = CARTESIAN_POINT('',(41.255184610729,23.986977739547,0.));
#868 = CARTESIAN_POINT('',(40.480727751203,24.647439244962,0.));
#869 = CARTESIAN_POINT('',(39.295404741202,25.512463092525,0.));
#870 = CARTESIAN_POINT('',(38.166784517809,26.258923213498,0.));
#871 = CARTESIAN_POINT('',(37.065861443909,26.906536310976,0.));
#872 = CARTESIAN_POINT('',(35.993896283128,27.466189801686,0.));
#873 = CARTESIAN_POINT('',(34.92031326304,27.955532438715,0.));
#874 = CARTESIAN_POINT('',(33.900977591802,28.355833894832,0.));
#875 = CARTESIAN_POINT('',(32.911141305743,28.686729626871,0.));
#876 = CARTESIAN_POINT('',(31.95024503168,28.953951557558,0.));
#877 = CARTESIAN_POINT('',(30.99117159351,29.166101630473,0.));
#878 = CARTESIAN_POINT('',(30.08297863963,29.316844051535,0.));
#879 = CARTESIAN_POINT('',(29.202141776503,29.416309081675,0.));
#880 = CARTESIAN_POINT('',(28.347480817839,29.471094821878,0.));
#881 = CARTESIAN_POINT('',(27.495170515485,29.471904463189,0.));
#882 = CARTESIAN_POINT('',(26.68727301477,29.459271178242,0.));
#883 = CARTESIAN_POINT('',(25.900389458925,29.407582931439,0.));
#884 = CARTESIAN_POINT('',(25.133438307675,29.317690177153,0.));
#885 = CARTESIAN_POINT('',(24.365335707332,29.18625036155,0.));
#886 = CARTESIAN_POINT('',(23.63486792002,29.021087658584,0.));
#887 = CARTESIAN_POINT('',(22.921509690741,28.821196184205,0.));
#888 = CARTESIAN_POINT('',(22.224138121186,28.586982462167,0.));
#889 = CARTESIAN_POINT('',(21.5244413345,28.310046386649,0.));
#890 = CARTESIAN_POINT('',(20.857902635075,28.004576161695,0.));
#891 = CARTESIAN_POINT('',(20.205423391146,27.664454979041,0.));
#892 = CARTESIAN_POINT('',(19.566378665642,27.288898020441,0.));
#893 = CARTESIAN_POINT('',(18.925155530315,26.865024134539,0.));
#894 = CARTESIAN_POINT('',(18.314870290429,26.413631332436,0.));
#895 = CARTESIAN_POINT('',(17.718045519697,25.923581515736,0.));
#896 = CARTESIAN_POINT('',(17.134971775214,25.393151954479,0.));
#897 = CARTESIAN_POINT('',(16.553037151269,24.804944257267,0.));
#898 = CARTESIAN_POINT('',(16.003444304672,24.187450361256,0.));
#899 = CARTESIAN_POINT('',(15.470350810395,23.524433572258,0.));
#900 = CARTESIAN_POINT('',(14.957084100568,22.812476541002,0.));
#901 = CARTESIAN_POINT('',(14.44780697031,22.033525443636,0.));
#902 = CARTESIAN_POINT('',(13.998819333962,21.209828108167,0.));
#903 = CARTESIAN_POINT('',(13.571082206552,20.335758408651,0.));
#904 = CARTESIAN_POINT('',(13.174830326445,19.404261371499,0.));
#905 = CARTESIAN_POINT('',(12.804793143143,18.388820671147,0.));
#906 = CARTESIAN_POINT('',(12.48478360513,17.339083759699,0.));
#907 = CARTESIAN_POINT('',(12.207070084965,16.225562476844,0.));
#908 = CARTESIAN_POINT('',(11.976658180422,15.045443147135,0.));
#909 = CARTESIAN_POINT('',(11.798558710423,13.764185136625,0.));
#910 = CARTESIAN_POINT('',(11.683875139608,12.449307178031,0.));
#911 = CARTESIAN_POINT('',(11.648905995695,11.048422475955,0.));
#912 = CARTESIAN_POINT('',(11.630737379209,9.619679368803,0.));
#913 = CARTESIAN_POINT('',(11.966570666282,7.703865733988,0.));
#914 = CARTESIAN_POINT('',(11.462375079453,7.055727547691,0.));
#915 = CARTESIAN_POINT('',(11.108605330419,6.019486498557,0.));
#916 = VECTOR('',#917,1.);
#917 = DIRECTION('',(0.,-0.,-1.));
#918 = DEFINITIONAL_REPRESENTATION('',(#919),#923);
#919 = LINE('',#920,#921);
#920 = CARTESIAN_POINT('',(0.,0.));
#921 = VECTOR('',#922,1.);
#922 = DIRECTION('',(1.,0.));
#923 = ( GEOMETRIC_REPRESENTATION_CONTEXT(2) 
PARAMETRIC_REPRESENTATION_CONTEXT() REPRESENTATION_CONTEXT('2D SPACE',''
  ) );
#924 = ORIENTED_EDGE('',*,*,#925,.F.);
#925 = EDGE_CURVE('',#508,#755,#926,.T.);
#926 = SURFACE_CURVE('',#927,(#931,#938),.PCURVE_S1.);
#927 = LINE('',#928,#929);
#928 = CARTESIAN_POINT('',(43.044471659842,25.239042583016,0.));
#929 = VECTOR('',#930,1.);
#930 = DIRECTION('',(-0.661416047422,-0.750019207895,0.));
#931 = PCURVE('',#31,#932);
#932 = DEFINITIONAL_REPRESENTATION('',(#933),#937);
#933 = LINE('',#934,#935);
#934 = CARTESIAN_POINT('',(43.044471659842,25.239042583016));
#935 = VECTOR('',#936,1.);
#936 = DIRECTION('',(-0.661416047422,-0.750019207895));
#937 = ( GEOMETRIC_REPRESENTATION_CONTEXT(2) 
PARAMETRIC_REPRESENTATION_CONTEXT() REPRESENTATION_CONTEXT('2D SPACE',''
  ) );
#938 = PCURVE('',#939,#944);
#939 = PLANE('',#940);
#940 = AXIS2_PLACEMENT_3D('',#941,#942,#943);
#941 = CARTESIAN_POINT('',(43.044471659842,25.239042583016,0.));
#942 = DIRECTION('',(0.750019207895,-0.661416047422,0.));
#943 = DIRECTION('',(-0.661416047422,-0.750019207895,0.));
#944 = DEFINITIONAL_REPRESENTATION('',(#945),#949);
#945 = LINE('',#946,#947);
#946 = CARTESIAN_POINT('',(0.,0.));
#947 = VECTOR('',#948,1.);
#948 = DIRECTION('',(1.,-0.));
#949 = ( GEOMETRIC_REPRESENTATION_CONTEXT(2) 
PARAMETRIC_REPRESENTATION_CONTEXT() REPRESENTATION_CONTEXT('2D SPACE',''
  ) );
#950 = FACE_BOUND('',#951,.F.);
#951 = EDGE_LOOP('',(#952,#983,#1172,#1201,#1372));
#952 = ORIENTED_EDGE('',*,*,#953,.F.);
#953 = EDGE_CURVE('',#954,#956,#958,.T.);
#954 = VERTEX_POINT('',#955);
#955 = CARTESIAN_POINT('',(40.620063809955,27.225363470029,0.));
#956 = VERTEX_POINT('',#957);
#957 = CARTESIAN_POINT('',(24.45,42.348642245059,0.));
#958 = SURFACE_CURVE('',#959,(#964,#971),.PCURVE_S1.);
#959 = CIRCLE('',#960,48.9);
#960 = AXIS2_PLACEMENT_3D('',#961,#962,#963);
#961 = CARTESIAN_POINT('',(2.376054908382E-13,1.705302565824E-15,0.));
#962 = DIRECTION('',(0.,0.,1.));
#963 = DIRECTION('',(1.,0.,0.));
#964 = PCURVE('',#31,#965);
#965 = DEFINITIONAL_REPRESENTATION('',(#966),#970);
#966 = CIRCLE('',#967,48.9);
#967 = AXIS2_PLACEMENT_2D('',#968,#969);
#968 = CARTESIAN_POINT('',(2.384668704492E-13,1.793046571939E-15));
#969 = DIRECTION('',(1.,0.));
#970 = ( GEOMETRIC_REPRESENTATION_CONTEXT(2) 
PARAMETRIC_REPRESENTATION_CONTEXT() REPRESENTATION_CONTEXT('2D SPACE',''
  ) );
#971 = PCURVE('',#972,#977);
#972 = CYLINDRICAL_SURFACE('',#973,48.9);
#973 = AXIS2_PLACEMENT_3D('',#974,#975,#976);
#974 = CARTESIAN_POINT('',(2.376054908382E-13,1.705302565824E-15,0.));
#975 = DIRECTION('',(-0.,-0.,-1.));
#976 = DIRECTION('',(1.,0.,0.));
#977 = DEFINITIONAL_REPRESENTATION('',(#978),#982);
#978 = LINE('',#979,#980);
#979 = CARTESIAN_POINT('',(-0.,0.));
#980 = VECTOR('',#981,1.);
#981 = DIRECTION('',(-1.,0.));
#982 = ( GEOMETRIC_REPRESENTATION_CONTEXT(2) 
PARAMETRIC_REPRESENTATION_CONTEXT() REPRESENTATION_CONTEXT('2D SPACE',''
  ) );
#983 = ORIENTED_EDGE('',*,*,#984,.F.);
#984 = EDGE_CURVE('',#985,#954,#987,.T.);
#985 = VERTEX_POINT('',#986);
#986 = CARTESIAN_POINT('',(9.816985772962,8.057095651254,0.));
#987 = SURFACE_CURVE('',#988,(#1045,#1105),.PCURVE_S1.);
#988 = B_SPLINE_CURVE_WITH_KNOTS('',3,(#989,#990,#991,#992,#993,#994,
    #995,#996,#997,#998,#999,#1000,#1001,#1002,#1003,#1004,#1005,#1006,
    #1007,#1008,#1009,#1010,#1011,#1012,#1013,#1014,#1015,#1016,#1017,
    #1018,#1019,#1020,#1021,#1022,#1023,#1024,#1025,#1026,#1027,#1028,
    #1029,#1030,#1031,#1032,#1033,#1034,#1035,#1036,#1037,#1038,#1039,
    #1040,#1041,#1042,#1043,#1044),.UNSPECIFIED.,.F.,.F.,(4,1,1,1,1,1,1,
    1,1,1,1,1,1,1,1,1,1,1,1,1,1,1,1,1,1,1,1,1,1,1,1,1,1,1,1,1,1,1,1,1,1,
    1,1,1,1,1,1,3,3,4),(0.,2.252840378147,3.947251251067,5.556769293497,
    6.973069313182,8.438034201878,9.836527608945,11.173881028628,
    12.358378394578,13.591674823614,14.777241775145,15.919070127373,
    16.937511191725,18.005608061592,19.040905950925,20.046909447572,
    20.952226144232,21.910527049393,22.848343890734,23.768545277515,
    24.604779330967,25.498993387072,26.383732766176,27.261734369083,
    28.068590979197,28.941306811933,29.815275751476,30.69326112534,
    31.509705745874,32.403313623746,33.30925058782,34.230483702873,
    35.097084585268,36.056205964867,37.039089037922,38.048588577934,
    39.007142758039,40.077976938895,41.186386250524,42.336589601129,
    43.439334281668,44.68291297016,45.982505886097,47.343769408886,
    48.660381123787,50.157957971193,51.73669345799,51.75772326206,
    53.205564838504,53.402350377676),.UNSPECIFIED.);
#989 = CARTESIAN_POINT('',(9.159260313996,5.677248475798,0.));
#990 = CARTESIAN_POINT('',(9.381570029705,6.419157071282,0.));
#991 = CARTESIAN_POINT('',(10.011966278282,7.621806634367,0.));
#992 = CARTESIAN_POINT('',(9.623455899746,9.502145407973,0.));
#993 = CARTESIAN_POINT('',(9.65000611865,11.068858885456,0.));
#994 = CARTESIAN_POINT('',(9.68602267767,12.567257737692,0.));
#995 = CARTESIAN_POINT('',(9.810347266808,13.988983567382,0.));
#996 = CARTESIAN_POINT('',(10.003257832058,15.376571074163,0.));
#997 = CARTESIAN_POINT('',(10.253866175147,16.659767543645,0.));
#998 = CARTESIAN_POINT('',(10.556919559953,17.87475124589,0.));
#999 = CARTESIAN_POINT('',(10.907450062459,19.024188851089,0.));
#1000 = CARTESIAN_POINT('',(11.313848276896,20.139957737987,0.));
#1001 = CARTESIAN_POINT('',(11.751427632696,21.166330794815,0.));
#1002 = CARTESIAN_POINT('',(12.222151791377,22.134634924786,0.));
#1003 = CARTESIAN_POINT('',(12.729825005182,23.043364334437,0.));
#1004 = CARTESIAN_POINT('',(13.260952256266,23.933761594348,0.));
#1005 = CARTESIAN_POINT('',(13.813470505503,24.746529802081,0.));
#1006 = CARTESIAN_POINT('',(14.389523767208,25.510561905712,0.));
#1007 = CARTESIAN_POINT('',(14.989258311645,26.226922275766,0.));
#1008 = CARTESIAN_POINT('',(15.629115400462,26.914434270727,0.));
#1009 = CARTESIAN_POINT('',(16.275021553485,27.539032167065,0.));
#1010 = CARTESIAN_POINT('',(16.940707922079,28.120510501845,0.));
#1011 = CARTESIAN_POINT('',(17.625744048305,28.660282576718,0.));
#1012 = CARTESIAN_POINT('',(18.349647411773,29.171226109552,0.));
#1013 = CARTESIAN_POINT('',(19.074848787575,29.627762073074,0.));
#1014 = CARTESIAN_POINT('',(19.818723044973,30.044903963568,0.));
#1015 = CARTESIAN_POINT('',(20.581678161375,30.423181942508,0.));
#1016 = CARTESIAN_POINT('',(21.385316918264,30.770029287382,0.));
#1017 = CARTESIAN_POINT('',(22.188568566594,31.067427136097,0.));
#1018 = CARTESIAN_POINT('',(23.012060639153,31.325589760495,0.));
#1019 = CARTESIAN_POINT('',(23.856710497443,31.543920775878,0.));
#1020 = CARTESIAN_POINT('',(24.745942898789,31.724276071262,0.));
#1021 = CARTESIAN_POINT('',(25.634606688725,31.856013299852,0.));
#1022 = CARTESIAN_POINT('',(26.546242722624,31.944318976572,0.));
#1023 = CARTESIAN_POINT('',(27.48239973872,31.986283341658,0.));
#1024 = CARTESIAN_POINT('',(28.466242966525,31.947209448402,0.));
#1025 = CARTESIAN_POINT('',(29.446689640565,31.864385005727,0.));
#1026 = CARTESIAN_POINT('',(30.450530880581,31.725292933757,0.));
#1027 = CARTESIAN_POINT('',(31.478416405116,31.52932016417,0.));
#1028 = CARTESIAN_POINT('',(32.556452696028,31.263234367691,0.));
#1029 = CARTESIAN_POINT('',(33.628758216108,30.936994130978,0.));
#1030 = CARTESIAN_POINT('',(34.7258003724,30.540263441951,0.));
#1031 = CARTESIAN_POINT('',(35.84441275164,30.07038490943,0.));
#1032 = CARTESIAN_POINT('',(37.02424329005,29.494643623252,0.));
#1033 = CARTESIAN_POINT('',(38.152244188848,28.880688608268,0.));
#1034 = CARTESIAN_POINT('',(39.459557243211,28.038637786285,0.));
#1035 = CARTESIAN_POINT('',(40.127879577444,27.660868678807,0.));
#1036 = CARTESIAN_POINT('',(42.377535217442,25.800356971142,0.));
#1037 = CARTESIAN_POINT('',(41.76650220778,26.339813079676,0.));
#1038 = CARTESIAN_POINT('',(41.758181299267,26.347148533107,0.));
#1039 = CARTESIAN_POINT('',(41.758181300272,26.347148532247,0.));
#1040 = CARTESIAN_POINT('',(41.758181301276,26.347148531388,0.));
#1041 = CARTESIAN_POINT('',(41.75818130228,26.347148530528,0.));
#1042 = CARTESIAN_POINT('',(42.099793715686,26.052671040204,0.));
#1043 = CARTESIAN_POINT('',(42.52368484046,25.687474330418,0.));
#1044 = CARTESIAN_POINT('',(43.044471659842,25.239042583016,0.));
#1045 = PCURVE('',#31,#1046);
#1046 = DEFINITIONAL_REPRESENTATION('',(#1047),#1104);
#1047 = B_SPLINE_CURVE_WITH_KNOTS('',3,(#1048,#1049,#1050,#1051,#1052,
    #1053,#1054,#1055,#1056,#1057,#1058,#1059,#1060,#1061,#1062,#1063,
    #1064,#1065,#1066,#1067,#1068,#1069,#1070,#1071,#1072,#1073,#1074,
    #1075,#1076,#1077,#1078,#1079,#1080,#1081,#1082,#1083,#1084,#1085,
    #1086,#1087,#1088,#1089,#1090,#1091,#1092,#1093,#1094,#1095,#1096,
    #1097,#1098,#1099,#1100,#1101,#1102,#1103),.UNSPECIFIED.,.F.,.F.,(4,
    1,1,1,1,1,1,1,1,1,1,1,1,1,1,1,1,1,1,1,1,1,1,1,1,1,1,1,1,1,1,1,1,1,1,
    1,1,1,1,1,1,1,1,1,1,1,1,3,3,4),(0.,2.252840378147,3.947251251067,
    5.556769293497,6.973069313182,8.438034201878,9.836527608945,
    11.173881028628,12.358378394578,13.591674823614,14.777241775145,
    15.919070127373,16.937511191725,18.005608061592,19.040905950925,
    20.046909447572,20.952226144232,21.910527049393,22.848343890734,
    23.768545277515,24.604779330967,25.498993387072,26.383732766176,
    27.261734369083,28.068590979197,28.941306811933,29.815275751476,
    30.69326112534,31.509705745874,32.403313623746,33.30925058782,
    34.230483702873,35.097084585268,36.056205964867,37.039089037922,
    38.048588577934,39.007142758039,40.077976938895,41.186386250524,
    42.336589601129,43.439334281668,44.68291297016,45.982505886097,
    47.343769408886,48.660381123787,50.157957971193,51.73669345799,
    51.75772326206,53.205564838504,53.402350377676),.UNSPECIFIED.);
#1048 = CARTESIAN_POINT('',(9.159260313996,5.677248475798));
#1049 = CARTESIAN_POINT('',(9.381570029705,6.419157071282));
#1050 = CARTESIAN_POINT('',(10.011966278282,7.621806634367));
#1051 = CARTESIAN_POINT('',(9.623455899746,9.502145407973));
#1052 = CARTESIAN_POINT('',(9.65000611865,11.068858885456));
#1053 = CARTESIAN_POINT('',(9.68602267767,12.567257737692));
#1054 = CARTESIAN_POINT('',(9.810347266808,13.988983567382));
#1055 = CARTESIAN_POINT('',(10.003257832058,15.376571074163));
#1056 = CARTESIAN_POINT('',(10.253866175147,16.659767543645));
#1057 = CARTESIAN_POINT('',(10.556919559953,17.87475124589));
#1058 = CARTESIAN_POINT('',(10.907450062459,19.024188851089));
#1059 = CARTESIAN_POINT('',(11.313848276896,20.139957737987));
#1060 = CARTESIAN_POINT('',(11.751427632696,21.166330794815));
#1061 = CARTESIAN_POINT('',(12.222151791377,22.134634924786));
#1062 = CARTESIAN_POINT('',(12.729825005182,23.043364334437));
#1063 = CARTESIAN_POINT('',(13.260952256266,23.933761594348));
#1064 = CARTESIAN_POINT('',(13.813470505503,24.746529802081));
#1065 = CARTESIAN_POINT('',(14.389523767208,25.510561905712));
#1066 = CARTESIAN_POINT('',(14.989258311645,26.226922275766));
#1067 = CARTESIAN_POINT('',(15.629115400462,26.914434270727));
#1068 = CARTESIAN_POINT('',(16.275021553485,27.539032167065));
#1069 = CARTESIAN_POINT('',(16.940707922079,28.120510501845));
#1070 = CARTESIAN_POINT('',(17.625744048305,28.660282576718));
#1071 = CARTESIAN_POINT('',(18.349647411773,29.171226109552));
#1072 = CARTESIAN_POINT('',(19.074848787575,29.627762073074));
#1073 = CARTESIAN_POINT('',(19.818723044973,30.044903963568));
#1074 = CARTESIAN_POINT('',(20.581678161375,30.423181942508));
#1075 = CARTESIAN_POINT('',(21.385316918264,30.770029287382));
#1076 = CARTESIAN_POINT('',(22.188568566594,31.067427136097));
#1077 = CARTESIAN_POINT('',(23.012060639153,31.325589760495));
#1078 = CARTESIAN_POINT('',(23.856710497443,31.543920775878));
#1079 = CARTESIAN_POINT('',(24.745942898789,31.724276071262));
#1080 = CARTESIAN_POINT('',(25.634606688725,31.856013299852));
#1081 = CARTESIAN_POINT('',(26.546242722624,31.944318976572));
#1082 = CARTESIAN_POINT('',(27.48239973872,31.986283341658));
#1083 = CARTESIAN_POINT('',(28.466242966525,31.947209448402));
#1084 = CARTESIAN_POINT('',(29.446689640565,31.864385005727));
#1085 = CARTESIAN_POINT('',(30.450530880581,31.725292933757));
#1086 = CARTESIAN_POINT('',(31.478416405116,31.52932016417));
#1087 = CARTESIAN_POINT('',(32.556452696028,31.263234367691));
#1088 = CARTESIAN_POINT('',(33.628758216108,30.936994130978));
#1089 = CARTESIAN_POINT('',(34.7258003724,30.540263441951));
#1090 = CARTESIAN_POINT('',(35.84441275164,30.07038490943));
#1091 = CARTESIAN_POINT('',(37.02424329005,29.494643623252));
#1092 = CARTESIAN_POINT('',(38.152244188848,28.880688608268));
#1093 = CARTESIAN_POINT('',(39.459557243211,28.038637786285));
#1094 = CARTESIAN_POINT('',(40.127879577444,27.660868678807));
#1095 = CARTESIAN_POINT('',(42.377535217442,25.800356971142));
#1096 = CARTESIAN_POINT('',(41.76650220778,26.339813079676));
#1097 = CARTESIAN_POINT('',(41.758181299267,26.347148533107));
#1098 = CARTESIAN_POINT('',(41.758181300272,26.347148532247));
#1099 = CARTESIAN_POINT('',(41.758181301276,26.347148531388));
#1100 = CARTESIAN_POINT('',(41.75818130228,26.347148530528));
#1101 = CARTESIAN_POINT('',(42.099793715686,26.052671040204));
#1102 = CARTESIAN_POINT('',(42.52368484046,25.687474330418));
#1103 = CARTESIAN_POINT('',(43.044471659842,25.239042583016));
#1104 = ( GEOMETRIC_REPRESENTATION_CONTEXT(2) 
PARAMETRIC_REPRESENTATION_CONTEXT() REPRESENTATION_CONTEXT('2D SPACE',''
  ) );
#1105 = PCURVE('',#1106,#1166);
#1106 = SURFACE_OF_LINEAR_EXTRUSION('',#1107,#1164);
#1107 = B_SPLINE_CURVE_WITH_KNOTS('',3,(#1108,#1109,#1110,#1111,#1112,
    #1113,#1114,#1115,#1116,#1117,#1118,#1119,#1120,#1121,#1122,#1123,
    #1124,#1125,#1126,#1127,#1128,#1129,#1130,#1131,#1132,#1133,#1134,
    #1135,#1136,#1137,#1138,#1139,#1140,#1141,#1142,#1143,#1144,#1145,
    #1146,#1147,#1148,#1149,#1150,#1151,#1152,#1153,#1154,#1155,#1156,
    #1157,#1158,#1159,#1160,#1161,#1162,#1163),.UNSPECIFIED.,.F.,.F.,(4,
    1,1,1,1,1,1,1,1,1,1,1,1,1,1,1,1,1,1,1,1,1,1,1,1,1,1,1,1,1,1,1,1,1,1,
    1,1,1,1,1,1,1,1,1,1,1,1,3,3,4),(0.,2.252840378147,3.947251251067,
    5.556769293497,6.973069313182,8.438034201878,9.836527608945,
    11.173881028628,12.358378394578,13.591674823614,14.777241775145,
    15.919070127373,16.937511191725,18.005608061592,19.040905950925,
    20.046909447572,20.952226144232,21.910527049393,22.848343890734,
    23.768545277515,24.604779330967,25.498993387072,26.383732766176,
    27.261734369083,28.068590979197,28.941306811933,29.815275751476,
    30.69326112534,31.509705745874,32.403313623746,33.30925058782,
    34.230483702873,35.097084585268,36.056205964867,37.039089037922,
    38.048588577934,39.007142758039,40.077976938895,41.186386250524,
    42.336589601129,43.439334281668,44.68291297016,45.982505886097,
    47.343769408886,48.660381123787,50.157957971193,51.73669345799,
    51.75772326206,53.205564838504,53.402350377676),.UNSPECIFIED.);
#1108 = CARTESIAN_POINT('',(9.159260313996,5.677248475798,0.));
#1109 = CARTESIAN_POINT('',(9.381570029705,6.419157071282,0.));
#1110 = CARTESIAN_POINT('',(10.011966278282,7.621806634367,0.));
#1111 = CARTESIAN_POINT('',(9.623455899746,9.502145407973,0.));
#1112 = CARTESIAN_POINT('',(9.65000611865,11.068858885456,0.));
#1113 = CARTESIAN_POINT('',(9.68602267767,12.567257737692,0.));
#1114 = CARTESIAN_POINT('',(9.810347266808,13.988983567382,0.));
#1115 = CARTESIAN_POINT('',(10.003257832058,15.376571074163,0.));
#1116 = CARTESIAN_POINT('',(10.253866175147,16.659767543645,0.));
#1117 = CARTESIAN_POINT('',(10.556919559953,17.87475124589,0.));
#1118 = CARTESIAN_POINT('',(10.907450062459,19.024188851089,0.));
#1119 = CARTESIAN_POINT('',(11.313848276896,20.139957737987,0.));
#1120 = CARTESIAN_POINT('',(11.751427632696,21.166330794815,0.));
#1121 = CARTESIAN_POINT('',(12.222151791377,22.134634924786,0.));
#1122 = CARTESIAN_POINT('',(12.729825005182,23.043364334437,0.));
#1123 = CARTESIAN_POINT('',(13.260952256266,23.933761594348,0.));
#1124 = CARTESIAN_POINT('',(13.813470505503,24.746529802081,0.));
#1125 = CARTESIAN_POINT('',(14.389523767208,25.510561905712,0.));
#1126 = CARTESIAN_POINT('',(14.989258311645,26.226922275766,0.));
#1127 = CARTESIAN_POINT('',(15.629115400462,26.914434270727,0.));
#1128 = CARTESIAN_POINT('',(16.275021553485,27.539032167065,0.));
#1129 = CARTESIAN_POINT('',(16.940707922079,28.120510501845,0.));
#1130 = CARTESIAN_POINT('',(17.625744048305,28.660282576718,0.));
#1131 = CARTESIAN_POINT('',(18.349647411773,29.171226109552,0.));
#1132 = CARTESIAN_POINT('',(19.074848787575,29.627762073074,0.));
#1133 = CARTESIAN_POINT('',(19.818723044973,30.044903963568,0.));
#1134 = CARTESIAN_POINT('',(20.581678161375,30.423181942508,0.));
#1135 = CARTESIAN_POINT('',(21.385316918264,30.770029287382,0.));
#1136 = CARTESIAN_POINT('',(22.188568566594,31.067427136097,0.));
#1137 = CARTESIAN_POINT('',(23.012060639153,31.325589760495,0.));
#1138 = CARTESIAN_POINT('',(23.856710497443,31.543920775878,0.));
#1139 = CARTESIAN_POINT('',(24.745942898789,31.724276071262,0.));
#1140 = CARTESIAN_POINT('',(25.634606688725,31.856013299852,0.));
#1141 = CARTESIAN_POINT('',(26.546242722624,31.944318976572,0.));
#1142 = CARTESIAN_POINT('',(27.48239973872,31.986283341658,0.));
#1143 = CARTESIAN_POINT('',(28.466242966525,31.947209448402,0.));
#1144 = CARTESIAN_POINT('',(29.446689640565,31.864385005727,0.));
#1145 = CARTESIAN_POINT('',(30.450530880581,31.725292933757,0.));
#1146 = CARTESIAN_POINT('',(31.478416405116,31.52932016417,0.));
#1147 = CARTESIAN_POINT('',(32.556452696028,31.263234367691,0.));
#1148 = CARTESIAN_POINT('',(33.628758216108,30.936994130978,0.));
#1149 = CARTESIAN_POINT('',(34.7258003724,30.540263441951,0.));
#1150 = CARTESIAN_POINT('',(35.84441275164,30.07038490943,0.));
#1151 = CARTESIAN_POINT('',(37.02424329005,29.494643623252,0.));
#1152 = CARTESIAN_POINT('',(38.152244188848,28.880688608268,0.));
#1153 = CARTESIAN_POINT('',(39.459557243211,28.038637786285,0.));
#1154 = CARTESIAN_POINT('',(40.127879577444,27.660868678807,0.));
#1155 = CARTESIAN_POINT('',(42.377535217442,25.800356971142,0.));
#1156 = CARTESIAN_POINT('',(41.76650220778,26.339813079676,0.));
#1157 = CARTESIAN_POINT('',(41.758181299267,26.347148533107,0.));
#1158 = CARTESIAN_POINT('',(41.758181300272,26.347148532247,0.));
#1159 = CARTESIAN_POINT('',(41.758181301276,26.347148531388,0.));
#1160 = CARTESIAN_POINT('',(41.75818130228,26.347148530528,0.));
#1161 = CARTESIAN_POINT('',(42.099793715686,26.052671040204,0.));
#1162 = CARTESIAN_POINT('',(42.52368484046,25.687474330418,0.));
#1163 = CARTESIAN_POINT('',(43.044471659842,25.239042583016,0.));
#1164 = VECTOR('',#1165,1.);
#1165 = DIRECTION('',(0.,-0.,-1.));
#1166 = DEFINITIONAL_REPRESENTATION('',(#1167),#1171);
#1167 = LINE('',#1168,#1169);
#1168 = CARTESIAN_POINT('',(0.,0.));
#1169 = VECTOR('',#1170,1.);
#1170 = DIRECTION('',(1.,0.));
#1171 = ( GEOMETRIC_REPRESENTATION_CONTEXT(2) 
PARAMETRIC_REPRESENTATION_CONTEXT() REPRESENTATION_CONTEXT('2D SPACE',''
  ) );
#1172 = ORIENTED_EDGE('',*,*,#1173,.T.);
#1173 = EDGE_CURVE('',#985,#1174,#1176,.T.);
#1174 = VERTEX_POINT('',#1175);
#1175 = CARTESIAN_POINT('',(6.593830471377,10.854095987909,0.));
#1176 = SURFACE_CURVE('',#1177,(#1182,#1189),.PCURVE_S1.);
#1177 = CIRCLE('',#1178,12.7);
#1178 = AXIS2_PLACEMENT_3D('',#1179,#1180,#1181);
#1179 = CARTESIAN_POINT('',(0.,0.,0.));
#1180 = DIRECTION('',(0.,0.,1.));
#1181 = DIRECTION('',(1.,0.,0.));
#1182 = PCURVE('',#31,#1183);
#1183 = DEFINITIONAL_REPRESENTATION('',(#1184),#1188);
#1184 = CIRCLE('',#1185,12.7);
#1185 = AXIS2_PLACEMENT_2D('',#1186,#1187);
#1186 = CARTESIAN_POINT('',(8.613796110485E-16,8.774400611482E-17));
#1187 = DIRECTION('',(1.,0.));
#1188 = ( GEOMETRIC_REPRESENTATION_CONTEXT(2) 
PARAMETRIC_REPRESENTATION_CONTEXT() REPRESENTATION_CONTEXT('2D SPACE',''
  ) );
#1189 = PCURVE('',#1190,#1195);
#1190 = CYLINDRICAL_SURFACE('',#1191,12.7);
#1191 = AXIS2_PLACEMENT_3D('',#1192,#1193,#1194);
#1192 = CARTESIAN_POINT('',(0.,0.,0.));
#1193 = DIRECTION('',(-0.,-0.,-1.));
#1194 = DIRECTION('',(1.,0.,0.));
#1195 = DEFINITIONAL_REPRESENTATION('',(#1196),#1200);
#1196 = LINE('',#1197,#1198);
#1197 = CARTESIAN_POINT('',(-0.,0.));
#1198 = VECTOR('',#1199,1.);
#1199 = DIRECTION('',(-1.,0.));
#1200 = ( GEOMETRIC_REPRESENTATION_CONTEXT(2) 
PARAMETRIC_REPRESENTATION_CONTEXT() REPRESENTATION_CONTEXT('2D SPACE',''
  ) );
#1201 = ORIENTED_EDGE('',*,*,#1202,.F.);
#1202 = EDGE_CURVE('',#1203,#1174,#1205,.T.);
#1203 = VERTEX_POINT('',#1204);
#1204 = CARTESIAN_POINT('',(24.241915341605,41.317396616108,0.));
#1205 = SURFACE_CURVE('',#1206,(#1257,#1311),.PCURVE_S1.);
#1206 = B_SPLINE_CURVE_WITH_KNOTS('',3,(#1207,#1208,#1209,#1210,#1211,
    #1212,#1213,#1214,#1215,#1216,#1217,#1218,#1219,#1220,#1221,#1222,
    #1223,#1224,#1225,#1226,#1227,#1228,#1229,#1230,#1231,#1232,#1233,
    #1234,#1235,#1236,#1237,#1238,#1239,#1240,#1241,#1242,#1243,#1244,
    #1245,#1246,#1247,#1248,#1249,#1250,#1251,#1252,#1253,#1254,#1255,
    #1256),.UNSPECIFIED.,.F.,.F.,(4,1,1,1,1,1,1,1,1,1,1,1,1,1,1,1,1,1,1,
    1,1,1,1,1,1,1,1,1,1,1,1,1,1,1,1,1,1,1,1,1,1,1,1,1,1,1,1,4),(0.,
    1.560399863547,3.026493159763,4.408519816062,5.616164948135,
    6.857176517943,8.034500324617,9.154049078322,10.140931914661,
    11.16430891518,12.14467057154,13.086344664582,13.924748692612,
    14.803128326675,15.653911875236,16.480955579096,17.226763352129,
    18.01856826362,18.796500931648,19.563479607115,20.264226339274,
    21.01815180319,21.769388657233,22.52071176954,23.216717634111,
    23.975961822176,24.743348723341,25.521634699363,26.252131546642,
    27.05917145937,27.885262969361,28.733262670931,29.538010575103,
    30.436403024908,31.365465694071,32.327889352555,33.24854348335,
    34.284117952136,35.363069228966,36.489379128657,37.574802555564,
    38.804527640271,40.095153684953,41.452119030183,42.768727723412,
    44.27040892768,45.857339500188,47.985194622019),.UNSPECIFIED.);
#1207 = CARTESIAN_POINT('',(24.241915341605,41.317396616108,0.));
#1208 = CARTESIAN_POINT('',(23.734549040934,41.400924387824,0.));
#1209 = CARTESIAN_POINT('',(22.733618973742,41.585672399972,0.));
#1210 = CARTESIAN_POINT('',(21.27458721161,41.742143521841,0.));
#1211 = CARTESIAN_POINT('',(19.92394336644,41.824286837819,0.));
#1212 = CARTESIAN_POINT('',(18.646709468091,41.834674695109,0.));
#1213 = CARTESIAN_POINT('',(17.438533661528,41.783366254989,0.));
#1214 = CARTESIAN_POINT('',(16.264112174546,41.670357899767,0.));
#1215 = CARTESIAN_POINT('',(15.181190860212,41.507361294318,0.));
#1216 = CARTESIAN_POINT('',(14.158519624877,41.299007261237,0.));
#1217 = CARTESIAN_POINT('',(13.192748075794,41.049980104629,0.));
#1218 = CARTESIAN_POINT('',(12.256091077786,40.754170738104,0.));
#1219 = CARTESIAN_POINT('',(11.394201697657,40.430621027231,0.));
#1220 = CARTESIAN_POINT('',(10.581642082529,40.076341838557,0.));
#1221 = CARTESIAN_POINT('',(9.814091110602,39.696457202005,0.));
#1222 = CARTESIAN_POINT('',(9.0755639162,39.271003220772,0.));
#1223 = CARTESIAN_POINT('',(8.382220799401,38.856113724717,0.));
#1224 = CARTESIAN_POINT('',(7.72660377362,38.417908611987,0.));
#1225 = CARTESIAN_POINT('',(7.107350970319,37.956583627534,0.));
#1226 = CARTESIAN_POINT('',(6.507874513511,37.458702107982,0.));
#1227 = CARTESIAN_POINT('',(5.957852204536,36.950433117799,0.));
#1228 = CARTESIAN_POINT('',(5.440011593171,36.420642908347,0.));
#1229 = CARTESIAN_POINT('',(4.953176959078,35.86912209037,0.));
#1230 = CARTESIAN_POINT('',(4.48568980462,35.279440020404,0.));
#1231 = CARTESIAN_POINT('',(4.06118547079,34.681625695782,0.));
#1232 = CARTESIAN_POINT('',(3.666182461433,34.060832489273,0.));
#1233 = CARTESIAN_POINT('',(3.300531974291,33.416068259806,0.));
#1234 = CARTESIAN_POINT('',(2.957153392555,32.72837113895,0.));
#1235 = CARTESIAN_POINT('',(2.65432727231,32.032310885301,0.));
#1236 = CARTESIAN_POINT('',(2.382486767599,31.309502909553,0.));
#1237 = CARTESIAN_POINT('',(2.142744873225,30.558600562344,0.));
#1238 = CARTESIAN_POINT('',(1.932878554153,29.758230441885,0.));
#1239 = CARTESIAN_POINT('',(1.765664135267,28.948668617959,0.));
#1240 = CARTESIAN_POINT('',(1.635500021131,28.107932488413,0.));
#1241 = CARTESIAN_POINT('',(1.546976527131,27.234726258028,0.));
#1242 = CARTESIAN_POINT('',(1.495405143445,26.305496254274,0.));
#1243 = CARTESIAN_POINT('',(1.518419112116,25.367659618555,0.));
#1244 = CARTESIAN_POINT('',(1.585022743395,24.396824490391,0.));
#1245 = CARTESIAN_POINT('',(1.707607067501,23.391998452614,0.));
#1246 = CARTESIAN_POINT('',(1.894865816593,22.327582418421,0.));
#1247 = CARTESIAN_POINT('',(2.142597882945,21.258478816811,0.));
#1248 = CARTESIAN_POINT('',(2.458851560935,20.155284338121,0.));
#1249 = CARTESIAN_POINT('',(2.849368663121,19.018065066824,0.));
#1250 = CARTESIAN_POINT('',(3.335759002956,17.819413345921,0.));
#1251 = CARTESIAN_POINT('',(3.89387909653,16.623353845495,0.));
#1252 = CARTESIAN_POINT('',(4.564037280591,15.392667533767,0.));
#1253 = CARTESIAN_POINT('',(5.262674350739,14.146255399249,0.));
#1254 = CARTESIAN_POINT('',(6.511421326188,12.655028766119,0.));
#1255 = CARTESIAN_POINT('',(6.398844232666,11.841626838209,0.));
#1256 = CARTESIAN_POINT('',(6.61059116748,10.767330890697,0.));
#1257 = PCURVE('',#31,#1258);
#1258 = DEFINITIONAL_REPRESENTATION('',(#1259),#1310);
#1259 = B_SPLINE_CURVE_WITH_KNOTS('',3,(#1260,#1261,#1262,#1263,#1264,
    #1265,#1266,#1267,#1268,#1269,#1270,#1271,#1272,#1273,#1274,#1275,
    #1276,#1277,#1278,#1279,#1280,#1281,#1282,#1283,#1284,#1285,#1286,
    #1287,#1288,#1289,#1290,#1291,#1292,#1293,#1294,#1295,#1296,#1297,
    #1298,#1299,#1300,#1301,#1302,#1303,#1304,#1305,#1306,#1307,#1308,
    #1309),.UNSPECIFIED.,.F.,.F.,(4,1,1,1,1,1,1,1,1,1,1,1,1,1,1,1,1,1,1,
    1,1,1,1,1,1,1,1,1,1,1,1,1,1,1,1,1,1,1,1,1,1,1,1,1,1,1,1,4),(0.,
    1.560399863547,3.026493159763,4.408519816062,5.616164948135,
    6.857176517943,8.034500324617,9.154049078322,10.140931914661,
    11.16430891518,12.14467057154,13.086344664582,13.924748692612,
    14.803128326675,15.653911875236,16.480955579096,17.226763352129,
    18.01856826362,18.796500931648,19.563479607115,20.264226339274,
    21.01815180319,21.769388657233,22.52071176954,23.216717634111,
    23.975961822176,24.743348723341,25.521634699363,26.252131546642,
    27.05917145937,27.885262969361,28.733262670931,29.538010575103,
    30.436403024908,31.365465694071,32.327889352555,33.24854348335,
    34.284117952136,35.363069228966,36.489379128657,37.574802555564,
    38.804527640271,40.095153684953,41.452119030183,42.768727723412,
    44.27040892768,45.857339500188,47.985194622019),.UNSPECIFIED.);
#1260 = CARTESIAN_POINT('',(24.241915341605,41.317396616108));
#1261 = CARTESIAN_POINT('',(23.734549040934,41.400924387824));
#1262 = CARTESIAN_POINT('',(22.733618973742,41.585672399972));
#1263 = CARTESIAN_POINT('',(21.27458721161,41.742143521841));
#1264 = CARTESIAN_POINT('',(19.92394336644,41.824286837819));
#1265 = CARTESIAN_POINT('',(18.646709468091,41.834674695109));
#1266 = CARTESIAN_POINT('',(17.438533661528,41.783366254989));
#1267 = CARTESIAN_POINT('',(16.264112174546,41.670357899767));
#1268 = CARTESIAN_POINT('',(15.181190860212,41.507361294318));
#1269 = CARTESIAN_POINT('',(14.158519624877,41.299007261237));
#1270 = CARTESIAN_POINT('',(13.192748075794,41.049980104629));
#1271 = CARTESIAN_POINT('',(12.256091077786,40.754170738104));
#1272 = CARTESIAN_POINT('',(11.394201697657,40.430621027231));
#1273 = CARTESIAN_POINT('',(10.581642082529,40.076341838557));
#1274 = CARTESIAN_POINT('',(9.814091110602,39.696457202005));
#1275 = CARTESIAN_POINT('',(9.0755639162,39.271003220772));
#1276 = CARTESIAN_POINT('',(8.382220799401,38.856113724717));
#1277 = CARTESIAN_POINT('',(7.72660377362,38.417908611987));
#1278 = CARTESIAN_POINT('',(7.107350970319,37.956583627534));
#1279 = CARTESIAN_POINT('',(6.507874513511,37.458702107982));
#1280 = CARTESIAN_POINT('',(5.957852204536,36.950433117799));
#1281 = CARTESIAN_POINT('',(5.440011593171,36.420642908347));
#1282 = CARTESIAN_POINT('',(4.953176959078,35.86912209037));
#1283 = CARTESIAN_POINT('',(4.48568980462,35.279440020404));
#1284 = CARTESIAN_POINT('',(4.06118547079,34.681625695782));
#1285 = CARTESIAN_POINT('',(3.666182461433,34.060832489273));
#1286 = CARTESIAN_POINT('',(3.300531974291,33.416068259806));
#1287 = CARTESIAN_POINT('',(2.957153392555,32.72837113895));
#1288 = CARTESIAN_POINT('',(2.65432727231,32.032310885301));
#1289 = CARTESIAN_POINT('',(2.382486767599,31.309502909553));
#1290 = CARTESIAN_POINT('',(2.142744873225,30.558600562344));
#1291 = CARTESIAN_POINT('',(1.932878554153,29.758230441885));
#1292 = CARTESIAN_POINT('',(1.765664135267,28.948668617959));
#1293 = CARTESIAN_POINT('',(1.635500021131,28.107932488413));
#1294 = CARTESIAN_POINT('',(1.546976527131,27.234726258028));
#1295 = CARTESIAN_POINT('',(1.495405143445,26.305496254274));
#1296 = CARTESIAN_POINT('',(1.518419112116,25.367659618555));
#1297 = CARTESIAN_POINT('',(1.585022743395,24.396824490391));
#1298 = CARTESIAN_POINT('',(1.707607067501,23.391998452614));
#1299 = CARTESIAN_POINT('',(1.894865816593,22.327582418421));
#1300 = CARTESIAN_POINT('',(2.142597882945,21.258478816811));
#1301 = CARTESIAN_POINT('',(2.458851560935,20.155284338121));
#1302 = CARTESIAN_POINT('',(2.849368663121,19.018065066824));
#1303 = CARTESIAN_POINT('',(3.335759002956,17.819413345921));
#1304 = CARTESIAN_POINT('',(3.89387909653,16.623353845495));
#1305 = CARTESIAN_POINT('',(4.564037280591,15.392667533767));
#1306 = CARTESIAN_POINT('',(5.262674350739,14.146255399249));
#1307 = CARTESIAN_POINT('',(6.511421326188,12.655028766119));
#1308 = CARTESIAN_POINT('',(6.398844232666,11.841626838209));
#1309 = CARTESIAN_POINT('',(6.61059116748,10.767330890697));
#1310 = ( GEOMETRIC_REPRESENTATION_CONTEXT(2) 
PARAMETRIC_REPRESENTATION_CONTEXT() REPRESENTATION_CONTEXT('2D SPACE',''
  ) );
#1311 = PCURVE('',#1312,#1366);
#1312 = SURFACE_OF_LINEAR_EXTRUSION('',#1313,#1364);
#1313 = B_SPLINE_CURVE_WITH_KNOTS('',3,(#1314,#1315,#1316,#1317,#1318,
    #1319,#1320,#1321,#1322,#1323,#1324,#1325,#1326,#1327,#1328,#1329,
    #1330,#1331,#1332,#1333,#1334,#1335,#1336,#1337,#1338,#1339,#1340,
    #1341,#1342,#1343,#1344,#1345,#1346,#1347,#1348,#1349,#1350,#1351,
    #1352,#1353,#1354,#1355,#1356,#1357,#1358,#1359,#1360,#1361,#1362,
    #1363),.UNSPECIFIED.,.F.,.F.,(4,1,1,1,1,1,1,1,1,1,1,1,1,1,1,1,1,1,1,
    1,1,1,1,1,1,1,1,1,1,1,1,1,1,1,1,1,1,1,1,1,1,1,1,1,1,1,1,4),(0.,
    1.560399863547,3.026493159763,4.408519816062,5.616164948135,
    6.857176517943,8.034500324617,9.154049078322,10.140931914661,
    11.16430891518,12.14467057154,13.086344664582,13.924748692612,
    14.803128326675,15.653911875236,16.480955579096,17.226763352129,
    18.01856826362,18.796500931648,19.563479607115,20.264226339274,
    21.01815180319,21.769388657233,22.52071176954,23.216717634111,
    23.975961822176,24.743348723341,25.521634699363,26.252131546642,
    27.05917145937,27.885262969361,28.733262670931,29.538010575103,
    30.436403024908,31.365465694071,32.327889352555,33.24854348335,
    34.284117952136,35.363069228966,36.489379128657,37.574802555564,
    38.804527640271,40.095153684953,41.452119030183,42.768727723412,
    44.27040892768,45.857339500188,47.985194622019),.UNSPECIFIED.);
#1314 = CARTESIAN_POINT('',(24.241915341605,41.317396616108,0.));
#1315 = CARTESIAN_POINT('',(23.734549040934,41.400924387824,0.));
#1316 = CARTESIAN_POINT('',(22.733618973742,41.585672399972,0.));
#1317 = CARTESIAN_POINT('',(21.27458721161,41.742143521841,0.));
#1318 = CARTESIAN_POINT('',(19.92394336644,41.824286837819,0.));
#1319 = CARTESIAN_POINT('',(18.646709468091,41.834674695109,0.));
#1320 = CARTESIAN_POINT('',(17.438533661528,41.783366254989,0.));
#1321 = CARTESIAN_POINT('',(16.264112174546,41.670357899767,0.));
#1322 = CARTESIAN_POINT('',(15.181190860212,41.507361294318,0.));
#1323 = CARTESIAN_POINT('',(14.158519624877,41.299007261237,0.));
#1324 = CARTESIAN_POINT('',(13.192748075794,41.049980104629,0.));
#1325 = CARTESIAN_POINT('',(12.256091077786,40.754170738104,0.));
#1326 = CARTESIAN_POINT('',(11.394201697657,40.430621027231,0.));
#1327 = CARTESIAN_POINT('',(10.581642082529,40.076341838557,0.));
#1328 = CARTESIAN_POINT('',(9.814091110602,39.696457202005,0.));
#1329 = CARTESIAN_POINT('',(9.0755639162,39.271003220772,0.));
#1330 = CARTESIAN_POINT('',(8.382220799401,38.856113724717,0.));
#1331 = CARTESIAN_POINT('',(7.72660377362,38.417908611987,0.));
#1332 = CARTESIAN_POINT('',(7.107350970319,37.956583627534,0.));
#1333 = CARTESIAN_POINT('',(6.507874513511,37.458702107982,0.));
#1334 = CARTESIAN_POINT('',(5.957852204536,36.950433117799,0.));
#1335 = CARTESIAN_POINT('',(5.440011593171,36.420642908347,0.));
#1336 = CARTESIAN_POINT('',(4.953176959078,35.86912209037,0.));
#1337 = CARTESIAN_POINT('',(4.48568980462,35.279440020404,0.));
#1338 = CARTESIAN_POINT('',(4.06118547079,34.681625695782,0.));
#1339 = CARTESIAN_POINT('',(3.666182461433,34.060832489273,0.));
#1340 = CARTESIAN_POINT('',(3.300531974291,33.416068259806,0.));
#1341 = CARTESIAN_POINT('',(2.957153392555,32.72837113895,0.));
#1342 = CARTESIAN_POINT('',(2.65432727231,32.032310885301,0.));
#1343 = CARTESIAN_POINT('',(2.382486767599,31.309502909553,0.));
#1344 = CARTESIAN_POINT('',(2.142744873225,30.558600562344,0.));
#1345 = CARTESIAN_POINT('',(1.932878554153,29.758230441885,0.));
#1346 = CARTESIAN_POINT('',(1.765664135267,28.948668617959,0.));
#1347 = CARTESIAN_POINT('',(1.635500021131,28.107932488413,0.));
#1348 = CARTESIAN_POINT('',(1.546976527131,27.234726258028,0.));
#1349 = CARTESIAN_POINT('',(1.495405143445,26.305496254274,0.));
#1350 = CARTESIAN_POINT('',(1.518419112116,25.367659618555,0.));
#1351 = CARTESIAN_POINT('',(1.585022743395,24.396824490391,0.));
#1352 = CARTESIAN_POINT('',(1.707607067501,23.391998452614,0.));
#1353 = CARTESIAN_POINT('',(1.894865816593,22.327582418421,0.));
#1354 = CARTESIAN_POINT('',(2.142597882945,21.258478816811,0.));
#1355 = CARTESIAN_POINT('',(2.458851560935,20.155284338121,0.));
#1356 = CARTESIAN_POINT('',(2.849368663121,19.018065066824,0.));
#1357 = CARTESIAN_POINT('',(3.335759002956,17.819413345921,0.));
#1358 = CARTESIAN_POINT('',(3.89387909653,16.623353845495,0.));
#1359 = CARTESIAN_POINT('',(4.564037280591,15.392667533767,0.));
#1360 = CARTESIAN_POINT('',(5.262674350739,14.146255399249,0.));
#1361 = CARTESIAN_POINT('',(6.511421326188,12.655028766119,0.));
#1362 = CARTESIAN_POINT('',(6.398844232666,11.841626838209,0.));
#1363 = CARTESIAN_POINT('',(6.61059116748,10.767330890697,0.));
#1364 = VECTOR('',#1365,1.);
#1365 = DIRECTION('',(0.,-0.,-1.));
#1366 = DEFINITIONAL_REPRESENTATION('',(#1367),#1371);
#1367 = LINE('',#1368,#1369);
#1368 = CARTESIAN_POINT('',(0.,0.));
#1369 = VECTOR('',#1370,1.);
#1370 = DIRECTION('',(1.,0.));
#1371 = ( GEOMETRIC_REPRESENTATION_CONTEXT(2) 
PARAMETRIC_REPRESENTATION_CONTEXT() REPRESENTATION_CONTEXT('2D SPACE',''
  ) );
#1372 = ORIENTED_EDGE('',*,*,#1373,.F.);
#1373 = EDGE_CURVE('',#956,#1203,#1374,.T.);
#1374 = SURFACE_CURVE('',#1375,(#1379,#1386),.PCURVE_S1.);
#1375 = LINE('',#1376,#1377);
#1376 = CARTESIAN_POINT('',(24.658084658395,43.37988787401,0.));
#1377 = VECTOR('',#1378,1.);
#1378 = DIRECTION('',(-0.197793495591,-0.980243711075,0.));
#1379 = PCURVE('',#31,#1380);
#1380 = DEFINITIONAL_REPRESENTATION('',(#1381),#1385);
#1381 = LINE('',#1382,#1383);
#1382 = CARTESIAN_POINT('',(24.658084658395,43.37988787401));
#1383 = VECTOR('',#1384,1.);
#1384 = DIRECTION('',(-0.197793495591,-0.980243711075));
#1385 = ( GEOMETRIC_REPRESENTATION_CONTEXT(2) 
PARAMETRIC_REPRESENTATION_CONTEXT() REPRESENTATION_CONTEXT('2D SPACE',''
  ) );
#1386 = PCURVE('',#1387,#1392);
#1387 = PLANE('',#1388);
#1388 = AXIS2_PLACEMENT_3D('',#1389,#1390,#1391);
#1389 = CARTESIAN_POINT('',(24.658084658395,43.37988787401,0.));
#1390 = DIRECTION('',(0.980243711075,-0.197793495591,0.));
#1391 = DIRECTION('',(-0.197793495591,-0.980243711075,0.));
#1392 = DEFINITIONAL_REPRESENTATION('',(#1393),#1397);
#1393 = LINE('',#1394,#1395);
#1394 = CARTESIAN_POINT('',(0.,0.));
#1395 = VECTOR('',#1396,1.);
#1396 = DIRECTION('',(1.,-0.));
#1397 = ( GEOMETRIC_REPRESENTATION_CONTEXT(2) 
PARAMETRIC_REPRESENTATION_CONTEXT() REPRESENTATION_CONTEXT('2D SPACE',''
  ) );
#1398 = FACE_BOUND('',#1399,.F.);
#1399 = EDGE_LOOP('',(#1400,#1431,#1620,#1649,#1820));
#1400 = ORIENTED_EDGE('',*,*,#1401,.F.);
#1401 = EDGE_CURVE('',#1402,#1404,#1406,.T.);
#1402 = VERTEX_POINT('',#1403);
#1403 = CARTESIAN_POINT('',(21.565325427751,43.887888297288,0.));
#1404 = VERTEX_POINT('',#1405);
#1405 = CARTESIAN_POINT('',(-6.724271190269E-13,48.9,0.));
#1406 = SURFACE_CURVE('',#1407,(#1412,#1419),.PCURVE_S1.);
#1407 = CIRCLE('',#1408,48.9);
#1408 = AXIS2_PLACEMENT_3D('',#1409,#1410,#1411);
#1409 = CARTESIAN_POINT('',(2.376054908382E-13,1.705302565824E-15,0.));
#1410 = DIRECTION('',(0.,0.,1.));
#1411 = DIRECTION('',(1.,0.,0.));
#1412 = PCURVE('',#31,#1413);
#1413 = DEFINITIONAL_REPRESENTATION('',(#1414),#1418);
#1414 = CIRCLE('',#1415,48.9);
#1415 = AXIS2_PLACEMENT_2D('',#1416,#1417);
#1416 = CARTESIAN_POINT('',(2.384668704492E-13,1.793046571939E-15));
#1417 = DIRECTION('',(1.,0.));
#1418 = ( GEOMETRIC_REPRESENTATION_CONTEXT(2) 
PARAMETRIC_REPRESENTATION_CONTEXT() REPRESENTATION_CONTEXT('2D SPACE',''
  ) );
#1419 = PCURVE('',#1420,#1425);
#1420 = CYLINDRICAL_SURFACE('',#1421,48.9);
#1421 = AXIS2_PLACEMENT_3D('',#1422,#1423,#1424);
#1422 = CARTESIAN_POINT('',(2.376054908382E-13,1.705302565824E-15,0.));
#1423 = DIRECTION('',(-0.,-0.,-1.));
#1424 = DIRECTION('',(1.,0.,0.));
#1425 = DEFINITIONAL_REPRESENTATION('',(#1426),#1430);
#1426 = LINE('',#1427,#1428);
#1427 = CARTESIAN_POINT('',(-0.,0.));
#1428 = VECTOR('',#1429,1.);
#1429 = DIRECTION('',(-1.,0.));
#1430 = ( GEOMETRIC_REPRESENTATION_CONTEXT(2) 
PARAMETRIC_REPRESENTATION_CONTEXT() REPRESENTATION_CONTEXT('2D SPACE',''
  ) );
#1431 = ORIENTED_EDGE('',*,*,#1432,.F.);
#1432 = EDGE_CURVE('',#1433,#1402,#1435,.T.);
#1433 = VERTEX_POINT('',#1434);
#1434 = CARTESIAN_POINT('',(4.473211242349,11.886142401188,0.));
#1435 = SURFACE_CURVE('',#1436,(#1493,#1553),.PCURVE_S1.);
#1436 = B_SPLINE_CURVE_WITH_KNOTS('',3,(#1437,#1438,#1439,#1440,#1441,
    #1442,#1443,#1444,#1445,#1446,#1447,#1448,#1449,#1450,#1451,#1452,
    #1453,#1454,#1455,#1456,#1457,#1458,#1459,#1460,#1461,#1462,#1463,
    #1464,#1465,#1466,#1467,#1468,#1469,#1470,#1471,#1472,#1473,#1474,
    #1475,#1476,#1477,#1478,#1479,#1480,#1481,#1482,#1483,#1484,#1485,
    #1486,#1487,#1488,#1489,#1490,#1491,#1492),.UNSPECIFIED.,.F.,.F.,(4,
    1,1,1,1,1,1,1,1,1,1,1,1,1,1,1,1,1,1,1,1,1,1,1,1,1,1,1,1,1,1,1,1,1,1,
    1,1,1,1,1,1,1,1,1,1,1,1,3,3,4),(0.,2.252840378147,3.947251251067,
    5.556769293497,6.973069313182,8.438034201878,9.836527608945,
    11.173881028628,12.358378394578,13.591674823614,14.777241775145,
    15.919070127373,16.937511191725,18.005608061592,19.040905950925,
    20.046909447572,20.952226144232,21.910527049393,22.848343890734,
    23.768545277515,24.604779330967,25.498993387072,26.383732766176,
    27.261734369083,28.068590979197,28.941306811933,29.815275751476,
    30.69326112534,31.509705745874,32.403313623746,33.30925058782,
    34.230483702873,35.097084585268,36.056205964867,37.039089037922,
    38.048588577934,39.007142758039,40.077976938895,41.186386250524,
    42.336589601129,43.439334281668,44.68291297016,45.982505886097,
    47.343769408886,48.660381123787,50.157957971193,51.73669345799,
    51.75772326206,53.205564838504,53.402350377676),.UNSPECIFIED.);
#1437 = CARTESIAN_POINT('',(5.093527873897,9.496271560636,0.));
#1438 = CARTESIAN_POINT('',(4.915099437466,10.249938109465,0.));
#1439 = CARTESIAN_POINT('',(4.859713821642,11.606661307236,0.));
#1440 = CARTESIAN_POINT('',(3.583084577393,13.040827263631,0.));
#1441 = CARTESIAN_POINT('',(2.822721002698,14.410916045035,0.));
#1442 = CARTESIAN_POINT('',(2.104712831649,15.726575795583,0.));
#1443 = CARTESIAN_POINT('',(1.501518169312,17.01998877588,0.));
#1444 = CARTESIAN_POINT('',(0.974789866086,18.318130089352,0.));
#1445 = CARTESIAN_POINT('',(0.550224822861,19.554715001514,0.));
#1446 = CARTESIAN_POINT('',(0.205184901683,20.758448445245,0.));
#1447 = CARTESIAN_POINT('',(-6.596558094506E-02,21.929155862665,0.));
#1448 = CARTESIAN_POINT('',(-0.271898846638,23.09863917069,0.));
#1449 = CARTESIAN_POINT('',(-0.406130536759,24.206293989563,0.));
#1450 = CARTESIAN_POINT('',(-0.482623522151,25.280232044048,0.));
#1451 = CARTESIAN_POINT('',(-0.497330327001,26.321051404874,0.));
#1452 = CARTESIAN_POINT('',(-0.482559264875,27.357721676959,0.));
#1453 = CARTESIAN_POINT('',(-0.410448528848,28.337858716863,0.));
#1454 = CARTESIAN_POINT('',(-0.293587822094,29.287556558766,0.));
#1455 = CARTESIAN_POINT('',(-0.132382656111,30.207810109716,0.));
#1456 = CARTESIAN_POINT('',(7.799384011558E-02,31.123141507167,0.));
#1457 = CARTESIAN_POINT('',(0.325066028925,31.987012229058,0.));
#1458 = CARTESIAN_POINT('',(0.610828167691,32.823430423024,0.));
#1459 = CARTESIAN_POINT('',(0.934200818076,33.633404815231,0.));
#1460 = CARTESIAN_POINT('',(1.305647754307,34.437846576298,0.));
#1461 = CARTESIAN_POINT('',(1.70542258685,35.195819006351,0.));
#1462 = CARTESIAN_POINT('',(2.141065645731,35.9290116092,0.));
#1463 = CARTESIAN_POINT('',(2.612665169012,36.638087506855,0.));
#1464 = CARTESIAN_POINT('',(3.135213075507,37.340285497196,0.));
#1465 = CARTESIAN_POINT('',(3.682150484235,37.999465413379,0.));
#1466 = CARTESIAN_POINT('',(4.266234226687,38.634786840695,0.));
#1467 = CARTESIAN_POINT('',(4.888556953578,39.246191975595,0.));
#1468 = CARTESIAN_POINT('',(5.568477155319,39.847000443778,0.));
#1469 = CARTESIAN_POINT('',(6.272213958533,40.405420125329,0.));
#1470 = CARTESIAN_POINT('',(7.017561084534,40.937713101617,0.));
#1471 = CARTESIAN_POINT('',(7.807314659862,41.442133815883,0.));
#1472 = CARTESIAN_POINT('',(8.67888483511,41.900216445601,0.));
#1473 = CARTESIAN_POINT('',(9.569388783222,42.31871171121,0.));
#1474 = CARTESIAN_POINT('',(10.508286834427,42.700175063427,0.));
#1475 = CARTESIAN_POINT('',(11.49644819565,43.044400428782,0.));
#1476 = CARTESIAN_POINT('',(12.563097908021,43.352981514901,0.));
#1477 = CARTESIAN_POINT('',(13.654861847385,43.606601942211,0.));
#1478 = CARTESIAN_POINT('',(14.80329356827,43.811544165199,0.));
#1479 = CARTESIAN_POINT('',(16.00697957194,43.963923608963,0.));
#1480 = CARTESIAN_POINT('',(17.316613433453,44.05523229833,0.));
#1481 = CARTESIAN_POINT('',(18.600468374795,44.087532107971,0.));
#1482 = CARTESIAN_POINT('',(20.153660101565,44.011951232039,0.));
#1483 = CARTESIAN_POINT('',(20.921328774666,44.018954755314,0.));
#1484 = CARTESIAN_POINT('',(23.799843562504,43.532532172437,0.));
#1485 = CARTESIAN_POINT('',(23.000945399318,43.694198361824,0.));
#1486 = CARTESIAN_POINT('',(22.990071554448,43.696390596586,0.));
#1487 = CARTESIAN_POINT('',(22.990071555748,43.696390596344,0.));
#1488 = CARTESIAN_POINT('',(22.990071557047,43.696390596101,0.));
#1489 = CARTESIAN_POINT('',(22.990071558347,43.696390595859,0.));
#1490 = CARTESIAN_POINT('',(23.433155331767,43.612171815099,0.));
#1491 = CARTESIAN_POINT('',(23.982854169153,43.507847749432,0.));
#1492 = CARTESIAN_POINT('',(24.658084658395,43.37988787401,0.));
#1493 = PCURVE('',#31,#1494);
#1494 = DEFINITIONAL_REPRESENTATION('',(#1495),#1552);
#1495 = B_SPLINE_CURVE_WITH_KNOTS('',3,(#1496,#1497,#1498,#1499,#1500,
    #1501,#1502,#1503,#1504,#1505,#1506,#1507,#1508,#1509,#1510,#1511,
    #1512,#1513,#1514,#1515,#1516,#1517,#1518,#1519,#1520,#1521,#1522,
    #1523,#1524,#1525,#1526,#1527,#1528,#1529,#1530,#1531,#1532,#1533,
    #1534,#1535,#1536,#1537,#1538,#1539,#1540,#1541,#1542,#1543,#1544,
    #1545,#1546,#1547,#1548,#1549,#1550,#1551),.UNSPECIFIED.,.F.,.F.,(4,
    1,1,1,1,1,1,1,1,1,1,1,1,1,1,1,1,1,1,1,1,1,1,1,1,1,1,1,1,1,1,1,1,1,1,
    1,1,1,1,1,1,1,1,1,1,1,1,3,3,4),(0.,2.252840378147,3.947251251067,
    5.556769293497,6.973069313182,8.438034201878,9.836527608945,
    11.173881028628,12.358378394578,13.591674823614,14.777241775145,
    15.919070127373,16.937511191725,18.005608061592,19.040905950925,
    20.046909447572,20.952226144232,21.910527049393,22.848343890734,
    23.768545277515,24.604779330967,25.498993387072,26.383732766176,
    27.261734369083,28.068590979197,28.941306811933,29.815275751476,
    30.69326112534,31.509705745874,32.403313623746,33.30925058782,
    34.230483702873,35.097084585268,36.056205964867,37.039089037922,
    38.048588577934,39.007142758039,40.077976938895,41.186386250524,
    42.336589601129,43.439334281668,44.68291297016,45.982505886097,
    47.343769408886,48.660381123787,50.157957971193,51.73669345799,
    51.75772326206,53.205564838504,53.402350377676),.UNSPECIFIED.);
#1496 = CARTESIAN_POINT('',(5.093527873897,9.496271560636));
#1497 = CARTESIAN_POINT('',(4.915099437466,10.249938109465));
#1498 = CARTESIAN_POINT('',(4.859713821642,11.606661307236));
#1499 = CARTESIAN_POINT('',(3.583084577393,13.040827263631));
#1500 = CARTESIAN_POINT('',(2.822721002698,14.410916045035));
#1501 = CARTESIAN_POINT('',(2.104712831649,15.726575795583));
#1502 = CARTESIAN_POINT('',(1.501518169312,17.01998877588));
#1503 = CARTESIAN_POINT('',(0.974789866086,18.318130089352));
#1504 = CARTESIAN_POINT('',(0.550224822861,19.554715001514));
#1505 = CARTESIAN_POINT('',(0.205184901683,20.758448445245));
#1506 = CARTESIAN_POINT('',(-6.596558094506E-02,21.929155862665));
#1507 = CARTESIAN_POINT('',(-0.271898846638,23.09863917069));
#1508 = CARTESIAN_POINT('',(-0.406130536759,24.206293989563));
#1509 = CARTESIAN_POINT('',(-0.482623522151,25.280232044048));
#1510 = CARTESIAN_POINT('',(-0.497330327001,26.321051404874));
#1511 = CARTESIAN_POINT('',(-0.482559264875,27.357721676959));
#1512 = CARTESIAN_POINT('',(-0.410448528848,28.337858716863));
#1513 = CARTESIAN_POINT('',(-0.293587822094,29.287556558766));
#1514 = CARTESIAN_POINT('',(-0.132382656111,30.207810109716));
#1515 = CARTESIAN_POINT('',(7.799384011558E-02,31.123141507167));
#1516 = CARTESIAN_POINT('',(0.325066028925,31.987012229058));
#1517 = CARTESIAN_POINT('',(0.610828167691,32.823430423024));
#1518 = CARTESIAN_POINT('',(0.934200818076,33.633404815231));
#1519 = CARTESIAN_POINT('',(1.305647754307,34.437846576298));
#1520 = CARTESIAN_POINT('',(1.70542258685,35.195819006351));
#1521 = CARTESIAN_POINT('',(2.141065645731,35.9290116092));
#1522 = CARTESIAN_POINT('',(2.612665169012,36.638087506855));
#1523 = CARTESIAN_POINT('',(3.135213075507,37.340285497196));
#1524 = CARTESIAN_POINT('',(3.682150484235,37.999465413379));
#1525 = CARTESIAN_POINT('',(4.266234226687,38.634786840695));
#1526 = CARTESIAN_POINT('',(4.888556953578,39.246191975595));
#1527 = CARTESIAN_POINT('',(5.568477155319,39.847000443778));
#1528 = CARTESIAN_POINT('',(6.272213958533,40.405420125329));
#1529 = CARTESIAN_POINT('',(7.017561084534,40.937713101617));
#1530 = CARTESIAN_POINT('',(7.807314659862,41.442133815883));
#1531 = CARTESIAN_POINT('',(8.67888483511,41.900216445601));
#1532 = CARTESIAN_POINT('',(9.569388783222,42.31871171121));
#1533 = CARTESIAN_POINT('',(10.508286834427,42.700175063427));
#1534 = CARTESIAN_POINT('',(11.49644819565,43.044400428782));
#1535 = CARTESIAN_POINT('',(12.563097908021,43.352981514901));
#1536 = CARTESIAN_POINT('',(13.654861847385,43.606601942211));
#1537 = CARTESIAN_POINT('',(14.80329356827,43.811544165199));
#1538 = CARTESIAN_POINT('',(16.00697957194,43.963923608963));
#1539 = CARTESIAN_POINT('',(17.316613433453,44.05523229833));
#1540 = CARTESIAN_POINT('',(18.600468374795,44.087532107971));
#1541 = CARTESIAN_POINT('',(20.153660101565,44.011951232039));
#1542 = CARTESIAN_POINT('',(20.921328774666,44.018954755314));
#1543 = CARTESIAN_POINT('',(23.799843562504,43.532532172437));
#1544 = CARTESIAN_POINT('',(23.000945399318,43.694198361824));
#1545 = CARTESIAN_POINT('',(22.990071554448,43.696390596586));
#1546 = CARTESIAN_POINT('',(22.990071555748,43.696390596344));
#1547 = CARTESIAN_POINT('',(22.990071557047,43.696390596101));
#1548 = CARTESIAN_POINT('',(22.990071558347,43.696390595859));
#1549 = CARTESIAN_POINT('',(23.433155331767,43.612171815099));
#1550 = CARTESIAN_POINT('',(23.982854169153,43.507847749432));
#1551 = CARTESIAN_POINT('',(24.658084658395,43.37988787401));
#1552 = ( GEOMETRIC_REPRESENTATION_CONTEXT(2) 
PARAMETRIC_REPRESENTATION_CONTEXT() REPRESENTATION_CONTEXT('2D SPACE',''
  ) );
#1553 = PCURVE('',#1554,#1614);
#1554 = SURFACE_OF_LINEAR_EXTRUSION('',#1555,#1612);
#1555 = B_SPLINE_CURVE_WITH_KNOTS('',3,(#1556,#1557,#1558,#1559,#1560,
    #1561,#1562,#1563,#1564,#1565,#1566,#1567,#1568,#1569,#1570,#1571,
    #1572,#1573,#1574,#1575,#1576,#1577,#1578,#1579,#1580,#1581,#1582,
    #1583,#1584,#1585,#1586,#1587,#1588,#1589,#1590,#1591,#1592,#1593,
    #1594,#1595,#1596,#1597,#1598,#1599,#1600,#1601,#1602,#1603,#1604,
    #1605,#1606,#1607,#1608,#1609,#1610,#1611),.UNSPECIFIED.,.F.,.F.,(4,
    1,1,1,1,1,1,1,1,1,1,1,1,1,1,1,1,1,1,1,1,1,1,1,1,1,1,1,1,1,1,1,1,1,1,
    1,1,1,1,1,1,1,1,1,1,1,1,3,3,4),(0.,2.252840378147,3.947251251067,
    5.556769293497,6.973069313182,8.438034201878,9.836527608945,
    11.173881028628,12.358378394578,13.591674823614,14.777241775145,
    15.919070127373,16.937511191725,18.005608061592,19.040905950925,
    20.046909447572,20.952226144232,21.910527049393,22.848343890734,
    23.768545277515,24.604779330967,25.498993387072,26.383732766176,
    27.261734369083,28.068590979197,28.941306811933,29.815275751476,
    30.69326112534,31.509705745874,32.403313623746,33.30925058782,
    34.230483702873,35.097084585268,36.056205964867,37.039089037922,
    38.048588577934,39.007142758039,40.077976938895,41.186386250524,
    42.336589601129,43.439334281668,44.68291297016,45.982505886097,
    47.343769408886,48.660381123787,50.157957971193,51.73669345799,
    51.75772326206,53.205564838504,53.402350377676),.UNSPECIFIED.);
#1556 = CARTESIAN_POINT('',(5.093527873897,9.496271560636,0.));
#1557 = CARTESIAN_POINT('',(4.915099437466,10.249938109465,0.));
#1558 = CARTESIAN_POINT('',(4.859713821642,11.606661307236,0.));
#1559 = CARTESIAN_POINT('',(3.583084577393,13.040827263631,0.));
#1560 = CARTESIAN_POINT('',(2.822721002698,14.410916045035,0.));
#1561 = CARTESIAN_POINT('',(2.104712831649,15.726575795583,0.));
#1562 = CARTESIAN_POINT('',(1.501518169312,17.01998877588,0.));
#1563 = CARTESIAN_POINT('',(0.974789866086,18.318130089352,0.));
#1564 = CARTESIAN_POINT('',(0.550224822861,19.554715001514,0.));
#1565 = CARTESIAN_POINT('',(0.205184901683,20.758448445245,0.));
#1566 = CARTESIAN_POINT('',(-6.596558094506E-02,21.929155862665,0.));
#1567 = CARTESIAN_POINT('',(-0.271898846638,23.09863917069,0.));
#1568 = CARTESIAN_POINT('',(-0.406130536759,24.206293989563,0.));
#1569 = CARTESIAN_POINT('',(-0.482623522151,25.280232044048,0.));
#1570 = CARTESIAN_POINT('',(-0.497330327001,26.321051404874,0.));
#1571 = CARTESIAN_POINT('',(-0.482559264875,27.357721676959,0.));
#1572 = CARTESIAN_POINT('',(-0.410448528848,28.337858716863,0.));
#1573 = CARTESIAN_POINT('',(-0.293587822094,29.287556558766,0.));
#1574 = CARTESIAN_POINT('',(-0.132382656111,30.207810109716,0.));
#1575 = CARTESIAN_POINT('',(7.799384011558E-02,31.123141507167,0.));
#1576 = CARTESIAN_POINT('',(0.325066028925,31.987012229058,0.));
#1577 = CARTESIAN_POINT('',(0.610828167691,32.823430423024,0.));
#1578 = CARTESIAN_POINT('',(0.934200818076,33.633404815231,0.));
#1579 = CARTESIAN_POINT('',(1.305647754307,34.437846576298,0.));
#1580 = CARTESIAN_POINT('',(1.70542258685,35.195819006351,0.));
#1581 = CARTESIAN_POINT('',(2.141065645731,35.9290116092,0.));
#1582 = CARTESIAN_POINT('',(2.612665169012,36.638087506855,0.));
#1583 = CARTESIAN_POINT('',(3.135213075507,37.340285497196,0.));
#1584 = CARTESIAN_POINT('',(3.682150484235,37.999465413379,0.));
#1585 = CARTESIAN_POINT('',(4.266234226687,38.634786840695,0.));
#1586 = CARTESIAN_POINT('',(4.888556953578,39.246191975595,0.));
#1587 = CARTESIAN_POINT('',(5.568477155319,39.847000443778,0.));
#1588 = CARTESIAN_POINT('',(6.272213958533,40.405420125329,0.));
#1589 = CARTESIAN_POINT('',(7.017561084534,40.937713101617,0.));
#1590 = CARTESIAN_POINT('',(7.807314659862,41.442133815883,0.));
#1591 = CARTESIAN_POINT('',(8.67888483511,41.900216445601,0.));
#1592 = CARTESIAN_POINT('',(9.569388783222,42.31871171121,0.));
#1593 = CARTESIAN_POINT('',(10.508286834427,42.700175063427,0.));
#1594 = CARTESIAN_POINT('',(11.49644819565,43.044400428782,0.));
#1595 = CARTESIAN_POINT('',(12.563097908021,43.352981514901,0.));
#1596 = CARTESIAN_POINT('',(13.654861847385,43.606601942211,0.));
#1597 = CARTESIAN_POINT('',(14.80329356827,43.811544165199,0.));
#1598 = CARTESIAN_POINT('',(16.00697957194,43.963923608963,0.));
#1599 = CARTESIAN_POINT('',(17.316613433453,44.05523229833,0.));
#1600 = CARTESIAN_POINT('',(18.600468374795,44.087532107971,0.));
#1601 = CARTESIAN_POINT('',(20.153660101565,44.011951232039,0.));
#1602 = CARTESIAN_POINT('',(20.921328774666,44.018954755314,0.));
#1603 = CARTESIAN_POINT('',(23.799843562504,43.532532172437,0.));
#1604 = CARTESIAN_POINT('',(23.000945399318,43.694198361824,0.));
#1605 = CARTESIAN_POINT('',(22.990071554448,43.696390596586,0.));
#1606 = CARTESIAN_POINT('',(22.990071555748,43.696390596344,0.));
#1607 = CARTESIAN_POINT('',(22.990071557047,43.696390596101,0.));
#1608 = CARTESIAN_POINT('',(22.990071558347,43.696390595859,0.));
#1609 = CARTESIAN_POINT('',(23.433155331767,43.612171815099,0.));
#1610 = CARTESIAN_POINT('',(23.982854169153,43.507847749432,0.));
#1611 = CARTESIAN_POINT('',(24.658084658395,43.37988787401,0.));
#1612 = VECTOR('',#1613,1.);
#1613 = DIRECTION('',(0.,-0.,-1.));
#1614 = DEFINITIONAL_REPRESENTATION('',(#1615),#1619);
#1615 = LINE('',#1616,#1617);
#1616 = CARTESIAN_POINT('',(0.,0.));
#1617 = VECTOR('',#1618,1.);
#1618 = DIRECTION('',(1.,0.));
#1619 = ( GEOMETRIC_REPRESENTATION_CONTEXT(2) 
PARAMETRIC_REPRESENTATION_CONTEXT() REPRESENTATION_CONTEXT('2D SPACE',''
  ) );
#1620 = ORIENTED_EDGE('',*,*,#1621,.T.);
#1621 = EDGE_CURVE('',#1433,#1622,#1624,.T.);
#1622 = VERTEX_POINT('',#1623);
#1623 = CARTESIAN_POINT('',(0.283376702506,12.696838096332,0.));
#1624 = SURFACE_CURVE('',#1625,(#1630,#1637),.PCURVE_S1.);
#1625 = CIRCLE('',#1626,12.7);
#1626 = AXIS2_PLACEMENT_3D('',#1627,#1628,#1629);
#1627 = CARTESIAN_POINT('',(0.,0.,0.));
#1628 = DIRECTION('',(0.,0.,1.));
#1629 = DIRECTION('',(1.,0.,0.));
#1630 = PCURVE('',#31,#1631);
#1631 = DEFINITIONAL_REPRESENTATION('',(#1632),#1636);
#1632 = CIRCLE('',#1633,12.7);
#1633 = AXIS2_PLACEMENT_2D('',#1634,#1635);
#1634 = CARTESIAN_POINT('',(8.613796110485E-16,8.774400611482E-17));
#1635 = DIRECTION('',(1.,0.));
#1636 = ( GEOMETRIC_REPRESENTATION_CONTEXT(2) 
PARAMETRIC_REPRESENTATION_CONTEXT() REPRESENTATION_CONTEXT('2D SPACE',''
  ) );
#1637 = PCURVE('',#1638,#1643);
#1638 = CYLINDRICAL_SURFACE('',#1639,12.7);
#1639 = AXIS2_PLACEMENT_3D('',#1640,#1641,#1642);
#1640 = CARTESIAN_POINT('',(0.,0.,0.));
#1641 = DIRECTION('',(-0.,-0.,-1.));
#1642 = DIRECTION('',(1.,0.,0.));
#1643 = DEFINITIONAL_REPRESENTATION('',(#1644),#1648);
#1644 = LINE('',#1645,#1646);
#1645 = CARTESIAN_POINT('',(-0.,0.));
#1646 = VECTOR('',#1647,1.);
#1647 = DIRECTION('',(-1.,0.));
#1648 = ( GEOMETRIC_REPRESENTATION_CONTEXT(2) 
PARAMETRIC_REPRESENTATION_CONTEXT() REPRESENTATION_CONTEXT('2D SPACE',''
  ) );
#1649 = ORIENTED_EDGE('',*,*,#1650,.F.);
#1650 = EDGE_CURVE('',#1651,#1622,#1653,.T.);
#1651 = VERTEX_POINT('',#1652);
#1652 = CARTESIAN_POINT('',(0.335416214168,47.902872758589,0.));
#1653 = SURFACE_CURVE('',#1654,(#1705,#1759),.PCURVE_S1.);
#1654 = B_SPLINE_CURVE_WITH_KNOTS('',3,(#1655,#1656,#1657,#1658,#1659,
    #1660,#1661,#1662,#1663,#1664,#1665,#1666,#1667,#1668,#1669,#1670,
    #1671,#1672,#1673,#1674,#1675,#1676,#1677,#1678,#1679,#1680,#1681,
    #1682,#1683,#1684,#1685,#1686,#1687,#1688,#1689,#1690,#1691,#1692,
    #1693,#1694,#1695,#1696,#1697,#1698,#1699,#1700,#1701,#1702,#1703,
    #1704),.UNSPECIFIED.,.F.,.F.,(4,1,1,1,1,1,1,1,1,1,1,1,1,1,1,1,1,1,1,
    1,1,1,1,1,1,1,1,1,1,1,1,1,1,1,1,1,1,1,1,1,1,1,1,1,1,1,1,4),(0.,
    1.560399863547,3.026493159763,4.408519816062,5.616164948135,
    6.857176517943,8.034500324617,9.154049078322,10.140931914661,
    11.16430891518,12.14467057154,13.086344664582,13.924748692612,
    14.803128326675,15.653911875236,16.480955579096,17.226763352129,
    18.01856826362,18.796500931648,19.563479607115,20.264226339274,
    21.01815180319,21.769388657233,22.52071176954,23.216717634111,
    23.975961822176,24.743348723341,25.521634699363,26.252131546642,
    27.05917145937,27.885262969361,28.733262670931,29.538010575103,
    30.436403024908,31.365465694071,32.327889352555,33.24854348335,
    34.284117952136,35.363069228966,36.489379128657,37.574802555564,
    38.804527640271,40.095153684953,41.452119030183,42.768727723412,
    44.27040892768,45.857339500188,47.985194622019),.UNSPECIFIED.);
#1655 = CARTESIAN_POINT('',(0.335416214168,47.902872758589,0.));
#1656 = CARTESIAN_POINT('',(-0.145739777095,47.721526780482,0.));
#1657 = CARTESIAN_POINT('',(-1.104944648769,47.381058218704,0.));
#1658 = CARTESIAN_POINT('',(-2.446738780639,46.787050304135,0.));
#1659 = CARTESIAN_POINT('',(-3.65750232001,46.182866579938,0.));
#1660 = CARTESIAN_POINT('',(-4.7688132512,45.553245779068,0.));
#1661 = CARTESIAN_POINT('',(-5.789469971861,44.904723463214,0.));
#1662 = CARTESIAN_POINT('',(-6.750044636727,44.219644613261,0.));
#1663 = CARTESIAN_POINT('',(-7.606383702515,43.537024755044,0.));
#1664 = CARTESIAN_POINT('',(-8.387865955494,42.845249251748,0.));
#1665 = CARTESIAN_POINT('',(-9.099735072949,42.146699633351,0.));
#1666 = CARTESIAN_POINT('',(-9.762999144593,41.422192708259,0.));
#1667 = CARTESIAN_POINT('',(-10.3476423876,40.711045749191,0.));
#1668 = CARTESIAN_POINT('',(-10.87420006205,39.997951164204,0.));
#1669 = CARTESIAN_POINT('',(-11.34897638416,39.285185932479,0.));
#1670 = CARTESIAN_POINT('',(-11.77583270528,38.547468379389,0.));
#1671 = CARTESIAN_POINT('',(-12.16884070994,37.841491977642,0.));
#1672 = CARTESIAN_POINT('',(-12.51751915306,37.134186705059,0.));
#1673 = CARTESIAN_POINT('',(-12.82314531985,36.425041147472,0.));
#1674 = CARTESIAN_POINT('',(-13.09336640064,35.694124875061,0.));
#1675 = CARTESIAN_POINT('',(-13.31556519777,34.978939863119,0.));
#1676 = CARTESIAN_POINT('',(-13.4991332176,34.261207777375,0.));
#1677 = CARTESIAN_POINT('',(-13.64498396918,33.540159421245,0.));
#1678 = CARTESIAN_POINT('',(-13.7549986859,32.795736191269,0.));
#1679 = CARTESIAN_POINT('',(-13.8237230607,32.065761632485,0.));
#1680 = CARTESIAN_POINT('',(-13.85540909812,31.330637440473,0.));
#1681 = CARTESIAN_POINT('',(-13.84968959416,30.589429994733,0.));
#1682 = CARTESIAN_POINT('',(-13.80321560863,29.822177527094,0.));
#1683 = CARTESIAN_POINT('',(-13.71744059487,29.067958604746,0.));
#1684 = CARTESIAN_POINT('',(-13.59145738985,28.306068283335,0.));
#1685 = CARTESIAN_POINT('',(-13.42362878713,27.535896827704,0.));
#1686 = CARTESIAN_POINT('',(-13.20519329061,26.73782281142,0.));
#1687 = CARTESIAN_POINT('',(-12.94522431328,25.953114496523,0.));
#1688 = CARTESIAN_POINT('',(-12.63758167801,25.159933593389,0.));
#1689 = CARTESIAN_POINT('',(-12.27764215746,24.359453068133,0.));
#1690 = CARTESIAN_POINT('',(-11.85768928396,23.52893058708,0.));
#1691 = CARTESIAN_POINT('',(-11.36884028459,22.728247220283,0.));
#1692 = CARTESIAN_POINT('',(-10.82574228383,21.920781152046,0.));
#1693 = CARTESIAN_POINT('',(-10.21716812616,21.111868439,0.));
#1694 = CARTESIAN_POINT('',(-9.522789275278,20.28368648774,0.));
#1695 = CARTESIAN_POINT('',(-8.77369521168,19.481681642644,0.));
#1696 = CARTESIAN_POINT('',(-7.948214253156,18.684414037778,0.));
#1697 = CARTESIAN_POINT('',(-7.041406886402,17.894811810256,0.));
#1698 = CARTESIAN_POINT('',(-6.020854635498,17.099944139581,0.));
#1699 = CARTESIAN_POINT('',(-4.939478705887,16.343186274561,0.));
#1700 = CARTESIAN_POINT('',(-3.743761538072,15.612459756546,0.));
#1701 = CARTESIAN_POINT('',(-2.51551802004,14.882353719542,0.));
#1702 = CARTESIAN_POINT('',(-0.688458099837,14.215287060175,0.));
#1703 = CARTESIAN_POINT('',(-0.379251758756,13.454571780358,0.));
#1704 = CARTESIAN_POINT('',(0.341274439722,12.630077666037,0.));
#1705 = PCURVE('',#31,#1706);
#1706 = DEFINITIONAL_REPRESENTATION('',(#1707),#1758);
#1707 = B_SPLINE_CURVE_WITH_KNOTS('',3,(#1708,#1709,#1710,#1711,#1712,
    #1713,#1714,#1715,#1716,#1717,#1718,#1719,#1720,#1721,#1722,#1723,
    #1724,#1725,#1726,#1727,#1728,#1729,#1730,#1731,#1732,#1733,#1734,
    #1735,#1736,#1737,#1738,#1739,#1740,#1741,#1742,#1743,#1744,#1745,
    #1746,#1747,#1748,#1749,#1750,#1751,#1752,#1753,#1754,#1755,#1756,
    #1757),.UNSPECIFIED.,.F.,.F.,(4,1,1,1,1,1,1,1,1,1,1,1,1,1,1,1,1,1,1,
    1,1,1,1,1,1,1,1,1,1,1,1,1,1,1,1,1,1,1,1,1,1,1,1,1,1,1,1,4),(0.,
    1.560399863547,3.026493159763,4.408519816062,5.616164948135,
    6.857176517943,8.034500324617,9.154049078322,10.140931914661,
    11.16430891518,12.14467057154,13.086344664582,13.924748692612,
    14.803128326675,15.653911875236,16.480955579096,17.226763352129,
    18.01856826362,18.796500931648,19.563479607115,20.264226339274,
    21.01815180319,21.769388657233,22.52071176954,23.216717634111,
    23.975961822176,24.743348723341,25.521634699363,26.252131546642,
    27.05917145937,27.885262969361,28.733262670931,29.538010575103,
    30.436403024908,31.365465694071,32.327889352555,33.24854348335,
    34.284117952136,35.363069228966,36.489379128657,37.574802555564,
    38.804527640271,40.095153684953,41.452119030183,42.768727723412,
    44.27040892768,45.857339500188,47.985194622019),.UNSPECIFIED.);
#1708 = CARTESIAN_POINT('',(0.335416214168,47.902872758589));
#1709 = CARTESIAN_POINT('',(-0.145739777095,47.721526780482));
#1710 = CARTESIAN_POINT('',(-1.104944648769,47.381058218704));
#1711 = CARTESIAN_POINT('',(-2.446738780639,46.787050304135));
#1712 = CARTESIAN_POINT('',(-3.65750232001,46.182866579938));
#1713 = CARTESIAN_POINT('',(-4.7688132512,45.553245779068));
#1714 = CARTESIAN_POINT('',(-5.789469971861,44.904723463214));
#1715 = CARTESIAN_POINT('',(-6.750044636727,44.219644613261));
#1716 = CARTESIAN_POINT('',(-7.606383702515,43.537024755044));
#1717 = CARTESIAN_POINT('',(-8.387865955494,42.845249251748));
#1718 = CARTESIAN_POINT('',(-9.099735072949,42.146699633351));
#1719 = CARTESIAN_POINT('',(-9.762999144593,41.422192708259));
#1720 = CARTESIAN_POINT('',(-10.3476423876,40.711045749191));
#1721 = CARTESIAN_POINT('',(-10.87420006205,39.997951164204));
#1722 = CARTESIAN_POINT('',(-11.34897638416,39.285185932479));
#1723 = CARTESIAN_POINT('',(-11.77583270528,38.547468379389));
#1724 = CARTESIAN_POINT('',(-12.16884070994,37.841491977642));
#1725 = CARTESIAN_POINT('',(-12.51751915306,37.134186705059));
#1726 = CARTESIAN_POINT('',(-12.82314531985,36.425041147472));
#1727 = CARTESIAN_POINT('',(-13.09336640064,35.694124875061));
#1728 = CARTESIAN_POINT('',(-13.31556519777,34.978939863119));
#1729 = CARTESIAN_POINT('',(-13.4991332176,34.261207777375));
#1730 = CARTESIAN_POINT('',(-13.64498396918,33.540159421245));
#1731 = CARTESIAN_POINT('',(-13.7549986859,32.795736191269));
#1732 = CARTESIAN_POINT('',(-13.8237230607,32.065761632485));
#1733 = CARTESIAN_POINT('',(-13.85540909812,31.330637440473));
#1734 = CARTESIAN_POINT('',(-13.84968959416,30.589429994733));
#1735 = CARTESIAN_POINT('',(-13.80321560863,29.822177527094));
#1736 = CARTESIAN_POINT('',(-13.71744059487,29.067958604746));
#1737 = CARTESIAN_POINT('',(-13.59145738985,28.306068283335));
#1738 = CARTESIAN_POINT('',(-13.42362878713,27.535896827704));
#1739 = CARTESIAN_POINT('',(-13.20519329061,26.73782281142));
#1740 = CARTESIAN_POINT('',(-12.94522431328,25.953114496523));
#1741 = CARTESIAN_POINT('',(-12.63758167801,25.159933593389));
#1742 = CARTESIAN_POINT('',(-12.27764215746,24.359453068133));
#1743 = CARTESIAN_POINT('',(-11.85768928396,23.52893058708));
#1744 = CARTESIAN_POINT('',(-11.36884028459,22.728247220283));
#1745 = CARTESIAN_POINT('',(-10.82574228383,21.920781152046));
#1746 = CARTESIAN_POINT('',(-10.21716812616,21.111868439));
#1747 = CARTESIAN_POINT('',(-9.522789275278,20.28368648774));
#1748 = CARTESIAN_POINT('',(-8.77369521168,19.481681642644));
#1749 = CARTESIAN_POINT('',(-7.948214253156,18.684414037778));
#1750 = CARTESIAN_POINT('',(-7.041406886402,17.894811810256));
#1751 = CARTESIAN_POINT('',(-6.020854635498,17.099944139581));
#1752 = CARTESIAN_POINT('',(-4.939478705887,16.343186274561));
#1753 = CARTESIAN_POINT('',(-3.743761538072,15.612459756546));
#1754 = CARTESIAN_POINT('',(-2.51551802004,14.882353719542));
#1755 = CARTESIAN_POINT('',(-0.688458099837,14.215287060175));
#1756 = CARTESIAN_POINT('',(-0.379251758756,13.454571780358));
#1757 = CARTESIAN_POINT('',(0.341274439722,12.630077666037));
#1758 = ( GEOMETRIC_REPRESENTATION_CONTEXT(2) 
PARAMETRIC_REPRESENTATION_CONTEXT() REPRESENTATION_CONTEXT('2D SPACE',''
  ) );
#1759 = PCURVE('',#1760,#1814);
#1760 = SURFACE_OF_LINEAR_EXTRUSION('',#1761,#1812);
#1761 = B_SPLINE_CURVE_WITH_KNOTS('',3,(#1762,#1763,#1764,#1765,#1766,
    #1767,#1768,#1769,#1770,#1771,#1772,#1773,#1774,#1775,#1776,#1777,
    #1778,#1779,#1780,#1781,#1782,#1783,#1784,#1785,#1786,#1787,#1788,
    #1789,#1790,#1791,#1792,#1793,#1794,#1795,#1796,#1797,#1798,#1799,
    #1800,#1801,#1802,#1803,#1804,#1805,#1806,#1807,#1808,#1809,#1810,
    #1811),.UNSPECIFIED.,.F.,.F.,(4,1,1,1,1,1,1,1,1,1,1,1,1,1,1,1,1,1,1,
    1,1,1,1,1,1,1,1,1,1,1,1,1,1,1,1,1,1,1,1,1,1,1,1,1,1,1,1,4),(0.,
    1.560399863547,3.026493159763,4.408519816062,5.616164948135,
    6.857176517943,8.034500324617,9.154049078322,10.140931914661,
    11.16430891518,12.14467057154,13.086344664582,13.924748692612,
    14.803128326675,15.653911875236,16.480955579096,17.226763352129,
    18.01856826362,18.796500931648,19.563479607115,20.264226339274,
    21.01815180319,21.769388657233,22.52071176954,23.216717634111,
    23.975961822176,24.743348723341,25.521634699363,26.252131546642,
    27.05917145937,27.885262969361,28.733262670931,29.538010575103,
    30.436403024908,31.365465694071,32.327889352555,33.24854348335,
    34.284117952136,35.363069228966,36.489379128657,37.574802555564,
    38.804527640271,40.095153684953,41.452119030183,42.768727723412,
    44.27040892768,45.857339500188,47.985194622019),.UNSPECIFIED.);
#1762 = CARTESIAN_POINT('',(0.335416214168,47.902872758589,0.));
#1763 = CARTESIAN_POINT('',(-0.145739777095,47.721526780482,0.));
#1764 = CARTESIAN_POINT('',(-1.104944648769,47.381058218704,0.));
#1765 = CARTESIAN_POINT('',(-2.446738780639,46.787050304135,0.));
#1766 = CARTESIAN_POINT('',(-3.65750232001,46.182866579938,0.));
#1767 = CARTESIAN_POINT('',(-4.7688132512,45.553245779068,0.));
#1768 = CARTESIAN_POINT('',(-5.789469971861,44.904723463214,0.));
#1769 = CARTESIAN_POINT('',(-6.750044636727,44.219644613261,0.));
#1770 = CARTESIAN_POINT('',(-7.606383702515,43.537024755044,0.));
#1771 = CARTESIAN_POINT('',(-8.387865955494,42.845249251748,0.));
#1772 = CARTESIAN_POINT('',(-9.099735072949,42.146699633351,0.));
#1773 = CARTESIAN_POINT('',(-9.762999144593,41.422192708259,0.));
#1774 = CARTESIAN_POINT('',(-10.3476423876,40.711045749191,0.));
#1775 = CARTESIAN_POINT('',(-10.87420006205,39.997951164204,0.));
#1776 = CARTESIAN_POINT('',(-11.34897638416,39.285185932479,0.));
#1777 = CARTESIAN_POINT('',(-11.77583270528,38.547468379389,0.));
#1778 = CARTESIAN_POINT('',(-12.16884070994,37.841491977642,0.));
#1779 = CARTESIAN_POINT('',(-12.51751915306,37.134186705059,0.));
#1780 = CARTESIAN_POINT('',(-12.82314531985,36.425041147472,0.));
#1781 = CARTESIAN_POINT('',(-13.09336640064,35.694124875061,0.));
#1782 = CARTESIAN_POINT('',(-13.31556519777,34.978939863119,0.));
#1783 = CARTESIAN_POINT('',(-13.4991332176,34.261207777375,0.));
#1784 = CARTESIAN_POINT('',(-13.64498396918,33.540159421245,0.));
#1785 = CARTESIAN_POINT('',(-13.7549986859,32.795736191269,0.));
#1786 = CARTESIAN_POINT('',(-13.8237230607,32.065761632485,0.));
#1787 = CARTESIAN_POINT('',(-13.85540909812,31.330637440473,0.));
#1788 = CARTESIAN_POINT('',(-13.84968959416,30.589429994733,0.));
#1789 = CARTESIAN_POINT('',(-13.80321560863,29.822177527094,0.));
#1790 = CARTESIAN_POINT('',(-13.71744059487,29.067958604746,0.));
#1791 = CARTESIAN_POINT('',(-13.59145738985,28.306068283335,0.));
#1792 = CARTESIAN_POINT('',(-13.42362878713,27.535896827704,0.));
#1793 = CARTESIAN_POINT('',(-13.20519329061,26.73782281142,0.));
#1794 = CARTESIAN_POINT('',(-12.94522431328,25.953114496523,0.));
#1795 = CARTESIAN_POINT('',(-12.63758167801,25.159933593389,0.));
#1796 = CARTESIAN_POINT('',(-12.27764215746,24.359453068133,0.));
#1797 = CARTESIAN_POINT('',(-11.85768928396,23.52893058708,0.));
#1798 = CARTESIAN_POINT('',(-11.36884028459,22.728247220283,0.));
#1799 = CARTESIAN_POINT('',(-10.82574228383,21.920781152046,0.));
#1800 = CARTESIAN_POINT('',(-10.21716812616,21.111868439,0.));
#1801 = CARTESIAN_POINT('',(-9.522789275278,20.28368648774,0.));
#1802 = CARTESIAN_POINT('',(-8.77369521168,19.481681642644,0.));
#1803 = CARTESIAN_POINT('',(-7.948214253156,18.684414037778,0.));
#1804 = CARTESIAN_POINT('',(-7.041406886402,17.894811810256,0.));
#1805 = CARTESIAN_POINT('',(-6.020854635498,17.099944139581,0.));
#1806 = CARTESIAN_POINT('',(-4.939478705887,16.343186274561,0.));
#1807 = CARTESIAN_POINT('',(-3.743761538072,15.612459756546,0.));
#1808 = CARTESIAN_POINT('',(-2.51551802004,14.882353719542,0.));
#1809 = CARTESIAN_POINT('',(-0.688458099837,14.215287060175,0.));
#1810 = CARTESIAN_POINT('',(-0.379251758756,13.454571780358,0.));
#1811 = CARTESIAN_POINT('',(0.341274439722,12.630077666037,0.));
#1812 = VECTOR('',#1813,1.);
#1813 = DIRECTION('',(0.,-0.,-1.));
#1814 = DEFINITIONAL_REPRESENTATION('',(#1815),#1819);
#1815 = LINE('',#1816,#1817);
#1816 = CARTESIAN_POINT('',(0.,0.));
#1817 = VECTOR('',#1818,1.);
#1818 = DIRECTION('',(1.,0.));
#1819 = ( GEOMETRIC_REPRESENTATION_CONTEXT(2) 
PARAMETRIC_REPRESENTATION_CONTEXT() REPRESENTATION_CONTEXT('2D SPACE',''
  ) );
#1820 = ORIENTED_EDGE('',*,*,#1821,.F.);
#1821 = EDGE_CURVE('',#1404,#1651,#1822,.T.);
#1822 = SURFACE_CURVE('',#1823,(#1827,#1834),.PCURVE_S1.);
#1823 = LINE('',#1824,#1825);
#1824 = CARTESIAN_POINT('',(-0.335416214167,49.897127241411,0.));
#1825 = VECTOR('',#1826,1.);
#1826 = DIRECTION('',(0.318827663653,-0.947812703486,0.));
#1827 = PCURVE('',#31,#1828);
#1828 = DEFINITIONAL_REPRESENTATION('',(#1829),#1833);
#1829 = LINE('',#1830,#1831);
#1830 = CARTESIAN_POINT('',(-0.335416214167,49.897127241411));
#1831 = VECTOR('',#1832,1.);
#1832 = DIRECTION('',(0.318827663653,-0.947812703486));
#1833 = ( GEOMETRIC_REPRESENTATION_CONTEXT(2) 
PARAMETRIC_REPRESENTATION_CONTEXT() REPRESENTATION_CONTEXT('2D SPACE',''
  ) );
#1834 = PCURVE('',#1835,#1840);
#1835 = PLANE('',#1836);
#1836 = AXIS2_PLACEMENT_3D('',#1837,#1838,#1839);
#1837 = CARTESIAN_POINT('',(-0.335416214167,49.897127241411,0.));
#1838 = DIRECTION('',(0.947812703486,0.318827663653,0.));
#1839 = DIRECTION('',(0.318827663653,-0.947812703486,0.));
#1840 = DEFINITIONAL_REPRESENTATION('',(#1841),#1845);
#1841 = LINE('',#1842,#1843);
#1842 = CARTESIAN_POINT('',(0.,0.));
#1843 = VECTOR('',#1844,1.);
#1844 = DIRECTION('',(1.,0.));
#1845 = ( GEOMETRIC_REPRESENTATION_CONTEXT(2) 
PARAMETRIC_REPRESENTATION_CONTEXT() REPRESENTATION_CONTEXT('2D SPACE',''
  ) );
#1846 = FACE_BOUND('',#1847,.F.);
#1847 = EDGE_LOOP('',(#1848,#1879,#2068,#2097,#2268));
#1848 = ORIENTED_EDGE('',*,*,#1849,.F.);
#1849 = EDGE_CURVE('',#1850,#1852,#1854,.T.);
#1850 = VERTEX_POINT('',#1851);
#1851 = CARTESIAN_POINT('',(-3.267824487333,48.79068889778,0.));
#1852 = VERTEX_POINT('',#1853);
#1853 = CARTESIAN_POINT('',(-24.45,42.348642245058,0.));
#1854 = SURFACE_CURVE('',#1855,(#1860,#1867),.PCURVE_S1.);
#1855 = CIRCLE('',#1856,48.9);
#1856 = AXIS2_PLACEMENT_3D('',#1857,#1858,#1859);
#1857 = CARTESIAN_POINT('',(2.376054908382E-13,1.705302565824E-15,0.));
#1858 = DIRECTION('',(0.,0.,1.));
#1859 = DIRECTION('',(1.,0.,0.));
#1860 = PCURVE('',#31,#1861);
#1861 = DEFINITIONAL_REPRESENTATION('',(#1862),#1866);
#1862 = CIRCLE('',#1863,48.9);
#1863 = AXIS2_PLACEMENT_2D('',#1864,#1865);
#1864 = CARTESIAN_POINT('',(2.384668704492E-13,1.793046571939E-15));
#1865 = DIRECTION('',(1.,0.));
#1866 = ( GEOMETRIC_REPRESENTATION_CONTEXT(2) 
PARAMETRIC_REPRESENTATION_CONTEXT() REPRESENTATION_CONTEXT('2D SPACE',''
  ) );
#1867 = PCURVE('',#1868,#1873);
#1868 = CYLINDRICAL_SURFACE('',#1869,48.9);
#1869 = AXIS2_PLACEMENT_3D('',#1870,#1871,#1872);
#1870 = CARTESIAN_POINT('',(2.376054908382E-13,1.705302565824E-15,0.));
#1871 = DIRECTION('',(-0.,-0.,-1.));
#1872 = DIRECTION('',(1.,0.,0.));
#1873 = DEFINITIONAL_REPRESENTATION('',(#1874),#1878);
#1874 = LINE('',#1875,#1876);
#1875 = CARTESIAN_POINT('',(-0.,0.));
#1876 = VECTOR('',#1877,1.);
#1877 = DIRECTION('',(-1.,0.));
#1878 = ( GEOMETRIC_REPRESENTATION_CONTEXT(2) 
PARAMETRIC_REPRESENTATION_CONTEXT() REPRESENTATION_CONTEXT('2D SPACE',''
  ) );
#1879 = ORIENTED_EDGE('',*,*,#1880,.F.);
#1880 = EDGE_CURVE('',#1881,#1850,#1883,.T.);
#1881 = VERTEX_POINT('',#1882);
#1882 = CARTESIAN_POINT('',(-2.069156628226,12.530306893603,0.));
#1883 = SURFACE_CURVE('',#1884,(#1941,#2001),.PCURVE_S1.);
#1884 = B_SPLINE_CURVE_WITH_KNOTS('',3,(#1885,#1886,#1887,#1888,#1889,
    #1890,#1891,#1892,#1893,#1894,#1895,#1896,#1897,#1898,#1899,#1900,
    #1901,#1902,#1903,#1904,#1905,#1906,#1907,#1908,#1909,#1910,#1911,
    #1912,#1913,#1914,#1915,#1916,#1917,#1918,#1919,#1920,#1921,#1922,
    #1923,#1924,#1925,#1926,#1927,#1928,#1929,#1930,#1931,#1932,#1933,
    #1934,#1935,#1936,#1937,#1938,#1939,#1940),.UNSPECIFIED.,.F.,.F.,(4,
    1,1,1,1,1,1,1,1,1,1,1,1,1,1,1,1,1,1,1,1,1,1,1,1,1,1,1,1,1,1,1,1,1,1,
    1,1,1,1,1,1,1,1,1,1,1,1,3,3,4),(0.,2.252840378147,3.947251251067,
    5.556769293497,6.973069313182,8.438034201878,9.836527608945,
    11.173881028628,12.358378394578,13.591674823614,14.777241775145,
    15.919070127373,16.937511191725,18.005608061592,19.040905950925,
    20.046909447572,20.952226144232,21.910527049393,22.848343890734,
    23.768545277515,24.604779330967,25.498993387072,26.383732766176,
    27.261734369083,28.068590979197,28.941306811933,29.815275751476,
    30.69326112534,31.509705745874,32.403313623746,33.30925058782,
    34.230483702873,35.097084585268,36.056205964867,37.039089037922,
    38.048588577934,39.007142758039,40.077976938895,41.186386250524,
    42.336589601129,43.439334281668,44.68291297016,45.982505886097,
    47.343769408886,48.660381123787,50.157957971193,51.73669345799,
    51.75772326206,53.205564838504,53.402350377676),.UNSPECIFIED.);
#1885 = CARTESIAN_POINT('',(-0.337011246639,10.770776349694,0.));
#1886 = CARTESIAN_POINT('',(-0.868368079761,11.334256508748,0.));
#1887 = CARTESIAN_POINT('',(-1.594695028954,12.481520456009,0.));
#1888 = CARTESIAN_POINT('',(-3.417371363885,13.085229985366,0.));
#1889 = CARTESIAN_POINT('',(-4.760909926385,13.891579888154,0.));
#1890 = CARTESIAN_POINT('',(-6.040553117913,14.671970569341,0.));
#1891 = CARTESIAN_POINT('',(-7.209641509072,15.490501736694,0.));
#1892 = CARTESIAN_POINT('',(-8.314872257293,16.35136094025,0.));
#1893 = CARTESIAN_POINT('',(-9.300848826366,17.209992366506,0.));
#1894 = CARTESIAN_POINT('',(-10.20152888529,18.079936147573,0.));
#1895 = CARTESIAN_POINT('',(-11.0217058002,18.958223270144,0.));
#1896 = CARTESIAN_POINT('',(-11.78479089379,19.868058891348,0.));
#1897 = CARTESIAN_POINT('',(-12.45486635686,20.760200258057,0.));
#1898 = CARTESIAN_POINT('',(-13.05808025267,21.652011402635,0.));
#1899 = CARTESIAN_POINT('',(-13.59122639969,22.546034007437,0.));
#1900 = CARTESIAN_POINT('',(-14.09676942069,23.451202329473,0.));
#1901 = CARTESIAN_POINT('',(-14.52438821135,24.336081273234,0.));
#1902 = CARTESIAN_POINT('',(-14.89803279155,25.216974083618,0.));
#1903 = CARTESIAN_POINT('',(-15.21855179807,26.094539619655,0.));
#1904 = CARTESIAN_POINT('',(-15.4940261067,26.992428110842,0.));
#1905 = CARTESIAN_POINT('',(-15.71199067557,27.86409819599,0.));
#1906 = CARTESIAN_POINT('',(-15.88272250094,28.731338669535,0.));
#1907 = CARTESIAN_POINT('',(-16.00766076692,29.594483394794,0.));
#1908 = CARTESIAN_POINT('',(-16.08819916452,30.476873863858,0.));
#1909 = CARTESIAN_POINT('',(-16.12097021877,31.333184659924,0.));
#1910 = CARTESIAN_POINT('',(-16.11028856422,32.185969609299,0.));
#1911 = CARTESIAN_POINT('',(-16.05640934548,33.03584711152,0.));
#1912 = CARTESIAN_POINT('',(-15.95496857893,33.905242362889,0.));
#1913 = CARTESIAN_POINT('',(-15.81089684678,34.749577620332,0.));
#1914 = CARTESIAN_POINT('',(-15.62272620154,35.591823987182,0.));
#1915 = CARTESIAN_POINT('',(-15.38948147815,36.432477729456,0.));
#1916 = CARTESIAN_POINT('',(-15.10105754498,37.292753226581,0.));
#1917 = CARTESIAN_POINT('',(-14.7708134366,38.128227258384,0.));
#1918 = CARTESIAN_POINT('',(-14.39147037899,38.961880061106,0.));
#1919 = CARTESIAN_POINT('',(-13.95973407716,39.793598001519,0.));
#1920 = CARTESIAN_POINT('',(-13.43397347907,40.626094283512,0.));
#1921 = CARTESIAN_POINT('',(-12.87202207064,41.433773788949,0.));
#1922 = CARTESIAN_POINT('',(-12.24964418284,42.233579768184,0.));
#1923 = CARTESIAN_POINT('',(-11.56598402366,43.02576835982,0.));
#1924 = CARTESIAN_POINT('',(-10.79652881887,43.826332275712,0.));
#1925 = CARTESIAN_POINT('',(-9.977843726103,44.591855978363,0.));
#1926 = CARTESIAN_POINT('',(-9.085743792799,45.343557010222,0.));
#1927 = CARTESIAN_POINT('',(-8.119510857322,46.07736448137,0.));
#1928 = CARTESIAN_POINT('',(-7.03098900828,46.811257056705,0.));
#1929 = CARTESIAN_POINT('',(-5.935287919124,47.481156983063,0.));
#1930 = CARTESIAN_POINT('',(-4.552393988828,48.19229788785,0.));
#1931 = CARTESIAN_POINT('',(-3.89107517787,48.582197453473,0.));
#1932 = CARTESIAN_POINT('',(-1.154996954994,49.600200533646,0.));
#1933 = CARTESIAN_POINT('',(-1.927696154043,49.340758478995,0.));
#1934 = CARTESIAN_POINT('',(-1.938209297319,49.337220087555,0.));
#1935 = CARTESIAN_POINT('',(-1.938209296072,49.337220087995,0.));
#1936 = CARTESIAN_POINT('',(-1.938209294826,49.337220088435,0.));
#1937 = CARTESIAN_POINT('',(-1.938209293579,49.337220088875,0.));
#1938 = CARTESIAN_POINT('',(-1.512378099413,49.485826371971,0.));
#1939 = CARTESIAN_POINT('',(-0.984162908972,49.670328499571,0.));
#1940 = CARTESIAN_POINT('',(-0.335416214167,49.897127241411,0.));
#1941 = PCURVE('',#31,#1942);
#1942 = DEFINITIONAL_REPRESENTATION('',(#1943),#2000);
#1943 = B_SPLINE_CURVE_WITH_KNOTS('',3,(#1944,#1945,#1946,#1947,#1948,
    #1949,#1950,#1951,#1952,#1953,#1954,#1955,#1956,#1957,#1958,#1959,
    #1960,#1961,#1962,#1963,#1964,#1965,#1966,#1967,#1968,#1969,#1970,
    #1971,#1972,#1973,#1974,#1975,#1976,#1977,#1978,#1979,#1980,#1981,
    #1982,#1983,#1984,#1985,#1986,#1987,#1988,#1989,#1990,#1991,#1992,
    #1993,#1994,#1995,#1996,#1997,#1998,#1999),.UNSPECIFIED.,.F.,.F.,(4,
    1,1,1,1,1,1,1,1,1,1,1,1,1,1,1,1,1,1,1,1,1,1,1,1,1,1,1,1,1,1,1,1,1,1,
    1,1,1,1,1,1,1,1,1,1,1,1,3,3,4),(0.,2.252840378147,3.947251251067,
    5.556769293497,6.973069313182,8.438034201878,9.836527608945,
    11.173881028628,12.358378394578,13.591674823614,14.777241775145,
    15.919070127373,16.937511191725,18.005608061592,19.040905950925,
    20.046909447572,20.952226144232,21.910527049393,22.848343890734,
    23.768545277515,24.604779330967,25.498993387072,26.383732766176,
    27.261734369083,28.068590979197,28.941306811933,29.815275751476,
    30.69326112534,31.509705745874,32.403313623746,33.30925058782,
    34.230483702873,35.097084585268,36.056205964867,37.039089037922,
    38.048588577934,39.007142758039,40.077976938895,41.186386250524,
    42.336589601129,43.439334281668,44.68291297016,45.982505886097,
    47.343769408886,48.660381123787,50.157957971193,51.73669345799,
    51.75772326206,53.205564838504,53.402350377676),.UNSPECIFIED.);
#1944 = CARTESIAN_POINT('',(-0.337011246639,10.770776349694));
#1945 = CARTESIAN_POINT('',(-0.868368079761,11.334256508748));
#1946 = CARTESIAN_POINT('',(-1.594695028954,12.481520456009));
#1947 = CARTESIAN_POINT('',(-3.417371363885,13.085229985366));
#1948 = CARTESIAN_POINT('',(-4.760909926385,13.891579888154));
#1949 = CARTESIAN_POINT('',(-6.040553117913,14.671970569341));
#1950 = CARTESIAN_POINT('',(-7.209641509072,15.490501736694));
#1951 = CARTESIAN_POINT('',(-8.314872257293,16.35136094025));
#1952 = CARTESIAN_POINT('',(-9.300848826366,17.209992366506));
#1953 = CARTESIAN_POINT('',(-10.20152888529,18.079936147573));
#1954 = CARTESIAN_POINT('',(-11.0217058002,18.958223270144));
#1955 = CARTESIAN_POINT('',(-11.78479089379,19.868058891348));
#1956 = CARTESIAN_POINT('',(-12.45486635686,20.760200258057));
#1957 = CARTESIAN_POINT('',(-13.05808025267,21.652011402635));
#1958 = CARTESIAN_POINT('',(-13.59122639969,22.546034007437));
#1959 = CARTESIAN_POINT('',(-14.09676942069,23.451202329473));
#1960 = CARTESIAN_POINT('',(-14.52438821135,24.336081273234));
#1961 = CARTESIAN_POINT('',(-14.89803279155,25.216974083618));
#1962 = CARTESIAN_POINT('',(-15.21855179807,26.094539619655));
#1963 = CARTESIAN_POINT('',(-15.4940261067,26.992428110842));
#1964 = CARTESIAN_POINT('',(-15.71199067557,27.86409819599));
#1965 = CARTESIAN_POINT('',(-15.88272250094,28.731338669535));
#1966 = CARTESIAN_POINT('',(-16.00766076692,29.594483394794));
#1967 = CARTESIAN_POINT('',(-16.08819916452,30.476873863858));
#1968 = CARTESIAN_POINT('',(-16.12097021877,31.333184659924));
#1969 = CARTESIAN_POINT('',(-16.11028856422,32.185969609299));
#1970 = CARTESIAN_POINT('',(-16.05640934548,33.03584711152));
#1971 = CARTESIAN_POINT('',(-15.95496857893,33.905242362889));
#1972 = CARTESIAN_POINT('',(-15.81089684678,34.749577620332));
#1973 = CARTESIAN_POINT('',(-15.62272620154,35.591823987182));
#1974 = CARTESIAN_POINT('',(-15.38948147815,36.432477729456));
#1975 = CARTESIAN_POINT('',(-15.10105754498,37.292753226581));
#1976 = CARTESIAN_POINT('',(-14.7708134366,38.128227258384));
#1977 = CARTESIAN_POINT('',(-14.39147037899,38.961880061106));
#1978 = CARTESIAN_POINT('',(-13.95973407716,39.793598001519));
#1979 = CARTESIAN_POINT('',(-13.43397347907,40.626094283512));
#1980 = CARTESIAN_POINT('',(-12.87202207064,41.433773788949));
#1981 = CARTESIAN_POINT('',(-12.24964418284,42.233579768184));
#1982 = CARTESIAN_POINT('',(-11.56598402366,43.02576835982));
#1983 = CARTESIAN_POINT('',(-10.79652881887,43.826332275712));
#1984 = CARTESIAN_POINT('',(-9.977843726103,44.591855978363));
#1985 = CARTESIAN_POINT('',(-9.085743792799,45.343557010222));
#1986 = CARTESIAN_POINT('',(-8.119510857322,46.07736448137));
#1987 = CARTESIAN_POINT('',(-7.03098900828,46.811257056705));
#1988 = CARTESIAN_POINT('',(-5.935287919124,47.481156983063));
#1989 = CARTESIAN_POINT('',(-4.552393988828,48.19229788785));
#1990 = CARTESIAN_POINT('',(-3.89107517787,48.582197453473));
#1991 = CARTESIAN_POINT('',(-1.154996954994,49.600200533646));
#1992 = CARTESIAN_POINT('',(-1.927696154043,49.340758478995));
#1993 = CARTESIAN_POINT('',(-1.938209297319,49.337220087555));
#1994 = CARTESIAN_POINT('',(-1.938209296072,49.337220087995));
#1995 = CARTESIAN_POINT('',(-1.938209294826,49.337220088435));
#1996 = CARTESIAN_POINT('',(-1.938209293579,49.337220088875));
#1997 = CARTESIAN_POINT('',(-1.512378099413,49.485826371971));
#1998 = CARTESIAN_POINT('',(-0.984162908972,49.670328499571));
#1999 = CARTESIAN_POINT('',(-0.335416214167,49.897127241411));
#2000 = ( GEOMETRIC_REPRESENTATION_CONTEXT(2) 
PARAMETRIC_REPRESENTATION_CONTEXT() REPRESENTATION_CONTEXT('2D SPACE',''
  ) );
#2001 = PCURVE('',#2002,#2062);
#2002 = SURFACE_OF_LINEAR_EXTRUSION('',#2003,#2060);
#2003 = B_SPLINE_CURVE_WITH_KNOTS('',3,(#2004,#2005,#2006,#2007,#2008,
    #2009,#2010,#2011,#2012,#2013,#2014,#2015,#2016,#2017,#2018,#2019,
    #2020,#2021,#2022,#2023,#2024,#2025,#2026,#2027,#2028,#2029,#2030,
    #2031,#2032,#2033,#2034,#2035,#2036,#2037,#2038,#2039,#2040,#2041,
    #2042,#2043,#2044,#2045,#2046,#2047,#2048,#2049,#2050,#2051,#2052,
    #2053,#2054,#2055,#2056,#2057,#2058,#2059),.UNSPECIFIED.,.F.,.F.,(4,
    1,1,1,1,1,1,1,1,1,1,1,1,1,1,1,1,1,1,1,1,1,1,1,1,1,1,1,1,1,1,1,1,1,1,
    1,1,1,1,1,1,1,1,1,1,1,1,3,3,4),(0.,2.252840378147,3.947251251067,
    5.556769293497,6.973069313182,8.438034201878,9.836527608945,
    11.173881028628,12.358378394578,13.591674823614,14.777241775145,
    15.919070127373,16.937511191725,18.005608061592,19.040905950925,
    20.046909447572,20.952226144232,21.910527049393,22.848343890734,
    23.768545277515,24.604779330967,25.498993387072,26.383732766176,
    27.261734369083,28.068590979197,28.941306811933,29.815275751476,
    30.69326112534,31.509705745874,32.403313623746,33.30925058782,
    34.230483702873,35.097084585268,36.056205964867,37.039089037922,
    38.048588577934,39.007142758039,40.077976938895,41.186386250524,
    42.336589601129,43.439334281668,44.68291297016,45.982505886097,
    47.343769408886,48.660381123787,50.157957971193,51.73669345799,
    51.75772326206,53.205564838504,53.402350377676),.UNSPECIFIED.);
#2004 = CARTESIAN_POINT('',(-0.337011246639,10.770776349694,0.));
#2005 = CARTESIAN_POINT('',(-0.868368079761,11.334256508748,0.));
#2006 = CARTESIAN_POINT('',(-1.594695028954,12.481520456009,0.));
#2007 = CARTESIAN_POINT('',(-3.417371363885,13.085229985366,0.));
#2008 = CARTESIAN_POINT('',(-4.760909926385,13.891579888154,0.));
#2009 = CARTESIAN_POINT('',(-6.040553117913,14.671970569341,0.));
#2010 = CARTESIAN_POINT('',(-7.209641509072,15.490501736694,0.));
#2011 = CARTESIAN_POINT('',(-8.314872257293,16.35136094025,0.));
#2012 = CARTESIAN_POINT('',(-9.300848826366,17.209992366506,0.));
#2013 = CARTESIAN_POINT('',(-10.20152888529,18.079936147573,0.));
#2014 = CARTESIAN_POINT('',(-11.0217058002,18.958223270144,0.));
#2015 = CARTESIAN_POINT('',(-11.78479089379,19.868058891348,0.));
#2016 = CARTESIAN_POINT('',(-12.45486635686,20.760200258057,0.));
#2017 = CARTESIAN_POINT('',(-13.05808025267,21.652011402635,0.));
#2018 = CARTESIAN_POINT('',(-13.59122639969,22.546034007437,0.));
#2019 = CARTESIAN_POINT('',(-14.09676942069,23.451202329473,0.));
#2020 = CARTESIAN_POINT('',(-14.52438821135,24.336081273234,0.));
#2021 = CARTESIAN_POINT('',(-14.89803279155,25.216974083618,0.));
#2022 = CARTESIAN_POINT('',(-15.21855179807,26.094539619655,0.));
#2023 = CARTESIAN_POINT('',(-15.4940261067,26.992428110842,0.));
#2024 = CARTESIAN_POINT('',(-15.71199067557,27.86409819599,0.));
#2025 = CARTESIAN_POINT('',(-15.88272250094,28.731338669535,0.));
#2026 = CARTESIAN_POINT('',(-16.00766076692,29.594483394794,0.));
#2027 = CARTESIAN_POINT('',(-16.08819916452,30.476873863858,0.));
#2028 = CARTESIAN_POINT('',(-16.12097021877,31.333184659924,0.));
#2029 = CARTESIAN_POINT('',(-16.11028856422,32.185969609299,0.));
#2030 = CARTESIAN_POINT('',(-16.05640934548,33.03584711152,0.));
#2031 = CARTESIAN_POINT('',(-15.95496857893,33.905242362889,0.));
#2032 = CARTESIAN_POINT('',(-15.81089684678,34.749577620332,0.));
#2033 = CARTESIAN_POINT('',(-15.62272620154,35.591823987182,0.));
#2034 = CARTESIAN_POINT('',(-15.38948147815,36.432477729456,0.));
#2035 = CARTESIAN_POINT('',(-15.10105754498,37.292753226581,0.));
#2036 = CARTESIAN_POINT('',(-14.7708134366,38.128227258384,0.));
#2037 = CARTESIAN_POINT('',(-14.39147037899,38.961880061106,0.));
#2038 = CARTESIAN_POINT('',(-13.95973407716,39.793598001519,0.));
#2039 = CARTESIAN_POINT('',(-13.43397347907,40.626094283512,0.));
#2040 = CARTESIAN_POINT('',(-12.87202207064,41.433773788949,0.));
#2041 = CARTESIAN_POINT('',(-12.24964418284,42.233579768184,0.));
#2042 = CARTESIAN_POINT('',(-11.56598402366,43.02576835982,0.));
#2043 = CARTESIAN_POINT('',(-10.79652881887,43.826332275712,0.));
#2044 = CARTESIAN_POINT('',(-9.977843726103,44.591855978363,0.));
#2045 = CARTESIAN_POINT('',(-9.085743792799,45.343557010222,0.));
#2046 = CARTESIAN_POINT('',(-8.119510857322,46.07736448137,0.));
#2047 = CARTESIAN_POINT('',(-7.03098900828,46.811257056705,0.));
#2048 = CARTESIAN_POINT('',(-5.935287919124,47.481156983063,0.));
#2049 = CARTESIAN_POINT('',(-4.552393988828,48.19229788785,0.));
#2050 = CARTESIAN_POINT('',(-3.89107517787,48.582197453473,0.));
#2051 = CARTESIAN_POINT('',(-1.154996954994,49.600200533646,0.));
#2052 = CARTESIAN_POINT('',(-1.927696154043,49.340758478995,0.));
#2053 = CARTESIAN_POINT('',(-1.938209297319,49.337220087555,0.));
#2054 = CARTESIAN_POINT('',(-1.938209296072,49.337220087995,0.));
#2055 = CARTESIAN_POINT('',(-1.938209294826,49.337220088435,0.));
#2056 = CARTESIAN_POINT('',(-1.938209293579,49.337220088875,0.));
#2057 = CARTESIAN_POINT('',(-1.512378099413,49.485826371971,0.));
#2058 = CARTESIAN_POINT('',(-0.984162908972,49.670328499571,0.));
#2059 = CARTESIAN_POINT('',(-0.335416214167,49.897127241411,0.));
#2060 = VECTOR('',#2061,1.);
#2061 = DIRECTION('',(0.,-0.,-1.));
#2062 = DEFINITIONAL_REPRESENTATION('',(#2063),#2067);
#2063 = LINE('',#2064,#2065);
#2064 = CARTESIAN_POINT('',(0.,0.));
#2065 = VECTOR('',#2066,1.);
#2066 = DIRECTION('',(1.,0.));
#2067 = ( GEOMETRIC_REPRESENTATION_CONTEXT(2) 
PARAMETRIC_REPRESENTATION_CONTEXT() REPRESENTATION_CONTEXT('2D SPACE',''
  ) );
#2068 = ORIENTED_EDGE('',*,*,#2069,.T.);
#2069 = EDGE_CURVE('',#1881,#2070,#2072,.T.);
#2070 = VERTEX_POINT('',#2071);
#2071 = CARTESIAN_POINT('',(-6.103007624956,11.137472690415,0.));
#2072 = SURFACE_CURVE('',#2073,(#2078,#2085),.PCURVE_S1.);
#2073 = CIRCLE('',#2074,12.7);
#2074 = AXIS2_PLACEMENT_3D('',#2075,#2076,#2077);
#2075 = CARTESIAN_POINT('',(0.,0.,0.));
#2076 = DIRECTION('',(0.,0.,1.));
#2077 = DIRECTION('',(1.,0.,0.));
#2078 = PCURVE('',#31,#2079);
#2079 = DEFINITIONAL_REPRESENTATION('',(#2080),#2084);
#2080 = CIRCLE('',#2081,12.7);
#2081 = AXIS2_PLACEMENT_2D('',#2082,#2083);
#2082 = CARTESIAN_POINT('',(8.613796110485E-16,8.774400611482E-17));
#2083 = DIRECTION('',(1.,0.));
#2084 = ( GEOMETRIC_REPRESENTATION_CONTEXT(2) 
PARAMETRIC_REPRESENTATION_CONTEXT() REPRESENTATION_CONTEXT('2D SPACE',''
  ) );
#2085 = PCURVE('',#2086,#2091);
#2086 = CYLINDRICAL_SURFACE('',#2087,12.7);
#2087 = AXIS2_PLACEMENT_3D('',#2088,#2089,#2090);
#2088 = CARTESIAN_POINT('',(0.,0.,0.));
#2089 = DIRECTION('',(-0.,-0.,-1.));
#2090 = DIRECTION('',(1.,0.,0.));
#2091 = DEFINITIONAL_REPRESENTATION('',(#2092),#2096);
#2092 = LINE('',#2093,#2094);
#2093 = CARTESIAN_POINT('',(-0.,0.));
#2094 = VECTOR('',#2095,1.);
#2095 = DIRECTION('',(-1.,0.));
#2096 = ( GEOMETRIC_REPRESENTATION_CONTEXT(2) 
PARAMETRIC_REPRESENTATION_CONTEXT() REPRESENTATION_CONTEXT('2D SPACE',''
  ) );
#2097 = ORIENTED_EDGE('',*,*,#2098,.F.);
#2098 = EDGE_CURVE('',#2099,#2070,#2101,.T.);
#2099 = VERTEX_POINT('',#2100);
#2100 = CARTESIAN_POINT('',(-23.66095741698,41.652812830276,0.));
#2101 = SURFACE_CURVE('',#2102,(#2153,#2207),.PCURVE_S1.);
#2102 = B_SPLINE_CURVE_WITH_KNOTS('',3,(#2103,#2104,#2105,#2106,#2107,
    #2108,#2109,#2110,#2111,#2112,#2113,#2114,#2115,#2116,#2117,#2118,
    #2119,#2120,#2121,#2122,#2123,#2124,#2125,#2126,#2127,#2128,#2129,
    #2130,#2131,#2132,#2133,#2134,#2135,#2136,#2137,#2138,#2139,#2140,
    #2141,#2142,#2143,#2144,#2145,#2146,#2147,#2148,#2149,#2150,#2151,
    #2152),.UNSPECIFIED.,.F.,.F.,(4,1,1,1,1,1,1,1,1,1,1,1,1,1,1,1,1,1,1,
    1,1,1,1,1,1,1,1,1,1,1,1,1,1,1,1,1,1,1,1,1,1,1,1,1,1,1,1,4),(0.,
    1.560399863547,3.026493159763,4.408519816062,5.616164948135,
    6.857176517943,8.034500324617,9.154049078322,10.140931914661,
    11.16430891518,12.14467057154,13.086344664582,13.924748692612,
    14.803128326675,15.653911875236,16.480955579096,17.226763352129,
    18.01856826362,18.796500931648,19.563479607115,20.264226339274,
    21.01815180319,21.769388657233,22.52071176954,23.216717634111,
    23.975961822176,24.743348723341,25.521634699363,26.252131546642,
    27.05917145937,27.885262969361,28.733262670931,29.538010575103,
    30.436403024908,31.365465694071,32.327889352555,33.24854348335,
    34.284117952136,35.363069228966,36.489379128657,37.574802555564,
    38.804527640271,40.095153684953,41.452119030183,42.768727723412,
    44.27040892768,45.857339500188,47.985194622019),.UNSPECIFIED.);
#2103 = CARTESIAN_POINT('',(-23.66095741698,41.652812830276,0.));
#2104 = CARTESIAN_POINT('',(-23.98697773954,41.255184610729,0.));
#2105 = CARTESIAN_POINT('',(-24.64743924496,40.480727751203,0.));
#2106 = CARTESIAN_POINT('',(-25.51246309252,39.295404741202,0.));
#2107 = CARTESIAN_POINT('',(-26.25892321349,38.166784517809,0.));
#2108 = CARTESIAN_POINT('',(-26.90653631097,37.065861443909,0.));
#2109 = CARTESIAN_POINT('',(-27.46618980168,35.993896283128,0.));
#2110 = CARTESIAN_POINT('',(-27.95553243871,34.92031326304,0.));
#2111 = CARTESIAN_POINT('',(-28.35583389483,33.900977591802,0.));
#2112 = CARTESIAN_POINT('',(-28.68672962687,32.911141305743,0.));
#2113 = CARTESIAN_POINT('',(-28.95395155755,31.95024503168,0.));
#2114 = CARTESIAN_POINT('',(-29.16610163047,30.99117159351,0.));
#2115 = CARTESIAN_POINT('',(-29.31684405153,30.08297863963,0.));
#2116 = CARTESIAN_POINT('',(-29.41630908167,29.202141776503,0.));
#2117 = CARTESIAN_POINT('',(-29.47109482187,28.347480817839,0.));
#2118 = CARTESIAN_POINT('',(-29.47190446318,27.495170515485,0.));
#2119 = CARTESIAN_POINT('',(-29.45927117824,26.68727301477,0.));
#2120 = CARTESIAN_POINT('',(-29.40758293143,25.900389458925,0.));
#2121 = CARTESIAN_POINT('',(-29.31769017715,25.133438307675,0.));
#2122 = CARTESIAN_POINT('',(-29.18625036155,24.365335707332,0.));
#2123 = CARTESIAN_POINT('',(-29.02108765858,23.63486792002,0.));
#2124 = CARTESIAN_POINT('',(-28.8211961842,22.921509690741,0.));
#2125 = CARTESIAN_POINT('',(-28.58698246216,22.224138121186,0.));
#2126 = CARTESIAN_POINT('',(-28.31004638664,21.5244413345,0.));
#2127 = CARTESIAN_POINT('',(-28.00457616169,20.857902635075,0.));
#2128 = CARTESIAN_POINT('',(-27.66445497904,20.205423391146,0.));
#2129 = CARTESIAN_POINT('',(-27.28889802044,19.566378665642,0.));
#2130 = CARTESIAN_POINT('',(-26.86502413453,18.925155530315,0.));
#2131 = CARTESIAN_POINT('',(-26.41363133243,18.314870290429,0.));
#2132 = CARTESIAN_POINT('',(-25.92358151573,17.718045519697,0.));
#2133 = CARTESIAN_POINT('',(-25.39315195447,17.134971775214,0.));
#2134 = CARTESIAN_POINT('',(-24.80494425726,16.553037151269,0.));
#2135 = CARTESIAN_POINT('',(-24.18745036125,16.003444304672,0.));
#2136 = CARTESIAN_POINT('',(-23.52443357225,15.470350810395,0.));
#2137 = CARTESIAN_POINT('',(-22.812476541,14.957084100568,0.));
#2138 = CARTESIAN_POINT('',(-22.03352544363,14.44780697031,0.));
#2139 = CARTESIAN_POINT('',(-21.20982810816,13.998819333962,0.));
#2140 = CARTESIAN_POINT('',(-20.33575840865,13.571082206552,0.));
#2141 = CARTESIAN_POINT('',(-19.40426137149,13.174830326445,0.));
#2142 = CARTESIAN_POINT('',(-18.38882067114,12.804793143143,0.));
#2143 = CARTESIAN_POINT('',(-17.33908375969,12.48478360513,0.));
#2144 = CARTESIAN_POINT('',(-16.22556247684,12.207070084965,0.));
#2145 = CARTESIAN_POINT('',(-15.04544314713,11.976658180422,0.));
#2146 = CARTESIAN_POINT('',(-13.76418513662,11.798558710423,0.));
#2147 = CARTESIAN_POINT('',(-12.44930717803,11.683875139608,0.));
#2148 = CARTESIAN_POINT('',(-11.04842247595,11.648905995695,0.));
#2149 = CARTESIAN_POINT('',(-9.619679368803,11.630737379209,0.));
#2150 = CARTESIAN_POINT('',(-7.703865733988,11.966570666282,0.));
#2151 = CARTESIAN_POINT('',(-7.055727547691,11.462375079453,0.));
#2152 = CARTESIAN_POINT('',(-6.019486498557,11.108605330419,0.));
#2153 = PCURVE('',#31,#2154);
#2154 = DEFINITIONAL_REPRESENTATION('',(#2155),#2206);
#2155 = B_SPLINE_CURVE_WITH_KNOTS('',3,(#2156,#2157,#2158,#2159,#2160,
    #2161,#2162,#2163,#2164,#2165,#2166,#2167,#2168,#2169,#2170,#2171,
    #2172,#2173,#2174,#2175,#2176,#2177,#2178,#2179,#2180,#2181,#2182,
    #2183,#2184,#2185,#2186,#2187,#2188,#2189,#2190,#2191,#2192,#2193,
    #2194,#2195,#2196,#2197,#2198,#2199,#2200,#2201,#2202,#2203,#2204,
    #2205),.UNSPECIFIED.,.F.,.F.,(4,1,1,1,1,1,1,1,1,1,1,1,1,1,1,1,1,1,1,
    1,1,1,1,1,1,1,1,1,1,1,1,1,1,1,1,1,1,1,1,1,1,1,1,1,1,1,1,4),(0.,
    1.560399863547,3.026493159763,4.408519816062,5.616164948135,
    6.857176517943,8.034500324617,9.154049078322,10.140931914661,
    11.16430891518,12.14467057154,13.086344664582,13.924748692612,
    14.803128326675,15.653911875236,16.480955579096,17.226763352129,
    18.01856826362,18.796500931648,19.563479607115,20.264226339274,
    21.01815180319,21.769388657233,22.52071176954,23.216717634111,
    23.975961822176,24.743348723341,25.521634699363,26.252131546642,
    27.05917145937,27.885262969361,28.733262670931,29.538010575103,
    30.436403024908,31.365465694071,32.327889352555,33.24854348335,
    34.284117952136,35.363069228966,36.489379128657,37.574802555564,
    38.804527640271,40.095153684953,41.452119030183,42.768727723412,
    44.27040892768,45.857339500188,47.985194622019),.UNSPECIFIED.);
#2156 = CARTESIAN_POINT('',(-23.66095741698,41.652812830276));
#2157 = CARTESIAN_POINT('',(-23.98697773954,41.255184610729));
#2158 = CARTESIAN_POINT('',(-24.64743924496,40.480727751203));
#2159 = CARTESIAN_POINT('',(-25.51246309252,39.295404741202));
#2160 = CARTESIAN_POINT('',(-26.25892321349,38.166784517809));
#2161 = CARTESIAN_POINT('',(-26.90653631097,37.065861443909));
#2162 = CARTESIAN_POINT('',(-27.46618980168,35.993896283128));
#2163 = CARTESIAN_POINT('',(-27.95553243871,34.92031326304));
#2164 = CARTESIAN_POINT('',(-28.35583389483,33.900977591802));
#2165 = CARTESIAN_POINT('',(-28.68672962687,32.911141305743));
#2166 = CARTESIAN_POINT('',(-28.95395155755,31.95024503168));
#2167 = CARTESIAN_POINT('',(-29.16610163047,30.99117159351));
#2168 = CARTESIAN_POINT('',(-29.31684405153,30.08297863963));
#2169 = CARTESIAN_POINT('',(-29.41630908167,29.202141776503));
#2170 = CARTESIAN_POINT('',(-29.47109482187,28.347480817839));
#2171 = CARTESIAN_POINT('',(-29.47190446318,27.495170515485));
#2172 = CARTESIAN_POINT('',(-29.45927117824,26.68727301477));
#2173 = CARTESIAN_POINT('',(-29.40758293143,25.900389458925));
#2174 = CARTESIAN_POINT('',(-29.31769017715,25.133438307675));
#2175 = CARTESIAN_POINT('',(-29.18625036155,24.365335707332));
#2176 = CARTESIAN_POINT('',(-29.02108765858,23.63486792002));
#2177 = CARTESIAN_POINT('',(-28.8211961842,22.921509690741));
#2178 = CARTESIAN_POINT('',(-28.58698246216,22.224138121186));
#2179 = CARTESIAN_POINT('',(-28.31004638664,21.5244413345));
#2180 = CARTESIAN_POINT('',(-28.00457616169,20.857902635075));
#2181 = CARTESIAN_POINT('',(-27.66445497904,20.205423391146));
#2182 = CARTESIAN_POINT('',(-27.28889802044,19.566378665642));
#2183 = CARTESIAN_POINT('',(-26.86502413453,18.925155530315));
#2184 = CARTESIAN_POINT('',(-26.41363133243,18.314870290429));
#2185 = CARTESIAN_POINT('',(-25.92358151573,17.718045519697));
#2186 = CARTESIAN_POINT('',(-25.39315195447,17.134971775214));
#2187 = CARTESIAN_POINT('',(-24.80494425726,16.553037151269));
#2188 = CARTESIAN_POINT('',(-24.18745036125,16.003444304672));
#2189 = CARTESIAN_POINT('',(-23.52443357225,15.470350810395));
#2190 = CARTESIAN_POINT('',(-22.812476541,14.957084100568));
#2191 = CARTESIAN_POINT('',(-22.03352544363,14.44780697031));
#2192 = CARTESIAN_POINT('',(-21.20982810816,13.998819333962));
#2193 = CARTESIAN_POINT('',(-20.33575840865,13.571082206552));
#2194 = CARTESIAN_POINT('',(-19.40426137149,13.174830326445));
#2195 = CARTESIAN_POINT('',(-18.38882067114,12.804793143143));
#2196 = CARTESIAN_POINT('',(-17.33908375969,12.48478360513));
#2197 = CARTESIAN_POINT('',(-16.22556247684,12.207070084965));
#2198 = CARTESIAN_POINT('',(-15.04544314713,11.976658180422));
#2199 = CARTESIAN_POINT('',(-13.76418513662,11.798558710423));
#2200 = CARTESIAN_POINT('',(-12.44930717803,11.683875139608));
#2201 = CARTESIAN_POINT('',(-11.04842247595,11.648905995695));
#2202 = CARTESIAN_POINT('',(-9.619679368803,11.630737379209));
#2203 = CARTESIAN_POINT('',(-7.703865733988,11.966570666282));
#2204 = CARTESIAN_POINT('',(-7.055727547691,11.462375079453));
#2205 = CARTESIAN_POINT('',(-6.019486498557,11.108605330419));
#2206 = ( GEOMETRIC_REPRESENTATION_CONTEXT(2) 
PARAMETRIC_REPRESENTATION_CONTEXT() REPRESENTATION_CONTEXT('2D SPACE',''
  ) );
#2207 = PCURVE('',#2208,#2262);
#2208 = SURFACE_OF_LINEAR_EXTRUSION('',#2209,#2260);
#2209 = B_SPLINE_CURVE_WITH_KNOTS('',3,(#2210,#2211,#2212,#2213,#2214,
    #2215,#2216,#2217,#2218,#2219,#2220,#2221,#2222,#2223,#2224,#2225,
    #2226,#2227,#2228,#2229,#2230,#2231,#2232,#2233,#2234,#2235,#2236,
    #2237,#2238,#2239,#2240,#2241,#2242,#2243,#2244,#2245,#2246,#2247,
    #2248,#2249,#2250,#2251,#2252,#2253,#2254,#2255,#2256,#2257,#2258,
    #2259),.UNSPECIFIED.,.F.,.F.,(4,1,1,1,1,1,1,1,1,1,1,1,1,1,1,1,1,1,1,
    1,1,1,1,1,1,1,1,1,1,1,1,1,1,1,1,1,1,1,1,1,1,1,1,1,1,1,1,4),(0.,
    1.560399863547,3.026493159763,4.408519816062,5.616164948135,
    6.857176517943,8.034500324617,9.154049078322,10.140931914661,
    11.16430891518,12.14467057154,13.086344664582,13.924748692612,
    14.803128326675,15.653911875236,16.480955579096,17.226763352129,
    18.01856826362,18.796500931648,19.563479607115,20.264226339274,
    21.01815180319,21.769388657233,22.52071176954,23.216717634111,
    23.975961822176,24.743348723341,25.521634699363,26.252131546642,
    27.05917145937,27.885262969361,28.733262670931,29.538010575103,
    30.436403024908,31.365465694071,32.327889352555,33.24854348335,
    34.284117952136,35.363069228966,36.489379128657,37.574802555564,
    38.804527640271,40.095153684953,41.452119030183,42.768727723412,
    44.27040892768,45.857339500188,47.985194622019),.UNSPECIFIED.);
#2210 = CARTESIAN_POINT('',(-23.66095741698,41.652812830276,0.));
#2211 = CARTESIAN_POINT('',(-23.98697773954,41.255184610729,0.));
#2212 = CARTESIAN_POINT('',(-24.64743924496,40.480727751203,0.));
#2213 = CARTESIAN_POINT('',(-25.51246309252,39.295404741202,0.));
#2214 = CARTESIAN_POINT('',(-26.25892321349,38.166784517809,0.));
#2215 = CARTESIAN_POINT('',(-26.90653631097,37.065861443909,0.));
#2216 = CARTESIAN_POINT('',(-27.46618980168,35.993896283128,0.));
#2217 = CARTESIAN_POINT('',(-27.95553243871,34.92031326304,0.));
#2218 = CARTESIAN_POINT('',(-28.35583389483,33.900977591802,0.));
#2219 = CARTESIAN_POINT('',(-28.68672962687,32.911141305743,0.));
#2220 = CARTESIAN_POINT('',(-28.95395155755,31.95024503168,0.));
#2221 = CARTESIAN_POINT('',(-29.16610163047,30.99117159351,0.));
#2222 = CARTESIAN_POINT('',(-29.31684405153,30.08297863963,0.));
#2223 = CARTESIAN_POINT('',(-29.41630908167,29.202141776503,0.));
#2224 = CARTESIAN_POINT('',(-29.47109482187,28.347480817839,0.));
#2225 = CARTESIAN_POINT('',(-29.47190446318,27.495170515485,0.));
#2226 = CARTESIAN_POINT('',(-29.45927117824,26.68727301477,0.));
#2227 = CARTESIAN_POINT('',(-29.40758293143,25.900389458925,0.));
#2228 = CARTESIAN_POINT('',(-29.31769017715,25.133438307675,0.));
#2229 = CARTESIAN_POINT('',(-29.18625036155,24.365335707332,0.));
#2230 = CARTESIAN_POINT('',(-29.02108765858,23.63486792002,0.));
#2231 = CARTESIAN_POINT('',(-28.8211961842,22.921509690741,0.));
#2232 = CARTESIAN_POINT('',(-28.58698246216,22.224138121186,0.));
#2233 = CARTESIAN_POINT('',(-28.31004638664,21.5244413345,0.));
#2234 = CARTESIAN_POINT('',(-28.00457616169,20.857902635075,0.));
#2235 = CARTESIAN_POINT('',(-27.66445497904,20.205423391146,0.));
#2236 = CARTESIAN_POINT('',(-27.28889802044,19.566378665642,0.));
#2237 = CARTESIAN_POINT('',(-26.86502413453,18.925155530315,0.));
#2238 = CARTESIAN_POINT('',(-26.41363133243,18.314870290429,0.));
#2239 = CARTESIAN_POINT('',(-25.92358151573,17.718045519697,0.));
#2240 = CARTESIAN_POINT('',(-25.39315195447,17.134971775214,0.));
#2241 = CARTESIAN_POINT('',(-24.80494425726,16.553037151269,0.));
#2242 = CARTESIAN_POINT('',(-24.18745036125,16.003444304672,0.));
#2243 = CARTESIAN_POINT('',(-23.52443357225,15.470350810395,0.));
#2244 = CARTESIAN_POINT('',(-22.812476541,14.957084100568,0.));
#2245 = CARTESIAN_POINT('',(-22.03352544363,14.44780697031,0.));
#2246 = CARTESIAN_POINT('',(-21.20982810816,13.998819333962,0.));
#2247 = CARTESIAN_POINT('',(-20.33575840865,13.571082206552,0.));
#2248 = CARTESIAN_POINT('',(-19.40426137149,13.174830326445,0.));
#2249 = CARTESIAN_POINT('',(-18.38882067114,12.804793143143,0.));
#2250 = CARTESIAN_POINT('',(-17.33908375969,12.48478360513,0.));
#2251 = CARTESIAN_POINT('',(-16.22556247684,12.207070084965,0.));
#2252 = CARTESIAN_POINT('',(-15.04544314713,11.976658180422,0.));
#2253 = CARTESIAN_POINT('',(-13.76418513662,11.798558710423,0.));
#2254 = CARTESIAN_POINT('',(-12.44930717803,11.683875139608,0.));
#2255 = CARTESIAN_POINT('',(-11.04842247595,11.648905995695,0.));
#2256 = CARTESIAN_POINT('',(-9.619679368803,11.630737379209,0.));
#2257 = CARTESIAN_POINT('',(-7.703865733988,11.966570666282,0.));
#2258 = CARTESIAN_POINT('',(-7.055727547691,11.462375079453,0.));
#2259 = CARTESIAN_POINT('',(-6.019486498557,11.108605330419,0.));
#2260 = VECTOR('',#2261,1.);
#2261 = DIRECTION('',(0.,0.,-1.));
#2262 = DEFINITIONAL_REPRESENTATION('',(#2263),#2267);
#2263 = LINE('',#2264,#2265);
#2264 = CARTESIAN_POINT('',(0.,0.));
#2265 = VECTOR('',#2266,1.);
#2266 = DIRECTION('',(1.,0.));
#2267 = ( GEOMETRIC_REPRESENTATION_CONTEXT(2) 
PARAMETRIC_REPRESENTATION_CONTEXT() REPRESENTATION_CONTEXT('2D SPACE',''
  ) );
#2268 = ORIENTED_EDGE('',*,*,#2269,.F.);
#2269 = EDGE_CURVE('',#1852,#2099,#2270,.T.);
#2270 = SURFACE_CURVE('',#2271,(#2275,#2282),.PCURVE_S1.);
#2271 = LINE('',#2272,#2273);
#2272 = CARTESIAN_POINT('',(-25.23904258301,43.044471659842,0.));
#2273 = VECTOR('',#2274,1.);
#2274 = DIRECTION('',(0.750019207895,-0.661416047422,0.));
#2275 = PCURVE('',#31,#2276);
#2276 = DEFINITIONAL_REPRESENTATION('',(#2277),#2281);
#2277 = LINE('',#2278,#2279);
#2278 = CARTESIAN_POINT('',(-25.23904258301,43.044471659842));
#2279 = VECTOR('',#2280,1.);
#2280 = DIRECTION('',(0.750019207895,-0.661416047422));
#2281 = ( GEOMETRIC_REPRESENTATION_CONTEXT(2) 
PARAMETRIC_REPRESENTATION_CONTEXT() REPRESENTATION_CONTEXT('2D SPACE',''
  ) );
#2282 = PCURVE('',#2283,#2288);
#2283 = PLANE('',#2284);
#2284 = AXIS2_PLACEMENT_3D('',#2285,#2286,#2287);
#2285 = CARTESIAN_POINT('',(-25.23904258301,43.044471659842,0.));
#2286 = DIRECTION('',(0.661416047422,0.750019207895,0.));
#2287 = DIRECTION('',(0.750019207895,-0.661416047422,0.));
#2288 = DEFINITIONAL_REPRESENTATION('',(#2289),#2293);
#2289 = LINE('',#2290,#2291);
#2290 = CARTESIAN_POINT('',(0.,0.));
#2291 = VECTOR('',#2292,1.);
#2292 = DIRECTION('',(1.,0.));
#2293 = ( GEOMETRIC_REPRESENTATION_CONTEXT(2) 
PARAMETRIC_REPRESENTATION_CONTEXT() REPRESENTATION_CONTEXT('2D SPACE',''
  ) );
#2294 = FACE_BOUND('',#2295,.F.);
#2295 = EDGE_LOOP('',(#2296,#2327,#2516,#2545,#2716));
#2296 = ORIENTED_EDGE('',*,*,#2297,.F.);
#2297 = EDGE_CURVE('',#2298,#2300,#2302,.T.);
#2298 = VERTEX_POINT('',#2299);
#2299 = CARTESIAN_POINT('',(-27.22536347003,40.620063809954,0.));
#2300 = VERTEX_POINT('',#2301);
#2301 = CARTESIAN_POINT('',(-42.34864224505,24.45,0.));
#2302 = SURFACE_CURVE('',#2303,(#2308,#2315),.PCURVE_S1.);
#2303 = CIRCLE('',#2304,48.9);
#2304 = AXIS2_PLACEMENT_3D('',#2305,#2306,#2307);
#2305 = CARTESIAN_POINT('',(2.376054908382E-13,1.705302565824E-15,0.));
#2306 = DIRECTION('',(0.,0.,1.));
#2307 = DIRECTION('',(1.,0.,0.));
#2308 = PCURVE('',#31,#2309);
#2309 = DEFINITIONAL_REPRESENTATION('',(#2310),#2314);
#2310 = CIRCLE('',#2311,48.9);
#2311 = AXIS2_PLACEMENT_2D('',#2312,#2313);
#2312 = CARTESIAN_POINT('',(2.384668704492E-13,1.793046571939E-15));
#2313 = DIRECTION('',(1.,0.));
#2314 = ( GEOMETRIC_REPRESENTATION_CONTEXT(2) 
PARAMETRIC_REPRESENTATION_CONTEXT() REPRESENTATION_CONTEXT('2D SPACE',''
  ) );
#2315 = PCURVE('',#2316,#2321);
#2316 = CYLINDRICAL_SURFACE('',#2317,48.9);
#2317 = AXIS2_PLACEMENT_3D('',#2318,#2319,#2320);
#2318 = CARTESIAN_POINT('',(2.376054908382E-13,1.705302565824E-15,0.));
#2319 = DIRECTION('',(-0.,-0.,-1.));
#2320 = DIRECTION('',(1.,0.,0.));
#2321 = DEFINITIONAL_REPRESENTATION('',(#2322),#2326);
#2322 = LINE('',#2323,#2324);
#2323 = CARTESIAN_POINT('',(-0.,0.));
#2324 = VECTOR('',#2325,1.);
#2325 = DIRECTION('',(-1.,0.));
#2326 = ( GEOMETRIC_REPRESENTATION_CONTEXT(2) 
PARAMETRIC_REPRESENTATION_CONTEXT() REPRESENTATION_CONTEXT('2D SPACE',''
  ) );
#2327 = ORIENTED_EDGE('',*,*,#2328,.F.);
#2328 = EDGE_CURVE('',#2329,#2298,#2331,.T.);
#2329 = VERTEX_POINT('',#2330);
#2330 = CARTESIAN_POINT('',(-8.057095651254,9.816985772962,0.));
#2331 = SURFACE_CURVE('',#2332,(#2389,#2449),.PCURVE_S1.);
#2332 = B_SPLINE_CURVE_WITH_KNOTS('',3,(#2333,#2334,#2335,#2336,#2337,
    #2338,#2339,#2340,#2341,#2342,#2343,#2344,#2345,#2346,#2347,#2348,
    #2349,#2350,#2351,#2352,#2353,#2354,#2355,#2356,#2357,#2358,#2359,
    #2360,#2361,#2362,#2363,#2364,#2365,#2366,#2367,#2368,#2369,#2370,
    #2371,#2372,#2373,#2374,#2375,#2376,#2377,#2378,#2379,#2380,#2381,
    #2382,#2383,#2384,#2385,#2386,#2387,#2388),.UNSPECIFIED.,.F.,.F.,(4,
    1,1,1,1,1,1,1,1,1,1,1,1,1,1,1,1,1,1,1,1,1,1,1,1,1,1,1,1,1,1,1,1,1,1,
    1,1,1,1,1,1,1,1,1,1,1,1,3,3,4),(0.,2.252840378147,3.947251251067,
    5.556769293497,6.973069313182,8.438034201878,9.836527608945,
    11.173881028628,12.358378394578,13.591674823614,14.777241775145,
    15.919070127373,16.937511191725,18.005608061592,19.040905950925,
    20.046909447572,20.952226144232,21.910527049393,22.848343890734,
    23.768545277515,24.604779330967,25.498993387072,26.383732766176,
    27.261734369083,28.068590979197,28.941306811933,29.815275751476,
    30.69326112534,31.509705745874,32.403313623746,33.30925058782,
    34.230483702873,35.097084585268,36.056205964867,37.039089037922,
    38.048588577934,39.007142758039,40.077976938895,41.186386250524,
    42.336589601129,43.439334281668,44.68291297016,45.982505886097,
    47.343769408886,48.660381123787,50.157957971193,51.73669345799,
    51.75772326206,53.205564838504,53.402350377676),.UNSPECIFIED.);
#2333 = CARTESIAN_POINT('',(-5.677248475798,9.159260313996,0.));
#2334 = CARTESIAN_POINT('',(-6.419157071282,9.381570029705,0.));
#2335 = CARTESIAN_POINT('',(-7.621806634367,10.011966278282,0.));
#2336 = CARTESIAN_POINT('',(-9.502145407973,9.623455899746,0.));
#2337 = CARTESIAN_POINT('',(-11.06885888545,9.65000611865,0.));
#2338 = CARTESIAN_POINT('',(-12.56725773769,9.68602267767,0.));
#2339 = CARTESIAN_POINT('',(-13.98898356738,9.810347266808,0.));
#2340 = CARTESIAN_POINT('',(-15.37657107416,10.003257832058,0.));
#2341 = CARTESIAN_POINT('',(-16.65976754364,10.253866175147,0.));
#2342 = CARTESIAN_POINT('',(-17.87475124589,10.556919559953,0.));
#2343 = CARTESIAN_POINT('',(-19.02418885108,10.907450062459,0.));
#2344 = CARTESIAN_POINT('',(-20.13995773798,11.313848276896,0.));
#2345 = CARTESIAN_POINT('',(-21.16633079481,11.751427632696,0.));
#2346 = CARTESIAN_POINT('',(-22.13463492478,12.222151791377,0.));
#2347 = CARTESIAN_POINT('',(-23.04336433443,12.729825005182,0.));
#2348 = CARTESIAN_POINT('',(-23.93376159434,13.260952256266,0.));
#2349 = CARTESIAN_POINT('',(-24.74652980208,13.813470505503,0.));
#2350 = CARTESIAN_POINT('',(-25.51056190571,14.389523767208,0.));
#2351 = CARTESIAN_POINT('',(-26.22692227576,14.989258311645,0.));
#2352 = CARTESIAN_POINT('',(-26.91443427072,15.629115400462,0.));
#2353 = CARTESIAN_POINT('',(-27.53903216706,16.275021553485,0.));
#2354 = CARTESIAN_POINT('',(-28.12051050184,16.940707922079,0.));
#2355 = CARTESIAN_POINT('',(-28.66028257671,17.625744048305,0.));
#2356 = CARTESIAN_POINT('',(-29.17122610955,18.349647411773,0.));
#2357 = CARTESIAN_POINT('',(-29.62776207307,19.074848787575,0.));
#2358 = CARTESIAN_POINT('',(-30.04490396356,19.818723044973,0.));
#2359 = CARTESIAN_POINT('',(-30.4231819425,20.581678161375,0.));
#2360 = CARTESIAN_POINT('',(-30.77002928738,21.385316918264,0.));
#2361 = CARTESIAN_POINT('',(-31.06742713609,22.188568566594,0.));
#2362 = CARTESIAN_POINT('',(-31.32558976049,23.012060639153,0.));
#2363 = CARTESIAN_POINT('',(-31.54392077587,23.856710497443,0.));
#2364 = CARTESIAN_POINT('',(-31.72427607126,24.745942898789,0.));
#2365 = CARTESIAN_POINT('',(-31.85601329985,25.634606688725,0.));
#2366 = CARTESIAN_POINT('',(-31.94431897657,26.546242722624,0.));
#2367 = CARTESIAN_POINT('',(-31.98628334165,27.48239973872,0.));
#2368 = CARTESIAN_POINT('',(-31.9472094484,28.466242966525,0.));
#2369 = CARTESIAN_POINT('',(-31.86438500572,29.446689640565,0.));
#2370 = CARTESIAN_POINT('',(-31.72529293375,30.450530880581,0.));
#2371 = CARTESIAN_POINT('',(-31.52932016417,31.478416405116,0.));
#2372 = CARTESIAN_POINT('',(-31.26323436769,32.556452696028,0.));
#2373 = CARTESIAN_POINT('',(-30.93699413097,33.628758216108,0.));
#2374 = CARTESIAN_POINT('',(-30.54026344195,34.7258003724,0.));
#2375 = CARTESIAN_POINT('',(-30.07038490943,35.84441275164,0.));
#2376 = CARTESIAN_POINT('',(-29.49464362325,37.02424329005,0.));
#2377 = CARTESIAN_POINT('',(-28.88068860826,38.152244188848,0.));
#2378 = CARTESIAN_POINT('',(-28.03863778628,39.459557243211,0.));
#2379 = CARTESIAN_POINT('',(-27.6608686788,40.127879577444,0.));
#2380 = CARTESIAN_POINT('',(-25.80035697114,42.377535217442,0.));
#2381 = CARTESIAN_POINT('',(-26.33981307967,41.76650220778,0.));
#2382 = CARTESIAN_POINT('',(-26.3471485331,41.758181299267,0.));
#2383 = CARTESIAN_POINT('',(-26.34714853224,41.758181300272,0.));
#2384 = CARTESIAN_POINT('',(-26.34714853138,41.758181301276,0.));
#2385 = CARTESIAN_POINT('',(-26.34714853052,41.75818130228,0.));
#2386 = CARTESIAN_POINT('',(-26.0526710402,42.099793715686,0.));
#2387 = CARTESIAN_POINT('',(-25.68747433041,42.52368484046,0.));
#2388 = CARTESIAN_POINT('',(-25.23904258301,43.044471659842,0.));
#2389 = PCURVE('',#31,#2390);
#2390 = DEFINITIONAL_REPRESENTATION('',(#2391),#2448);
#2391 = B_SPLINE_CURVE_WITH_KNOTS('',3,(#2392,#2393,#2394,#2395,#2396,
    #2397,#2398,#2399,#2400,#2401,#2402,#2403,#2404,#2405,#2406,#2407,
    #2408,#2409,#2410,#2411,#2412,#2413,#2414,#2415,#2416,#2417,#2418,
    #2419,#2420,#2421,#2422,#2423,#2424,#2425,#2426,#2427,#2428,#2429,
    #2430,#2431,#2432,#2433,#2434,#2435,#2436,#2437,#2438,#2439,#2440,
    #2441,#2442,#2443,#2444,#2445,#2446,#2447),.UNSPECIFIED.,.F.,.F.,(4,
    1,1,1,1,1,1,1,1,1,1,1,1,1,1,1,1,1,1,1,1,1,1,1,1,1,1,1,1,1,1,1,1,1,1,
    1,1,1,1,1,1,1,1,1,1,1,1,3,3,4),(0.,2.252840378147,3.947251251067,
    5.556769293497,6.973069313182,8.438034201878,9.836527608945,
    11.173881028628,12.358378394578,13.591674823614,14.777241775145,
    15.919070127373,16.937511191725,18.005608061592,19.040905950925,
    20.046909447572,20.952226144232,21.910527049393,22.848343890734,
    23.768545277515,24.604779330967,25.498993387072,26.383732766176,
    27.261734369083,28.068590979197,28.941306811933,29.815275751476,
    30.69326112534,31.509705745874,32.403313623746,33.30925058782,
    34.230483702873,35.097084585268,36.056205964867,37.039089037922,
    38.048588577934,39.007142758039,40.077976938895,41.186386250524,
    42.336589601129,43.439334281668,44.68291297016,45.982505886097,
    47.343769408886,48.660381123787,50.157957971193,51.73669345799,
    51.75772326206,53.205564838504,53.402350377676),.UNSPECIFIED.);
#2392 = CARTESIAN_POINT('',(-5.677248475798,9.159260313996));
#2393 = CARTESIAN_POINT('',(-6.419157071282,9.381570029705));
#2394 = CARTESIAN_POINT('',(-7.621806634367,10.011966278282));
#2395 = CARTESIAN_POINT('',(-9.502145407973,9.623455899746));
#2396 = CARTESIAN_POINT('',(-11.06885888545,9.65000611865));
#2397 = CARTESIAN_POINT('',(-12.56725773769,9.68602267767));
#2398 = CARTESIAN_POINT('',(-13.98898356738,9.810347266808));
#2399 = CARTESIAN_POINT('',(-15.37657107416,10.003257832058));
#2400 = CARTESIAN_POINT('',(-16.65976754364,10.253866175147));
#2401 = CARTESIAN_POINT('',(-17.87475124589,10.556919559953));
#2402 = CARTESIAN_POINT('',(-19.02418885108,10.907450062459));
#2403 = CARTESIAN_POINT('',(-20.13995773798,11.313848276896));
#2404 = CARTESIAN_POINT('',(-21.16633079481,11.751427632696));
#2405 = CARTESIAN_POINT('',(-22.13463492478,12.222151791377));
#2406 = CARTESIAN_POINT('',(-23.04336433443,12.729825005182));
#2407 = CARTESIAN_POINT('',(-23.93376159434,13.260952256266));
#2408 = CARTESIAN_POINT('',(-24.74652980208,13.813470505503));
#2409 = CARTESIAN_POINT('',(-25.51056190571,14.389523767208));
#2410 = CARTESIAN_POINT('',(-26.22692227576,14.989258311645));
#2411 = CARTESIAN_POINT('',(-26.91443427072,15.629115400462));
#2412 = CARTESIAN_POINT('',(-27.53903216706,16.275021553485));
#2413 = CARTESIAN_POINT('',(-28.12051050184,16.940707922079));
#2414 = CARTESIAN_POINT('',(-28.66028257671,17.625744048305));
#2415 = CARTESIAN_POINT('',(-29.17122610955,18.349647411773));
#2416 = CARTESIAN_POINT('',(-29.62776207307,19.074848787575));
#2417 = CARTESIAN_POINT('',(-30.04490396356,19.818723044973));
#2418 = CARTESIAN_POINT('',(-30.4231819425,20.581678161375));
#2419 = CARTESIAN_POINT('',(-30.77002928738,21.385316918264));
#2420 = CARTESIAN_POINT('',(-31.06742713609,22.188568566594));
#2421 = CARTESIAN_POINT('',(-31.32558976049,23.012060639153));
#2422 = CARTESIAN_POINT('',(-31.54392077587,23.856710497443));
#2423 = CARTESIAN_POINT('',(-31.72427607126,24.745942898789));
#2424 = CARTESIAN_POINT('',(-31.85601329985,25.634606688725));
#2425 = CARTESIAN_POINT('',(-31.94431897657,26.546242722624));
#2426 = CARTESIAN_POINT('',(-31.98628334165,27.48239973872));
#2427 = CARTESIAN_POINT('',(-31.9472094484,28.466242966525));
#2428 = CARTESIAN_POINT('',(-31.86438500572,29.446689640565));
#2429 = CARTESIAN_POINT('',(-31.72529293375,30.450530880581));
#2430 = CARTESIAN_POINT('',(-31.52932016417,31.478416405116));
#2431 = CARTESIAN_POINT('',(-31.26323436769,32.556452696028));
#2432 = CARTESIAN_POINT('',(-30.93699413097,33.628758216108));
#2433 = CARTESIAN_POINT('',(-30.54026344195,34.7258003724));
#2434 = CARTESIAN_POINT('',(-30.07038490943,35.84441275164));
#2435 = CARTESIAN_POINT('',(-29.49464362325,37.02424329005));
#2436 = CARTESIAN_POINT('',(-28.88068860826,38.152244188848));
#2437 = CARTESIAN_POINT('',(-28.03863778628,39.459557243211));
#2438 = CARTESIAN_POINT('',(-27.6608686788,40.127879577444));
#2439 = CARTESIAN_POINT('',(-25.80035697114,42.377535217442));
#2440 = CARTESIAN_POINT('',(-26.33981307967,41.76650220778));
#2441 = CARTESIAN_POINT('',(-26.3471485331,41.758181299267));
#2442 = CARTESIAN_POINT('',(-26.34714853224,41.758181300272));
#2443 = CARTESIAN_POINT('',(-26.34714853138,41.758181301276));
#2444 = CARTESIAN_POINT('',(-26.34714853052,41.75818130228));
#2445 = CARTESIAN_POINT('',(-26.0526710402,42.099793715686));
#2446 = CARTESIAN_POINT('',(-25.68747433041,42.52368484046));
#2447 = CARTESIAN_POINT('',(-25.23904258301,43.044471659842));
#2448 = ( GEOMETRIC_REPRESENTATION_CONTEXT(2) 
PARAMETRIC_REPRESENTATION_CONTEXT() REPRESENTATION_CONTEXT('2D SPACE',''
  ) );
#2449 = PCURVE('',#2450,#2510);
#2450 = SURFACE_OF_LINEAR_EXTRUSION('',#2451,#2508);
#2451 = B_SPLINE_CURVE_WITH_KNOTS('',3,(#2452,#2453,#2454,#2455,#2456,
    #2457,#2458,#2459,#2460,#2461,#2462,#2463,#2464,#2465,#2466,#2467,
    #2468,#2469,#2470,#2471,#2472,#2473,#2474,#2475,#2476,#2477,#2478,
    #2479,#2480,#2481,#2482,#2483,#2484,#2485,#2486,#2487,#2488,#2489,
    #2490,#2491,#2492,#2493,#2494,#2495,#2496,#2497,#2498,#2499,#2500,
    #2501,#2502,#2503,#2504,#2505,#2506,#2507),.UNSPECIFIED.,.F.,.F.,(4,
    1,1,1,1,1,1,1,1,1,1,1,1,1,1,1,1,1,1,1,1,1,1,1,1,1,1,1,1,1,1,1,1,1,1,
    1,1,1,1,1,1,1,1,1,1,1,1,3,3,4),(0.,2.252840378147,3.947251251067,
    5.556769293497,6.973069313182,8.438034201878,9.836527608945,
    11.173881028628,12.358378394578,13.591674823614,14.777241775145,
    15.919070127373,16.937511191725,18.005608061592,19.040905950925,
    20.046909447572,20.952226144232,21.910527049393,22.848343890734,
    23.768545277515,24.604779330967,25.498993387072,26.383732766176,
    27.261734369083,28.068590979197,28.941306811933,29.815275751476,
    30.69326112534,31.509705745874,32.403313623746,33.30925058782,
    34.230483702873,35.097084585268,36.056205964867,37.039089037922,
    38.048588577934,39.007142758039,40.077976938895,41.186386250524,
    42.336589601129,43.439334281668,44.68291297016,45.982505886097,
    47.343769408886,48.660381123787,50.157957971193,51.73669345799,
    51.75772326206,53.205564838504,53.402350377676),.UNSPECIFIED.);
#2452 = CARTESIAN_POINT('',(-5.677248475798,9.159260313996,0.));
#2453 = CARTESIAN_POINT('',(-6.419157071282,9.381570029705,0.));
#2454 = CARTESIAN_POINT('',(-7.621806634367,10.011966278282,0.));
#2455 = CARTESIAN_POINT('',(-9.502145407973,9.623455899746,0.));
#2456 = CARTESIAN_POINT('',(-11.06885888545,9.65000611865,0.));
#2457 = CARTESIAN_POINT('',(-12.56725773769,9.68602267767,0.));
#2458 = CARTESIAN_POINT('',(-13.98898356738,9.810347266808,0.));
#2459 = CARTESIAN_POINT('',(-15.37657107416,10.003257832058,0.));
#2460 = CARTESIAN_POINT('',(-16.65976754364,10.253866175147,0.));
#2461 = CARTESIAN_POINT('',(-17.87475124589,10.556919559953,0.));
#2462 = CARTESIAN_POINT('',(-19.02418885108,10.907450062459,0.));
#2463 = CARTESIAN_POINT('',(-20.13995773798,11.313848276896,0.));
#2464 = CARTESIAN_POINT('',(-21.16633079481,11.751427632696,0.));
#2465 = CARTESIAN_POINT('',(-22.13463492478,12.222151791377,0.));
#2466 = CARTESIAN_POINT('',(-23.04336433443,12.729825005182,0.));
#2467 = CARTESIAN_POINT('',(-23.93376159434,13.260952256266,0.));
#2468 = CARTESIAN_POINT('',(-24.74652980208,13.813470505503,0.));
#2469 = CARTESIAN_POINT('',(-25.51056190571,14.389523767208,0.));
#2470 = CARTESIAN_POINT('',(-26.22692227576,14.989258311645,0.));
#2471 = CARTESIAN_POINT('',(-26.91443427072,15.629115400462,0.));
#2472 = CARTESIAN_POINT('',(-27.53903216706,16.275021553485,0.));
#2473 = CARTESIAN_POINT('',(-28.12051050184,16.940707922079,0.));
#2474 = CARTESIAN_POINT('',(-28.66028257671,17.625744048305,0.));
#2475 = CARTESIAN_POINT('',(-29.17122610955,18.349647411773,0.));
#2476 = CARTESIAN_POINT('',(-29.62776207307,19.074848787575,0.));
#2477 = CARTESIAN_POINT('',(-30.04490396356,19.818723044973,0.));
#2478 = CARTESIAN_POINT('',(-30.4231819425,20.581678161375,0.));
#2479 = CARTESIAN_POINT('',(-30.77002928738,21.385316918264,0.));
#2480 = CARTESIAN_POINT('',(-31.06742713609,22.188568566594,0.));
#2481 = CARTESIAN_POINT('',(-31.32558976049,23.012060639153,0.));
#2482 = CARTESIAN_POINT('',(-31.54392077587,23.856710497443,0.));
#2483 = CARTESIAN_POINT('',(-31.72427607126,24.745942898789,0.));
#2484 = CARTESIAN_POINT('',(-31.85601329985,25.634606688725,0.));
#2485 = CARTESIAN_POINT('',(-31.94431897657,26.546242722624,0.));
#2486 = CARTESIAN_POINT('',(-31.98628334165,27.48239973872,0.));
#2487 = CARTESIAN_POINT('',(-31.9472094484,28.466242966525,0.));
#2488 = CARTESIAN_POINT('',(-31.86438500572,29.446689640565,0.));
#2489 = CARTESIAN_POINT('',(-31.72529293375,30.450530880581,0.));
#2490 = CARTESIAN_POINT('',(-31.52932016417,31.478416405116,0.));
#2491 = CARTESIAN_POINT('',(-31.26323436769,32.556452696028,0.));
#2492 = CARTESIAN_POINT('',(-30.93699413097,33.628758216108,0.));
#2493 = CARTESIAN_POINT('',(-30.54026344195,34.7258003724,0.));
#2494 = CARTESIAN_POINT('',(-30.07038490943,35.84441275164,0.));
#2495 = CARTESIAN_POINT('',(-29.49464362325,37.02424329005,0.));
#2496 = CARTESIAN_POINT('',(-28.88068860826,38.152244188848,0.));
#2497 = CARTESIAN_POINT('',(-28.03863778628,39.459557243211,0.));
#2498 = CARTESIAN_POINT('',(-27.6608686788,40.127879577444,0.));
#2499 = CARTESIAN_POINT('',(-25.80035697114,42.377535217442,0.));
#2500 = CARTESIAN_POINT('',(-26.33981307967,41.76650220778,0.));
#2501 = CARTESIAN_POINT('',(-26.3471485331,41.758181299267,0.));
#2502 = CARTESIAN_POINT('',(-26.34714853224,41.758181300272,0.));
#2503 = CARTESIAN_POINT('',(-26.34714853138,41.758181301276,0.));
#2504 = CARTESIAN_POINT('',(-26.34714853052,41.75818130228,0.));
#2505 = CARTESIAN_POINT('',(-26.0526710402,42.099793715686,0.));
#2506 = CARTESIAN_POINT('',(-25.68747433041,42.52368484046,0.));
#2507 = CARTESIAN_POINT('',(-25.23904258301,43.044471659842,0.));
#2508 = VECTOR('',#2509,1.);
#2509 = DIRECTION('',(0.,0.,-1.));
#2510 = DEFINITIONAL_REPRESENTATION('',(#2511),#2515);
#2511 = LINE('',#2512,#2513);
#2512 = CARTESIAN_POINT('',(0.,0.));
#2513 = VECTOR('',#2514,1.);
#2514 = DIRECTION('',(1.,0.));
#2515 = ( GEOMETRIC_REPRESENTATION_CONTEXT(2) 
PARAMETRIC_REPRESENTATION_CONTEXT() REPRESENTATION_CONTEXT('2D SPACE',''
  ) );
#2516 = ORIENTED_EDGE('',*,*,#2517,.T.);
#2517 = EDGE_CURVE('',#2329,#2518,#2520,.T.);
#2518 = VERTEX_POINT('',#2519);
#2519 = CARTESIAN_POINT('',(-10.8540959879,6.593830471377,0.));
#2520 = SURFACE_CURVE('',#2521,(#2526,#2533),.PCURVE_S1.);
#2521 = CIRCLE('',#2522,12.7);
#2522 = AXIS2_PLACEMENT_3D('',#2523,#2524,#2525);
#2523 = CARTESIAN_POINT('',(0.,0.,0.));
#2524 = DIRECTION('',(0.,0.,1.));
#2525 = DIRECTION('',(1.,0.,0.));
#2526 = PCURVE('',#31,#2527);
#2527 = DEFINITIONAL_REPRESENTATION('',(#2528),#2532);
#2528 = CIRCLE('',#2529,12.7);
#2529 = AXIS2_PLACEMENT_2D('',#2530,#2531);
#2530 = CARTESIAN_POINT('',(8.613796110485E-16,8.774400611482E-17));
#2531 = DIRECTION('',(1.,0.));
#2532 = ( GEOMETRIC_REPRESENTATION_CONTEXT(2) 
PARAMETRIC_REPRESENTATION_CONTEXT() REPRESENTATION_CONTEXT('2D SPACE',''
  ) );
#2533 = PCURVE('',#2534,#2539);
#2534 = CYLINDRICAL_SURFACE('',#2535,12.7);
#2535 = AXIS2_PLACEMENT_3D('',#2536,#2537,#2538);
#2536 = CARTESIAN_POINT('',(0.,0.,0.));
#2537 = DIRECTION('',(-0.,-0.,-1.));
#2538 = DIRECTION('',(1.,0.,0.));
#2539 = DEFINITIONAL_REPRESENTATION('',(#2540),#2544);
#2540 = LINE('',#2541,#2542);
#2541 = CARTESIAN_POINT('',(-0.,0.));
#2542 = VECTOR('',#2543,1.);
#2543 = DIRECTION('',(-1.,0.));
#2544 = ( GEOMETRIC_REPRESENTATION_CONTEXT(2) 
PARAMETRIC_REPRESENTATION_CONTEXT() REPRESENTATION_CONTEXT('2D SPACE',''
  ) );
#2545 = ORIENTED_EDGE('',*,*,#2546,.F.);
#2546 = EDGE_CURVE('',#2547,#2518,#2549,.T.);
#2547 = VERTEX_POINT('',#2548);
#2548 = CARTESIAN_POINT('',(-41.3173966161,24.241915341605,0.));
#2549 = SURFACE_CURVE('',#2550,(#2601,#2655),.PCURVE_S1.);
#2550 = B_SPLINE_CURVE_WITH_KNOTS('',3,(#2551,#2552,#2553,#2554,#2555,
    #2556,#2557,#2558,#2559,#2560,#2561,#2562,#2563,#2564,#2565,#2566,
    #2567,#2568,#2569,#2570,#2571,#2572,#2573,#2574,#2575,#2576,#2577,
    #2578,#2579,#2580,#2581,#2582,#2583,#2584,#2585,#2586,#2587,#2588,
    #2589,#2590,#2591,#2592,#2593,#2594,#2595,#2596,#2597,#2598,#2599,
    #2600),.UNSPECIFIED.,.F.,.F.,(4,1,1,1,1,1,1,1,1,1,1,1,1,1,1,1,1,1,1,
    1,1,1,1,1,1,1,1,1,1,1,1,1,1,1,1,1,1,1,1,1,1,1,1,1,1,1,1,4),(0.,
    1.560399863547,3.026493159763,4.408519816062,5.616164948135,
    6.857176517943,8.034500324617,9.154049078322,10.140931914661,
    11.16430891518,12.14467057154,13.086344664582,13.924748692612,
    14.803128326675,15.653911875236,16.480955579096,17.226763352129,
    18.01856826362,18.796500931648,19.563479607115,20.264226339274,
    21.01815180319,21.769388657233,22.52071176954,23.216717634111,
    23.975961822176,24.743348723341,25.521634699363,26.252131546642,
    27.05917145937,27.885262969361,28.733262670931,29.538010575103,
    30.436403024908,31.365465694071,32.327889352555,33.24854348335,
    34.284117952136,35.363069228966,36.489379128657,37.574802555564,
    38.804527640271,40.095153684953,41.452119030183,42.768727723412,
    44.27040892768,45.857339500188,47.985194622019),.UNSPECIFIED.);
#2551 = CARTESIAN_POINT('',(-41.3173966161,24.241915341605,0.));
#2552 = CARTESIAN_POINT('',(-41.40092438782,23.734549040934,0.));
#2553 = CARTESIAN_POINT('',(-41.58567239997,22.733618973742,0.));
#2554 = CARTESIAN_POINT('',(-41.74214352184,21.27458721161,0.));
#2555 = CARTESIAN_POINT('',(-41.82428683781,19.92394336644,0.));
#2556 = CARTESIAN_POINT('',(-41.8346746951,18.646709468091,0.));
#2557 = CARTESIAN_POINT('',(-41.78336625498,17.438533661528,0.));
#2558 = CARTESIAN_POINT('',(-41.67035789976,16.264112174546,0.));
#2559 = CARTESIAN_POINT('',(-41.50736129431,15.181190860212,0.));
#2560 = CARTESIAN_POINT('',(-41.29900726123,14.158519624877,0.));
#2561 = CARTESIAN_POINT('',(-41.04998010462,13.192748075794,0.));
#2562 = CARTESIAN_POINT('',(-40.7541707381,12.256091077786,0.));
#2563 = CARTESIAN_POINT('',(-40.43062102723,11.394201697657,0.));
#2564 = CARTESIAN_POINT('',(-40.07634183855,10.581642082529,0.));
#2565 = CARTESIAN_POINT('',(-39.696457202,9.814091110602,0.));
#2566 = CARTESIAN_POINT('',(-39.27100322077,9.0755639162,0.));
#2567 = CARTESIAN_POINT('',(-38.85611372471,8.382220799401,0.));
#2568 = CARTESIAN_POINT('',(-38.41790861198,7.72660377362,0.));
#2569 = CARTESIAN_POINT('',(-37.95658362753,7.107350970319,0.));
#2570 = CARTESIAN_POINT('',(-37.45870210798,6.507874513511,0.));
#2571 = CARTESIAN_POINT('',(-36.95043311779,5.957852204536,0.));
#2572 = CARTESIAN_POINT('',(-36.42064290834,5.440011593171,0.));
#2573 = CARTESIAN_POINT('',(-35.86912209037,4.953176959078,0.));
#2574 = CARTESIAN_POINT('',(-35.2794400204,4.48568980462,0.));
#2575 = CARTESIAN_POINT('',(-34.68162569578,4.06118547079,0.));
#2576 = CARTESIAN_POINT('',(-34.06083248927,3.666182461433,0.));
#2577 = CARTESIAN_POINT('',(-33.4160682598,3.300531974291,0.));
#2578 = CARTESIAN_POINT('',(-32.72837113895,2.957153392555,0.));
#2579 = CARTESIAN_POINT('',(-32.0323108853,2.65432727231,0.));
#2580 = CARTESIAN_POINT('',(-31.30950290955,2.382486767599,0.));
#2581 = CARTESIAN_POINT('',(-30.55860056234,2.142744873225,0.));
#2582 = CARTESIAN_POINT('',(-29.75823044188,1.932878554153,0.));
#2583 = CARTESIAN_POINT('',(-28.94866861795,1.765664135267,0.));
#2584 = CARTESIAN_POINT('',(-28.10793248841,1.635500021131,0.));
#2585 = CARTESIAN_POINT('',(-27.23472625802,1.546976527131,0.));
#2586 = CARTESIAN_POINT('',(-26.30549625427,1.495405143445,0.));
#2587 = CARTESIAN_POINT('',(-25.36765961855,1.518419112116,0.));
#2588 = CARTESIAN_POINT('',(-24.39682449039,1.585022743395,0.));
#2589 = CARTESIAN_POINT('',(-23.39199845261,1.707607067501,0.));
#2590 = CARTESIAN_POINT('',(-22.32758241842,1.894865816593,0.));
#2591 = CARTESIAN_POINT('',(-21.25847881681,2.142597882945,0.));
#2592 = CARTESIAN_POINT('',(-20.15528433812,2.458851560935,0.));
#2593 = CARTESIAN_POINT('',(-19.01806506682,2.849368663121,0.));
#2594 = CARTESIAN_POINT('',(-17.81941334592,3.335759002956,0.));
#2595 = CARTESIAN_POINT('',(-16.62335384549,3.89387909653,0.));
#2596 = CARTESIAN_POINT('',(-15.39266753376,4.564037280591,0.));
#2597 = CARTESIAN_POINT('',(-14.14625539924,5.262674350739,0.));
#2598 = CARTESIAN_POINT('',(-12.65502876611,6.511421326188,0.));
#2599 = CARTESIAN_POINT('',(-11.8416268382,6.398844232666,0.));
#2600 = CARTESIAN_POINT('',(-10.76733089069,6.61059116748,0.));
#2601 = PCURVE('',#31,#2602);
#2602 = DEFINITIONAL_REPRESENTATION('',(#2603),#2654);
#2603 = B_SPLINE_CURVE_WITH_KNOTS('',3,(#2604,#2605,#2606,#2607,#2608,
    #2609,#2610,#2611,#2612,#2613,#2614,#2615,#2616,#2617,#2618,#2619,
    #2620,#2621,#2622,#2623,#2624,#2625,#2626,#2627,#2628,#2629,#2630,
    #2631,#2632,#2633,#2634,#2635,#2636,#2637,#2638,#2639,#2640,#2641,
    #2642,#2643,#2644,#2645,#2646,#2647,#2648,#2649,#2650,#2651,#2652,
    #2653),.UNSPECIFIED.,.F.,.F.,(4,1,1,1,1,1,1,1,1,1,1,1,1,1,1,1,1,1,1,
    1,1,1,1,1,1,1,1,1,1,1,1,1,1,1,1,1,1,1,1,1,1,1,1,1,1,1,1,4),(0.,
    1.560399863547,3.026493159763,4.408519816062,5.616164948135,
    6.857176517943,8.034500324617,9.154049078322,10.140931914661,
    11.16430891518,12.14467057154,13.086344664582,13.924748692612,
    14.803128326675,15.653911875236,16.480955579096,17.226763352129,
    18.01856826362,18.796500931648,19.563479607115,20.264226339274,
    21.01815180319,21.769388657233,22.52071176954,23.216717634111,
    23.975961822176,24.743348723341,25.521634699363,26.252131546642,
    27.05917145937,27.885262969361,28.733262670931,29.538010575103,
    30.436403024908,31.365465694071,32.327889352555,33.24854348335,
    34.284117952136,35.363069228966,36.489379128657,37.574802555564,
    38.804527640271,40.095153684953,41.452119030183,42.768727723412,
    44.27040892768,45.857339500188,47.985194622019),.UNSPECIFIED.);
#2604 = CARTESIAN_POINT('',(-41.3173966161,24.241915341605));
#2605 = CARTESIAN_POINT('',(-41.40092438782,23.734549040934));
#2606 = CARTESIAN_POINT('',(-41.58567239997,22.733618973742));
#2607 = CARTESIAN_POINT('',(-41.74214352184,21.27458721161));
#2608 = CARTESIAN_POINT('',(-41.82428683781,19.92394336644));
#2609 = CARTESIAN_POINT('',(-41.8346746951,18.646709468091));
#2610 = CARTESIAN_POINT('',(-41.78336625498,17.438533661528));
#2611 = CARTESIAN_POINT('',(-41.67035789976,16.264112174546));
#2612 = CARTESIAN_POINT('',(-41.50736129431,15.181190860212));
#2613 = CARTESIAN_POINT('',(-41.29900726123,14.158519624877));
#2614 = CARTESIAN_POINT('',(-41.04998010462,13.192748075794));
#2615 = CARTESIAN_POINT('',(-40.7541707381,12.256091077786));
#2616 = CARTESIAN_POINT('',(-40.43062102723,11.394201697657));
#2617 = CARTESIAN_POINT('',(-40.07634183855,10.581642082529));
#2618 = CARTESIAN_POINT('',(-39.696457202,9.814091110602));
#2619 = CARTESIAN_POINT('',(-39.27100322077,9.0755639162));
#2620 = CARTESIAN_POINT('',(-38.85611372471,8.382220799401));
#2621 = CARTESIAN_POINT('',(-38.41790861198,7.72660377362));
#2622 = CARTESIAN_POINT('',(-37.95658362753,7.107350970319));
#2623 = CARTESIAN_POINT('',(-37.45870210798,6.507874513511));
#2624 = CARTESIAN_POINT('',(-36.95043311779,5.957852204536));
#2625 = CARTESIAN_POINT('',(-36.42064290834,5.440011593171));
#2626 = CARTESIAN_POINT('',(-35.86912209037,4.953176959078));
#2627 = CARTESIAN_POINT('',(-35.2794400204,4.48568980462));
#2628 = CARTESIAN_POINT('',(-34.68162569578,4.06118547079));
#2629 = CARTESIAN_POINT('',(-34.06083248927,3.666182461433));
#2630 = CARTESIAN_POINT('',(-33.4160682598,3.300531974291));
#2631 = CARTESIAN_POINT('',(-32.72837113895,2.957153392555));
#2632 = CARTESIAN_POINT('',(-32.0323108853,2.65432727231));
#2633 = CARTESIAN_POINT('',(-31.30950290955,2.382486767599));
#2634 = CARTESIAN_POINT('',(-30.55860056234,2.142744873225));
#2635 = CARTESIAN_POINT('',(-29.75823044188,1.932878554153));
#2636 = CARTESIAN_POINT('',(-28.94866861795,1.765664135267));
#2637 = CARTESIAN_POINT('',(-28.10793248841,1.635500021131));
#2638 = CARTESIAN_POINT('',(-27.23472625802,1.546976527131));
#2639 = CARTESIAN_POINT('',(-26.30549625427,1.495405143445));
#2640 = CARTESIAN_POINT('',(-25.36765961855,1.518419112116));
#2641 = CARTESIAN_POINT('',(-24.39682449039,1.585022743395));
#2642 = CARTESIAN_POINT('',(-23.39199845261,1.707607067501));
#2643 = CARTESIAN_POINT('',(-22.32758241842,1.894865816593));
#2644 = CARTESIAN_POINT('',(-21.25847881681,2.142597882945));
#2645 = CARTESIAN_POINT('',(-20.15528433812,2.458851560935));
#2646 = CARTESIAN_POINT('',(-19.01806506682,2.849368663121));
#2647 = CARTESIAN_POINT('',(-17.81941334592,3.335759002956));
#2648 = CARTESIAN_POINT('',(-16.62335384549,3.89387909653));
#2649 = CARTESIAN_POINT('',(-15.39266753376,4.564037280591));
#2650 = CARTESIAN_POINT('',(-14.14625539924,5.262674350739));
#2651 = CARTESIAN_POINT('',(-12.65502876611,6.511421326188));
#2652 = CARTESIAN_POINT('',(-11.8416268382,6.398844232666));
#2653 = CARTESIAN_POINT('',(-10.76733089069,6.61059116748));
#2654 = ( GEOMETRIC_REPRESENTATION_CONTEXT(2) 
PARAMETRIC_REPRESENTATION_CONTEXT() REPRESENTATION_CONTEXT('2D SPACE',''
  ) );
#2655 = PCURVE('',#2656,#2710);
#2656 = SURFACE_OF_LINEAR_EXTRUSION('',#2657,#2708);
#2657 = B_SPLINE_CURVE_WITH_KNOTS('',3,(#2658,#2659,#2660,#2661,#2662,
    #2663,#2664,#2665,#2666,#2667,#2668,#2669,#2670,#2671,#2672,#2673,
    #2674,#2675,#2676,#2677,#2678,#2679,#2680,#2681,#2682,#2683,#2684,
    #2685,#2686,#2687,#2688,#2689,#2690,#2691,#2692,#2693,#2694,#2695,
    #2696,#2697,#2698,#2699,#2700,#2701,#2702,#2703,#2704,#2705,#2706,
    #2707),.UNSPECIFIED.,.F.,.F.,(4,1,1,1,1,1,1,1,1,1,1,1,1,1,1,1,1,1,1,
    1,1,1,1,1,1,1,1,1,1,1,1,1,1,1,1,1,1,1,1,1,1,1,1,1,1,1,1,4),(0.,
    1.560399863547,3.026493159763,4.408519816062,5.616164948135,
    6.857176517943,8.034500324617,9.154049078322,10.140931914661,
    11.16430891518,12.14467057154,13.086344664582,13.924748692612,
    14.803128326675,15.653911875236,16.480955579096,17.226763352129,
    18.01856826362,18.796500931648,19.563479607115,20.264226339274,
    21.01815180319,21.769388657233,22.52071176954,23.216717634111,
    23.975961822176,24.743348723341,25.521634699363,26.252131546642,
    27.05917145937,27.885262969361,28.733262670931,29.538010575103,
    30.436403024908,31.365465694071,32.327889352555,33.24854348335,
    34.284117952136,35.363069228966,36.489379128657,37.574802555564,
    38.804527640271,40.095153684953,41.452119030183,42.768727723412,
    44.27040892768,45.857339500188,47.985194622019),.UNSPECIFIED.);
#2658 = CARTESIAN_POINT('',(-41.3173966161,24.241915341605,0.));
#2659 = CARTESIAN_POINT('',(-41.40092438782,23.734549040934,0.));
#2660 = CARTESIAN_POINT('',(-41.58567239997,22.733618973742,0.));
#2661 = CARTESIAN_POINT('',(-41.74214352184,21.27458721161,0.));
#2662 = CARTESIAN_POINT('',(-41.82428683781,19.92394336644,0.));
#2663 = CARTESIAN_POINT('',(-41.8346746951,18.646709468091,0.));
#2664 = CARTESIAN_POINT('',(-41.78336625498,17.438533661528,0.));
#2665 = CARTESIAN_POINT('',(-41.67035789976,16.264112174546,0.));
#2666 = CARTESIAN_POINT('',(-41.50736129431,15.181190860212,0.));
#2667 = CARTESIAN_POINT('',(-41.29900726123,14.158519624877,0.));
#2668 = CARTESIAN_POINT('',(-41.04998010462,13.192748075794,0.));
#2669 = CARTESIAN_POINT('',(-40.7541707381,12.256091077786,0.));
#2670 = CARTESIAN_POINT('',(-40.43062102723,11.394201697657,0.));
#2671 = CARTESIAN_POINT('',(-40.07634183855,10.581642082529,0.));
#2672 = CARTESIAN_POINT('',(-39.696457202,9.814091110602,0.));
#2673 = CARTESIAN_POINT('',(-39.27100322077,9.0755639162,0.));
#2674 = CARTESIAN_POINT('',(-38.85611372471,8.382220799401,0.));
#2675 = CARTESIAN_POINT('',(-38.41790861198,7.72660377362,0.));
#2676 = CARTESIAN_POINT('',(-37.95658362753,7.107350970319,0.));
#2677 = CARTESIAN_POINT('',(-37.45870210798,6.507874513511,0.));
#2678 = CARTESIAN_POINT('',(-36.95043311779,5.957852204536,0.));
#2679 = CARTESIAN_POINT('',(-36.42064290834,5.440011593171,0.));
#2680 = CARTESIAN_POINT('',(-35.86912209037,4.953176959078,0.));
#2681 = CARTESIAN_POINT('',(-35.2794400204,4.48568980462,0.));
#2682 = CARTESIAN_POINT('',(-34.68162569578,4.06118547079,0.));
#2683 = CARTESIAN_POINT('',(-34.06083248927,3.666182461433,0.));
#2684 = CARTESIAN_POINT('',(-33.4160682598,3.300531974291,0.));
#2685 = CARTESIAN_POINT('',(-32.72837113895,2.957153392555,0.));
#2686 = CARTESIAN_POINT('',(-32.0323108853,2.65432727231,0.));
#2687 = CARTESIAN_POINT('',(-31.30950290955,2.382486767599,0.));
#2688 = CARTESIAN_POINT('',(-30.55860056234,2.142744873225,0.));
#2689 = CARTESIAN_POINT('',(-29.75823044188,1.932878554153,0.));
#2690 = CARTESIAN_POINT('',(-28.94866861795,1.765664135267,0.));
#2691 = CARTESIAN_POINT('',(-28.10793248841,1.635500021131,0.));
#2692 = CARTESIAN_POINT('',(-27.23472625802,1.546976527131,0.));
#2693 = CARTESIAN_POINT('',(-26.30549625427,1.495405143445,0.));
#2694 = CARTESIAN_POINT('',(-25.36765961855,1.518419112116,0.));
#2695 = CARTESIAN_POINT('',(-24.39682449039,1.585022743395,0.));
#2696 = CARTESIAN_POINT('',(-23.39199845261,1.707607067501,0.));
#2697 = CARTESIAN_POINT('',(-22.32758241842,1.894865816593,0.));
#2698 = CARTESIAN_POINT('',(-21.25847881681,2.142597882945,0.));
#2699 = CARTESIAN_POINT('',(-20.15528433812,2.458851560935,0.));
#2700 = CARTESIAN_POINT('',(-19.01806506682,2.849368663121,0.));
#2701 = CARTESIAN_POINT('',(-17.81941334592,3.335759002956,0.));
#2702 = CARTESIAN_POINT('',(-16.62335384549,3.89387909653,0.));
#2703 = CARTESIAN_POINT('',(-15.39266753376,4.564037280591,0.));
#2704 = CARTESIAN_POINT('',(-14.14625539924,5.262674350739,0.));
#2705 = CARTESIAN_POINT('',(-12.65502876611,6.511421326188,0.));
#2706 = CARTESIAN_POINT('',(-11.8416268382,6.398844232666,0.));
#2707 = CARTESIAN_POINT('',(-10.76733089069,6.61059116748,0.));
#2708 = VECTOR('',#2709,1.);
#2709 = DIRECTION('',(0.,0.,-1.));
#2710 = DEFINITIONAL_REPRESENTATION('',(#2711),#2715);
#2711 = LINE('',#2712,#2713);
#2712 = CARTESIAN_POINT('',(0.,0.));
#2713 = VECTOR('',#2714,1.);
#2714 = DIRECTION('',(1.,0.));
#2715 = ( GEOMETRIC_REPRESENTATION_CONTEXT(2) 
PARAMETRIC_REPRESENTATION_CONTEXT() REPRESENTATION_CONTEXT('2D SPACE',''
  ) );
#2716 = ORIENTED_EDGE('',*,*,#2717,.F.);
#2717 = EDGE_CURVE('',#2300,#2547,#2718,.T.);
#2718 = SURFACE_CURVE('',#2719,(#2723,#2730),.PCURVE_S1.);
#2719 = LINE('',#2720,#2721);
#2720 = CARTESIAN_POINT('',(-43.37988787401,24.658084658395,0.));
#2721 = VECTOR('',#2722,1.);
#2722 = DIRECTION('',(0.980243711075,-0.197793495591,0.));
#2723 = PCURVE('',#31,#2724);
#2724 = DEFINITIONAL_REPRESENTATION('',(#2725),#2729);
#2725 = LINE('',#2726,#2727);
#2726 = CARTESIAN_POINT('',(-43.37988787401,24.658084658395));
#2727 = VECTOR('',#2728,1.);
#2728 = DIRECTION('',(0.980243711075,-0.197793495591));
#2729 = ( GEOMETRIC_REPRESENTATION_CONTEXT(2) 
PARAMETRIC_REPRESENTATION_CONTEXT() REPRESENTATION_CONTEXT('2D SPACE',''
  ) );
#2730 = PCURVE('',#2731,#2736);
#2731 = PLANE('',#2732);
#2732 = AXIS2_PLACEMENT_3D('',#2733,#2734,#2735);
#2733 = CARTESIAN_POINT('',(-43.37988787401,24.658084658395,0.));
#2734 = DIRECTION('',(0.197793495591,0.980243711075,0.));
#2735 = DIRECTION('',(0.980243711075,-0.197793495591,0.));
#2736 = DEFINITIONAL_REPRESENTATION('',(#2737),#2741);
#2737 = LINE('',#2738,#2739);
#2738 = CARTESIAN_POINT('',(0.,0.));
#2739 = VECTOR('',#2740,1.);
#2740 = DIRECTION('',(1.,0.));
#2741 = ( GEOMETRIC_REPRESENTATION_CONTEXT(2) 
PARAMETRIC_REPRESENTATION_CONTEXT() REPRESENTATION_CONTEXT('2D SPACE',''
  ) );
#2742 = FACE_BOUND('',#2743,.F.);
#2743 = EDGE_LOOP('',(#2744,#2775,#2964,#2993,#3164));
#2744 = ORIENTED_EDGE('',*,*,#2745,.F.);
#2745 = EDGE_CURVE('',#2746,#2748,#2750,.T.);
#2746 = VERTEX_POINT('',#2747);
#2747 = CARTESIAN_POINT('',(-43.88788829728,21.56532542775,0.));
#2748 = VERTEX_POINT('',#2749);
#2749 = CARTESIAN_POINT('',(-48.89999999999,1.154804020105E-12,0.));
#2750 = SURFACE_CURVE('',#2751,(#2756,#2763),.PCURVE_S1.);
#2751 = CIRCLE('',#2752,48.9);
#2752 = AXIS2_PLACEMENT_3D('',#2753,#2754,#2755);
#2753 = CARTESIAN_POINT('',(2.376054908382E-13,1.705302565824E-15,0.));
#2754 = DIRECTION('',(0.,0.,1.));
#2755 = DIRECTION('',(1.,0.,0.));
#2756 = PCURVE('',#31,#2757);
#2757 = DEFINITIONAL_REPRESENTATION('',(#2758),#2762);
#2758 = CIRCLE('',#2759,48.9);
#2759 = AXIS2_PLACEMENT_2D('',#2760,#2761);
#2760 = CARTESIAN_POINT('',(2.384668704492E-13,1.793046571939E-15));
#2761 = DIRECTION('',(1.,0.));
#2762 = ( GEOMETRIC_REPRESENTATION_CONTEXT(2) 
PARAMETRIC_REPRESENTATION_CONTEXT() REPRESENTATION_CONTEXT('2D SPACE',''
  ) );
#2763 = PCURVE('',#2764,#2769);
#2764 = CYLINDRICAL_SURFACE('',#2765,48.9);
#2765 = AXIS2_PLACEMENT_3D('',#2766,#2767,#2768);
#2766 = CARTESIAN_POINT('',(2.376054908382E-13,1.705302565824E-15,0.));
#2767 = DIRECTION('',(-0.,-0.,-1.));
#2768 = DIRECTION('',(1.,0.,0.));
#2769 = DEFINITIONAL_REPRESENTATION('',(#2770),#2774);
#2770 = LINE('',#2771,#2772);
#2771 = CARTESIAN_POINT('',(-0.,0.));
#2772 = VECTOR('',#2773,1.);
#2773 = DIRECTION('',(-1.,0.));
#2774 = ( GEOMETRIC_REPRESENTATION_CONTEXT(2) 
PARAMETRIC_REPRESENTATION_CONTEXT() REPRESENTATION_CONTEXT('2D SPACE',''
  ) );
#2775 = ORIENTED_EDGE('',*,*,#2776,.F.);
#2776 = EDGE_CURVE('',#2777,#2746,#2779,.T.);
#2777 = VERTEX_POINT('',#2778);
#2778 = CARTESIAN_POINT('',(-11.88614240118,4.473211242349,0.));
#2779 = SURFACE_CURVE('',#2780,(#2837,#2897),.PCURVE_S1.);
#2780 = B_SPLINE_CURVE_WITH_KNOTS('',3,(#2781,#2782,#2783,#2784,#2785,
    #2786,#2787,#2788,#2789,#2790,#2791,#2792,#2793,#2794,#2795,#2796,
    #2797,#2798,#2799,#2800,#2801,#2802,#2803,#2804,#2805,#2806,#2807,
    #2808,#2809,#2810,#2811,#2812,#2813,#2814,#2815,#2816,#2817,#2818,
    #2819,#2820,#2821,#2822,#2823,#2824,#2825,#2826,#2827,#2828,#2829,
    #2830,#2831,#2832,#2833,#2834,#2835,#2836),.UNSPECIFIED.,.F.,.F.,(4,
    1,1,1,1,1,1,1,1,1,1,1,1,1,1,1,1,1,1,1,1,1,1,1,1,1,1,1,1,1,1,1,1,1,1,
    1,1,1,1,1,1,1,1,1,1,1,1,3,3,4),(0.,2.252840378147,3.947251251067,
    5.556769293497,6.973069313182,8.438034201878,9.836527608945,
    11.173881028628,12.358378394578,13.591674823614,14.777241775145,
    15.919070127373,16.937511191725,18.005608061592,19.040905950925,
    20.046909447572,20.952226144232,21.910527049393,22.848343890734,
    23.768545277515,24.604779330967,25.498993387072,26.383732766176,
    27.261734369083,28.068590979197,28.941306811933,29.815275751476,
    30.69326112534,31.509705745874,32.403313623746,33.30925058782,
    34.230483702873,35.097084585268,36.056205964867,37.039089037922,
    38.048588577934,39.007142758039,40.077976938895,41.186386250524,
    42.336589601129,43.439334281668,44.68291297016,45.982505886097,
    47.343769408886,48.660381123787,50.157957971193,51.73669345799,
    51.75772326206,53.205564838504,53.402350377676),.UNSPECIFIED.);
#2781 = CARTESIAN_POINT('',(-9.496271560636,5.093527873897,0.));
#2782 = CARTESIAN_POINT('',(-10.24993810946,4.915099437466,0.));
#2783 = CARTESIAN_POINT('',(-11.60666130723,4.859713821642,0.));
#2784 = CARTESIAN_POINT('',(-13.04082726363,3.583084577393,0.));
#2785 = CARTESIAN_POINT('',(-14.41091604503,2.822721002698,0.));
#2786 = CARTESIAN_POINT('',(-15.72657579558,2.104712831649,0.));
#2787 = CARTESIAN_POINT('',(-17.01998877588,1.501518169312,0.));
#2788 = CARTESIAN_POINT('',(-18.31813008935,0.974789866086,0.));
#2789 = CARTESIAN_POINT('',(-19.55471500151,0.550224822861,0.));
#2790 = CARTESIAN_POINT('',(-20.75844844524,0.205184901683,0.));
#2791 = CARTESIAN_POINT('',(-21.92915586266,-6.596558094506E-02,0.));
#2792 = CARTESIAN_POINT('',(-23.09863917069,-0.271898846638,0.));
#2793 = CARTESIAN_POINT('',(-24.20629398956,-0.406130536759,0.));
#2794 = CARTESIAN_POINT('',(-25.28023204404,-0.482623522151,0.));
#2795 = CARTESIAN_POINT('',(-26.32105140487,-0.497330327001,0.));
#2796 = CARTESIAN_POINT('',(-27.35772167695,-0.482559264875,0.));
#2797 = CARTESIAN_POINT('',(-28.33785871686,-0.410448528848,0.));
#2798 = CARTESIAN_POINT('',(-29.28755655876,-0.293587822094,0.));
#2799 = CARTESIAN_POINT('',(-30.20781010971,-0.132382656111,0.));
#2800 = CARTESIAN_POINT('',(-31.12314150716,7.799384011557E-02,0.));
#2801 = CARTESIAN_POINT('',(-31.98701222905,0.325066028925,0.));
#2802 = CARTESIAN_POINT('',(-32.82343042302,0.610828167691,0.));
#2803 = CARTESIAN_POINT('',(-33.63340481523,0.934200818076,0.));
#2804 = CARTESIAN_POINT('',(-34.43784657629,1.305647754307,0.));
#2805 = CARTESIAN_POINT('',(-35.19581900635,1.70542258685,0.));
#2806 = CARTESIAN_POINT('',(-35.9290116092,2.141065645731,0.));
#2807 = CARTESIAN_POINT('',(-36.63808750685,2.612665169012,0.));
#2808 = CARTESIAN_POINT('',(-37.34028549719,3.135213075507,0.));
#2809 = CARTESIAN_POINT('',(-37.99946541337,3.682150484235,0.));
#2810 = CARTESIAN_POINT('',(-38.63478684069,4.266234226687,0.));
#2811 = CARTESIAN_POINT('',(-39.24619197559,4.888556953578,0.));
#2812 = CARTESIAN_POINT('',(-39.84700044377,5.568477155319,0.));
#2813 = CARTESIAN_POINT('',(-40.40542012532,6.272213958533,0.));
#2814 = CARTESIAN_POINT('',(-40.93771310161,7.017561084534,0.));
#2815 = CARTESIAN_POINT('',(-41.44213381588,7.807314659862,0.));
#2816 = CARTESIAN_POINT('',(-41.9002164456,8.67888483511,0.));
#2817 = CARTESIAN_POINT('',(-42.31871171121,9.569388783222,0.));
#2818 = CARTESIAN_POINT('',(-42.70017506342,10.508286834427,0.));
#2819 = CARTESIAN_POINT('',(-43.04440042878,11.49644819565,0.));
#2820 = CARTESIAN_POINT('',(-43.3529815149,12.563097908021,0.));
#2821 = CARTESIAN_POINT('',(-43.60660194221,13.654861847385,0.));
#2822 = CARTESIAN_POINT('',(-43.81154416519,14.80329356827,0.));
#2823 = CARTESIAN_POINT('',(-43.96392360896,16.00697957194,0.));
#2824 = CARTESIAN_POINT('',(-44.05523229833,17.316613433453,0.));
#2825 = CARTESIAN_POINT('',(-44.08753210797,18.600468374795,0.));
#2826 = CARTESIAN_POINT('',(-44.01195123203,20.153660101565,0.));
#2827 = CARTESIAN_POINT('',(-44.01895475531,20.921328774666,0.));
#2828 = CARTESIAN_POINT('',(-43.53253217243,23.799843562504,0.));
#2829 = CARTESIAN_POINT('',(-43.69419836182,23.000945399318,0.));
#2830 = CARTESIAN_POINT('',(-43.69639059658,22.990071554448,0.));
#2831 = CARTESIAN_POINT('',(-43.69639059634,22.990071555748,0.));
#2832 = CARTESIAN_POINT('',(-43.6963905961,22.990071557047,0.));
#2833 = CARTESIAN_POINT('',(-43.69639059585,22.990071558347,0.));
#2834 = CARTESIAN_POINT('',(-43.61217181509,23.433155331767,0.));
#2835 = CARTESIAN_POINT('',(-43.50784774943,23.982854169153,0.));
#2836 = CARTESIAN_POINT('',(-43.37988787401,24.658084658395,0.));
#2837 = PCURVE('',#31,#2838);
#2838 = DEFINITIONAL_REPRESENTATION('',(#2839),#2896);
#2839 = B_SPLINE_CURVE_WITH_KNOTS('',3,(#2840,#2841,#2842,#2843,#2844,
    #2845,#2846,#2847,#2848,#2849,#2850,#2851,#2852,#2853,#2854,#2855,
    #2856,#2857,#2858,#2859,#2860,#2861,#2862,#2863,#2864,#2865,#2866,
    #2867,#2868,#2869,#2870,#2871,#2872,#2873,#2874,#2875,#2876,#2877,
    #2878,#2879,#2880,#2881,#2882,#2883,#2884,#2885,#2886,#2887,#2888,
    #2889,#2890,#2891,#2892,#2893,#2894,#2895),.UNSPECIFIED.,.F.,.F.,(4,
    1,1,1,1,1,1,1,1,1,1,1,1,1,1,1,1,1,1,1,1,1,1,1,1,1,1,1,1,1,1,1,1,1,1,
    1,1,1,1,1,1,1,1,1,1,1,1,3,3,4),(0.,2.252840378147,3.947251251067,
    5.556769293497,6.973069313182,8.438034201878,9.836527608945,
    11.173881028628,12.358378394578,13.591674823614,14.777241775145,
    15.919070127373,16.937511191725,18.005608061592,19.040905950925,
    20.046909447572,20.952226144232,21.910527049393,22.848343890734,
    23.768545277515,24.604779330967,25.498993387072,26.383732766176,
    27.261734369083,28.068590979197,28.941306811933,29.815275751476,
    30.69326112534,31.509705745874,32.403313623746,33.30925058782,
    34.230483702873,35.097084585268,36.056205964867,37.039089037922,
    38.048588577934,39.007142758039,40.077976938895,41.186386250524,
    42.336589601129,43.439334281668,44.68291297016,45.982505886097,
    47.343769408886,48.660381123787,50.157957971193,51.73669345799,
    51.75772326206,53.205564838504,53.402350377676),.UNSPECIFIED.);
#2840 = CARTESIAN_POINT('',(-9.496271560636,5.093527873897));
#2841 = CARTESIAN_POINT('',(-10.24993810946,4.915099437466));
#2842 = CARTESIAN_POINT('',(-11.60666130723,4.859713821642));
#2843 = CARTESIAN_POINT('',(-13.04082726363,3.583084577393));
#2844 = CARTESIAN_POINT('',(-14.41091604503,2.822721002698));
#2845 = CARTESIAN_POINT('',(-15.72657579558,2.104712831649));
#2846 = CARTESIAN_POINT('',(-17.01998877588,1.501518169312));
#2847 = CARTESIAN_POINT('',(-18.31813008935,0.974789866086));
#2848 = CARTESIAN_POINT('',(-19.55471500151,0.550224822861));
#2849 = CARTESIAN_POINT('',(-20.75844844524,0.205184901683));
#2850 = CARTESIAN_POINT('',(-21.92915586266,-6.596558094506E-02));
#2851 = CARTESIAN_POINT('',(-23.09863917069,-0.271898846638));
#2852 = CARTESIAN_POINT('',(-24.20629398956,-0.406130536759));
#2853 = CARTESIAN_POINT('',(-25.28023204404,-0.482623522151));
#2854 = CARTESIAN_POINT('',(-26.32105140487,-0.497330327001));
#2855 = CARTESIAN_POINT('',(-27.35772167695,-0.482559264875));
#2856 = CARTESIAN_POINT('',(-28.33785871686,-0.410448528848));
#2857 = CARTESIAN_POINT('',(-29.28755655876,-0.293587822094));
#2858 = CARTESIAN_POINT('',(-30.20781010971,-0.132382656111));
#2859 = CARTESIAN_POINT('',(-31.12314150716,7.799384011557E-02));
#2860 = CARTESIAN_POINT('',(-31.98701222905,0.325066028925));
#2861 = CARTESIAN_POINT('',(-32.82343042302,0.610828167691));
#2862 = CARTESIAN_POINT('',(-33.63340481523,0.934200818076));
#2863 = CARTESIAN_POINT('',(-34.43784657629,1.305647754307));
#2864 = CARTESIAN_POINT('',(-35.19581900635,1.70542258685));
#2865 = CARTESIAN_POINT('',(-35.9290116092,2.141065645731));
#2866 = CARTESIAN_POINT('',(-36.63808750685,2.612665169012));
#2867 = CARTESIAN_POINT('',(-37.34028549719,3.135213075507));
#2868 = CARTESIAN_POINT('',(-37.99946541337,3.682150484235));
#2869 = CARTESIAN_POINT('',(-38.63478684069,4.266234226687));
#2870 = CARTESIAN_POINT('',(-39.24619197559,4.888556953578));
#2871 = CARTESIAN_POINT('',(-39.84700044377,5.568477155319));
#2872 = CARTESIAN_POINT('',(-40.40542012532,6.272213958533));
#2873 = CARTESIAN_POINT('',(-40.93771310161,7.017561084534));
#2874 = CARTESIAN_POINT('',(-41.44213381588,7.807314659862));
#2875 = CARTESIAN_POINT('',(-41.9002164456,8.67888483511));
#2876 = CARTESIAN_POINT('',(-42.31871171121,9.569388783222));
#2877 = CARTESIAN_POINT('',(-42.70017506342,10.508286834427));
#2878 = CARTESIAN_POINT('',(-43.04440042878,11.49644819565));
#2879 = CARTESIAN_POINT('',(-43.3529815149,12.563097908021));
#2880 = CARTESIAN_POINT('',(-43.60660194221,13.654861847385));
#2881 = CARTESIAN_POINT('',(-43.81154416519,14.80329356827));
#2882 = CARTESIAN_POINT('',(-43.96392360896,16.00697957194));
#2883 = CARTESIAN_POINT('',(-44.05523229833,17.316613433453));
#2884 = CARTESIAN_POINT('',(-44.08753210797,18.600468374795));
#2885 = CARTESIAN_POINT('',(-44.01195123203,20.153660101565));
#2886 = CARTESIAN_POINT('',(-44.01895475531,20.921328774666));
#2887 = CARTESIAN_POINT('',(-43.53253217243,23.799843562504));
#2888 = CARTESIAN_POINT('',(-43.69419836182,23.000945399318));
#2889 = CARTESIAN_POINT('',(-43.69639059658,22.990071554448));
#2890 = CARTESIAN_POINT('',(-43.69639059634,22.990071555748));
#2891 = CARTESIAN_POINT('',(-43.6963905961,22.990071557047));
#2892 = CARTESIAN_POINT('',(-43.69639059585,22.990071558347));
#2893 = CARTESIAN_POINT('',(-43.61217181509,23.433155331767));
#2894 = CARTESIAN_POINT('',(-43.50784774943,23.982854169153));
#2895 = CARTESIAN_POINT('',(-43.37988787401,24.658084658395));
#2896 = ( GEOMETRIC_REPRESENTATION_CONTEXT(2) 
PARAMETRIC_REPRESENTATION_CONTEXT() REPRESENTATION_CONTEXT('2D SPACE',''
  ) );
#2897 = PCURVE('',#2898,#2958);
#2898 = SURFACE_OF_LINEAR_EXTRUSION('',#2899,#2956);
#2899 = B_SPLINE_CURVE_WITH_KNOTS('',3,(#2900,#2901,#2902,#2903,#2904,
    #2905,#2906,#2907,#2908,#2909,#2910,#2911,#2912,#2913,#2914,#2915,
    #2916,#2917,#2918,#2919,#2920,#2921,#2922,#2923,#2924,#2925,#2926,
    #2927,#2928,#2929,#2930,#2931,#2932,#2933,#2934,#2935,#2936,#2937,
    #2938,#2939,#2940,#2941,#2942,#2943,#2944,#2945,#2946,#2947,#2948,
    #2949,#2950,#2951,#2952,#2953,#2954,#2955),.UNSPECIFIED.,.F.,.F.,(4,
    1,1,1,1,1,1,1,1,1,1,1,1,1,1,1,1,1,1,1,1,1,1,1,1,1,1,1,1,1,1,1,1,1,1,
    1,1,1,1,1,1,1,1,1,1,1,1,3,3,4),(0.,2.252840378147,3.947251251067,
    5.556769293497,6.973069313182,8.438034201878,9.836527608945,
    11.173881028628,12.358378394578,13.591674823614,14.777241775145,
    15.919070127373,16.937511191725,18.005608061592,19.040905950925,
    20.046909447572,20.952226144232,21.910527049393,22.848343890734,
    23.768545277515,24.604779330967,25.498993387072,26.383732766176,
    27.261734369083,28.068590979197,28.941306811933,29.815275751476,
    30.69326112534,31.509705745874,32.403313623746,33.30925058782,
    34.230483702873,35.097084585268,36.056205964867,37.039089037922,
    38.048588577934,39.007142758039,40.077976938895,41.186386250524,
    42.336589601129,43.439334281668,44.68291297016,45.982505886097,
    47.343769408886,48.660381123787,50.157957971193,51.73669345799,
    51.75772326206,53.205564838504,53.402350377676),.UNSPECIFIED.);
#2900 = CARTESIAN_POINT('',(-9.496271560636,5.093527873897,0.));
#2901 = CARTESIAN_POINT('',(-10.24993810946,4.915099437466,0.));
#2902 = CARTESIAN_POINT('',(-11.60666130723,4.859713821642,0.));
#2903 = CARTESIAN_POINT('',(-13.04082726363,3.583084577393,0.));
#2904 = CARTESIAN_POINT('',(-14.41091604503,2.822721002698,0.));
#2905 = CARTESIAN_POINT('',(-15.72657579558,2.104712831649,0.));
#2906 = CARTESIAN_POINT('',(-17.01998877588,1.501518169312,0.));
#2907 = CARTESIAN_POINT('',(-18.31813008935,0.974789866086,0.));
#2908 = CARTESIAN_POINT('',(-19.55471500151,0.550224822861,0.));
#2909 = CARTESIAN_POINT('',(-20.75844844524,0.205184901683,0.));
#2910 = CARTESIAN_POINT('',(-21.92915586266,-6.596558094506E-02,0.));
#2911 = CARTESIAN_POINT('',(-23.09863917069,-0.271898846638,0.));
#2912 = CARTESIAN_POINT('',(-24.20629398956,-0.406130536759,0.));
#2913 = CARTESIAN_POINT('',(-25.28023204404,-0.482623522151,0.));
#2914 = CARTESIAN_POINT('',(-26.32105140487,-0.497330327001,0.));
#2915 = CARTESIAN_POINT('',(-27.35772167695,-0.482559264875,0.));
#2916 = CARTESIAN_POINT('',(-28.33785871686,-0.410448528848,0.));
#2917 = CARTESIAN_POINT('',(-29.28755655876,-0.293587822094,0.));
#2918 = CARTESIAN_POINT('',(-30.20781010971,-0.132382656111,0.));
#2919 = CARTESIAN_POINT('',(-31.12314150716,7.799384011557E-02,0.));
#2920 = CARTESIAN_POINT('',(-31.98701222905,0.325066028925,0.));
#2921 = CARTESIAN_POINT('',(-32.82343042302,0.610828167691,0.));
#2922 = CARTESIAN_POINT('',(-33.63340481523,0.934200818076,0.));
#2923 = CARTESIAN_POINT('',(-34.43784657629,1.305647754307,0.));
#2924 = CARTESIAN_POINT('',(-35.19581900635,1.70542258685,0.));
#2925 = CARTESIAN_POINT('',(-35.9290116092,2.141065645731,0.));
#2926 = CARTESIAN_POINT('',(-36.63808750685,2.612665169012,0.));
#2927 = CARTESIAN_POINT('',(-37.34028549719,3.135213075507,0.));
#2928 = CARTESIAN_POINT('',(-37.99946541337,3.682150484235,0.));
#2929 = CARTESIAN_POINT('',(-38.63478684069,4.266234226687,0.));
#2930 = CARTESIAN_POINT('',(-39.24619197559,4.888556953578,0.));
#2931 = CARTESIAN_POINT('',(-39.84700044377,5.568477155319,0.));
#2932 = CARTESIAN_POINT('',(-40.40542012532,6.272213958533,0.));
#2933 = CARTESIAN_POINT('',(-40.93771310161,7.017561084534,0.));
#2934 = CARTESIAN_POINT('',(-41.44213381588,7.807314659862,0.));
#2935 = CARTESIAN_POINT('',(-41.9002164456,8.67888483511,0.));
#2936 = CARTESIAN_POINT('',(-42.31871171121,9.569388783222,0.));
#2937 = CARTESIAN_POINT('',(-42.70017506342,10.508286834427,0.));
#2938 = CARTESIAN_POINT('',(-43.04440042878,11.49644819565,0.));
#2939 = CARTESIAN_POINT('',(-43.3529815149,12.563097908021,0.));
#2940 = CARTESIAN_POINT('',(-43.60660194221,13.654861847385,0.));
#2941 = CARTESIAN_POINT('',(-43.81154416519,14.80329356827,0.));
#2942 = CARTESIAN_POINT('',(-43.96392360896,16.00697957194,0.));
#2943 = CARTESIAN_POINT('',(-44.05523229833,17.316613433453,0.));
#2944 = CARTESIAN_POINT('',(-44.08753210797,18.600468374795,0.));
#2945 = CARTESIAN_POINT('',(-44.01195123203,20.153660101565,0.));
#2946 = CARTESIAN_POINT('',(-44.01895475531,20.921328774666,0.));
#2947 = CARTESIAN_POINT('',(-43.53253217243,23.799843562504,0.));
#2948 = CARTESIAN_POINT('',(-43.69419836182,23.000945399318,0.));
#2949 = CARTESIAN_POINT('',(-43.69639059658,22.990071554448,0.));
#2950 = CARTESIAN_POINT('',(-43.69639059634,22.990071555748,0.));
#2951 = CARTESIAN_POINT('',(-43.6963905961,22.990071557047,0.));
#2952 = CARTESIAN_POINT('',(-43.69639059585,22.990071558347,0.));
#2953 = CARTESIAN_POINT('',(-43.61217181509,23.433155331767,0.));
#2954 = CARTESIAN_POINT('',(-43.50784774943,23.982854169153,0.));
#2955 = CARTESIAN_POINT('',(-43.37988787401,24.658084658395,0.));
#2956 = VECTOR('',#2957,1.);
#2957 = DIRECTION('',(0.,0.,-1.));
#2958 = DEFINITIONAL_REPRESENTATION('',(#2959),#2963);
#2959 = LINE('',#2960,#2961);
#2960 = CARTESIAN_POINT('',(0.,0.));
#2961 = VECTOR('',#2962,1.);
#2962 = DIRECTION('',(1.,0.));
#2963 = ( GEOMETRIC_REPRESENTATION_CONTEXT(2) 
PARAMETRIC_REPRESENTATION_CONTEXT() REPRESENTATION_CONTEXT('2D SPACE',''
  ) );
#2964 = ORIENTED_EDGE('',*,*,#2965,.T.);
#2965 = EDGE_CURVE('',#2777,#2966,#2968,.T.);
#2966 = VERTEX_POINT('',#2967);
#2967 = CARTESIAN_POINT('',(-12.69683809633,0.283376702506,0.));
#2968 = SURFACE_CURVE('',#2969,(#2974,#2981),.PCURVE_S1.);
#2969 = CIRCLE('',#2970,12.7);
#2970 = AXIS2_PLACEMENT_3D('',#2971,#2972,#2973);
#2971 = CARTESIAN_POINT('',(0.,0.,0.));
#2972 = DIRECTION('',(0.,0.,1.));
#2973 = DIRECTION('',(1.,0.,0.));
#2974 = PCURVE('',#31,#2975);
#2975 = DEFINITIONAL_REPRESENTATION('',(#2976),#2980);
#2976 = CIRCLE('',#2977,12.7);
#2977 = AXIS2_PLACEMENT_2D('',#2978,#2979);
#2978 = CARTESIAN_POINT('',(8.613796110485E-16,8.774400611482E-17));
#2979 = DIRECTION('',(1.,0.));
#2980 = ( GEOMETRIC_REPRESENTATION_CONTEXT(2) 
PARAMETRIC_REPRESENTATION_CONTEXT() REPRESENTATION_CONTEXT('2D SPACE',''
  ) );
#2981 = PCURVE('',#2982,#2987);
#2982 = CYLINDRICAL_SURFACE('',#2983,12.7);
#2983 = AXIS2_PLACEMENT_3D('',#2984,#2985,#2986);
#2984 = CARTESIAN_POINT('',(0.,0.,0.));
#2985 = DIRECTION('',(-0.,-0.,-1.));
#2986 = DIRECTION('',(1.,0.,0.));
#2987 = DEFINITIONAL_REPRESENTATION('',(#2988),#2992);
#2988 = LINE('',#2989,#2990);
#2989 = CARTESIAN_POINT('',(-0.,0.));
#2990 = VECTOR('',#2991,1.);
#2991 = DIRECTION('',(-1.,0.));
#2992 = ( GEOMETRIC_REPRESENTATION_CONTEXT(2) 
PARAMETRIC_REPRESENTATION_CONTEXT() REPRESENTATION_CONTEXT('2D SPACE',''
  ) );
#2993 = ORIENTED_EDGE('',*,*,#2994,.F.);
#2994 = EDGE_CURVE('',#2995,#2966,#2997,.T.);
#2995 = VERTEX_POINT('',#2996);
#2996 = CARTESIAN_POINT('',(-47.90287275858,0.335416214168,0.));
#2997 = SURFACE_CURVE('',#2998,(#3049,#3103),.PCURVE_S1.);
#2998 = B_SPLINE_CURVE_WITH_KNOTS('',3,(#2999,#3000,#3001,#3002,#3003,
    #3004,#3005,#3006,#3007,#3008,#3009,#3010,#3011,#3012,#3013,#3014,
    #3015,#3016,#3017,#3018,#3019,#3020,#3021,#3022,#3023,#3024,#3025,
    #3026,#3027,#3028,#3029,#3030,#3031,#3032,#3033,#3034,#3035,#3036,
    #3037,#3038,#3039,#3040,#3041,#3042,#3043,#3044,#3045,#3046,#3047,
    #3048),.UNSPECIFIED.,.F.,.F.,(4,1,1,1,1,1,1,1,1,1,1,1,1,1,1,1,1,1,1,
    1,1,1,1,1,1,1,1,1,1,1,1,1,1,1,1,1,1,1,1,1,1,1,1,1,1,1,1,4),(0.,
    1.560399863547,3.026493159763,4.408519816062,5.616164948135,
    6.857176517943,8.034500324617,9.154049078322,10.140931914661,
    11.16430891518,12.14467057154,13.086344664582,13.924748692612,
    14.803128326675,15.653911875236,16.480955579096,17.226763352129,
    18.01856826362,18.796500931648,19.563479607115,20.264226339274,
    21.01815180319,21.769388657233,22.52071176954,23.216717634111,
    23.975961822176,24.743348723341,25.521634699363,26.252131546642,
    27.05917145937,27.885262969361,28.733262670931,29.538010575103,
    30.436403024908,31.365465694071,32.327889352555,33.24854348335,
    34.284117952136,35.363069228966,36.489379128657,37.574802555564,
    38.804527640271,40.095153684953,41.452119030183,42.768727723412,
    44.27040892768,45.857339500188,47.985194622019),.UNSPECIFIED.);
#2999 = CARTESIAN_POINT('',(-47.90287275858,0.335416214168,0.));
#3000 = CARTESIAN_POINT('',(-47.72152678048,-0.145739777095,0.));
#3001 = CARTESIAN_POINT('',(-47.3810582187,-1.104944648769,0.));
#3002 = CARTESIAN_POINT('',(-46.78705030413,-2.446738780639,0.));
#3003 = CARTESIAN_POINT('',(-46.18286657993,-3.65750232001,0.));
#3004 = CARTESIAN_POINT('',(-45.55324577906,-4.7688132512,0.));
#3005 = CARTESIAN_POINT('',(-44.90472346321,-5.789469971861,0.));
#3006 = CARTESIAN_POINT('',(-44.21964461326,-6.750044636727,0.));
#3007 = CARTESIAN_POINT('',(-43.53702475504,-7.606383702515,0.));
#3008 = CARTESIAN_POINT('',(-42.84524925174,-8.387865955494,0.));
#3009 = CARTESIAN_POINT('',(-42.14669963335,-9.099735072949,0.));
#3010 = CARTESIAN_POINT('',(-41.42219270825,-9.762999144593,0.));
#3011 = CARTESIAN_POINT('',(-40.71104574919,-10.3476423876,0.));
#3012 = CARTESIAN_POINT('',(-39.9979511642,-10.87420006205,0.));
#3013 = CARTESIAN_POINT('',(-39.28518593247,-11.34897638416,0.));
#3014 = CARTESIAN_POINT('',(-38.54746837938,-11.77583270528,0.));
#3015 = CARTESIAN_POINT('',(-37.84149197764,-12.16884070994,0.));
#3016 = CARTESIAN_POINT('',(-37.13418670505,-12.51751915306,0.));
#3017 = CARTESIAN_POINT('',(-36.42504114747,-12.82314531985,0.));
#3018 = CARTESIAN_POINT('',(-35.69412487506,-13.09336640064,0.));
#3019 = CARTESIAN_POINT('',(-34.97893986311,-13.31556519777,0.));
#3020 = CARTESIAN_POINT('',(-34.26120777737,-13.4991332176,0.));
#3021 = CARTESIAN_POINT('',(-33.54015942124,-13.64498396918,0.));
#3022 = CARTESIAN_POINT('',(-32.79573619126,-13.7549986859,0.));
#3023 = CARTESIAN_POINT('',(-32.06576163248,-13.8237230607,0.));
#3024 = CARTESIAN_POINT('',(-31.33063744047,-13.85540909812,0.));
#3025 = CARTESIAN_POINT('',(-30.58942999473,-13.84968959416,0.));
#3026 = CARTESIAN_POINT('',(-29.82217752709,-13.80321560863,0.));
#3027 = CARTESIAN_POINT('',(-29.06795860474,-13.71744059487,0.));
#3028 = CARTESIAN_POINT('',(-28.30606828333,-13.59145738985,0.));
#3029 = CARTESIAN_POINT('',(-27.5358968277,-13.42362878713,0.));
#3030 = CARTESIAN_POINT('',(-26.73782281142,-13.20519329061,0.));
#3031 = CARTESIAN_POINT('',(-25.95311449652,-12.94522431328,0.));
#3032 = CARTESIAN_POINT('',(-25.15993359338,-12.63758167801,0.));
#3033 = CARTESIAN_POINT('',(-24.35945306813,-12.27764215746,0.));
#3034 = CARTESIAN_POINT('',(-23.52893058708,-11.85768928396,0.));
#3035 = CARTESIAN_POINT('',(-22.72824722028,-11.36884028459,0.));
#3036 = CARTESIAN_POINT('',(-21.92078115204,-10.82574228383,0.));
#3037 = CARTESIAN_POINT('',(-21.111868439,-10.21716812616,0.));
#3038 = CARTESIAN_POINT('',(-20.28368648774,-9.522789275278,0.));
#3039 = CARTESIAN_POINT('',(-19.48168164264,-8.77369521168,0.));
#3040 = CARTESIAN_POINT('',(-18.68441403777,-7.948214253156,0.));
#3041 = CARTESIAN_POINT('',(-17.89481181025,-7.041406886402,0.));
#3042 = CARTESIAN_POINT('',(-17.09994413958,-6.020854635498,0.));
#3043 = CARTESIAN_POINT('',(-16.34318627456,-4.939478705887,0.));
#3044 = CARTESIAN_POINT('',(-15.61245975654,-3.743761538072,0.));
#3045 = CARTESIAN_POINT('',(-14.88235371954,-2.51551802004,0.));
#3046 = CARTESIAN_POINT('',(-14.21528706017,-0.688458099837,0.));
#3047 = CARTESIAN_POINT('',(-13.45457178035,-0.379251758756,0.));
#3048 = CARTESIAN_POINT('',(-12.63007766603,0.341274439722,0.));
#3049 = PCURVE('',#31,#3050);
#3050 = DEFINITIONAL_REPRESENTATION('',(#3051),#3102);
#3051 = B_SPLINE_CURVE_WITH_KNOTS('',3,(#3052,#3053,#3054,#3055,#3056,
    #3057,#3058,#3059,#3060,#3061,#3062,#3063,#3064,#3065,#3066,#3067,
    #3068,#3069,#3070,#3071,#3072,#3073,#3074,#3075,#3076,#3077,#3078,
    #3079,#3080,#3081,#3082,#3083,#3084,#3085,#3086,#3087,#3088,#3089,
    #3090,#3091,#3092,#3093,#3094,#3095,#3096,#3097,#3098,#3099,#3100,
    #3101),.UNSPECIFIED.,.F.,.F.,(4,1,1,1,1,1,1,1,1,1,1,1,1,1,1,1,1,1,1,
    1,1,1,1,1,1,1,1,1,1,1,1,1,1,1,1,1,1,1,1,1,1,1,1,1,1,1,1,4),(0.,
    1.560399863547,3.026493159763,4.408519816062,5.616164948135,
    6.857176517943,8.034500324617,9.154049078322,10.140931914661,
    11.16430891518,12.14467057154,13.086344664582,13.924748692612,
    14.803128326675,15.653911875236,16.480955579096,17.226763352129,
    18.01856826362,18.796500931648,19.563479607115,20.264226339274,
    21.01815180319,21.769388657233,22.52071176954,23.216717634111,
    23.975961822176,24.743348723341,25.521634699363,26.252131546642,
    27.05917145937,27.885262969361,28.733262670931,29.538010575103,
    30.436403024908,31.365465694071,32.327889352555,33.24854348335,
    34.284117952136,35.363069228966,36.489379128657,37.574802555564,
    38.804527640271,40.095153684953,41.452119030183,42.768727723412,
    44.27040892768,45.857339500188,47.985194622019),.UNSPECIFIED.);
#3052 = CARTESIAN_POINT('',(-47.90287275858,0.335416214168));
#3053 = CARTESIAN_POINT('',(-47.72152678048,-0.145739777095));
#3054 = CARTESIAN_POINT('',(-47.3810582187,-1.104944648769));
#3055 = CARTESIAN_POINT('',(-46.78705030413,-2.446738780639));
#3056 = CARTESIAN_POINT('',(-46.18286657993,-3.65750232001));
#3057 = CARTESIAN_POINT('',(-45.55324577906,-4.7688132512));
#3058 = CARTESIAN_POINT('',(-44.90472346321,-5.789469971861));
#3059 = CARTESIAN_POINT('',(-44.21964461326,-6.750044636727));
#3060 = CARTESIAN_POINT('',(-43.53702475504,-7.606383702515));
#3061 = CARTESIAN_POINT('',(-42.84524925174,-8.387865955494));
#3062 = CARTESIAN_POINT('',(-42.14669963335,-9.099735072949));
#3063 = CARTESIAN_POINT('',(-41.42219270825,-9.762999144593));
#3064 = CARTESIAN_POINT('',(-40.71104574919,-10.3476423876));
#3065 = CARTESIAN_POINT('',(-39.9979511642,-10.87420006205));
#3066 = CARTESIAN_POINT('',(-39.28518593247,-11.34897638416));
#3067 = CARTESIAN_POINT('',(-38.54746837938,-11.77583270528));
#3068 = CARTESIAN_POINT('',(-37.84149197764,-12.16884070994));
#3069 = CARTESIAN_POINT('',(-37.13418670505,-12.51751915306));
#3070 = CARTESIAN_POINT('',(-36.42504114747,-12.82314531985));
#3071 = CARTESIAN_POINT('',(-35.69412487506,-13.09336640064));
#3072 = CARTESIAN_POINT('',(-34.97893986311,-13.31556519777));
#3073 = CARTESIAN_POINT('',(-34.26120777737,-13.4991332176));
#3074 = CARTESIAN_POINT('',(-33.54015942124,-13.64498396918));
#3075 = CARTESIAN_POINT('',(-32.79573619126,-13.7549986859));
#3076 = CARTESIAN_POINT('',(-32.06576163248,-13.8237230607));
#3077 = CARTESIAN_POINT('',(-31.33063744047,-13.85540909812));
#3078 = CARTESIAN_POINT('',(-30.58942999473,-13.84968959416));
#3079 = CARTESIAN_POINT('',(-29.82217752709,-13.80321560863));
#3080 = CARTESIAN_POINT('',(-29.06795860474,-13.71744059487));
#3081 = CARTESIAN_POINT('',(-28.30606828333,-13.59145738985));
#3082 = CARTESIAN_POINT('',(-27.5358968277,-13.42362878713));
#3083 = CARTESIAN_POINT('',(-26.73782281142,-13.20519329061));
#3084 = CARTESIAN_POINT('',(-25.95311449652,-12.94522431328));
#3085 = CARTESIAN_POINT('',(-25.15993359338,-12.63758167801));
#3086 = CARTESIAN_POINT('',(-24.35945306813,-12.27764215746));
#3087 = CARTESIAN_POINT('',(-23.52893058708,-11.85768928396));
#3088 = CARTESIAN_POINT('',(-22.72824722028,-11.36884028459));
#3089 = CARTESIAN_POINT('',(-21.92078115204,-10.82574228383));
#3090 = CARTESIAN_POINT('',(-21.111868439,-10.21716812616));
#3091 = CARTESIAN_POINT('',(-20.28368648774,-9.522789275278));
#3092 = CARTESIAN_POINT('',(-19.48168164264,-8.77369521168));
#3093 = CARTESIAN_POINT('',(-18.68441403777,-7.948214253156));
#3094 = CARTESIAN_POINT('',(-17.89481181025,-7.041406886402));
#3095 = CARTESIAN_POINT('',(-17.09994413958,-6.020854635498));
#3096 = CARTESIAN_POINT('',(-16.34318627456,-4.939478705887));
#3097 = CARTESIAN_POINT('',(-15.61245975654,-3.743761538072));
#3098 = CARTESIAN_POINT('',(-14.88235371954,-2.51551802004));
#3099 = CARTESIAN_POINT('',(-14.21528706017,-0.688458099837));
#3100 = CARTESIAN_POINT('',(-13.45457178035,-0.379251758756));
#3101 = CARTESIAN_POINT('',(-12.63007766603,0.341274439722));
#3102 = ( GEOMETRIC_REPRESENTATION_CONTEXT(2) 
PARAMETRIC_REPRESENTATION_CONTEXT() REPRESENTATION_CONTEXT('2D SPACE',''
  ) );
#3103 = PCURVE('',#3104,#3158);
#3104 = SURFACE_OF_LINEAR_EXTRUSION('',#3105,#3156);
#3105 = B_SPLINE_CURVE_WITH_KNOTS('',3,(#3106,#3107,#3108,#3109,#3110,
    #3111,#3112,#3113,#3114,#3115,#3116,#3117,#3118,#3119,#3120,#3121,
    #3122,#3123,#3124,#3125,#3126,#3127,#3128,#3129,#3130,#3131,#3132,
    #3133,#3134,#3135,#3136,#3137,#3138,#3139,#3140,#3141,#3142,#3143,
    #3144,#3145,#3146,#3147,#3148,#3149,#3150,#3151,#3152,#3153,#3154,
    #3155),.UNSPECIFIED.,.F.,.F.,(4,1,1,1,1,1,1,1,1,1,1,1,1,1,1,1,1,1,1,
    1,1,1,1,1,1,1,1,1,1,1,1,1,1,1,1,1,1,1,1,1,1,1,1,1,1,1,1,4),(0.,
    1.560399863547,3.026493159763,4.408519816062,5.616164948135,
    6.857176517943,8.034500324617,9.154049078322,10.140931914661,
    11.16430891518,12.14467057154,13.086344664582,13.924748692612,
    14.803128326675,15.653911875236,16.480955579096,17.226763352129,
    18.01856826362,18.796500931648,19.563479607115,20.264226339274,
    21.01815180319,21.769388657233,22.52071176954,23.216717634111,
    23.975961822176,24.743348723341,25.521634699363,26.252131546642,
    27.05917145937,27.885262969361,28.733262670931,29.538010575103,
    30.436403024908,31.365465694071,32.327889352555,33.24854348335,
    34.284117952136,35.363069228966,36.489379128657,37.574802555564,
    38.804527640271,40.095153684953,41.452119030183,42.768727723412,
    44.27040892768,45.857339500188,47.985194622019),.UNSPECIFIED.);
#3106 = CARTESIAN_POINT('',(-47.90287275858,0.335416214168,0.));
#3107 = CARTESIAN_POINT('',(-47.72152678048,-0.145739777095,0.));
#3108 = CARTESIAN_POINT('',(-47.3810582187,-1.104944648769,0.));
#3109 = CARTESIAN_POINT('',(-46.78705030413,-2.446738780639,0.));
#3110 = CARTESIAN_POINT('',(-46.18286657993,-3.65750232001,0.));
#3111 = CARTESIAN_POINT('',(-45.55324577906,-4.7688132512,0.));
#3112 = CARTESIAN_POINT('',(-44.90472346321,-5.789469971861,0.));
#3113 = CARTESIAN_POINT('',(-44.21964461326,-6.750044636727,0.));
#3114 = CARTESIAN_POINT('',(-43.53702475504,-7.606383702515,0.));
#3115 = CARTESIAN_POINT('',(-42.84524925174,-8.387865955494,0.));
#3116 = CARTESIAN_POINT('',(-42.14669963335,-9.099735072949,0.));
#3117 = CARTESIAN_POINT('',(-41.42219270825,-9.762999144593,0.));
#3118 = CARTESIAN_POINT('',(-40.71104574919,-10.3476423876,0.));
#3119 = CARTESIAN_POINT('',(-39.9979511642,-10.87420006205,0.));
#3120 = CARTESIAN_POINT('',(-39.28518593247,-11.34897638416,0.));
#3121 = CARTESIAN_POINT('',(-38.54746837938,-11.77583270528,0.));
#3122 = CARTESIAN_POINT('',(-37.84149197764,-12.16884070994,0.));
#3123 = CARTESIAN_POINT('',(-37.13418670505,-12.51751915306,0.));
#3124 = CARTESIAN_POINT('',(-36.42504114747,-12.82314531985,0.));
#3125 = CARTESIAN_POINT('',(-35.69412487506,-13.09336640064,0.));
#3126 = CARTESIAN_POINT('',(-34.97893986311,-13.31556519777,0.));
#3127 = CARTESIAN_POINT('',(-34.26120777737,-13.4991332176,0.));
#3128 = CARTESIAN_POINT('',(-33.54015942124,-13.64498396918,0.));
#3129 = CARTESIAN_POINT('',(-32.79573619126,-13.7549986859,0.));
#3130 = CARTESIAN_POINT('',(-32.06576163248,-13.8237230607,0.));
#3131 = CARTESIAN_POINT('',(-31.33063744047,-13.85540909812,0.));
#3132 = CARTESIAN_POINT('',(-30.58942999473,-13.84968959416,0.));
#3133 = CARTESIAN_POINT('',(-29.82217752709,-13.80321560863,0.));
#3134 = CARTESIAN_POINT('',(-29.06795860474,-13.71744059487,0.));
#3135 = CARTESIAN_POINT('',(-28.30606828333,-13.59145738985,0.));
#3136 = CARTESIAN_POINT('',(-27.5358968277,-13.42362878713,0.));
#3137 = CARTESIAN_POINT('',(-26.73782281142,-13.20519329061,0.));
#3138 = CARTESIAN_POINT('',(-25.95311449652,-12.94522431328,0.));
#3139 = CARTESIAN_POINT('',(-25.15993359338,-12.63758167801,0.));
#3140 = CARTESIAN_POINT('',(-24.35945306813,-12.27764215746,0.));
#3141 = CARTESIAN_POINT('',(-23.52893058708,-11.85768928396,0.));
#3142 = CARTESIAN_POINT('',(-22.72824722028,-11.36884028459,0.));
#3143 = CARTESIAN_POINT('',(-21.92078115204,-10.82574228383,0.));
#3144 = CARTESIAN_POINT('',(-21.111868439,-10.21716812616,0.));
#3145 = CARTESIAN_POINT('',(-20.28368648774,-9.522789275278,0.));
#3146 = CARTESIAN_POINT('',(-19.48168164264,-8.77369521168,0.));
#3147 = CARTESIAN_POINT('',(-18.68441403777,-7.948214253156,0.));
#3148 = CARTESIAN_POINT('',(-17.89481181025,-7.041406886402,0.));
#3149 = CARTESIAN_POINT('',(-17.09994413958,-6.020854635498,0.));
#3150 = CARTESIAN_POINT('',(-16.34318627456,-4.939478705887,0.));
#3151 = CARTESIAN_POINT('',(-15.61245975654,-3.743761538072,0.));
#3152 = CARTESIAN_POINT('',(-14.88235371954,-2.51551802004,0.));
#3153 = CARTESIAN_POINT('',(-14.21528706017,-0.688458099837,0.));
#3154 = CARTESIAN_POINT('',(-13.45457178035,-0.379251758756,0.));
#3155 = CARTESIAN_POINT('',(-12.63007766603,0.341274439722,0.));
#3156 = VECTOR('',#3157,1.);
#3157 = DIRECTION('',(0.,0.,-1.));
#3158 = DEFINITIONAL_REPRESENTATION('',(#3159),#3163);
#3159 = LINE('',#3160,#3161);
#3160 = CARTESIAN_POINT('',(0.,0.));
#3161 = VECTOR('',#3162,1.);
#3162 = DIRECTION('',(1.,0.));
#3163 = ( GEOMETRIC_REPRESENTATION_CONTEXT(2) 
PARAMETRIC_REPRESENTATION_CONTEXT() REPRESENTATION_CONTEXT('2D SPACE',''
  ) );
#3164 = ORIENTED_EDGE('',*,*,#3165,.F.);
#3165 = EDGE_CURVE('',#2748,#2995,#3166,.T.);
#3166 = SURFACE_CURVE('',#3167,(#3171,#3178),.PCURVE_S1.);
#3167 = LINE('',#3168,#3169);
#3168 = CARTESIAN_POINT('',(-49.89712724141,-0.335416214167,0.));
#3169 = VECTOR('',#3170,1.);
#3170 = DIRECTION('',(0.947812703486,0.318827663653,0.));
#3171 = PCURVE('',#31,#3172);
#3172 = DEFINITIONAL_REPRESENTATION('',(#3173),#3177);
#3173 = LINE('',#3174,#3175);
#3174 = CARTESIAN_POINT('',(-49.89712724141,-0.335416214167));
#3175 = VECTOR('',#3176,1.);
#3176 = DIRECTION('',(0.947812703486,0.318827663653));
#3177 = ( GEOMETRIC_REPRESENTATION_CONTEXT(2) 
PARAMETRIC_REPRESENTATION_CONTEXT() REPRESENTATION_CONTEXT('2D SPACE',''
  ) );
#3178 = PCURVE('',#3179,#3184);
#3179 = PLANE('',#3180);
#3180 = AXIS2_PLACEMENT_3D('',#3181,#3182,#3183);
#3181 = CARTESIAN_POINT('',(-49.89712724141,-0.335416214167,0.));
#3182 = DIRECTION('',(-0.318827663653,0.947812703486,0.));
#3183 = DIRECTION('',(0.947812703486,0.318827663653,0.));
#3184 = DEFINITIONAL_REPRESENTATION('',(#3185),#3189);
#3185 = LINE('',#3186,#3187);
#3186 = CARTESIAN_POINT('',(0.,0.));
#3187 = VECTOR('',#3188,1.);
#3188 = DIRECTION('',(1.,0.));
#3189 = ( GEOMETRIC_REPRESENTATION_CONTEXT(2) 
PARAMETRIC_REPRESENTATION_CONTEXT() REPRESENTATION_CONTEXT('2D SPACE',''
  ) );
#3190 = FACE_BOUND('',#3191,.F.);
#3191 = EDGE_LOOP('',(#3192,#3223,#3412,#3441,#3612));
#3192 = ORIENTED_EDGE('',*,*,#3193,.F.);
#3193 = EDGE_CURVE('',#3194,#3196,#3198,.T.);
#3194 = VERTEX_POINT('',#3195);
#3195 = CARTESIAN_POINT('',(-48.79068889778,-3.267824487334,0.));
#3196 = VERTEX_POINT('',#3197);
#3197 = CARTESIAN_POINT('',(-42.34864224505,-24.45,0.));
#3198 = SURFACE_CURVE('',#3199,(#3204,#3211),.PCURVE_S1.);
#3199 = CIRCLE('',#3200,48.9);
#3200 = AXIS2_PLACEMENT_3D('',#3201,#3202,#3203);
#3201 = CARTESIAN_POINT('',(2.376054908382E-13,1.705302565824E-15,0.));
#3202 = DIRECTION('',(0.,0.,1.));
#3203 = DIRECTION('',(1.,0.,0.));
#3204 = PCURVE('',#31,#3205);
#3205 = DEFINITIONAL_REPRESENTATION('',(#3206),#3210);
#3206 = CIRCLE('',#3207,48.9);
#3207 = AXIS2_PLACEMENT_2D('',#3208,#3209);
#3208 = CARTESIAN_POINT('',(2.384668704492E-13,1.793046571939E-15));
#3209 = DIRECTION('',(1.,0.));
#3210 = ( GEOMETRIC_REPRESENTATION_CONTEXT(2) 
PARAMETRIC_REPRESENTATION_CONTEXT() REPRESENTATION_CONTEXT('2D SPACE',''
  ) );
#3211 = PCURVE('',#3212,#3217);
#3212 = CYLINDRICAL_SURFACE('',#3213,48.9);
#3213 = AXIS2_PLACEMENT_3D('',#3214,#3215,#3216);
#3214 = CARTESIAN_POINT('',(2.376054908382E-13,1.705302565824E-15,0.));
#3215 = DIRECTION('',(-0.,-0.,-1.));
#3216 = DIRECTION('',(1.,0.,0.));
#3217 = DEFINITIONAL_REPRESENTATION('',(#3218),#3222);
#3218 = LINE('',#3219,#3220);
#3219 = CARTESIAN_POINT('',(-0.,0.));
#3220 = VECTOR('',#3221,1.);
#3221 = DIRECTION('',(-1.,0.));
#3222 = ( GEOMETRIC_REPRESENTATION_CONTEXT(2) 
PARAMETRIC_REPRESENTATION_CONTEXT() REPRESENTATION_CONTEXT('2D SPACE',''
  ) );
#3223 = ORIENTED_EDGE('',*,*,#3224,.F.);
#3224 = EDGE_CURVE('',#3225,#3194,#3227,.T.);
#3225 = VERTEX_POINT('',#3226);
#3226 = CARTESIAN_POINT('',(-12.5303068936,-2.069156628226,0.));
#3227 = SURFACE_CURVE('',#3228,(#3285,#3345),.PCURVE_S1.);
#3228 = B_SPLINE_CURVE_WITH_KNOTS('',3,(#3229,#3230,#3231,#3232,#3233,
    #3234,#3235,#3236,#3237,#3238,#3239,#3240,#3241,#3242,#3243,#3244,
    #3245,#3246,#3247,#3248,#3249,#3250,#3251,#3252,#3253,#3254,#3255,
    #3256,#3257,#3258,#3259,#3260,#3261,#3262,#3263,#3264,#3265,#3266,
    #3267,#3268,#3269,#3270,#3271,#3272,#3273,#3274,#3275,#3276,#3277,
    #3278,#3279,#3280,#3281,#3282,#3283,#3284),.UNSPECIFIED.,.F.,.F.,(4,
    1,1,1,1,1,1,1,1,1,1,1,1,1,1,1,1,1,1,1,1,1,1,1,1,1,1,1,1,1,1,1,1,1,1,
    1,1,1,1,1,1,1,1,1,1,1,1,3,3,4),(0.,2.252840378147,3.947251251067,
    5.556769293497,6.973069313182,8.438034201878,9.836527608945,
    11.173881028628,12.358378394578,13.591674823614,14.777241775145,
    15.919070127373,16.937511191725,18.005608061592,19.040905950925,
    20.046909447572,20.952226144232,21.910527049393,22.848343890734,
    23.768545277515,24.604779330967,25.498993387072,26.383732766176,
    27.261734369083,28.068590979197,28.941306811933,29.815275751476,
    30.69326112534,31.509705745874,32.403313623746,33.30925058782,
    34.230483702873,35.097084585268,36.056205964867,37.039089037922,
    38.048588577934,39.007142758039,40.077976938895,41.186386250524,
    42.336589601129,43.439334281668,44.68291297016,45.982505886097,
    47.343769408886,48.660381123787,50.157957971193,51.73669345799,
    51.75772326206,53.205564838504,53.402350377676),.UNSPECIFIED.);
#3229 = CARTESIAN_POINT('',(-10.77077634969,-0.337011246639,0.));
#3230 = CARTESIAN_POINT('',(-11.33425650874,-0.868368079761,0.));
#3231 = CARTESIAN_POINT('',(-12.481520456,-1.594695028954,0.));
#3232 = CARTESIAN_POINT('',(-13.08522998536,-3.417371363885,0.));
#3233 = CARTESIAN_POINT('',(-13.89157988815,-4.760909926385,0.));
#3234 = CARTESIAN_POINT('',(-14.67197056934,-6.040553117913,0.));
#3235 = CARTESIAN_POINT('',(-15.49050173669,-7.209641509072,0.));
#3236 = CARTESIAN_POINT('',(-16.35136094025,-8.314872257293,0.));
#3237 = CARTESIAN_POINT('',(-17.2099923665,-9.300848826366,0.));
#3238 = CARTESIAN_POINT('',(-18.07993614757,-10.20152888529,0.));
#3239 = CARTESIAN_POINT('',(-18.95822327014,-11.0217058002,0.));
#3240 = CARTESIAN_POINT('',(-19.86805889134,-11.78479089379,0.));
#3241 = CARTESIAN_POINT('',(-20.76020025805,-12.45486635686,0.));
#3242 = CARTESIAN_POINT('',(-21.65201140263,-13.05808025267,0.));
#3243 = CARTESIAN_POINT('',(-22.54603400743,-13.59122639969,0.));
#3244 = CARTESIAN_POINT('',(-23.45120232947,-14.09676942069,0.));
#3245 = CARTESIAN_POINT('',(-24.33608127323,-14.52438821135,0.));
#3246 = CARTESIAN_POINT('',(-25.21697408361,-14.89803279155,0.));
#3247 = CARTESIAN_POINT('',(-26.09453961965,-15.21855179807,0.));
#3248 = CARTESIAN_POINT('',(-26.99242811084,-15.4940261067,0.));
#3249 = CARTESIAN_POINT('',(-27.86409819599,-15.71199067557,0.));
#3250 = CARTESIAN_POINT('',(-28.73133866953,-15.88272250094,0.));
#3251 = CARTESIAN_POINT('',(-29.59448339479,-16.00766076692,0.));
#3252 = CARTESIAN_POINT('',(-30.47687386385,-16.08819916452,0.));
#3253 = CARTESIAN_POINT('',(-31.33318465992,-16.12097021877,0.));
#3254 = CARTESIAN_POINT('',(-32.18596960929,-16.11028856422,0.));
#3255 = CARTESIAN_POINT('',(-33.03584711152,-16.05640934548,0.));
#3256 = CARTESIAN_POINT('',(-33.90524236288,-15.95496857893,0.));
#3257 = CARTESIAN_POINT('',(-34.74957762033,-15.81089684678,0.));
#3258 = CARTESIAN_POINT('',(-35.59182398718,-15.62272620154,0.));
#3259 = CARTESIAN_POINT('',(-36.43247772945,-15.38948147815,0.));
#3260 = CARTESIAN_POINT('',(-37.29275322658,-15.10105754498,0.));
#3261 = CARTESIAN_POINT('',(-38.12822725838,-14.7708134366,0.));
#3262 = CARTESIAN_POINT('',(-38.9618800611,-14.39147037899,0.));
#3263 = CARTESIAN_POINT('',(-39.79359800151,-13.95973407716,0.));
#3264 = CARTESIAN_POINT('',(-40.62609428351,-13.43397347907,0.));
#3265 = CARTESIAN_POINT('',(-41.43377378894,-12.87202207064,0.));
#3266 = CARTESIAN_POINT('',(-42.23357976818,-12.24964418284,0.));
#3267 = CARTESIAN_POINT('',(-43.02576835982,-11.56598402366,0.));
#3268 = CARTESIAN_POINT('',(-43.82633227571,-10.79652881887,0.));
#3269 = CARTESIAN_POINT('',(-44.59185597836,-9.977843726103,0.));
#3270 = CARTESIAN_POINT('',(-45.34355701022,-9.085743792799,0.));
#3271 = CARTESIAN_POINT('',(-46.07736448137,-8.119510857322,0.));
#3272 = CARTESIAN_POINT('',(-46.8112570567,-7.03098900828,0.));
#3273 = CARTESIAN_POINT('',(-47.48115698306,-5.935287919124,0.));
#3274 = CARTESIAN_POINT('',(-48.19229788785,-4.552393988828,0.));
#3275 = CARTESIAN_POINT('',(-48.58219745347,-3.89107517787,0.));
#3276 = CARTESIAN_POINT('',(-49.60020053364,-1.154996954994,0.));
#3277 = CARTESIAN_POINT('',(-49.34075847899,-1.927696154043,0.));
#3278 = CARTESIAN_POINT('',(-49.33722008755,-1.938209297319,0.));
#3279 = CARTESIAN_POINT('',(-49.33722008799,-1.938209296072,0.));
#3280 = CARTESIAN_POINT('',(-49.33722008843,-1.938209294826,0.));
#3281 = CARTESIAN_POINT('',(-49.33722008887,-1.938209293579,0.));
#3282 = CARTESIAN_POINT('',(-49.48582637197,-1.512378099413,0.));
#3283 = CARTESIAN_POINT('',(-49.67032849957,-0.984162908972,0.));
#3284 = CARTESIAN_POINT('',(-49.89712724141,-0.335416214167,0.));
#3285 = PCURVE('',#31,#3286);
#3286 = DEFINITIONAL_REPRESENTATION('',(#3287),#3344);
#3287 = B_SPLINE_CURVE_WITH_KNOTS('',3,(#3288,#3289,#3290,#3291,#3292,
    #3293,#3294,#3295,#3296,#3297,#3298,#3299,#3300,#3301,#3302,#3303,
    #3304,#3305,#3306,#3307,#3308,#3309,#3310,#3311,#3312,#3313,#3314,
    #3315,#3316,#3317,#3318,#3319,#3320,#3321,#3322,#3323,#3324,#3325,
    #3326,#3327,#3328,#3329,#3330,#3331,#3332,#3333,#3334,#3335,#3336,
    #3337,#3338,#3339,#3340,#3341,#3342,#3343),.UNSPECIFIED.,.F.,.F.,(4,
    1,1,1,1,1,1,1,1,1,1,1,1,1,1,1,1,1,1,1,1,1,1,1,1,1,1,1,1,1,1,1,1,1,1,
    1,1,1,1,1,1,1,1,1,1,1,1,3,3,4),(0.,2.252840378147,3.947251251067,
    5.556769293497,6.973069313182,8.438034201878,9.836527608945,
    11.173881028628,12.358378394578,13.591674823614,14.777241775145,
    15.919070127373,16.937511191725,18.005608061592,19.040905950925,
    20.046909447572,20.952226144232,21.910527049393,22.848343890734,
    23.768545277515,24.604779330967,25.498993387072,26.383732766176,
    27.261734369083,28.068590979197,28.941306811933,29.815275751476,
    30.69326112534,31.509705745874,32.403313623746,33.30925058782,
    34.230483702873,35.097084585268,36.056205964867,37.039089037922,
    38.048588577934,39.007142758039,40.077976938895,41.186386250524,
    42.336589601129,43.439334281668,44.68291297016,45.982505886097,
    47.343769408886,48.660381123787,50.157957971193,51.73669345799,
    51.75772326206,53.205564838504,53.402350377676),.UNSPECIFIED.);
#3288 = CARTESIAN_POINT('',(-10.77077634969,-0.337011246639));
#3289 = CARTESIAN_POINT('',(-11.33425650874,-0.868368079761));
#3290 = CARTESIAN_POINT('',(-12.481520456,-1.594695028954));
#3291 = CARTESIAN_POINT('',(-13.08522998536,-3.417371363885));
#3292 = CARTESIAN_POINT('',(-13.89157988815,-4.760909926385));
#3293 = CARTESIAN_POINT('',(-14.67197056934,-6.040553117913));
#3294 = CARTESIAN_POINT('',(-15.49050173669,-7.209641509072));
#3295 = CARTESIAN_POINT('',(-16.35136094025,-8.314872257293));
#3296 = CARTESIAN_POINT('',(-17.2099923665,-9.300848826366));
#3297 = CARTESIAN_POINT('',(-18.07993614757,-10.20152888529));
#3298 = CARTESIAN_POINT('',(-18.95822327014,-11.0217058002));
#3299 = CARTESIAN_POINT('',(-19.86805889134,-11.78479089379));
#3300 = CARTESIAN_POINT('',(-20.76020025805,-12.45486635686));
#3301 = CARTESIAN_POINT('',(-21.65201140263,-13.05808025267));
#3302 = CARTESIAN_POINT('',(-22.54603400743,-13.59122639969));
#3303 = CARTESIAN_POINT('',(-23.45120232947,-14.09676942069));
#3304 = CARTESIAN_POINT('',(-24.33608127323,-14.52438821135));
#3305 = CARTESIAN_POINT('',(-25.21697408361,-14.89803279155));
#3306 = CARTESIAN_POINT('',(-26.09453961965,-15.21855179807));
#3307 = CARTESIAN_POINT('',(-26.99242811084,-15.4940261067));
#3308 = CARTESIAN_POINT('',(-27.86409819599,-15.71199067557));
#3309 = CARTESIAN_POINT('',(-28.73133866953,-15.88272250094));
#3310 = CARTESIAN_POINT('',(-29.59448339479,-16.00766076692));
#3311 = CARTESIAN_POINT('',(-30.47687386385,-16.08819916452));
#3312 = CARTESIAN_POINT('',(-31.33318465992,-16.12097021877));
#3313 = CARTESIAN_POINT('',(-32.18596960929,-16.11028856422));
#3314 = CARTESIAN_POINT('',(-33.03584711152,-16.05640934548));
#3315 = CARTESIAN_POINT('',(-33.90524236288,-15.95496857893));
#3316 = CARTESIAN_POINT('',(-34.74957762033,-15.81089684678));
#3317 = CARTESIAN_POINT('',(-35.59182398718,-15.62272620154));
#3318 = CARTESIAN_POINT('',(-36.43247772945,-15.38948147815));
#3319 = CARTESIAN_POINT('',(-37.29275322658,-15.10105754498));
#3320 = CARTESIAN_POINT('',(-38.12822725838,-14.7708134366));
#3321 = CARTESIAN_POINT('',(-38.9618800611,-14.39147037899));
#3322 = CARTESIAN_POINT('',(-39.79359800151,-13.95973407716));
#3323 = CARTESIAN_POINT('',(-40.62609428351,-13.43397347907));
#3324 = CARTESIAN_POINT('',(-41.43377378894,-12.87202207064));
#3325 = CARTESIAN_POINT('',(-42.23357976818,-12.24964418284));
#3326 = CARTESIAN_POINT('',(-43.02576835982,-11.56598402366));
#3327 = CARTESIAN_POINT('',(-43.82633227571,-10.79652881887));
#3328 = CARTESIAN_POINT('',(-44.59185597836,-9.977843726103));
#3329 = CARTESIAN_POINT('',(-45.34355701022,-9.085743792799));
#3330 = CARTESIAN_POINT('',(-46.07736448137,-8.119510857322));
#3331 = CARTESIAN_POINT('',(-46.8112570567,-7.03098900828));
#3332 = CARTESIAN_POINT('',(-47.48115698306,-5.935287919124));
#3333 = CARTESIAN_POINT('',(-48.19229788785,-4.552393988828));
#3334 = CARTESIAN_POINT('',(-48.58219745347,-3.89107517787));
#3335 = CARTESIAN_POINT('',(-49.60020053364,-1.154996954994));
#3336 = CARTESIAN_POINT('',(-49.34075847899,-1.927696154043));
#3337 = CARTESIAN_POINT('',(-49.33722008755,-1.938209297319));
#3338 = CARTESIAN_POINT('',(-49.33722008799,-1.938209296072));
#3339 = CARTESIAN_POINT('',(-49.33722008843,-1.938209294826));
#3340 = CARTESIAN_POINT('',(-49.33722008887,-1.938209293579));
#3341 = CARTESIAN_POINT('',(-49.48582637197,-1.512378099413));
#3342 = CARTESIAN_POINT('',(-49.67032849957,-0.984162908972));
#3343 = CARTESIAN_POINT('',(-49.89712724141,-0.335416214167));
#3344 = ( GEOMETRIC_REPRESENTATION_CONTEXT(2) 
PARAMETRIC_REPRESENTATION_CONTEXT() REPRESENTATION_CONTEXT('2D SPACE',''
  ) );
#3345 = PCURVE('',#3346,#3406);
#3346 = SURFACE_OF_LINEAR_EXTRUSION('',#3347,#3404);
#3347 = B_SPLINE_CURVE_WITH_KNOTS('',3,(#3348,#3349,#3350,#3351,#3352,
    #3353,#3354,#3355,#3356,#3357,#3358,#3359,#3360,#3361,#3362,#3363,
    #3364,#3365,#3366,#3367,#3368,#3369,#3370,#3371,#3372,#3373,#3374,
    #3375,#3376,#3377,#3378,#3379,#3380,#3381,#3382,#3383,#3384,#3385,
    #3386,#3387,#3388,#3389,#3390,#3391,#3392,#3393,#3394,#3395,#3396,
    #3397,#3398,#3399,#3400,#3401,#3402,#3403),.UNSPECIFIED.,.F.,.F.,(4,
    1,1,1,1,1,1,1,1,1,1,1,1,1,1,1,1,1,1,1,1,1,1,1,1,1,1,1,1,1,1,1,1,1,1,
    1,1,1,1,1,1,1,1,1,1,1,1,3,3,4),(0.,2.252840378147,3.947251251067,
    5.556769293497,6.973069313182,8.438034201878,9.836527608945,
    11.173881028628,12.358378394578,13.591674823614,14.777241775145,
    15.919070127373,16.937511191725,18.005608061592,19.040905950925,
    20.046909447572,20.952226144232,21.910527049393,22.848343890734,
    23.768545277515,24.604779330967,25.498993387072,26.383732766176,
    27.261734369083,28.068590979197,28.941306811933,29.815275751476,
    30.69326112534,31.509705745874,32.403313623746,33.30925058782,
    34.230483702873,35.097084585268,36.056205964867,37.039089037922,
    38.048588577934,39.007142758039,40.077976938895,41.186386250524,
    42.336589601129,43.439334281668,44.68291297016,45.982505886097,
    47.343769408886,48.660381123787,50.157957971193,51.73669345799,
    51.75772326206,53.205564838504,53.402350377676),.UNSPECIFIED.);
#3348 = CARTESIAN_POINT('',(-10.77077634969,-0.337011246639,0.));
#3349 = CARTESIAN_POINT('',(-11.33425650874,-0.868368079761,0.));
#3350 = CARTESIAN_POINT('',(-12.481520456,-1.594695028954,0.));
#3351 = CARTESIAN_POINT('',(-13.08522998536,-3.417371363885,0.));
#3352 = CARTESIAN_POINT('',(-13.89157988815,-4.760909926385,0.));
#3353 = CARTESIAN_POINT('',(-14.67197056934,-6.040553117913,0.));
#3354 = CARTESIAN_POINT('',(-15.49050173669,-7.209641509072,0.));
#3355 = CARTESIAN_POINT('',(-16.35136094025,-8.314872257293,0.));
#3356 = CARTESIAN_POINT('',(-17.2099923665,-9.300848826366,0.));
#3357 = CARTESIAN_POINT('',(-18.07993614757,-10.20152888529,0.));
#3358 = CARTESIAN_POINT('',(-18.95822327014,-11.0217058002,0.));
#3359 = CARTESIAN_POINT('',(-19.86805889134,-11.78479089379,0.));
#3360 = CARTESIAN_POINT('',(-20.76020025805,-12.45486635686,0.));
#3361 = CARTESIAN_POINT('',(-21.65201140263,-13.05808025267,0.));
#3362 = CARTESIAN_POINT('',(-22.54603400743,-13.59122639969,0.));
#3363 = CARTESIAN_POINT('',(-23.45120232947,-14.09676942069,0.));
#3364 = CARTESIAN_POINT('',(-24.33608127323,-14.52438821135,0.));
#3365 = CARTESIAN_POINT('',(-25.21697408361,-14.89803279155,0.));
#3366 = CARTESIAN_POINT('',(-26.09453961965,-15.21855179807,0.));
#3367 = CARTESIAN_POINT('',(-26.99242811084,-15.4940261067,0.));
#3368 = CARTESIAN_POINT('',(-27.86409819599,-15.71199067557,0.));
#3369 = CARTESIAN_POINT('',(-28.73133866953,-15.88272250094,0.));
#3370 = CARTESIAN_POINT('',(-29.59448339479,-16.00766076692,0.));
#3371 = CARTESIAN_POINT('',(-30.47687386385,-16.08819916452,0.));
#3372 = CARTESIAN_POINT('',(-31.33318465992,-16.12097021877,0.));
#3373 = CARTESIAN_POINT('',(-32.18596960929,-16.11028856422,0.));
#3374 = CARTESIAN_POINT('',(-33.03584711152,-16.05640934548,0.));
#3375 = CARTESIAN_POINT('',(-33.90524236288,-15.95496857893,0.));
#3376 = CARTESIAN_POINT('',(-34.74957762033,-15.81089684678,0.));
#3377 = CARTESIAN_POINT('',(-35.59182398718,-15.62272620154,0.));
#3378 = CARTESIAN_POINT('',(-36.43247772945,-15.38948147815,0.));
#3379 = CARTESIAN_POINT('',(-37.29275322658,-15.10105754498,0.));
#3380 = CARTESIAN_POINT('',(-38.12822725838,-14.7708134366,0.));
#3381 = CARTESIAN_POINT('',(-38.9618800611,-14.39147037899,0.));
#3382 = CARTESIAN_POINT('',(-39.79359800151,-13.95973407716,0.));
#3383 = CARTESIAN_POINT('',(-40.62609428351,-13.43397347907,0.));
#3384 = CARTESIAN_POINT('',(-41.43377378894,-12.87202207064,0.));
#3385 = CARTESIAN_POINT('',(-42.23357976818,-12.24964418284,0.));
#3386 = CARTESIAN_POINT('',(-43.02576835982,-11.56598402366,0.));
#3387 = CARTESIAN_POINT('',(-43.82633227571,-10.79652881887,0.));
#3388 = CARTESIAN_POINT('',(-44.59185597836,-9.977843726103,0.));
#3389 = CARTESIAN_POINT('',(-45.34355701022,-9.085743792799,0.));
#3390 = CARTESIAN_POINT('',(-46.07736448137,-8.119510857322,0.));
#3391 = CARTESIAN_POINT('',(-46.8112570567,-7.03098900828,0.));
#3392 = CARTESIAN_POINT('',(-47.48115698306,-5.935287919124,0.));
#3393 = CARTESIAN_POINT('',(-48.19229788785,-4.552393988828,0.));
#3394 = CARTESIAN_POINT('',(-48.58219745347,-3.89107517787,0.));
#3395 = CARTESIAN_POINT('',(-49.60020053364,-1.154996954994,0.));
#3396 = CARTESIAN_POINT('',(-49.34075847899,-1.927696154043,0.));
#3397 = CARTESIAN_POINT('',(-49.33722008755,-1.938209297319,0.));
#3398 = CARTESIAN_POINT('',(-49.33722008799,-1.938209296072,0.));
#3399 = CARTESIAN_POINT('',(-49.33722008843,-1.938209294826,0.));
#3400 = CARTESIAN_POINT('',(-49.33722008887,-1.938209293579,0.));
#3401 = CARTESIAN_POINT('',(-49.48582637197,-1.512378099413,0.));
#3402 = CARTESIAN_POINT('',(-49.67032849957,-0.984162908972,0.));
#3403 = CARTESIAN_POINT('',(-49.89712724141,-0.335416214167,0.));
#3404 = VECTOR('',#3405,1.);
#3405 = DIRECTION('',(0.,0.,-1.));
#3406 = DEFINITIONAL_REPRESENTATION('',(#3407),#3411);
#3407 = LINE('',#3408,#3409);
#3408 = CARTESIAN_POINT('',(0.,0.));
#3409 = VECTOR('',#3410,1.);
#3410 = DIRECTION('',(1.,0.));
#3411 = ( GEOMETRIC_REPRESENTATION_CONTEXT(2) 
PARAMETRIC_REPRESENTATION_CONTEXT() REPRESENTATION_CONTEXT('2D SPACE',''
  ) );
#3412 = ORIENTED_EDGE('',*,*,#3413,.T.);
#3413 = EDGE_CURVE('',#3225,#3414,#3416,.T.);
#3414 = VERTEX_POINT('',#3415);
#3415 = CARTESIAN_POINT('',(-11.13747269041,-6.103007624956,0.));
#3416 = SURFACE_CURVE('',#3417,(#3422,#3429),.PCURVE_S1.);
#3417 = CIRCLE('',#3418,12.7);
#3418 = AXIS2_PLACEMENT_3D('',#3419,#3420,#3421);
#3419 = CARTESIAN_POINT('',(0.,0.,0.));
#3420 = DIRECTION('',(0.,0.,1.));
#3421 = DIRECTION('',(1.,0.,0.));
#3422 = PCURVE('',#31,#3423);
#3423 = DEFINITIONAL_REPRESENTATION('',(#3424),#3428);
#3424 = CIRCLE('',#3425,12.7);
#3425 = AXIS2_PLACEMENT_2D('',#3426,#3427);
#3426 = CARTESIAN_POINT('',(8.613796110485E-16,8.774400611482E-17));
#3427 = DIRECTION('',(1.,0.));
#3428 = ( GEOMETRIC_REPRESENTATION_CONTEXT(2) 
PARAMETRIC_REPRESENTATION_CONTEXT() REPRESENTATION_CONTEXT('2D SPACE',''
  ) );
#3429 = PCURVE('',#3430,#3435);
#3430 = CYLINDRICAL_SURFACE('',#3431,12.7);
#3431 = AXIS2_PLACEMENT_3D('',#3432,#3433,#3434);
#3432 = CARTESIAN_POINT('',(0.,0.,0.));
#3433 = DIRECTION('',(-0.,-0.,-1.));
#3434 = DIRECTION('',(1.,0.,0.));
#3435 = DEFINITIONAL_REPRESENTATION('',(#3436),#3440);
#3436 = LINE('',#3437,#3438);
#3437 = CARTESIAN_POINT('',(-0.,0.));
#3438 = VECTOR('',#3439,1.);
#3439 = DIRECTION('',(-1.,0.));
#3440 = ( GEOMETRIC_REPRESENTATION_CONTEXT(2) 
PARAMETRIC_REPRESENTATION_CONTEXT() REPRESENTATION_CONTEXT('2D SPACE',''
  ) );
#3441 = ORIENTED_EDGE('',*,*,#3442,.F.);
#3442 = EDGE_CURVE('',#3443,#3414,#3445,.T.);
#3443 = VERTEX_POINT('',#3444);
#3444 = CARTESIAN_POINT('',(-41.65281283027,-23.66095741698,0.));
#3445 = SURFACE_CURVE('',#3446,(#3497,#3551),.PCURVE_S1.);
#3446 = B_SPLINE_CURVE_WITH_KNOTS('',3,(#3447,#3448,#3449,#3450,#3451,
    #3452,#3453,#3454,#3455,#3456,#3457,#3458,#3459,#3460,#3461,#3462,
    #3463,#3464,#3465,#3466,#3467,#3468,#3469,#3470,#3471,#3472,#3473,
    #3474,#3475,#3476,#3477,#3478,#3479,#3480,#3481,#3482,#3483,#3484,
    #3485,#3486,#3487,#3488,#3489,#3490,#3491,#3492,#3493,#3494,#3495,
    #3496),.UNSPECIFIED.,.F.,.F.,(4,1,1,1,1,1,1,1,1,1,1,1,1,1,1,1,1,1,1,
    1,1,1,1,1,1,1,1,1,1,1,1,1,1,1,1,1,1,1,1,1,1,1,1,1,1,1,1,4),(0.,
    1.560399863547,3.026493159763,4.408519816062,5.616164948135,
    6.857176517943,8.034500324617,9.154049078322,10.140931914661,
    11.16430891518,12.14467057154,13.086344664582,13.924748692612,
    14.803128326675,15.653911875236,16.480955579096,17.226763352129,
    18.01856826362,18.796500931648,19.563479607115,20.264226339274,
    21.01815180319,21.769388657233,22.52071176954,23.216717634111,
    23.975961822176,24.743348723341,25.521634699363,26.252131546642,
    27.05917145937,27.885262969361,28.733262670931,29.538010575103,
    30.436403024908,31.365465694071,32.327889352555,33.24854348335,
    34.284117952136,35.363069228966,36.489379128657,37.574802555564,
    38.804527640271,40.095153684953,41.452119030183,42.768727723412,
    44.27040892768,45.857339500188,47.985194622019),.UNSPECIFIED.);
#3447 = CARTESIAN_POINT('',(-41.65281283027,-23.66095741698,0.));
#3448 = CARTESIAN_POINT('',(-41.25518461072,-23.98697773954,0.));
#3449 = CARTESIAN_POINT('',(-40.4807277512,-24.64743924496,0.));
#3450 = CARTESIAN_POINT('',(-39.2954047412,-25.51246309252,0.));
#3451 = CARTESIAN_POINT('',(-38.1667845178,-26.25892321349,0.));
#3452 = CARTESIAN_POINT('',(-37.0658614439,-26.90653631097,0.));
#3453 = CARTESIAN_POINT('',(-35.99389628312,-27.46618980168,0.));
#3454 = CARTESIAN_POINT('',(-34.92031326304,-27.95553243871,0.));
#3455 = CARTESIAN_POINT('',(-33.9009775918,-28.35583389483,0.));
#3456 = CARTESIAN_POINT('',(-32.91114130574,-28.68672962687,0.));
#3457 = CARTESIAN_POINT('',(-31.95024503168,-28.95395155755,0.));
#3458 = CARTESIAN_POINT('',(-30.99117159351,-29.16610163047,0.));
#3459 = CARTESIAN_POINT('',(-30.08297863963,-29.31684405153,0.));
#3460 = CARTESIAN_POINT('',(-29.2021417765,-29.41630908167,0.));
#3461 = CARTESIAN_POINT('',(-28.34748081783,-29.47109482187,0.));
#3462 = CARTESIAN_POINT('',(-27.49517051548,-29.47190446318,0.));
#3463 = CARTESIAN_POINT('',(-26.68727301477,-29.45927117824,0.));
#3464 = CARTESIAN_POINT('',(-25.90038945892,-29.40758293143,0.));
#3465 = CARTESIAN_POINT('',(-25.13343830767,-29.31769017715,0.));
#3466 = CARTESIAN_POINT('',(-24.36533570733,-29.18625036155,0.));
#3467 = CARTESIAN_POINT('',(-23.63486792002,-29.02108765858,0.));
#3468 = CARTESIAN_POINT('',(-22.92150969074,-28.8211961842,0.));
#3469 = CARTESIAN_POINT('',(-22.22413812118,-28.58698246216,0.));
#3470 = CARTESIAN_POINT('',(-21.5244413345,-28.31004638664,0.));
#3471 = CARTESIAN_POINT('',(-20.85790263507,-28.00457616169,0.));
#3472 = CARTESIAN_POINT('',(-20.20542339114,-27.66445497904,0.));
#3473 = CARTESIAN_POINT('',(-19.56637866564,-27.28889802044,0.));
#3474 = CARTESIAN_POINT('',(-18.92515553031,-26.86502413453,0.));
#3475 = CARTESIAN_POINT('',(-18.31487029042,-26.41363133243,0.));
#3476 = CARTESIAN_POINT('',(-17.71804551969,-25.92358151573,0.));
#3477 = CARTESIAN_POINT('',(-17.13497177521,-25.39315195447,0.));
#3478 = CARTESIAN_POINT('',(-16.55303715126,-24.80494425726,0.));
#3479 = CARTESIAN_POINT('',(-16.00344430467,-24.18745036125,0.));
#3480 = CARTESIAN_POINT('',(-15.47035081039,-23.52443357225,0.));
#3481 = CARTESIAN_POINT('',(-14.95708410056,-22.812476541,0.));
#3482 = CARTESIAN_POINT('',(-14.44780697031,-22.03352544363,0.));
#3483 = CARTESIAN_POINT('',(-13.99881933396,-21.20982810816,0.));
#3484 = CARTESIAN_POINT('',(-13.57108220655,-20.33575840865,0.));
#3485 = CARTESIAN_POINT('',(-13.17483032644,-19.40426137149,0.));
#3486 = CARTESIAN_POINT('',(-12.80479314314,-18.38882067114,0.));
#3487 = CARTESIAN_POINT('',(-12.48478360513,-17.33908375969,0.));
#3488 = CARTESIAN_POINT('',(-12.20707008496,-16.22556247684,0.));
#3489 = CARTESIAN_POINT('',(-11.97665818042,-15.04544314713,0.));
#3490 = CARTESIAN_POINT('',(-11.79855871042,-13.76418513662,0.));
#3491 = CARTESIAN_POINT('',(-11.6838751396,-12.44930717803,0.));
#3492 = CARTESIAN_POINT('',(-11.64890599569,-11.04842247595,0.));
#3493 = CARTESIAN_POINT('',(-11.6307373792,-9.619679368803,0.));
#3494 = CARTESIAN_POINT('',(-11.96657066628,-7.703865733988,0.));
#3495 = CARTESIAN_POINT('',(-11.46237507945,-7.055727547691,0.));
#3496 = CARTESIAN_POINT('',(-11.10860533041,-6.019486498557,0.));
#3497 = PCURVE('',#31,#3498);
#3498 = DEFINITIONAL_REPRESENTATION('',(#3499),#3550);
#3499 = B_SPLINE_CURVE_WITH_KNOTS('',3,(#3500,#3501,#3502,#3503,#3504,
    #3505,#3506,#3507,#3508,#3509,#3510,#3511,#3512,#3513,#3514,#3515,
    #3516,#3517,#3518,#3519,#3520,#3521,#3522,#3523,#3524,#3525,#3526,
    #3527,#3528,#3529,#3530,#3531,#3532,#3533,#3534,#3535,#3536,#3537,
    #3538,#3539,#3540,#3541,#3542,#3543,#3544,#3545,#3546,#3547,#3548,
    #3549),.UNSPECIFIED.,.F.,.F.,(4,1,1,1,1,1,1,1,1,1,1,1,1,1,1,1,1,1,1,
    1,1,1,1,1,1,1,1,1,1,1,1,1,1,1,1,1,1,1,1,1,1,1,1,1,1,1,1,4),(0.,
    1.560399863547,3.026493159763,4.408519816062,5.616164948135,
    6.857176517943,8.034500324617,9.154049078322,10.140931914661,
    11.16430891518,12.14467057154,13.086344664582,13.924748692612,
    14.803128326675,15.653911875236,16.480955579096,17.226763352129,
    18.01856826362,18.796500931648,19.563479607115,20.264226339274,
    21.01815180319,21.769388657233,22.52071176954,23.216717634111,
    23.975961822176,24.743348723341,25.521634699363,26.252131546642,
    27.05917145937,27.885262969361,28.733262670931,29.538010575103,
    30.436403024908,31.365465694071,32.327889352555,33.24854348335,
    34.284117952136,35.363069228966,36.489379128657,37.574802555564,
    38.804527640271,40.095153684953,41.452119030183,42.768727723412,
    44.27040892768,45.857339500188,47.985194622019),.UNSPECIFIED.);
#3500 = CARTESIAN_POINT('',(-41.65281283027,-23.66095741698));
#3501 = CARTESIAN_POINT('',(-41.25518461072,-23.98697773954));
#3502 = CARTESIAN_POINT('',(-40.4807277512,-24.64743924496));
#3503 = CARTESIAN_POINT('',(-39.2954047412,-25.51246309252));
#3504 = CARTESIAN_POINT('',(-38.1667845178,-26.25892321349));
#3505 = CARTESIAN_POINT('',(-37.0658614439,-26.90653631097));
#3506 = CARTESIAN_POINT('',(-35.99389628312,-27.46618980168));
#3507 = CARTESIAN_POINT('',(-34.92031326304,-27.95553243871));
#3508 = CARTESIAN_POINT('',(-33.9009775918,-28.35583389483));
#3509 = CARTESIAN_POINT('',(-32.91114130574,-28.68672962687));
#3510 = CARTESIAN_POINT('',(-31.95024503168,-28.95395155755));
#3511 = CARTESIAN_POINT('',(-30.99117159351,-29.16610163047));
#3512 = CARTESIAN_POINT('',(-30.08297863963,-29.31684405153));
#3513 = CARTESIAN_POINT('',(-29.2021417765,-29.41630908167));
#3514 = CARTESIAN_POINT('',(-28.34748081783,-29.47109482187));
#3515 = CARTESIAN_POINT('',(-27.49517051548,-29.47190446318));
#3516 = CARTESIAN_POINT('',(-26.68727301477,-29.45927117824));
#3517 = CARTESIAN_POINT('',(-25.90038945892,-29.40758293143));
#3518 = CARTESIAN_POINT('',(-25.13343830767,-29.31769017715));
#3519 = CARTESIAN_POINT('',(-24.36533570733,-29.18625036155));
#3520 = CARTESIAN_POINT('',(-23.63486792002,-29.02108765858));
#3521 = CARTESIAN_POINT('',(-22.92150969074,-28.8211961842));
#3522 = CARTESIAN_POINT('',(-22.22413812118,-28.58698246216));
#3523 = CARTESIAN_POINT('',(-21.5244413345,-28.31004638664));
#3524 = CARTESIAN_POINT('',(-20.85790263507,-28.00457616169));
#3525 = CARTESIAN_POINT('',(-20.20542339114,-27.66445497904));
#3526 = CARTESIAN_POINT('',(-19.56637866564,-27.28889802044));
#3527 = CARTESIAN_POINT('',(-18.92515553031,-26.86502413453));
#3528 = CARTESIAN_POINT('',(-18.31487029042,-26.41363133243));
#3529 = CARTESIAN_POINT('',(-17.71804551969,-25.92358151573));
#3530 = CARTESIAN_POINT('',(-17.13497177521,-25.39315195447));
#3531 = CARTESIAN_POINT('',(-16.55303715126,-24.80494425726));
#3532 = CARTESIAN_POINT('',(-16.00344430467,-24.18745036125));
#3533 = CARTESIAN_POINT('',(-15.47035081039,-23.52443357225));
#3534 = CARTESIAN_POINT('',(-14.95708410056,-22.812476541));
#3535 = CARTESIAN_POINT('',(-14.44780697031,-22.03352544363));
#3536 = CARTESIAN_POINT('',(-13.99881933396,-21.20982810816));
#3537 = CARTESIAN_POINT('',(-13.57108220655,-20.33575840865));
#3538 = CARTESIAN_POINT('',(-13.17483032644,-19.40426137149));
#3539 = CARTESIAN_POINT('',(-12.80479314314,-18.38882067114));
#3540 = CARTESIAN_POINT('',(-12.48478360513,-17.33908375969));
#3541 = CARTESIAN_POINT('',(-12.20707008496,-16.22556247684));
#3542 = CARTESIAN_POINT('',(-11.97665818042,-15.04544314713));
#3543 = CARTESIAN_POINT('',(-11.79855871042,-13.76418513662));
#3544 = CARTESIAN_POINT('',(-11.6838751396,-12.44930717803));
#3545 = CARTESIAN_POINT('',(-11.64890599569,-11.04842247595));
#3546 = CARTESIAN_POINT('',(-11.6307373792,-9.619679368803));
#3547 = CARTESIAN_POINT('',(-11.96657066628,-7.703865733988));
#3548 = CARTESIAN_POINT('',(-11.46237507945,-7.055727547691));
#3549 = CARTESIAN_POINT('',(-11.10860533041,-6.019486498557));
#3550 = ( GEOMETRIC_REPRESENTATION_CONTEXT(2) 
PARAMETRIC_REPRESENTATION_CONTEXT() REPRESENTATION_CONTEXT('2D SPACE',''
  ) );
#3551 = PCURVE('',#3552,#3606);
#3552 = SURFACE_OF_LINEAR_EXTRUSION('',#3553,#3604);
#3553 = B_SPLINE_CURVE_WITH_KNOTS('',3,(#3554,#3555,#3556,#3557,#3558,
    #3559,#3560,#3561,#3562,#3563,#3564,#3565,#3566,#3567,#3568,#3569,
    #3570,#3571,#3572,#3573,#3574,#3575,#3576,#3577,#3578,#3579,#3580,
    #3581,#3582,#3583,#3584,#3585,#3586,#3587,#3588,#3589,#3590,#3591,
    #3592,#3593,#3594,#3595,#3596,#3597,#3598,#3599,#3600,#3601,#3602,
    #3603),.UNSPECIFIED.,.F.,.F.,(4,1,1,1,1,1,1,1,1,1,1,1,1,1,1,1,1,1,1,
    1,1,1,1,1,1,1,1,1,1,1,1,1,1,1,1,1,1,1,1,1,1,1,1,1,1,1,1,4),(0.,
    1.560399863547,3.026493159763,4.408519816062,5.616164948135,
    6.857176517943,8.034500324617,9.154049078322,10.140931914661,
    11.16430891518,12.14467057154,13.086344664582,13.924748692612,
    14.803128326675,15.653911875236,16.480955579096,17.226763352129,
    18.01856826362,18.796500931648,19.563479607115,20.264226339274,
    21.01815180319,21.769388657233,22.52071176954,23.216717634111,
    23.975961822176,24.743348723341,25.521634699363,26.252131546642,
    27.05917145937,27.885262969361,28.733262670931,29.538010575103,
    30.436403024908,31.365465694071,32.327889352555,33.24854348335,
    34.284117952136,35.363069228966,36.489379128657,37.574802555564,
    38.804527640271,40.095153684953,41.452119030183,42.768727723412,
    44.27040892768,45.857339500188,47.985194622019),.UNSPECIFIED.);
#3554 = CARTESIAN_POINT('',(-41.65281283027,-23.66095741698,0.));
#3555 = CARTESIAN_POINT('',(-41.25518461072,-23.98697773954,0.));
#3556 = CARTESIAN_POINT('',(-40.4807277512,-24.64743924496,0.));
#3557 = CARTESIAN_POINT('',(-39.2954047412,-25.51246309252,0.));
#3558 = CARTESIAN_POINT('',(-38.1667845178,-26.25892321349,0.));
#3559 = CARTESIAN_POINT('',(-37.0658614439,-26.90653631097,0.));
#3560 = CARTESIAN_POINT('',(-35.99389628312,-27.46618980168,0.));
#3561 = CARTESIAN_POINT('',(-34.92031326304,-27.95553243871,0.));
#3562 = CARTESIAN_POINT('',(-33.9009775918,-28.35583389483,0.));
#3563 = CARTESIAN_POINT('',(-32.91114130574,-28.68672962687,0.));
#3564 = CARTESIAN_POINT('',(-31.95024503168,-28.95395155755,0.));
#3565 = CARTESIAN_POINT('',(-30.99117159351,-29.16610163047,0.));
#3566 = CARTESIAN_POINT('',(-30.08297863963,-29.31684405153,0.));
#3567 = CARTESIAN_POINT('',(-29.2021417765,-29.41630908167,0.));
#3568 = CARTESIAN_POINT('',(-28.34748081783,-29.47109482187,0.));
#3569 = CARTESIAN_POINT('',(-27.49517051548,-29.47190446318,0.));
#3570 = CARTESIAN_POINT('',(-26.68727301477,-29.45927117824,0.));
#3571 = CARTESIAN_POINT('',(-25.90038945892,-29.40758293143,0.));
#3572 = CARTESIAN_POINT('',(-25.13343830767,-29.31769017715,0.));
#3573 = CARTESIAN_POINT('',(-24.36533570733,-29.18625036155,0.));
#3574 = CARTESIAN_POINT('',(-23.63486792002,-29.02108765858,0.));
#3575 = CARTESIAN_POINT('',(-22.92150969074,-28.8211961842,0.));
#3576 = CARTESIAN_POINT('',(-22.22413812118,-28.58698246216,0.));
#3577 = CARTESIAN_POINT('',(-21.5244413345,-28.31004638664,0.));
#3578 = CARTESIAN_POINT('',(-20.85790263507,-28.00457616169,0.));
#3579 = CARTESIAN_POINT('',(-20.20542339114,-27.66445497904,0.));
#3580 = CARTESIAN_POINT('',(-19.56637866564,-27.28889802044,0.));
#3581 = CARTESIAN_POINT('',(-18.92515553031,-26.86502413453,0.));
#3582 = CARTESIAN_POINT('',(-18.31487029042,-26.41363133243,0.));
#3583 = CARTESIAN_POINT('',(-17.71804551969,-25.92358151573,0.));
#3584 = CARTESIAN_POINT('',(-17.13497177521,-25.39315195447,0.));
#3585 = CARTESIAN_POINT('',(-16.55303715126,-24.80494425726,0.));
#3586 = CARTESIAN_POINT('',(-16.00344430467,-24.18745036125,0.));
#3587 = CARTESIAN_POINT('',(-15.47035081039,-23.52443357225,0.));
#3588 = CARTESIAN_POINT('',(-14.95708410056,-22.812476541,0.));
#3589 = CARTESIAN_POINT('',(-14.44780697031,-22.03352544363,0.));
#3590 = CARTESIAN_POINT('',(-13.99881933396,-21.20982810816,0.));
#3591 = CARTESIAN_POINT('',(-13.57108220655,-20.33575840865,0.));
#3592 = CARTESIAN_POINT('',(-13.17483032644,-19.40426137149,0.));
#3593 = CARTESIAN_POINT('',(-12.80479314314,-18.38882067114,0.));
#3594 = CARTESIAN_POINT('',(-12.48478360513,-17.33908375969,0.));
#3595 = CARTESIAN_POINT('',(-12.20707008496,-16.22556247684,0.));
#3596 = CARTESIAN_POINT('',(-11.97665818042,-15.04544314713,0.));
#3597 = CARTESIAN_POINT('',(-11.79855871042,-13.76418513662,0.));
#3598 = CARTESIAN_POINT('',(-11.6838751396,-12.44930717803,0.));
#3599 = CARTESIAN_POINT('',(-11.64890599569,-11.04842247595,0.));
#3600 = CARTESIAN_POINT('',(-11.6307373792,-9.619679368803,0.));
#3601 = CARTESIAN_POINT('',(-11.96657066628,-7.703865733988,0.));
#3602 = CARTESIAN_POINT('',(-11.46237507945,-7.055727547691,0.));
#3603 = CARTESIAN_POINT('',(-11.10860533041,-6.019486498557,0.));
#3604 = VECTOR('',#3605,1.);
#3605 = DIRECTION('',(0.,0.,-1.));
#3606 = DEFINITIONAL_REPRESENTATION('',(#3607),#3611);
#3607 = LINE('',#3608,#3609);
#3608 = CARTESIAN_POINT('',(0.,0.));
#3609 = VECTOR('',#3610,1.);
#3610 = DIRECTION('',(1.,0.));
#3611 = ( GEOMETRIC_REPRESENTATION_CONTEXT(2) 
PARAMETRIC_REPRESENTATION_CONTEXT() REPRESENTATION_CONTEXT('2D SPACE',''
  ) );
#3612 = ORIENTED_EDGE('',*,*,#3613,.F.);
#3613 = EDGE_CURVE('',#3196,#3443,#3614,.T.);
#3614 = SURFACE_CURVE('',#3615,(#3619,#3626),.PCURVE_S1.);
#3615 = LINE('',#3616,#3617);
#3616 = CARTESIAN_POINT('',(-43.04447165984,-25.23904258301,0.));
#3617 = VECTOR('',#3618,1.);
#3618 = DIRECTION('',(0.661416047422,0.750019207895,0.));
#3619 = PCURVE('',#31,#3620);
#3620 = DEFINITIONAL_REPRESENTATION('',(#3621),#3625);
#3621 = LINE('',#3622,#3623);
#3622 = CARTESIAN_POINT('',(-43.04447165984,-25.23904258301));
#3623 = VECTOR('',#3624,1.);
#3624 = DIRECTION('',(0.661416047422,0.750019207895));
#3625 = ( GEOMETRIC_REPRESENTATION_CONTEXT(2) 
PARAMETRIC_REPRESENTATION_CONTEXT() REPRESENTATION_CONTEXT('2D SPACE',''
  ) );
#3626 = PCURVE('',#3627,#3632);
#3627 = PLANE('',#3628);
#3628 = AXIS2_PLACEMENT_3D('',#3629,#3630,#3631);
#3629 = CARTESIAN_POINT('',(-43.04447165984,-25.23904258301,0.));
#3630 = DIRECTION('',(-0.750019207895,0.661416047422,0.));
#3631 = DIRECTION('',(0.661416047422,0.750019207895,0.));
#3632 = DEFINITIONAL_REPRESENTATION('',(#3633),#3637);
#3633 = LINE('',#3634,#3635);
#3634 = CARTESIAN_POINT('',(0.,0.));
#3635 = VECTOR('',#3636,1.);
#3636 = DIRECTION('',(1.,0.));
#3637 = ( GEOMETRIC_REPRESENTATION_CONTEXT(2) 
PARAMETRIC_REPRESENTATION_CONTEXT() REPRESENTATION_CONTEXT('2D SPACE',''
  ) );
#3638 = FACE_BOUND('',#3639,.F.);
#3639 = EDGE_LOOP('',(#3640,#3671,#3860,#3889,#4060));
#3640 = ORIENTED_EDGE('',*,*,#3641,.F.);
#3641 = EDGE_CURVE('',#3642,#3644,#3646,.T.);
#3642 = VERTEX_POINT('',#3643);
#3643 = CARTESIAN_POINT('',(-40.62006380995,-27.22536347003,0.));
#3644 = VERTEX_POINT('',#3645);
#3645 = CARTESIAN_POINT('',(-24.45,-42.34864224505,0.));
#3646 = SURFACE_CURVE('',#3647,(#3652,#3659),.PCURVE_S1.);
#3647 = CIRCLE('',#3648,48.9);
#3648 = AXIS2_PLACEMENT_3D('',#3649,#3650,#3651);
#3649 = CARTESIAN_POINT('',(2.376054908382E-13,1.705302565824E-15,0.));
#3650 = DIRECTION('',(0.,0.,1.));
#3651 = DIRECTION('',(1.,0.,0.));
#3652 = PCURVE('',#31,#3653);
#3653 = DEFINITIONAL_REPRESENTATION('',(#3654),#3658);
#3654 = CIRCLE('',#3655,48.9);
#3655 = AXIS2_PLACEMENT_2D('',#3656,#3657);
#3656 = CARTESIAN_POINT('',(2.384668704492E-13,1.793046571939E-15));
#3657 = DIRECTION('',(1.,0.));
#3658 = ( GEOMETRIC_REPRESENTATION_CONTEXT(2) 
PARAMETRIC_REPRESENTATION_CONTEXT() REPRESENTATION_CONTEXT('2D SPACE',''
  ) );
#3659 = PCURVE('',#3660,#3665);
#3660 = CYLINDRICAL_SURFACE('',#3661,48.9);
#3661 = AXIS2_PLACEMENT_3D('',#3662,#3663,#3664);
#3662 = CARTESIAN_POINT('',(2.376054908382E-13,1.705302565824E-15,0.));
#3663 = DIRECTION('',(-0.,-0.,-1.));
#3664 = DIRECTION('',(1.,0.,0.));
#3665 = DEFINITIONAL_REPRESENTATION('',(#3666),#3670);
#3666 = LINE('',#3667,#3668);
#3667 = CARTESIAN_POINT('',(-0.,0.));
#3668 = VECTOR('',#3669,1.);
#3669 = DIRECTION('',(-1.,0.));
#3670 = ( GEOMETRIC_REPRESENTATION_CONTEXT(2) 
PARAMETRIC_REPRESENTATION_CONTEXT() REPRESENTATION_CONTEXT('2D SPACE',''
  ) );
#3671 = ORIENTED_EDGE('',*,*,#3672,.F.);
#3672 = EDGE_CURVE('',#3673,#3642,#3675,.T.);
#3673 = VERTEX_POINT('',#3674);
#3674 = CARTESIAN_POINT('',(-9.816985772962,-8.057095651254,0.));
#3675 = SURFACE_CURVE('',#3676,(#3733,#3793),.PCURVE_S1.);
#3676 = B_SPLINE_CURVE_WITH_KNOTS('',3,(#3677,#3678,#3679,#3680,#3681,
    #3682,#3683,#3684,#3685,#3686,#3687,#3688,#3689,#3690,#3691,#3692,
    #3693,#3694,#3695,#3696,#3697,#3698,#3699,#3700,#3701,#3702,#3703,
    #3704,#3705,#3706,#3707,#3708,#3709,#3710,#3711,#3712,#3713,#3714,
    #3715,#3716,#3717,#3718,#3719,#3720,#3721,#3722,#3723,#3724,#3725,
    #3726,#3727,#3728,#3729,#3730,#3731,#3732),.UNSPECIFIED.,.F.,.F.,(4,
    1,1,1,1,1,1,1,1,1,1,1,1,1,1,1,1,1,1,1,1,1,1,1,1,1,1,1,1,1,1,1,1,1,1,
    1,1,1,1,1,1,1,1,1,1,1,1,3,3,4),(0.,2.252840378147,3.947251251067,
    5.556769293497,6.973069313182,8.438034201878,9.836527608945,
    11.173881028628,12.358378394578,13.591674823614,14.777241775145,
    15.919070127373,16.937511191725,18.005608061592,19.040905950925,
    20.046909447572,20.952226144232,21.910527049393,22.848343890734,
    23.768545277515,24.604779330967,25.498993387072,26.383732766176,
    27.261734369083,28.068590979197,28.941306811933,29.815275751476,
    30.69326112534,31.509705745874,32.403313623746,33.30925058782,
    34.230483702873,35.097084585268,36.056205964867,37.039089037922,
    38.048588577934,39.007142758039,40.077976938895,41.186386250524,
    42.336589601129,43.439334281668,44.68291297016,45.982505886097,
    47.343769408886,48.660381123787,50.157957971193,51.73669345799,
    51.75772326206,53.205564838504,53.402350377676),.UNSPECIFIED.);
#3677 = CARTESIAN_POINT('',(-9.159260313996,-5.677248475798,0.));
#3678 = CARTESIAN_POINT('',(-9.381570029705,-6.419157071282,0.));
#3679 = CARTESIAN_POINT('',(-10.01196627828,-7.621806634367,0.));
#3680 = CARTESIAN_POINT('',(-9.623455899746,-9.502145407973,0.));
#3681 = CARTESIAN_POINT('',(-9.65000611865,-11.06885888545,0.));
#3682 = CARTESIAN_POINT('',(-9.68602267767,-12.56725773769,0.));
#3683 = CARTESIAN_POINT('',(-9.810347266808,-13.98898356738,0.));
#3684 = CARTESIAN_POINT('',(-10.00325783205,-15.37657107416,0.));
#3685 = CARTESIAN_POINT('',(-10.25386617514,-16.65976754364,0.));
#3686 = CARTESIAN_POINT('',(-10.55691955995,-17.87475124589,0.));
#3687 = CARTESIAN_POINT('',(-10.90745006245,-19.02418885108,0.));
#3688 = CARTESIAN_POINT('',(-11.31384827689,-20.13995773798,0.));
#3689 = CARTESIAN_POINT('',(-11.75142763269,-21.16633079481,0.));
#3690 = CARTESIAN_POINT('',(-12.22215179137,-22.13463492478,0.));
#3691 = CARTESIAN_POINT('',(-12.72982500518,-23.04336433443,0.));
#3692 = CARTESIAN_POINT('',(-13.26095225626,-23.93376159434,0.));
#3693 = CARTESIAN_POINT('',(-13.8134705055,-24.74652980208,0.));
#3694 = CARTESIAN_POINT('',(-14.3895237672,-25.51056190571,0.));
#3695 = CARTESIAN_POINT('',(-14.98925831164,-26.22692227576,0.));
#3696 = CARTESIAN_POINT('',(-15.62911540046,-26.91443427072,0.));
#3697 = CARTESIAN_POINT('',(-16.27502155348,-27.53903216706,0.));
#3698 = CARTESIAN_POINT('',(-16.94070792207,-28.12051050184,0.));
#3699 = CARTESIAN_POINT('',(-17.6257440483,-28.66028257671,0.));
#3700 = CARTESIAN_POINT('',(-18.34964741177,-29.17122610955,0.));
#3701 = CARTESIAN_POINT('',(-19.07484878757,-29.62776207307,0.));
#3702 = CARTESIAN_POINT('',(-19.81872304497,-30.04490396356,0.));
#3703 = CARTESIAN_POINT('',(-20.58167816137,-30.4231819425,0.));
#3704 = CARTESIAN_POINT('',(-21.38531691826,-30.77002928738,0.));
#3705 = CARTESIAN_POINT('',(-22.18856856659,-31.06742713609,0.));
#3706 = CARTESIAN_POINT('',(-23.01206063915,-31.32558976049,0.));
#3707 = CARTESIAN_POINT('',(-23.85671049744,-31.54392077587,0.));
#3708 = CARTESIAN_POINT('',(-24.74594289878,-31.72427607126,0.));
#3709 = CARTESIAN_POINT('',(-25.63460668872,-31.85601329985,0.));
#3710 = CARTESIAN_POINT('',(-26.54624272262,-31.94431897657,0.));
#3711 = CARTESIAN_POINT('',(-27.48239973872,-31.98628334165,0.));
#3712 = CARTESIAN_POINT('',(-28.46624296652,-31.9472094484,0.));
#3713 = CARTESIAN_POINT('',(-29.44668964056,-31.86438500572,0.));
#3714 = CARTESIAN_POINT('',(-30.45053088058,-31.72529293375,0.));
#3715 = CARTESIAN_POINT('',(-31.47841640511,-31.52932016417,0.));
#3716 = CARTESIAN_POINT('',(-32.55645269602,-31.26323436769,0.));
#3717 = CARTESIAN_POINT('',(-33.6287582161,-30.93699413097,0.));
#3718 = CARTESIAN_POINT('',(-34.7258003724,-30.54026344195,0.));
#3719 = CARTESIAN_POINT('',(-35.84441275164,-30.07038490943,0.));
#3720 = CARTESIAN_POINT('',(-37.02424329005,-29.49464362325,0.));
#3721 = CARTESIAN_POINT('',(-38.15224418884,-28.88068860826,0.));
#3722 = CARTESIAN_POINT('',(-39.45955724321,-28.03863778628,0.));
#3723 = CARTESIAN_POINT('',(-40.12787957744,-27.6608686788,0.));
#3724 = CARTESIAN_POINT('',(-42.37753521744,-25.80035697114,0.));
#3725 = CARTESIAN_POINT('',(-41.76650220778,-26.33981307967,0.));
#3726 = CARTESIAN_POINT('',(-41.75818129926,-26.3471485331,0.));
#3727 = CARTESIAN_POINT('',(-41.75818130027,-26.34714853224,0.));
#3728 = CARTESIAN_POINT('',(-41.75818130127,-26.34714853138,0.));
#3729 = CARTESIAN_POINT('',(-41.75818130228,-26.34714853052,0.));
#3730 = CARTESIAN_POINT('',(-42.09979371568,-26.0526710402,0.));
#3731 = CARTESIAN_POINT('',(-42.52368484046,-25.68747433041,0.));
#3732 = CARTESIAN_POINT('',(-43.04447165984,-25.23904258301,0.));
#3733 = PCURVE('',#31,#3734);
#3734 = DEFINITIONAL_REPRESENTATION('',(#3735),#3792);
#3735 = B_SPLINE_CURVE_WITH_KNOTS('',3,(#3736,#3737,#3738,#3739,#3740,
    #3741,#3742,#3743,#3744,#3745,#3746,#3747,#3748,#3749,#3750,#3751,
    #3752,#3753,#3754,#3755,#3756,#3757,#3758,#3759,#3760,#3761,#3762,
    #3763,#3764,#3765,#3766,#3767,#3768,#3769,#3770,#3771,#3772,#3773,
    #3774,#3775,#3776,#3777,#3778,#3779,#3780,#3781,#3782,#3783,#3784,
    #3785,#3786,#3787,#3788,#3789,#3790,#3791),.UNSPECIFIED.,.F.,.F.,(4,
    1,1,1,1,1,1,1,1,1,1,1,1,1,1,1,1,1,1,1,1,1,1,1,1,1,1,1,1,1,1,1,1,1,1,
    1,1,1,1,1,1,1,1,1,1,1,1,3,3,4),(0.,2.252840378147,3.947251251067,
    5.556769293497,6.973069313182,8.438034201878,9.836527608945,
    11.173881028628,12.358378394578,13.591674823614,14.777241775145,
    15.919070127373,16.937511191725,18.005608061592,19.040905950925,
    20.046909447572,20.952226144232,21.910527049393,22.848343890734,
    23.768545277515,24.604779330967,25.498993387072,26.383732766176,
    27.261734369083,28.068590979197,28.941306811933,29.815275751476,
    30.69326112534,31.509705745874,32.403313623746,33.30925058782,
    34.230483702873,35.097084585268,36.056205964867,37.039089037922,
    38.048588577934,39.007142758039,40.077976938895,41.186386250524,
    42.336589601129,43.439334281668,44.68291297016,45.982505886097,
    47.343769408886,48.660381123787,50.157957971193,51.73669345799,
    51.75772326206,53.205564838504,53.402350377676),.UNSPECIFIED.);
#3736 = CARTESIAN_POINT('',(-9.159260313996,-5.677248475798));
#3737 = CARTESIAN_POINT('',(-9.381570029705,-6.419157071282));
#3738 = CARTESIAN_POINT('',(-10.01196627828,-7.621806634367));
#3739 = CARTESIAN_POINT('',(-9.623455899746,-9.502145407973));
#3740 = CARTESIAN_POINT('',(-9.65000611865,-11.06885888545));
#3741 = CARTESIAN_POINT('',(-9.68602267767,-12.56725773769));
#3742 = CARTESIAN_POINT('',(-9.810347266808,-13.98898356738));
#3743 = CARTESIAN_POINT('',(-10.00325783205,-15.37657107416));
#3744 = CARTESIAN_POINT('',(-10.25386617514,-16.65976754364));
#3745 = CARTESIAN_POINT('',(-10.55691955995,-17.87475124589));
#3746 = CARTESIAN_POINT('',(-10.90745006245,-19.02418885108));
#3747 = CARTESIAN_POINT('',(-11.31384827689,-20.13995773798));
#3748 = CARTESIAN_POINT('',(-11.75142763269,-21.16633079481));
#3749 = CARTESIAN_POINT('',(-12.22215179137,-22.13463492478));
#3750 = CARTESIAN_POINT('',(-12.72982500518,-23.04336433443));
#3751 = CARTESIAN_POINT('',(-13.26095225626,-23.93376159434));
#3752 = CARTESIAN_POINT('',(-13.8134705055,-24.74652980208));
#3753 = CARTESIAN_POINT('',(-14.3895237672,-25.51056190571));
#3754 = CARTESIAN_POINT('',(-14.98925831164,-26.22692227576));
#3755 = CARTESIAN_POINT('',(-15.62911540046,-26.91443427072));
#3756 = CARTESIAN_POINT('',(-16.27502155348,-27.53903216706));
#3757 = CARTESIAN_POINT('',(-16.94070792207,-28.12051050184));
#3758 = CARTESIAN_POINT('',(-17.6257440483,-28.66028257671));
#3759 = CARTESIAN_POINT('',(-18.34964741177,-29.17122610955));
#3760 = CARTESIAN_POINT('',(-19.07484878757,-29.62776207307));
#3761 = CARTESIAN_POINT('',(-19.81872304497,-30.04490396356));
#3762 = CARTESIAN_POINT('',(-20.58167816137,-30.4231819425));
#3763 = CARTESIAN_POINT('',(-21.38531691826,-30.77002928738));
#3764 = CARTESIAN_POINT('',(-22.18856856659,-31.06742713609));
#3765 = CARTESIAN_POINT('',(-23.01206063915,-31.32558976049));
#3766 = CARTESIAN_POINT('',(-23.85671049744,-31.54392077587));
#3767 = CARTESIAN_POINT('',(-24.74594289878,-31.72427607126));
#3768 = CARTESIAN_POINT('',(-25.63460668872,-31.85601329985));
#3769 = CARTESIAN_POINT('',(-26.54624272262,-31.94431897657));
#3770 = CARTESIAN_POINT('',(-27.48239973872,-31.98628334165));
#3771 = CARTESIAN_POINT('',(-28.46624296652,-31.9472094484));
#3772 = CARTESIAN_POINT('',(-29.44668964056,-31.86438500572));
#3773 = CARTESIAN_POINT('',(-30.45053088058,-31.72529293375));
#3774 = CARTESIAN_POINT('',(-31.47841640511,-31.52932016417));
#3775 = CARTESIAN_POINT('',(-32.55645269602,-31.26323436769));
#3776 = CARTESIAN_POINT('',(-33.6287582161,-30.93699413097));
#3777 = CARTESIAN_POINT('',(-34.7258003724,-30.54026344195));
#3778 = CARTESIAN_POINT('',(-35.84441275164,-30.07038490943));
#3779 = CARTESIAN_POINT('',(-37.02424329005,-29.49464362325));
#3780 = CARTESIAN_POINT('',(-38.15224418884,-28.88068860826));
#3781 = CARTESIAN_POINT('',(-39.45955724321,-28.03863778628));
#3782 = CARTESIAN_POINT('',(-40.12787957744,-27.6608686788));
#3783 = CARTESIAN_POINT('',(-42.37753521744,-25.80035697114));
#3784 = CARTESIAN_POINT('',(-41.76650220778,-26.33981307967));
#3785 = CARTESIAN_POINT('',(-41.75818129926,-26.3471485331));
#3786 = CARTESIAN_POINT('',(-41.75818130027,-26.34714853224));
#3787 = CARTESIAN_POINT('',(-41.75818130127,-26.34714853138));
#3788 = CARTESIAN_POINT('',(-41.75818130228,-26.34714853052));
#3789 = CARTESIAN_POINT('',(-42.09979371568,-26.0526710402));
#3790 = CARTESIAN_POINT('',(-42.52368484046,-25.68747433041));
#3791 = CARTESIAN_POINT('',(-43.04447165984,-25.23904258301));
#3792 = ( GEOMETRIC_REPRESENTATION_CONTEXT(2) 
PARAMETRIC_REPRESENTATION_CONTEXT() REPRESENTATION_CONTEXT('2D SPACE',''
  ) );
#3793 = PCURVE('',#3794,#3854);
#3794 = SURFACE_OF_LINEAR_EXTRUSION('',#3795,#3852);
#3795 = B_SPLINE_CURVE_WITH_KNOTS('',3,(#3796,#3797,#3798,#3799,#3800,
    #3801,#3802,#3803,#3804,#3805,#3806,#3807,#3808,#3809,#3810,#3811,
    #3812,#3813,#3814,#3815,#3816,#3817,#3818,#3819,#3820,#3821,#3822,
    #3823,#3824,#3825,#3826,#3827,#3828,#3829,#3830,#3831,#3832,#3833,
    #3834,#3835,#3836,#3837,#3838,#3839,#3840,#3841,#3842,#3843,#3844,
    #3845,#3846,#3847,#3848,#3849,#3850,#3851),.UNSPECIFIED.,.F.,.F.,(4,
    1,1,1,1,1,1,1,1,1,1,1,1,1,1,1,1,1,1,1,1,1,1,1,1,1,1,1,1,1,1,1,1,1,1,
    1,1,1,1,1,1,1,1,1,1,1,1,3,3,4),(0.,2.252840378147,3.947251251067,
    5.556769293497,6.973069313182,8.438034201878,9.836527608945,
    11.173881028628,12.358378394578,13.591674823614,14.777241775145,
    15.919070127373,16.937511191725,18.005608061592,19.040905950925,
    20.046909447572,20.952226144232,21.910527049393,22.848343890734,
    23.768545277515,24.604779330967,25.498993387072,26.383732766176,
    27.261734369083,28.068590979197,28.941306811933,29.815275751476,
    30.69326112534,31.509705745874,32.403313623746,33.30925058782,
    34.230483702873,35.097084585268,36.056205964867,37.039089037922,
    38.048588577934,39.007142758039,40.077976938895,41.186386250524,
    42.336589601129,43.439334281668,44.68291297016,45.982505886097,
    47.343769408886,48.660381123787,50.157957971193,51.73669345799,
    51.75772326206,53.205564838504,53.402350377676),.UNSPECIFIED.);
#3796 = CARTESIAN_POINT('',(-9.159260313996,-5.677248475798,0.));
#3797 = CARTESIAN_POINT('',(-9.381570029705,-6.419157071282,0.));
#3798 = CARTESIAN_POINT('',(-10.01196627828,-7.621806634367,0.));
#3799 = CARTESIAN_POINT('',(-9.623455899746,-9.502145407973,0.));
#3800 = CARTESIAN_POINT('',(-9.65000611865,-11.06885888545,0.));
#3801 = CARTESIAN_POINT('',(-9.68602267767,-12.56725773769,0.));
#3802 = CARTESIAN_POINT('',(-9.810347266808,-13.98898356738,0.));
#3803 = CARTESIAN_POINT('',(-10.00325783205,-15.37657107416,0.));
#3804 = CARTESIAN_POINT('',(-10.25386617514,-16.65976754364,0.));
#3805 = CARTESIAN_POINT('',(-10.55691955995,-17.87475124589,0.));
#3806 = CARTESIAN_POINT('',(-10.90745006245,-19.02418885108,0.));
#3807 = CARTESIAN_POINT('',(-11.31384827689,-20.13995773798,0.));
#3808 = CARTESIAN_POINT('',(-11.75142763269,-21.16633079481,0.));
#3809 = CARTESIAN_POINT('',(-12.22215179137,-22.13463492478,0.));
#3810 = CARTESIAN_POINT('',(-12.72982500518,-23.04336433443,0.));
#3811 = CARTESIAN_POINT('',(-13.26095225626,-23.93376159434,0.));
#3812 = CARTESIAN_POINT('',(-13.8134705055,-24.74652980208,0.));
#3813 = CARTESIAN_POINT('',(-14.3895237672,-25.51056190571,0.));
#3814 = CARTESIAN_POINT('',(-14.98925831164,-26.22692227576,0.));
#3815 = CARTESIAN_POINT('',(-15.62911540046,-26.91443427072,0.));
#3816 = CARTESIAN_POINT('',(-16.27502155348,-27.53903216706,0.));
#3817 = CARTESIAN_POINT('',(-16.94070792207,-28.12051050184,0.));
#3818 = CARTESIAN_POINT('',(-17.6257440483,-28.66028257671,0.));
#3819 = CARTESIAN_POINT('',(-18.34964741177,-29.17122610955,0.));
#3820 = CARTESIAN_POINT('',(-19.07484878757,-29.62776207307,0.));
#3821 = CARTESIAN_POINT('',(-19.81872304497,-30.04490396356,0.));
#3822 = CARTESIAN_POINT('',(-20.58167816137,-30.4231819425,0.));
#3823 = CARTESIAN_POINT('',(-21.38531691826,-30.77002928738,0.));
#3824 = CARTESIAN_POINT('',(-22.18856856659,-31.06742713609,0.));
#3825 = CARTESIAN_POINT('',(-23.01206063915,-31.32558976049,0.));
#3826 = CARTESIAN_POINT('',(-23.85671049744,-31.54392077587,0.));
#3827 = CARTESIAN_POINT('',(-24.74594289878,-31.72427607126,0.));
#3828 = CARTESIAN_POINT('',(-25.63460668872,-31.85601329985,0.));
#3829 = CARTESIAN_POINT('',(-26.54624272262,-31.94431897657,0.));
#3830 = CARTESIAN_POINT('',(-27.48239973872,-31.98628334165,0.));
#3831 = CARTESIAN_POINT('',(-28.46624296652,-31.9472094484,0.));
#3832 = CARTESIAN_POINT('',(-29.44668964056,-31.86438500572,0.));
#3833 = CARTESIAN_POINT('',(-30.45053088058,-31.72529293375,0.));
#3834 = CARTESIAN_POINT('',(-31.47841640511,-31.52932016417,0.));
#3835 = CARTESIAN_POINT('',(-32.55645269602,-31.26323436769,0.));
#3836 = CARTESIAN_POINT('',(-33.6287582161,-30.93699413097,0.));
#3837 = CARTESIAN_POINT('',(-34.7258003724,-30.54026344195,0.));
#3838 = CARTESIAN_POINT('',(-35.84441275164,-30.07038490943,0.));
#3839 = CARTESIAN_POINT('',(-37.02424329005,-29.49464362325,0.));
#3840 = CARTESIAN_POINT('',(-38.15224418884,-28.88068860826,0.));
#3841 = CARTESIAN_POINT('',(-39.45955724321,-28.03863778628,0.));
#3842 = CARTESIAN_POINT('',(-40.12787957744,-27.6608686788,0.));
#3843 = CARTESIAN_POINT('',(-42.37753521744,-25.80035697114,0.));
#3844 = CARTESIAN_POINT('',(-41.76650220778,-26.33981307967,0.));
#3845 = CARTESIAN_POINT('',(-41.75818129926,-26.3471485331,0.));
#3846 = CARTESIAN_POINT('',(-41.75818130027,-26.34714853224,0.));
#3847 = CARTESIAN_POINT('',(-41.75818130127,-26.34714853138,0.));
#3848 = CARTESIAN_POINT('',(-41.75818130228,-26.34714853052,0.));
#3849 = CARTESIAN_POINT('',(-42.09979371568,-26.0526710402,0.));
#3850 = CARTESIAN_POINT('',(-42.52368484046,-25.68747433041,0.));
#3851 = CARTESIAN_POINT('',(-43.04447165984,-25.23904258301,0.));
#3852 = VECTOR('',#3853,1.);
#3853 = DIRECTION('',(0.,0.,-1.));
#3854 = DEFINITIONAL_REPRESENTATION('',(#3855),#3859);
#3855 = LINE('',#3856,#3857);
#3856 = CARTESIAN_POINT('',(0.,0.));
#3857 = VECTOR('',#3858,1.);
#3858 = DIRECTION('',(1.,0.));
#3859 = ( GEOMETRIC_REPRESENTATION_CONTEXT(2) 
PARAMETRIC_REPRESENTATION_CONTEXT() REPRESENTATION_CONTEXT('2D SPACE',''
  ) );
#3860 = ORIENTED_EDGE('',*,*,#3861,.T.);
#3861 = EDGE_CURVE('',#3673,#3862,#3864,.T.);
#3862 = VERTEX_POINT('',#3863);
#3863 = CARTESIAN_POINT('',(-6.593830471377,-10.8540959879,0.));
#3864 = SURFACE_CURVE('',#3865,(#3870,#3877),.PCURVE_S1.);
#3865 = CIRCLE('',#3866,12.7);
#3866 = AXIS2_PLACEMENT_3D('',#3867,#3868,#3869);
#3867 = CARTESIAN_POINT('',(0.,0.,0.));
#3868 = DIRECTION('',(0.,0.,1.));
#3869 = DIRECTION('',(1.,0.,0.));
#3870 = PCURVE('',#31,#3871);
#3871 = DEFINITIONAL_REPRESENTATION('',(#3872),#3876);
#3872 = CIRCLE('',#3873,12.7);
#3873 = AXIS2_PLACEMENT_2D('',#3874,#3875);
#3874 = CARTESIAN_POINT('',(8.613796110485E-16,8.774400611482E-17));
#3875 = DIRECTION('',(1.,0.));
#3876 = ( GEOMETRIC_REPRESENTATION_CONTEXT(2) 
PARAMETRIC_REPRESENTATION_CONTEXT() REPRESENTATION_CONTEXT('2D SPACE',''
  ) );
#3877 = PCURVE('',#3878,#3883);
#3878 = CYLINDRICAL_SURFACE('',#3879,12.7);
#3879 = AXIS2_PLACEMENT_3D('',#3880,#3881,#3882);
#3880 = CARTESIAN_POINT('',(0.,0.,0.));
#3881 = DIRECTION('',(-0.,-0.,-1.));
#3882 = DIRECTION('',(1.,0.,0.));
#3883 = DEFINITIONAL_REPRESENTATION('',(#3884),#3888);
#3884 = LINE('',#3885,#3886);
#3885 = CARTESIAN_POINT('',(-0.,0.));
#3886 = VECTOR('',#3887,1.);
#3887 = DIRECTION('',(-1.,0.));
#3888 = ( GEOMETRIC_REPRESENTATION_CONTEXT(2) 
PARAMETRIC_REPRESENTATION_CONTEXT() REPRESENTATION_CONTEXT('2D SPACE',''
  ) );
#3889 = ORIENTED_EDGE('',*,*,#3890,.F.);
#3890 = EDGE_CURVE('',#3891,#3862,#3893,.T.);
#3891 = VERTEX_POINT('',#3892);
#3892 = CARTESIAN_POINT('',(-24.2419153416,-41.3173966161,0.));
#3893 = SURFACE_CURVE('',#3894,(#3945,#3999),.PCURVE_S1.);
#3894 = B_SPLINE_CURVE_WITH_KNOTS('',3,(#3895,#3896,#3897,#3898,#3899,
    #3900,#3901,#3902,#3903,#3904,#3905,#3906,#3907,#3908,#3909,#3910,
    #3911,#3912,#3913,#3914,#3915,#3916,#3917,#3918,#3919,#3920,#3921,
    #3922,#3923,#3924,#3925,#3926,#3927,#3928,#3929,#3930,#3931,#3932,
    #3933,#3934,#3935,#3936,#3937,#3938,#3939,#3940,#3941,#3942,#3943,
    #3944),.UNSPECIFIED.,.F.,.F.,(4,1,1,1,1,1,1,1,1,1,1,1,1,1,1,1,1,1,1,
    1,1,1,1,1,1,1,1,1,1,1,1,1,1,1,1,1,1,1,1,1,1,1,1,1,1,1,1,4),(0.,
    1.560399863547,3.026493159763,4.408519816062,5.616164948135,
    6.857176517943,8.034500324617,9.154049078322,10.140931914661,
    11.16430891518,12.14467057154,13.086344664582,13.924748692612,
    14.803128326675,15.653911875236,16.480955579096,17.226763352129,
    18.01856826362,18.796500931648,19.563479607115,20.264226339274,
    21.01815180319,21.769388657233,22.52071176954,23.216717634111,
    23.975961822176,24.743348723341,25.521634699363,26.252131546642,
    27.05917145937,27.885262969361,28.733262670931,29.538010575103,
    30.436403024908,31.365465694071,32.327889352555,33.24854348335,
    34.284117952136,35.363069228966,36.489379128657,37.574802555564,
    38.804527640271,40.095153684953,41.452119030183,42.768727723412,
    44.27040892768,45.857339500188,47.985194622019),.UNSPECIFIED.);
#3895 = CARTESIAN_POINT('',(-24.2419153416,-41.3173966161,0.));
#3896 = CARTESIAN_POINT('',(-23.73454904093,-41.40092438782,0.));
#3897 = CARTESIAN_POINT('',(-22.73361897374,-41.58567239997,0.));
#3898 = CARTESIAN_POINT('',(-21.27458721161,-41.74214352184,0.));
#3899 = CARTESIAN_POINT('',(-19.92394336644,-41.82428683781,0.));
#3900 = CARTESIAN_POINT('',(-18.64670946809,-41.8346746951,0.));
#3901 = CARTESIAN_POINT('',(-17.43853366152,-41.78336625498,0.));
#3902 = CARTESIAN_POINT('',(-16.26411217454,-41.67035789976,0.));
#3903 = CARTESIAN_POINT('',(-15.18119086021,-41.50736129431,0.));
#3904 = CARTESIAN_POINT('',(-14.15851962487,-41.29900726123,0.));
#3905 = CARTESIAN_POINT('',(-13.19274807579,-41.04998010462,0.));
#3906 = CARTESIAN_POINT('',(-12.25609107778,-40.7541707381,0.));
#3907 = CARTESIAN_POINT('',(-11.39420169765,-40.43062102723,0.));
#3908 = CARTESIAN_POINT('',(-10.58164208252,-40.07634183855,0.));
#3909 = CARTESIAN_POINT('',(-9.814091110602,-39.696457202,0.));
#3910 = CARTESIAN_POINT('',(-9.0755639162,-39.27100322077,0.));
#3911 = CARTESIAN_POINT('',(-8.382220799401,-38.85611372471,0.));
#3912 = CARTESIAN_POINT('',(-7.72660377362,-38.41790861198,0.));
#3913 = CARTESIAN_POINT('',(-7.107350970319,-37.95658362753,0.));
#3914 = CARTESIAN_POINT('',(-6.507874513511,-37.45870210798,0.));
#3915 = CARTESIAN_POINT('',(-5.957852204536,-36.95043311779,0.));
#3916 = CARTESIAN_POINT('',(-5.440011593171,-36.42064290834,0.));
#3917 = CARTESIAN_POINT('',(-4.953176959078,-35.86912209037,0.));
#3918 = CARTESIAN_POINT('',(-4.48568980462,-35.2794400204,0.));
#3919 = CARTESIAN_POINT('',(-4.06118547079,-34.68162569578,0.));
#3920 = CARTESIAN_POINT('',(-3.666182461433,-34.06083248927,0.));
#3921 = CARTESIAN_POINT('',(-3.300531974291,-33.4160682598,0.));
#3922 = CARTESIAN_POINT('',(-2.957153392555,-32.72837113895,0.));
#3923 = CARTESIAN_POINT('',(-2.65432727231,-32.0323108853,0.));
#3924 = CARTESIAN_POINT('',(-2.382486767599,-31.30950290955,0.));
#3925 = CARTESIAN_POINT('',(-2.142744873225,-30.55860056234,0.));
#3926 = CARTESIAN_POINT('',(-1.932878554153,-29.75823044188,0.));
#3927 = CARTESIAN_POINT('',(-1.765664135267,-28.94866861795,0.));
#3928 = CARTESIAN_POINT('',(-1.635500021131,-28.10793248841,0.));
#3929 = CARTESIAN_POINT('',(-1.546976527131,-27.23472625802,0.));
#3930 = CARTESIAN_POINT('',(-1.495405143445,-26.30549625427,0.));
#3931 = CARTESIAN_POINT('',(-1.518419112116,-25.36765961855,0.));
#3932 = CARTESIAN_POINT('',(-1.585022743395,-24.39682449039,0.));
#3933 = CARTESIAN_POINT('',(-1.707607067501,-23.39199845261,0.));
#3934 = CARTESIAN_POINT('',(-1.894865816593,-22.32758241842,0.));
#3935 = CARTESIAN_POINT('',(-2.142597882945,-21.25847881681,0.));
#3936 = CARTESIAN_POINT('',(-2.458851560935,-20.15528433812,0.));
#3937 = CARTESIAN_POINT('',(-2.849368663121,-19.01806506682,0.));
#3938 = CARTESIAN_POINT('',(-3.335759002956,-17.81941334592,0.));
#3939 = CARTESIAN_POINT('',(-3.89387909653,-16.62335384549,0.));
#3940 = CARTESIAN_POINT('',(-4.564037280591,-15.39266753376,0.));
#3941 = CARTESIAN_POINT('',(-5.262674350739,-14.14625539924,0.));
#3942 = CARTESIAN_POINT('',(-6.511421326188,-12.65502876611,0.));
#3943 = CARTESIAN_POINT('',(-6.398844232666,-11.8416268382,0.));
#3944 = CARTESIAN_POINT('',(-6.61059116748,-10.76733089069,0.));
#3945 = PCURVE('',#31,#3946);
#3946 = DEFINITIONAL_REPRESENTATION('',(#3947),#3998);
#3947 = B_SPLINE_CURVE_WITH_KNOTS('',3,(#3948,#3949,#3950,#3951,#3952,
    #3953,#3954,#3955,#3956,#3957,#3958,#3959,#3960,#3961,#3962,#3963,
    #3964,#3965,#3966,#3967,#3968,#3969,#3970,#3971,#3972,#3973,#3974,
    #3975,#3976,#3977,#3978,#3979,#3980,#3981,#3982,#3983,#3984,#3985,
    #3986,#3987,#3988,#3989,#3990,#3991,#3992,#3993,#3994,#3995,#3996,
    #3997),.UNSPECIFIED.,.F.,.F.,(4,1,1,1,1,1,1,1,1,1,1,1,1,1,1,1,1,1,1,
    1,1,1,1,1,1,1,1,1,1,1,1,1,1,1,1,1,1,1,1,1,1,1,1,1,1,1,1,4),(0.,
    1.560399863547,3.026493159763,4.408519816062,5.616164948135,
    6.857176517943,8.034500324617,9.154049078322,10.140931914661,
    11.16430891518,12.14467057154,13.086344664582,13.924748692612,
    14.803128326675,15.653911875236,16.480955579096,17.226763352129,
    18.01856826362,18.796500931648,19.563479607115,20.264226339274,
    21.01815180319,21.769388657233,22.52071176954,23.216717634111,
    23.975961822176,24.743348723341,25.521634699363,26.252131546642,
    27.05917145937,27.885262969361,28.733262670931,29.538010575103,
    30.436403024908,31.365465694071,32.327889352555,33.24854348335,
    34.284117952136,35.363069228966,36.489379128657,37.574802555564,
    38.804527640271,40.095153684953,41.452119030183,42.768727723412,
    44.27040892768,45.857339500188,47.985194622019),.UNSPECIFIED.);
#3948 = CARTESIAN_POINT('',(-24.2419153416,-41.3173966161));
#3949 = CARTESIAN_POINT('',(-23.73454904093,-41.40092438782));
#3950 = CARTESIAN_POINT('',(-22.73361897374,-41.58567239997));
#3951 = CARTESIAN_POINT('',(-21.27458721161,-41.74214352184));
#3952 = CARTESIAN_POINT('',(-19.92394336644,-41.82428683781));
#3953 = CARTESIAN_POINT('',(-18.64670946809,-41.8346746951));
#3954 = CARTESIAN_POINT('',(-17.43853366152,-41.78336625498));
#3955 = CARTESIAN_POINT('',(-16.26411217454,-41.67035789976));
#3956 = CARTESIAN_POINT('',(-15.18119086021,-41.50736129431));
#3957 = CARTESIAN_POINT('',(-14.15851962487,-41.29900726123));
#3958 = CARTESIAN_POINT('',(-13.19274807579,-41.04998010462));
#3959 = CARTESIAN_POINT('',(-12.25609107778,-40.7541707381));
#3960 = CARTESIAN_POINT('',(-11.39420169765,-40.43062102723));
#3961 = CARTESIAN_POINT('',(-10.58164208252,-40.07634183855));
#3962 = CARTESIAN_POINT('',(-9.814091110602,-39.696457202));
#3963 = CARTESIAN_POINT('',(-9.0755639162,-39.27100322077));
#3964 = CARTESIAN_POINT('',(-8.382220799401,-38.85611372471));
#3965 = CARTESIAN_POINT('',(-7.72660377362,-38.41790861198));
#3966 = CARTESIAN_POINT('',(-7.107350970319,-37.95658362753));
#3967 = CARTESIAN_POINT('',(-6.507874513511,-37.45870210798));
#3968 = CARTESIAN_POINT('',(-5.957852204536,-36.95043311779));
#3969 = CARTESIAN_POINT('',(-5.440011593171,-36.42064290834));
#3970 = CARTESIAN_POINT('',(-4.953176959078,-35.86912209037));
#3971 = CARTESIAN_POINT('',(-4.48568980462,-35.2794400204));
#3972 = CARTESIAN_POINT('',(-4.06118547079,-34.68162569578));
#3973 = CARTESIAN_POINT('',(-3.666182461433,-34.06083248927));
#3974 = CARTESIAN_POINT('',(-3.300531974291,-33.4160682598));
#3975 = CARTESIAN_POINT('',(-2.957153392555,-32.72837113895));
#3976 = CARTESIAN_POINT('',(-2.65432727231,-32.0323108853));
#3977 = CARTESIAN_POINT('',(-2.382486767599,-31.30950290955));
#3978 = CARTESIAN_POINT('',(-2.142744873225,-30.55860056234));
#3979 = CARTESIAN_POINT('',(-1.932878554153,-29.75823044188));
#3980 = CARTESIAN_POINT('',(-1.765664135267,-28.94866861795));
#3981 = CARTESIAN_POINT('',(-1.635500021131,-28.10793248841));
#3982 = CARTESIAN_POINT('',(-1.546976527131,-27.23472625802));
#3983 = CARTESIAN_POINT('',(-1.495405143445,-26.30549625427));
#3984 = CARTESIAN_POINT('',(-1.518419112116,-25.36765961855));
#3985 = CARTESIAN_POINT('',(-1.585022743395,-24.39682449039));
#3986 = CARTESIAN_POINT('',(-1.707607067501,-23.39199845261));
#3987 = CARTESIAN_POINT('',(-1.894865816593,-22.32758241842));
#3988 = CARTESIAN_POINT('',(-2.142597882945,-21.25847881681));
#3989 = CARTESIAN_POINT('',(-2.458851560935,-20.15528433812));
#3990 = CARTESIAN_POINT('',(-2.849368663121,-19.01806506682));
#3991 = CARTESIAN_POINT('',(-3.335759002956,-17.81941334592));
#3992 = CARTESIAN_POINT('',(-3.89387909653,-16.62335384549));
#3993 = CARTESIAN_POINT('',(-4.564037280591,-15.39266753376));
#3994 = CARTESIAN_POINT('',(-5.262674350739,-14.14625539924));
#3995 = CARTESIAN_POINT('',(-6.511421326188,-12.65502876611));
#3996 = CARTESIAN_POINT('',(-6.398844232666,-11.8416268382));
#3997 = CARTESIAN_POINT('',(-6.61059116748,-10.76733089069));
#3998 = ( GEOMETRIC_REPRESENTATION_CONTEXT(2) 
PARAMETRIC_REPRESENTATION_CONTEXT() REPRESENTATION_CONTEXT('2D SPACE',''
  ) );
#3999 = PCURVE('',#4000,#4054);
#4000 = SURFACE_OF_LINEAR_EXTRUSION('',#4001,#4052);
#4001 = B_SPLINE_CURVE_WITH_KNOTS('',3,(#4002,#4003,#4004,#4005,#4006,
    #4007,#4008,#4009,#4010,#4011,#4012,#4013,#4014,#4015,#4016,#4017,
    #4018,#4019,#4020,#4021,#4022,#4023,#4024,#4025,#4026,#4027,#4028,
    #4029,#4030,#4031,#4032,#4033,#4034,#4035,#4036,#4037,#4038,#4039,
    #4040,#4041,#4042,#4043,#4044,#4045,#4046,#4047,#4048,#4049,#4050,
    #4051),.UNSPECIFIED.,.F.,.F.,(4,1,1,1,1,1,1,1,1,1,1,1,1,1,1,1,1,1,1,
    1,1,1,1,1,1,1,1,1,1,1,1,1,1,1,1,1,1,1,1,1,1,1,1,1,1,1,1,4),(0.,
    1.560399863547,3.026493159763,4.408519816062,5.616164948135,
    6.857176517943,8.034500324617,9.154049078322,10.140931914661,
    11.16430891518,12.14467057154,13.086344664582,13.924748692612,
    14.803128326675,15.653911875236,16.480955579096,17.226763352129,
    18.01856826362,18.796500931648,19.563479607115,20.264226339274,
    21.01815180319,21.769388657233,22.52071176954,23.216717634111,
    23.975961822176,24.743348723341,25.521634699363,26.252131546642,
    27.05917145937,27.885262969361,28.733262670931,29.538010575103,
    30.436403024908,31.365465694071,32.327889352555,33.24854348335,
    34.284117952136,35.363069228966,36.489379128657,37.574802555564,
    38.804527640271,40.095153684953,41.452119030183,42.768727723412,
    44.27040892768,45.857339500188,47.985194622019),.UNSPECIFIED.);
#4002 = CARTESIAN_POINT('',(-24.2419153416,-41.3173966161,0.));
#4003 = CARTESIAN_POINT('',(-23.73454904093,-41.40092438782,0.));
#4004 = CARTESIAN_POINT('',(-22.73361897374,-41.58567239997,0.));
#4005 = CARTESIAN_POINT('',(-21.27458721161,-41.74214352184,0.));
#4006 = CARTESIAN_POINT('',(-19.92394336644,-41.82428683781,0.));
#4007 = CARTESIAN_POINT('',(-18.64670946809,-41.8346746951,0.));
#4008 = CARTESIAN_POINT('',(-17.43853366152,-41.78336625498,0.));
#4009 = CARTESIAN_POINT('',(-16.26411217454,-41.67035789976,0.));
#4010 = CARTESIAN_POINT('',(-15.18119086021,-41.50736129431,0.));
#4011 = CARTESIAN_POINT('',(-14.15851962487,-41.29900726123,0.));
#4012 = CARTESIAN_POINT('',(-13.19274807579,-41.04998010462,0.));
#4013 = CARTESIAN_POINT('',(-12.25609107778,-40.7541707381,0.));
#4014 = CARTESIAN_POINT('',(-11.39420169765,-40.43062102723,0.));
#4015 = CARTESIAN_POINT('',(-10.58164208252,-40.07634183855,0.));
#4016 = CARTESIAN_POINT('',(-9.814091110602,-39.696457202,0.));
#4017 = CARTESIAN_POINT('',(-9.0755639162,-39.27100322077,0.));
#4018 = CARTESIAN_POINT('',(-8.382220799401,-38.85611372471,0.));
#4019 = CARTESIAN_POINT('',(-7.72660377362,-38.41790861198,0.));
#4020 = CARTESIAN_POINT('',(-7.107350970319,-37.95658362753,0.));
#4021 = CARTESIAN_POINT('',(-6.507874513511,-37.45870210798,0.));
#4022 = CARTESIAN_POINT('',(-5.957852204536,-36.95043311779,0.));
#4023 = CARTESIAN_POINT('',(-5.440011593171,-36.42064290834,0.));
#4024 = CARTESIAN_POINT('',(-4.953176959078,-35.86912209037,0.));
#4025 = CARTESIAN_POINT('',(-4.48568980462,-35.2794400204,0.));
#4026 = CARTESIAN_POINT('',(-4.06118547079,-34.68162569578,0.));
#4027 = CARTESIAN_POINT('',(-3.666182461433,-34.06083248927,0.));
#4028 = CARTESIAN_POINT('',(-3.300531974291,-33.4160682598,0.));
#4029 = CARTESIAN_POINT('',(-2.957153392555,-32.72837113895,0.));
#4030 = CARTESIAN_POINT('',(-2.65432727231,-32.0323108853,0.));
#4031 = CARTESIAN_POINT('',(-2.382486767599,-31.30950290955,0.));
#4032 = CARTESIAN_POINT('',(-2.142744873225,-30.55860056234,0.));
#4033 = CARTESIAN_POINT('',(-1.932878554153,-29.75823044188,0.));
#4034 = CARTESIAN_POINT('',(-1.765664135267,-28.94866861795,0.));
#4035 = CARTESIAN_POINT('',(-1.635500021131,-28.10793248841,0.));
#4036 = CARTESIAN_POINT('',(-1.546976527131,-27.23472625802,0.));
#4037 = CARTESIAN_POINT('',(-1.495405143445,-26.30549625427,0.));
#4038 = CARTESIAN_POINT('',(-1.518419112116,-25.36765961855,0.));
#4039 = CARTESIAN_POINT('',(-1.585022743395,-24.39682449039,0.));
#4040 = CARTESIAN_POINT('',(-1.707607067501,-23.39199845261,0.));
#4041 = CARTESIAN_POINT('',(-1.894865816593,-22.32758241842,0.));
#4042 = CARTESIAN_POINT('',(-2.142597882945,-21.25847881681,0.));
#4043 = CARTESIAN_POINT('',(-2.458851560935,-20.15528433812,0.));
#4044 = CARTESIAN_POINT('',(-2.849368663121,-19.01806506682,0.));
#4045 = CARTESIAN_POINT('',(-3.335759002956,-17.81941334592,0.));
#4046 = CARTESIAN_POINT('',(-3.89387909653,-16.62335384549,0.));
#4047 = CARTESIAN_POINT('',(-4.564037280591,-15.39266753376,0.));
#4048 = CARTESIAN_POINT('',(-5.262674350739,-14.14625539924,0.));
#4049 = CARTESIAN_POINT('',(-6.511421326188,-12.65502876611,0.));
#4050 = CARTESIAN_POINT('',(-6.398844232666,-11.8416268382,0.));
#4051 = CARTESIAN_POINT('',(-6.61059116748,-10.76733089069,0.));
#4052 = VECTOR('',#4053,1.);
#4053 = DIRECTION('',(0.,0.,-1.));
#4054 = DEFINITIONAL_REPRESENTATION('',(#4055),#4059);
#4055 = LINE('',#4056,#4057);
#4056 = CARTESIAN_POINT('',(0.,0.));
#4057 = VECTOR('',#4058,1.);
#4058 = DIRECTION('',(1.,0.));
#4059 = ( GEOMETRIC_REPRESENTATION_CONTEXT(2) 
PARAMETRIC_REPRESENTATION_CONTEXT() REPRESENTATION_CONTEXT('2D SPACE',''
  ) );
#4060 = ORIENTED_EDGE('',*,*,#4061,.F.);
#4061 = EDGE_CURVE('',#3644,#3891,#4062,.T.);
#4062 = SURFACE_CURVE('',#4063,(#4067,#4074),.PCURVE_S1.);
#4063 = LINE('',#4064,#4065);
#4064 = CARTESIAN_POINT('',(-24.65808465839,-43.37988787401,0.));
#4065 = VECTOR('',#4066,1.);
#4066 = DIRECTION('',(0.197793495591,0.980243711075,0.));
#4067 = PCURVE('',#31,#4068);
#4068 = DEFINITIONAL_REPRESENTATION('',(#4069),#4073);
#4069 = LINE('',#4070,#4071);
#4070 = CARTESIAN_POINT('',(-24.65808465839,-43.37988787401));
#4071 = VECTOR('',#4072,1.);
#4072 = DIRECTION('',(0.197793495591,0.980243711075));
#4073 = ( GEOMETRIC_REPRESENTATION_CONTEXT(2) 
PARAMETRIC_REPRESENTATION_CONTEXT() REPRESENTATION_CONTEXT('2D SPACE',''
  ) );
#4074 = PCURVE('',#4075,#4080);
#4075 = PLANE('',#4076);
#4076 = AXIS2_PLACEMENT_3D('',#4077,#4078,#4079);
#4077 = CARTESIAN_POINT('',(-24.65808465839,-43.37988787401,0.));
#4078 = DIRECTION('',(-0.980243711075,0.197793495591,0.));
#4079 = DIRECTION('',(0.197793495591,0.980243711075,0.));
#4080 = DEFINITIONAL_REPRESENTATION('',(#4081),#4085);
#4081 = LINE('',#4082,#4083);
#4082 = CARTESIAN_POINT('',(0.,0.));
#4083 = VECTOR('',#4084,1.);
#4084 = DIRECTION('',(1.,0.));
#4085 = ( GEOMETRIC_REPRESENTATION_CONTEXT(2) 
PARAMETRIC_REPRESENTATION_CONTEXT() REPRESENTATION_CONTEXT('2D SPACE',''
  ) );
#4086 = FACE_BOUND('',#4087,.F.);
#4087 = EDGE_LOOP('',(#4088,#4119,#4308,#4337,#4508));
#4088 = ORIENTED_EDGE('',*,*,#4089,.F.);
#4089 = EDGE_CURVE('',#4090,#4092,#4094,.T.);
#4090 = VERTEX_POINT('',#4091);
#4091 = CARTESIAN_POINT('',(-21.56532542775,-43.88788829728,0.));
#4092 = VERTEX_POINT('',#4093);
#4093 = CARTESIAN_POINT('',(-6.44520532933E-13,-48.9,0.));
#4094 = SURFACE_CURVE('',#4095,(#4100,#4107),.PCURVE_S1.);
#4095 = CIRCLE('',#4096,48.9);
#4096 = AXIS2_PLACEMENT_3D('',#4097,#4098,#4099);
#4097 = CARTESIAN_POINT('',(2.376054908382E-13,1.705302565824E-15,0.));
#4098 = DIRECTION('',(0.,0.,1.));
#4099 = DIRECTION('',(1.,0.,0.));
#4100 = PCURVE('',#31,#4101);
#4101 = DEFINITIONAL_REPRESENTATION('',(#4102),#4106);
#4102 = CIRCLE('',#4103,48.9);
#4103 = AXIS2_PLACEMENT_2D('',#4104,#4105);
#4104 = CARTESIAN_POINT('',(2.384668704492E-13,1.793046571939E-15));
#4105 = DIRECTION('',(1.,0.));
#4106 = ( GEOMETRIC_REPRESENTATION_CONTEXT(2) 
PARAMETRIC_REPRESENTATION_CONTEXT() REPRESENTATION_CONTEXT('2D SPACE',''
  ) );
#4107 = PCURVE('',#4108,#4113);
#4108 = CYLINDRICAL_SURFACE('',#4109,48.9);
#4109 = AXIS2_PLACEMENT_3D('',#4110,#4111,#4112);
#4110 = CARTESIAN_POINT('',(2.376054908382E-13,1.705302565824E-15,0.));
#4111 = DIRECTION('',(-0.,-0.,-1.));
#4112 = DIRECTION('',(1.,0.,0.));
#4113 = DEFINITIONAL_REPRESENTATION('',(#4114),#4118);
#4114 = LINE('',#4115,#4116);
#4115 = CARTESIAN_POINT('',(-0.,0.));
#4116 = VECTOR('',#4117,1.);
#4117 = DIRECTION('',(-1.,0.));
#4118 = ( GEOMETRIC_REPRESENTATION_CONTEXT(2) 
PARAMETRIC_REPRESENTATION_CONTEXT() REPRESENTATION_CONTEXT('2D SPACE',''
  ) );
#4119 = ORIENTED_EDGE('',*,*,#4120,.F.);
#4120 = EDGE_CURVE('',#4121,#4090,#4123,.T.);
#4121 = VERTEX_POINT('',#4122);
#4122 = CARTESIAN_POINT('',(-4.473211242349,-11.88614240118,0.));
#4123 = SURFACE_CURVE('',#4124,(#4181,#4241),.PCURVE_S1.);
#4124 = B_SPLINE_CURVE_WITH_KNOTS('',3,(#4125,#4126,#4127,#4128,#4129,
    #4130,#4131,#4132,#4133,#4134,#4135,#4136,#4137,#4138,#4139,#4140,
    #4141,#4142,#4143,#4144,#4145,#4146,#4147,#4148,#4149,#4150,#4151,
    #4152,#4153,#4154,#4155,#4156,#4157,#4158,#4159,#4160,#4161,#4162,
    #4163,#4164,#4165,#4166,#4167,#4168,#4169,#4170,#4171,#4172,#4173,
    #4174,#4175,#4176,#4177,#4178,#4179,#4180),.UNSPECIFIED.,.F.,.F.,(4,
    1,1,1,1,1,1,1,1,1,1,1,1,1,1,1,1,1,1,1,1,1,1,1,1,1,1,1,1,1,1,1,1,1,1,
    1,1,1,1,1,1,1,1,1,1,1,1,3,3,4),(0.,2.252840378147,3.947251251067,
    5.556769293497,6.973069313182,8.438034201878,9.836527608945,
    11.173881028628,12.358378394578,13.591674823614,14.777241775145,
    15.919070127373,16.937511191725,18.005608061592,19.040905950925,
    20.046909447572,20.952226144232,21.910527049393,22.848343890734,
    23.768545277515,24.604779330967,25.498993387072,26.383732766176,
    27.261734369083,28.068590979197,28.941306811933,29.815275751476,
    30.69326112534,31.509705745874,32.403313623746,33.30925058782,
    34.230483702873,35.097084585268,36.056205964867,37.039089037922,
    38.048588577934,39.007142758039,40.077976938895,41.186386250524,
    42.336589601129,43.439334281668,44.68291297016,45.982505886097,
    47.343769408886,48.660381123787,50.157957971193,51.73669345799,
    51.75772326206,53.205564838504,53.402350377676),.UNSPECIFIED.);
#4125 = CARTESIAN_POINT('',(-5.093527873897,-9.496271560636,0.));
#4126 = CARTESIAN_POINT('',(-4.915099437466,-10.24993810946,0.));
#4127 = CARTESIAN_POINT('',(-4.859713821642,-11.60666130723,0.));
#4128 = CARTESIAN_POINT('',(-3.583084577393,-13.04082726363,0.));
#4129 = CARTESIAN_POINT('',(-2.822721002698,-14.41091604503,0.));
#4130 = CARTESIAN_POINT('',(-2.104712831649,-15.72657579558,0.));
#4131 = CARTESIAN_POINT('',(-1.501518169312,-17.01998877588,0.));
#4132 = CARTESIAN_POINT('',(-0.974789866086,-18.31813008935,0.));
#4133 = CARTESIAN_POINT('',(-0.550224822861,-19.55471500151,0.));
#4134 = CARTESIAN_POINT('',(-0.205184901683,-20.75844844524,0.));
#4135 = CARTESIAN_POINT('',(6.596558094505E-02,-21.92915586266,0.));
#4136 = CARTESIAN_POINT('',(0.271898846638,-23.09863917069,0.));
#4137 = CARTESIAN_POINT('',(0.406130536759,-24.20629398956,0.));
#4138 = CARTESIAN_POINT('',(0.482623522151,-25.28023204404,0.));
#4139 = CARTESIAN_POINT('',(0.497330327001,-26.32105140487,0.));
#4140 = CARTESIAN_POINT('',(0.482559264875,-27.35772167695,0.));
#4141 = CARTESIAN_POINT('',(0.410448528848,-28.33785871686,0.));
#4142 = CARTESIAN_POINT('',(0.293587822094,-29.28755655876,0.));
#4143 = CARTESIAN_POINT('',(0.132382656111,-30.20781010971,0.));
#4144 = CARTESIAN_POINT('',(-7.799384011559E-02,-31.12314150716,0.));
#4145 = CARTESIAN_POINT('',(-0.325066028925,-31.98701222905,0.));
#4146 = CARTESIAN_POINT('',(-0.610828167691,-32.82343042302,0.));
#4147 = CARTESIAN_POINT('',(-0.934200818076,-33.63340481523,0.));
#4148 = CARTESIAN_POINT('',(-1.305647754307,-34.43784657629,0.));
#4149 = CARTESIAN_POINT('',(-1.70542258685,-35.19581900635,0.));
#4150 = CARTESIAN_POINT('',(-2.141065645731,-35.9290116092,0.));
#4151 = CARTESIAN_POINT('',(-2.612665169012,-36.63808750685,0.));
#4152 = CARTESIAN_POINT('',(-3.135213075507,-37.34028549719,0.));
#4153 = CARTESIAN_POINT('',(-3.682150484235,-37.99946541337,0.));
#4154 = CARTESIAN_POINT('',(-4.266234226687,-38.63478684069,0.));
#4155 = CARTESIAN_POINT('',(-4.888556953578,-39.24619197559,0.));
#4156 = CARTESIAN_POINT('',(-5.568477155319,-39.84700044377,0.));
#4157 = CARTESIAN_POINT('',(-6.272213958533,-40.40542012532,0.));
#4158 = CARTESIAN_POINT('',(-7.017561084534,-40.93771310161,0.));
#4159 = CARTESIAN_POINT('',(-7.807314659862,-41.44213381588,0.));
#4160 = CARTESIAN_POINT('',(-8.67888483511,-41.9002164456,0.));
#4161 = CARTESIAN_POINT('',(-9.569388783222,-42.31871171121,0.));
#4162 = CARTESIAN_POINT('',(-10.50828683442,-42.70017506342,0.));
#4163 = CARTESIAN_POINT('',(-11.49644819565,-43.04440042878,0.));
#4164 = CARTESIAN_POINT('',(-12.56309790802,-43.3529815149,0.));
#4165 = CARTESIAN_POINT('',(-13.65486184738,-43.60660194221,0.));
#4166 = CARTESIAN_POINT('',(-14.80329356827,-43.81154416519,0.));
#4167 = CARTESIAN_POINT('',(-16.00697957194,-43.96392360896,0.));
#4168 = CARTESIAN_POINT('',(-17.31661343345,-44.05523229833,0.));
#4169 = CARTESIAN_POINT('',(-18.60046837479,-44.08753210797,0.));
#4170 = CARTESIAN_POINT('',(-20.15366010156,-44.01195123203,0.));
#4171 = CARTESIAN_POINT('',(-20.92132877466,-44.01895475531,0.));
#4172 = CARTESIAN_POINT('',(-23.7998435625,-43.53253217243,0.));
#4173 = CARTESIAN_POINT('',(-23.00094539931,-43.69419836182,0.));
#4174 = CARTESIAN_POINT('',(-22.99007155444,-43.69639059658,0.));
#4175 = CARTESIAN_POINT('',(-22.99007155574,-43.69639059634,0.));
#4176 = CARTESIAN_POINT('',(-22.99007155704,-43.6963905961,0.));
#4177 = CARTESIAN_POINT('',(-22.99007155834,-43.69639059585,0.));
#4178 = CARTESIAN_POINT('',(-23.43315533176,-43.61217181509,0.));
#4179 = CARTESIAN_POINT('',(-23.98285416915,-43.50784774943,0.));
#4180 = CARTESIAN_POINT('',(-24.65808465839,-43.37988787401,0.));
#4181 = PCURVE('',#31,#4182);
#4182 = DEFINITIONAL_REPRESENTATION('',(#4183),#4240);
#4183 = B_SPLINE_CURVE_WITH_KNOTS('',3,(#4184,#4185,#4186,#4187,#4188,
    #4189,#4190,#4191,#4192,#4193,#4194,#4195,#4196,#4197,#4198,#4199,
    #4200,#4201,#4202,#4203,#4204,#4205,#4206,#4207,#4208,#4209,#4210,
    #4211,#4212,#4213,#4214,#4215,#4216,#4217,#4218,#4219,#4220,#4221,
    #4222,#4223,#4224,#4225,#4226,#4227,#4228,#4229,#4230,#4231,#4232,
    #4233,#4234,#4235,#4236,#4237,#4238,#4239),.UNSPECIFIED.,.F.,.F.,(4,
    1,1,1,1,1,1,1,1,1,1,1,1,1,1,1,1,1,1,1,1,1,1,1,1,1,1,1,1,1,1,1,1,1,1,
    1,1,1,1,1,1,1,1,1,1,1,1,3,3,4),(0.,2.252840378147,3.947251251067,
    5.556769293497,6.973069313182,8.438034201878,9.836527608945,
    11.173881028628,12.358378394578,13.591674823614,14.777241775145,
    15.919070127373,16.937511191725,18.005608061592,19.040905950925,
    20.046909447572,20.952226144232,21.910527049393,22.848343890734,
    23.768545277515,24.604779330967,25.498993387072,26.383732766176,
    27.261734369083,28.068590979197,28.941306811933,29.815275751476,
    30.69326112534,31.509705745874,32.403313623746,33.30925058782,
    34.230483702873,35.097084585268,36.056205964867,37.039089037922,
    38.048588577934,39.007142758039,40.077976938895,41.186386250524,
    42.336589601129,43.439334281668,44.68291297016,45.982505886097,
    47.343769408886,48.660381123787,50.157957971193,51.73669345799,
    51.75772326206,53.205564838504,53.402350377676),.UNSPECIFIED.);
#4184 = CARTESIAN_POINT('',(-5.093527873897,-9.496271560636));
#4185 = CARTESIAN_POINT('',(-4.915099437466,-10.24993810946));
#4186 = CARTESIAN_POINT('',(-4.859713821642,-11.60666130723));
#4187 = CARTESIAN_POINT('',(-3.583084577393,-13.04082726363));
#4188 = CARTESIAN_POINT('',(-2.822721002698,-14.41091604503));
#4189 = CARTESIAN_POINT('',(-2.104712831649,-15.72657579558));
#4190 = CARTESIAN_POINT('',(-1.501518169312,-17.01998877588));
#4191 = CARTESIAN_POINT('',(-0.974789866086,-18.31813008935));
#4192 = CARTESIAN_POINT('',(-0.550224822861,-19.55471500151));
#4193 = CARTESIAN_POINT('',(-0.205184901683,-20.75844844524));
#4194 = CARTESIAN_POINT('',(6.596558094505E-02,-21.92915586266));
#4195 = CARTESIAN_POINT('',(0.271898846638,-23.09863917069));
#4196 = CARTESIAN_POINT('',(0.406130536759,-24.20629398956));
#4197 = CARTESIAN_POINT('',(0.482623522151,-25.28023204404));
#4198 = CARTESIAN_POINT('',(0.497330327001,-26.32105140487));
#4199 = CARTESIAN_POINT('',(0.482559264875,-27.35772167695));
#4200 = CARTESIAN_POINT('',(0.410448528848,-28.33785871686));
#4201 = CARTESIAN_POINT('',(0.293587822094,-29.28755655876));
#4202 = CARTESIAN_POINT('',(0.132382656111,-30.20781010971));
#4203 = CARTESIAN_POINT('',(-7.799384011559E-02,-31.12314150716));
#4204 = CARTESIAN_POINT('',(-0.325066028925,-31.98701222905));
#4205 = CARTESIAN_POINT('',(-0.610828167691,-32.82343042302));
#4206 = CARTESIAN_POINT('',(-0.934200818076,-33.63340481523));
#4207 = CARTESIAN_POINT('',(-1.305647754307,-34.43784657629));
#4208 = CARTESIAN_POINT('',(-1.70542258685,-35.19581900635));
#4209 = CARTESIAN_POINT('',(-2.141065645731,-35.9290116092));
#4210 = CARTESIAN_POINT('',(-2.612665169012,-36.63808750685));
#4211 = CARTESIAN_POINT('',(-3.135213075507,-37.34028549719));
#4212 = CARTESIAN_POINT('',(-3.682150484235,-37.99946541337));
#4213 = CARTESIAN_POINT('',(-4.266234226687,-38.63478684069));
#4214 = CARTESIAN_POINT('',(-4.888556953578,-39.24619197559));
#4215 = CARTESIAN_POINT('',(-5.568477155319,-39.84700044377));
#4216 = CARTESIAN_POINT('',(-6.272213958533,-40.40542012532));
#4217 = CARTESIAN_POINT('',(-7.017561084534,-40.93771310161));
#4218 = CARTESIAN_POINT('',(-7.807314659862,-41.44213381588));
#4219 = CARTESIAN_POINT('',(-8.67888483511,-41.9002164456));
#4220 = CARTESIAN_POINT('',(-9.569388783222,-42.31871171121));
#4221 = CARTESIAN_POINT('',(-10.50828683442,-42.70017506342));
#4222 = CARTESIAN_POINT('',(-11.49644819565,-43.04440042878));
#4223 = CARTESIAN_POINT('',(-12.56309790802,-43.3529815149));
#4224 = CARTESIAN_POINT('',(-13.65486184738,-43.60660194221));
#4225 = CARTESIAN_POINT('',(-14.80329356827,-43.81154416519));
#4226 = CARTESIAN_POINT('',(-16.00697957194,-43.96392360896));
#4227 = CARTESIAN_POINT('',(-17.31661343345,-44.05523229833));
#4228 = CARTESIAN_POINT('',(-18.60046837479,-44.08753210797));
#4229 = CARTESIAN_POINT('',(-20.15366010156,-44.01195123203));
#4230 = CARTESIAN_POINT('',(-20.92132877466,-44.01895475531));
#4231 = CARTESIAN_POINT('',(-23.7998435625,-43.53253217243));
#4232 = CARTESIAN_POINT('',(-23.00094539931,-43.69419836182));
#4233 = CARTESIAN_POINT('',(-22.99007155444,-43.69639059658));
#4234 = CARTESIAN_POINT('',(-22.99007155574,-43.69639059634));
#4235 = CARTESIAN_POINT('',(-22.99007155704,-43.6963905961));
#4236 = CARTESIAN_POINT('',(-22.99007155834,-43.69639059585));
#4237 = CARTESIAN_POINT('',(-23.43315533176,-43.61217181509));
#4238 = CARTESIAN_POINT('',(-23.98285416915,-43.50784774943));
#4239 = CARTESIAN_POINT('',(-24.65808465839,-43.37988787401));
#4240 = ( GEOMETRIC_REPRESENTATION_CONTEXT(2) 
PARAMETRIC_REPRESENTATION_CONTEXT() REPRESENTATION_CONTEXT('2D SPACE',''
  ) );
#4241 = PCURVE('',#4242,#4302);
#4242 = SURFACE_OF_LINEAR_EXTRUSION('',#4243,#4300);
#4243 = B_SPLINE_CURVE_WITH_KNOTS('',3,(#4244,#4245,#4246,#4247,#4248,
    #4249,#4250,#4251,#4252,#4253,#4254,#4255,#4256,#4257,#4258,#4259,
    #4260,#4261,#4262,#4263,#4264,#4265,#4266,#4267,#4268,#4269,#4270,
    #4271,#4272,#4273,#4274,#4275,#4276,#4277,#4278,#4279,#4280,#4281,
    #4282,#4283,#4284,#4285,#4286,#4287,#4288,#4289,#4290,#4291,#4292,
    #4293,#4294,#4295,#4296,#4297,#4298,#4299),.UNSPECIFIED.,.F.,.F.,(4,
    1,1,1,1,1,1,1,1,1,1,1,1,1,1,1,1,1,1,1,1,1,1,1,1,1,1,1,1,1,1,1,1,1,1,
    1,1,1,1,1,1,1,1,1,1,1,1,3,3,4),(0.,2.252840378147,3.947251251067,
    5.556769293497,6.973069313182,8.438034201878,9.836527608945,
    11.173881028628,12.358378394578,13.591674823614,14.777241775145,
    15.919070127373,16.937511191725,18.005608061592,19.040905950925,
    20.046909447572,20.952226144232,21.910527049393,22.848343890734,
    23.768545277515,24.604779330967,25.498993387072,26.383732766176,
    27.261734369083,28.068590979197,28.941306811933,29.815275751476,
    30.69326112534,31.509705745874,32.403313623746,33.30925058782,
    34.230483702873,35.097084585268,36.056205964867,37.039089037922,
    38.048588577934,39.007142758039,40.077976938895,41.186386250524,
    42.336589601129,43.439334281668,44.68291297016,45.982505886097,
    47.343769408886,48.660381123787,50.157957971193,51.73669345799,
    51.75772326206,53.205564838504,53.402350377676),.UNSPECIFIED.);
#4244 = CARTESIAN_POINT('',(-5.093527873897,-9.496271560636,0.));
#4245 = CARTESIAN_POINT('',(-4.915099437466,-10.24993810946,0.));
#4246 = CARTESIAN_POINT('',(-4.859713821642,-11.60666130723,0.));
#4247 = CARTESIAN_POINT('',(-3.583084577393,-13.04082726363,0.));
#4248 = CARTESIAN_POINT('',(-2.822721002698,-14.41091604503,0.));
#4249 = CARTESIAN_POINT('',(-2.104712831649,-15.72657579558,0.));
#4250 = CARTESIAN_POINT('',(-1.501518169312,-17.01998877588,0.));
#4251 = CARTESIAN_POINT('',(-0.974789866086,-18.31813008935,0.));
#4252 = CARTESIAN_POINT('',(-0.550224822861,-19.55471500151,0.));
#4253 = CARTESIAN_POINT('',(-0.205184901683,-20.75844844524,0.));
#4254 = CARTESIAN_POINT('',(6.596558094505E-02,-21.92915586266,0.));
#4255 = CARTESIAN_POINT('',(0.271898846638,-23.09863917069,0.));
#4256 = CARTESIAN_POINT('',(0.406130536759,-24.20629398956,0.));
#4257 = CARTESIAN_POINT('',(0.482623522151,-25.28023204404,0.));
#4258 = CARTESIAN_POINT('',(0.497330327001,-26.32105140487,0.));
#4259 = CARTESIAN_POINT('',(0.482559264875,-27.35772167695,0.));
#4260 = CARTESIAN_POINT('',(0.410448528848,-28.33785871686,0.));
#4261 = CARTESIAN_POINT('',(0.293587822094,-29.28755655876,0.));
#4262 = CARTESIAN_POINT('',(0.132382656111,-30.20781010971,0.));
#4263 = CARTESIAN_POINT('',(-7.799384011559E-02,-31.12314150716,0.));
#4264 = CARTESIAN_POINT('',(-0.325066028925,-31.98701222905,0.));
#4265 = CARTESIAN_POINT('',(-0.610828167691,-32.82343042302,0.));
#4266 = CARTESIAN_POINT('',(-0.934200818076,-33.63340481523,0.));
#4267 = CARTESIAN_POINT('',(-1.305647754307,-34.43784657629,0.));
#4268 = CARTESIAN_POINT('',(-1.70542258685,-35.19581900635,0.));
#4269 = CARTESIAN_POINT('',(-2.141065645731,-35.9290116092,0.));
#4270 = CARTESIAN_POINT('',(-2.612665169012,-36.63808750685,0.));
#4271 = CARTESIAN_POINT('',(-3.135213075507,-37.34028549719,0.));
#4272 = CARTESIAN_POINT('',(-3.682150484235,-37.99946541337,0.));
#4273 = CARTESIAN_POINT('',(-4.266234226687,-38.63478684069,0.));
#4274 = CARTESIAN_POINT('',(-4.888556953578,-39.24619197559,0.));
#4275 = CARTESIAN_POINT('',(-5.568477155319,-39.84700044377,0.));
#4276 = CARTESIAN_POINT('',(-6.272213958533,-40.40542012532,0.));
#4277 = CARTESIAN_POINT('',(-7.017561084534,-40.93771310161,0.));
#4278 = CARTESIAN_POINT('',(-7.807314659862,-41.44213381588,0.));
#4279 = CARTESIAN_POINT('',(-8.67888483511,-41.9002164456,0.));
#4280 = CARTESIAN_POINT('',(-9.569388783222,-42.31871171121,0.));
#4281 = CARTESIAN_POINT('',(-10.50828683442,-42.70017506342,0.));
#4282 = CARTESIAN_POINT('',(-11.49644819565,-43.04440042878,0.));
#4283 = CARTESIAN_POINT('',(-12.56309790802,-43.3529815149,0.));
#4284 = CARTESIAN_POINT('',(-13.65486184738,-43.60660194221,0.));
#4285 = CARTESIAN_POINT('',(-14.80329356827,-43.81154416519,0.));
#4286 = CARTESIAN_POINT('',(-16.00697957194,-43.96392360896,0.));
#4287 = CARTESIAN_POINT('',(-17.31661343345,-44.05523229833,0.));
#4288 = CARTESIAN_POINT('',(-18.60046837479,-44.08753210797,0.));
#4289 = CARTESIAN_POINT('',(-20.15366010156,-44.01195123203,0.));
#4290 = CARTESIAN_POINT('',(-20.92132877466,-44.01895475531,0.));
#4291 = CARTESIAN_POINT('',(-23.7998435625,-43.53253217243,0.));
#4292 = CARTESIAN_POINT('',(-23.00094539931,-43.69419836182,0.));
#4293 = CARTESIAN_POINT('',(-22.99007155444,-43.69639059658,0.));
#4294 = CARTESIAN_POINT('',(-22.99007155574,-43.69639059634,0.));
#4295 = CARTESIAN_POINT('',(-22.99007155704,-43.6963905961,0.));
#4296 = CARTESIAN_POINT('',(-22.99007155834,-43.69639059585,0.));
#4297 = CARTESIAN_POINT('',(-23.43315533176,-43.61217181509,0.));
#4298 = CARTESIAN_POINT('',(-23.98285416915,-43.50784774943,0.));
#4299 = CARTESIAN_POINT('',(-24.65808465839,-43.37988787401,0.));
#4300 = VECTOR('',#4301,1.);
#4301 = DIRECTION('',(0.,0.,-1.));
#4302 = DEFINITIONAL_REPRESENTATION('',(#4303),#4307);
#4303 = LINE('',#4304,#4305);
#4304 = CARTESIAN_POINT('',(0.,0.));
#4305 = VECTOR('',#4306,1.);
#4306 = DIRECTION('',(1.,0.));
#4307 = ( GEOMETRIC_REPRESENTATION_CONTEXT(2) 
PARAMETRIC_REPRESENTATION_CONTEXT() REPRESENTATION_CONTEXT('2D SPACE',''
  ) );
#4308 = ORIENTED_EDGE('',*,*,#4309,.T.);
#4309 = EDGE_CURVE('',#4121,#4310,#4312,.T.);
#4310 = VERTEX_POINT('',#4311);
#4311 = CARTESIAN_POINT('',(-0.283376702506,-12.69683809633,0.));
#4312 = SURFACE_CURVE('',#4313,(#4318,#4325),.PCURVE_S1.);
#4313 = CIRCLE('',#4314,12.7);
#4314 = AXIS2_PLACEMENT_3D('',#4315,#4316,#4317);
#4315 = CARTESIAN_POINT('',(0.,0.,0.));
#4316 = DIRECTION('',(0.,0.,1.));
#4317 = DIRECTION('',(1.,0.,0.));
#4318 = PCURVE('',#31,#4319);
#4319 = DEFINITIONAL_REPRESENTATION('',(#4320),#4324);
#4320 = CIRCLE('',#4321,12.7);
#4321 = AXIS2_PLACEMENT_2D('',#4322,#4323);
#4322 = CARTESIAN_POINT('',(8.613796110485E-16,8.774400611482E-17));
#4323 = DIRECTION('',(1.,0.));
#4324 = ( GEOMETRIC_REPRESENTATION_CONTEXT(2) 
PARAMETRIC_REPRESENTATION_CONTEXT() REPRESENTATION_CONTEXT('2D SPACE',''
  ) );
#4325 = PCURVE('',#4326,#4331);
#4326 = CYLINDRICAL_SURFACE('',#4327,12.7);
#4327 = AXIS2_PLACEMENT_3D('',#4328,#4329,#4330);
#4328 = CARTESIAN_POINT('',(0.,0.,0.));
#4329 = DIRECTION('',(-0.,-0.,-1.));
#4330 = DIRECTION('',(1.,0.,0.));
#4331 = DEFINITIONAL_REPRESENTATION('',(#4332),#4336);
#4332 = LINE('',#4333,#4334);
#4333 = CARTESIAN_POINT('',(-0.,0.));
#4334 = VECTOR('',#4335,1.);
#4335 = DIRECTION('',(-1.,0.));
#4336 = ( GEOMETRIC_REPRESENTATION_CONTEXT(2) 
PARAMETRIC_REPRESENTATION_CONTEXT() REPRESENTATION_CONTEXT('2D SPACE',''
  ) );
#4337 = ORIENTED_EDGE('',*,*,#4338,.F.);
#4338 = EDGE_CURVE('',#4339,#4310,#4341,.T.);
#4339 = VERTEX_POINT('',#4340);
#4340 = CARTESIAN_POINT('',(-0.335416214168,-47.90287275858,0.));
#4341 = SURFACE_CURVE('',#4342,(#4393,#4447),.PCURVE_S1.);
#4342 = B_SPLINE_CURVE_WITH_KNOTS('',3,(#4343,#4344,#4345,#4346,#4347,
    #4348,#4349,#4350,#4351,#4352,#4353,#4354,#4355,#4356,#4357,#4358,
    #4359,#4360,#4361,#4362,#4363,#4364,#4365,#4366,#4367,#4368,#4369,
    #4370,#4371,#4372,#4373,#4374,#4375,#4376,#4377,#4378,#4379,#4380,
    #4381,#4382,#4383,#4384,#4385,#4386,#4387,#4388,#4389,#4390,#4391,
    #4392),.UNSPECIFIED.,.F.,.F.,(4,1,1,1,1,1,1,1,1,1,1,1,1,1,1,1,1,1,1,
    1,1,1,1,1,1,1,1,1,1,1,1,1,1,1,1,1,1,1,1,1,1,1,1,1,1,1,1,4),(0.,
    1.560399863547,3.026493159763,4.408519816062,5.616164948135,
    6.857176517943,8.034500324617,9.154049078322,10.140931914661,
    11.16430891518,12.14467057154,13.086344664582,13.924748692612,
    14.803128326675,15.653911875236,16.480955579096,17.226763352129,
    18.01856826362,18.796500931648,19.563479607115,20.264226339274,
    21.01815180319,21.769388657233,22.52071176954,23.216717634111,
    23.975961822176,24.743348723341,25.521634699363,26.252131546642,
    27.05917145937,27.885262969361,28.733262670931,29.538010575103,
    30.436403024908,31.365465694071,32.327889352555,33.24854348335,
    34.284117952136,35.363069228966,36.489379128657,37.574802555564,
    38.804527640271,40.095153684953,41.452119030183,42.768727723412,
    44.27040892768,45.857339500188,47.985194622019),.UNSPECIFIED.);
#4343 = CARTESIAN_POINT('',(-0.335416214168,-47.90287275858,0.));
#4344 = CARTESIAN_POINT('',(0.145739777095,-47.72152678048,0.));
#4345 = CARTESIAN_POINT('',(1.104944648769,-47.3810582187,0.));
#4346 = CARTESIAN_POINT('',(2.446738780639,-46.78705030413,0.));
#4347 = CARTESIAN_POINT('',(3.65750232001,-46.18286657993,0.));
#4348 = CARTESIAN_POINT('',(4.7688132512,-45.55324577906,0.));
#4349 = CARTESIAN_POINT('',(5.789469971861,-44.90472346321,0.));
#4350 = CARTESIAN_POINT('',(6.750044636727,-44.21964461326,0.));
#4351 = CARTESIAN_POINT('',(7.606383702515,-43.53702475504,0.));
#4352 = CARTESIAN_POINT('',(8.387865955494,-42.84524925174,0.));
#4353 = CARTESIAN_POINT('',(9.099735072949,-42.14669963335,0.));
#4354 = CARTESIAN_POINT('',(9.762999144593,-41.42219270825,0.));
#4355 = CARTESIAN_POINT('',(10.347642387601,-40.71104574919,0.));
#4356 = CARTESIAN_POINT('',(10.874200062054,-39.9979511642,0.));
#4357 = CARTESIAN_POINT('',(11.348976384167,-39.28518593247,0.));
#4358 = CARTESIAN_POINT('',(11.775832705287,-38.54746837938,0.));
#4359 = CARTESIAN_POINT('',(12.168840709947,-37.84149197764,0.));
#4360 = CARTESIAN_POINT('',(12.517519153062,-37.13418670505,0.));
#4361 = CARTESIAN_POINT('',(12.823145319859,-36.42504114747,0.));
#4362 = CARTESIAN_POINT('',(13.093366400649,-35.69412487506,0.));
#4363 = CARTESIAN_POINT('',(13.315565197779,-34.97893986311,0.));
#4364 = CARTESIAN_POINT('',(13.499133217606,-34.26120777737,0.));
#4365 = CARTESIAN_POINT('',(13.644983969184,-33.54015942124,0.));
#4366 = CARTESIAN_POINT('',(13.754998685904,-32.79573619126,0.));
#4367 = CARTESIAN_POINT('',(13.823723060706,-32.06576163248,0.));
#4368 = CARTESIAN_POINT('',(13.855409098127,-31.33063744047,0.));
#4369 = CARTESIAN_POINT('',(13.849689594164,-30.58942999473,0.));
#4370 = CARTESIAN_POINT('',(13.803215608635,-29.82217752709,0.));
#4371 = CARTESIAN_POINT('',(13.717440594872,-29.06795860474,0.));
#4372 = CARTESIAN_POINT('',(13.591457389856,-28.30606828333,0.));
#4373 = CARTESIAN_POINT('',(13.423628787131,-27.5358968277,0.));
#4374 = CARTESIAN_POINT('',(13.205193290616,-26.73782281142,0.));
#4375 = CARTESIAN_POINT('',(12.945224313287,-25.95311449652,0.));
#4376 = CARTESIAN_POINT('',(12.637581678017,-25.15993359338,0.));
#4377 = CARTESIAN_POINT('',(12.27764215746,-24.35945306813,0.));
#4378 = CARTESIAN_POINT('',(11.857689283964,-23.52893058708,0.));
#4379 = CARTESIAN_POINT('',(11.368840284593,-22.72824722028,0.));
#4380 = CARTESIAN_POINT('',(10.825742283839,-21.92078115204,0.));
#4381 = CARTESIAN_POINT('',(10.217168126169,-21.111868439,0.));
#4382 = CARTESIAN_POINT('',(9.522789275278,-20.28368648774,0.));
#4383 = CARTESIAN_POINT('',(8.77369521168,-19.48168164264,0.));
#4384 = CARTESIAN_POINT('',(7.948214253156,-18.68441403777,0.));
#4385 = CARTESIAN_POINT('',(7.041406886402,-17.89481181025,0.));
#4386 = CARTESIAN_POINT('',(6.020854635498,-17.09994413958,0.));
#4387 = CARTESIAN_POINT('',(4.939478705887,-16.34318627456,0.));
#4388 = CARTESIAN_POINT('',(3.743761538072,-15.61245975654,0.));
#4389 = CARTESIAN_POINT('',(2.51551802004,-14.88235371954,0.));
#4390 = CARTESIAN_POINT('',(0.688458099837,-14.21528706017,0.));
#4391 = CARTESIAN_POINT('',(0.379251758756,-13.45457178035,0.));
#4392 = CARTESIAN_POINT('',(-0.341274439722,-12.63007766603,0.));
#4393 = PCURVE('',#31,#4394);
#4394 = DEFINITIONAL_REPRESENTATION('',(#4395),#4446);
#4395 = B_SPLINE_CURVE_WITH_KNOTS('',3,(#4396,#4397,#4398,#4399,#4400,
    #4401,#4402,#4403,#4404,#4405,#4406,#4407,#4408,#4409,#4410,#4411,
    #4412,#4413,#4414,#4415,#4416,#4417,#4418,#4419,#4420,#4421,#4422,
    #4423,#4424,#4425,#4426,#4427,#4428,#4429,#4430,#4431,#4432,#4433,
    #4434,#4435,#4436,#4437,#4438,#4439,#4440,#4441,#4442,#4443,#4444,
    #4445),.UNSPECIFIED.,.F.,.F.,(4,1,1,1,1,1,1,1,1,1,1,1,1,1,1,1,1,1,1,
    1,1,1,1,1,1,1,1,1,1,1,1,1,1,1,1,1,1,1,1,1,1,1,1,1,1,1,1,4),(0.,
    1.560399863547,3.026493159763,4.408519816062,5.616164948135,
    6.857176517943,8.034500324617,9.154049078322,10.140931914661,
    11.16430891518,12.14467057154,13.086344664582,13.924748692612,
    14.803128326675,15.653911875236,16.480955579096,17.226763352129,
    18.01856826362,18.796500931648,19.563479607115,20.264226339274,
    21.01815180319,21.769388657233,22.52071176954,23.216717634111,
    23.975961822176,24.743348723341,25.521634699363,26.252131546642,
    27.05917145937,27.885262969361,28.733262670931,29.538010575103,
    30.436403024908,31.365465694071,32.327889352555,33.24854348335,
    34.284117952136,35.363069228966,36.489379128657,37.574802555564,
    38.804527640271,40.095153684953,41.452119030183,42.768727723412,
    44.27040892768,45.857339500188,47.985194622019),.UNSPECIFIED.);
#4396 = CARTESIAN_POINT('',(-0.335416214168,-47.90287275858));
#4397 = CARTESIAN_POINT('',(0.145739777095,-47.72152678048));
#4398 = CARTESIAN_POINT('',(1.104944648769,-47.3810582187));
#4399 = CARTESIAN_POINT('',(2.446738780639,-46.78705030413));
#4400 = CARTESIAN_POINT('',(3.65750232001,-46.18286657993));
#4401 = CARTESIAN_POINT('',(4.7688132512,-45.55324577906));
#4402 = CARTESIAN_POINT('',(5.789469971861,-44.90472346321));
#4403 = CARTESIAN_POINT('',(6.750044636727,-44.21964461326));
#4404 = CARTESIAN_POINT('',(7.606383702515,-43.53702475504));
#4405 = CARTESIAN_POINT('',(8.387865955494,-42.84524925174));
#4406 = CARTESIAN_POINT('',(9.099735072949,-42.14669963335));
#4407 = CARTESIAN_POINT('',(9.762999144593,-41.42219270825));
#4408 = CARTESIAN_POINT('',(10.347642387601,-40.71104574919));
#4409 = CARTESIAN_POINT('',(10.874200062054,-39.9979511642));
#4410 = CARTESIAN_POINT('',(11.348976384167,-39.28518593247));
#4411 = CARTESIAN_POINT('',(11.775832705287,-38.54746837938));
#4412 = CARTESIAN_POINT('',(12.168840709947,-37.84149197764));
#4413 = CARTESIAN_POINT('',(12.517519153062,-37.13418670505));
#4414 = CARTESIAN_POINT('',(12.823145319859,-36.42504114747));
#4415 = CARTESIAN_POINT('',(13.093366400649,-35.69412487506));
#4416 = CARTESIAN_POINT('',(13.315565197779,-34.97893986311));
#4417 = CARTESIAN_POINT('',(13.499133217606,-34.26120777737));
#4418 = CARTESIAN_POINT('',(13.644983969184,-33.54015942124));
#4419 = CARTESIAN_POINT('',(13.754998685904,-32.79573619126));
#4420 = CARTESIAN_POINT('',(13.823723060706,-32.06576163248));
#4421 = CARTESIAN_POINT('',(13.855409098127,-31.33063744047));
#4422 = CARTESIAN_POINT('',(13.849689594164,-30.58942999473));
#4423 = CARTESIAN_POINT('',(13.803215608635,-29.82217752709));
#4424 = CARTESIAN_POINT('',(13.717440594872,-29.06795860474));
#4425 = CARTESIAN_POINT('',(13.591457389856,-28.30606828333));
#4426 = CARTESIAN_POINT('',(13.423628787131,-27.5358968277));
#4427 = CARTESIAN_POINT('',(13.205193290616,-26.73782281142));
#4428 = CARTESIAN_POINT('',(12.945224313287,-25.95311449652));
#4429 = CARTESIAN_POINT('',(12.637581678017,-25.15993359338));
#4430 = CARTESIAN_POINT('',(12.27764215746,-24.35945306813));
#4431 = CARTESIAN_POINT('',(11.857689283964,-23.52893058708));
#4432 = CARTESIAN_POINT('',(11.368840284593,-22.72824722028));
#4433 = CARTESIAN_POINT('',(10.825742283839,-21.92078115204));
#4434 = CARTESIAN_POINT('',(10.217168126169,-21.111868439));
#4435 = CARTESIAN_POINT('',(9.522789275278,-20.28368648774));
#4436 = CARTESIAN_POINT('',(8.77369521168,-19.48168164264));
#4437 = CARTESIAN_POINT('',(7.948214253156,-18.68441403777));
#4438 = CARTESIAN_POINT('',(7.041406886402,-17.89481181025));
#4439 = CARTESIAN_POINT('',(6.020854635498,-17.09994413958));
#4440 = CARTESIAN_POINT('',(4.939478705887,-16.34318627456));
#4441 = CARTESIAN_POINT('',(3.743761538072,-15.61245975654));
#4442 = CARTESIAN_POINT('',(2.51551802004,-14.88235371954));
#4443 = CARTESIAN_POINT('',(0.688458099837,-14.21528706017));
#4444 = CARTESIAN_POINT('',(0.379251758756,-13.45457178035));
#4445 = CARTESIAN_POINT('',(-0.341274439722,-12.63007766603));
#4446 = ( GEOMETRIC_REPRESENTATION_CONTEXT(2) 
PARAMETRIC_REPRESENTATION_CONTEXT() REPRESENTATION_CONTEXT('2D SPACE',''
  ) );
#4447 = PCURVE('',#4448,#4502);
#4448 = SURFACE_OF_LINEAR_EXTRUSION('',#4449,#4500);
#4449 = B_SPLINE_CURVE_WITH_KNOTS('',3,(#4450,#4451,#4452,#4453,#4454,
    #4455,#4456,#4457,#4458,#4459,#4460,#4461,#4462,#4463,#4464,#4465,
    #4466,#4467,#4468,#4469,#4470,#4471,#4472,#4473,#4474,#4475,#4476,
    #4477,#4478,#4479,#4480,#4481,#4482,#4483,#4484,#4485,#4486,#4487,
    #4488,#4489,#4490,#4491,#4492,#4493,#4494,#4495,#4496,#4497,#4498,
    #4499),.UNSPECIFIED.,.F.,.F.,(4,1,1,1,1,1,1,1,1,1,1,1,1,1,1,1,1,1,1,
    1,1,1,1,1,1,1,1,1,1,1,1,1,1,1,1,1,1,1,1,1,1,1,1,1,1,1,1,4),(0.,
    1.560399863547,3.026493159763,4.408519816062,5.616164948135,
    6.857176517943,8.034500324617,9.154049078322,10.140931914661,
    11.16430891518,12.14467057154,13.086344664582,13.924748692612,
    14.803128326675,15.653911875236,16.480955579096,17.226763352129,
    18.01856826362,18.796500931648,19.563479607115,20.264226339274,
    21.01815180319,21.769388657233,22.52071176954,23.216717634111,
    23.975961822176,24.743348723341,25.521634699363,26.252131546642,
    27.05917145937,27.885262969361,28.733262670931,29.538010575103,
    30.436403024908,31.365465694071,32.327889352555,33.24854348335,
    34.284117952136,35.363069228966,36.489379128657,37.574802555564,
    38.804527640271,40.095153684953,41.452119030183,42.768727723412,
    44.27040892768,45.857339500188,47.985194622019),.UNSPECIFIED.);
#4450 = CARTESIAN_POINT('',(-0.335416214168,-47.90287275858,0.));
#4451 = CARTESIAN_POINT('',(0.145739777095,-47.72152678048,0.));
#4452 = CARTESIAN_POINT('',(1.104944648769,-47.3810582187,0.));
#4453 = CARTESIAN_POINT('',(2.446738780639,-46.78705030413,0.));
#4454 = CARTESIAN_POINT('',(3.65750232001,-46.18286657993,0.));
#4455 = CARTESIAN_POINT('',(4.7688132512,-45.55324577906,0.));
#4456 = CARTESIAN_POINT('',(5.789469971861,-44.90472346321,0.));
#4457 = CARTESIAN_POINT('',(6.750044636727,-44.21964461326,0.));
#4458 = CARTESIAN_POINT('',(7.606383702515,-43.53702475504,0.));
#4459 = CARTESIAN_POINT('',(8.387865955494,-42.84524925174,0.));
#4460 = CARTESIAN_POINT('',(9.099735072949,-42.14669963335,0.));
#4461 = CARTESIAN_POINT('',(9.762999144593,-41.42219270825,0.));
#4462 = CARTESIAN_POINT('',(10.347642387601,-40.71104574919,0.));
#4463 = CARTESIAN_POINT('',(10.874200062054,-39.9979511642,0.));
#4464 = CARTESIAN_POINT('',(11.348976384167,-39.28518593247,0.));
#4465 = CARTESIAN_POINT('',(11.775832705287,-38.54746837938,0.));
#4466 = CARTESIAN_POINT('',(12.168840709947,-37.84149197764,0.));
#4467 = CARTESIAN_POINT('',(12.517519153062,-37.13418670505,0.));
#4468 = CARTESIAN_POINT('',(12.823145319859,-36.42504114747,0.));
#4469 = CARTESIAN_POINT('',(13.093366400649,-35.69412487506,0.));
#4470 = CARTESIAN_POINT('',(13.315565197779,-34.97893986311,0.));
#4471 = CARTESIAN_POINT('',(13.499133217606,-34.26120777737,0.));
#4472 = CARTESIAN_POINT('',(13.644983969184,-33.54015942124,0.));
#4473 = CARTESIAN_POINT('',(13.754998685904,-32.79573619126,0.));
#4474 = CARTESIAN_POINT('',(13.823723060706,-32.06576163248,0.));
#4475 = CARTESIAN_POINT('',(13.855409098127,-31.33063744047,0.));
#4476 = CARTESIAN_POINT('',(13.849689594164,-30.58942999473,0.));
#4477 = CARTESIAN_POINT('',(13.803215608635,-29.82217752709,0.));
#4478 = CARTESIAN_POINT('',(13.717440594872,-29.06795860474,0.));
#4479 = CARTESIAN_POINT('',(13.591457389856,-28.30606828333,0.));
#4480 = CARTESIAN_POINT('',(13.423628787131,-27.5358968277,0.));
#4481 = CARTESIAN_POINT('',(13.205193290616,-26.73782281142,0.));
#4482 = CARTESIAN_POINT('',(12.945224313287,-25.95311449652,0.));
#4483 = CARTESIAN_POINT('',(12.637581678017,-25.15993359338,0.));
#4484 = CARTESIAN_POINT('',(12.27764215746,-24.35945306813,0.));
#4485 = CARTESIAN_POINT('',(11.857689283964,-23.52893058708,0.));
#4486 = CARTESIAN_POINT('',(11.368840284593,-22.72824722028,0.));
#4487 = CARTESIAN_POINT('',(10.825742283839,-21.92078115204,0.));
#4488 = CARTESIAN_POINT('',(10.217168126169,-21.111868439,0.));
#4489 = CARTESIAN_POINT('',(9.522789275278,-20.28368648774,0.));
#4490 = CARTESIAN_POINT('',(8.77369521168,-19.48168164264,0.));
#4491 = CARTESIAN_POINT('',(7.948214253156,-18.68441403777,0.));
#4492 = CARTESIAN_POINT('',(7.041406886402,-17.89481181025,0.));
#4493 = CARTESIAN_POINT('',(6.020854635498,-17.09994413958,0.));
#4494 = CARTESIAN_POINT('',(4.939478705887,-16.34318627456,0.));
#4495 = CARTESIAN_POINT('',(3.743761538072,-15.61245975654,0.));
#4496 = CARTESIAN_POINT('',(2.51551802004,-14.88235371954,0.));
#4497 = CARTESIAN_POINT('',(0.688458099837,-14.21528706017,0.));
#4498 = CARTESIAN_POINT('',(0.379251758756,-13.45457178035,0.));
#4499 = CARTESIAN_POINT('',(-0.341274439722,-12.63007766603,0.));
#4500 = VECTOR('',#4501,1.);
#4501 = DIRECTION('',(0.,0.,-1.));
#4502 = DEFINITIONAL_REPRESENTATION('',(#4503),#4507);
#4503 = LINE('',#4504,#4505);
#4504 = CARTESIAN_POINT('',(0.,0.));
#4505 = VECTOR('',#4506,1.);
#4506 = DIRECTION('',(1.,0.));
#4507 = ( GEOMETRIC_REPRESENTATION_CONTEXT(2) 
PARAMETRIC_REPRESENTATION_CONTEXT() REPRESENTATION_CONTEXT('2D SPACE',''
  ) );
#4508 = ORIENTED_EDGE('',*,*,#4509,.F.);
#4509 = EDGE_CURVE('',#4092,#4339,#4510,.T.);
#4510 = SURFACE_CURVE('',#4511,(#4515,#4522),.PCURVE_S1.);
#4511 = LINE('',#4512,#4513);
#4512 = CARTESIAN_POINT('',(0.335416214167,-49.89712724141,0.));
#4513 = VECTOR('',#4514,1.);
#4514 = DIRECTION('',(-0.318827663653,0.947812703486,0.));
#4515 = PCURVE('',#31,#4516);
#4516 = DEFINITIONAL_REPRESENTATION('',(#4517),#4521);
#4517 = LINE('',#4518,#4519);
#4518 = CARTESIAN_POINT('',(0.335416214167,-49.89712724141));
#4519 = VECTOR('',#4520,1.);
#4520 = DIRECTION('',(-0.318827663653,0.947812703486));
#4521 = ( GEOMETRIC_REPRESENTATION_CONTEXT(2) 
PARAMETRIC_REPRESENTATION_CONTEXT() REPRESENTATION_CONTEXT('2D SPACE',''
  ) );
#4522 = PCURVE('',#4523,#4528);
#4523 = PLANE('',#4524);
#4524 = AXIS2_PLACEMENT_3D('',#4525,#4526,#4527);
#4525 = CARTESIAN_POINT('',(0.335416214167,-49.89712724141,0.));
#4526 = DIRECTION('',(-0.947812703486,-0.318827663653,0.));
#4527 = DIRECTION('',(-0.318827663653,0.947812703486,0.));
#4528 = DEFINITIONAL_REPRESENTATION('',(#4529),#4533);
#4529 = LINE('',#4530,#4531);
#4530 = CARTESIAN_POINT('',(0.,0.));
#4531 = VECTOR('',#4532,1.);
#4532 = DIRECTION('',(1.,0.));
#4533 = ( GEOMETRIC_REPRESENTATION_CONTEXT(2) 
PARAMETRIC_REPRESENTATION_CONTEXT() REPRESENTATION_CONTEXT('2D SPACE',''
  ) );
#4534 = FACE_BOUND('',#4535,.F.);
#4535 = EDGE_LOOP('',(#4536,#4567,#4756,#4785,#4956));
#4536 = ORIENTED_EDGE('',*,*,#4537,.F.);
#4537 = EDGE_CURVE('',#4538,#4540,#4542,.T.);
#4538 = VERTEX_POINT('',#4539);
#4539 = CARTESIAN_POINT('',(3.267824487333,-48.79068889778,0.));
#4540 = VERTEX_POINT('',#4541);
#4541 = CARTESIAN_POINT('',(24.450000000002,-42.34864224505,0.));
#4542 = SURFACE_CURVE('',#4543,(#4548,#4555),.PCURVE_S1.);
#4543 = CIRCLE('',#4544,48.9);
#4544 = AXIS2_PLACEMENT_3D('',#4545,#4546,#4547);
#4545 = CARTESIAN_POINT('',(2.376054908382E-13,1.705302565824E-15,0.));
#4546 = DIRECTION('',(0.,0.,1.));
#4547 = DIRECTION('',(1.,0.,0.));
#4548 = PCURVE('',#31,#4549);
#4549 = DEFINITIONAL_REPRESENTATION('',(#4550),#4554);
#4550 = CIRCLE('',#4551,48.9);
#4551 = AXIS2_PLACEMENT_2D('',#4552,#4553);
#4552 = CARTESIAN_POINT('',(2.384668704492E-13,1.793046571939E-15));
#4553 = DIRECTION('',(1.,0.));
#4554 = ( GEOMETRIC_REPRESENTATION_CONTEXT(2) 
PARAMETRIC_REPRESENTATION_CONTEXT() REPRESENTATION_CONTEXT('2D SPACE',''
  ) );
#4555 = PCURVE('',#4556,#4561);
#4556 = CYLINDRICAL_SURFACE('',#4557,48.9);
#4557 = AXIS2_PLACEMENT_3D('',#4558,#4559,#4560);
#4558 = CARTESIAN_POINT('',(2.376054908382E-13,1.705302565824E-15,0.));
#4559 = DIRECTION('',(-0.,-0.,-1.));
#4560 = DIRECTION('',(1.,0.,0.));
#4561 = DEFINITIONAL_REPRESENTATION('',(#4562),#4566);
#4562 = LINE('',#4563,#4564);
#4563 = CARTESIAN_POINT('',(-0.,0.));
#4564 = VECTOR('',#4565,1.);
#4565 = DIRECTION('',(-1.,0.));
#4566 = ( GEOMETRIC_REPRESENTATION_CONTEXT(2) 
PARAMETRIC_REPRESENTATION_CONTEXT() REPRESENTATION_CONTEXT('2D SPACE',''
  ) );
#4567 = ORIENTED_EDGE('',*,*,#4568,.F.);
#4568 = EDGE_CURVE('',#4569,#4538,#4571,.T.);
#4569 = VERTEX_POINT('',#4570);
#4570 = CARTESIAN_POINT('',(2.069156628226,-12.5303068936,0.));
#4571 = SURFACE_CURVE('',#4572,(#4629,#4689),.PCURVE_S1.);
#4572 = B_SPLINE_CURVE_WITH_KNOTS('',3,(#4573,#4574,#4575,#4576,#4577,
    #4578,#4579,#4580,#4581,#4582,#4583,#4584,#4585,#4586,#4587,#4588,
    #4589,#4590,#4591,#4592,#4593,#4594,#4595,#4596,#4597,#4598,#4599,
    #4600,#4601,#4602,#4603,#4604,#4605,#4606,#4607,#4608,#4609,#4610,
    #4611,#4612,#4613,#4614,#4615,#4616,#4617,#4618,#4619,#4620,#4621,
    #4622,#4623,#4624,#4625,#4626,#4627,#4628),.UNSPECIFIED.,.F.,.F.,(4,
    1,1,1,1,1,1,1,1,1,1,1,1,1,1,1,1,1,1,1,1,1,1,1,1,1,1,1,1,1,1,1,1,1,1,
    1,1,1,1,1,1,1,1,1,1,1,1,3,3,4),(0.,2.252840378147,3.947251251067,
    5.556769293497,6.973069313182,8.438034201878,9.836527608945,
    11.173881028628,12.358378394578,13.591674823614,14.777241775145,
    15.919070127373,16.937511191725,18.005608061592,19.040905950925,
    20.046909447572,20.952226144232,21.910527049393,22.848343890734,
    23.768545277515,24.604779330967,25.498993387072,26.383732766176,
    27.261734369083,28.068590979197,28.941306811933,29.815275751476,
    30.69326112534,31.509705745874,32.403313623746,33.30925058782,
    34.230483702873,35.097084585268,36.056205964867,37.039089037922,
    38.048588577934,39.007142758039,40.077976938895,41.186386250524,
    42.336589601129,43.439334281668,44.68291297016,45.982505886097,
    47.343769408886,48.660381123787,50.157957971193,51.73669345799,
    51.75772326206,53.205564838504,53.402350377676),.UNSPECIFIED.);
#4573 = CARTESIAN_POINT('',(0.337011246639,-10.77077634969,0.));
#4574 = CARTESIAN_POINT('',(0.868368079761,-11.33425650874,0.));
#4575 = CARTESIAN_POINT('',(1.594695028954,-12.481520456,0.));
#4576 = CARTESIAN_POINT('',(3.417371363885,-13.08522998536,0.));
#4577 = CARTESIAN_POINT('',(4.760909926385,-13.89157988815,0.));
#4578 = CARTESIAN_POINT('',(6.040553117913,-14.67197056934,0.));
#4579 = CARTESIAN_POINT('',(7.209641509072,-15.49050173669,0.));
#4580 = CARTESIAN_POINT('',(8.314872257293,-16.35136094025,0.));
#4581 = CARTESIAN_POINT('',(9.300848826366,-17.2099923665,0.));
#4582 = CARTESIAN_POINT('',(10.201528885292,-18.07993614757,0.));
#4583 = CARTESIAN_POINT('',(11.021705800206,-18.95822327014,0.));
#4584 = CARTESIAN_POINT('',(11.784790893793,-19.86805889134,0.));
#4585 = CARTESIAN_POINT('',(12.454866356867,-20.76020025805,0.));
#4586 = CARTESIAN_POINT('',(13.058080252671,-21.65201140263,0.));
#4587 = CARTESIAN_POINT('',(13.591226399692,-22.54603400743,0.));
#4588 = CARTESIAN_POINT('',(14.096769420693,-23.45120232947,0.));
#4589 = CARTESIAN_POINT('',(14.524388211359,-24.33608127323,0.));
#4590 = CARTESIAN_POINT('',(14.898032791558,-25.21697408361,0.));
#4591 = CARTESIAN_POINT('',(15.218551798071,-26.09453961965,0.));
#4592 = CARTESIAN_POINT('',(15.494026106705,-26.99242811084,0.));
#4593 = CARTESIAN_POINT('',(15.711990675572,-27.86409819599,0.));
#4594 = CARTESIAN_POINT('',(15.882722500945,-28.73133866953,0.));
#4595 = CARTESIAN_POINT('',(16.007660766926,-29.59448339479,0.));
#4596 = CARTESIAN_POINT('',(16.088199164525,-30.47687386385,0.));
#4597 = CARTESIAN_POINT('',(16.120970218775,-31.33318465992,0.));
#4598 = CARTESIAN_POINT('',(16.110288564227,-32.18596960929,0.));
#4599 = CARTESIAN_POINT('',(16.05640934548,-33.03584711152,0.));
#4600 = CARTESIAN_POINT('',(15.954968578932,-33.90524236288,0.));
#4601 = CARTESIAN_POINT('',(15.810896846784,-34.74957762033,0.));
#4602 = CARTESIAN_POINT('',(15.622726201542,-35.59182398718,0.));
#4603 = CARTESIAN_POINT('',(15.389481478152,-36.43247772945,0.));
#4604 = CARTESIAN_POINT('',(15.101057544989,-37.29275322658,0.));
#4605 = CARTESIAN_POINT('',(14.770813436604,-38.12822725838,0.));
#4606 = CARTESIAN_POINT('',(14.391470378993,-38.9618800611,0.));
#4607 = CARTESIAN_POINT('',(13.959734077163,-39.79359800151,0.));
#4608 = CARTESIAN_POINT('',(13.433973479075,-40.62609428351,0.));
#4609 = CARTESIAN_POINT('',(12.872022070645,-41.43377378894,0.));
#4610 = CARTESIAN_POINT('',(12.249644182846,-42.23357976818,0.));
#4611 = CARTESIAN_POINT('',(11.565984023667,-43.02576835982,0.));
#4612 = CARTESIAN_POINT('',(10.796528818873,-43.82633227571,0.));
#4613 = CARTESIAN_POINT('',(9.977843726103,-44.59185597836,0.));
#4614 = CARTESIAN_POINT('',(9.085743792799,-45.34355701022,0.));
#4615 = CARTESIAN_POINT('',(8.119510857322,-46.07736448137,0.));
#4616 = CARTESIAN_POINT('',(7.03098900828,-46.8112570567,0.));
#4617 = CARTESIAN_POINT('',(5.935287919124,-47.48115698306,0.));
#4618 = CARTESIAN_POINT('',(4.552393988828,-48.19229788785,0.));
#4619 = CARTESIAN_POINT('',(3.89107517787,-48.58219745347,0.));
#4620 = CARTESIAN_POINT('',(1.154996954994,-49.60020053364,0.));
#4621 = CARTESIAN_POINT('',(1.927696154043,-49.34075847899,0.));
#4622 = CARTESIAN_POINT('',(1.938209297319,-49.33722008755,0.));
#4623 = CARTESIAN_POINT('',(1.938209296072,-49.33722008799,0.));
#4624 = CARTESIAN_POINT('',(1.938209294826,-49.33722008843,0.));
#4625 = CARTESIAN_POINT('',(1.938209293579,-49.33722008887,0.));
#4626 = CARTESIAN_POINT('',(1.512378099413,-49.48582637197,0.));
#4627 = CARTESIAN_POINT('',(0.984162908972,-49.67032849957,0.));
#4628 = CARTESIAN_POINT('',(0.335416214167,-49.89712724141,0.));
#4629 = PCURVE('',#31,#4630);
#4630 = DEFINITIONAL_REPRESENTATION('',(#4631),#4688);
#4631 = B_SPLINE_CURVE_WITH_KNOTS('',3,(#4632,#4633,#4634,#4635,#4636,
    #4637,#4638,#4639,#4640,#4641,#4642,#4643,#4644,#4645,#4646,#4647,
    #4648,#4649,#4650,#4651,#4652,#4653,#4654,#4655,#4656,#4657,#4658,
    #4659,#4660,#4661,#4662,#4663,#4664,#4665,#4666,#4667,#4668,#4669,
    #4670,#4671,#4672,#4673,#4674,#4675,#4676,#4677,#4678,#4679,#4680,
    #4681,#4682,#4683,#4684,#4685,#4686,#4687),.UNSPECIFIED.,.F.,.F.,(4,
    1,1,1,1,1,1,1,1,1,1,1,1,1,1,1,1,1,1,1,1,1,1,1,1,1,1,1,1,1,1,1,1,1,1,
    1,1,1,1,1,1,1,1,1,1,1,1,3,3,4),(0.,2.252840378147,3.947251251067,
    5.556769293497,6.973069313182,8.438034201878,9.836527608945,
    11.173881028628,12.358378394578,13.591674823614,14.777241775145,
    15.919070127373,16.937511191725,18.005608061592,19.040905950925,
    20.046909447572,20.952226144232,21.910527049393,22.848343890734,
    23.768545277515,24.604779330967,25.498993387072,26.383732766176,
    27.261734369083,28.068590979197,28.941306811933,29.815275751476,
    30.69326112534,31.509705745874,32.403313623746,33.30925058782,
    34.230483702873,35.097084585268,36.056205964867,37.039089037922,
    38.048588577934,39.007142758039,40.077976938895,41.186386250524,
    42.336589601129,43.439334281668,44.68291297016,45.982505886097,
    47.343769408886,48.660381123787,50.157957971193,51.73669345799,
    51.75772326206,53.205564838504,53.402350377676),.UNSPECIFIED.);
#4632 = CARTESIAN_POINT('',(0.337011246639,-10.77077634969));
#4633 = CARTESIAN_POINT('',(0.868368079761,-11.33425650874));
#4634 = CARTESIAN_POINT('',(1.594695028954,-12.481520456));
#4635 = CARTESIAN_POINT('',(3.417371363885,-13.08522998536));
#4636 = CARTESIAN_POINT('',(4.760909926385,-13.89157988815));
#4637 = CARTESIAN_POINT('',(6.040553117913,-14.67197056934));
#4638 = CARTESIAN_POINT('',(7.209641509072,-15.49050173669));
#4639 = CARTESIAN_POINT('',(8.314872257293,-16.35136094025));
#4640 = CARTESIAN_POINT('',(9.300848826366,-17.2099923665));
#4641 = CARTESIAN_POINT('',(10.201528885292,-18.07993614757));
#4642 = CARTESIAN_POINT('',(11.021705800206,-18.95822327014));
#4643 = CARTESIAN_POINT('',(11.784790893793,-19.86805889134));
#4644 = CARTESIAN_POINT('',(12.454866356867,-20.76020025805));
#4645 = CARTESIAN_POINT('',(13.058080252671,-21.65201140263));
#4646 = CARTESIAN_POINT('',(13.591226399692,-22.54603400743));
#4647 = CARTESIAN_POINT('',(14.096769420693,-23.45120232947));
#4648 = CARTESIAN_POINT('',(14.524388211359,-24.33608127323));
#4649 = CARTESIAN_POINT('',(14.898032791558,-25.21697408361));
#4650 = CARTESIAN_POINT('',(15.218551798071,-26.09453961965));
#4651 = CARTESIAN_POINT('',(15.494026106705,-26.99242811084));
#4652 = CARTESIAN_POINT('',(15.711990675572,-27.86409819599));
#4653 = CARTESIAN_POINT('',(15.882722500945,-28.73133866953));
#4654 = CARTESIAN_POINT('',(16.007660766926,-29.59448339479));
#4655 = CARTESIAN_POINT('',(16.088199164525,-30.47687386385));
#4656 = CARTESIAN_POINT('',(16.120970218775,-31.33318465992));
#4657 = CARTESIAN_POINT('',(16.110288564227,-32.18596960929));
#4658 = CARTESIAN_POINT('',(16.05640934548,-33.03584711152));
#4659 = CARTESIAN_POINT('',(15.954968578932,-33.90524236288));
#4660 = CARTESIAN_POINT('',(15.810896846784,-34.74957762033));
#4661 = CARTESIAN_POINT('',(15.622726201542,-35.59182398718));
#4662 = CARTESIAN_POINT('',(15.389481478152,-36.43247772945));
#4663 = CARTESIAN_POINT('',(15.101057544989,-37.29275322658));
#4664 = CARTESIAN_POINT('',(14.770813436604,-38.12822725838));
#4665 = CARTESIAN_POINT('',(14.391470378993,-38.9618800611));
#4666 = CARTESIAN_POINT('',(13.959734077163,-39.79359800151));
#4667 = CARTESIAN_POINT('',(13.433973479075,-40.62609428351));
#4668 = CARTESIAN_POINT('',(12.872022070645,-41.43377378894));
#4669 = CARTESIAN_POINT('',(12.249644182846,-42.23357976818));
#4670 = CARTESIAN_POINT('',(11.565984023667,-43.02576835982));
#4671 = CARTESIAN_POINT('',(10.796528818873,-43.82633227571));
#4672 = CARTESIAN_POINT('',(9.977843726103,-44.59185597836));
#4673 = CARTESIAN_POINT('',(9.085743792799,-45.34355701022));
#4674 = CARTESIAN_POINT('',(8.119510857322,-46.07736448137));
#4675 = CARTESIAN_POINT('',(7.03098900828,-46.8112570567));
#4676 = CARTESIAN_POINT('',(5.935287919124,-47.48115698306));
#4677 = CARTESIAN_POINT('',(4.552393988828,-48.19229788785));
#4678 = CARTESIAN_POINT('',(3.89107517787,-48.58219745347));
#4679 = CARTESIAN_POINT('',(1.154996954994,-49.60020053364));
#4680 = CARTESIAN_POINT('',(1.927696154043,-49.34075847899));
#4681 = CARTESIAN_POINT('',(1.938209297319,-49.33722008755));
#4682 = CARTESIAN_POINT('',(1.938209296072,-49.33722008799));
#4683 = CARTESIAN_POINT('',(1.938209294826,-49.33722008843));
#4684 = CARTESIAN_POINT('',(1.938209293579,-49.33722008887));
#4685 = CARTESIAN_POINT('',(1.512378099413,-49.48582637197));
#4686 = CARTESIAN_POINT('',(0.984162908972,-49.67032849957));
#4687 = CARTESIAN_POINT('',(0.335416214167,-49.89712724141));
#4688 = ( GEOMETRIC_REPRESENTATION_CONTEXT(2) 
PARAMETRIC_REPRESENTATION_CONTEXT() REPRESENTATION_CONTEXT('2D SPACE',''
  ) );
#4689 = PCURVE('',#4690,#4750);
#4690 = SURFACE_OF_LINEAR_EXTRUSION('',#4691,#4748);
#4691 = B_SPLINE_CURVE_WITH_KNOTS('',3,(#4692,#4693,#4694,#4695,#4696,
    #4697,#4698,#4699,#4700,#4701,#4702,#4703,#4704,#4705,#4706,#4707,
    #4708,#4709,#4710,#4711,#4712,#4713,#4714,#4715,#4716,#4717,#4718,
    #4719,#4720,#4721,#4722,#4723,#4724,#4725,#4726,#4727,#4728,#4729,
    #4730,#4731,#4732,#4733,#4734,#4735,#4736,#4737,#4738,#4739,#4740,
    #4741,#4742,#4743,#4744,#4745,#4746,#4747),.UNSPECIFIED.,.F.,.F.,(4,
    1,1,1,1,1,1,1,1,1,1,1,1,1,1,1,1,1,1,1,1,1,1,1,1,1,1,1,1,1,1,1,1,1,1,
    1,1,1,1,1,1,1,1,1,1,1,1,3,3,4),(0.,2.252840378147,3.947251251067,
    5.556769293497,6.973069313182,8.438034201878,9.836527608945,
    11.173881028628,12.358378394578,13.591674823614,14.777241775145,
    15.919070127373,16.937511191725,18.005608061592,19.040905950925,
    20.046909447572,20.952226144232,21.910527049393,22.848343890734,
    23.768545277515,24.604779330967,25.498993387072,26.383732766176,
    27.261734369083,28.068590979197,28.941306811933,29.815275751476,
    30.69326112534,31.509705745874,32.403313623746,33.30925058782,
    34.230483702873,35.097084585268,36.056205964867,37.039089037922,
    38.048588577934,39.007142758039,40.077976938895,41.186386250524,
    42.336589601129,43.439334281668,44.68291297016,45.982505886097,
    47.343769408886,48.660381123787,50.157957971193,51.73669345799,
    51.75772326206,53.205564838504,53.402350377676),.UNSPECIFIED.);
#4692 = CARTESIAN_POINT('',(0.337011246639,-10.77077634969,0.));
#4693 = CARTESIAN_POINT('',(0.868368079761,-11.33425650874,0.));
#4694 = CARTESIAN_POINT('',(1.594695028954,-12.481520456,0.));
#4695 = CARTESIAN_POINT('',(3.417371363885,-13.08522998536,0.));
#4696 = CARTESIAN_POINT('',(4.760909926385,-13.89157988815,0.));
#4697 = CARTESIAN_POINT('',(6.040553117913,-14.67197056934,0.));
#4698 = CARTESIAN_POINT('',(7.209641509072,-15.49050173669,0.));
#4699 = CARTESIAN_POINT('',(8.314872257293,-16.35136094025,0.));
#4700 = CARTESIAN_POINT('',(9.300848826366,-17.2099923665,0.));
#4701 = CARTESIAN_POINT('',(10.201528885292,-18.07993614757,0.));
#4702 = CARTESIAN_POINT('',(11.021705800206,-18.95822327014,0.));
#4703 = CARTESIAN_POINT('',(11.784790893793,-19.86805889134,0.));
#4704 = CARTESIAN_POINT('',(12.454866356867,-20.76020025805,0.));
#4705 = CARTESIAN_POINT('',(13.058080252671,-21.65201140263,0.));
#4706 = CARTESIAN_POINT('',(13.591226399692,-22.54603400743,0.));
#4707 = CARTESIAN_POINT('',(14.096769420693,-23.45120232947,0.));
#4708 = CARTESIAN_POINT('',(14.524388211359,-24.33608127323,0.));
#4709 = CARTESIAN_POINT('',(14.898032791558,-25.21697408361,0.));
#4710 = CARTESIAN_POINT('',(15.218551798071,-26.09453961965,0.));
#4711 = CARTESIAN_POINT('',(15.494026106705,-26.99242811084,0.));
#4712 = CARTESIAN_POINT('',(15.711990675572,-27.86409819599,0.));
#4713 = CARTESIAN_POINT('',(15.882722500945,-28.73133866953,0.));
#4714 = CARTESIAN_POINT('',(16.007660766926,-29.59448339479,0.));
#4715 = CARTESIAN_POINT('',(16.088199164525,-30.47687386385,0.));
#4716 = CARTESIAN_POINT('',(16.120970218775,-31.33318465992,0.));
#4717 = CARTESIAN_POINT('',(16.110288564227,-32.18596960929,0.));
#4718 = CARTESIAN_POINT('',(16.05640934548,-33.03584711152,0.));
#4719 = CARTESIAN_POINT('',(15.954968578932,-33.90524236288,0.));
#4720 = CARTESIAN_POINT('',(15.810896846784,-34.74957762033,0.));
#4721 = CARTESIAN_POINT('',(15.622726201542,-35.59182398718,0.));
#4722 = CARTESIAN_POINT('',(15.389481478152,-36.43247772945,0.));
#4723 = CARTESIAN_POINT('',(15.101057544989,-37.29275322658,0.));
#4724 = CARTESIAN_POINT('',(14.770813436604,-38.12822725838,0.));
#4725 = CARTESIAN_POINT('',(14.391470378993,-38.9618800611,0.));
#4726 = CARTESIAN_POINT('',(13.959734077163,-39.79359800151,0.));
#4727 = CARTESIAN_POINT('',(13.433973479075,-40.62609428351,0.));
#4728 = CARTESIAN_POINT('',(12.872022070645,-41.43377378894,0.));
#4729 = CARTESIAN_POINT('',(12.249644182846,-42.23357976818,0.));
#4730 = CARTESIAN_POINT('',(11.565984023667,-43.02576835982,0.));
#4731 = CARTESIAN_POINT('',(10.796528818873,-43.82633227571,0.));
#4732 = CARTESIAN_POINT('',(9.977843726103,-44.59185597836,0.));
#4733 = CARTESIAN_POINT('',(9.085743792799,-45.34355701022,0.));
#4734 = CARTESIAN_POINT('',(8.119510857322,-46.07736448137,0.));
#4735 = CARTESIAN_POINT('',(7.03098900828,-46.8112570567,0.));
#4736 = CARTESIAN_POINT('',(5.935287919124,-47.48115698306,0.));
#4737 = CARTESIAN_POINT('',(4.552393988828,-48.19229788785,0.));
#4738 = CARTESIAN_POINT('',(3.89107517787,-48.58219745347,0.));
#4739 = CARTESIAN_POINT('',(1.154996954994,-49.60020053364,0.));
#4740 = CARTESIAN_POINT('',(1.927696154043,-49.34075847899,0.));
#4741 = CARTESIAN_POINT('',(1.938209297319,-49.33722008755,0.));
#4742 = CARTESIAN_POINT('',(1.938209296072,-49.33722008799,0.));
#4743 = CARTESIAN_POINT('',(1.938209294826,-49.33722008843,0.));
#4744 = CARTESIAN_POINT('',(1.938209293579,-49.33722008887,0.));
#4745 = CARTESIAN_POINT('',(1.512378099413,-49.48582637197,0.));
#4746 = CARTESIAN_POINT('',(0.984162908972,-49.67032849957,0.));
#4747 = CARTESIAN_POINT('',(0.335416214167,-49.89712724141,0.));
#4748 = VECTOR('',#4749,1.);
#4749 = DIRECTION('',(0.,0.,-1.));
#4750 = DEFINITIONAL_REPRESENTATION('',(#4751),#4755);
#4751 = LINE('',#4752,#4753);
#4752 = CARTESIAN_POINT('',(0.,0.));
#4753 = VECTOR('',#4754,1.);
#4754 = DIRECTION('',(1.,0.));
#4755 = ( GEOMETRIC_REPRESENTATION_CONTEXT(2) 
PARAMETRIC_REPRESENTATION_CONTEXT() REPRESENTATION_CONTEXT('2D SPACE',''
  ) );
#4756 = ORIENTED_EDGE('',*,*,#4757,.T.);
#4757 = EDGE_CURVE('',#4569,#4758,#4760,.T.);
#4758 = VERTEX_POINT('',#4759);
#4759 = CARTESIAN_POINT('',(6.103007624955,-11.13747269041,0.));
#4760 = SURFACE_CURVE('',#4761,(#4766,#4773),.PCURVE_S1.);
#4761 = CIRCLE('',#4762,12.7);
#4762 = AXIS2_PLACEMENT_3D('',#4763,#4764,#4765);
#4763 = CARTESIAN_POINT('',(0.,0.,0.));
#4764 = DIRECTION('',(0.,0.,1.));
#4765 = DIRECTION('',(1.,0.,0.));
#4766 = PCURVE('',#31,#4767);
#4767 = DEFINITIONAL_REPRESENTATION('',(#4768),#4772);
#4768 = CIRCLE('',#4769,12.7);
#4769 = AXIS2_PLACEMENT_2D('',#4770,#4771);
#4770 = CARTESIAN_POINT('',(8.613796110485E-16,8.774400611482E-17));
#4771 = DIRECTION('',(1.,0.));
#4772 = ( GEOMETRIC_REPRESENTATION_CONTEXT(2) 
PARAMETRIC_REPRESENTATION_CONTEXT() REPRESENTATION_CONTEXT('2D SPACE',''
  ) );
#4773 = PCURVE('',#4774,#4779);
#4774 = CYLINDRICAL_SURFACE('',#4775,12.7);
#4775 = AXIS2_PLACEMENT_3D('',#4776,#4777,#4778);
#4776 = CARTESIAN_POINT('',(0.,0.,0.));
#4777 = DIRECTION('',(-0.,-0.,-1.));
#4778 = DIRECTION('',(1.,0.,0.));
#4779 = DEFINITIONAL_REPRESENTATION('',(#4780),#4784);
#4780 = LINE('',#4781,#4782);
#4781 = CARTESIAN_POINT('',(-0.,0.));
#4782 = VECTOR('',#4783,1.);
#4783 = DIRECTION('',(-1.,0.));
#4784 = ( GEOMETRIC_REPRESENTATION_CONTEXT(2) 
PARAMETRIC_REPRESENTATION_CONTEXT() REPRESENTATION_CONTEXT('2D SPACE',''
  ) );
#4785 = ORIENTED_EDGE('',*,*,#4786,.F.);
#4786 = EDGE_CURVE('',#4787,#4758,#4789,.T.);
#4787 = VERTEX_POINT('',#4788);
#4788 = CARTESIAN_POINT('',(23.660957416984,-41.65281283027,0.));
#4789 = SURFACE_CURVE('',#4790,(#4841,#4895),.PCURVE_S1.);
#4790 = B_SPLINE_CURVE_WITH_KNOTS('',3,(#4791,#4792,#4793,#4794,#4795,
    #4796,#4797,#4798,#4799,#4800,#4801,#4802,#4803,#4804,#4805,#4806,
    #4807,#4808,#4809,#4810,#4811,#4812,#4813,#4814,#4815,#4816,#4817,
    #4818,#4819,#4820,#4821,#4822,#4823,#4824,#4825,#4826,#4827,#4828,
    #4829,#4830,#4831,#4832,#4833,#4834,#4835,#4836,#4837,#4838,#4839,
    #4840),.UNSPECIFIED.,.F.,.F.,(4,1,1,1,1,1,1,1,1,1,1,1,1,1,1,1,1,1,1,
    1,1,1,1,1,1,1,1,1,1,1,1,1,1,1,1,1,1,1,1,1,1,1,1,1,1,1,1,4),(0.,
    1.560399863547,3.026493159763,4.408519816062,5.616164948135,
    6.857176517943,8.034500324617,9.154049078322,10.140931914661,
    11.16430891518,12.14467057154,13.086344664582,13.924748692612,
    14.803128326675,15.653911875236,16.480955579096,17.226763352129,
    18.01856826362,18.796500931648,19.563479607115,20.264226339274,
    21.01815180319,21.769388657233,22.52071176954,23.216717634111,
    23.975961822176,24.743348723341,25.521634699363,26.252131546642,
    27.05917145937,27.885262969361,28.733262670931,29.538010575103,
    30.436403024908,31.365465694071,32.327889352555,33.24854348335,
    34.284117952136,35.363069228966,36.489379128657,37.574802555564,
    38.804527640271,40.095153684953,41.452119030183,42.768727723412,
    44.27040892768,45.857339500188,47.985194622019),.UNSPECIFIED.);
#4791 = CARTESIAN_POINT('',(23.660957416984,-41.65281283027,0.));
#4792 = CARTESIAN_POINT('',(23.986977739547,-41.25518461072,0.));
#4793 = CARTESIAN_POINT('',(24.647439244962,-40.4807277512,0.));
#4794 = CARTESIAN_POINT('',(25.512463092525,-39.2954047412,0.));
#4795 = CARTESIAN_POINT('',(26.258923213498,-38.1667845178,0.));
#4796 = CARTESIAN_POINT('',(26.906536310976,-37.0658614439,0.));
#4797 = CARTESIAN_POINT('',(27.466189801686,-35.99389628312,0.));
#4798 = CARTESIAN_POINT('',(27.955532438715,-34.92031326304,0.));
#4799 = CARTESIAN_POINT('',(28.355833894832,-33.9009775918,0.));
#4800 = CARTESIAN_POINT('',(28.686729626871,-32.91114130574,0.));
#4801 = CARTESIAN_POINT('',(28.953951557558,-31.95024503168,0.));
#4802 = CARTESIAN_POINT('',(29.166101630473,-30.99117159351,0.));
#4803 = CARTESIAN_POINT('',(29.316844051535,-30.08297863963,0.));
#4804 = CARTESIAN_POINT('',(29.416309081675,-29.2021417765,0.));
#4805 = CARTESIAN_POINT('',(29.471094821878,-28.34748081783,0.));
#4806 = CARTESIAN_POINT('',(29.471904463189,-27.49517051548,0.));
#4807 = CARTESIAN_POINT('',(29.459271178242,-26.68727301477,0.));
#4808 = CARTESIAN_POINT('',(29.407582931439,-25.90038945892,0.));
#4809 = CARTESIAN_POINT('',(29.317690177153,-25.13343830767,0.));
#4810 = CARTESIAN_POINT('',(29.18625036155,-24.36533570733,0.));
#4811 = CARTESIAN_POINT('',(29.021087658584,-23.63486792002,0.));
#4812 = CARTESIAN_POINT('',(28.821196184205,-22.92150969074,0.));
#4813 = CARTESIAN_POINT('',(28.586982462167,-22.22413812118,0.));
#4814 = CARTESIAN_POINT('',(28.310046386649,-21.5244413345,0.));
#4815 = CARTESIAN_POINT('',(28.004576161695,-20.85790263507,0.));
#4816 = CARTESIAN_POINT('',(27.664454979041,-20.20542339114,0.));
#4817 = CARTESIAN_POINT('',(27.288898020441,-19.56637866564,0.));
#4818 = CARTESIAN_POINT('',(26.865024134539,-18.92515553031,0.));
#4819 = CARTESIAN_POINT('',(26.413631332436,-18.31487029042,0.));
#4820 = CARTESIAN_POINT('',(25.923581515736,-17.71804551969,0.));
#4821 = CARTESIAN_POINT('',(25.393151954479,-17.13497177521,0.));
#4822 = CARTESIAN_POINT('',(24.804944257267,-16.55303715126,0.));
#4823 = CARTESIAN_POINT('',(24.187450361256,-16.00344430467,0.));
#4824 = CARTESIAN_POINT('',(23.524433572258,-15.47035081039,0.));
#4825 = CARTESIAN_POINT('',(22.812476541002,-14.95708410056,0.));
#4826 = CARTESIAN_POINT('',(22.033525443636,-14.44780697031,0.));
#4827 = CARTESIAN_POINT('',(21.209828108167,-13.99881933396,0.));
#4828 = CARTESIAN_POINT('',(20.335758408651,-13.57108220655,0.));
#4829 = CARTESIAN_POINT('',(19.404261371499,-13.17483032644,0.));
#4830 = CARTESIAN_POINT('',(18.388820671147,-12.80479314314,0.));
#4831 = CARTESIAN_POINT('',(17.339083759699,-12.48478360513,0.));
#4832 = CARTESIAN_POINT('',(16.225562476844,-12.20707008496,0.));
#4833 = CARTESIAN_POINT('',(15.045443147135,-11.97665818042,0.));
#4834 = CARTESIAN_POINT('',(13.764185136625,-11.79855871042,0.));
#4835 = CARTESIAN_POINT('',(12.449307178031,-11.6838751396,0.));
#4836 = CARTESIAN_POINT('',(11.048422475955,-11.64890599569,0.));
#4837 = CARTESIAN_POINT('',(9.619679368803,-11.6307373792,0.));
#4838 = CARTESIAN_POINT('',(7.703865733988,-11.96657066628,0.));
#4839 = CARTESIAN_POINT('',(7.055727547691,-11.46237507945,0.));
#4840 = CARTESIAN_POINT('',(6.019486498557,-11.10860533041,0.));
#4841 = PCURVE('',#31,#4842);
#4842 = DEFINITIONAL_REPRESENTATION('',(#4843),#4894);
#4843 = B_SPLINE_CURVE_WITH_KNOTS('',3,(#4844,#4845,#4846,#4847,#4848,
    #4849,#4850,#4851,#4852,#4853,#4854,#4855,#4856,#4857,#4858,#4859,
    #4860,#4861,#4862,#4863,#4864,#4865,#4866,#4867,#4868,#4869,#4870,
    #4871,#4872,#4873,#4874,#4875,#4876,#4877,#4878,#4879,#4880,#4881,
    #4882,#4883,#4884,#4885,#4886,#4887,#4888,#4889,#4890,#4891,#4892,
    #4893),.UNSPECIFIED.,.F.,.F.,(4,1,1,1,1,1,1,1,1,1,1,1,1,1,1,1,1,1,1,
    1,1,1,1,1,1,1,1,1,1,1,1,1,1,1,1,1,1,1,1,1,1,1,1,1,1,1,1,4),(0.,
    1.560399863547,3.026493159763,4.408519816062,5.616164948135,
    6.857176517943,8.034500324617,9.154049078322,10.140931914661,
    11.16430891518,12.14467057154,13.086344664582,13.924748692612,
    14.803128326675,15.653911875236,16.480955579096,17.226763352129,
    18.01856826362,18.796500931648,19.563479607115,20.264226339274,
    21.01815180319,21.769388657233,22.52071176954,23.216717634111,
    23.975961822176,24.743348723341,25.521634699363,26.252131546642,
    27.05917145937,27.885262969361,28.733262670931,29.538010575103,
    30.436403024908,31.365465694071,32.327889352555,33.24854348335,
    34.284117952136,35.363069228966,36.489379128657,37.574802555564,
    38.804527640271,40.095153684953,41.452119030183,42.768727723412,
    44.27040892768,45.857339500188,47.985194622019),.UNSPECIFIED.);
#4844 = CARTESIAN_POINT('',(23.660957416984,-41.65281283027));
#4845 = CARTESIAN_POINT('',(23.986977739547,-41.25518461072));
#4846 = CARTESIAN_POINT('',(24.647439244962,-40.4807277512));
#4847 = CARTESIAN_POINT('',(25.512463092525,-39.2954047412));
#4848 = CARTESIAN_POINT('',(26.258923213498,-38.1667845178));
#4849 = CARTESIAN_POINT('',(26.906536310976,-37.0658614439));
#4850 = CARTESIAN_POINT('',(27.466189801686,-35.99389628312));
#4851 = CARTESIAN_POINT('',(27.955532438715,-34.92031326304));
#4852 = CARTESIAN_POINT('',(28.355833894832,-33.9009775918));
#4853 = CARTESIAN_POINT('',(28.686729626871,-32.91114130574));
#4854 = CARTESIAN_POINT('',(28.953951557558,-31.95024503168));
#4855 = CARTESIAN_POINT('',(29.166101630473,-30.99117159351));
#4856 = CARTESIAN_POINT('',(29.316844051535,-30.08297863963));
#4857 = CARTESIAN_POINT('',(29.416309081675,-29.2021417765));
#4858 = CARTESIAN_POINT('',(29.471094821878,-28.34748081783));
#4859 = CARTESIAN_POINT('',(29.471904463189,-27.49517051548));
#4860 = CARTESIAN_POINT('',(29.459271178242,-26.68727301477));
#4861 = CARTESIAN_POINT('',(29.407582931439,-25.90038945892));
#4862 = CARTESIAN_POINT('',(29.317690177153,-25.13343830767));
#4863 = CARTESIAN_POINT('',(29.18625036155,-24.36533570733));
#4864 = CARTESIAN_POINT('',(29.021087658584,-23.63486792002));
#4865 = CARTESIAN_POINT('',(28.821196184205,-22.92150969074));
#4866 = CARTESIAN_POINT('',(28.586982462167,-22.22413812118));
#4867 = CARTESIAN_POINT('',(28.310046386649,-21.5244413345));
#4868 = CARTESIAN_POINT('',(28.004576161695,-20.85790263507));
#4869 = CARTESIAN_POINT('',(27.664454979041,-20.20542339114));
#4870 = CARTESIAN_POINT('',(27.288898020441,-19.56637866564));
#4871 = CARTESIAN_POINT('',(26.865024134539,-18.92515553031));
#4872 = CARTESIAN_POINT('',(26.413631332436,-18.31487029042));
#4873 = CARTESIAN_POINT('',(25.923581515736,-17.71804551969));
#4874 = CARTESIAN_POINT('',(25.393151954479,-17.13497177521));
#4875 = CARTESIAN_POINT('',(24.804944257267,-16.55303715126));
#4876 = CARTESIAN_POINT('',(24.187450361256,-16.00344430467));
#4877 = CARTESIAN_POINT('',(23.524433572258,-15.47035081039));
#4878 = CARTESIAN_POINT('',(22.812476541002,-14.95708410056));
#4879 = CARTESIAN_POINT('',(22.033525443636,-14.44780697031));
#4880 = CARTESIAN_POINT('',(21.209828108167,-13.99881933396));
#4881 = CARTESIAN_POINT('',(20.335758408651,-13.57108220655));
#4882 = CARTESIAN_POINT('',(19.404261371499,-13.17483032644));
#4883 = CARTESIAN_POINT('',(18.388820671147,-12.80479314314));
#4884 = CARTESIAN_POINT('',(17.339083759699,-12.48478360513));
#4885 = CARTESIAN_POINT('',(16.225562476844,-12.20707008496));
#4886 = CARTESIAN_POINT('',(15.045443147135,-11.97665818042));
#4887 = CARTESIAN_POINT('',(13.764185136625,-11.79855871042));
#4888 = CARTESIAN_POINT('',(12.449307178031,-11.6838751396));
#4889 = CARTESIAN_POINT('',(11.048422475955,-11.64890599569));
#4890 = CARTESIAN_POINT('',(9.619679368803,-11.6307373792));
#4891 = CARTESIAN_POINT('',(7.703865733988,-11.96657066628));
#4892 = CARTESIAN_POINT('',(7.055727547691,-11.46237507945));
#4893 = CARTESIAN_POINT('',(6.019486498557,-11.10860533041));
#4894 = ( GEOMETRIC_REPRESENTATION_CONTEXT(2) 
PARAMETRIC_REPRESENTATION_CONTEXT() REPRESENTATION_CONTEXT('2D SPACE',''
  ) );
#4895 = PCURVE('',#4896,#4950);
#4896 = SURFACE_OF_LINEAR_EXTRUSION('',#4897,#4948);
#4897 = B_SPLINE_CURVE_WITH_KNOTS('',3,(#4898,#4899,#4900,#4901,#4902,
    #4903,#4904,#4905,#4906,#4907,#4908,#4909,#4910,#4911,#4912,#4913,
    #4914,#4915,#4916,#4917,#4918,#4919,#4920,#4921,#4922,#4923,#4924,
    #4925,#4926,#4927,#4928,#4929,#4930,#4931,#4932,#4933,#4934,#4935,
    #4936,#4937,#4938,#4939,#4940,#4941,#4942,#4943,#4944,#4945,#4946,
    #4947),.UNSPECIFIED.,.F.,.F.,(4,1,1,1,1,1,1,1,1,1,1,1,1,1,1,1,1,1,1,
    1,1,1,1,1,1,1,1,1,1,1,1,1,1,1,1,1,1,1,1,1,1,1,1,1,1,1,1,4),(0.,
    1.560399863547,3.026493159763,4.408519816062,5.616164948135,
    6.857176517943,8.034500324617,9.154049078322,10.140931914661,
    11.16430891518,12.14467057154,13.086344664582,13.924748692612,
    14.803128326675,15.653911875236,16.480955579096,17.226763352129,
    18.01856826362,18.796500931648,19.563479607115,20.264226339274,
    21.01815180319,21.769388657233,22.52071176954,23.216717634111,
    23.975961822176,24.743348723341,25.521634699363,26.252131546642,
    27.05917145937,27.885262969361,28.733262670931,29.538010575103,
    30.436403024908,31.365465694071,32.327889352555,33.24854348335,
    34.284117952136,35.363069228966,36.489379128657,37.574802555564,
    38.804527640271,40.095153684953,41.452119030183,42.768727723412,
    44.27040892768,45.857339500188,47.985194622019),.UNSPECIFIED.);
#4898 = CARTESIAN_POINT('',(23.660957416984,-41.65281283027,0.));
#4899 = CARTESIAN_POINT('',(23.986977739547,-41.25518461072,0.));
#4900 = CARTESIAN_POINT('',(24.647439244962,-40.4807277512,0.));
#4901 = CARTESIAN_POINT('',(25.512463092525,-39.2954047412,0.));
#4902 = CARTESIAN_POINT('',(26.258923213498,-38.1667845178,0.));
#4903 = CARTESIAN_POINT('',(26.906536310976,-37.0658614439,0.));
#4904 = CARTESIAN_POINT('',(27.466189801686,-35.99389628312,0.));
#4905 = CARTESIAN_POINT('',(27.955532438715,-34.92031326304,0.));
#4906 = CARTESIAN_POINT('',(28.355833894832,-33.9009775918,0.));
#4907 = CARTESIAN_POINT('',(28.686729626871,-32.91114130574,0.));
#4908 = CARTESIAN_POINT('',(28.953951557558,-31.95024503168,0.));
#4909 = CARTESIAN_POINT('',(29.166101630473,-30.99117159351,0.));
#4910 = CARTESIAN_POINT('',(29.316844051535,-30.08297863963,0.));
#4911 = CARTESIAN_POINT('',(29.416309081675,-29.2021417765,0.));
#4912 = CARTESIAN_POINT('',(29.471094821878,-28.34748081783,0.));
#4913 = CARTESIAN_POINT('',(29.471904463189,-27.49517051548,0.));
#4914 = CARTESIAN_POINT('',(29.459271178242,-26.68727301477,0.));
#4915 = CARTESIAN_POINT('',(29.407582931439,-25.90038945892,0.));
#4916 = CARTESIAN_POINT('',(29.317690177153,-25.13343830767,0.));
#4917 = CARTESIAN_POINT('',(29.18625036155,-24.36533570733,0.));
#4918 = CARTESIAN_POINT('',(29.021087658584,-23.63486792002,0.));
#4919 = CARTESIAN_POINT('',(28.821196184205,-22.92150969074,0.));
#4920 = CARTESIAN_POINT('',(28.586982462167,-22.22413812118,0.));
#4921 = CARTESIAN_POINT('',(28.310046386649,-21.5244413345,0.));
#4922 = CARTESIAN_POINT('',(28.004576161695,-20.85790263507,0.));
#4923 = CARTESIAN_POINT('',(27.664454979041,-20.20542339114,0.));
#4924 = CARTESIAN_POINT('',(27.288898020441,-19.56637866564,0.));
#4925 = CARTESIAN_POINT('',(26.865024134539,-18.92515553031,0.));
#4926 = CARTESIAN_POINT('',(26.413631332436,-18.31487029042,0.));
#4927 = CARTESIAN_POINT('',(25.923581515736,-17.71804551969,0.));
#4928 = CARTESIAN_POINT('',(25.393151954479,-17.13497177521,0.));
#4929 = CARTESIAN_POINT('',(24.804944257267,-16.55303715126,0.));
#4930 = CARTESIAN_POINT('',(24.187450361256,-16.00344430467,0.));
#4931 = CARTESIAN_POINT('',(23.524433572258,-15.47035081039,0.));
#4932 = CARTESIAN_POINT('',(22.812476541002,-14.95708410056,0.));
#4933 = CARTESIAN_POINT('',(22.033525443636,-14.44780697031,0.));
#4934 = CARTESIAN_POINT('',(21.209828108167,-13.99881933396,0.));
#4935 = CARTESIAN_POINT('',(20.335758408651,-13.57108220655,0.));
#4936 = CARTESIAN_POINT('',(19.404261371499,-13.17483032644,0.));
#4937 = CARTESIAN_POINT('',(18.388820671147,-12.80479314314,0.));
#4938 = CARTESIAN_POINT('',(17.339083759699,-12.48478360513,0.));
#4939 = CARTESIAN_POINT('',(16.225562476844,-12.20707008496,0.));
#4940 = CARTESIAN_POINT('',(15.045443147135,-11.97665818042,0.));
#4941 = CARTESIAN_POINT('',(13.764185136625,-11.79855871042,0.));
#4942 = CARTESIAN_POINT('',(12.449307178031,-11.6838751396,0.));
#4943 = CARTESIAN_POINT('',(11.048422475955,-11.64890599569,0.));
#4944 = CARTESIAN_POINT('',(9.619679368803,-11.6307373792,0.));
#4945 = CARTESIAN_POINT('',(7.703865733988,-11.96657066628,0.));
#4946 = CARTESIAN_POINT('',(7.055727547691,-11.46237507945,0.));
#4947 = CARTESIAN_POINT('',(6.019486498557,-11.10860533041,0.));
#4948 = VECTOR('',#4949,1.);
#4949 = DIRECTION('',(-0.,0.,-1.));
#4950 = DEFINITIONAL_REPRESENTATION('',(#4951),#4955);
#4951 = LINE('',#4952,#4953);
#4952 = CARTESIAN_POINT('',(0.,0.));
#4953 = VECTOR('',#4954,1.);
#4954 = DIRECTION('',(1.,0.));
#4955 = ( GEOMETRIC_REPRESENTATION_CONTEXT(2) 
PARAMETRIC_REPRESENTATION_CONTEXT() REPRESENTATION_CONTEXT('2D SPACE',''
  ) );
#4956 = ORIENTED_EDGE('',*,*,#4957,.F.);
#4957 = EDGE_CURVE('',#4540,#4787,#4958,.T.);
#4958 = SURFACE_CURVE('',#4959,(#4963,#4970),.PCURVE_S1.);
#4959 = LINE('',#4960,#4961);
#4960 = CARTESIAN_POINT('',(25.239042583016,-43.04447165984,0.));
#4961 = VECTOR('',#4962,1.);
#4962 = DIRECTION('',(-0.750019207895,0.661416047422,0.));
#4963 = PCURVE('',#31,#4964);
#4964 = DEFINITIONAL_REPRESENTATION('',(#4965),#4969);
#4965 = LINE('',#4966,#4967);
#4966 = CARTESIAN_POINT('',(25.239042583016,-43.04447165984));
#4967 = VECTOR('',#4968,1.);
#4968 = DIRECTION('',(-0.750019207895,0.661416047422));
#4969 = ( GEOMETRIC_REPRESENTATION_CONTEXT(2) 
PARAMETRIC_REPRESENTATION_CONTEXT() REPRESENTATION_CONTEXT('2D SPACE',''
  ) );
#4970 = PCURVE('',#4971,#4976);
#4971 = PLANE('',#4972);
#4972 = AXIS2_PLACEMENT_3D('',#4973,#4974,#4975);
#4973 = CARTESIAN_POINT('',(25.239042583016,-43.04447165984,0.));
#4974 = DIRECTION('',(-0.661416047422,-0.750019207895,0.));
#4975 = DIRECTION('',(-0.750019207895,0.661416047422,0.));
#4976 = DEFINITIONAL_REPRESENTATION('',(#4977),#4981);
#4977 = LINE('',#4978,#4979);
#4978 = CARTESIAN_POINT('',(0.,0.));
#4979 = VECTOR('',#4980,1.);
#4980 = DIRECTION('',(1.,-0.));
#4981 = ( GEOMETRIC_REPRESENTATION_CONTEXT(2) 
PARAMETRIC_REPRESENTATION_CONTEXT() REPRESENTATION_CONTEXT('2D SPACE',''
  ) );
#4982 = FACE_BOUND('',#4983,.F.);
#4983 = EDGE_LOOP('',(#4984,#5015,#5204,#5233,#5404));
#4984 = ORIENTED_EDGE('',*,*,#4985,.F.);
#4985 = EDGE_CURVE('',#4986,#4988,#4990,.T.);
#4986 = VERTEX_POINT('',#4987);
#4987 = CARTESIAN_POINT('',(27.22536347003,-40.62006380995,0.));
#4988 = VERTEX_POINT('',#4989);
#4989 = CARTESIAN_POINT('',(42.348642245059,-24.45,0.));
#4990 = SURFACE_CURVE('',#4991,(#4996,#5003),.PCURVE_S1.);
#4991 = CIRCLE('',#4992,48.9);
#4992 = AXIS2_PLACEMENT_3D('',#4993,#4994,#4995);
#4993 = CARTESIAN_POINT('',(2.376054908382E-13,1.705302565824E-15,0.));
#4994 = DIRECTION('',(0.,0.,1.));
#4995 = DIRECTION('',(1.,0.,0.));
#4996 = PCURVE('',#31,#4997);
#4997 = DEFINITIONAL_REPRESENTATION('',(#4998),#5002);
#4998 = CIRCLE('',#4999,48.9);
#4999 = AXIS2_PLACEMENT_2D('',#5000,#5001);
#5000 = CARTESIAN_POINT('',(2.384668704492E-13,1.793046571939E-15));
#5001 = DIRECTION('',(1.,0.));
#5002 = ( GEOMETRIC_REPRESENTATION_CONTEXT(2) 
PARAMETRIC_REPRESENTATION_CONTEXT() REPRESENTATION_CONTEXT('2D SPACE',''
  ) );
#5003 = PCURVE('',#5004,#5009);
#5004 = CYLINDRICAL_SURFACE('',#5005,48.9);
#5005 = AXIS2_PLACEMENT_3D('',#5006,#5007,#5008);
#5006 = CARTESIAN_POINT('',(2.376054908382E-13,1.705302565824E-15,0.));
#5007 = DIRECTION('',(-0.,-0.,-1.));
#5008 = DIRECTION('',(1.,0.,0.));
#5009 = DEFINITIONAL_REPRESENTATION('',(#5010),#5014);
#5010 = LINE('',#5011,#5012);
#5011 = CARTESIAN_POINT('',(-0.,0.));
#5012 = VECTOR('',#5013,1.);
#5013 = DIRECTION('',(-1.,0.));
#5014 = ( GEOMETRIC_REPRESENTATION_CONTEXT(2) 
PARAMETRIC_REPRESENTATION_CONTEXT() REPRESENTATION_CONTEXT('2D SPACE',''
  ) );
#5015 = ORIENTED_EDGE('',*,*,#5016,.F.);
#5016 = EDGE_CURVE('',#5017,#4986,#5019,.T.);
#5017 = VERTEX_POINT('',#5018);
#5018 = CARTESIAN_POINT('',(8.057095651254,-9.816985772962,0.));
#5019 = SURFACE_CURVE('',#5020,(#5077,#5137),.PCURVE_S1.);
#5020 = B_SPLINE_CURVE_WITH_KNOTS('',3,(#5021,#5022,#5023,#5024,#5025,
    #5026,#5027,#5028,#5029,#5030,#5031,#5032,#5033,#5034,#5035,#5036,
    #5037,#5038,#5039,#5040,#5041,#5042,#5043,#5044,#5045,#5046,#5047,
    #5048,#5049,#5050,#5051,#5052,#5053,#5054,#5055,#5056,#5057,#5058,
    #5059,#5060,#5061,#5062,#5063,#5064,#5065,#5066,#5067,#5068,#5069,
    #5070,#5071,#5072,#5073,#5074,#5075,#5076),.UNSPECIFIED.,.F.,.F.,(4,
    1,1,1,1,1,1,1,1,1,1,1,1,1,1,1,1,1,1,1,1,1,1,1,1,1,1,1,1,1,1,1,1,1,1,
    1,1,1,1,1,1,1,1,1,1,1,1,3,3,4),(0.,2.252840378147,3.947251251067,
    5.556769293497,6.973069313182,8.438034201878,9.836527608945,
    11.173881028628,12.358378394578,13.591674823614,14.777241775145,
    15.919070127373,16.937511191725,18.005608061592,19.040905950925,
    20.046909447572,20.952226144232,21.910527049393,22.848343890734,
    23.768545277515,24.604779330967,25.498993387072,26.383732766176,
    27.261734369083,28.068590979197,28.941306811933,29.815275751476,
    30.69326112534,31.509705745874,32.403313623746,33.30925058782,
    34.230483702873,35.097084585268,36.056205964867,37.039089037922,
    38.048588577934,39.007142758039,40.077976938895,41.186386250524,
    42.336589601129,43.439334281668,44.68291297016,45.982505886097,
    47.343769408886,48.660381123787,50.157957971193,51.73669345799,
    51.75772326206,53.205564838504,53.402350377676),.UNSPECIFIED.);
#5021 = CARTESIAN_POINT('',(5.677248475798,-9.159260313996,0.));
#5022 = CARTESIAN_POINT('',(6.419157071282,-9.381570029705,0.));
#5023 = CARTESIAN_POINT('',(7.621806634367,-10.01196627828,0.));
#5024 = CARTESIAN_POINT('',(9.502145407973,-9.623455899746,0.));
#5025 = CARTESIAN_POINT('',(11.068858885456,-9.65000611865,0.));
#5026 = CARTESIAN_POINT('',(12.567257737692,-9.68602267767,0.));
#5027 = CARTESIAN_POINT('',(13.988983567382,-9.810347266808,0.));
#5028 = CARTESIAN_POINT('',(15.376571074163,-10.00325783205,0.));
#5029 = CARTESIAN_POINT('',(16.659767543645,-10.25386617514,0.));
#5030 = CARTESIAN_POINT('',(17.87475124589,-10.55691955995,0.));
#5031 = CARTESIAN_POINT('',(19.024188851089,-10.90745006245,0.));
#5032 = CARTESIAN_POINT('',(20.139957737987,-11.31384827689,0.));
#5033 = CARTESIAN_POINT('',(21.166330794815,-11.75142763269,0.));
#5034 = CARTESIAN_POINT('',(22.134634924786,-12.22215179137,0.));
#5035 = CARTESIAN_POINT('',(23.043364334437,-12.72982500518,0.));
#5036 = CARTESIAN_POINT('',(23.933761594348,-13.26095225626,0.));
#5037 = CARTESIAN_POINT('',(24.746529802081,-13.8134705055,0.));
#5038 = CARTESIAN_POINT('',(25.510561905712,-14.3895237672,0.));
#5039 = CARTESIAN_POINT('',(26.226922275766,-14.98925831164,0.));
#5040 = CARTESIAN_POINT('',(26.914434270727,-15.62911540046,0.));
#5041 = CARTESIAN_POINT('',(27.539032167065,-16.27502155348,0.));
#5042 = CARTESIAN_POINT('',(28.120510501845,-16.94070792207,0.));
#5043 = CARTESIAN_POINT('',(28.660282576718,-17.6257440483,0.));
#5044 = CARTESIAN_POINT('',(29.171226109552,-18.34964741177,0.));
#5045 = CARTESIAN_POINT('',(29.627762073074,-19.07484878757,0.));
#5046 = CARTESIAN_POINT('',(30.044903963568,-19.81872304497,0.));
#5047 = CARTESIAN_POINT('',(30.423181942508,-20.58167816137,0.));
#5048 = CARTESIAN_POINT('',(30.770029287382,-21.38531691826,0.));
#5049 = CARTESIAN_POINT('',(31.067427136097,-22.18856856659,0.));
#5050 = CARTESIAN_POINT('',(31.325589760495,-23.01206063915,0.));
#5051 = CARTESIAN_POINT('',(31.543920775878,-23.85671049744,0.));
#5052 = CARTESIAN_POINT('',(31.724276071262,-24.74594289878,0.));
#5053 = CARTESIAN_POINT('',(31.856013299852,-25.63460668872,0.));
#5054 = CARTESIAN_POINT('',(31.944318976572,-26.54624272262,0.));
#5055 = CARTESIAN_POINT('',(31.986283341658,-27.48239973872,0.));
#5056 = CARTESIAN_POINT('',(31.947209448402,-28.46624296652,0.));
#5057 = CARTESIAN_POINT('',(31.864385005727,-29.44668964056,0.));
#5058 = CARTESIAN_POINT('',(31.725292933757,-30.45053088058,0.));
#5059 = CARTESIAN_POINT('',(31.52932016417,-31.47841640511,0.));
#5060 = CARTESIAN_POINT('',(31.263234367691,-32.55645269602,0.));
#5061 = CARTESIAN_POINT('',(30.936994130978,-33.6287582161,0.));
#5062 = CARTESIAN_POINT('',(30.540263441951,-34.7258003724,0.));
#5063 = CARTESIAN_POINT('',(30.07038490943,-35.84441275164,0.));
#5064 = CARTESIAN_POINT('',(29.494643623252,-37.02424329005,0.));
#5065 = CARTESIAN_POINT('',(28.880688608268,-38.15224418884,0.));
#5066 = CARTESIAN_POINT('',(28.038637786285,-39.45955724321,0.));
#5067 = CARTESIAN_POINT('',(27.660868678807,-40.12787957744,0.));
#5068 = CARTESIAN_POINT('',(25.800356971142,-42.37753521744,0.));
#5069 = CARTESIAN_POINT('',(26.339813079676,-41.76650220778,0.));
#5070 = CARTESIAN_POINT('',(26.347148533107,-41.75818129926,0.));
#5071 = CARTESIAN_POINT('',(26.347148532247,-41.75818130027,0.));
#5072 = CARTESIAN_POINT('',(26.347148531388,-41.75818130127,0.));
#5073 = CARTESIAN_POINT('',(26.347148530528,-41.75818130228,0.));
#5074 = CARTESIAN_POINT('',(26.052671040204,-42.09979371568,0.));
#5075 = CARTESIAN_POINT('',(25.687474330418,-42.52368484046,0.));
#5076 = CARTESIAN_POINT('',(25.239042583016,-43.04447165984,0.));
#5077 = PCURVE('',#31,#5078);
#5078 = DEFINITIONAL_REPRESENTATION('',(#5079),#5136);
#5079 = B_SPLINE_CURVE_WITH_KNOTS('',3,(#5080,#5081,#5082,#5083,#5084,
    #5085,#5086,#5087,#5088,#5089,#5090,#5091,#5092,#5093,#5094,#5095,
    #5096,#5097,#5098,#5099,#5100,#5101,#5102,#5103,#5104,#5105,#5106,
    #5107,#5108,#5109,#5110,#5111,#5112,#5113,#5114,#5115,#5116,#5117,
    #5118,#5119,#5120,#5121,#5122,#5123,#5124,#5125,#5126,#5127,#5128,
    #5129,#5130,#5131,#5132,#5133,#5134,#5135),.UNSPECIFIED.,.F.,.F.,(4,
    1,1,1,1,1,1,1,1,1,1,1,1,1,1,1,1,1,1,1,1,1,1,1,1,1,1,1,1,1,1,1,1,1,1,
    1,1,1,1,1,1,1,1,1,1,1,1,3,3,4),(0.,2.252840378147,3.947251251067,
    5.556769293497,6.973069313182,8.438034201878,9.836527608945,
    11.173881028628,12.358378394578,13.591674823614,14.777241775145,
    15.919070127373,16.937511191725,18.005608061592,19.040905950925,
    20.046909447572,20.952226144232,21.910527049393,22.848343890734,
    23.768545277515,24.604779330967,25.498993387072,26.383732766176,
    27.261734369083,28.068590979197,28.941306811933,29.815275751476,
    30.69326112534,31.509705745874,32.403313623746,33.30925058782,
    34.230483702873,35.097084585268,36.056205964867,37.039089037922,
    38.048588577934,39.007142758039,40.077976938895,41.186386250524,
    42.336589601129,43.439334281668,44.68291297016,45.982505886097,
    47.343769408886,48.660381123787,50.157957971193,51.73669345799,
    51.75772326206,53.205564838504,53.402350377676),.UNSPECIFIED.);
#5080 = CARTESIAN_POINT('',(5.677248475798,-9.159260313996));
#5081 = CARTESIAN_POINT('',(6.419157071282,-9.381570029705));
#5082 = CARTESIAN_POINT('',(7.621806634367,-10.01196627828));
#5083 = CARTESIAN_POINT('',(9.502145407973,-9.623455899746));
#5084 = CARTESIAN_POINT('',(11.068858885456,-9.65000611865));
#5085 = CARTESIAN_POINT('',(12.567257737692,-9.68602267767));
#5086 = CARTESIAN_POINT('',(13.988983567382,-9.810347266808));
#5087 = CARTESIAN_POINT('',(15.376571074163,-10.00325783205));
#5088 = CARTESIAN_POINT('',(16.659767543645,-10.25386617514));
#5089 = CARTESIAN_POINT('',(17.87475124589,-10.55691955995));
#5090 = CARTESIAN_POINT('',(19.024188851089,-10.90745006245));
#5091 = CARTESIAN_POINT('',(20.139957737987,-11.31384827689));
#5092 = CARTESIAN_POINT('',(21.166330794815,-11.75142763269));
#5093 = CARTESIAN_POINT('',(22.134634924786,-12.22215179137));
#5094 = CARTESIAN_POINT('',(23.043364334437,-12.72982500518));
#5095 = CARTESIAN_POINT('',(23.933761594348,-13.26095225626));
#5096 = CARTESIAN_POINT('',(24.746529802081,-13.8134705055));
#5097 = CARTESIAN_POINT('',(25.510561905712,-14.3895237672));
#5098 = CARTESIAN_POINT('',(26.226922275766,-14.98925831164));
#5099 = CARTESIAN_POINT('',(26.914434270727,-15.62911540046));
#5100 = CARTESIAN_POINT('',(27.539032167065,-16.27502155348));
#5101 = CARTESIAN_POINT('',(28.120510501845,-16.94070792207));
#5102 = CARTESIAN_POINT('',(28.660282576718,-17.6257440483));
#5103 = CARTESIAN_POINT('',(29.171226109552,-18.34964741177));
#5104 = CARTESIAN_POINT('',(29.627762073074,-19.07484878757));
#5105 = CARTESIAN_POINT('',(30.044903963568,-19.81872304497));
#5106 = CARTESIAN_POINT('',(30.423181942508,-20.58167816137));
#5107 = CARTESIAN_POINT('',(30.770029287382,-21.38531691826));
#5108 = CARTESIAN_POINT('',(31.067427136097,-22.18856856659));
#5109 = CARTESIAN_POINT('',(31.325589760495,-23.01206063915));
#5110 = CARTESIAN_POINT('',(31.543920775878,-23.85671049744));
#5111 = CARTESIAN_POINT('',(31.724276071262,-24.74594289878));
#5112 = CARTESIAN_POINT('',(31.856013299852,-25.63460668872));
#5113 = CARTESIAN_POINT('',(31.944318976572,-26.54624272262));
#5114 = CARTESIAN_POINT('',(31.986283341658,-27.48239973872));
#5115 = CARTESIAN_POINT('',(31.947209448402,-28.46624296652));
#5116 = CARTESIAN_POINT('',(31.864385005727,-29.44668964056));
#5117 = CARTESIAN_POINT('',(31.725292933757,-30.45053088058));
#5118 = CARTESIAN_POINT('',(31.52932016417,-31.47841640511));
#5119 = CARTESIAN_POINT('',(31.263234367691,-32.55645269602));
#5120 = CARTESIAN_POINT('',(30.936994130978,-33.6287582161));
#5121 = CARTESIAN_POINT('',(30.540263441951,-34.7258003724));
#5122 = CARTESIAN_POINT('',(30.07038490943,-35.84441275164));
#5123 = CARTESIAN_POINT('',(29.494643623252,-37.02424329005));
#5124 = CARTESIAN_POINT('',(28.880688608268,-38.15224418884));
#5125 = CARTESIAN_POINT('',(28.038637786285,-39.45955724321));
#5126 = CARTESIAN_POINT('',(27.660868678807,-40.12787957744));
#5127 = CARTESIAN_POINT('',(25.800356971142,-42.37753521744));
#5128 = CARTESIAN_POINT('',(26.339813079676,-41.76650220778));
#5129 = CARTESIAN_POINT('',(26.347148533107,-41.75818129926));
#5130 = CARTESIAN_POINT('',(26.347148532247,-41.75818130027));
#5131 = CARTESIAN_POINT('',(26.347148531388,-41.75818130127));
#5132 = CARTESIAN_POINT('',(26.347148530528,-41.75818130228));
#5133 = CARTESIAN_POINT('',(26.052671040204,-42.09979371568));
#5134 = CARTESIAN_POINT('',(25.687474330418,-42.52368484046));
#5135 = CARTESIAN_POINT('',(25.239042583016,-43.04447165984));
#5136 = ( GEOMETRIC_REPRESENTATION_CONTEXT(2) 
PARAMETRIC_REPRESENTATION_CONTEXT() REPRESENTATION_CONTEXT('2D SPACE',''
  ) );
#5137 = PCURVE('',#5138,#5198);
#5138 = SURFACE_OF_LINEAR_EXTRUSION('',#5139,#5196);
#5139 = B_SPLINE_CURVE_WITH_KNOTS('',3,(#5140,#5141,#5142,#5143,#5144,
    #5145,#5146,#5147,#5148,#5149,#5150,#5151,#5152,#5153,#5154,#5155,
    #5156,#5157,#5158,#5159,#5160,#5161,#5162,#5163,#5164,#5165,#5166,
    #5167,#5168,#5169,#5170,#5171,#5172,#5173,#5174,#5175,#5176,#5177,
    #5178,#5179,#5180,#5181,#5182,#5183,#5184,#5185,#5186,#5187,#5188,
    #5189,#5190,#5191,#5192,#5193,#5194,#5195),.UNSPECIFIED.,.F.,.F.,(4,
    1,1,1,1,1,1,1,1,1,1,1,1,1,1,1,1,1,1,1,1,1,1,1,1,1,1,1,1,1,1,1,1,1,1,
    1,1,1,1,1,1,1,1,1,1,1,1,3,3,4),(0.,2.252840378147,3.947251251067,
    5.556769293497,6.973069313182,8.438034201878,9.836527608945,
    11.173881028628,12.358378394578,13.591674823614,14.777241775145,
    15.919070127373,16.937511191725,18.005608061592,19.040905950925,
    20.046909447572,20.952226144232,21.910527049393,22.848343890734,
    23.768545277515,24.604779330967,25.498993387072,26.383732766176,
    27.261734369083,28.068590979197,28.941306811933,29.815275751476,
    30.69326112534,31.509705745874,32.403313623746,33.30925058782,
    34.230483702873,35.097084585268,36.056205964867,37.039089037922,
    38.048588577934,39.007142758039,40.077976938895,41.186386250524,
    42.336589601129,43.439334281668,44.68291297016,45.982505886097,
    47.343769408886,48.660381123787,50.157957971193,51.73669345799,
    51.75772326206,53.205564838504,53.402350377676),.UNSPECIFIED.);
#5140 = CARTESIAN_POINT('',(5.677248475798,-9.159260313996,0.));
#5141 = CARTESIAN_POINT('',(6.419157071282,-9.381570029705,0.));
#5142 = CARTESIAN_POINT('',(7.621806634367,-10.01196627828,0.));
#5143 = CARTESIAN_POINT('',(9.502145407973,-9.623455899746,0.));
#5144 = CARTESIAN_POINT('',(11.068858885456,-9.65000611865,0.));
#5145 = CARTESIAN_POINT('',(12.567257737692,-9.68602267767,0.));
#5146 = CARTESIAN_POINT('',(13.988983567382,-9.810347266808,0.));
#5147 = CARTESIAN_POINT('',(15.376571074163,-10.00325783205,0.));
#5148 = CARTESIAN_POINT('',(16.659767543645,-10.25386617514,0.));
#5149 = CARTESIAN_POINT('',(17.87475124589,-10.55691955995,0.));
#5150 = CARTESIAN_POINT('',(19.024188851089,-10.90745006245,0.));
#5151 = CARTESIAN_POINT('',(20.139957737987,-11.31384827689,0.));
#5152 = CARTESIAN_POINT('',(21.166330794815,-11.75142763269,0.));
#5153 = CARTESIAN_POINT('',(22.134634924786,-12.22215179137,0.));
#5154 = CARTESIAN_POINT('',(23.043364334437,-12.72982500518,0.));
#5155 = CARTESIAN_POINT('',(23.933761594348,-13.26095225626,0.));
#5156 = CARTESIAN_POINT('',(24.746529802081,-13.8134705055,0.));
#5157 = CARTESIAN_POINT('',(25.510561905712,-14.3895237672,0.));
#5158 = CARTESIAN_POINT('',(26.226922275766,-14.98925831164,0.));
#5159 = CARTESIAN_POINT('',(26.914434270727,-15.62911540046,0.));
#5160 = CARTESIAN_POINT('',(27.539032167065,-16.27502155348,0.));
#5161 = CARTESIAN_POINT('',(28.120510501845,-16.94070792207,0.));
#5162 = CARTESIAN_POINT('',(28.660282576718,-17.6257440483,0.));
#5163 = CARTESIAN_POINT('',(29.171226109552,-18.34964741177,0.));
#5164 = CARTESIAN_POINT('',(29.627762073074,-19.07484878757,0.));
#5165 = CARTESIAN_POINT('',(30.044903963568,-19.81872304497,0.));
#5166 = CARTESIAN_POINT('',(30.423181942508,-20.58167816137,0.));
#5167 = CARTESIAN_POINT('',(30.770029287382,-21.38531691826,0.));
#5168 = CARTESIAN_POINT('',(31.067427136097,-22.18856856659,0.));
#5169 = CARTESIAN_POINT('',(31.325589760495,-23.01206063915,0.));
#5170 = CARTESIAN_POINT('',(31.543920775878,-23.85671049744,0.));
#5171 = CARTESIAN_POINT('',(31.724276071262,-24.74594289878,0.));
#5172 = CARTESIAN_POINT('',(31.856013299852,-25.63460668872,0.));
#5173 = CARTESIAN_POINT('',(31.944318976572,-26.54624272262,0.));
#5174 = CARTESIAN_POINT('',(31.986283341658,-27.48239973872,0.));
#5175 = CARTESIAN_POINT('',(31.947209448402,-28.46624296652,0.));
#5176 = CARTESIAN_POINT('',(31.864385005727,-29.44668964056,0.));
#5177 = CARTESIAN_POINT('',(31.725292933757,-30.45053088058,0.));
#5178 = CARTESIAN_POINT('',(31.52932016417,-31.47841640511,0.));
#5179 = CARTESIAN_POINT('',(31.263234367691,-32.55645269602,0.));
#5180 = CARTESIAN_POINT('',(30.936994130978,-33.6287582161,0.));
#5181 = CARTESIAN_POINT('',(30.540263441951,-34.7258003724,0.));
#5182 = CARTESIAN_POINT('',(30.07038490943,-35.84441275164,0.));
#5183 = CARTESIAN_POINT('',(29.494643623252,-37.02424329005,0.));
#5184 = CARTESIAN_POINT('',(28.880688608268,-38.15224418884,0.));
#5185 = CARTESIAN_POINT('',(28.038637786285,-39.45955724321,0.));
#5186 = CARTESIAN_POINT('',(27.660868678807,-40.12787957744,0.));
#5187 = CARTESIAN_POINT('',(25.800356971142,-42.37753521744,0.));
#5188 = CARTESIAN_POINT('',(26.339813079676,-41.76650220778,0.));
#5189 = CARTESIAN_POINT('',(26.347148533107,-41.75818129926,0.));
#5190 = CARTESIAN_POINT('',(26.347148532247,-41.75818130027,0.));
#5191 = CARTESIAN_POINT('',(26.347148531388,-41.75818130127,0.));
#5192 = CARTESIAN_POINT('',(26.347148530528,-41.75818130228,0.));
#5193 = CARTESIAN_POINT('',(26.052671040204,-42.09979371568,0.));
#5194 = CARTESIAN_POINT('',(25.687474330418,-42.52368484046,0.));
#5195 = CARTESIAN_POINT('',(25.239042583016,-43.04447165984,0.));
#5196 = VECTOR('',#5197,1.);
#5197 = DIRECTION('',(-0.,0.,-1.));
#5198 = DEFINITIONAL_REPRESENTATION('',(#5199),#5203);
#5199 = LINE('',#5200,#5201);
#5200 = CARTESIAN_POINT('',(0.,0.));
#5201 = VECTOR('',#5202,1.);
#5202 = DIRECTION('',(1.,0.));
#5203 = ( GEOMETRIC_REPRESENTATION_CONTEXT(2) 
PARAMETRIC_REPRESENTATION_CONTEXT() REPRESENTATION_CONTEXT('2D SPACE',''
  ) );
#5204 = ORIENTED_EDGE('',*,*,#5205,.T.);
#5205 = EDGE_CURVE('',#5017,#5206,#5208,.T.);
#5206 = VERTEX_POINT('',#5207);
#5207 = CARTESIAN_POINT('',(10.854095987909,-6.593830471377,0.));
#5208 = SURFACE_CURVE('',#5209,(#5214,#5221),.PCURVE_S1.);
#5209 = CIRCLE('',#5210,12.7);
#5210 = AXIS2_PLACEMENT_3D('',#5211,#5212,#5213);
#5211 = CARTESIAN_POINT('',(0.,0.,0.));
#5212 = DIRECTION('',(0.,0.,1.));
#5213 = DIRECTION('',(1.,0.,0.));
#5214 = PCURVE('',#31,#5215);
#5215 = DEFINITIONAL_REPRESENTATION('',(#5216),#5220);
#5216 = CIRCLE('',#5217,12.7);
#5217 = AXIS2_PLACEMENT_2D('',#5218,#5219);
#5218 = CARTESIAN_POINT('',(8.613796110485E-16,8.774400611482E-17));
#5219 = DIRECTION('',(1.,0.));
#5220 = ( GEOMETRIC_REPRESENTATION_CONTEXT(2) 
PARAMETRIC_REPRESENTATION_CONTEXT() REPRESENTATION_CONTEXT('2D SPACE',''
  ) );
#5221 = PCURVE('',#5222,#5227);
#5222 = CYLINDRICAL_SURFACE('',#5223,12.7);
#5223 = AXIS2_PLACEMENT_3D('',#5224,#5225,#5226);
#5224 = CARTESIAN_POINT('',(0.,0.,0.));
#5225 = DIRECTION('',(-0.,-0.,-1.));
#5226 = DIRECTION('',(1.,0.,0.));
#5227 = DEFINITIONAL_REPRESENTATION('',(#5228),#5232);
#5228 = LINE('',#5229,#5230);
#5229 = CARTESIAN_POINT('',(-0.,0.));
#5230 = VECTOR('',#5231,1.);
#5231 = DIRECTION('',(-1.,0.));
#5232 = ( GEOMETRIC_REPRESENTATION_CONTEXT(2) 
PARAMETRIC_REPRESENTATION_CONTEXT() REPRESENTATION_CONTEXT('2D SPACE',''
  ) );
#5233 = ORIENTED_EDGE('',*,*,#5234,.F.);
#5234 = EDGE_CURVE('',#5235,#5206,#5237,.T.);
#5235 = VERTEX_POINT('',#5236);
#5236 = CARTESIAN_POINT('',(41.317396616108,-24.2419153416,0.));
#5237 = SURFACE_CURVE('',#5238,(#5289,#5343),.PCURVE_S1.);
#5238 = B_SPLINE_CURVE_WITH_KNOTS('',3,(#5239,#5240,#5241,#5242,#5243,
    #5244,#5245,#5246,#5247,#5248,#5249,#5250,#5251,#5252,#5253,#5254,
    #5255,#5256,#5257,#5258,#5259,#5260,#5261,#5262,#5263,#5264,#5265,
    #5266,#5267,#5268,#5269,#5270,#5271,#5272,#5273,#5274,#5275,#5276,
    #5277,#5278,#5279,#5280,#5281,#5282,#5283,#5284,#5285,#5286,#5287,
    #5288),.UNSPECIFIED.,.F.,.F.,(4,1,1,1,1,1,1,1,1,1,1,1,1,1,1,1,1,1,1,
    1,1,1,1,1,1,1,1,1,1,1,1,1,1,1,1,1,1,1,1,1,1,1,1,1,1,1,1,4),(0.,
    1.560399863547,3.026493159763,4.408519816062,5.616164948135,
    6.857176517943,8.034500324617,9.154049078322,10.140931914661,
    11.16430891518,12.14467057154,13.086344664582,13.924748692612,
    14.803128326675,15.653911875236,16.480955579096,17.226763352129,
    18.01856826362,18.796500931648,19.563479607115,20.264226339274,
    21.01815180319,21.769388657233,22.52071176954,23.216717634111,
    23.975961822176,24.743348723341,25.521634699363,26.252131546642,
    27.05917145937,27.885262969361,28.733262670931,29.538010575103,
    30.436403024908,31.365465694071,32.327889352555,33.24854348335,
    34.284117952136,35.363069228966,36.489379128657,37.574802555564,
    38.804527640271,40.095153684953,41.452119030183,42.768727723412,
    44.27040892768,45.857339500188,47.985194622019),.UNSPECIFIED.);
#5239 = CARTESIAN_POINT('',(41.317396616108,-24.2419153416,0.));
#5240 = CARTESIAN_POINT('',(41.400924387824,-23.73454904093,0.));
#5241 = CARTESIAN_POINT('',(41.585672399972,-22.73361897374,0.));
#5242 = CARTESIAN_POINT('',(41.742143521841,-21.27458721161,0.));
#5243 = CARTESIAN_POINT('',(41.824286837819,-19.92394336644,0.));
#5244 = CARTESIAN_POINT('',(41.834674695109,-18.64670946809,0.));
#5245 = CARTESIAN_POINT('',(41.783366254989,-17.43853366152,0.));
#5246 = CARTESIAN_POINT('',(41.670357899767,-16.26411217454,0.));
#5247 = CARTESIAN_POINT('',(41.507361294318,-15.18119086021,0.));
#5248 = CARTESIAN_POINT('',(41.299007261237,-14.15851962487,0.));
#5249 = CARTESIAN_POINT('',(41.049980104629,-13.19274807579,0.));
#5250 = CARTESIAN_POINT('',(40.754170738104,-12.25609107778,0.));
#5251 = CARTESIAN_POINT('',(40.430621027231,-11.39420169765,0.));
#5252 = CARTESIAN_POINT('',(40.076341838557,-10.58164208252,0.));
#5253 = CARTESIAN_POINT('',(39.696457202005,-9.814091110602,0.));
#5254 = CARTESIAN_POINT('',(39.271003220772,-9.0755639162,0.));
#5255 = CARTESIAN_POINT('',(38.856113724717,-8.382220799401,0.));
#5256 = CARTESIAN_POINT('',(38.417908611987,-7.72660377362,0.));
#5257 = CARTESIAN_POINT('',(37.956583627534,-7.107350970319,0.));
#5258 = CARTESIAN_POINT('',(37.458702107982,-6.507874513511,0.));
#5259 = CARTESIAN_POINT('',(36.950433117799,-5.957852204536,0.));
#5260 = CARTESIAN_POINT('',(36.420642908347,-5.440011593171,0.));
#5261 = CARTESIAN_POINT('',(35.86912209037,-4.953176959078,0.));
#5262 = CARTESIAN_POINT('',(35.279440020404,-4.48568980462,0.));
#5263 = CARTESIAN_POINT('',(34.681625695782,-4.06118547079,0.));
#5264 = CARTESIAN_POINT('',(34.060832489273,-3.666182461433,0.));
#5265 = CARTESIAN_POINT('',(33.416068259806,-3.300531974291,0.));
#5266 = CARTESIAN_POINT('',(32.72837113895,-2.957153392555,0.));
#5267 = CARTESIAN_POINT('',(32.032310885301,-2.65432727231,0.));
#5268 = CARTESIAN_POINT('',(31.309502909553,-2.382486767599,0.));
#5269 = CARTESIAN_POINT('',(30.558600562344,-2.142744873225,0.));
#5270 = CARTESIAN_POINT('',(29.758230441885,-1.932878554153,0.));
#5271 = CARTESIAN_POINT('',(28.948668617959,-1.765664135267,0.));
#5272 = CARTESIAN_POINT('',(28.107932488413,-1.635500021131,0.));
#5273 = CARTESIAN_POINT('',(27.234726258028,-1.546976527131,0.));
#5274 = CARTESIAN_POINT('',(26.305496254274,-1.495405143445,0.));
#5275 = CARTESIAN_POINT('',(25.367659618555,-1.518419112116,0.));
#5276 = CARTESIAN_POINT('',(24.396824490391,-1.585022743395,0.));
#5277 = CARTESIAN_POINT('',(23.391998452614,-1.707607067501,0.));
#5278 = CARTESIAN_POINT('',(22.327582418421,-1.894865816593,0.));
#5279 = CARTESIAN_POINT('',(21.258478816811,-2.142597882945,0.));
#5280 = CARTESIAN_POINT('',(20.155284338121,-2.458851560935,0.));
#5281 = CARTESIAN_POINT('',(19.018065066824,-2.849368663121,0.));
#5282 = CARTESIAN_POINT('',(17.819413345921,-3.335759002956,0.));
#5283 = CARTESIAN_POINT('',(16.623353845495,-3.89387909653,0.));
#5284 = CARTESIAN_POINT('',(15.392667533767,-4.564037280591,0.));
#5285 = CARTESIAN_POINT('',(14.146255399249,-5.262674350739,0.));
#5286 = CARTESIAN_POINT('',(12.655028766119,-6.511421326188,0.));
#5287 = CARTESIAN_POINT('',(11.841626838209,-6.398844232666,0.));
#5288 = CARTESIAN_POINT('',(10.767330890697,-6.61059116748,0.));
#5289 = PCURVE('',#31,#5290);
#5290 = DEFINITIONAL_REPRESENTATION('',(#5291),#5342);
#5291 = B_SPLINE_CURVE_WITH_KNOTS('',3,(#5292,#5293,#5294,#5295,#5296,
    #5297,#5298,#5299,#5300,#5301,#5302,#5303,#5304,#5305,#5306,#5307,
    #5308,#5309,#5310,#5311,#5312,#5313,#5314,#5315,#5316,#5317,#5318,
    #5319,#5320,#5321,#5322,#5323,#5324,#5325,#5326,#5327,#5328,#5329,
    #5330,#5331,#5332,#5333,#5334,#5335,#5336,#5337,#5338,#5339,#5340,
    #5341),.UNSPECIFIED.,.F.,.F.,(4,1,1,1,1,1,1,1,1,1,1,1,1,1,1,1,1,1,1,
    1,1,1,1,1,1,1,1,1,1,1,1,1,1,1,1,1,1,1,1,1,1,1,1,1,1,1,1,4),(0.,
    1.560399863547,3.026493159763,4.408519816062,5.616164948135,
    6.857176517943,8.034500324617,9.154049078322,10.140931914661,
    11.16430891518,12.14467057154,13.086344664582,13.924748692612,
    14.803128326675,15.653911875236,16.480955579096,17.226763352129,
    18.01856826362,18.796500931648,19.563479607115,20.264226339274,
    21.01815180319,21.769388657233,22.52071176954,23.216717634111,
    23.975961822176,24.743348723341,25.521634699363,26.252131546642,
    27.05917145937,27.885262969361,28.733262670931,29.538010575103,
    30.436403024908,31.365465694071,32.327889352555,33.24854348335,
    34.284117952136,35.363069228966,36.489379128657,37.574802555564,
    38.804527640271,40.095153684953,41.452119030183,42.768727723412,
    44.27040892768,45.857339500188,47.985194622019),.UNSPECIFIED.);
#5292 = CARTESIAN_POINT('',(41.317396616108,-24.2419153416));
#5293 = CARTESIAN_POINT('',(41.400924387824,-23.73454904093));
#5294 = CARTESIAN_POINT('',(41.585672399972,-22.73361897374));
#5295 = CARTESIAN_POINT('',(41.742143521841,-21.27458721161));
#5296 = CARTESIAN_POINT('',(41.824286837819,-19.92394336644));
#5297 = CARTESIAN_POINT('',(41.834674695109,-18.64670946809));
#5298 = CARTESIAN_POINT('',(41.783366254989,-17.43853366152));
#5299 = CARTESIAN_POINT('',(41.670357899767,-16.26411217454));
#5300 = CARTESIAN_POINT('',(41.507361294318,-15.18119086021));
#5301 = CARTESIAN_POINT('',(41.299007261237,-14.15851962487));
#5302 = CARTESIAN_POINT('',(41.049980104629,-13.19274807579));
#5303 = CARTESIAN_POINT('',(40.754170738104,-12.25609107778));
#5304 = CARTESIAN_POINT('',(40.430621027231,-11.39420169765));
#5305 = CARTESIAN_POINT('',(40.076341838557,-10.58164208252));
#5306 = CARTESIAN_POINT('',(39.696457202005,-9.814091110602));
#5307 = CARTESIAN_POINT('',(39.271003220772,-9.0755639162));
#5308 = CARTESIAN_POINT('',(38.856113724717,-8.382220799401));
#5309 = CARTESIAN_POINT('',(38.417908611987,-7.72660377362));
#5310 = CARTESIAN_POINT('',(37.956583627534,-7.107350970319));
#5311 = CARTESIAN_POINT('',(37.458702107982,-6.507874513511));
#5312 = CARTESIAN_POINT('',(36.950433117799,-5.957852204536));
#5313 = CARTESIAN_POINT('',(36.420642908347,-5.440011593171));
#5314 = CARTESIAN_POINT('',(35.86912209037,-4.953176959078));
#5315 = CARTESIAN_POINT('',(35.279440020404,-4.48568980462));
#5316 = CARTESIAN_POINT('',(34.681625695782,-4.06118547079));
#5317 = CARTESIAN_POINT('',(34.060832489273,-3.666182461433));
#5318 = CARTESIAN_POINT('',(33.416068259806,-3.300531974291));
#5319 = CARTESIAN_POINT('',(32.72837113895,-2.957153392555));
#5320 = CARTESIAN_POINT('',(32.032310885301,-2.65432727231));
#5321 = CARTESIAN_POINT('',(31.309502909553,-2.382486767599));
#5322 = CARTESIAN_POINT('',(30.558600562344,-2.142744873225));
#5323 = CARTESIAN_POINT('',(29.758230441885,-1.932878554153));
#5324 = CARTESIAN_POINT('',(28.948668617959,-1.765664135267));
#5325 = CARTESIAN_POINT('',(28.107932488413,-1.635500021131));
#5326 = CARTESIAN_POINT('',(27.234726258028,-1.546976527131));
#5327 = CARTESIAN_POINT('',(26.305496254274,-1.495405143445));
#5328 = CARTESIAN_POINT('',(25.367659618555,-1.518419112116));
#5329 = CARTESIAN_POINT('',(24.396824490391,-1.585022743395));
#5330 = CARTESIAN_POINT('',(23.391998452614,-1.707607067501));
#5331 = CARTESIAN_POINT('',(22.327582418421,-1.894865816593));
#5332 = CARTESIAN_POINT('',(21.258478816811,-2.142597882945));
#5333 = CARTESIAN_POINT('',(20.155284338121,-2.458851560935));
#5334 = CARTESIAN_POINT('',(19.018065066824,-2.849368663121));
#5335 = CARTESIAN_POINT('',(17.819413345921,-3.335759002956));
#5336 = CARTESIAN_POINT('',(16.623353845495,-3.89387909653));
#5337 = CARTESIAN_POINT('',(15.392667533767,-4.564037280591));
#5338 = CARTESIAN_POINT('',(14.146255399249,-5.262674350739));
#5339 = CARTESIAN_POINT('',(12.655028766119,-6.511421326188));
#5340 = CARTESIAN_POINT('',(11.841626838209,-6.398844232666));
#5341 = CARTESIAN_POINT('',(10.767330890697,-6.61059116748));
#5342 = ( GEOMETRIC_REPRESENTATION_CONTEXT(2) 
PARAMETRIC_REPRESENTATION_CONTEXT() REPRESENTATION_CONTEXT('2D SPACE',''
  ) );
#5343 = PCURVE('',#5344,#5398);
#5344 = SURFACE_OF_LINEAR_EXTRUSION('',#5345,#5396);
#5345 = B_SPLINE_CURVE_WITH_KNOTS('',3,(#5346,#5347,#5348,#5349,#5350,
    #5351,#5352,#5353,#5354,#5355,#5356,#5357,#5358,#5359,#5360,#5361,
    #5362,#5363,#5364,#5365,#5366,#5367,#5368,#5369,#5370,#5371,#5372,
    #5373,#5374,#5375,#5376,#5377,#5378,#5379,#5380,#5381,#5382,#5383,
    #5384,#5385,#5386,#5387,#5388,#5389,#5390,#5391,#5392,#5393,#5394,
    #5395),.UNSPECIFIED.,.F.,.F.,(4,1,1,1,1,1,1,1,1,1,1,1,1,1,1,1,1,1,1,
    1,1,1,1,1,1,1,1,1,1,1,1,1,1,1,1,1,1,1,1,1,1,1,1,1,1,1,1,4),(0.,
    1.560399863547,3.026493159763,4.408519816062,5.616164948135,
    6.857176517943,8.034500324617,9.154049078322,10.140931914661,
    11.16430891518,12.14467057154,13.086344664582,13.924748692612,
    14.803128326675,15.653911875236,16.480955579096,17.226763352129,
    18.01856826362,18.796500931648,19.563479607115,20.264226339274,
    21.01815180319,21.769388657233,22.52071176954,23.216717634111,
    23.975961822176,24.743348723341,25.521634699363,26.252131546642,
    27.05917145937,27.885262969361,28.733262670931,29.538010575103,
    30.436403024908,31.365465694071,32.327889352555,33.24854348335,
    34.284117952136,35.363069228966,36.489379128657,37.574802555564,
    38.804527640271,40.095153684953,41.452119030183,42.768727723412,
    44.27040892768,45.857339500188,47.985194622019),.UNSPECIFIED.);
#5346 = CARTESIAN_POINT('',(41.317396616108,-24.2419153416,0.));
#5347 = CARTESIAN_POINT('',(41.400924387824,-23.73454904093,0.));
#5348 = CARTESIAN_POINT('',(41.585672399972,-22.73361897374,0.));
#5349 = CARTESIAN_POINT('',(41.742143521841,-21.27458721161,0.));
#5350 = CARTESIAN_POINT('',(41.824286837819,-19.92394336644,0.));
#5351 = CARTESIAN_POINT('',(41.834674695109,-18.64670946809,0.));
#5352 = CARTESIAN_POINT('',(41.783366254989,-17.43853366152,0.));
#5353 = CARTESIAN_POINT('',(41.670357899767,-16.26411217454,0.));
#5354 = CARTESIAN_POINT('',(41.507361294318,-15.18119086021,0.));
#5355 = CARTESIAN_POINT('',(41.299007261237,-14.15851962487,0.));
#5356 = CARTESIAN_POINT('',(41.049980104629,-13.19274807579,0.));
#5357 = CARTESIAN_POINT('',(40.754170738104,-12.25609107778,0.));
#5358 = CARTESIAN_POINT('',(40.430621027231,-11.39420169765,0.));
#5359 = CARTESIAN_POINT('',(40.076341838557,-10.58164208252,0.));
#5360 = CARTESIAN_POINT('',(39.696457202005,-9.814091110602,0.));
#5361 = CARTESIAN_POINT('',(39.271003220772,-9.0755639162,0.));
#5362 = CARTESIAN_POINT('',(38.856113724717,-8.382220799401,0.));
#5363 = CARTESIAN_POINT('',(38.417908611987,-7.72660377362,0.));
#5364 = CARTESIAN_POINT('',(37.956583627534,-7.107350970319,0.));
#5365 = CARTESIAN_POINT('',(37.458702107982,-6.507874513511,0.));
#5366 = CARTESIAN_POINT('',(36.950433117799,-5.957852204536,0.));
#5367 = CARTESIAN_POINT('',(36.420642908347,-5.440011593171,0.));
#5368 = CARTESIAN_POINT('',(35.86912209037,-4.953176959078,0.));
#5369 = CARTESIAN_POINT('',(35.279440020404,-4.48568980462,0.));
#5370 = CARTESIAN_POINT('',(34.681625695782,-4.06118547079,0.));
#5371 = CARTESIAN_POINT('',(34.060832489273,-3.666182461433,0.));
#5372 = CARTESIAN_POINT('',(33.416068259806,-3.300531974291,0.));
#5373 = CARTESIAN_POINT('',(32.72837113895,-2.957153392555,0.));
#5374 = CARTESIAN_POINT('',(32.032310885301,-2.65432727231,0.));
#5375 = CARTESIAN_POINT('',(31.309502909553,-2.382486767599,0.));
#5376 = CARTESIAN_POINT('',(30.558600562344,-2.142744873225,0.));
#5377 = CARTESIAN_POINT('',(29.758230441885,-1.932878554153,0.));
#5378 = CARTESIAN_POINT('',(28.948668617959,-1.765664135267,0.));
#5379 = CARTESIAN_POINT('',(28.107932488413,-1.635500021131,0.));
#5380 = CARTESIAN_POINT('',(27.234726258028,-1.546976527131,0.));
#5381 = CARTESIAN_POINT('',(26.305496254274,-1.495405143445,0.));
#5382 = CARTESIAN_POINT('',(25.367659618555,-1.518419112116,0.));
#5383 = CARTESIAN_POINT('',(24.396824490391,-1.585022743395,0.));
#5384 = CARTESIAN_POINT('',(23.391998452614,-1.707607067501,0.));
#5385 = CARTESIAN_POINT('',(22.327582418421,-1.894865816593,0.));
#5386 = CARTESIAN_POINT('',(21.258478816811,-2.142597882945,0.));
#5387 = CARTESIAN_POINT('',(20.155284338121,-2.458851560935,0.));
#5388 = CARTESIAN_POINT('',(19.018065066824,-2.849368663121,0.));
#5389 = CARTESIAN_POINT('',(17.819413345921,-3.335759002956,0.));
#5390 = CARTESIAN_POINT('',(16.623353845495,-3.89387909653,0.));
#5391 = CARTESIAN_POINT('',(15.392667533767,-4.564037280591,0.));
#5392 = CARTESIAN_POINT('',(14.146255399249,-5.262674350739,0.));
#5393 = CARTESIAN_POINT('',(12.655028766119,-6.511421326188,0.));
#5394 = CARTESIAN_POINT('',(11.841626838209,-6.398844232666,0.));
#5395 = CARTESIAN_POINT('',(10.767330890697,-6.61059116748,0.));
#5396 = VECTOR('',#5397,1.);
#5397 = DIRECTION('',(-0.,0.,-1.));
#5398 = DEFINITIONAL_REPRESENTATION('',(#5399),#5403);
#5399 = LINE('',#5400,#5401);
#5400 = CARTESIAN_POINT('',(0.,0.));
#5401 = VECTOR('',#5402,1.);
#5402 = DIRECTION('',(1.,0.));
#5403 = ( GEOMETRIC_REPRESENTATION_CONTEXT(2) 
PARAMETRIC_REPRESENTATION_CONTEXT() REPRESENTATION_CONTEXT('2D SPACE',''
  ) );
#5404 = ORIENTED_EDGE('',*,*,#5405,.F.);
#5405 = EDGE_CURVE('',#4988,#5235,#5406,.T.);
#5406 = SURFACE_CURVE('',#5407,(#5411,#5418),.PCURVE_S1.);
#5407 = LINE('',#5408,#5409);
#5408 = CARTESIAN_POINT('',(43.37988787401,-24.65808465839,0.));
#5409 = VECTOR('',#5410,1.);
#5410 = DIRECTION('',(-0.980243711075,0.197793495591,0.));
#5411 = PCURVE('',#31,#5412);
#5412 = DEFINITIONAL_REPRESENTATION('',(#5413),#5417);
#5413 = LINE('',#5414,#5415);
#5414 = CARTESIAN_POINT('',(43.37988787401,-24.65808465839));
#5415 = VECTOR('',#5416,1.);
#5416 = DIRECTION('',(-0.980243711075,0.197793495591));
#5417 = ( GEOMETRIC_REPRESENTATION_CONTEXT(2) 
PARAMETRIC_REPRESENTATION_CONTEXT() REPRESENTATION_CONTEXT('2D SPACE',''
  ) );
#5418 = PCURVE('',#5419,#5424);
#5419 = PLANE('',#5420);
#5420 = AXIS2_PLACEMENT_3D('',#5421,#5422,#5423);
#5421 = CARTESIAN_POINT('',(43.37988787401,-24.65808465839,0.));
#5422 = DIRECTION('',(-0.197793495591,-0.980243711075,0.));
#5423 = DIRECTION('',(-0.980243711075,0.197793495591,0.));
#5424 = DEFINITIONAL_REPRESENTATION('',(#5425),#5429);
#5425 = LINE('',#5426,#5427);
#5426 = CARTESIAN_POINT('',(0.,0.));
#5427 = VECTOR('',#5428,1.);
#5428 = DIRECTION('',(1.,-0.));
#5429 = ( GEOMETRIC_REPRESENTATION_CONTEXT(2) 
PARAMETRIC_REPRESENTATION_CONTEXT() REPRESENTATION_CONTEXT('2D SPACE',''
  ) );
#5430 = ADVANCED_FACE('',(#5431),#43,.T.);
#5431 = FACE_BOUND('',#5432,.F.);
#5432 = EDGE_LOOP('',(#5433,#5456,#5483,#5484));
#5433 = ORIENTED_EDGE('',*,*,#5434,.T.);
#5434 = EDGE_CURVE('',#22,#5435,#5437,.T.);
#5435 = VERTEX_POINT('',#5436);
#5436 = CARTESIAN_POINT('',(50.,0.,22.4));
#5437 = SEAM_CURVE('',#5438,(#5442,#5449),.PCURVE_S1.);
#5438 = LINE('',#5439,#5440);
#5439 = CARTESIAN_POINT('',(50.,0.,0.));
#5440 = VECTOR('',#5441,1.);
#5441 = DIRECTION('',(0.,0.,1.));
#5442 = PCURVE('',#43,#5443);
#5443 = DEFINITIONAL_REPRESENTATION('',(#5444),#5448);
#5444 = LINE('',#5445,#5446);
#5445 = CARTESIAN_POINT('',(-0.,0.));
#5446 = VECTOR('',#5447,1.);
#5447 = DIRECTION('',(-0.,-1.));
#5448 = ( GEOMETRIC_REPRESENTATION_CONTEXT(2) 
PARAMETRIC_REPRESENTATION_CONTEXT() REPRESENTATION_CONTEXT('2D SPACE',''
  ) );
#5449 = PCURVE('',#43,#5450);
#5450 = DEFINITIONAL_REPRESENTATION('',(#5451),#5455);
#5451 = LINE('',#5452,#5453);
#5452 = CARTESIAN_POINT('',(-6.28318530718,0.));
#5453 = VECTOR('',#5454,1.);
#5454 = DIRECTION('',(-0.,-1.));
#5455 = ( GEOMETRIC_REPRESENTATION_CONTEXT(2) 
PARAMETRIC_REPRESENTATION_CONTEXT() REPRESENTATION_CONTEXT('2D SPACE',''
  ) );
#5456 = ORIENTED_EDGE('',*,*,#5457,.T.);
#5457 = EDGE_CURVE('',#5435,#5435,#5458,.T.);
#5458 = SURFACE_CURVE('',#5459,(#5464,#5471),.PCURVE_S1.);
#5459 = CIRCLE('',#5460,50.);
#5460 = AXIS2_PLACEMENT_3D('',#5461,#5462,#5463);
#5461 = CARTESIAN_POINT('',(0.,0.,22.4));
#5462 = DIRECTION('',(0.,0.,1.));
#5463 = DIRECTION('',(1.,0.,0.));
#5464 = PCURVE('',#43,#5465);
#5465 = DEFINITIONAL_REPRESENTATION('',(#5466),#5470);
#5466 = LINE('',#5467,#5468);
#5467 = CARTESIAN_POINT('',(-0.,-22.4));
#5468 = VECTOR('',#5469,1.);
#5469 = DIRECTION('',(-1.,0.));
#5470 = ( GEOMETRIC_REPRESENTATION_CONTEXT(2) 
PARAMETRIC_REPRESENTATION_CONTEXT() REPRESENTATION_CONTEXT('2D SPACE',''
  ) );
#5471 = PCURVE('',#5472,#5477);
#5472 = PLANE('',#5473);
#5473 = AXIS2_PLACEMENT_3D('',#5474,#5475,#5476);
#5474 = CARTESIAN_POINT('',(-3.500646739301E-15,-2.041077998579E-15,22.4
    ));
#5475 = DIRECTION('',(0.,0.,1.));
#5476 = DIRECTION('',(1.,0.,-0.));
#5477 = DEFINITIONAL_REPRESENTATION('',(#5478),#5482);
#5478 = CIRCLE('',#5479,50.);
#5479 = AXIS2_PLACEMENT_2D('',#5480,#5481);
#5480 = CARTESIAN_POINT('',(3.500646739301E-15,2.041077998579E-15));
#5481 = DIRECTION('',(1.,0.));
#5482 = ( GEOMETRIC_REPRESENTATION_CONTEXT(2) 
PARAMETRIC_REPRESENTATION_CONTEXT() REPRESENTATION_CONTEXT('2D SPACE',''
  ) );
#5483 = ORIENTED_EDGE('',*,*,#5434,.F.);
#5484 = ORIENTED_EDGE('',*,*,#21,.F.);
#5485 = ADVANCED_FACE('',(#5486),#524,.F.);
#5486 = FACE_BOUND('',#5487,.T.);
#5487 = EDGE_LOOP('',(#5488,#5489,#5545,#5569));
#5488 = ORIENTED_EDGE('',*,*,#505,.F.);
#5489 = ORIENTED_EDGE('',*,*,#5490,.F.);
#5490 = EDGE_CURVE('',#5491,#506,#5493,.T.);
#5491 = VERTEX_POINT('',#5492);
#5492 = CARTESIAN_POINT('',(48.790688897781,3.267824487333,22.4));
#5493 = SURFACE_CURVE('',#5494,(#5509,#5527),.PCURVE_S1.);
#5494 = B_SPLINE_CURVE_WITH_KNOTS('',4,(#5495,#5496,#5497,#5498,#5499,
    #5500,#5501,#5502,#5503,#5504,#5505,#5506,#5507,#5508),
  .UNSPECIFIED.,.F.,.F.,(5,3,3,3,5),(0.,0.25,0.5,0.75,1.),
  .UNSPECIFIED.);
#5495 = CARTESIAN_POINT('',(48.790688897781,3.267824487333,22.4000006));
#5496 = CARTESIAN_POINT('',(48.790688897781,3.267824487333,21.000000525)
  );
#5497 = CARTESIAN_POINT('',(48.790688897781,3.267824487333,19.60000045)
  );
#5498 = CARTESIAN_POINT('',(48.790688897781,3.267824487333,18.200000375)
  );
#5499 = CARTESIAN_POINT('',(48.790688897781,3.267824487333,15.400000225)
  );
#5500 = CARTESIAN_POINT('',(48.790688897781,3.267824487333,14.00000015)
  );
#5501 = CARTESIAN_POINT('',(48.790688897781,3.267824487333,12.600000075)
  );
#5502 = CARTESIAN_POINT('',(48.790688897781,3.267824487333,9.799999925)
  );
#5503 = CARTESIAN_POINT('',(48.790688897781,3.267824487333,8.39999985));
#5504 = CARTESIAN_POINT('',(48.790688897781,3.267824487333,6.999999775)
  );
#5505 = CARTESIAN_POINT('',(48.790688897781,3.267824487333,4.199999625)
  );
#5506 = CARTESIAN_POINT('',(48.790688897781,3.267824487333,2.79999955));
#5507 = CARTESIAN_POINT('',(48.790688897781,3.267824487333,1.399999475)
  );
#5508 = CARTESIAN_POINT('',(48.790688897781,3.267824487333,-6.E-07));
#5509 = PCURVE('',#524,#5510);
#5510 = DEFINITIONAL_REPRESENTATION('',(#5511),#5526);
#5511 = B_SPLINE_CURVE_WITH_KNOTS('',4,(#5512,#5513,#5514,#5515,#5516,
    #5517,#5518,#5519,#5520,#5521,#5522,#5523,#5524,#5525),
  .UNSPECIFIED.,.F.,.F.,(5,3,3,3,5),(0.,0.25,0.5,0.75,1.),
  .UNSPECIFIED.);
#5512 = CARTESIAN_POINT('',(-6.687651600336E-02,-22.4000006));
#5513 = CARTESIAN_POINT('',(-6.687651600336E-02,-21.000000525));
#5514 = CARTESIAN_POINT('',(-6.687651600336E-02,-19.60000045));
#5515 = CARTESIAN_POINT('',(-6.687651600336E-02,-18.200000375));
#5516 = CARTESIAN_POINT('',(-6.687651600336E-02,-15.400000225));
#5517 = CARTESIAN_POINT('',(-6.687651600336E-02,-14.00000015));
#5518 = CARTESIAN_POINT('',(-6.687651600336E-02,-12.600000075));
#5519 = CARTESIAN_POINT('',(-6.687651600336E-02,-9.799999925));
#5520 = CARTESIAN_POINT('',(-6.687651600336E-02,-8.39999985));
#5521 = CARTESIAN_POINT('',(-6.687651600336E-02,-6.999999775));
#5522 = CARTESIAN_POINT('',(-6.687651600336E-02,-4.199999625));
#5523 = CARTESIAN_POINT('',(-6.687651600336E-02,-2.79999955));
#5524 = CARTESIAN_POINT('',(-6.687651600336E-02,-1.399999475));
#5525 = CARTESIAN_POINT('',(-6.687651600336E-02,5.999999999062E-07));
#5526 = ( GEOMETRIC_REPRESENTATION_CONTEXT(2) 
PARAMETRIC_REPRESENTATION_CONTEXT() REPRESENTATION_CONTEXT('2D SPACE',''
  ) );
#5527 = PCURVE('',#658,#5528);
#5528 = DEFINITIONAL_REPRESENTATION('',(#5529),#5544);
#5529 = B_SPLINE_CURVE_WITH_KNOTS('',4,(#5530,#5531,#5532,#5533,#5534,
    #5535,#5536,#5537,#5538,#5539,#5540,#5541,#5542,#5543),
  .UNSPECIFIED.,.F.,.F.,(5,3,3,3,5),(0.,0.25,0.5,0.75,1.),
  .UNSPECIFIED.);
#5530 = CARTESIAN_POINT('',(50.222625786481,-22.4000006));
#5531 = CARTESIAN_POINT('',(50.222625786481,-21.000000525));
#5532 = CARTESIAN_POINT('',(50.222625786481,-19.60000045));
#5533 = CARTESIAN_POINT('',(50.222625786481,-18.200000375));
#5534 = CARTESIAN_POINT('',(50.222625786481,-15.400000225));
#5535 = CARTESIAN_POINT('',(50.222625786481,-14.00000015));
#5536 = CARTESIAN_POINT('',(50.222625786481,-12.600000075));
#5537 = CARTESIAN_POINT('',(50.222625786481,-9.799999925));
#5538 = CARTESIAN_POINT('',(50.222625786481,-8.39999985));
#5539 = CARTESIAN_POINT('',(50.222625786481,-6.999999775));
#5540 = CARTESIAN_POINT('',(50.222625786481,-4.199999625));
#5541 = CARTESIAN_POINT('',(50.222625786481,-2.79999955));
#5542 = CARTESIAN_POINT('',(50.222625786481,-1.399999475));
#5543 = CARTESIAN_POINT('',(50.222625786481,5.999999999062E-07));
#5544 = ( GEOMETRIC_REPRESENTATION_CONTEXT(2) 
PARAMETRIC_REPRESENTATION_CONTEXT() REPRESENTATION_CONTEXT('2D SPACE',''
  ) );
#5545 = ORIENTED_EDGE('',*,*,#5546,.T.);
#5546 = EDGE_CURVE('',#5491,#5547,#5549,.T.);
#5547 = VERTEX_POINT('',#5548);
#5548 = CARTESIAN_POINT('',(42.348642245059,24.450000000002,22.4));
#5549 = SURFACE_CURVE('',#5550,(#5555,#5562),.PCURVE_S1.);
#5550 = CIRCLE('',#5551,48.9);
#5551 = AXIS2_PLACEMENT_3D('',#5552,#5553,#5554);
#5552 = CARTESIAN_POINT('',(2.376054908382E-13,1.705302565824E-15,22.4)
  );
#5553 = DIRECTION('',(0.,0.,1.));
#5554 = DIRECTION('',(1.,0.,0.));
#5555 = PCURVE('',#524,#5556);
#5556 = DEFINITIONAL_REPRESENTATION('',(#5557),#5561);
#5557 = LINE('',#5558,#5559);
#5558 = CARTESIAN_POINT('',(-0.,-22.4));
#5559 = VECTOR('',#5560,1.);
#5560 = DIRECTION('',(-1.,0.));
#5561 = ( GEOMETRIC_REPRESENTATION_CONTEXT(2) 
PARAMETRIC_REPRESENTATION_CONTEXT() REPRESENTATION_CONTEXT('2D SPACE',''
  ) );
#5562 = PCURVE('',#5472,#5563);
#5563 = DEFINITIONAL_REPRESENTATION('',(#5564),#5568);
#5564 = CIRCLE('',#5565,48.9);
#5565 = AXIS2_PLACEMENT_2D('',#5566,#5567);
#5566 = CARTESIAN_POINT('',(2.411061375775E-13,3.746380564403E-15));
#5567 = DIRECTION('',(1.,0.));
#5568 = ( GEOMETRIC_REPRESENTATION_CONTEXT(2) 
PARAMETRIC_REPRESENTATION_CONTEXT() REPRESENTATION_CONTEXT('2D SPACE',''
  ) );
#5569 = ORIENTED_EDGE('',*,*,#5570,.T.);
#5570 = EDGE_CURVE('',#5547,#508,#5571,.T.);
#5571 = SURFACE_CURVE('',#5572,(#5576,#5582),.PCURVE_S1.);
#5572 = LINE('',#5573,#5574);
#5573 = CARTESIAN_POINT('',(42.348642245059,24.45,0.));
#5574 = VECTOR('',#5575,1.);
#5575 = DIRECTION('',(-0.,-0.,-1.));
#5576 = PCURVE('',#524,#5577);
#5577 = DEFINITIONAL_REPRESENTATION('',(#5578),#5581);
#5578 = B_SPLINE_CURVE_WITH_KNOTS('',1,(#5579,#5580),.UNSPECIFIED.,.F.,
  .F.,(2,2),(-22.4000006,6.E-07),.PIECEWISE_BEZIER_KNOTS.);
#5579 = CARTESIAN_POINT('',(-0.523598775598,-22.4000006));
#5580 = CARTESIAN_POINT('',(-0.523598775598,6.E-07));
#5581 = ( GEOMETRIC_REPRESENTATION_CONTEXT(2) 
PARAMETRIC_REPRESENTATION_CONTEXT() REPRESENTATION_CONTEXT('2D SPACE',''
  ) );
#5582 = PCURVE('',#939,#5583);
#5583 = DEFINITIONAL_REPRESENTATION('',(#5584),#5587);
#5584 = B_SPLINE_CURVE_WITH_KNOTS('',1,(#5585,#5586),.UNSPECIFIED.,.F.,
  .F.,(2,2),(-22.4000006,6.E-07),.PIECEWISE_BEZIER_KNOTS.);
#5585 = CARTESIAN_POINT('',(1.052029834315,-22.4000006));
#5586 = CARTESIAN_POINT('',(1.052029834315,6.E-07));
#5587 = ( GEOMETRIC_REPRESENTATION_CONTEXT(2) 
PARAMETRIC_REPRESENTATION_CONTEXT() REPRESENTATION_CONTEXT('2D SPACE',''
  ) );
#5588 = ADVANCED_FACE('',(#5589),#972,.F.);
#5589 = FACE_BOUND('',#5590,.T.);
#5590 = EDGE_LOOP('',(#5591,#5592,#5648,#5672));
#5591 = ORIENTED_EDGE('',*,*,#953,.F.);
#5592 = ORIENTED_EDGE('',*,*,#5593,.F.);
#5593 = EDGE_CURVE('',#5594,#954,#5596,.T.);
#5594 = VERTEX_POINT('',#5595);
#5595 = CARTESIAN_POINT('',(40.620063809955,27.225363470029,22.4));
#5596 = SURFACE_CURVE('',#5597,(#5612,#5630),.PCURVE_S1.);
#5597 = B_SPLINE_CURVE_WITH_KNOTS('',4,(#5598,#5599,#5600,#5601,#5602,
    #5603,#5604,#5605,#5606,#5607,#5608,#5609,#5610,#5611),
  .UNSPECIFIED.,.F.,.F.,(5,3,3,3,5),(0.,0.25,0.5,0.75,1.),
  .UNSPECIFIED.);
#5598 = CARTESIAN_POINT('',(40.620063809955,27.225363470029,22.4000006)
  );
#5599 = CARTESIAN_POINT('',(40.620063809955,27.225363470029,21.000000525
    ));
#5600 = CARTESIAN_POINT('',(40.620063809955,27.225363470029,19.60000045)
  );
#5601 = CARTESIAN_POINT('',(40.620063809955,27.225363470029,18.200000375
    ));
#5602 = CARTESIAN_POINT('',(40.620063809955,27.225363470029,15.400000225
    ));
#5603 = CARTESIAN_POINT('',(40.620063809955,27.225363470029,14.00000015)
  );
#5604 = CARTESIAN_POINT('',(40.620063809955,27.225363470029,12.600000075
    ));
#5605 = CARTESIAN_POINT('',(40.620063809955,27.225363470029,9.799999925)
  );
#5606 = CARTESIAN_POINT('',(40.620063809955,27.225363470029,8.39999985)
  );
#5607 = CARTESIAN_POINT('',(40.620063809955,27.225363470029,6.999999775)
  );
#5608 = CARTESIAN_POINT('',(40.620063809955,27.225363470029,4.199999625)
  );
#5609 = CARTESIAN_POINT('',(40.620063809955,27.225363470029,2.79999955)
  );
#5610 = CARTESIAN_POINT('',(40.620063809955,27.225363470029,1.399999475)
  );
#5611 = CARTESIAN_POINT('',(40.620063809955,27.225363470029,-6.E-07));
#5612 = PCURVE('',#972,#5613);
#5613 = DEFINITIONAL_REPRESENTATION('',(#5614),#5629);
#5614 = B_SPLINE_CURVE_WITH_KNOTS('',4,(#5615,#5616,#5617,#5618,#5619,
    #5620,#5621,#5622,#5623,#5624,#5625,#5626,#5627,#5628),
  .UNSPECIFIED.,.F.,.F.,(5,3,3,3,5),(0.,0.25,0.5,0.75,1.),
  .UNSPECIFIED.);
#5615 = CARTESIAN_POINT('',(-0.590475291602,-22.4000006));
#5616 = CARTESIAN_POINT('',(-0.590475291602,-21.000000525));
#5617 = CARTESIAN_POINT('',(-0.590475291602,-19.60000045));
#5618 = CARTESIAN_POINT('',(-0.590475291602,-18.200000375));
#5619 = CARTESIAN_POINT('',(-0.590475291602,-15.400000225));
#5620 = CARTESIAN_POINT('',(-0.590475291602,-14.00000015));
#5621 = CARTESIAN_POINT('',(-0.590475291602,-12.600000075));
#5622 = CARTESIAN_POINT('',(-0.590475291602,-9.799999925));
#5623 = CARTESIAN_POINT('',(-0.590475291602,-8.39999985));
#5624 = CARTESIAN_POINT('',(-0.590475291602,-6.999999775));
#5625 = CARTESIAN_POINT('',(-0.590475291602,-4.199999625));
#5626 = CARTESIAN_POINT('',(-0.590475291602,-2.79999955));
#5627 = CARTESIAN_POINT('',(-0.590475291602,-1.399999475));
#5628 = CARTESIAN_POINT('',(-0.590475291602,5.999999999062E-07));
#5629 = ( GEOMETRIC_REPRESENTATION_CONTEXT(2) 
PARAMETRIC_REPRESENTATION_CONTEXT() REPRESENTATION_CONTEXT('2D SPACE',''
  ) );
#5630 = PCURVE('',#1106,#5631);
#5631 = DEFINITIONAL_REPRESENTATION('',(#5632),#5647);
#5632 = B_SPLINE_CURVE_WITH_KNOTS('',4,(#5633,#5634,#5635,#5636,#5637,
    #5638,#5639,#5640,#5641,#5642,#5643,#5644,#5645,#5646),
  .UNSPECIFIED.,.F.,.F.,(5,3,3,3,5),(0.,0.25,0.5,0.75,1.),
  .UNSPECIFIED.);
#5633 = CARTESIAN_POINT('',(50.222625786481,-22.4000006));
#5634 = CARTESIAN_POINT('',(50.222625786481,-21.000000525));
#5635 = CARTESIAN_POINT('',(50.222625786481,-19.60000045));
#5636 = CARTESIAN_POINT('',(50.222625786481,-18.200000375));
#5637 = CARTESIAN_POINT('',(50.222625786481,-15.400000225));
#5638 = CARTESIAN_POINT('',(50.222625786481,-14.00000015));
#5639 = CARTESIAN_POINT('',(50.222625786481,-12.600000075));
#5640 = CARTESIAN_POINT('',(50.222625786481,-9.799999925));
#5641 = CARTESIAN_POINT('',(50.222625786481,-8.39999985));
#5642 = CARTESIAN_POINT('',(50.222625786481,-6.999999775));
#5643 = CARTESIAN_POINT('',(50.222625786481,-4.199999625));
#5644 = CARTESIAN_POINT('',(50.222625786481,-2.79999955));
#5645 = CARTESIAN_POINT('',(50.222625786481,-1.399999475));
#5646 = CARTESIAN_POINT('',(50.222625786481,5.999999999062E-07));
#5647 = ( GEOMETRIC_REPRESENTATION_CONTEXT(2) 
PARAMETRIC_REPRESENTATION_CONTEXT() REPRESENTATION_CONTEXT('2D SPACE',''
  ) );
#5648 = ORIENTED_EDGE('',*,*,#5649,.T.);
#5649 = EDGE_CURVE('',#5594,#5650,#5652,.T.);
#5650 = VERTEX_POINT('',#5651);
#5651 = CARTESIAN_POINT('',(24.45,42.348642245059,22.4));
#5652 = SURFACE_CURVE('',#5653,(#5658,#5665),.PCURVE_S1.);
#5653 = CIRCLE('',#5654,48.9);
#5654 = AXIS2_PLACEMENT_3D('',#5655,#5656,#5657);
#5655 = CARTESIAN_POINT('',(2.376054908382E-13,1.705302565824E-15,22.4)
  );
#5656 = DIRECTION('',(0.,0.,1.));
#5657 = DIRECTION('',(1.,0.,0.));
#5658 = PCURVE('',#972,#5659);
#5659 = DEFINITIONAL_REPRESENTATION('',(#5660),#5664);
#5660 = LINE('',#5661,#5662);
#5661 = CARTESIAN_POINT('',(-0.,-22.4));
#5662 = VECTOR('',#5663,1.);
#5663 = DIRECTION('',(-1.,0.));
#5664 = ( GEOMETRIC_REPRESENTATION_CONTEXT(2) 
PARAMETRIC_REPRESENTATION_CONTEXT() REPRESENTATION_CONTEXT('2D SPACE',''
  ) );
#5665 = PCURVE('',#5472,#5666);
#5666 = DEFINITIONAL_REPRESENTATION('',(#5667),#5671);
#5667 = CIRCLE('',#5668,48.9);
#5668 = AXIS2_PLACEMENT_2D('',#5669,#5670);
#5669 = CARTESIAN_POINT('',(2.411061375775E-13,3.746380564403E-15));
#5670 = DIRECTION('',(1.,0.));
#5671 = ( GEOMETRIC_REPRESENTATION_CONTEXT(2) 
PARAMETRIC_REPRESENTATION_CONTEXT() REPRESENTATION_CONTEXT('2D SPACE',''
  ) );
#5672 = ORIENTED_EDGE('',*,*,#5673,.T.);
#5673 = EDGE_CURVE('',#5650,#956,#5674,.T.);
#5674 = SURFACE_CURVE('',#5675,(#5679,#5685),.PCURVE_S1.);
#5675 = LINE('',#5676,#5677);
#5676 = CARTESIAN_POINT('',(24.45,42.348642245059,0.));
#5677 = VECTOR('',#5678,1.);
#5678 = DIRECTION('',(-0.,-0.,-1.));
#5679 = PCURVE('',#972,#5680);
#5680 = DEFINITIONAL_REPRESENTATION('',(#5681),#5684);
#5681 = B_SPLINE_CURVE_WITH_KNOTS('',1,(#5682,#5683),.UNSPECIFIED.,.F.,
  .F.,(2,2),(-22.4000006,6.E-07),.PIECEWISE_BEZIER_KNOTS.);
#5682 = CARTESIAN_POINT('',(-1.047197551197,-22.4000006));
#5683 = CARTESIAN_POINT('',(-1.047197551197,6.E-07));
#5684 = ( GEOMETRIC_REPRESENTATION_CONTEXT(2) 
PARAMETRIC_REPRESENTATION_CONTEXT() REPRESENTATION_CONTEXT('2D SPACE',''
  ) );
#5685 = PCURVE('',#1387,#5686);
#5686 = DEFINITIONAL_REPRESENTATION('',(#5687),#5690);
#5687 = B_SPLINE_CURVE_WITH_KNOTS('',1,(#5688,#5689),.UNSPECIFIED.,.F.,
  .F.,(2,2),(-22.4000006,6.E-07),.PIECEWISE_BEZIER_KNOTS.);
#5688 = CARTESIAN_POINT('',(1.052029834315,-22.4000006));
#5689 = CARTESIAN_POINT('',(1.052029834315,6.E-07));
#5690 = ( GEOMETRIC_REPRESENTATION_CONTEXT(2) 
PARAMETRIC_REPRESENTATION_CONTEXT() REPRESENTATION_CONTEXT('2D SPACE',''
  ) );
#5691 = ADVANCED_FACE('',(#5692),#1420,.F.);
#5692 = FACE_BOUND('',#5693,.T.);
#5693 = EDGE_LOOP('',(#5694,#5695,#5751,#5775));
#5694 = ORIENTED_EDGE('',*,*,#1401,.F.);
#5695 = ORIENTED_EDGE('',*,*,#5696,.F.);
#5696 = EDGE_CURVE('',#5697,#1402,#5699,.T.);
#5697 = VERTEX_POINT('',#5698);
#5698 = CARTESIAN_POINT('',(21.565325427751,43.887888297288,22.4));
#5699 = SURFACE_CURVE('',#5700,(#5715,#5733),.PCURVE_S1.);
#5700 = B_SPLINE_CURVE_WITH_KNOTS('',4,(#5701,#5702,#5703,#5704,#5705,
    #5706,#5707,#5708,#5709,#5710,#5711,#5712,#5713,#5714),
  .UNSPECIFIED.,.F.,.F.,(5,3,3,3,5),(0.,0.25,0.5,0.75,1.),
  .UNSPECIFIED.);
#5701 = CARTESIAN_POINT('',(21.565325427751,43.887888297288,22.4000006)
  );
#5702 = CARTESIAN_POINT('',(21.565325427751,43.887888297288,21.000000525
    ));
#5703 = CARTESIAN_POINT('',(21.565325427751,43.887888297288,19.60000045)
  );
#5704 = CARTESIAN_POINT('',(21.565325427751,43.887888297288,18.200000375
    ));
#5705 = CARTESIAN_POINT('',(21.565325427751,43.887888297288,15.400000225
    ));
#5706 = CARTESIAN_POINT('',(21.565325427751,43.887888297288,14.00000015)
  );
#5707 = CARTESIAN_POINT('',(21.565325427751,43.887888297288,12.600000075
    ));
#5708 = CARTESIAN_POINT('',(21.565325427751,43.887888297288,9.799999925)
  );
#5709 = CARTESIAN_POINT('',(21.565325427751,43.887888297288,8.39999985)
  );
#5710 = CARTESIAN_POINT('',(21.565325427751,43.887888297288,6.999999775)
  );
#5711 = CARTESIAN_POINT('',(21.565325427751,43.887888297288,4.199999625)
  );
#5712 = CARTESIAN_POINT('',(21.565325427751,43.887888297288,2.79999955)
  );
#5713 = CARTESIAN_POINT('',(21.565325427751,43.887888297288,1.399999475)
  );
#5714 = CARTESIAN_POINT('',(21.565325427751,43.887888297288,-6.E-07));
#5715 = PCURVE('',#1420,#5716);
#5716 = DEFINITIONAL_REPRESENTATION('',(#5717),#5732);
#5717 = B_SPLINE_CURVE_WITH_KNOTS('',4,(#5718,#5719,#5720,#5721,#5722,
    #5723,#5724,#5725,#5726,#5727,#5728,#5729,#5730,#5731),
  .UNSPECIFIED.,.F.,.F.,(5,3,3,3,5),(0.,0.25,0.5,0.75,1.),
  .UNSPECIFIED.);
#5718 = CARTESIAN_POINT('',(-1.1140740672,-22.4000006));
#5719 = CARTESIAN_POINT('',(-1.1140740672,-21.000000525));
#5720 = CARTESIAN_POINT('',(-1.1140740672,-19.60000045));
#5721 = CARTESIAN_POINT('',(-1.1140740672,-18.200000375));
#5722 = CARTESIAN_POINT('',(-1.1140740672,-15.400000225));
#5723 = CARTESIAN_POINT('',(-1.1140740672,-14.00000015));
#5724 = CARTESIAN_POINT('',(-1.1140740672,-12.600000075));
#5725 = CARTESIAN_POINT('',(-1.1140740672,-9.799999925));
#5726 = CARTESIAN_POINT('',(-1.1140740672,-8.39999985));
#5727 = CARTESIAN_POINT('',(-1.1140740672,-6.999999775));
#5728 = CARTESIAN_POINT('',(-1.1140740672,-4.199999625));
#5729 = CARTESIAN_POINT('',(-1.1140740672,-2.79999955));
#5730 = CARTESIAN_POINT('',(-1.1140740672,-1.399999475));
#5731 = CARTESIAN_POINT('',(-1.1140740672,5.999999999062E-07));
#5732 = ( GEOMETRIC_REPRESENTATION_CONTEXT(2) 
PARAMETRIC_REPRESENTATION_CONTEXT() REPRESENTATION_CONTEXT('2D SPACE',''
  ) );
#5733 = PCURVE('',#1554,#5734);
#5734 = DEFINITIONAL_REPRESENTATION('',(#5735),#5750);
#5735 = B_SPLINE_CURVE_WITH_KNOTS('',4,(#5736,#5737,#5738,#5739,#5740,
    #5741,#5742,#5743,#5744,#5745,#5746,#5747,#5748,#5749),
  .UNSPECIFIED.,.F.,.F.,(5,3,3,3,5),(0.,0.25,0.5,0.75,1.),
  .UNSPECIFIED.);
#5736 = CARTESIAN_POINT('',(50.222625786481,-22.4000006));
#5737 = CARTESIAN_POINT('',(50.222625786481,-21.000000525));
#5738 = CARTESIAN_POINT('',(50.222625786481,-19.60000045));
#5739 = CARTESIAN_POINT('',(50.222625786481,-18.200000375));
#5740 = CARTESIAN_POINT('',(50.222625786481,-15.400000225));
#5741 = CARTESIAN_POINT('',(50.222625786481,-14.00000015));
#5742 = CARTESIAN_POINT('',(50.222625786481,-12.600000075));
#5743 = CARTESIAN_POINT('',(50.222625786481,-9.799999925));
#5744 = CARTESIAN_POINT('',(50.222625786481,-8.39999985));
#5745 = CARTESIAN_POINT('',(50.222625786481,-6.999999775));
#5746 = CARTESIAN_POINT('',(50.222625786481,-4.199999625));
#5747 = CARTESIAN_POINT('',(50.222625786481,-2.79999955));
#5748 = CARTESIAN_POINT('',(50.222625786481,-1.399999475));
#5749 = CARTESIAN_POINT('',(50.222625786481,5.999999999062E-07));
#5750 = ( GEOMETRIC_REPRESENTATION_CONTEXT(2) 
PARAMETRIC_REPRESENTATION_CONTEXT() REPRESENTATION_CONTEXT('2D SPACE',''
  ) );
#5751 = ORIENTED_EDGE('',*,*,#5752,.T.);
#5752 = EDGE_CURVE('',#5697,#5753,#5755,.T.);
#5753 = VERTEX_POINT('',#5754);
#5754 = CARTESIAN_POINT('',(-6.724271190269E-13,48.9,22.4));
#5755 = SURFACE_CURVE('',#5756,(#5761,#5768),.PCURVE_S1.);
#5756 = CIRCLE('',#5757,48.9);
#5757 = AXIS2_PLACEMENT_3D('',#5758,#5759,#5760);
#5758 = CARTESIAN_POINT('',(2.376054908382E-13,1.705302565824E-15,22.4)
  );
#5759 = DIRECTION('',(0.,0.,1.));
#5760 = DIRECTION('',(1.,0.,0.));
#5761 = PCURVE('',#1420,#5762);
#5762 = DEFINITIONAL_REPRESENTATION('',(#5763),#5767);
#5763 = LINE('',#5764,#5765);
#5764 = CARTESIAN_POINT('',(-0.,-22.4));
#5765 = VECTOR('',#5766,1.);
#5766 = DIRECTION('',(-1.,0.));
#5767 = ( GEOMETRIC_REPRESENTATION_CONTEXT(2) 
PARAMETRIC_REPRESENTATION_CONTEXT() REPRESENTATION_CONTEXT('2D SPACE',''
  ) );
#5768 = PCURVE('',#5472,#5769);
#5769 = DEFINITIONAL_REPRESENTATION('',(#5770),#5774);
#5770 = CIRCLE('',#5771,48.9);
#5771 = AXIS2_PLACEMENT_2D('',#5772,#5773);
#5772 = CARTESIAN_POINT('',(2.411061375775E-13,3.746380564403E-15));
#5773 = DIRECTION('',(1.,0.));
#5774 = ( GEOMETRIC_REPRESENTATION_CONTEXT(2) 
PARAMETRIC_REPRESENTATION_CONTEXT() REPRESENTATION_CONTEXT('2D SPACE',''
  ) );
#5775 = ORIENTED_EDGE('',*,*,#5776,.T.);
#5776 = EDGE_CURVE('',#5753,#1404,#5777,.T.);
#5777 = SURFACE_CURVE('',#5778,(#5782,#5788),.PCURVE_S1.);
#5778 = LINE('',#5779,#5780);
#5779 = CARTESIAN_POINT('',(3.552713678801E-15,48.9,0.));
#5780 = VECTOR('',#5781,1.);
#5781 = DIRECTION('',(-0.,-0.,-1.));
#5782 = PCURVE('',#1420,#5783);
#5783 = DEFINITIONAL_REPRESENTATION('',(#5784),#5787);
#5784 = B_SPLINE_CURVE_WITH_KNOTS('',1,(#5785,#5786),.UNSPECIFIED.,.F.,
  .F.,(2,2),(-22.4000006,6.E-07),.PIECEWISE_BEZIER_KNOTS.);
#5785 = CARTESIAN_POINT('',(-1.570796326795,-22.4000006));
#5786 = CARTESIAN_POINT('',(-1.570796326795,6.E-07));
#5787 = ( GEOMETRIC_REPRESENTATION_CONTEXT(2) 
PARAMETRIC_REPRESENTATION_CONTEXT() REPRESENTATION_CONTEXT('2D SPACE',''
  ) );
#5788 = PCURVE('',#1835,#5789);
#5789 = DEFINITIONAL_REPRESENTATION('',(#5790),#5793);
#5790 = B_SPLINE_CURVE_WITH_KNOTS('',1,(#5791,#5792),.UNSPECIFIED.,.F.,
  .F.,(2,2),(-22.4000006,6.E-07),.PIECEWISE_BEZIER_KNOTS.);
#5791 = CARTESIAN_POINT('',(1.052029834315,-22.4000006));
#5792 = CARTESIAN_POINT('',(1.052029834315,6.E-07));
#5793 = ( GEOMETRIC_REPRESENTATION_CONTEXT(2) 
PARAMETRIC_REPRESENTATION_CONTEXT() REPRESENTATION_CONTEXT('2D SPACE',''
  ) );
#5794 = ADVANCED_FACE('',(#5795),#1868,.F.);
#5795 = FACE_BOUND('',#5796,.T.);
#5796 = EDGE_LOOP('',(#5797,#5798,#5854,#5878));
#5797 = ORIENTED_EDGE('',*,*,#1849,.F.);
#5798 = ORIENTED_EDGE('',*,*,#5799,.F.);
#5799 = EDGE_CURVE('',#5800,#1850,#5802,.T.);
#5800 = VERTEX_POINT('',#5801);
#5801 = CARTESIAN_POINT('',(-3.267824487333,48.79068889778,22.4));
#5802 = SURFACE_CURVE('',#5803,(#5818,#5836),.PCURVE_S1.);
#5803 = B_SPLINE_CURVE_WITH_KNOTS('',4,(#5804,#5805,#5806,#5807,#5808,
    #5809,#5810,#5811,#5812,#5813,#5814,#5815,#5816,#5817),
  .UNSPECIFIED.,.F.,.F.,(5,3,3,3,5),(0.,0.25,0.5,0.75,1.),
  .UNSPECIFIED.);
#5804 = CARTESIAN_POINT('',(-3.267824487334,48.79068889778,22.4000006));
#5805 = CARTESIAN_POINT('',(-3.267824487334,48.79068889778,21.000000525)
  );
#5806 = CARTESIAN_POINT('',(-3.267824487334,48.79068889778,19.60000045)
  );
#5807 = CARTESIAN_POINT('',(-3.267824487334,48.79068889778,18.200000375)
  );
#5808 = CARTESIAN_POINT('',(-3.267824487334,48.79068889778,15.400000225)
  );
#5809 = CARTESIAN_POINT('',(-3.267824487334,48.79068889778,14.00000015)
  );
#5810 = CARTESIAN_POINT('',(-3.267824487334,48.79068889778,12.600000075)
  );
#5811 = CARTESIAN_POINT('',(-3.267824487334,48.79068889778,9.799999925)
  );
#5812 = CARTESIAN_POINT('',(-3.267824487334,48.79068889778,8.39999985));
#5813 = CARTESIAN_POINT('',(-3.267824487334,48.79068889778,6.999999775)
  );
#5814 = CARTESIAN_POINT('',(-3.267824487334,48.79068889778,4.199999625)
  );
#5815 = CARTESIAN_POINT('',(-3.267824487334,48.79068889778,2.79999955));
#5816 = CARTESIAN_POINT('',(-3.267824487334,48.79068889778,1.399999475)
  );
#5817 = CARTESIAN_POINT('',(-3.267824487334,48.79068889778,-6.E-07));
#5818 = PCURVE('',#1868,#5819);
#5819 = DEFINITIONAL_REPRESENTATION('',(#5820),#5835);
#5820 = B_SPLINE_CURVE_WITH_KNOTS('',4,(#5821,#5822,#5823,#5824,#5825,
    #5826,#5827,#5828,#5829,#5830,#5831,#5832,#5833,#5834),
  .UNSPECIFIED.,.F.,.F.,(5,3,3,3,5),(0.,0.25,0.5,0.75,1.),
  .UNSPECIFIED.);
#5821 = CARTESIAN_POINT('',(-1.637672842798,-22.4000006));
#5822 = CARTESIAN_POINT('',(-1.637672842798,-21.000000525));
#5823 = CARTESIAN_POINT('',(-1.637672842798,-19.60000045));
#5824 = CARTESIAN_POINT('',(-1.637672842798,-18.200000375));
#5825 = CARTESIAN_POINT('',(-1.637672842798,-15.400000225));
#5826 = CARTESIAN_POINT('',(-1.637672842798,-14.00000015));
#5827 = CARTESIAN_POINT('',(-1.637672842798,-12.600000075));
#5828 = CARTESIAN_POINT('',(-1.637672842798,-9.799999925));
#5829 = CARTESIAN_POINT('',(-1.637672842798,-8.39999985));
#5830 = CARTESIAN_POINT('',(-1.637672842798,-6.999999775));
#5831 = CARTESIAN_POINT('',(-1.637672842798,-4.199999625));
#5832 = CARTESIAN_POINT('',(-1.637672842798,-2.79999955));
#5833 = CARTESIAN_POINT('',(-1.637672842798,-1.399999475));
#5834 = CARTESIAN_POINT('',(-1.637672842798,5.999999999062E-07));
#5835 = ( GEOMETRIC_REPRESENTATION_CONTEXT(2) 
PARAMETRIC_REPRESENTATION_CONTEXT() REPRESENTATION_CONTEXT('2D SPACE',''
  ) );
#5836 = PCURVE('',#2002,#5837);
#5837 = DEFINITIONAL_REPRESENTATION('',(#5838),#5853);
#5838 = B_SPLINE_CURVE_WITH_KNOTS('',4,(#5839,#5840,#5841,#5842,#5843,
    #5844,#5845,#5846,#5847,#5848,#5849,#5850,#5851,#5852),
  .UNSPECIFIED.,.F.,.F.,(5,3,3,3,5),(0.,0.25,0.5,0.75,1.),
  .UNSPECIFIED.);
#5839 = CARTESIAN_POINT('',(50.222625786481,-22.4000006));
#5840 = CARTESIAN_POINT('',(50.222625786481,-21.000000525));
#5841 = CARTESIAN_POINT('',(50.222625786481,-19.60000045));
#5842 = CARTESIAN_POINT('',(50.222625786481,-18.200000375));
#5843 = CARTESIAN_POINT('',(50.222625786481,-15.400000225));
#5844 = CARTESIAN_POINT('',(50.222625786481,-14.00000015));
#5845 = CARTESIAN_POINT('',(50.222625786481,-12.600000075));
#5846 = CARTESIAN_POINT('',(50.222625786481,-9.799999925));
#5847 = CARTESIAN_POINT('',(50.222625786481,-8.39999985));
#5848 = CARTESIAN_POINT('',(50.222625786481,-6.999999775));
#5849 = CARTESIAN_POINT('',(50.222625786481,-4.199999625));
#5850 = CARTESIAN_POINT('',(50.222625786481,-2.79999955));
#5851 = CARTESIAN_POINT('',(50.222625786481,-1.399999475));
#5852 = CARTESIAN_POINT('',(50.222625786481,5.999999999062E-07));
#5853 = ( GEOMETRIC_REPRESENTATION_CONTEXT(2) 
PARAMETRIC_REPRESENTATION_CONTEXT() REPRESENTATION_CONTEXT('2D SPACE',''
  ) );
#5854 = ORIENTED_EDGE('',*,*,#5855,.T.);
#5855 = EDGE_CURVE('',#5800,#5856,#5858,.T.);
#5856 = VERTEX_POINT('',#5857);
#5857 = CARTESIAN_POINT('',(-24.45,42.348642245058,22.4));
#5858 = SURFACE_CURVE('',#5859,(#5864,#5871),.PCURVE_S1.);
#5859 = CIRCLE('',#5860,48.9);
#5860 = AXIS2_PLACEMENT_3D('',#5861,#5862,#5863);
#5861 = CARTESIAN_POINT('',(2.376054908382E-13,1.705302565824E-15,22.4)
  );
#5862 = DIRECTION('',(0.,0.,1.));
#5863 = DIRECTION('',(1.,0.,0.));
#5864 = PCURVE('',#1868,#5865);
#5865 = DEFINITIONAL_REPRESENTATION('',(#5866),#5870);
#5866 = LINE('',#5867,#5868);
#5867 = CARTESIAN_POINT('',(-0.,-22.4));
#5868 = VECTOR('',#5869,1.);
#5869 = DIRECTION('',(-1.,0.));
#5870 = ( GEOMETRIC_REPRESENTATION_CONTEXT(2) 
PARAMETRIC_REPRESENTATION_CONTEXT() REPRESENTATION_CONTEXT('2D SPACE',''
  ) );
#5871 = PCURVE('',#5472,#5872);
#5872 = DEFINITIONAL_REPRESENTATION('',(#5873),#5877);
#5873 = CIRCLE('',#5874,48.9);
#5874 = AXIS2_PLACEMENT_2D('',#5875,#5876);
#5875 = CARTESIAN_POINT('',(2.411061375775E-13,3.746380564403E-15));
#5876 = DIRECTION('',(1.,0.));
#5877 = ( GEOMETRIC_REPRESENTATION_CONTEXT(2) 
PARAMETRIC_REPRESENTATION_CONTEXT() REPRESENTATION_CONTEXT('2D SPACE',''
  ) );
#5878 = ORIENTED_EDGE('',*,*,#5879,.T.);
#5879 = EDGE_CURVE('',#5856,#1852,#5880,.T.);
#5880 = SURFACE_CURVE('',#5881,(#5885,#5891),.PCURVE_S1.);
#5881 = LINE('',#5882,#5883);
#5882 = CARTESIAN_POINT('',(-24.45,42.348642245059,0.));
#5883 = VECTOR('',#5884,1.);
#5884 = DIRECTION('',(-0.,-0.,-1.));
#5885 = PCURVE('',#1868,#5886);
#5886 = DEFINITIONAL_REPRESENTATION('',(#5887),#5890);
#5887 = B_SPLINE_CURVE_WITH_KNOTS('',1,(#5888,#5889),.UNSPECIFIED.,.F.,
  .F.,(2,2),(-22.4000006,6.E-07),.PIECEWISE_BEZIER_KNOTS.);
#5888 = CARTESIAN_POINT('',(-2.094395102393,-22.4000006));
#5889 = CARTESIAN_POINT('',(-2.094395102393,6.E-07));
#5890 = ( GEOMETRIC_REPRESENTATION_CONTEXT(2) 
PARAMETRIC_REPRESENTATION_CONTEXT() REPRESENTATION_CONTEXT('2D SPACE',''
  ) );
#5891 = PCURVE('',#2283,#5892);
#5892 = DEFINITIONAL_REPRESENTATION('',(#5893),#5896);
#5893 = B_SPLINE_CURVE_WITH_KNOTS('',1,(#5894,#5895),.UNSPECIFIED.,.F.,
  .F.,(2,2),(-22.4000006,6.E-07),.PIECEWISE_BEZIER_KNOTS.);
#5894 = CARTESIAN_POINT('',(1.052029834315,-22.4000006));
#5895 = CARTESIAN_POINT('',(1.052029834315,6.E-07));
#5896 = ( GEOMETRIC_REPRESENTATION_CONTEXT(2) 
PARAMETRIC_REPRESENTATION_CONTEXT() REPRESENTATION_CONTEXT('2D SPACE',''
  ) );
#5897 = ADVANCED_FACE('',(#5898),#2316,.F.);
#5898 = FACE_BOUND('',#5899,.T.);
#5899 = EDGE_LOOP('',(#5900,#5901,#5957,#5981));
#5900 = ORIENTED_EDGE('',*,*,#2297,.F.);
#5901 = ORIENTED_EDGE('',*,*,#5902,.F.);
#5902 = EDGE_CURVE('',#5903,#2298,#5905,.T.);
#5903 = VERTEX_POINT('',#5904);
#5904 = CARTESIAN_POINT('',(-27.22536347003,40.620063809954,22.4));
#5905 = SURFACE_CURVE('',#5906,(#5921,#5939),.PCURVE_S1.);
#5906 = B_SPLINE_CURVE_WITH_KNOTS('',4,(#5907,#5908,#5909,#5910,#5911,
    #5912,#5913,#5914,#5915,#5916,#5917,#5918,#5919,#5920),
  .UNSPECIFIED.,.F.,.F.,(5,3,3,3,5),(0.,0.25,0.5,0.75,1.),
  .UNSPECIFIED.);
#5907 = CARTESIAN_POINT('',(-27.22536347003,40.620063809954,22.4000006)
  );
#5908 = CARTESIAN_POINT('',(-27.22536347003,40.620063809954,21.000000525
    ));
#5909 = CARTESIAN_POINT('',(-27.22536347003,40.620063809954,19.60000045)
  );
#5910 = CARTESIAN_POINT('',(-27.22536347003,40.620063809954,18.200000375
    ));
#5911 = CARTESIAN_POINT('',(-27.22536347003,40.620063809954,15.400000225
    ));
#5912 = CARTESIAN_POINT('',(-27.22536347003,40.620063809954,14.00000015)
  );
#5913 = CARTESIAN_POINT('',(-27.22536347003,40.620063809954,12.600000075
    ));
#5914 = CARTESIAN_POINT('',(-27.22536347003,40.620063809954,9.799999925)
  );
#5915 = CARTESIAN_POINT('',(-27.22536347003,40.620063809954,8.39999985)
  );
#5916 = CARTESIAN_POINT('',(-27.22536347003,40.620063809954,6.999999775)
  );
#5917 = CARTESIAN_POINT('',(-27.22536347003,40.620063809954,4.199999625)
  );
#5918 = CARTESIAN_POINT('',(-27.22536347003,40.620063809954,2.79999955)
  );
#5919 = CARTESIAN_POINT('',(-27.22536347003,40.620063809954,1.399999475)
  );
#5920 = CARTESIAN_POINT('',(-27.22536347003,40.620063809954,-6.E-07));
#5921 = PCURVE('',#2316,#5922);
#5922 = DEFINITIONAL_REPRESENTATION('',(#5923),#5938);
#5923 = B_SPLINE_CURVE_WITH_KNOTS('',4,(#5924,#5925,#5926,#5927,#5928,
    #5929,#5930,#5931,#5932,#5933,#5934,#5935,#5936,#5937),
  .UNSPECIFIED.,.F.,.F.,(5,3,3,3,5),(0.,0.25,0.5,0.75,1.),
  .UNSPECIFIED.);
#5924 = CARTESIAN_POINT('',(-2.161271618397,-22.4000006));
#5925 = CARTESIAN_POINT('',(-2.161271618397,-21.000000525));
#5926 = CARTESIAN_POINT('',(-2.161271618397,-19.60000045));
#5927 = CARTESIAN_POINT('',(-2.161271618397,-18.200000375));
#5928 = CARTESIAN_POINT('',(-2.161271618397,-15.400000225));
#5929 = CARTESIAN_POINT('',(-2.161271618397,-14.00000015));
#5930 = CARTESIAN_POINT('',(-2.161271618397,-12.600000075));
#5931 = CARTESIAN_POINT('',(-2.161271618397,-9.799999925));
#5932 = CARTESIAN_POINT('',(-2.161271618397,-8.39999985));
#5933 = CARTESIAN_POINT('',(-2.161271618397,-6.999999775));
#5934 = CARTESIAN_POINT('',(-2.161271618397,-4.199999625));
#5935 = CARTESIAN_POINT('',(-2.161271618397,-2.79999955));
#5936 = CARTESIAN_POINT('',(-2.161271618397,-1.399999475));
#5937 = CARTESIAN_POINT('',(-2.161271618397,5.999999999062E-07));
#5938 = ( GEOMETRIC_REPRESENTATION_CONTEXT(2) 
PARAMETRIC_REPRESENTATION_CONTEXT() REPRESENTATION_CONTEXT('2D SPACE',''
  ) );
#5939 = PCURVE('',#2450,#5940);
#5940 = DEFINITIONAL_REPRESENTATION('',(#5941),#5956);
#5941 = B_SPLINE_CURVE_WITH_KNOTS('',4,(#5942,#5943,#5944,#5945,#5946,
    #5947,#5948,#5949,#5950,#5951,#5952,#5953,#5954,#5955),
  .UNSPECIFIED.,.F.,.F.,(5,3,3,3,5),(0.,0.25,0.5,0.75,1.),
  .UNSPECIFIED.);
#5942 = CARTESIAN_POINT('',(50.22262578648,-22.4000006));
#5943 = CARTESIAN_POINT('',(50.22262578648,-21.000000525));
#5944 = CARTESIAN_POINT('',(50.22262578648,-19.60000045));
#5945 = CARTESIAN_POINT('',(50.22262578648,-18.200000375));
#5946 = CARTESIAN_POINT('',(50.22262578648,-15.400000225));
#5947 = CARTESIAN_POINT('',(50.22262578648,-14.00000015));
#5948 = CARTESIAN_POINT('',(50.22262578648,-12.600000075));
#5949 = CARTESIAN_POINT('',(50.22262578648,-9.799999925));
#5950 = CARTESIAN_POINT('',(50.22262578648,-8.39999985));
#5951 = CARTESIAN_POINT('',(50.22262578648,-6.999999775));
#5952 = CARTESIAN_POINT('',(50.22262578648,-4.199999625));
#5953 = CARTESIAN_POINT('',(50.22262578648,-2.79999955));
#5954 = CARTESIAN_POINT('',(50.22262578648,-1.399999475));
#5955 = CARTESIAN_POINT('',(50.22262578648,5.999999999062E-07));
#5956 = ( GEOMETRIC_REPRESENTATION_CONTEXT(2) 
PARAMETRIC_REPRESENTATION_CONTEXT() REPRESENTATION_CONTEXT('2D SPACE',''
  ) );
#5957 = ORIENTED_EDGE('',*,*,#5958,.T.);
#5958 = EDGE_CURVE('',#5903,#5959,#5961,.T.);
#5959 = VERTEX_POINT('',#5960);
#5960 = CARTESIAN_POINT('',(-42.34864224505,24.45,22.4));
#5961 = SURFACE_CURVE('',#5962,(#5967,#5974),.PCURVE_S1.);
#5962 = CIRCLE('',#5963,48.9);
#5963 = AXIS2_PLACEMENT_3D('',#5964,#5965,#5966);
#5964 = CARTESIAN_POINT('',(2.376054908382E-13,1.705302565824E-15,22.4)
  );
#5965 = DIRECTION('',(0.,0.,1.));
#5966 = DIRECTION('',(1.,0.,0.));
#5967 = PCURVE('',#2316,#5968);
#5968 = DEFINITIONAL_REPRESENTATION('',(#5969),#5973);
#5969 = LINE('',#5970,#5971);
#5970 = CARTESIAN_POINT('',(-0.,-22.4));
#5971 = VECTOR('',#5972,1.);
#5972 = DIRECTION('',(-1.,0.));
#5973 = ( GEOMETRIC_REPRESENTATION_CONTEXT(2) 
PARAMETRIC_REPRESENTATION_CONTEXT() REPRESENTATION_CONTEXT('2D SPACE',''
  ) );
#5974 = PCURVE('',#5472,#5975);
#5975 = DEFINITIONAL_REPRESENTATION('',(#5976),#5980);
#5976 = CIRCLE('',#5977,48.9);
#5977 = AXIS2_PLACEMENT_2D('',#5978,#5979);
#5978 = CARTESIAN_POINT('',(2.411061375775E-13,3.746380564403E-15));
#5979 = DIRECTION('',(1.,0.));
#5980 = ( GEOMETRIC_REPRESENTATION_CONTEXT(2) 
PARAMETRIC_REPRESENTATION_CONTEXT() REPRESENTATION_CONTEXT('2D SPACE',''
  ) );
#5981 = ORIENTED_EDGE('',*,*,#5982,.T.);
#5982 = EDGE_CURVE('',#5959,#2300,#5983,.T.);
#5983 = SURFACE_CURVE('',#5984,(#5988,#5994),.PCURVE_S1.);
#5984 = LINE('',#5985,#5986);
#5985 = CARTESIAN_POINT('',(-42.34864224505,24.45,0.));
#5986 = VECTOR('',#5987,1.);
#5987 = DIRECTION('',(-0.,-0.,-1.));
#5988 = PCURVE('',#2316,#5989);
#5989 = DEFINITIONAL_REPRESENTATION('',(#5990),#5993);
#5990 = B_SPLINE_CURVE_WITH_KNOTS('',1,(#5991,#5992),.UNSPECIFIED.,.F.,
  .F.,(2,2),(-22.4000006,6.E-07),.PIECEWISE_BEZIER_KNOTS.);
#5991 = CARTESIAN_POINT('',(-2.617993877991,-22.4000006));
#5992 = CARTESIAN_POINT('',(-2.617993877991,6.E-07));
#5993 = ( GEOMETRIC_REPRESENTATION_CONTEXT(2) 
PARAMETRIC_REPRESENTATION_CONTEXT() REPRESENTATION_CONTEXT('2D SPACE',''
  ) );
#5994 = PCURVE('',#2731,#5995);
#5995 = DEFINITIONAL_REPRESENTATION('',(#5996),#5999);
#5996 = B_SPLINE_CURVE_WITH_KNOTS('',1,(#5997,#5998),.UNSPECIFIED.,.F.,
  .F.,(2,2),(-22.4000006,6.E-07),.PIECEWISE_BEZIER_KNOTS.);
#5997 = CARTESIAN_POINT('',(1.052029834316,-22.4000006));
#5998 = CARTESIAN_POINT('',(1.052029834316,6.E-07));
#5999 = ( GEOMETRIC_REPRESENTATION_CONTEXT(2) 
PARAMETRIC_REPRESENTATION_CONTEXT() REPRESENTATION_CONTEXT('2D SPACE',''
  ) );
#6000 = ADVANCED_FACE('',(#6001),#2764,.F.);
#6001 = FACE_BOUND('',#6002,.T.);
#6002 = EDGE_LOOP('',(#6003,#6004,#6060,#6084));
#6003 = ORIENTED_EDGE('',*,*,#2745,.F.);
#6004 = ORIENTED_EDGE('',*,*,#6005,.F.);
#6005 = EDGE_CURVE('',#6006,#2746,#6008,.T.);
#6006 = VERTEX_POINT('',#6007);
#6007 = CARTESIAN_POINT('',(-43.88788829728,21.56532542775,22.4));
#6008 = SURFACE_CURVE('',#6009,(#6024,#6042),.PCURVE_S1.);
#6009 = B_SPLINE_CURVE_WITH_KNOTS('',4,(#6010,#6011,#6012,#6013,#6014,
    #6015,#6016,#6017,#6018,#6019,#6020,#6021,#6022,#6023),
  .UNSPECIFIED.,.F.,.F.,(5,3,3,3,5),(0.,0.25,0.5,0.75,1.),
  .UNSPECIFIED.);
#6010 = CARTESIAN_POINT('',(-43.88788829728,21.56532542775,22.4000006));
#6011 = CARTESIAN_POINT('',(-43.88788829728,21.56532542775,21.000000525)
  );
#6012 = CARTESIAN_POINT('',(-43.88788829728,21.56532542775,19.60000045)
  );
#6013 = CARTESIAN_POINT('',(-43.88788829728,21.56532542775,18.200000375)
  );
#6014 = CARTESIAN_POINT('',(-43.88788829728,21.56532542775,15.400000225)
  );
#6015 = CARTESIAN_POINT('',(-43.88788829728,21.56532542775,14.00000015)
  );
#6016 = CARTESIAN_POINT('',(-43.88788829728,21.56532542775,12.600000075)
  );
#6017 = CARTESIAN_POINT('',(-43.88788829728,21.56532542775,9.799999925)
  );
#6018 = CARTESIAN_POINT('',(-43.88788829728,21.56532542775,8.39999985));
#6019 = CARTESIAN_POINT('',(-43.88788829728,21.56532542775,6.999999775)
  );
#6020 = CARTESIAN_POINT('',(-43.88788829728,21.56532542775,4.199999625)
  );
#6021 = CARTESIAN_POINT('',(-43.88788829728,21.56532542775,2.79999955));
#6022 = CARTESIAN_POINT('',(-43.88788829728,21.56532542775,1.399999475)
  );
#6023 = CARTESIAN_POINT('',(-43.88788829728,21.56532542775,-6.E-07));
#6024 = PCURVE('',#2764,#6025);
#6025 = DEFINITIONAL_REPRESENTATION('',(#6026),#6041);
#6026 = B_SPLINE_CURVE_WITH_KNOTS('',4,(#6027,#6028,#6029,#6030,#6031,
    #6032,#6033,#6034,#6035,#6036,#6037,#6038,#6039,#6040),
  .UNSPECIFIED.,.F.,.F.,(5,3,3,3,5),(0.,0.25,0.5,0.75,1.),
  .UNSPECIFIED.);
#6027 = CARTESIAN_POINT('',(-2.684870393995,-22.4000006));
#6028 = CARTESIAN_POINT('',(-2.684870393995,-21.000000525));
#6029 = CARTESIAN_POINT('',(-2.684870393995,-19.60000045));
#6030 = CARTESIAN_POINT('',(-2.684870393995,-18.200000375));
#6031 = CARTESIAN_POINT('',(-2.684870393995,-15.400000225));
#6032 = CARTESIAN_POINT('',(-2.684870393995,-14.00000015));
#6033 = CARTESIAN_POINT('',(-2.684870393995,-12.600000075));
#6034 = CARTESIAN_POINT('',(-2.684870393995,-9.799999925));
#6035 = CARTESIAN_POINT('',(-2.684870393995,-8.39999985));
#6036 = CARTESIAN_POINT('',(-2.684870393995,-6.999999775));
#6037 = CARTESIAN_POINT('',(-2.684870393995,-4.199999625));
#6038 = CARTESIAN_POINT('',(-2.684870393995,-2.79999955));
#6039 = CARTESIAN_POINT('',(-2.684870393995,-1.399999475));
#6040 = CARTESIAN_POINT('',(-2.684870393995,5.999999999062E-07));
#6041 = ( GEOMETRIC_REPRESENTATION_CONTEXT(2) 
PARAMETRIC_REPRESENTATION_CONTEXT() REPRESENTATION_CONTEXT('2D SPACE',''
  ) );
#6042 = PCURVE('',#2898,#6043);
#6043 = DEFINITIONAL_REPRESENTATION('',(#6044),#6059);
#6044 = B_SPLINE_CURVE_WITH_KNOTS('',4,(#6045,#6046,#6047,#6048,#6049,
    #6050,#6051,#6052,#6053,#6054,#6055,#6056,#6057,#6058),
  .UNSPECIFIED.,.F.,.F.,(5,3,3,3,5),(0.,0.25,0.5,0.75,1.),
  .UNSPECIFIED.);
#6045 = CARTESIAN_POINT('',(50.22262578648,-22.4000006));
#6046 = CARTESIAN_POINT('',(50.22262578648,-21.000000525));
#6047 = CARTESIAN_POINT('',(50.22262578648,-19.60000045));
#6048 = CARTESIAN_POINT('',(50.22262578648,-18.200000375));
#6049 = CARTESIAN_POINT('',(50.22262578648,-15.400000225));
#6050 = CARTESIAN_POINT('',(50.22262578648,-14.00000015));
#6051 = CARTESIAN_POINT('',(50.22262578648,-12.600000075));
#6052 = CARTESIAN_POINT('',(50.22262578648,-9.799999925));
#6053 = CARTESIAN_POINT('',(50.22262578648,-8.39999985));
#6054 = CARTESIAN_POINT('',(50.22262578648,-6.999999775));
#6055 = CARTESIAN_POINT('',(50.22262578648,-4.199999625));
#6056 = CARTESIAN_POINT('',(50.22262578648,-2.79999955));
#6057 = CARTESIAN_POINT('',(50.22262578648,-1.399999475));
#6058 = CARTESIAN_POINT('',(50.22262578648,5.999999999062E-07));
#6059 = ( GEOMETRIC_REPRESENTATION_CONTEXT(2) 
PARAMETRIC_REPRESENTATION_CONTEXT() REPRESENTATION_CONTEXT('2D SPACE',''
  ) );
#6060 = ORIENTED_EDGE('',*,*,#6061,.T.);
#6061 = EDGE_CURVE('',#6006,#6062,#6064,.T.);
#6062 = VERTEX_POINT('',#6063);
#6063 = CARTESIAN_POINT('',(-48.89999999999,1.154804020105E-12,22.4));
#6064 = SURFACE_CURVE('',#6065,(#6070,#6077),.PCURVE_S1.);
#6065 = CIRCLE('',#6066,48.9);
#6066 = AXIS2_PLACEMENT_3D('',#6067,#6068,#6069);
#6067 = CARTESIAN_POINT('',(2.376054908382E-13,1.705302565824E-15,22.4)
  );
#6068 = DIRECTION('',(0.,0.,1.));
#6069 = DIRECTION('',(1.,0.,0.));
#6070 = PCURVE('',#2764,#6071);
#6071 = DEFINITIONAL_REPRESENTATION('',(#6072),#6076);
#6072 = LINE('',#6073,#6074);
#6073 = CARTESIAN_POINT('',(-0.,-22.4));
#6074 = VECTOR('',#6075,1.);
#6075 = DIRECTION('',(-1.,0.));
#6076 = ( GEOMETRIC_REPRESENTATION_CONTEXT(2) 
PARAMETRIC_REPRESENTATION_CONTEXT() REPRESENTATION_CONTEXT('2D SPACE',''
  ) );
#6077 = PCURVE('',#5472,#6078);
#6078 = DEFINITIONAL_REPRESENTATION('',(#6079),#6083);
#6079 = CIRCLE('',#6080,48.9);
#6080 = AXIS2_PLACEMENT_2D('',#6081,#6082);
#6081 = CARTESIAN_POINT('',(2.411061375775E-13,3.746380564403E-15));
#6082 = DIRECTION('',(1.,0.));
#6083 = ( GEOMETRIC_REPRESENTATION_CONTEXT(2) 
PARAMETRIC_REPRESENTATION_CONTEXT() REPRESENTATION_CONTEXT('2D SPACE',''
  ) );
#6084 = ORIENTED_EDGE('',*,*,#6085,.T.);
#6085 = EDGE_CURVE('',#6062,#2748,#6086,.T.);
#6086 = SURFACE_CURVE('',#6087,(#6091,#6097),.PCURVE_S1.);
#6087 = LINE('',#6088,#6089);
#6088 = CARTESIAN_POINT('',(-48.9,8.526512829121E-14,0.));
#6089 = VECTOR('',#6090,1.);
#6090 = DIRECTION('',(-0.,-0.,-1.));
#6091 = PCURVE('',#2764,#6092);
#6092 = DEFINITIONAL_REPRESENTATION('',(#6093),#6096);
#6093 = B_SPLINE_CURVE_WITH_KNOTS('',1,(#6094,#6095),.UNSPECIFIED.,.F.,
  .F.,(2,2),(-22.4000006,6.E-07),.PIECEWISE_BEZIER_KNOTS.);
#6094 = CARTESIAN_POINT('',(-3.14159265359,-22.4000006));
#6095 = CARTESIAN_POINT('',(-3.14159265359,6.E-07));
#6096 = ( GEOMETRIC_REPRESENTATION_CONTEXT(2) 
PARAMETRIC_REPRESENTATION_CONTEXT() REPRESENTATION_CONTEXT('2D SPACE',''
  ) );
#6097 = PCURVE('',#3179,#6098);
#6098 = DEFINITIONAL_REPRESENTATION('',(#6099),#6102);
#6099 = B_SPLINE_CURVE_WITH_KNOTS('',1,(#6100,#6101),.UNSPECIFIED.,.F.,
  .F.,(2,2),(-22.4000006,6.E-07),.PIECEWISE_BEZIER_KNOTS.);
#6100 = CARTESIAN_POINT('',(1.052029834316,-22.4000006));
#6101 = CARTESIAN_POINT('',(1.052029834316,6.E-07));
#6102 = ( GEOMETRIC_REPRESENTATION_CONTEXT(2) 
PARAMETRIC_REPRESENTATION_CONTEXT() REPRESENTATION_CONTEXT('2D SPACE',''
  ) );
#6103 = ADVANCED_FACE('',(#6104),#3212,.F.);
#6104 = FACE_BOUND('',#6105,.T.);
#6105 = EDGE_LOOP('',(#6106,#6127,#6128,#6184));
#6106 = ORIENTED_EDGE('',*,*,#6107,.T.);
#6107 = EDGE_CURVE('',#6108,#3196,#6110,.T.);
#6108 = VERTEX_POINT('',#6109);
#6109 = CARTESIAN_POINT('',(-42.34864224505,-24.45,22.4));
#6110 = SURFACE_CURVE('',#6111,(#6115,#6121),.PCURVE_S1.);
#6111 = LINE('',#6112,#6113);
#6112 = CARTESIAN_POINT('',(-42.34864224505,-24.45,0.));
#6113 = VECTOR('',#6114,1.);
#6114 = DIRECTION('',(-0.,-0.,-1.));
#6115 = PCURVE('',#3212,#6116);
#6116 = DEFINITIONAL_REPRESENTATION('',(#6117),#6120);
#6117 = B_SPLINE_CURVE_WITH_KNOTS('',1,(#6118,#6119),.UNSPECIFIED.,.F.,
  .F.,(2,2),(-22.4000006,6.E-07),.PIECEWISE_BEZIER_KNOTS.);
#6118 = CARTESIAN_POINT('',(-3.665191429188,-22.4000006));
#6119 = CARTESIAN_POINT('',(-3.665191429188,6.E-07));
#6120 = ( GEOMETRIC_REPRESENTATION_CONTEXT(2) 
PARAMETRIC_REPRESENTATION_CONTEXT() REPRESENTATION_CONTEXT('2D SPACE',''
  ) );
#6121 = PCURVE('',#3627,#6122);
#6122 = DEFINITIONAL_REPRESENTATION('',(#6123),#6126);
#6123 = B_SPLINE_CURVE_WITH_KNOTS('',1,(#6124,#6125),.UNSPECIFIED.,.F.,
  .F.,(2,2),(-22.4000006,6.E-07),.PIECEWISE_BEZIER_KNOTS.);
#6124 = CARTESIAN_POINT('',(1.052029834316,-22.4000006));
#6125 = CARTESIAN_POINT('',(1.052029834316,6.E-07));
#6126 = ( GEOMETRIC_REPRESENTATION_CONTEXT(2) 
PARAMETRIC_REPRESENTATION_CONTEXT() REPRESENTATION_CONTEXT('2D SPACE',''
  ) );
#6127 = ORIENTED_EDGE('',*,*,#3193,.F.);
#6128 = ORIENTED_EDGE('',*,*,#6129,.F.);
#6129 = EDGE_CURVE('',#6130,#3194,#6132,.T.);
#6130 = VERTEX_POINT('',#6131);
#6131 = CARTESIAN_POINT('',(-48.79068889778,-3.267824487334,22.4));
#6132 = SURFACE_CURVE('',#6133,(#6148,#6166),.PCURVE_S1.);
#6133 = B_SPLINE_CURVE_WITH_KNOTS('',4,(#6134,#6135,#6136,#6137,#6138,
    #6139,#6140,#6141,#6142,#6143,#6144,#6145,#6146,#6147),
  .UNSPECIFIED.,.F.,.F.,(5,3,3,3,5),(0.,0.25,0.5,0.75,1.),
  .UNSPECIFIED.);
#6134 = CARTESIAN_POINT('',(-48.79068889778,-3.267824487334,22.4000006)
  );
#6135 = CARTESIAN_POINT('',(-48.79068889778,-3.267824487334,21.000000525
    ));
#6136 = CARTESIAN_POINT('',(-48.79068889778,-3.267824487334,19.60000045)
  );
#6137 = CARTESIAN_POINT('',(-48.79068889778,-3.267824487334,18.200000375
    ));
#6138 = CARTESIAN_POINT('',(-48.79068889778,-3.267824487334,15.400000225
    ));
#6139 = CARTESIAN_POINT('',(-48.79068889778,-3.267824487334,14.00000015)
  );
#6140 = CARTESIAN_POINT('',(-48.79068889778,-3.267824487334,12.600000075
    ));
#6141 = CARTESIAN_POINT('',(-48.79068889778,-3.267824487334,9.799999925)
  );
#6142 = CARTESIAN_POINT('',(-48.79068889778,-3.267824487334,8.39999985)
  );
#6143 = CARTESIAN_POINT('',(-48.79068889778,-3.267824487334,6.999999775)
  );
#6144 = CARTESIAN_POINT('',(-48.79068889778,-3.267824487334,4.199999625)
  );
#6145 = CARTESIAN_POINT('',(-48.79068889778,-3.267824487334,2.79999955)
  );
#6146 = CARTESIAN_POINT('',(-48.79068889778,-3.267824487334,1.399999475)
  );
#6147 = CARTESIAN_POINT('',(-48.79068889778,-3.267824487334,-6.E-07));
#6148 = PCURVE('',#3212,#6149);
#6149 = DEFINITIONAL_REPRESENTATION('',(#6150),#6165);
#6150 = B_SPLINE_CURVE_WITH_KNOTS('',4,(#6151,#6152,#6153,#6154,#6155,
    #6156,#6157,#6158,#6159,#6160,#6161,#6162,#6163,#6164),
  .UNSPECIFIED.,.F.,.F.,(5,3,3,3,5),(0.,0.25,0.5,0.75,1.),
  .UNSPECIFIED.);
#6151 = CARTESIAN_POINT('',(-3.208469169593,-22.4000006));
#6152 = CARTESIAN_POINT('',(-3.208469169593,-21.000000525));
#6153 = CARTESIAN_POINT('',(-3.208469169593,-19.60000045));
#6154 = CARTESIAN_POINT('',(-3.208469169593,-18.200000375));
#6155 = CARTESIAN_POINT('',(-3.208469169593,-15.400000225));
#6156 = CARTESIAN_POINT('',(-3.208469169593,-14.00000015));
#6157 = CARTESIAN_POINT('',(-3.208469169593,-12.600000075));
#6158 = CARTESIAN_POINT('',(-3.208469169593,-9.799999925));
#6159 = CARTESIAN_POINT('',(-3.208469169593,-8.39999985));
#6160 = CARTESIAN_POINT('',(-3.208469169593,-6.999999775));
#6161 = CARTESIAN_POINT('',(-3.208469169593,-4.199999625));
#6162 = CARTESIAN_POINT('',(-3.208469169593,-2.79999955));
#6163 = CARTESIAN_POINT('',(-3.208469169593,-1.399999475));
#6164 = CARTESIAN_POINT('',(-3.208469169593,5.999999999062E-07));
#6165 = ( GEOMETRIC_REPRESENTATION_CONTEXT(2) 
PARAMETRIC_REPRESENTATION_CONTEXT() REPRESENTATION_CONTEXT('2D SPACE',''
  ) );
#6166 = PCURVE('',#3346,#6167);
#6167 = DEFINITIONAL_REPRESENTATION('',(#6168),#6183);
#6168 = B_SPLINE_CURVE_WITH_KNOTS('',4,(#6169,#6170,#6171,#6172,#6173,
    #6174,#6175,#6176,#6177,#6178,#6179,#6180,#6181,#6182),
  .UNSPECIFIED.,.F.,.F.,(5,3,3,3,5),(0.,0.25,0.5,0.75,1.),
  .UNSPECIFIED.);
#6169 = CARTESIAN_POINT('',(50.22262578648,-22.4000006));
#6170 = CARTESIAN_POINT('',(50.22262578648,-21.000000525));
#6171 = CARTESIAN_POINT('',(50.22262578648,-19.60000045));
#6172 = CARTESIAN_POINT('',(50.22262578648,-18.200000375));
#6173 = CARTESIAN_POINT('',(50.22262578648,-15.400000225));
#6174 = CARTESIAN_POINT('',(50.22262578648,-14.00000015));
#6175 = CARTESIAN_POINT('',(50.22262578648,-12.600000075));
#6176 = CARTESIAN_POINT('',(50.22262578648,-9.799999925));
#6177 = CARTESIAN_POINT('',(50.22262578648,-8.39999985));
#6178 = CARTESIAN_POINT('',(50.22262578648,-6.999999775));
#6179 = CARTESIAN_POINT('',(50.22262578648,-4.199999625));
#6180 = CARTESIAN_POINT('',(50.22262578648,-2.79999955));
#6181 = CARTESIAN_POINT('',(50.22262578648,-1.399999475));
#6182 = CARTESIAN_POINT('',(50.22262578648,5.999999999062E-07));
#6183 = ( GEOMETRIC_REPRESENTATION_CONTEXT(2) 
PARAMETRIC_REPRESENTATION_CONTEXT() REPRESENTATION_CONTEXT('2D SPACE',''
  ) );
#6184 = ORIENTED_EDGE('',*,*,#6185,.T.);
#6185 = EDGE_CURVE('',#6130,#6108,#6186,.T.);
#6186 = SURFACE_CURVE('',#6187,(#6192,#6199),.PCURVE_S1.);
#6187 = CIRCLE('',#6188,48.9);
#6188 = AXIS2_PLACEMENT_3D('',#6189,#6190,#6191);
#6189 = CARTESIAN_POINT('',(2.376054908382E-13,1.705302565824E-15,22.4)
  );
#6190 = DIRECTION('',(0.,0.,1.));
#6191 = DIRECTION('',(1.,0.,0.));
#6192 = PCURVE('',#3212,#6193);
#6193 = DEFINITIONAL_REPRESENTATION('',(#6194),#6198);
#6194 = LINE('',#6195,#6196);
#6195 = CARTESIAN_POINT('',(-0.,-22.4));
#6196 = VECTOR('',#6197,1.);
#6197 = DIRECTION('',(-1.,0.));
#6198 = ( GEOMETRIC_REPRESENTATION_CONTEXT(2) 
PARAMETRIC_REPRESENTATION_CONTEXT() REPRESENTATION_CONTEXT('2D SPACE',''
  ) );
#6199 = PCURVE('',#5472,#6200);
#6200 = DEFINITIONAL_REPRESENTATION('',(#6201),#6205);
#6201 = CIRCLE('',#6202,48.9);
#6202 = AXIS2_PLACEMENT_2D('',#6203,#6204);
#6203 = CARTESIAN_POINT('',(2.411061375775E-13,3.746380564403E-15));
#6204 = DIRECTION('',(1.,0.));
#6205 = ( GEOMETRIC_REPRESENTATION_CONTEXT(2) 
PARAMETRIC_REPRESENTATION_CONTEXT() REPRESENTATION_CONTEXT('2D SPACE',''
  ) );
#6206 = ADVANCED_FACE('',(#6207),#3660,.F.);
#6207 = FACE_BOUND('',#6208,.T.);
#6208 = EDGE_LOOP('',(#6209,#6230,#6231,#6287));
#6209 = ORIENTED_EDGE('',*,*,#6210,.T.);
#6210 = EDGE_CURVE('',#6211,#3644,#6213,.T.);
#6211 = VERTEX_POINT('',#6212);
#6212 = CARTESIAN_POINT('',(-24.45,-42.34864224505,22.4));
#6213 = SURFACE_CURVE('',#6214,(#6218,#6224),.PCURVE_S1.);
#6214 = LINE('',#6215,#6216);
#6215 = CARTESIAN_POINT('',(-24.45,-42.34864224505,0.));
#6216 = VECTOR('',#6217,1.);
#6217 = DIRECTION('',(-0.,-0.,-1.));
#6218 = PCURVE('',#3660,#6219);
#6219 = DEFINITIONAL_REPRESENTATION('',(#6220),#6223);
#6220 = B_SPLINE_CURVE_WITH_KNOTS('',1,(#6221,#6222),.UNSPECIFIED.,.F.,
  .F.,(2,2),(-22.4000006,6.E-07),.PIECEWISE_BEZIER_KNOTS.);
#6221 = CARTESIAN_POINT('',(-4.188790204786,-22.4000006));
#6222 = CARTESIAN_POINT('',(-4.188790204786,6.E-07));
#6223 = ( GEOMETRIC_REPRESENTATION_CONTEXT(2) 
PARAMETRIC_REPRESENTATION_CONTEXT() REPRESENTATION_CONTEXT('2D SPACE',''
  ) );
#6224 = PCURVE('',#4075,#6225);
#6225 = DEFINITIONAL_REPRESENTATION('',(#6226),#6229);
#6226 = B_SPLINE_CURVE_WITH_KNOTS('',1,(#6227,#6228),.UNSPECIFIED.,.F.,
  .F.,(2,2),(-22.4000006,6.E-07),.PIECEWISE_BEZIER_KNOTS.);
#6227 = CARTESIAN_POINT('',(1.052029834315,-22.4000006));
#6228 = CARTESIAN_POINT('',(1.052029834315,6.E-07));
#6229 = ( GEOMETRIC_REPRESENTATION_CONTEXT(2) 
PARAMETRIC_REPRESENTATION_CONTEXT() REPRESENTATION_CONTEXT('2D SPACE',''
  ) );
#6230 = ORIENTED_EDGE('',*,*,#3641,.F.);
#6231 = ORIENTED_EDGE('',*,*,#6232,.F.);
#6232 = EDGE_CURVE('',#6233,#3642,#6235,.T.);
#6233 = VERTEX_POINT('',#6234);
#6234 = CARTESIAN_POINT('',(-40.62006380995,-27.22536347003,22.4));
#6235 = SURFACE_CURVE('',#6236,(#6251,#6269),.PCURVE_S1.);
#6236 = B_SPLINE_CURVE_WITH_KNOTS('',4,(#6237,#6238,#6239,#6240,#6241,
    #6242,#6243,#6244,#6245,#6246,#6247,#6248,#6249,#6250),
  .UNSPECIFIED.,.F.,.F.,(5,3,3,3,5),(0.,0.25,0.5,0.75,1.),
  .UNSPECIFIED.);
#6237 = CARTESIAN_POINT('',(-40.62006380995,-27.22536347003,22.4000006)
  );
#6238 = CARTESIAN_POINT('',(-40.62006380995,-27.22536347003,21.000000525
    ));
#6239 = CARTESIAN_POINT('',(-40.62006380995,-27.22536347003,19.60000045)
  );
#6240 = CARTESIAN_POINT('',(-40.62006380995,-27.22536347003,18.200000375
    ));
#6241 = CARTESIAN_POINT('',(-40.62006380995,-27.22536347003,15.400000225
    ));
#6242 = CARTESIAN_POINT('',(-40.62006380995,-27.22536347003,14.00000015)
  );
#6243 = CARTESIAN_POINT('',(-40.62006380995,-27.22536347003,12.600000075
    ));
#6244 = CARTESIAN_POINT('',(-40.62006380995,-27.22536347003,9.799999925)
  );
#6245 = CARTESIAN_POINT('',(-40.62006380995,-27.22536347003,8.39999985)
  );
#6246 = CARTESIAN_POINT('',(-40.62006380995,-27.22536347003,6.999999775)
  );
#6247 = CARTESIAN_POINT('',(-40.62006380995,-27.22536347003,4.199999625)
  );
#6248 = CARTESIAN_POINT('',(-40.62006380995,-27.22536347003,2.79999955)
  );
#6249 = CARTESIAN_POINT('',(-40.62006380995,-27.22536347003,1.399999475)
  );
#6250 = CARTESIAN_POINT('',(-40.62006380995,-27.22536347003,-6.E-07));
#6251 = PCURVE('',#3660,#6252);
#6252 = DEFINITIONAL_REPRESENTATION('',(#6253),#6268);
#6253 = B_SPLINE_CURVE_WITH_KNOTS('',4,(#6254,#6255,#6256,#6257,#6258,
    #6259,#6260,#6261,#6262,#6263,#6264,#6265,#6266,#6267),
  .UNSPECIFIED.,.F.,.F.,(5,3,3,3,5),(0.,0.25,0.5,0.75,1.),
  .UNSPECIFIED.);
#6254 = CARTESIAN_POINT('',(-3.732067945191,-22.4000006));
#6255 = CARTESIAN_POINT('',(-3.732067945191,-21.000000525));
#6256 = CARTESIAN_POINT('',(-3.732067945191,-19.60000045));
#6257 = CARTESIAN_POINT('',(-3.732067945191,-18.200000375));
#6258 = CARTESIAN_POINT('',(-3.732067945191,-15.400000225));
#6259 = CARTESIAN_POINT('',(-3.732067945191,-14.00000015));
#6260 = CARTESIAN_POINT('',(-3.732067945191,-12.600000075));
#6261 = CARTESIAN_POINT('',(-3.732067945191,-9.799999925));
#6262 = CARTESIAN_POINT('',(-3.732067945191,-8.39999985));
#6263 = CARTESIAN_POINT('',(-3.732067945191,-6.999999775));
#6264 = CARTESIAN_POINT('',(-3.732067945191,-4.199999625));
#6265 = CARTESIAN_POINT('',(-3.732067945191,-2.79999955));
#6266 = CARTESIAN_POINT('',(-3.732067945191,-1.399999475));
#6267 = CARTESIAN_POINT('',(-3.732067945191,5.999999999062E-07));
#6268 = ( GEOMETRIC_REPRESENTATION_CONTEXT(2) 
PARAMETRIC_REPRESENTATION_CONTEXT() REPRESENTATION_CONTEXT('2D SPACE',''
  ) );
#6269 = PCURVE('',#3794,#6270);
#6270 = DEFINITIONAL_REPRESENTATION('',(#6271),#6286);
#6271 = B_SPLINE_CURVE_WITH_KNOTS('',4,(#6272,#6273,#6274,#6275,#6276,
    #6277,#6278,#6279,#6280,#6281,#6282,#6283,#6284,#6285),
  .UNSPECIFIED.,.F.,.F.,(5,3,3,3,5),(0.,0.25,0.5,0.75,1.),
  .UNSPECIFIED.);
#6272 = CARTESIAN_POINT('',(50.22262578648,-22.4000006));
#6273 = CARTESIAN_POINT('',(50.22262578648,-21.000000525));
#6274 = CARTESIAN_POINT('',(50.22262578648,-19.60000045));
#6275 = CARTESIAN_POINT('',(50.22262578648,-18.200000375));
#6276 = CARTESIAN_POINT('',(50.22262578648,-15.400000225));
#6277 = CARTESIAN_POINT('',(50.22262578648,-14.00000015));
#6278 = CARTESIAN_POINT('',(50.22262578648,-12.600000075));
#6279 = CARTESIAN_POINT('',(50.22262578648,-9.799999925));
#6280 = CARTESIAN_POINT('',(50.22262578648,-8.39999985));
#6281 = CARTESIAN_POINT('',(50.22262578648,-6.999999775));
#6282 = CARTESIAN_POINT('',(50.22262578648,-4.199999625));
#6283 = CARTESIAN_POINT('',(50.22262578648,-2.79999955));
#6284 = CARTESIAN_POINT('',(50.22262578648,-1.399999475));
#6285 = CARTESIAN_POINT('',(50.22262578648,5.999999999062E-07));
#6286 = ( GEOMETRIC_REPRESENTATION_CONTEXT(2) 
PARAMETRIC_REPRESENTATION_CONTEXT() REPRESENTATION_CONTEXT('2D SPACE',''
  ) );
#6287 = ORIENTED_EDGE('',*,*,#6288,.T.);
#6288 = EDGE_CURVE('',#6233,#6211,#6289,.T.);
#6289 = SURFACE_CURVE('',#6290,(#6295,#6302),.PCURVE_S1.);
#6290 = CIRCLE('',#6291,48.9);
#6291 = AXIS2_PLACEMENT_3D('',#6292,#6293,#6294);
#6292 = CARTESIAN_POINT('',(2.376054908382E-13,1.705302565824E-15,22.4)
  );
#6293 = DIRECTION('',(0.,0.,1.));
#6294 = DIRECTION('',(1.,0.,0.));
#6295 = PCURVE('',#3660,#6296);
#6296 = DEFINITIONAL_REPRESENTATION('',(#6297),#6301);
#6297 = LINE('',#6298,#6299);
#6298 = CARTESIAN_POINT('',(-0.,-22.4));
#6299 = VECTOR('',#6300,1.);
#6300 = DIRECTION('',(-1.,0.));
#6301 = ( GEOMETRIC_REPRESENTATION_CONTEXT(2) 
PARAMETRIC_REPRESENTATION_CONTEXT() REPRESENTATION_CONTEXT('2D SPACE',''
  ) );
#6302 = PCURVE('',#5472,#6303);
#6303 = DEFINITIONAL_REPRESENTATION('',(#6304),#6308);
#6304 = CIRCLE('',#6305,48.9);
#6305 = AXIS2_PLACEMENT_2D('',#6306,#6307);
#6306 = CARTESIAN_POINT('',(2.411061375775E-13,3.746380564403E-15));
#6307 = DIRECTION('',(1.,0.));
#6308 = ( GEOMETRIC_REPRESENTATION_CONTEXT(2) 
PARAMETRIC_REPRESENTATION_CONTEXT() REPRESENTATION_CONTEXT('2D SPACE',''
  ) );
#6309 = ADVANCED_FACE('',(#6310),#4108,.F.);
#6310 = FACE_BOUND('',#6311,.T.);
#6311 = EDGE_LOOP('',(#6312,#6333,#6334,#6390));
#6312 = ORIENTED_EDGE('',*,*,#6313,.T.);
#6313 = EDGE_CURVE('',#6314,#4092,#6316,.T.);
#6314 = VERTEX_POINT('',#6315);
#6315 = CARTESIAN_POINT('',(-6.44520532933E-13,-48.9,22.4));
#6316 = SURFACE_CURVE('',#6317,(#6321,#6327),.PCURVE_S1.);
#6317 = LINE('',#6318,#6319);
#6318 = CARTESIAN_POINT('',(-1.24344978758E-14,-48.9,0.));
#6319 = VECTOR('',#6320,1.);
#6320 = DIRECTION('',(-0.,-0.,-1.));
#6321 = PCURVE('',#4108,#6322);
#6322 = DEFINITIONAL_REPRESENTATION('',(#6323),#6326);
#6323 = B_SPLINE_CURVE_WITH_KNOTS('',1,(#6324,#6325),.UNSPECIFIED.,.F.,
  .F.,(2,2),(-22.4000006,6.E-07),.PIECEWISE_BEZIER_KNOTS.);
#6324 = CARTESIAN_POINT('',(-4.712388980385,-22.4000006));
#6325 = CARTESIAN_POINT('',(-4.712388980385,6.E-07));
#6326 = ( GEOMETRIC_REPRESENTATION_CONTEXT(2) 
PARAMETRIC_REPRESENTATION_CONTEXT() REPRESENTATION_CONTEXT('2D SPACE',''
  ) );
#6327 = PCURVE('',#4523,#6328);
#6328 = DEFINITIONAL_REPRESENTATION('',(#6329),#6332);
#6329 = B_SPLINE_CURVE_WITH_KNOTS('',1,(#6330,#6331),.UNSPECIFIED.,.F.,
  .F.,(2,2),(-22.4000006,6.E-07),.PIECEWISE_BEZIER_KNOTS.);
#6330 = CARTESIAN_POINT('',(1.052029834315,-22.4000006));
#6331 = CARTESIAN_POINT('',(1.052029834315,6.E-07));
#6332 = ( GEOMETRIC_REPRESENTATION_CONTEXT(2) 
PARAMETRIC_REPRESENTATION_CONTEXT() REPRESENTATION_CONTEXT('2D SPACE',''
  ) );
#6333 = ORIENTED_EDGE('',*,*,#4089,.F.);
#6334 = ORIENTED_EDGE('',*,*,#6335,.F.);
#6335 = EDGE_CURVE('',#6336,#4090,#6338,.T.);
#6336 = VERTEX_POINT('',#6337);
#6337 = CARTESIAN_POINT('',(-21.56532542775,-43.88788829728,22.4));
#6338 = SURFACE_CURVE('',#6339,(#6354,#6372),.PCURVE_S1.);
#6339 = B_SPLINE_CURVE_WITH_KNOTS('',4,(#6340,#6341,#6342,#6343,#6344,
    #6345,#6346,#6347,#6348,#6349,#6350,#6351,#6352,#6353),
  .UNSPECIFIED.,.F.,.F.,(5,3,3,3,5),(0.,0.25,0.5,0.75,1.),
  .UNSPECIFIED.);
#6340 = CARTESIAN_POINT('',(-21.56532542775,-43.88788829728,22.4000006)
  );
#6341 = CARTESIAN_POINT('',(-21.56532542775,-43.88788829728,21.000000525
    ));
#6342 = CARTESIAN_POINT('',(-21.56532542775,-43.88788829728,19.60000045)
  );
#6343 = CARTESIAN_POINT('',(-21.56532542775,-43.88788829728,18.200000375
    ));
#6344 = CARTESIAN_POINT('',(-21.56532542775,-43.88788829728,15.400000225
    ));
#6345 = CARTESIAN_POINT('',(-21.56532542775,-43.88788829728,14.00000015)
  );
#6346 = CARTESIAN_POINT('',(-21.56532542775,-43.88788829728,12.600000075
    ));
#6347 = CARTESIAN_POINT('',(-21.56532542775,-43.88788829728,9.799999925)
  );
#6348 = CARTESIAN_POINT('',(-21.56532542775,-43.88788829728,8.39999985)
  );
#6349 = CARTESIAN_POINT('',(-21.56532542775,-43.88788829728,6.999999775)
  );
#6350 = CARTESIAN_POINT('',(-21.56532542775,-43.88788829728,4.199999625)
  );
#6351 = CARTESIAN_POINT('',(-21.56532542775,-43.88788829728,2.79999955)
  );
#6352 = CARTESIAN_POINT('',(-21.56532542775,-43.88788829728,1.399999475)
  );
#6353 = CARTESIAN_POINT('',(-21.56532542775,-43.88788829728,-6.E-07));
#6354 = PCURVE('',#4108,#6355);
#6355 = DEFINITIONAL_REPRESENTATION('',(#6356),#6371);
#6356 = B_SPLINE_CURVE_WITH_KNOTS('',4,(#6357,#6358,#6359,#6360,#6361,
    #6362,#6363,#6364,#6365,#6366,#6367,#6368,#6369,#6370),
  .UNSPECIFIED.,.F.,.F.,(5,3,3,3,5),(0.,0.25,0.5,0.75,1.),
  .UNSPECIFIED.);
#6357 = CARTESIAN_POINT('',(-4.25566672079,-22.4000006));
#6358 = CARTESIAN_POINT('',(-4.25566672079,-21.000000525));
#6359 = CARTESIAN_POINT('',(-4.25566672079,-19.60000045));
#6360 = CARTESIAN_POINT('',(-4.25566672079,-18.200000375));
#6361 = CARTESIAN_POINT('',(-4.25566672079,-15.400000225));
#6362 = CARTESIAN_POINT('',(-4.25566672079,-14.00000015));
#6363 = CARTESIAN_POINT('',(-4.25566672079,-12.600000075));
#6364 = CARTESIAN_POINT('',(-4.25566672079,-9.799999925));
#6365 = CARTESIAN_POINT('',(-4.25566672079,-8.39999985));
#6366 = CARTESIAN_POINT('',(-4.25566672079,-6.999999775));
#6367 = CARTESIAN_POINT('',(-4.25566672079,-4.199999625));
#6368 = CARTESIAN_POINT('',(-4.25566672079,-2.79999955));
#6369 = CARTESIAN_POINT('',(-4.25566672079,-1.399999475));
#6370 = CARTESIAN_POINT('',(-4.25566672079,5.999999999062E-07));
#6371 = ( GEOMETRIC_REPRESENTATION_CONTEXT(2) 
PARAMETRIC_REPRESENTATION_CONTEXT() REPRESENTATION_CONTEXT('2D SPACE',''
  ) );
#6372 = PCURVE('',#4242,#6373);
#6373 = DEFINITIONAL_REPRESENTATION('',(#6374),#6389);
#6374 = B_SPLINE_CURVE_WITH_KNOTS('',4,(#6375,#6376,#6377,#6378,#6379,
    #6380,#6381,#6382,#6383,#6384,#6385,#6386,#6387,#6388),
  .UNSPECIFIED.,.F.,.F.,(5,3,3,3,5),(0.,0.25,0.5,0.75,1.),
  .UNSPECIFIED.);
#6375 = CARTESIAN_POINT('',(50.22262578648,-22.4000006));
#6376 = CARTESIAN_POINT('',(50.22262578648,-21.000000525));
#6377 = CARTESIAN_POINT('',(50.22262578648,-19.60000045));
#6378 = CARTESIAN_POINT('',(50.22262578648,-18.200000375));
#6379 = CARTESIAN_POINT('',(50.22262578648,-15.400000225));
#6380 = CARTESIAN_POINT('',(50.22262578648,-14.00000015));
#6381 = CARTESIAN_POINT('',(50.22262578648,-12.600000075));
#6382 = CARTESIAN_POINT('',(50.22262578648,-9.799999925));
#6383 = CARTESIAN_POINT('',(50.22262578648,-8.39999985));
#6384 = CARTESIAN_POINT('',(50.22262578648,-6.999999775));
#6385 = CARTESIAN_POINT('',(50.22262578648,-4.199999625));
#6386 = CARTESIAN_POINT('',(50.22262578648,-2.79999955));
#6387 = CARTESIAN_POINT('',(50.22262578648,-1.399999475));
#6388 = CARTESIAN_POINT('',(50.22262578648,5.999999999062E-07));
#6389 = ( GEOMETRIC_REPRESENTATION_CONTEXT(2) 
PARAMETRIC_REPRESENTATION_CONTEXT() REPRESENTATION_CONTEXT('2D SPACE',''
  ) );
#6390 = ORIENTED_EDGE('',*,*,#6391,.T.);
#6391 = EDGE_CURVE('',#6336,#6314,#6392,.T.);
#6392 = SURFACE_CURVE('',#6393,(#6398,#6405),.PCURVE_S1.);
#6393 = CIRCLE('',#6394,48.9);
#6394 = AXIS2_PLACEMENT_3D('',#6395,#6396,#6397);
#6395 = CARTESIAN_POINT('',(2.376054908382E-13,1.705302565824E-15,22.4)
  );
#6396 = DIRECTION('',(0.,0.,1.));
#6397 = DIRECTION('',(1.,0.,0.));
#6398 = PCURVE('',#4108,#6399);
#6399 = DEFINITIONAL_REPRESENTATION('',(#6400),#6404);
#6400 = LINE('',#6401,#6402);
#6401 = CARTESIAN_POINT('',(-0.,-22.4));
#6402 = VECTOR('',#6403,1.);
#6403 = DIRECTION('',(-1.,0.));
#6404 = ( GEOMETRIC_REPRESENTATION_CONTEXT(2) 
PARAMETRIC_REPRESENTATION_CONTEXT() REPRESENTATION_CONTEXT('2D SPACE',''
  ) );
#6405 = PCURVE('',#5472,#6406);
#6406 = DEFINITIONAL_REPRESENTATION('',(#6407),#6411);
#6407 = CIRCLE('',#6408,48.9);
#6408 = AXIS2_PLACEMENT_2D('',#6409,#6410);
#6409 = CARTESIAN_POINT('',(2.411061375775E-13,3.746380564403E-15));
#6410 = DIRECTION('',(1.,0.));
#6411 = ( GEOMETRIC_REPRESENTATION_CONTEXT(2) 
PARAMETRIC_REPRESENTATION_CONTEXT() REPRESENTATION_CONTEXT('2D SPACE',''
  ) );
#6412 = ADVANCED_FACE('',(#6413),#4556,.F.);
#6413 = FACE_BOUND('',#6414,.T.);
#6414 = EDGE_LOOP('',(#6415,#6436,#6437,#6493));
#6415 = ORIENTED_EDGE('',*,*,#6416,.T.);
#6416 = EDGE_CURVE('',#6417,#4540,#6419,.T.);
#6417 = VERTEX_POINT('',#6418);
#6418 = CARTESIAN_POINT('',(24.450000000002,-42.34864224505,22.4));
#6419 = SURFACE_CURVE('',#6420,(#6424,#6430),.PCURVE_S1.);
#6420 = LINE('',#6421,#6422);
#6421 = CARTESIAN_POINT('',(24.45,-42.34864224505,0.));
#6422 = VECTOR('',#6423,1.);
#6423 = DIRECTION('',(-0.,-0.,-1.));
#6424 = PCURVE('',#4556,#6425);
#6425 = DEFINITIONAL_REPRESENTATION('',(#6426),#6429);
#6426 = B_SPLINE_CURVE_WITH_KNOTS('',1,(#6427,#6428),.UNSPECIFIED.,.F.,
  .F.,(2,2),(-22.4000006,6.E-07),.PIECEWISE_BEZIER_KNOTS.);
#6427 = CARTESIAN_POINT('',(-5.235987755983,-22.4000006));
#6428 = CARTESIAN_POINT('',(-5.235987755983,6.E-07));
#6429 = ( GEOMETRIC_REPRESENTATION_CONTEXT(2) 
PARAMETRIC_REPRESENTATION_CONTEXT() REPRESENTATION_CONTEXT('2D SPACE',''
  ) );
#6430 = PCURVE('',#4971,#6431);
#6431 = DEFINITIONAL_REPRESENTATION('',(#6432),#6435);
#6432 = B_SPLINE_CURVE_WITH_KNOTS('',1,(#6433,#6434),.UNSPECIFIED.,.F.,
  .F.,(2,2),(-22.4000006,6.E-07),.PIECEWISE_BEZIER_KNOTS.);
#6433 = CARTESIAN_POINT('',(1.052029834315,-22.4000006));
#6434 = CARTESIAN_POINT('',(1.052029834315,6.E-07));
#6435 = ( GEOMETRIC_REPRESENTATION_CONTEXT(2) 
PARAMETRIC_REPRESENTATION_CONTEXT() REPRESENTATION_CONTEXT('2D SPACE',''
  ) );
#6436 = ORIENTED_EDGE('',*,*,#4537,.F.);
#6437 = ORIENTED_EDGE('',*,*,#6438,.F.);
#6438 = EDGE_CURVE('',#6439,#4538,#6441,.T.);
#6439 = VERTEX_POINT('',#6440);
#6440 = CARTESIAN_POINT('',(3.267824487333,-48.79068889778,22.4));
#6441 = SURFACE_CURVE('',#6442,(#6457,#6475),.PCURVE_S1.);
#6442 = B_SPLINE_CURVE_WITH_KNOTS('',4,(#6443,#6444,#6445,#6446,#6447,
    #6448,#6449,#6450,#6451,#6452,#6453,#6454,#6455,#6456),
  .UNSPECIFIED.,.F.,.F.,(5,3,3,3,5),(0.,0.25,0.5,0.75,1.),
  .UNSPECIFIED.);
#6443 = CARTESIAN_POINT('',(3.267824487333,-48.79068889778,22.4000006));
#6444 = CARTESIAN_POINT('',(3.267824487333,-48.79068889778,21.000000525)
  );
#6445 = CARTESIAN_POINT('',(3.267824487333,-48.79068889778,19.60000045)
  );
#6446 = CARTESIAN_POINT('',(3.267824487333,-48.79068889778,18.200000375)
  );
#6447 = CARTESIAN_POINT('',(3.267824487333,-48.79068889778,15.400000225)
  );
#6448 = CARTESIAN_POINT('',(3.267824487333,-48.79068889778,14.00000015)
  );
#6449 = CARTESIAN_POINT('',(3.267824487333,-48.79068889778,12.600000075)
  );
#6450 = CARTESIAN_POINT('',(3.267824487333,-48.79068889778,9.799999925)
  );
#6451 = CARTESIAN_POINT('',(3.267824487333,-48.79068889778,8.39999985));
#6452 = CARTESIAN_POINT('',(3.267824487333,-48.79068889778,6.999999775)
  );
#6453 = CARTESIAN_POINT('',(3.267824487333,-48.79068889778,4.199999625)
  );
#6454 = CARTESIAN_POINT('',(3.267824487333,-48.79068889778,2.79999955));
#6455 = CARTESIAN_POINT('',(3.267824487333,-48.79068889778,1.399999475)
  );
#6456 = CARTESIAN_POINT('',(3.267824487333,-48.79068889778,-6.E-07));
#6457 = PCURVE('',#4556,#6458);
#6458 = DEFINITIONAL_REPRESENTATION('',(#6459),#6474);
#6459 = B_SPLINE_CURVE_WITH_KNOTS('',4,(#6460,#6461,#6462,#6463,#6464,
    #6465,#6466,#6467,#6468,#6469,#6470,#6471,#6472,#6473),
  .UNSPECIFIED.,.F.,.F.,(5,3,3,3,5),(0.,0.25,0.5,0.75,1.),
  .UNSPECIFIED.);
#6460 = CARTESIAN_POINT('',(-4.779265496388,-22.4000006));
#6461 = CARTESIAN_POINT('',(-4.779265496388,-21.000000525));
#6462 = CARTESIAN_POINT('',(-4.779265496388,-19.60000045));
#6463 = CARTESIAN_POINT('',(-4.779265496388,-18.200000375));
#6464 = CARTESIAN_POINT('',(-4.779265496388,-15.400000225));
#6465 = CARTESIAN_POINT('',(-4.779265496388,-14.00000015));
#6466 = CARTESIAN_POINT('',(-4.779265496388,-12.600000075));
#6467 = CARTESIAN_POINT('',(-4.779265496388,-9.799999925));
#6468 = CARTESIAN_POINT('',(-4.779265496388,-8.39999985));
#6469 = CARTESIAN_POINT('',(-4.779265496388,-6.999999775));
#6470 = CARTESIAN_POINT('',(-4.779265496388,-4.199999625));
#6471 = CARTESIAN_POINT('',(-4.779265496388,-2.79999955));
#6472 = CARTESIAN_POINT('',(-4.779265496388,-1.399999475));
#6473 = CARTESIAN_POINT('',(-4.779265496388,5.999999999062E-07));
#6474 = ( GEOMETRIC_REPRESENTATION_CONTEXT(2) 
PARAMETRIC_REPRESENTATION_CONTEXT() REPRESENTATION_CONTEXT('2D SPACE',''
  ) );
#6475 = PCURVE('',#4690,#6476);
#6476 = DEFINITIONAL_REPRESENTATION('',(#6477),#6492);
#6477 = B_SPLINE_CURVE_WITH_KNOTS('',4,(#6478,#6479,#6480,#6481,#6482,
    #6483,#6484,#6485,#6486,#6487,#6488,#6489,#6490,#6491),
  .UNSPECIFIED.,.F.,.F.,(5,3,3,3,5),(0.,0.25,0.5,0.75,1.),
  .UNSPECIFIED.);
#6478 = CARTESIAN_POINT('',(50.222625786481,-22.4000006));
#6479 = CARTESIAN_POINT('',(50.222625786481,-21.000000525));
#6480 = CARTESIAN_POINT('',(50.222625786481,-19.60000045));
#6481 = CARTESIAN_POINT('',(50.222625786481,-18.200000375));
#6482 = CARTESIAN_POINT('',(50.222625786481,-15.400000225));
#6483 = CARTESIAN_POINT('',(50.222625786481,-14.00000015));
#6484 = CARTESIAN_POINT('',(50.222625786481,-12.600000075));
#6485 = CARTESIAN_POINT('',(50.222625786481,-9.799999925));
#6486 = CARTESIAN_POINT('',(50.222625786481,-8.39999985));
#6487 = CARTESIAN_POINT('',(50.222625786481,-6.999999775));
#6488 = CARTESIAN_POINT('',(50.222625786481,-4.199999625));
#6489 = CARTESIAN_POINT('',(50.222625786481,-2.79999955));
#6490 = CARTESIAN_POINT('',(50.222625786481,-1.399999475));
#6491 = CARTESIAN_POINT('',(50.222625786481,5.999999999062E-07));
#6492 = ( GEOMETRIC_REPRESENTATION_CONTEXT(2) 
PARAMETRIC_REPRESENTATION_CONTEXT() REPRESENTATION_CONTEXT('2D SPACE',''
  ) );
#6493 = ORIENTED_EDGE('',*,*,#6494,.T.);
#6494 = EDGE_CURVE('',#6439,#6417,#6495,.T.);
#6495 = SURFACE_CURVE('',#6496,(#6501,#6508),.PCURVE_S1.);
#6496 = CIRCLE('',#6497,48.9);
#6497 = AXIS2_PLACEMENT_3D('',#6498,#6499,#6500);
#6498 = CARTESIAN_POINT('',(2.376054908382E-13,1.705302565824E-15,22.4)
  );
#6499 = DIRECTION('',(0.,0.,1.));
#6500 = DIRECTION('',(1.,0.,0.));
#6501 = PCURVE('',#4556,#6502);
#6502 = DEFINITIONAL_REPRESENTATION('',(#6503),#6507);
#6503 = LINE('',#6504,#6505);
#6504 = CARTESIAN_POINT('',(-0.,-22.4));
#6505 = VECTOR('',#6506,1.);
#6506 = DIRECTION('',(-1.,0.));
#6507 = ( GEOMETRIC_REPRESENTATION_CONTEXT(2) 
PARAMETRIC_REPRESENTATION_CONTEXT() REPRESENTATION_CONTEXT('2D SPACE',''
  ) );
#6508 = PCURVE('',#5472,#6509);
#6509 = DEFINITIONAL_REPRESENTATION('',(#6510),#6514);
#6510 = CIRCLE('',#6511,48.9);
#6511 = AXIS2_PLACEMENT_2D('',#6512,#6513);
#6512 = CARTESIAN_POINT('',(2.411061375775E-13,3.746380564403E-15));
#6513 = DIRECTION('',(1.,0.));
#6514 = ( GEOMETRIC_REPRESENTATION_CONTEXT(2) 
PARAMETRIC_REPRESENTATION_CONTEXT() REPRESENTATION_CONTEXT('2D SPACE',''
  ) );
#6515 = ADVANCED_FACE('',(#6516),#5004,.F.);
#6516 = FACE_BOUND('',#6517,.T.);
#6517 = EDGE_LOOP('',(#6518,#6539,#6540,#6596));
#6518 = ORIENTED_EDGE('',*,*,#6519,.T.);
#6519 = EDGE_CURVE('',#6520,#4988,#6522,.T.);
#6520 = VERTEX_POINT('',#6521);
#6521 = CARTESIAN_POINT('',(42.348642245059,-24.45,22.4));
#6522 = SURFACE_CURVE('',#6523,(#6527,#6533),.PCURVE_S1.);
#6523 = LINE('',#6524,#6525);
#6524 = CARTESIAN_POINT('',(42.348642245059,-24.45,0.));
#6525 = VECTOR('',#6526,1.);
#6526 = DIRECTION('',(-0.,-0.,-1.));
#6527 = PCURVE('',#5004,#6528);
#6528 = DEFINITIONAL_REPRESENTATION('',(#6529),#6532);
#6529 = B_SPLINE_CURVE_WITH_KNOTS('',1,(#6530,#6531),.UNSPECIFIED.,.F.,
  .F.,(2,2),(-22.4000006,6.E-07),.PIECEWISE_BEZIER_KNOTS.);
#6530 = CARTESIAN_POINT('',(-5.759586531581,-22.4000006));
#6531 = CARTESIAN_POINT('',(-5.759586531581,6.E-07));
#6532 = ( GEOMETRIC_REPRESENTATION_CONTEXT(2) 
PARAMETRIC_REPRESENTATION_CONTEXT() REPRESENTATION_CONTEXT('2D SPACE',''
  ) );
#6533 = PCURVE('',#5419,#6534);
#6534 = DEFINITIONAL_REPRESENTATION('',(#6535),#6538);
#6535 = B_SPLINE_CURVE_WITH_KNOTS('',1,(#6536,#6537),.UNSPECIFIED.,.F.,
  .F.,(2,2),(-22.4000006,6.E-07),.PIECEWISE_BEZIER_KNOTS.);
#6536 = CARTESIAN_POINT('',(1.052029834315,-22.4000006));
#6537 = CARTESIAN_POINT('',(1.052029834315,6.E-07));
#6538 = ( GEOMETRIC_REPRESENTATION_CONTEXT(2) 
PARAMETRIC_REPRESENTATION_CONTEXT() REPRESENTATION_CONTEXT('2D SPACE',''
  ) );
#6539 = ORIENTED_EDGE('',*,*,#4985,.F.);
#6540 = ORIENTED_EDGE('',*,*,#6541,.F.);
#6541 = EDGE_CURVE('',#6542,#4986,#6544,.T.);
#6542 = VERTEX_POINT('',#6543);
#6543 = CARTESIAN_POINT('',(27.22536347003,-40.62006380995,22.4));
#6544 = SURFACE_CURVE('',#6545,(#6560,#6578),.PCURVE_S1.);
#6545 = B_SPLINE_CURVE_WITH_KNOTS('',4,(#6546,#6547,#6548,#6549,#6550,
    #6551,#6552,#6553,#6554,#6555,#6556,#6557,#6558,#6559),
  .UNSPECIFIED.,.F.,.F.,(5,3,3,3,5),(0.,0.25,0.5,0.75,1.),
  .UNSPECIFIED.);
#6546 = CARTESIAN_POINT('',(27.22536347003,-40.62006380995,22.4000006));
#6547 = CARTESIAN_POINT('',(27.22536347003,-40.62006380995,21.000000525)
  );
#6548 = CARTESIAN_POINT('',(27.22536347003,-40.62006380995,19.60000045)
  );
#6549 = CARTESIAN_POINT('',(27.22536347003,-40.62006380995,18.200000375)
  );
#6550 = CARTESIAN_POINT('',(27.22536347003,-40.62006380995,15.400000225)
  );
#6551 = CARTESIAN_POINT('',(27.22536347003,-40.62006380995,14.00000015)
  );
#6552 = CARTESIAN_POINT('',(27.22536347003,-40.62006380995,12.600000075)
  );
#6553 = CARTESIAN_POINT('',(27.22536347003,-40.62006380995,9.799999925)
  );
#6554 = CARTESIAN_POINT('',(27.22536347003,-40.62006380995,8.39999985));
#6555 = CARTESIAN_POINT('',(27.22536347003,-40.62006380995,6.999999775)
  );
#6556 = CARTESIAN_POINT('',(27.22536347003,-40.62006380995,4.199999625)
  );
#6557 = CARTESIAN_POINT('',(27.22536347003,-40.62006380995,2.79999955));
#6558 = CARTESIAN_POINT('',(27.22536347003,-40.62006380995,1.399999475)
  );
#6559 = CARTESIAN_POINT('',(27.22536347003,-40.62006380995,-6.E-07));
#6560 = PCURVE('',#5004,#6561);
#6561 = DEFINITIONAL_REPRESENTATION('',(#6562),#6577);
#6562 = B_SPLINE_CURVE_WITH_KNOTS('',4,(#6563,#6564,#6565,#6566,#6567,
    #6568,#6569,#6570,#6571,#6572,#6573,#6574,#6575,#6576),
  .UNSPECIFIED.,.F.,.F.,(5,3,3,3,5),(0.,0.25,0.5,0.75,1.),
  .UNSPECIFIED.);
#6563 = CARTESIAN_POINT('',(-5.302864271986,-22.4000006));
#6564 = CARTESIAN_POINT('',(-5.302864271986,-21.000000525));
#6565 = CARTESIAN_POINT('',(-5.302864271986,-19.60000045));
#6566 = CARTESIAN_POINT('',(-5.302864271986,-18.200000375));
#6567 = CARTESIAN_POINT('',(-5.302864271986,-15.400000225));
#6568 = CARTESIAN_POINT('',(-5.302864271986,-14.00000015));
#6569 = CARTESIAN_POINT('',(-5.302864271986,-12.600000075));
#6570 = CARTESIAN_POINT('',(-5.302864271986,-9.799999925));
#6571 = CARTESIAN_POINT('',(-5.302864271986,-8.39999985));
#6572 = CARTESIAN_POINT('',(-5.302864271986,-6.999999775));
#6573 = CARTESIAN_POINT('',(-5.302864271986,-4.199999625));
#6574 = CARTESIAN_POINT('',(-5.302864271986,-2.79999955));
#6575 = CARTESIAN_POINT('',(-5.302864271986,-1.399999475));
#6576 = CARTESIAN_POINT('',(-5.302864271986,5.999999999062E-07));
#6577 = ( GEOMETRIC_REPRESENTATION_CONTEXT(2) 
PARAMETRIC_REPRESENTATION_CONTEXT() REPRESENTATION_CONTEXT('2D SPACE',''
  ) );
#6578 = PCURVE('',#5138,#6579);
#6579 = DEFINITIONAL_REPRESENTATION('',(#6580),#6595);
#6580 = B_SPLINE_CURVE_WITH_KNOTS('',4,(#6581,#6582,#6583,#6584,#6585,
    #6586,#6587,#6588,#6589,#6590,#6591,#6592,#6593,#6594),
  .UNSPECIFIED.,.F.,.F.,(5,3,3,3,5),(0.,0.25,0.5,0.75,1.),
  .UNSPECIFIED.);
#6581 = CARTESIAN_POINT('',(50.222625786481,-22.4000006));
#6582 = CARTESIAN_POINT('',(50.222625786481,-21.000000525));
#6583 = CARTESIAN_POINT('',(50.222625786481,-19.60000045));
#6584 = CARTESIAN_POINT('',(50.222625786481,-18.200000375));
#6585 = CARTESIAN_POINT('',(50.222625786481,-15.400000225));
#6586 = CARTESIAN_POINT('',(50.222625786481,-14.00000015));
#6587 = CARTESIAN_POINT('',(50.222625786481,-12.600000075));
#6588 = CARTESIAN_POINT('',(50.222625786481,-9.799999925));
#6589 = CARTESIAN_POINT('',(50.222625786481,-8.39999985));
#6590 = CARTESIAN_POINT('',(50.222625786481,-6.999999775));
#6591 = CARTESIAN_POINT('',(50.222625786481,-4.199999625));
#6592 = CARTESIAN_POINT('',(50.222625786481,-2.79999955));
#6593 = CARTESIAN_POINT('',(50.222625786481,-1.399999475));
#6594 = CARTESIAN_POINT('',(50.222625786481,5.999999999062E-07));
#6595 = ( GEOMETRIC_REPRESENTATION_CONTEXT(2) 
PARAMETRIC_REPRESENTATION_CONTEXT() REPRESENTATION_CONTEXT('2D SPACE',''
  ) );
#6596 = ORIENTED_EDGE('',*,*,#6597,.T.);
#6597 = EDGE_CURVE('',#6542,#6520,#6598,.T.);
#6598 = SURFACE_CURVE('',#6599,(#6604,#6611),.PCURVE_S1.);
#6599 = CIRCLE('',#6600,48.9);
#6600 = AXIS2_PLACEMENT_3D('',#6601,#6602,#6603);
#6601 = CARTESIAN_POINT('',(2.376054908382E-13,1.705302565824E-15,22.4)
  );
#6602 = DIRECTION('',(0.,0.,1.));
#6603 = DIRECTION('',(1.,0.,0.));
#6604 = PCURVE('',#5004,#6605);
#6605 = DEFINITIONAL_REPRESENTATION('',(#6606),#6610);
#6606 = LINE('',#6607,#6608);
#6607 = CARTESIAN_POINT('',(-0.,-22.4));
#6608 = VECTOR('',#6609,1.);
#6609 = DIRECTION('',(-1.,0.));
#6610 = ( GEOMETRIC_REPRESENTATION_CONTEXT(2) 
PARAMETRIC_REPRESENTATION_CONTEXT() REPRESENTATION_CONTEXT('2D SPACE',''
  ) );
#6611 = PCURVE('',#5472,#6612);
#6612 = DEFINITIONAL_REPRESENTATION('',(#6613),#6617);
#6613 = CIRCLE('',#6614,48.9);
#6614 = AXIS2_PLACEMENT_2D('',#6615,#6616);
#6615 = CARTESIAN_POINT('',(2.411061375775E-13,3.746380564403E-15));
#6616 = DIRECTION('',(1.,0.));
#6617 = ( GEOMETRIC_REPRESENTATION_CONTEXT(2) 
PARAMETRIC_REPRESENTATION_CONTEXT() REPRESENTATION_CONTEXT('2D SPACE',''
  ) );
#6618 = ADVANCED_FACE('',(#6619),#76,.F.);
#6619 = FACE_BOUND('',#6620,.T.);
#6620 = EDGE_LOOP('',(#6621,#6644,#6645,#6701));
#6621 = ORIENTED_EDGE('',*,*,#6622,.F.);
#6622 = EDGE_CURVE('',#60,#6623,#6625,.T.);
#6623 = VERTEX_POINT('',#6624);
#6624 = CARTESIAN_POINT('',(48.9,1.705302565824E-15,22.4));
#6625 = SURFACE_CURVE('',#6626,(#6630,#6637),.PCURVE_S1.);
#6626 = LINE('',#6627,#6628);
#6627 = CARTESIAN_POINT('',(48.9,1.705302565824E-15,0.));
#6628 = VECTOR('',#6629,1.);
#6629 = DIRECTION('',(0.,0.,1.));
#6630 = PCURVE('',#76,#6631);
#6631 = DEFINITIONAL_REPRESENTATION('',(#6632),#6636);
#6632 = LINE('',#6633,#6634);
#6633 = CARTESIAN_POINT('',(-6.28318530718,0.));
#6634 = VECTOR('',#6635,1.);
#6635 = DIRECTION('',(-0.,-1.));
#6636 = ( GEOMETRIC_REPRESENTATION_CONTEXT(2) 
PARAMETRIC_REPRESENTATION_CONTEXT() REPRESENTATION_CONTEXT('2D SPACE',''
  ) );
#6637 = PCURVE('',#491,#6638);
#6638 = DEFINITIONAL_REPRESENTATION('',(#6639),#6643);
#6639 = LINE('',#6640,#6641);
#6640 = CARTESIAN_POINT('',(1.052029834315,-0.));
#6641 = VECTOR('',#6642,1.);
#6642 = DIRECTION('',(0.,-1.));
#6643 = ( GEOMETRIC_REPRESENTATION_CONTEXT(2) 
PARAMETRIC_REPRESENTATION_CONTEXT() REPRESENTATION_CONTEXT('2D SPACE',''
  ) );
#6644 = ORIENTED_EDGE('',*,*,#57,.F.);
#6645 = ORIENTED_EDGE('',*,*,#6646,.F.);
#6646 = EDGE_CURVE('',#6647,#58,#6649,.T.);
#6647 = VERTEX_POINT('',#6648);
#6648 = CARTESIAN_POINT('',(43.887888297288,-21.56532542775,22.4));
#6649 = SURFACE_CURVE('',#6650,(#6665,#6683),.PCURVE_S1.);
#6650 = B_SPLINE_CURVE_WITH_KNOTS('',4,(#6651,#6652,#6653,#6654,#6655,
    #6656,#6657,#6658,#6659,#6660,#6661,#6662,#6663,#6664),
  .UNSPECIFIED.,.F.,.F.,(5,3,3,3,5),(0.,0.25,0.5,0.75,1.),
  .UNSPECIFIED.);
#6651 = CARTESIAN_POINT('',(43.887888297288,-21.56532542775,22.4000006)
  );
#6652 = CARTESIAN_POINT('',(43.887888297288,-21.56532542775,21.000000525
    ));
#6653 = CARTESIAN_POINT('',(43.887888297288,-21.56532542775,19.60000045)
  );
#6654 = CARTESIAN_POINT('',(43.887888297288,-21.56532542775,18.200000375
    ));
#6655 = CARTESIAN_POINT('',(43.887888297288,-21.56532542775,15.400000225
    ));
#6656 = CARTESIAN_POINT('',(43.887888297288,-21.56532542775,14.00000015)
  );
#6657 = CARTESIAN_POINT('',(43.887888297288,-21.56532542775,12.600000075
    ));
#6658 = CARTESIAN_POINT('',(43.887888297288,-21.56532542775,9.799999925)
  );
#6659 = CARTESIAN_POINT('',(43.887888297288,-21.56532542775,8.39999985)
  );
#6660 = CARTESIAN_POINT('',(43.887888297288,-21.56532542775,6.999999775)
  );
#6661 = CARTESIAN_POINT('',(43.887888297288,-21.56532542775,4.199999625)
  );
#6662 = CARTESIAN_POINT('',(43.887888297288,-21.56532542775,2.79999955)
  );
#6663 = CARTESIAN_POINT('',(43.887888297288,-21.56532542775,1.399999475)
  );
#6664 = CARTESIAN_POINT('',(43.887888297288,-21.56532542775,-6.E-07));
#6665 = PCURVE('',#76,#6666);
#6666 = DEFINITIONAL_REPRESENTATION('',(#6667),#6682);
#6667 = B_SPLINE_CURVE_WITH_KNOTS('',4,(#6668,#6669,#6670,#6671,#6672,
    #6673,#6674,#6675,#6676,#6677,#6678,#6679,#6680,#6681),
  .UNSPECIFIED.,.F.,.F.,(5,3,3,3,5),(0.,0.25,0.5,0.75,1.),
  .UNSPECIFIED.);
#6668 = CARTESIAN_POINT('',(-5.826463047585,-22.4000006));
#6669 = CARTESIAN_POINT('',(-5.826463047585,-21.000000525));
#6670 = CARTESIAN_POINT('',(-5.826463047585,-19.60000045));
#6671 = CARTESIAN_POINT('',(-5.826463047585,-18.200000375));
#6672 = CARTESIAN_POINT('',(-5.826463047585,-15.400000225));
#6673 = CARTESIAN_POINT('',(-5.826463047585,-14.00000015));
#6674 = CARTESIAN_POINT('',(-5.826463047585,-12.600000075));
#6675 = CARTESIAN_POINT('',(-5.826463047585,-9.799999925));
#6676 = CARTESIAN_POINT('',(-5.826463047585,-8.39999985));
#6677 = CARTESIAN_POINT('',(-5.826463047585,-6.999999775));
#6678 = CARTESIAN_POINT('',(-5.826463047585,-4.199999625));
#6679 = CARTESIAN_POINT('',(-5.826463047585,-2.79999955));
#6680 = CARTESIAN_POINT('',(-5.826463047585,-1.399999475));
#6681 = CARTESIAN_POINT('',(-5.826463047585,5.999999999062E-07));
#6682 = ( GEOMETRIC_REPRESENTATION_CONTEXT(2) 
PARAMETRIC_REPRESENTATION_CONTEXT() REPRESENTATION_CONTEXT('2D SPACE',''
  ) );
#6683 = PCURVE('',#210,#6684);
#6684 = DEFINITIONAL_REPRESENTATION('',(#6685),#6700);
#6685 = B_SPLINE_CURVE_WITH_KNOTS('',4,(#6686,#6687,#6688,#6689,#6690,
    #6691,#6692,#6693,#6694,#6695,#6696,#6697,#6698,#6699),
  .UNSPECIFIED.,.F.,.F.,(5,3,3,3,5),(0.,0.25,0.5,0.75,1.),
  .UNSPECIFIED.);
#6686 = CARTESIAN_POINT('',(50.222625786481,-22.4000006));
#6687 = CARTESIAN_POINT('',(50.222625786481,-21.000000525));
#6688 = CARTESIAN_POINT('',(50.222625786481,-19.60000045));
#6689 = CARTESIAN_POINT('',(50.222625786481,-18.200000375));
#6690 = CARTESIAN_POINT('',(50.222625786481,-15.400000225));
#6691 = CARTESIAN_POINT('',(50.222625786481,-14.00000015));
#6692 = CARTESIAN_POINT('',(50.222625786481,-12.600000075));
#6693 = CARTESIAN_POINT('',(50.222625786481,-9.799999925));
#6694 = CARTESIAN_POINT('',(50.222625786481,-8.39999985));
#6695 = CARTESIAN_POINT('',(50.222625786481,-6.999999775));
#6696 = CARTESIAN_POINT('',(50.222625786481,-4.199999625));
#6697 = CARTESIAN_POINT('',(50.222625786481,-2.79999955));
#6698 = CARTESIAN_POINT('',(50.222625786481,-1.399999475));
#6699 = CARTESIAN_POINT('',(50.222625786481,5.999999999062E-07));
#6700 = ( GEOMETRIC_REPRESENTATION_CONTEXT(2) 
PARAMETRIC_REPRESENTATION_CONTEXT() REPRESENTATION_CONTEXT('2D SPACE',''
  ) );
#6701 = ORIENTED_EDGE('',*,*,#6702,.T.);
#6702 = EDGE_CURVE('',#6647,#6623,#6703,.T.);
#6703 = SURFACE_CURVE('',#6704,(#6709,#6716),.PCURVE_S1.);
#6704 = CIRCLE('',#6705,48.9);
#6705 = AXIS2_PLACEMENT_3D('',#6706,#6707,#6708);
#6706 = CARTESIAN_POINT('',(2.376054908382E-13,1.705302565824E-15,22.4)
  );
#6707 = DIRECTION('',(0.,0.,1.));
#6708 = DIRECTION('',(1.,0.,0.));
#6709 = PCURVE('',#76,#6710);
#6710 = DEFINITIONAL_REPRESENTATION('',(#6711),#6715);
#6711 = LINE('',#6712,#6713);
#6712 = CARTESIAN_POINT('',(-0.,-22.4));
#6713 = VECTOR('',#6714,1.);
#6714 = DIRECTION('',(-1.,0.));
#6715 = ( GEOMETRIC_REPRESENTATION_CONTEXT(2) 
PARAMETRIC_REPRESENTATION_CONTEXT() REPRESENTATION_CONTEXT('2D SPACE',''
  ) );
#6716 = PCURVE('',#5472,#6717);
#6717 = DEFINITIONAL_REPRESENTATION('',(#6718),#6722);
#6718 = CIRCLE('',#6719,48.9);
#6719 = AXIS2_PLACEMENT_2D('',#6720,#6721);
#6720 = CARTESIAN_POINT('',(2.411061375775E-13,3.746380564403E-15));
#6721 = DIRECTION('',(1.,0.));
#6722 = ( GEOMETRIC_REPRESENTATION_CONTEXT(2) 
PARAMETRIC_REPRESENTATION_CONTEXT() REPRESENTATION_CONTEXT('2D SPACE',''
  ) );
#6723 = ADVANCED_FACE('',(#6724),#491,.T.);
#6724 = FACE_BOUND('',#6725,.T.);
#6725 = EDGE_LOOP('',(#6726,#6727,#6728,#6751));
#6726 = ORIENTED_EDGE('',*,*,#477,.F.);
#6727 = ORIENTED_EDGE('',*,*,#6622,.T.);
#6728 = ORIENTED_EDGE('',*,*,#6729,.T.);
#6729 = EDGE_CURVE('',#6623,#6730,#6732,.T.);
#6730 = VERTEX_POINT('',#6731);
#6731 = CARTESIAN_POINT('',(47.902872758589,-0.335416214167,22.4));
#6732 = SURFACE_CURVE('',#6733,(#6737,#6744),.PCURVE_S1.);
#6733 = LINE('',#6734,#6735);
#6734 = CARTESIAN_POINT('',(49.897127241411,0.335416214167,22.4));
#6735 = VECTOR('',#6736,1.);
#6736 = DIRECTION('',(-0.947812703486,-0.318827663653,0.));
#6737 = PCURVE('',#491,#6738);
#6738 = DEFINITIONAL_REPRESENTATION('',(#6739),#6743);
#6739 = LINE('',#6740,#6741);
#6740 = CARTESIAN_POINT('',(0.,-22.4));
#6741 = VECTOR('',#6742,1.);
#6742 = DIRECTION('',(1.,-0.));
#6743 = ( GEOMETRIC_REPRESENTATION_CONTEXT(2) 
PARAMETRIC_REPRESENTATION_CONTEXT() REPRESENTATION_CONTEXT('2D SPACE',''
  ) );
#6744 = PCURVE('',#5472,#6745);
#6745 = DEFINITIONAL_REPRESENTATION('',(#6746),#6750);
#6746 = LINE('',#6747,#6748);
#6747 = CARTESIAN_POINT('',(49.897127241411,0.335416214168));
#6748 = VECTOR('',#6749,1.);
#6749 = DIRECTION('',(-0.947812703486,-0.318827663653));
#6750 = ( GEOMETRIC_REPRESENTATION_CONTEXT(2) 
PARAMETRIC_REPRESENTATION_CONTEXT() REPRESENTATION_CONTEXT('2D SPACE',''
  ) );
#6751 = ORIENTED_EDGE('',*,*,#6752,.F.);
#6752 = EDGE_CURVE('',#307,#6730,#6753,.T.);
#6753 = SURFACE_CURVE('',#6754,(#6758,#6765),.PCURVE_S1.);
#6754 = LINE('',#6755,#6756);
#6755 = CARTESIAN_POINT('',(47.902872758589,-0.335416214167,0.));
#6756 = VECTOR('',#6757,1.);
#6757 = DIRECTION('',(0.,0.,1.));
#6758 = PCURVE('',#491,#6759);
#6759 = DEFINITIONAL_REPRESENTATION('',(#6760),#6764);
#6760 = LINE('',#6761,#6762);
#6761 = CARTESIAN_POINT('',(2.104059668631,-0.));
#6762 = VECTOR('',#6763,1.);
#6763 = DIRECTION('',(0.,-1.));
#6764 = ( GEOMETRIC_REPRESENTATION_CONTEXT(2) 
PARAMETRIC_REPRESENTATION_CONTEXT() REPRESENTATION_CONTEXT('2D SPACE',''
  ) );
#6765 = PCURVE('',#416,#6766);
#6766 = DEFINITIONAL_REPRESENTATION('',(#6767),#6771);
#6767 = LINE('',#6768,#6769);
#6768 = CARTESIAN_POINT('',(0.,0.));
#6769 = VECTOR('',#6770,1.);
#6770 = DIRECTION('',(0.,-1.));
#6771 = ( GEOMETRIC_REPRESENTATION_CONTEXT(2) 
PARAMETRIC_REPRESENTATION_CONTEXT() REPRESENTATION_CONTEXT('2D SPACE',''
  ) );
#6772 = ADVANCED_FACE('',(#6773),#416,.T.);
#6773 = FACE_BOUND('',#6774,.T.);
#6774 = EDGE_LOOP('',(#6775,#6776,#6777,#6894));
#6775 = ORIENTED_EDGE('',*,*,#306,.F.);
#6776 = ORIENTED_EDGE('',*,*,#6752,.T.);
#6777 = ORIENTED_EDGE('',*,*,#6778,.T.);
#6778 = EDGE_CURVE('',#6730,#6779,#6781,.T.);
#6779 = VERTEX_POINT('',#6780);
#6780 = CARTESIAN_POINT('',(12.696838096332,-0.283376702506,22.4));
#6781 = SURFACE_CURVE('',#6782,(#6833,#6840),.PCURVE_S1.);
#6782 = B_SPLINE_CURVE_WITH_KNOTS('',3,(#6783,#6784,#6785,#6786,#6787,
    #6788,#6789,#6790,#6791,#6792,#6793,#6794,#6795,#6796,#6797,#6798,
    #6799,#6800,#6801,#6802,#6803,#6804,#6805,#6806,#6807,#6808,#6809,
    #6810,#6811,#6812,#6813,#6814,#6815,#6816,#6817,#6818,#6819,#6820,
    #6821,#6822,#6823,#6824,#6825,#6826,#6827,#6828,#6829,#6830,#6831,
    #6832),.UNSPECIFIED.,.F.,.F.,(4,1,1,1,1,1,1,1,1,1,1,1,1,1,1,1,1,1,1,
    1,1,1,1,1,1,1,1,1,1,1,1,1,1,1,1,1,1,1,1,1,1,1,1,1,1,1,1,4),(0.,
    1.560399863547,3.026493159763,4.408519816062,5.616164948135,
    6.857176517943,8.034500324617,9.154049078322,10.140931914661,
    11.16430891518,12.14467057154,13.086344664582,13.924748692612,
    14.803128326675,15.653911875236,16.480955579096,17.226763352129,
    18.01856826362,18.796500931648,19.563479607115,20.264226339274,
    21.01815180319,21.769388657233,22.52071176954,23.216717634111,
    23.975961822176,24.743348723341,25.521634699363,26.252131546642,
    27.05917145937,27.885262969361,28.733262670931,29.538010575103,
    30.436403024908,31.365465694071,32.327889352555,33.24854348335,
    34.284117952136,35.363069228966,36.489379128657,37.574802555564,
    38.804527640271,40.095153684953,41.452119030183,42.768727723412,
    44.27040892768,45.857339500188,47.985194622019),.UNSPECIFIED.);
#6783 = CARTESIAN_POINT('',(47.902872758589,-0.335416214167,22.4));
#6784 = CARTESIAN_POINT('',(47.721526780482,0.145739777095,22.4));
#6785 = CARTESIAN_POINT('',(47.381058218704,1.104944648769,22.4));
#6786 = CARTESIAN_POINT('',(46.787050304135,2.446738780639,22.4));
#6787 = CARTESIAN_POINT('',(46.182866579938,3.65750232001,22.4));
#6788 = CARTESIAN_POINT('',(45.553245779068,4.7688132512,22.4));
#6789 = CARTESIAN_POINT('',(44.904723463214,5.789469971861,22.4));
#6790 = CARTESIAN_POINT('',(44.219644613261,6.750044636727,22.4));
#6791 = CARTESIAN_POINT('',(43.537024755044,7.606383702515,22.4));
#6792 = CARTESIAN_POINT('',(42.845249251748,8.387865955494,22.4));
#6793 = CARTESIAN_POINT('',(42.146699633351,9.099735072949,22.4));
#6794 = CARTESIAN_POINT('',(41.422192708259,9.762999144593,22.4));
#6795 = CARTESIAN_POINT('',(40.711045749191,10.347642387601,22.4));
#6796 = CARTESIAN_POINT('',(39.997951164204,10.874200062054,22.4));
#6797 = CARTESIAN_POINT('',(39.285185932479,11.348976384167,22.4));
#6798 = CARTESIAN_POINT('',(38.547468379389,11.775832705287,22.4));
#6799 = CARTESIAN_POINT('',(37.841491977642,12.168840709947,22.4));
#6800 = CARTESIAN_POINT('',(37.134186705059,12.517519153062,22.4));
#6801 = CARTESIAN_POINT('',(36.425041147472,12.823145319859,22.4));
#6802 = CARTESIAN_POINT('',(35.694124875061,13.093366400649,22.4));
#6803 = CARTESIAN_POINT('',(34.978939863119,13.315565197779,22.4));
#6804 = CARTESIAN_POINT('',(34.261207777375,13.499133217606,22.4));
#6805 = CARTESIAN_POINT('',(33.540159421245,13.644983969184,22.4));
#6806 = CARTESIAN_POINT('',(32.795736191269,13.754998685904,22.4));
#6807 = CARTESIAN_POINT('',(32.065761632485,13.823723060706,22.4));
#6808 = CARTESIAN_POINT('',(31.330637440473,13.855409098127,22.4));
#6809 = CARTESIAN_POINT('',(30.589429994733,13.849689594164,22.4));
#6810 = CARTESIAN_POINT('',(29.822177527094,13.803215608635,22.4));
#6811 = CARTESIAN_POINT('',(29.067958604746,13.717440594872,22.4));
#6812 = CARTESIAN_POINT('',(28.306068283335,13.591457389856,22.4));
#6813 = CARTESIAN_POINT('',(27.535896827704,13.423628787131,22.4));
#6814 = CARTESIAN_POINT('',(26.73782281142,13.205193290616,22.4));
#6815 = CARTESIAN_POINT('',(25.953114496523,12.945224313287,22.4));
#6816 = CARTESIAN_POINT('',(25.159933593389,12.637581678017,22.4));
#6817 = CARTESIAN_POINT('',(24.359453068133,12.27764215746,22.4));
#6818 = CARTESIAN_POINT('',(23.52893058708,11.857689283964,22.4));
#6819 = CARTESIAN_POINT('',(22.728247220283,11.368840284593,22.4));
#6820 = CARTESIAN_POINT('',(21.920781152046,10.825742283839,22.4));
#6821 = CARTESIAN_POINT('',(21.111868439,10.217168126169,22.4));
#6822 = CARTESIAN_POINT('',(20.28368648774,9.522789275278,22.4));
#6823 = CARTESIAN_POINT('',(19.481681642644,8.77369521168,22.4));
#6824 = CARTESIAN_POINT('',(18.684414037778,7.948214253156,22.4));
#6825 = CARTESIAN_POINT('',(17.894811810256,7.041406886402,22.4));
#6826 = CARTESIAN_POINT('',(17.099944139581,6.020854635498,22.4));
#6827 = CARTESIAN_POINT('',(16.343186274561,4.939478705887,22.4));
#6828 = CARTESIAN_POINT('',(15.612459756546,3.743761538072,22.4));
#6829 = CARTESIAN_POINT('',(14.882353719542,2.51551802004,22.4));
#6830 = CARTESIAN_POINT('',(14.215287060175,0.688458099837,22.4));
#6831 = CARTESIAN_POINT('',(13.454571780358,0.379251758756,22.4));
#6832 = CARTESIAN_POINT('',(12.630077666037,-0.341274439722,22.4));
#6833 = PCURVE('',#416,#6834);
#6834 = DEFINITIONAL_REPRESENTATION('',(#6835),#6839);
#6835 = LINE('',#6836,#6837);
#6836 = CARTESIAN_POINT('',(0.,-22.4));
#6837 = VECTOR('',#6838,1.);
#6838 = DIRECTION('',(1.,0.));
#6839 = ( GEOMETRIC_REPRESENTATION_CONTEXT(2) 
PARAMETRIC_REPRESENTATION_CONTEXT() REPRESENTATION_CONTEXT('2D SPACE',''
  ) );
#6840 = PCURVE('',#5472,#6841);
#6841 = DEFINITIONAL_REPRESENTATION('',(#6842),#6893);
#6842 = B_SPLINE_CURVE_WITH_KNOTS('',3,(#6843,#6844,#6845,#6846,#6847,
    #6848,#6849,#6850,#6851,#6852,#6853,#6854,#6855,#6856,#6857,#6858,
    #6859,#6860,#6861,#6862,#6863,#6864,#6865,#6866,#6867,#6868,#6869,
    #6870,#6871,#6872,#6873,#6874,#6875,#6876,#6877,#6878,#6879,#6880,
    #6881,#6882,#6883,#6884,#6885,#6886,#6887,#6888,#6889,#6890,#6891,
    #6892),.UNSPECIFIED.,.F.,.F.,(4,1,1,1,1,1,1,1,1,1,1,1,1,1,1,1,1,1,1,
    1,1,1,1,1,1,1,1,1,1,1,1,1,1,1,1,1,1,1,1,1,1,1,1,1,1,1,1,4),(0.,
    1.560399863547,3.026493159763,4.408519816062,5.616164948135,
    6.857176517943,8.034500324617,9.154049078322,10.140931914661,
    11.16430891518,12.14467057154,13.086344664582,13.924748692612,
    14.803128326675,15.653911875236,16.480955579096,17.226763352129,
    18.01856826362,18.796500931648,19.563479607115,20.264226339274,
    21.01815180319,21.769388657233,22.52071176954,23.216717634111,
    23.975961822176,24.743348723341,25.521634699363,26.252131546642,
    27.05917145937,27.885262969361,28.733262670931,29.538010575103,
    30.436403024908,31.365465694071,32.327889352555,33.24854348335,
    34.284117952136,35.363069228966,36.489379128657,37.574802555564,
    38.804527640271,40.095153684953,41.452119030183,42.768727723412,
    44.27040892768,45.857339500188,47.985194622019),.UNSPECIFIED.);
#6843 = CARTESIAN_POINT('',(47.902872758589,-0.335416214167));
#6844 = CARTESIAN_POINT('',(47.721526780482,0.145739777095));
#6845 = CARTESIAN_POINT('',(47.381058218704,1.104944648769));
#6846 = CARTESIAN_POINT('',(46.787050304135,2.446738780639));
#6847 = CARTESIAN_POINT('',(46.182866579938,3.65750232001));
#6848 = CARTESIAN_POINT('',(45.553245779068,4.7688132512));
#6849 = CARTESIAN_POINT('',(44.904723463214,5.789469971861));
#6850 = CARTESIAN_POINT('',(44.219644613261,6.750044636727));
#6851 = CARTESIAN_POINT('',(43.537024755044,7.606383702515));
#6852 = CARTESIAN_POINT('',(42.845249251748,8.387865955494));
#6853 = CARTESIAN_POINT('',(42.146699633351,9.099735072949));
#6854 = CARTESIAN_POINT('',(41.422192708259,9.762999144593));
#6855 = CARTESIAN_POINT('',(40.711045749191,10.347642387601));
#6856 = CARTESIAN_POINT('',(39.997951164204,10.874200062054));
#6857 = CARTESIAN_POINT('',(39.285185932479,11.348976384167));
#6858 = CARTESIAN_POINT('',(38.547468379389,11.775832705287));
#6859 = CARTESIAN_POINT('',(37.841491977642,12.168840709947));
#6860 = CARTESIAN_POINT('',(37.134186705059,12.517519153062));
#6861 = CARTESIAN_POINT('',(36.425041147472,12.823145319859));
#6862 = CARTESIAN_POINT('',(35.694124875061,13.093366400649));
#6863 = CARTESIAN_POINT('',(34.978939863119,13.315565197779));
#6864 = CARTESIAN_POINT('',(34.261207777375,13.499133217606));
#6865 = CARTESIAN_POINT('',(33.540159421245,13.644983969184));
#6866 = CARTESIAN_POINT('',(32.795736191269,13.754998685904));
#6867 = CARTESIAN_POINT('',(32.065761632485,13.823723060706));
#6868 = CARTESIAN_POINT('',(31.330637440473,13.855409098127));
#6869 = CARTESIAN_POINT('',(30.589429994733,13.849689594164));
#6870 = CARTESIAN_POINT('',(29.822177527094,13.803215608635));
#6871 = CARTESIAN_POINT('',(29.067958604746,13.717440594872));
#6872 = CARTESIAN_POINT('',(28.306068283335,13.591457389856));
#6873 = CARTESIAN_POINT('',(27.535896827704,13.423628787131));
#6874 = CARTESIAN_POINT('',(26.73782281142,13.205193290616));
#6875 = CARTESIAN_POINT('',(25.953114496523,12.945224313287));
#6876 = CARTESIAN_POINT('',(25.159933593389,12.637581678017));
#6877 = CARTESIAN_POINT('',(24.359453068133,12.27764215746));
#6878 = CARTESIAN_POINT('',(23.52893058708,11.857689283964));
#6879 = CARTESIAN_POINT('',(22.728247220283,11.368840284593));
#6880 = CARTESIAN_POINT('',(21.920781152046,10.825742283839));
#6881 = CARTESIAN_POINT('',(21.111868439,10.217168126169));
#6882 = CARTESIAN_POINT('',(20.28368648774,9.522789275278));
#6883 = CARTESIAN_POINT('',(19.481681642644,8.77369521168));
#6884 = CARTESIAN_POINT('',(18.684414037778,7.948214253156));
#6885 = CARTESIAN_POINT('',(17.894811810256,7.041406886402));
#6886 = CARTESIAN_POINT('',(17.099944139581,6.020854635498));
#6887 = CARTESIAN_POINT('',(16.343186274561,4.939478705887));
#6888 = CARTESIAN_POINT('',(15.612459756546,3.743761538072));
#6889 = CARTESIAN_POINT('',(14.882353719542,2.51551802004));
#6890 = CARTESIAN_POINT('',(14.215287060175,0.688458099837));
#6891 = CARTESIAN_POINT('',(13.454571780358,0.379251758756));
#6892 = CARTESIAN_POINT('',(12.630077666037,-0.341274439722));
#6893 = ( GEOMETRIC_REPRESENTATION_CONTEXT(2) 
PARAMETRIC_REPRESENTATION_CONTEXT() REPRESENTATION_CONTEXT('2D SPACE',''
  ) );
#6894 = ORIENTED_EDGE('',*,*,#6895,.T.);
#6895 = EDGE_CURVE('',#6779,#278,#6896,.T.);
#6896 = SURFACE_CURVE('',#6897,(#6903,#6912),.PCURVE_S1.);
#6897 = B_SPLINE_CURVE_WITH_KNOTS('',4,(#6898,#6899,#6900,#6901,#6902),
  .UNSPECIFIED.,.F.,.F.,(5,5),(0.,1.),.PIECEWISE_BEZIER_KNOTS.);
#6898 = CARTESIAN_POINT('',(12.696838096332,-0.283376702506,22.4000006)
  );
#6899 = CARTESIAN_POINT('',(12.696838096332,-0.283376702506,16.8000003)
  );
#6900 = CARTESIAN_POINT('',(12.696838096332,-0.283376702506,11.2));
#6901 = CARTESIAN_POINT('',(12.696838096332,-0.283376702506,5.5999997));
#6902 = CARTESIAN_POINT('',(12.696838096332,-0.283376702506,-6.E-07));
#6903 = PCURVE('',#416,#6904);
#6904 = DEFINITIONAL_REPRESENTATION('',(#6905),#6911);
#6905 = B_SPLINE_CURVE_WITH_KNOTS('',4,(#6906,#6907,#6908,#6909,#6910),
  .UNSPECIFIED.,.F.,.F.,(5,5),(0.,1.),.PIECEWISE_BEZIER_KNOTS.);
#6906 = CARTESIAN_POINT('',(47.927018056643,-22.4000006));
#6907 = CARTESIAN_POINT('',(47.927018056643,-16.8000003));
#6908 = CARTESIAN_POINT('',(47.927018056643,-11.2));
#6909 = CARTESIAN_POINT('',(47.927018056643,-5.5999997));
#6910 = CARTESIAN_POINT('',(47.927018056643,5.999999999062E-07));
#6911 = ( GEOMETRIC_REPRESENTATION_CONTEXT(2) 
PARAMETRIC_REPRESENTATION_CONTEXT() REPRESENTATION_CONTEXT('2D SPACE',''
  ) );
#6912 = PCURVE('',#294,#6913);
#6913 = DEFINITIONAL_REPRESENTATION('',(#6914),#6920);
#6914 = B_SPLINE_CURVE_WITH_KNOTS('',4,(#6915,#6916,#6917,#6918,#6919),
  .UNSPECIFIED.,.F.,.F.,(5,5),(0.,1.),.PIECEWISE_BEZIER_KNOTS.);
#6915 = CARTESIAN_POINT('',(-6.260870329056,-22.4000006));
#6916 = CARTESIAN_POINT('',(-6.260870329056,-16.8000003));
#6917 = CARTESIAN_POINT('',(-6.260870329056,-11.2));
#6918 = CARTESIAN_POINT('',(-6.260870329056,-5.5999997));
#6919 = CARTESIAN_POINT('',(-6.260870329056,5.999999999062E-07));
#6920 = ( GEOMETRIC_REPRESENTATION_CONTEXT(2) 
PARAMETRIC_REPRESENTATION_CONTEXT() REPRESENTATION_CONTEXT('2D SPACE',''
  ) );
#6921 = ADVANCED_FACE('',(#6922),#294,.T.);
#6922 = FACE_BOUND('',#6923,.F.);
#6923 = EDGE_LOOP('',(#6924,#6925,#6981,#7003));
#6924 = ORIENTED_EDGE('',*,*,#277,.F.);
#6925 = ORIENTED_EDGE('',*,*,#6926,.F.);
#6926 = EDGE_CURVE('',#6927,#89,#6929,.T.);
#6927 = VERTEX_POINT('',#6928);
#6928 = CARTESIAN_POINT('',(11.886142401188,-4.473211242349,22.4));
#6929 = SURFACE_CURVE('',#6930,(#6945,#6963),.PCURVE_S1.);
#6930 = B_SPLINE_CURVE_WITH_KNOTS('',4,(#6931,#6932,#6933,#6934,#6935,
    #6936,#6937,#6938,#6939,#6940,#6941,#6942,#6943,#6944),
  .UNSPECIFIED.,.F.,.F.,(5,3,3,3,5),(0.,0.25,0.5,0.75,1.),
  .UNSPECIFIED.);
#6931 = CARTESIAN_POINT('',(11.886142401188,-4.473211242349,22.4000006)
  );
#6932 = CARTESIAN_POINT('',(11.886142401188,-4.473211242349,21.000000525
    ));
#6933 = CARTESIAN_POINT('',(11.886142401188,-4.473211242349,19.60000045)
  );
#6934 = CARTESIAN_POINT('',(11.886142401188,-4.473211242349,18.200000375
    ));
#6935 = CARTESIAN_POINT('',(11.886142401188,-4.473211242349,15.400000225
    ));
#6936 = CARTESIAN_POINT('',(11.886142401188,-4.473211242349,14.00000015)
  );
#6937 = CARTESIAN_POINT('',(11.886142401188,-4.473211242349,12.600000075
    ));
#6938 = CARTESIAN_POINT('',(11.886142401188,-4.473211242349,9.799999925)
  );
#6939 = CARTESIAN_POINT('',(11.886142401188,-4.473211242349,8.39999985)
  );
#6940 = CARTESIAN_POINT('',(11.886142401188,-4.473211242349,6.999999775)
  );
#6941 = CARTESIAN_POINT('',(11.886142401188,-4.473211242349,4.199999625)
  );
#6942 = CARTESIAN_POINT('',(11.886142401188,-4.473211242349,2.79999955)
  );
#6943 = CARTESIAN_POINT('',(11.886142401188,-4.473211242349,1.399999475)
  );
#6944 = CARTESIAN_POINT('',(11.886142401188,-4.473211242349,-6.E-07));
#6945 = PCURVE('',#294,#6946);
#6946 = DEFINITIONAL_REPRESENTATION('',(#6947),#6962);
#6947 = B_SPLINE_CURVE_WITH_KNOTS('',4,(#6948,#6949,#6950,#6951,#6952,
    #6953,#6954,#6955,#6956,#6957,#6958,#6959,#6960,#6961),
  .UNSPECIFIED.,.F.,.F.,(5,3,3,3,5),(0.,0.25,0.5,0.75,1.),
  .UNSPECIFIED.);
#6948 = CARTESIAN_POINT('',(-5.923241803843,-22.4000006));
#6949 = CARTESIAN_POINT('',(-5.923241803843,-21.000000525));
#6950 = CARTESIAN_POINT('',(-5.923241803843,-19.60000045));
#6951 = CARTESIAN_POINT('',(-5.923241803843,-18.200000375));
#6952 = CARTESIAN_POINT('',(-5.923241803843,-15.400000225));
#6953 = CARTESIAN_POINT('',(-5.923241803843,-14.00000015));
#6954 = CARTESIAN_POINT('',(-5.923241803843,-12.600000075));
#6955 = CARTESIAN_POINT('',(-5.923241803843,-9.799999925));
#6956 = CARTESIAN_POINT('',(-5.923241803843,-8.39999985));
#6957 = CARTESIAN_POINT('',(-5.923241803843,-6.999999775));
#6958 = CARTESIAN_POINT('',(-5.923241803843,-4.199999625));
#6959 = CARTESIAN_POINT('',(-5.923241803843,-2.79999955));
#6960 = CARTESIAN_POINT('',(-5.923241803843,-1.399999475));
#6961 = CARTESIAN_POINT('',(-5.923241803843,5.999999999062E-07));
#6962 = ( GEOMETRIC_REPRESENTATION_CONTEXT(2) 
PARAMETRIC_REPRESENTATION_CONTEXT() REPRESENTATION_CONTEXT('2D SPACE',''
  ) );
#6963 = PCURVE('',#210,#6964);
#6964 = DEFINITIONAL_REPRESENTATION('',(#6965),#6980);
#6965 = B_SPLINE_CURVE_WITH_KNOTS('',4,(#6966,#6967,#6968,#6969,#6970,
    #6971,#6972,#6973,#6974,#6975,#6976,#6977,#6978,#6979),
  .UNSPECIFIED.,.F.,.F.,(5,3,3,3,5),(0.,0.25,0.5,0.75,1.),
  .UNSPECIFIED.);
#6966 = CARTESIAN_POINT('',(2.479811260551,-22.4000006));
#6967 = CARTESIAN_POINT('',(2.479811260551,-21.000000525));
#6968 = CARTESIAN_POINT('',(2.479811260551,-19.60000045));
#6969 = CARTESIAN_POINT('',(2.479811260551,-18.200000375));
#6970 = CARTESIAN_POINT('',(2.479811260551,-15.400000225));
#6971 = CARTESIAN_POINT('',(2.479811260551,-14.00000015));
#6972 = CARTESIAN_POINT('',(2.479811260551,-12.600000075));
#6973 = CARTESIAN_POINT('',(2.479811260551,-9.799999925));
#6974 = CARTESIAN_POINT('',(2.479811260551,-8.39999985));
#6975 = CARTESIAN_POINT('',(2.479811260551,-6.999999775));
#6976 = CARTESIAN_POINT('',(2.479811260551,-4.199999625));
#6977 = CARTESIAN_POINT('',(2.479811260551,-2.79999955));
#6978 = CARTESIAN_POINT('',(2.479811260551,-1.399999475));
#6979 = CARTESIAN_POINT('',(2.479811260551,5.999999999062E-07));
#6980 = ( GEOMETRIC_REPRESENTATION_CONTEXT(2) 
PARAMETRIC_REPRESENTATION_CONTEXT() REPRESENTATION_CONTEXT('2D SPACE',''
  ) );
#6981 = ORIENTED_EDGE('',*,*,#6982,.T.);
#6982 = EDGE_CURVE('',#6927,#6779,#6983,.T.);
#6983 = SURFACE_CURVE('',#6984,(#6989,#6996),.PCURVE_S1.);
#6984 = CIRCLE('',#6985,12.7);
#6985 = AXIS2_PLACEMENT_3D('',#6986,#6987,#6988);
#6986 = CARTESIAN_POINT('',(0.,0.,22.4));
#6987 = DIRECTION('',(0.,0.,1.));
#6988 = DIRECTION('',(1.,0.,0.));
#6989 = PCURVE('',#294,#6990);
#6990 = DEFINITIONAL_REPRESENTATION('',(#6991),#6995);
#6991 = LINE('',#6992,#6993);
#6992 = CARTESIAN_POINT('',(-0.,-22.4));
#6993 = VECTOR('',#6994,1.);
#6994 = DIRECTION('',(-1.,0.));
#6995 = ( GEOMETRIC_REPRESENTATION_CONTEXT(2) 
PARAMETRIC_REPRESENTATION_CONTEXT() REPRESENTATION_CONTEXT('2D SPACE',''
  ) );
#6996 = PCURVE('',#5472,#6997);
#6997 = DEFINITIONAL_REPRESENTATION('',(#6998),#7002);
#6998 = CIRCLE('',#6999,12.7);
#6999 = AXIS2_PLACEMENT_2D('',#7000,#7001);
#7000 = CARTESIAN_POINT('',(3.500646739301E-15,2.041077998579E-15));
#7001 = DIRECTION('',(1.,0.));
#7002 = ( GEOMETRIC_REPRESENTATION_CONTEXT(2) 
PARAMETRIC_REPRESENTATION_CONTEXT() REPRESENTATION_CONTEXT('2D SPACE',''
  ) );
#7003 = ORIENTED_EDGE('',*,*,#6895,.T.);
#7004 = ADVANCED_FACE('',(#7005),#210,.T.);
#7005 = FACE_BOUND('',#7006,.T.);
#7006 = EDGE_LOOP('',(#7007,#7008,#7009,#7136));
#7007 = ORIENTED_EDGE('',*,*,#88,.F.);
#7008 = ORIENTED_EDGE('',*,*,#6926,.F.);
#7009 = ORIENTED_EDGE('',*,*,#7010,.T.);
#7010 = EDGE_CURVE('',#6927,#6647,#7011,.T.);
#7011 = SURFACE_CURVE('',#7012,(#7069,#7076),.PCURVE_S1.);
#7012 = B_SPLINE_CURVE_WITH_KNOTS('',3,(#7013,#7014,#7015,#7016,#7017,
    #7018,#7019,#7020,#7021,#7022,#7023,#7024,#7025,#7026,#7027,#7028,
    #7029,#7030,#7031,#7032,#7033,#7034,#7035,#7036,#7037,#7038,#7039,
    #7040,#7041,#7042,#7043,#7044,#7045,#7046,#7047,#7048,#7049,#7050,
    #7051,#7052,#7053,#7054,#7055,#7056,#7057,#7058,#7059,#7060,#7061,
    #7062,#7063,#7064,#7065,#7066,#7067,#7068),.UNSPECIFIED.,.F.,.F.,(4,
    1,1,1,1,1,1,1,1,1,1,1,1,1,1,1,1,1,1,1,1,1,1,1,1,1,1,1,1,1,1,1,1,1,1,
    1,1,1,1,1,1,1,1,1,1,1,1,3,3,4),(0.,2.252840378147,3.947251251067,
    5.556769293497,6.973069313182,8.438034201878,9.836527608945,
    11.173881028628,12.358378394578,13.591674823614,14.777241775145,
    15.919070127373,16.937511191725,18.005608061592,19.040905950925,
    20.046909447572,20.952226144232,21.910527049393,22.848343890734,
    23.768545277515,24.604779330967,25.498993387072,26.383732766176,
    27.261734369083,28.068590979197,28.941306811933,29.815275751476,
    30.69326112534,31.509705745874,32.403313623746,33.30925058782,
    34.230483702873,35.097084585268,36.056205964867,37.039089037922,
    38.048588577934,39.007142758039,40.077976938895,41.186386250524,
    42.336589601129,43.439334281668,44.68291297016,45.982505886097,
    47.343769408886,48.660381123787,50.157957971193,51.73669345799,
    51.75772326206,53.205564838504,53.402350377676),.UNSPECIFIED.);
#7013 = CARTESIAN_POINT('',(9.496271560636,-5.093527873897,22.4));
#7014 = CARTESIAN_POINT('',(10.249938109465,-4.915099437466,22.4));
#7015 = CARTESIAN_POINT('',(11.606661307236,-4.859713821642,22.4));
#7016 = CARTESIAN_POINT('',(13.040827263631,-3.583084577393,22.4));
#7017 = CARTESIAN_POINT('',(14.410916045035,-2.822721002698,22.4));
#7018 = CARTESIAN_POINT('',(15.726575795583,-2.104712831649,22.4));
#7019 = CARTESIAN_POINT('',(17.01998877588,-1.501518169312,22.4));
#7020 = CARTESIAN_POINT('',(18.318130089352,-0.974789866086,22.4));
#7021 = CARTESIAN_POINT('',(19.554715001514,-0.550224822861,22.4));
#7022 = CARTESIAN_POINT('',(20.758448445245,-0.205184901683,22.4));
#7023 = CARTESIAN_POINT('',(21.929155862665,6.596558094505E-02,22.4));
#7024 = CARTESIAN_POINT('',(23.09863917069,0.271898846638,22.4));
#7025 = CARTESIAN_POINT('',(24.206293989563,0.406130536759,22.4));
#7026 = CARTESIAN_POINT('',(25.280232044048,0.482623522151,22.4));
#7027 = CARTESIAN_POINT('',(26.321051404874,0.497330327001,22.4));
#7028 = CARTESIAN_POINT('',(27.357721676959,0.482559264875,22.4));
#7029 = CARTESIAN_POINT('',(28.337858716863,0.410448528848,22.4));
#7030 = CARTESIAN_POINT('',(29.287556558766,0.293587822094,22.4));
#7031 = CARTESIAN_POINT('',(30.207810109716,0.132382656111,22.4));
#7032 = CARTESIAN_POINT('',(31.123141507167,-7.799384011559E-02,22.4));
#7033 = CARTESIAN_POINT('',(31.987012229058,-0.325066028925,22.4));
#7034 = CARTESIAN_POINT('',(32.823430423024,-0.610828167691,22.4));
#7035 = CARTESIAN_POINT('',(33.633404815231,-0.934200818076,22.4));
#7036 = CARTESIAN_POINT('',(34.437846576298,-1.305647754307,22.4));
#7037 = CARTESIAN_POINT('',(35.195819006351,-1.70542258685,22.4));
#7038 = CARTESIAN_POINT('',(35.9290116092,-2.141065645731,22.4));
#7039 = CARTESIAN_POINT('',(36.638087506855,-2.612665169012,22.4));
#7040 = CARTESIAN_POINT('',(37.340285497196,-3.135213075507,22.4));
#7041 = CARTESIAN_POINT('',(37.999465413379,-3.682150484235,22.4));
#7042 = CARTESIAN_POINT('',(38.634786840695,-4.266234226687,22.4));
#7043 = CARTESIAN_POINT('',(39.246191975595,-4.888556953578,22.4));
#7044 = CARTESIAN_POINT('',(39.847000443778,-5.568477155319,22.4));
#7045 = CARTESIAN_POINT('',(40.405420125329,-6.272213958533,22.4));
#7046 = CARTESIAN_POINT('',(40.937713101617,-7.017561084534,22.4));
#7047 = CARTESIAN_POINT('',(41.442133815883,-7.807314659862,22.4));
#7048 = CARTESIAN_POINT('',(41.900216445601,-8.67888483511,22.4));
#7049 = CARTESIAN_POINT('',(42.31871171121,-9.569388783222,22.4));
#7050 = CARTESIAN_POINT('',(42.700175063427,-10.50828683442,22.4));
#7051 = CARTESIAN_POINT('',(43.044400428782,-11.49644819565,22.4));
#7052 = CARTESIAN_POINT('',(43.352981514901,-12.56309790802,22.4));
#7053 = CARTESIAN_POINT('',(43.606601942211,-13.65486184738,22.4));
#7054 = CARTESIAN_POINT('',(43.811544165199,-14.80329356827,22.4));
#7055 = CARTESIAN_POINT('',(43.963923608963,-16.00697957194,22.4));
#7056 = CARTESIAN_POINT('',(44.05523229833,-17.31661343345,22.4));
#7057 = CARTESIAN_POINT('',(44.087532107971,-18.60046837479,22.4));
#7058 = CARTESIAN_POINT('',(44.011951232039,-20.15366010156,22.4));
#7059 = CARTESIAN_POINT('',(44.018954755314,-20.92132877466,22.4));
#7060 = CARTESIAN_POINT('',(43.532532172437,-23.7998435625,22.4));
#7061 = CARTESIAN_POINT('',(43.694198361824,-23.00094539931,22.4));
#7062 = CARTESIAN_POINT('',(43.696390596586,-22.99007155444,22.4));
#7063 = CARTESIAN_POINT('',(43.696390596344,-22.99007155574,22.4));
#7064 = CARTESIAN_POINT('',(43.696390596101,-22.99007155704,22.4));
#7065 = CARTESIAN_POINT('',(43.696390595859,-22.99007155834,22.4));
#7066 = CARTESIAN_POINT('',(43.612171815099,-23.43315533176,22.4));
#7067 = CARTESIAN_POINT('',(43.507847749432,-23.98285416915,22.4));
#7068 = CARTESIAN_POINT('',(43.37988787401,-24.65808465839,22.4));
#7069 = PCURVE('',#210,#7070);
#7070 = DEFINITIONAL_REPRESENTATION('',(#7071),#7075);
#7071 = LINE('',#7072,#7073);
#7072 = CARTESIAN_POINT('',(0.,-22.4));
#7073 = VECTOR('',#7074,1.);
#7074 = DIRECTION('',(1.,0.));
#7075 = ( GEOMETRIC_REPRESENTATION_CONTEXT(2) 
PARAMETRIC_REPRESENTATION_CONTEXT() REPRESENTATION_CONTEXT('2D SPACE',''
  ) );
#7076 = PCURVE('',#5472,#7077);
#7077 = DEFINITIONAL_REPRESENTATION('',(#7078),#7135);
#7078 = B_SPLINE_CURVE_WITH_KNOTS('',3,(#7079,#7080,#7081,#7082,#7083,
    #7084,#7085,#7086,#7087,#7088,#7089,#7090,#7091,#7092,#7093,#7094,
    #7095,#7096,#7097,#7098,#7099,#7100,#7101,#7102,#7103,#7104,#7105,
    #7106,#7107,#7108,#7109,#7110,#7111,#7112,#7113,#7114,#7115,#7116,
    #7117,#7118,#7119,#7120,#7121,#7122,#7123,#7124,#7125,#7126,#7127,
    #7128,#7129,#7130,#7131,#7132,#7133,#7134),.UNSPECIFIED.,.F.,.F.,(4,
    1,1,1,1,1,1,1,1,1,1,1,1,1,1,1,1,1,1,1,1,1,1,1,1,1,1,1,1,1,1,1,1,1,1,
    1,1,1,1,1,1,1,1,1,1,1,1,3,3,4),(0.,2.252840378147,3.947251251067,
    5.556769293497,6.973069313182,8.438034201878,9.836527608945,
    11.173881028628,12.358378394578,13.591674823614,14.777241775145,
    15.919070127373,16.937511191725,18.005608061592,19.040905950925,
    20.046909447572,20.952226144232,21.910527049393,22.848343890734,
    23.768545277515,24.604779330967,25.498993387072,26.383732766176,
    27.261734369083,28.068590979197,28.941306811933,29.815275751476,
    30.69326112534,31.509705745874,32.403313623746,33.30925058782,
    34.230483702873,35.097084585268,36.056205964867,37.039089037922,
    38.048588577934,39.007142758039,40.077976938895,41.186386250524,
    42.336589601129,43.439334281668,44.68291297016,45.982505886097,
    47.343769408886,48.660381123787,50.157957971193,51.73669345799,
    51.75772326206,53.205564838504,53.402350377676),.UNSPECIFIED.);
#7079 = CARTESIAN_POINT('',(9.496271560636,-5.093527873897));
#7080 = CARTESIAN_POINT('',(10.249938109465,-4.915099437466));
#7081 = CARTESIAN_POINT('',(11.606661307236,-4.859713821642));
#7082 = CARTESIAN_POINT('',(13.040827263631,-3.583084577393));
#7083 = CARTESIAN_POINT('',(14.410916045035,-2.822721002698));
#7084 = CARTESIAN_POINT('',(15.726575795583,-2.104712831649));
#7085 = CARTESIAN_POINT('',(17.01998877588,-1.501518169312));
#7086 = CARTESIAN_POINT('',(18.318130089352,-0.974789866086));
#7087 = CARTESIAN_POINT('',(19.554715001514,-0.550224822861));
#7088 = CARTESIAN_POINT('',(20.758448445245,-0.205184901683));
#7089 = CARTESIAN_POINT('',(21.929155862665,6.596558094505E-02));
#7090 = CARTESIAN_POINT('',(23.09863917069,0.271898846638));
#7091 = CARTESIAN_POINT('',(24.206293989563,0.406130536759));
#7092 = CARTESIAN_POINT('',(25.280232044048,0.482623522151));
#7093 = CARTESIAN_POINT('',(26.321051404874,0.497330327001));
#7094 = CARTESIAN_POINT('',(27.357721676959,0.482559264875));
#7095 = CARTESIAN_POINT('',(28.337858716863,0.410448528848));
#7096 = CARTESIAN_POINT('',(29.287556558766,0.293587822094));
#7097 = CARTESIAN_POINT('',(30.207810109716,0.132382656111));
#7098 = CARTESIAN_POINT('',(31.123141507167,-7.799384011559E-02));
#7099 = CARTESIAN_POINT('',(31.987012229058,-0.325066028925));
#7100 = CARTESIAN_POINT('',(32.823430423024,-0.610828167691));
#7101 = CARTESIAN_POINT('',(33.633404815231,-0.934200818076));
#7102 = CARTESIAN_POINT('',(34.437846576298,-1.305647754307));
#7103 = CARTESIAN_POINT('',(35.195819006351,-1.70542258685));
#7104 = CARTESIAN_POINT('',(35.9290116092,-2.141065645731));
#7105 = CARTESIAN_POINT('',(36.638087506855,-2.612665169012));
#7106 = CARTESIAN_POINT('',(37.340285497196,-3.135213075507));
#7107 = CARTESIAN_POINT('',(37.999465413379,-3.682150484235));
#7108 = CARTESIAN_POINT('',(38.634786840695,-4.266234226687));
#7109 = CARTESIAN_POINT('',(39.246191975595,-4.888556953578));
#7110 = CARTESIAN_POINT('',(39.847000443778,-5.568477155319));
#7111 = CARTESIAN_POINT('',(40.405420125329,-6.272213958533));
#7112 = CARTESIAN_POINT('',(40.937713101617,-7.017561084534));
#7113 = CARTESIAN_POINT('',(41.442133815883,-7.807314659862));
#7114 = CARTESIAN_POINT('',(41.900216445601,-8.67888483511));
#7115 = CARTESIAN_POINT('',(42.31871171121,-9.569388783222));
#7116 = CARTESIAN_POINT('',(42.700175063427,-10.50828683442));
#7117 = CARTESIAN_POINT('',(43.044400428782,-11.49644819565));
#7118 = CARTESIAN_POINT('',(43.352981514901,-12.56309790802));
#7119 = CARTESIAN_POINT('',(43.606601942211,-13.65486184738));
#7120 = CARTESIAN_POINT('',(43.811544165199,-14.80329356827));
#7121 = CARTESIAN_POINT('',(43.963923608963,-16.00697957194));
#7122 = CARTESIAN_POINT('',(44.05523229833,-17.31661343345));
#7123 = CARTESIAN_POINT('',(44.087532107971,-18.60046837479));
#7124 = CARTESIAN_POINT('',(44.011951232039,-20.15366010156));
#7125 = CARTESIAN_POINT('',(44.018954755314,-20.92132877466));
#7126 = CARTESIAN_POINT('',(43.532532172437,-23.7998435625));
#7127 = CARTESIAN_POINT('',(43.694198361824,-23.00094539931));
#7128 = CARTESIAN_POINT('',(43.696390596586,-22.99007155444));
#7129 = CARTESIAN_POINT('',(43.696390596344,-22.99007155574));
#7130 = CARTESIAN_POINT('',(43.696390596101,-22.99007155704));
#7131 = CARTESIAN_POINT('',(43.696390595859,-22.99007155834));
#7132 = CARTESIAN_POINT('',(43.612171815099,-23.43315533176));
#7133 = CARTESIAN_POINT('',(43.507847749432,-23.98285416915));
#7134 = CARTESIAN_POINT('',(43.37988787401,-24.65808465839));
#7135 = ( GEOMETRIC_REPRESENTATION_CONTEXT(2) 
PARAMETRIC_REPRESENTATION_CONTEXT() REPRESENTATION_CONTEXT('2D SPACE',''
  ) );
#7136 = ORIENTED_EDGE('',*,*,#6646,.T.);
#7137 = ADVANCED_FACE('',(#7138),#5419,.T.);
#7138 = FACE_BOUND('',#7139,.T.);
#7139 = EDGE_LOOP('',(#7140,#7141,#7142,#7165));
#7140 = ORIENTED_EDGE('',*,*,#5405,.F.);
#7141 = ORIENTED_EDGE('',*,*,#6519,.F.);
#7142 = ORIENTED_EDGE('',*,*,#7143,.T.);
#7143 = EDGE_CURVE('',#6520,#7144,#7146,.T.);
#7144 = VERTEX_POINT('',#7145);
#7145 = CARTESIAN_POINT('',(41.317396616108,-24.2419153416,22.4));
#7146 = SURFACE_CURVE('',#7147,(#7151,#7158),.PCURVE_S1.);
#7147 = LINE('',#7148,#7149);
#7148 = CARTESIAN_POINT('',(43.37988787401,-24.65808465839,22.4));
#7149 = VECTOR('',#7150,1.);
#7150 = DIRECTION('',(-0.980243711075,0.197793495591,0.));
#7151 = PCURVE('',#5419,#7152);
#7152 = DEFINITIONAL_REPRESENTATION('',(#7153),#7157);
#7153 = LINE('',#7154,#7155);
#7154 = CARTESIAN_POINT('',(0.,-22.4));
#7155 = VECTOR('',#7156,1.);
#7156 = DIRECTION('',(1.,-0.));
#7157 = ( GEOMETRIC_REPRESENTATION_CONTEXT(2) 
PARAMETRIC_REPRESENTATION_CONTEXT() REPRESENTATION_CONTEXT('2D SPACE',''
  ) );
#7158 = PCURVE('',#5472,#7159);
#7159 = DEFINITIONAL_REPRESENTATION('',(#7160),#7164);
#7160 = LINE('',#7161,#7162);
#7161 = CARTESIAN_POINT('',(43.37988787401,-24.65808465839));
#7162 = VECTOR('',#7163,1.);
#7163 = DIRECTION('',(-0.980243711075,0.197793495591));
#7164 = ( GEOMETRIC_REPRESENTATION_CONTEXT(2) 
PARAMETRIC_REPRESENTATION_CONTEXT() REPRESENTATION_CONTEXT('2D SPACE',''
  ) );
#7165 = ORIENTED_EDGE('',*,*,#7166,.F.);
#7166 = EDGE_CURVE('',#5235,#7144,#7167,.T.);
#7167 = SURFACE_CURVE('',#7168,(#7172,#7179),.PCURVE_S1.);
#7168 = LINE('',#7169,#7170);
#7169 = CARTESIAN_POINT('',(41.317396616108,-24.2419153416,0.));
#7170 = VECTOR('',#7171,1.);
#7171 = DIRECTION('',(0.,0.,1.));
#7172 = PCURVE('',#5419,#7173);
#7173 = DEFINITIONAL_REPRESENTATION('',(#7174),#7178);
#7174 = LINE('',#7175,#7176);
#7175 = CARTESIAN_POINT('',(2.104059668631,-0.));
#7176 = VECTOR('',#7177,1.);
#7177 = DIRECTION('',(0.,-1.));
#7178 = ( GEOMETRIC_REPRESENTATION_CONTEXT(2) 
PARAMETRIC_REPRESENTATION_CONTEXT() REPRESENTATION_CONTEXT('2D SPACE',''
  ) );
#7179 = PCURVE('',#5344,#7180);
#7180 = DEFINITIONAL_REPRESENTATION('',(#7181),#7185);
#7181 = LINE('',#7182,#7183);
#7182 = CARTESIAN_POINT('',(0.,0.));
#7183 = VECTOR('',#7184,1.);
#7184 = DIRECTION('',(0.,-1.));
#7185 = ( GEOMETRIC_REPRESENTATION_CONTEXT(2) 
PARAMETRIC_REPRESENTATION_CONTEXT() REPRESENTATION_CONTEXT('2D SPACE',''
  ) );
#7186 = ADVANCED_FACE('',(#7187),#5344,.T.);
#7187 = FACE_BOUND('',#7188,.T.);
#7188 = EDGE_LOOP('',(#7189,#7190,#7191,#7308));
#7189 = ORIENTED_EDGE('',*,*,#5234,.F.);
#7190 = ORIENTED_EDGE('',*,*,#7166,.T.);
#7191 = ORIENTED_EDGE('',*,*,#7192,.T.);
#7192 = EDGE_CURVE('',#7144,#7193,#7195,.T.);
#7193 = VERTEX_POINT('',#7194);
#7194 = CARTESIAN_POINT('',(10.854095987909,-6.593830471377,22.4));
#7195 = SURFACE_CURVE('',#7196,(#7247,#7254),.PCURVE_S1.);
#7196 = B_SPLINE_CURVE_WITH_KNOTS('',3,(#7197,#7198,#7199,#7200,#7201,
    #7202,#7203,#7204,#7205,#7206,#7207,#7208,#7209,#7210,#7211,#7212,
    #7213,#7214,#7215,#7216,#7217,#7218,#7219,#7220,#7221,#7222,#7223,
    #7224,#7225,#7226,#7227,#7228,#7229,#7230,#7231,#7232,#7233,#7234,
    #7235,#7236,#7237,#7238,#7239,#7240,#7241,#7242,#7243,#7244,#7245,
    #7246),.UNSPECIFIED.,.F.,.F.,(4,1,1,1,1,1,1,1,1,1,1,1,1,1,1,1,1,1,1,
    1,1,1,1,1,1,1,1,1,1,1,1,1,1,1,1,1,1,1,1,1,1,1,1,1,1,1,1,4),(0.,
    1.560399863547,3.026493159763,4.408519816062,5.616164948135,
    6.857176517943,8.034500324617,9.154049078322,10.140931914661,
    11.16430891518,12.14467057154,13.086344664582,13.924748692612,
    14.803128326675,15.653911875236,16.480955579096,17.226763352129,
    18.01856826362,18.796500931648,19.563479607115,20.264226339274,
    21.01815180319,21.769388657233,22.52071176954,23.216717634111,
    23.975961822176,24.743348723341,25.521634699363,26.252131546642,
    27.05917145937,27.885262969361,28.733262670931,29.538010575103,
    30.436403024908,31.365465694071,32.327889352555,33.24854348335,
    34.284117952136,35.363069228966,36.489379128657,37.574802555564,
    38.804527640271,40.095153684953,41.452119030183,42.768727723412,
    44.27040892768,45.857339500188,47.985194622019),.UNSPECIFIED.);
#7197 = CARTESIAN_POINT('',(41.317396616108,-24.2419153416,22.4));
#7198 = CARTESIAN_POINT('',(41.400924387824,-23.73454904093,22.4));
#7199 = CARTESIAN_POINT('',(41.585672399972,-22.73361897374,22.4));
#7200 = CARTESIAN_POINT('',(41.742143521841,-21.27458721161,22.4));
#7201 = CARTESIAN_POINT('',(41.824286837819,-19.92394336644,22.4));
#7202 = CARTESIAN_POINT('',(41.834674695109,-18.64670946809,22.4));
#7203 = CARTESIAN_POINT('',(41.783366254989,-17.43853366152,22.4));
#7204 = CARTESIAN_POINT('',(41.670357899767,-16.26411217454,22.4));
#7205 = CARTESIAN_POINT('',(41.507361294318,-15.18119086021,22.4));
#7206 = CARTESIAN_POINT('',(41.299007261237,-14.15851962487,22.4));
#7207 = CARTESIAN_POINT('',(41.049980104629,-13.19274807579,22.4));
#7208 = CARTESIAN_POINT('',(40.754170738104,-12.25609107778,22.4));
#7209 = CARTESIAN_POINT('',(40.430621027231,-11.39420169765,22.4));
#7210 = CARTESIAN_POINT('',(40.076341838557,-10.58164208252,22.4));
#7211 = CARTESIAN_POINT('',(39.696457202005,-9.814091110602,22.4));
#7212 = CARTESIAN_POINT('',(39.271003220772,-9.0755639162,22.4));
#7213 = CARTESIAN_POINT('',(38.856113724717,-8.382220799401,22.4));
#7214 = CARTESIAN_POINT('',(38.417908611987,-7.72660377362,22.4));
#7215 = CARTESIAN_POINT('',(37.956583627534,-7.107350970319,22.4));
#7216 = CARTESIAN_POINT('',(37.458702107982,-6.507874513511,22.4));
#7217 = CARTESIAN_POINT('',(36.950433117799,-5.957852204536,22.4));
#7218 = CARTESIAN_POINT('',(36.420642908347,-5.440011593171,22.4));
#7219 = CARTESIAN_POINT('',(35.86912209037,-4.953176959078,22.4));
#7220 = CARTESIAN_POINT('',(35.279440020404,-4.48568980462,22.4));
#7221 = CARTESIAN_POINT('',(34.681625695782,-4.06118547079,22.4));
#7222 = CARTESIAN_POINT('',(34.060832489273,-3.666182461433,22.4));
#7223 = CARTESIAN_POINT('',(33.416068259806,-3.300531974291,22.4));
#7224 = CARTESIAN_POINT('',(32.72837113895,-2.957153392555,22.4));
#7225 = CARTESIAN_POINT('',(32.032310885301,-2.65432727231,22.4));
#7226 = CARTESIAN_POINT('',(31.309502909553,-2.382486767599,22.4));
#7227 = CARTESIAN_POINT('',(30.558600562344,-2.142744873225,22.4));
#7228 = CARTESIAN_POINT('',(29.758230441885,-1.932878554153,22.4));
#7229 = CARTESIAN_POINT('',(28.948668617959,-1.765664135267,22.4));
#7230 = CARTESIAN_POINT('',(28.107932488413,-1.635500021131,22.4));
#7231 = CARTESIAN_POINT('',(27.234726258028,-1.546976527131,22.4));
#7232 = CARTESIAN_POINT('',(26.305496254274,-1.495405143445,22.4));
#7233 = CARTESIAN_POINT('',(25.367659618555,-1.518419112116,22.4));
#7234 = CARTESIAN_POINT('',(24.396824490391,-1.585022743395,22.4));
#7235 = CARTESIAN_POINT('',(23.391998452614,-1.707607067501,22.4));
#7236 = CARTESIAN_POINT('',(22.327582418421,-1.894865816593,22.4));
#7237 = CARTESIAN_POINT('',(21.258478816811,-2.142597882945,22.4));
#7238 = CARTESIAN_POINT('',(20.155284338121,-2.458851560935,22.4));
#7239 = CARTESIAN_POINT('',(19.018065066824,-2.849368663121,22.4));
#7240 = CARTESIAN_POINT('',(17.819413345921,-3.335759002956,22.4));
#7241 = CARTESIAN_POINT('',(16.623353845495,-3.89387909653,22.4));
#7242 = CARTESIAN_POINT('',(15.392667533767,-4.564037280591,22.4));
#7243 = CARTESIAN_POINT('',(14.146255399249,-5.262674350739,22.4));
#7244 = CARTESIAN_POINT('',(12.655028766119,-6.511421326188,22.4));
#7245 = CARTESIAN_POINT('',(11.841626838209,-6.398844232666,22.4));
#7246 = CARTESIAN_POINT('',(10.767330890697,-6.61059116748,22.4));
#7247 = PCURVE('',#5344,#7248);
#7248 = DEFINITIONAL_REPRESENTATION('',(#7249),#7253);
#7249 = LINE('',#7250,#7251);
#7250 = CARTESIAN_POINT('',(0.,-22.4));
#7251 = VECTOR('',#7252,1.);
#7252 = DIRECTION('',(1.,0.));
#7253 = ( GEOMETRIC_REPRESENTATION_CONTEXT(2) 
PARAMETRIC_REPRESENTATION_CONTEXT() REPRESENTATION_CONTEXT('2D SPACE',''
  ) );
#7254 = PCURVE('',#5472,#7255);
#7255 = DEFINITIONAL_REPRESENTATION('',(#7256),#7307);
#7256 = B_SPLINE_CURVE_WITH_KNOTS('',3,(#7257,#7258,#7259,#7260,#7261,
    #7262,#7263,#7264,#7265,#7266,#7267,#7268,#7269,#7270,#7271,#7272,
    #7273,#7274,#7275,#7276,#7277,#7278,#7279,#7280,#7281,#7282,#7283,
    #7284,#7285,#7286,#7287,#7288,#7289,#7290,#7291,#7292,#7293,#7294,
    #7295,#7296,#7297,#7298,#7299,#7300,#7301,#7302,#7303,#7304,#7305,
    #7306),.UNSPECIFIED.,.F.,.F.,(4,1,1,1,1,1,1,1,1,1,1,1,1,1,1,1,1,1,1,
    1,1,1,1,1,1,1,1,1,1,1,1,1,1,1,1,1,1,1,1,1,1,1,1,1,1,1,1,4),(0.,
    1.560399863547,3.026493159763,4.408519816062,5.616164948135,
    6.857176517943,8.034500324617,9.154049078322,10.140931914661,
    11.16430891518,12.14467057154,13.086344664582,13.924748692612,
    14.803128326675,15.653911875236,16.480955579096,17.226763352129,
    18.01856826362,18.796500931648,19.563479607115,20.264226339274,
    21.01815180319,21.769388657233,22.52071176954,23.216717634111,
    23.975961822176,24.743348723341,25.521634699363,26.252131546642,
    27.05917145937,27.885262969361,28.733262670931,29.538010575103,
    30.436403024908,31.365465694071,32.327889352555,33.24854348335,
    34.284117952136,35.363069228966,36.489379128657,37.574802555564,
    38.804527640271,40.095153684953,41.452119030183,42.768727723412,
    44.27040892768,45.857339500188,47.985194622019),.UNSPECIFIED.);
#7257 = CARTESIAN_POINT('',(41.317396616108,-24.2419153416));
#7258 = CARTESIAN_POINT('',(41.400924387824,-23.73454904093));
#7259 = CARTESIAN_POINT('',(41.585672399972,-22.73361897374));
#7260 = CARTESIAN_POINT('',(41.742143521841,-21.27458721161));
#7261 = CARTESIAN_POINT('',(41.824286837819,-19.92394336644));
#7262 = CARTESIAN_POINT('',(41.834674695109,-18.64670946809));
#7263 = CARTESIAN_POINT('',(41.783366254989,-17.43853366152));
#7264 = CARTESIAN_POINT('',(41.670357899767,-16.26411217454));
#7265 = CARTESIAN_POINT('',(41.507361294318,-15.18119086021));
#7266 = CARTESIAN_POINT('',(41.299007261237,-14.15851962487));
#7267 = CARTESIAN_POINT('',(41.049980104629,-13.19274807579));
#7268 = CARTESIAN_POINT('',(40.754170738104,-12.25609107778));
#7269 = CARTESIAN_POINT('',(40.430621027231,-11.39420169765));
#7270 = CARTESIAN_POINT('',(40.076341838557,-10.58164208252));
#7271 = CARTESIAN_POINT('',(39.696457202005,-9.814091110602));
#7272 = CARTESIAN_POINT('',(39.271003220772,-9.0755639162));
#7273 = CARTESIAN_POINT('',(38.856113724717,-8.382220799401));
#7274 = CARTESIAN_POINT('',(38.417908611987,-7.72660377362));
#7275 = CARTESIAN_POINT('',(37.956583627534,-7.107350970319));
#7276 = CARTESIAN_POINT('',(37.458702107982,-6.507874513511));
#7277 = CARTESIAN_POINT('',(36.950433117799,-5.957852204536));
#7278 = CARTESIAN_POINT('',(36.420642908347,-5.440011593171));
#7279 = CARTESIAN_POINT('',(35.86912209037,-4.953176959078));
#7280 = CARTESIAN_POINT('',(35.279440020404,-4.48568980462));
#7281 = CARTESIAN_POINT('',(34.681625695782,-4.06118547079));
#7282 = CARTESIAN_POINT('',(34.060832489273,-3.666182461433));
#7283 = CARTESIAN_POINT('',(33.416068259806,-3.300531974291));
#7284 = CARTESIAN_POINT('',(32.72837113895,-2.957153392555));
#7285 = CARTESIAN_POINT('',(32.032310885301,-2.65432727231));
#7286 = CARTESIAN_POINT('',(31.309502909553,-2.382486767599));
#7287 = CARTESIAN_POINT('',(30.558600562344,-2.142744873225));
#7288 = CARTESIAN_POINT('',(29.758230441885,-1.932878554153));
#7289 = CARTESIAN_POINT('',(28.948668617959,-1.765664135267));
#7290 = CARTESIAN_POINT('',(28.107932488413,-1.635500021131));
#7291 = CARTESIAN_POINT('',(27.234726258028,-1.546976527131));
#7292 = CARTESIAN_POINT('',(26.305496254274,-1.495405143445));
#7293 = CARTESIAN_POINT('',(25.367659618555,-1.518419112116));
#7294 = CARTESIAN_POINT('',(24.396824490391,-1.585022743395));
#7295 = CARTESIAN_POINT('',(23.391998452614,-1.707607067501));
#7296 = CARTESIAN_POINT('',(22.327582418421,-1.894865816593));
#7297 = CARTESIAN_POINT('',(21.258478816811,-2.142597882945));
#7298 = CARTESIAN_POINT('',(20.155284338121,-2.458851560935));
#7299 = CARTESIAN_POINT('',(19.018065066824,-2.849368663121));
#7300 = CARTESIAN_POINT('',(17.819413345921,-3.335759002956));
#7301 = CARTESIAN_POINT('',(16.623353845495,-3.89387909653));
#7302 = CARTESIAN_POINT('',(15.392667533767,-4.564037280591));
#7303 = CARTESIAN_POINT('',(14.146255399249,-5.262674350739));
#7304 = CARTESIAN_POINT('',(12.655028766119,-6.511421326188));
#7305 = CARTESIAN_POINT('',(11.841626838209,-6.398844232666));
#7306 = CARTESIAN_POINT('',(10.767330890697,-6.61059116748));
#7307 = ( GEOMETRIC_REPRESENTATION_CONTEXT(2) 
PARAMETRIC_REPRESENTATION_CONTEXT() REPRESENTATION_CONTEXT('2D SPACE',''
  ) );
#7308 = ORIENTED_EDGE('',*,*,#7309,.T.);
#7309 = EDGE_CURVE('',#7193,#5206,#7310,.T.);
#7310 = SURFACE_CURVE('',#7311,(#7317,#7326),.PCURVE_S1.);
#7311 = B_SPLINE_CURVE_WITH_KNOTS('',4,(#7312,#7313,#7314,#7315,#7316),
  .UNSPECIFIED.,.F.,.F.,(5,5),(0.,1.),.PIECEWISE_BEZIER_KNOTS.);
#7312 = CARTESIAN_POINT('',(10.854095987909,-6.593830471377,22.4000006)
  );
#7313 = CARTESIAN_POINT('',(10.854095987909,-6.593830471377,16.8000003)
  );
#7314 = CARTESIAN_POINT('',(10.854095987909,-6.593830471377,11.2));
#7315 = CARTESIAN_POINT('',(10.854095987909,-6.593830471377,5.5999997));
#7316 = CARTESIAN_POINT('',(10.854095987909,-6.593830471377,-6.E-07));
#7317 = PCURVE('',#5344,#7318);
#7318 = DEFINITIONAL_REPRESENTATION('',(#7319),#7325);
#7319 = B_SPLINE_CURVE_WITH_KNOTS('',4,(#7320,#7321,#7322,#7323,#7324),
  .UNSPECIFIED.,.F.,.F.,(5,5),(0.,1.),.PIECEWISE_BEZIER_KNOTS.);
#7320 = CARTESIAN_POINT('',(47.927018056643,-22.4000006));
#7321 = CARTESIAN_POINT('',(47.927018056643,-16.8000003));
#7322 = CARTESIAN_POINT('',(47.927018056643,-11.2));
#7323 = CARTESIAN_POINT('',(47.927018056643,-5.5999997));
#7324 = CARTESIAN_POINT('',(47.927018056643,5.999999999062E-07));
#7325 = ( GEOMETRIC_REPRESENTATION_CONTEXT(2) 
PARAMETRIC_REPRESENTATION_CONTEXT() REPRESENTATION_CONTEXT('2D SPACE',''
  ) );
#7326 = PCURVE('',#5222,#7327);
#7327 = DEFINITIONAL_REPRESENTATION('',(#7328),#7334);
#7328 = B_SPLINE_CURVE_WITH_KNOTS('',4,(#7329,#7330,#7331,#7332,#7333),
  .UNSPECIFIED.,.F.,.F.,(5,5),(0.,1.),.PIECEWISE_BEZIER_KNOTS.);
#7329 = CARTESIAN_POINT('',(-5.737271553458,-22.4000006));
#7330 = CARTESIAN_POINT('',(-5.737271553458,-16.8000003));
#7331 = CARTESIAN_POINT('',(-5.737271553458,-11.2));
#7332 = CARTESIAN_POINT('',(-5.737271553458,-5.5999997));
#7333 = CARTESIAN_POINT('',(-5.737271553458,5.999999999062E-07));
#7334 = ( GEOMETRIC_REPRESENTATION_CONTEXT(2) 
PARAMETRIC_REPRESENTATION_CONTEXT() REPRESENTATION_CONTEXT('2D SPACE',''
  ) );
#7335 = ADVANCED_FACE('',(#7336),#5222,.T.);
#7336 = FACE_BOUND('',#7337,.F.);
#7337 = EDGE_LOOP('',(#7338,#7339,#7395,#7417));
#7338 = ORIENTED_EDGE('',*,*,#5205,.F.);
#7339 = ORIENTED_EDGE('',*,*,#7340,.F.);
#7340 = EDGE_CURVE('',#7341,#5017,#7343,.T.);
#7341 = VERTEX_POINT('',#7342);
#7342 = CARTESIAN_POINT('',(8.057095651254,-9.816985772962,22.4));
#7343 = SURFACE_CURVE('',#7344,(#7359,#7377),.PCURVE_S1.);
#7344 = B_SPLINE_CURVE_WITH_KNOTS('',4,(#7345,#7346,#7347,#7348,#7349,
    #7350,#7351,#7352,#7353,#7354,#7355,#7356,#7357,#7358),
  .UNSPECIFIED.,.F.,.F.,(5,3,3,3,5),(0.,0.25,0.5,0.75,1.),
  .UNSPECIFIED.);
#7345 = CARTESIAN_POINT('',(8.057095651254,-9.816985772962,22.4000006));
#7346 = CARTESIAN_POINT('',(8.057095651254,-9.816985772962,21.000000525)
  );
#7347 = CARTESIAN_POINT('',(8.057095651254,-9.816985772962,19.60000045)
  );
#7348 = CARTESIAN_POINT('',(8.057095651254,-9.816985772962,18.200000375)
  );
#7349 = CARTESIAN_POINT('',(8.057095651254,-9.816985772962,15.400000225)
  );
#7350 = CARTESIAN_POINT('',(8.057095651254,-9.816985772962,14.00000015)
  );
#7351 = CARTESIAN_POINT('',(8.057095651254,-9.816985772962,12.600000075)
  );
#7352 = CARTESIAN_POINT('',(8.057095651254,-9.816985772962,9.799999925)
  );
#7353 = CARTESIAN_POINT('',(8.057095651254,-9.816985772962,8.39999985));
#7354 = CARTESIAN_POINT('',(8.057095651254,-9.816985772962,6.999999775)
  );
#7355 = CARTESIAN_POINT('',(8.057095651254,-9.816985772962,4.199999625)
  );
#7356 = CARTESIAN_POINT('',(8.057095651254,-9.816985772962,2.79999955));
#7357 = CARTESIAN_POINT('',(8.057095651254,-9.816985772962,1.399999475)
  );
#7358 = CARTESIAN_POINT('',(8.057095651254,-9.816985772962,-6.E-07));
#7359 = PCURVE('',#5222,#7360);
#7360 = DEFINITIONAL_REPRESENTATION('',(#7361),#7376);
#7361 = B_SPLINE_CURVE_WITH_KNOTS('',4,(#7362,#7363,#7364,#7365,#7366,
    #7367,#7368,#7369,#7370,#7371,#7372,#7373,#7374,#7375),
  .UNSPECIFIED.,.F.,.F.,(5,3,3,3,5),(0.,0.25,0.5,0.75,1.),
  .UNSPECIFIED.);
#7362 = CARTESIAN_POINT('',(-5.399643028245,-22.4000006));
#7363 = CARTESIAN_POINT('',(-5.399643028245,-21.000000525));
#7364 = CARTESIAN_POINT('',(-5.399643028245,-19.60000045));
#7365 = CARTESIAN_POINT('',(-5.399643028245,-18.200000375));
#7366 = CARTESIAN_POINT('',(-5.399643028245,-15.400000225));
#7367 = CARTESIAN_POINT('',(-5.399643028245,-14.00000015));
#7368 = CARTESIAN_POINT('',(-5.399643028245,-12.600000075));
#7369 = CARTESIAN_POINT('',(-5.399643028245,-9.799999925));
#7370 = CARTESIAN_POINT('',(-5.399643028245,-8.39999985));
#7371 = CARTESIAN_POINT('',(-5.399643028245,-6.999999775));
#7372 = CARTESIAN_POINT('',(-5.399643028245,-4.199999625));
#7373 = CARTESIAN_POINT('',(-5.399643028245,-2.79999955));
#7374 = CARTESIAN_POINT('',(-5.399643028245,-1.399999475));
#7375 = CARTESIAN_POINT('',(-5.399643028245,5.999999999062E-07));
#7376 = ( GEOMETRIC_REPRESENTATION_CONTEXT(2) 
PARAMETRIC_REPRESENTATION_CONTEXT() REPRESENTATION_CONTEXT('2D SPACE',''
  ) );
#7377 = PCURVE('',#5138,#7378);
#7378 = DEFINITIONAL_REPRESENTATION('',(#7379),#7394);
#7379 = B_SPLINE_CURVE_WITH_KNOTS('',4,(#7380,#7381,#7382,#7383,#7384,
    #7385,#7386,#7387,#7388,#7389,#7390,#7391,#7392,#7393),
  .UNSPECIFIED.,.F.,.F.,(5,3,3,3,5),(0.,0.25,0.5,0.75,1.),
  .UNSPECIFIED.);
#7380 = CARTESIAN_POINT('',(2.479811260551,-22.4000006));
#7381 = CARTESIAN_POINT('',(2.479811260551,-21.000000525));
#7382 = CARTESIAN_POINT('',(2.479811260551,-19.60000045));
#7383 = CARTESIAN_POINT('',(2.479811260551,-18.200000375));
#7384 = CARTESIAN_POINT('',(2.479811260551,-15.400000225));
#7385 = CARTESIAN_POINT('',(2.479811260551,-14.00000015));
#7386 = CARTESIAN_POINT('',(2.479811260551,-12.600000075));
#7387 = CARTESIAN_POINT('',(2.479811260551,-9.799999925));
#7388 = CARTESIAN_POINT('',(2.479811260551,-8.39999985));
#7389 = CARTESIAN_POINT('',(2.479811260551,-6.999999775));
#7390 = CARTESIAN_POINT('',(2.479811260551,-4.199999625));
#7391 = CARTESIAN_POINT('',(2.479811260551,-2.79999955));
#7392 = CARTESIAN_POINT('',(2.479811260551,-1.399999475));
#7393 = CARTESIAN_POINT('',(2.479811260551,5.999999999062E-07));
#7394 = ( GEOMETRIC_REPRESENTATION_CONTEXT(2) 
PARAMETRIC_REPRESENTATION_CONTEXT() REPRESENTATION_CONTEXT('2D SPACE',''
  ) );
#7395 = ORIENTED_EDGE('',*,*,#7396,.T.);
#7396 = EDGE_CURVE('',#7341,#7193,#7397,.T.);
#7397 = SURFACE_CURVE('',#7398,(#7403,#7410),.PCURVE_S1.);
#7398 = CIRCLE('',#7399,12.7);
#7399 = AXIS2_PLACEMENT_3D('',#7400,#7401,#7402);
#7400 = CARTESIAN_POINT('',(0.,0.,22.4));
#7401 = DIRECTION('',(0.,0.,1.));
#7402 = DIRECTION('',(1.,0.,0.));
#7403 = PCURVE('',#5222,#7404);
#7404 = DEFINITIONAL_REPRESENTATION('',(#7405),#7409);
#7405 = LINE('',#7406,#7407);
#7406 = CARTESIAN_POINT('',(-0.,-22.4));
#7407 = VECTOR('',#7408,1.);
#7408 = DIRECTION('',(-1.,0.));
#7409 = ( GEOMETRIC_REPRESENTATION_CONTEXT(2) 
PARAMETRIC_REPRESENTATION_CONTEXT() REPRESENTATION_CONTEXT('2D SPACE',''
  ) );
#7410 = PCURVE('',#5472,#7411);
#7411 = DEFINITIONAL_REPRESENTATION('',(#7412),#7416);
#7412 = CIRCLE('',#7413,12.7);
#7413 = AXIS2_PLACEMENT_2D('',#7414,#7415);
#7414 = CARTESIAN_POINT('',(3.500646739301E-15,2.041077998579E-15));
#7415 = DIRECTION('',(1.,0.));
#7416 = ( GEOMETRIC_REPRESENTATION_CONTEXT(2) 
PARAMETRIC_REPRESENTATION_CONTEXT() REPRESENTATION_CONTEXT('2D SPACE',''
  ) );
#7417 = ORIENTED_EDGE('',*,*,#7309,.T.);
#7418 = ADVANCED_FACE('',(#7419),#5138,.T.);
#7419 = FACE_BOUND('',#7420,.T.);
#7420 = EDGE_LOOP('',(#7421,#7422,#7423,#7550));
#7421 = ORIENTED_EDGE('',*,*,#5016,.F.);
#7422 = ORIENTED_EDGE('',*,*,#7340,.F.);
#7423 = ORIENTED_EDGE('',*,*,#7424,.T.);
#7424 = EDGE_CURVE('',#7341,#6542,#7425,.T.);
#7425 = SURFACE_CURVE('',#7426,(#7483,#7490),.PCURVE_S1.);
#7426 = B_SPLINE_CURVE_WITH_KNOTS('',3,(#7427,#7428,#7429,#7430,#7431,
    #7432,#7433,#7434,#7435,#7436,#7437,#7438,#7439,#7440,#7441,#7442,
    #7443,#7444,#7445,#7446,#7447,#7448,#7449,#7450,#7451,#7452,#7453,
    #7454,#7455,#7456,#7457,#7458,#7459,#7460,#7461,#7462,#7463,#7464,
    #7465,#7466,#7467,#7468,#7469,#7470,#7471,#7472,#7473,#7474,#7475,
    #7476,#7477,#7478,#7479,#7480,#7481,#7482),.UNSPECIFIED.,.F.,.F.,(4,
    1,1,1,1,1,1,1,1,1,1,1,1,1,1,1,1,1,1,1,1,1,1,1,1,1,1,1,1,1,1,1,1,1,1,
    1,1,1,1,1,1,1,1,1,1,1,1,3,3,4),(0.,2.252840378147,3.947251251067,
    5.556769293497,6.973069313182,8.438034201878,9.836527608945,
    11.173881028628,12.358378394578,13.591674823614,14.777241775145,
    15.919070127373,16.937511191725,18.005608061592,19.040905950925,
    20.046909447572,20.952226144232,21.910527049393,22.848343890734,
    23.768545277515,24.604779330967,25.498993387072,26.383732766176,
    27.261734369083,28.068590979197,28.941306811933,29.815275751476,
    30.69326112534,31.509705745874,32.403313623746,33.30925058782,
    34.230483702873,35.097084585268,36.056205964867,37.039089037922,
    38.048588577934,39.007142758039,40.077976938895,41.186386250524,
    42.336589601129,43.439334281668,44.68291297016,45.982505886097,
    47.343769408886,48.660381123787,50.157957971193,51.73669345799,
    51.75772326206,53.205564838504,53.402350377676),.UNSPECIFIED.);
#7427 = CARTESIAN_POINT('',(5.677248475798,-9.159260313996,22.4));
#7428 = CARTESIAN_POINT('',(6.419157071282,-9.381570029705,22.4));
#7429 = CARTESIAN_POINT('',(7.621806634367,-10.01196627828,22.4));
#7430 = CARTESIAN_POINT('',(9.502145407973,-9.623455899746,22.4));
#7431 = CARTESIAN_POINT('',(11.068858885456,-9.65000611865,22.4));
#7432 = CARTESIAN_POINT('',(12.567257737692,-9.68602267767,22.4));
#7433 = CARTESIAN_POINT('',(13.988983567382,-9.810347266808,22.4));
#7434 = CARTESIAN_POINT('',(15.376571074163,-10.00325783205,22.4));
#7435 = CARTESIAN_POINT('',(16.659767543645,-10.25386617514,22.4));
#7436 = CARTESIAN_POINT('',(17.87475124589,-10.55691955995,22.4));
#7437 = CARTESIAN_POINT('',(19.024188851089,-10.90745006245,22.4));
#7438 = CARTESIAN_POINT('',(20.139957737987,-11.31384827689,22.4));
#7439 = CARTESIAN_POINT('',(21.166330794815,-11.75142763269,22.4));
#7440 = CARTESIAN_POINT('',(22.134634924786,-12.22215179137,22.4));
#7441 = CARTESIAN_POINT('',(23.043364334437,-12.72982500518,22.4));
#7442 = CARTESIAN_POINT('',(23.933761594348,-13.26095225626,22.4));
#7443 = CARTESIAN_POINT('',(24.746529802081,-13.8134705055,22.4));
#7444 = CARTESIAN_POINT('',(25.510561905712,-14.3895237672,22.4));
#7445 = CARTESIAN_POINT('',(26.226922275766,-14.98925831164,22.4));
#7446 = CARTESIAN_POINT('',(26.914434270727,-15.62911540046,22.4));
#7447 = CARTESIAN_POINT('',(27.539032167065,-16.27502155348,22.4));
#7448 = CARTESIAN_POINT('',(28.120510501845,-16.94070792207,22.4));
#7449 = CARTESIAN_POINT('',(28.660282576718,-17.6257440483,22.4));
#7450 = CARTESIAN_POINT('',(29.171226109552,-18.34964741177,22.4));
#7451 = CARTESIAN_POINT('',(29.627762073074,-19.07484878757,22.4));
#7452 = CARTESIAN_POINT('',(30.044903963568,-19.81872304497,22.4));
#7453 = CARTESIAN_POINT('',(30.423181942508,-20.58167816137,22.4));
#7454 = CARTESIAN_POINT('',(30.770029287382,-21.38531691826,22.4));
#7455 = CARTESIAN_POINT('',(31.067427136097,-22.18856856659,22.4));
#7456 = CARTESIAN_POINT('',(31.325589760495,-23.01206063915,22.4));
#7457 = CARTESIAN_POINT('',(31.543920775878,-23.85671049744,22.4));
#7458 = CARTESIAN_POINT('',(31.724276071262,-24.74594289878,22.4));
#7459 = CARTESIAN_POINT('',(31.856013299852,-25.63460668872,22.4));
#7460 = CARTESIAN_POINT('',(31.944318976572,-26.54624272262,22.4));
#7461 = CARTESIAN_POINT('',(31.986283341658,-27.48239973872,22.4));
#7462 = CARTESIAN_POINT('',(31.947209448402,-28.46624296652,22.4));
#7463 = CARTESIAN_POINT('',(31.864385005727,-29.44668964056,22.4));
#7464 = CARTESIAN_POINT('',(31.725292933757,-30.45053088058,22.4));
#7465 = CARTESIAN_POINT('',(31.52932016417,-31.47841640511,22.4));
#7466 = CARTESIAN_POINT('',(31.263234367691,-32.55645269602,22.4));
#7467 = CARTESIAN_POINT('',(30.936994130978,-33.6287582161,22.4));
#7468 = CARTESIAN_POINT('',(30.540263441951,-34.7258003724,22.4));
#7469 = CARTESIAN_POINT('',(30.07038490943,-35.84441275164,22.4));
#7470 = CARTESIAN_POINT('',(29.494643623252,-37.02424329005,22.4));
#7471 = CARTESIAN_POINT('',(28.880688608268,-38.15224418884,22.4));
#7472 = CARTESIAN_POINT('',(28.038637786285,-39.45955724321,22.4));
#7473 = CARTESIAN_POINT('',(27.660868678807,-40.12787957744,22.4));
#7474 = CARTESIAN_POINT('',(25.800356971142,-42.37753521744,22.4));
#7475 = CARTESIAN_POINT('',(26.339813079676,-41.76650220778,22.4));
#7476 = CARTESIAN_POINT('',(26.347148533107,-41.75818129926,22.4));
#7477 = CARTESIAN_POINT('',(26.347148532247,-41.75818130027,22.4));
#7478 = CARTESIAN_POINT('',(26.347148531388,-41.75818130127,22.4));
#7479 = CARTESIAN_POINT('',(26.347148530528,-41.75818130228,22.4));
#7480 = CARTESIAN_POINT('',(26.052671040204,-42.09979371568,22.4));
#7481 = CARTESIAN_POINT('',(25.687474330418,-42.52368484046,22.4));
#7482 = CARTESIAN_POINT('',(25.239042583016,-43.04447165984,22.4));
#7483 = PCURVE('',#5138,#7484);
#7484 = DEFINITIONAL_REPRESENTATION('',(#7485),#7489);
#7485 = LINE('',#7486,#7487);
#7486 = CARTESIAN_POINT('',(0.,-22.4));
#7487 = VECTOR('',#7488,1.);
#7488 = DIRECTION('',(1.,0.));
#7489 = ( GEOMETRIC_REPRESENTATION_CONTEXT(2) 
PARAMETRIC_REPRESENTATION_CONTEXT() REPRESENTATION_CONTEXT('2D SPACE',''
  ) );
#7490 = PCURVE('',#5472,#7491);
#7491 = DEFINITIONAL_REPRESENTATION('',(#7492),#7549);
#7492 = B_SPLINE_CURVE_WITH_KNOTS('',3,(#7493,#7494,#7495,#7496,#7497,
    #7498,#7499,#7500,#7501,#7502,#7503,#7504,#7505,#7506,#7507,#7508,
    #7509,#7510,#7511,#7512,#7513,#7514,#7515,#7516,#7517,#7518,#7519,
    #7520,#7521,#7522,#7523,#7524,#7525,#7526,#7527,#7528,#7529,#7530,
    #7531,#7532,#7533,#7534,#7535,#7536,#7537,#7538,#7539,#7540,#7541,
    #7542,#7543,#7544,#7545,#7546,#7547,#7548),.UNSPECIFIED.,.F.,.F.,(4,
    1,1,1,1,1,1,1,1,1,1,1,1,1,1,1,1,1,1,1,1,1,1,1,1,1,1,1,1,1,1,1,1,1,1,
    1,1,1,1,1,1,1,1,1,1,1,1,3,3,4),(0.,2.252840378147,3.947251251067,
    5.556769293497,6.973069313182,8.438034201878,9.836527608945,
    11.173881028628,12.358378394578,13.591674823614,14.777241775145,
    15.919070127373,16.937511191725,18.005608061592,19.040905950925,
    20.046909447572,20.952226144232,21.910527049393,22.848343890734,
    23.768545277515,24.604779330967,25.498993387072,26.383732766176,
    27.261734369083,28.068590979197,28.941306811933,29.815275751476,
    30.69326112534,31.509705745874,32.403313623746,33.30925058782,
    34.230483702873,35.097084585268,36.056205964867,37.039089037922,
    38.048588577934,39.007142758039,40.077976938895,41.186386250524,
    42.336589601129,43.439334281668,44.68291297016,45.982505886097,
    47.343769408886,48.660381123787,50.157957971193,51.73669345799,
    51.75772326206,53.205564838504,53.402350377676),.UNSPECIFIED.);
#7493 = CARTESIAN_POINT('',(5.677248475798,-9.159260313996));
#7494 = CARTESIAN_POINT('',(6.419157071282,-9.381570029705));
#7495 = CARTESIAN_POINT('',(7.621806634367,-10.01196627828));
#7496 = CARTESIAN_POINT('',(9.502145407973,-9.623455899746));
#7497 = CARTESIAN_POINT('',(11.068858885456,-9.65000611865));
#7498 = CARTESIAN_POINT('',(12.567257737692,-9.68602267767));
#7499 = CARTESIAN_POINT('',(13.988983567382,-9.810347266808));
#7500 = CARTESIAN_POINT('',(15.376571074163,-10.00325783205));
#7501 = CARTESIAN_POINT('',(16.659767543645,-10.25386617514));
#7502 = CARTESIAN_POINT('',(17.87475124589,-10.55691955995));
#7503 = CARTESIAN_POINT('',(19.024188851089,-10.90745006245));
#7504 = CARTESIAN_POINT('',(20.139957737987,-11.31384827689));
#7505 = CARTESIAN_POINT('',(21.166330794815,-11.75142763269));
#7506 = CARTESIAN_POINT('',(22.134634924786,-12.22215179137));
#7507 = CARTESIAN_POINT('',(23.043364334437,-12.72982500518));
#7508 = CARTESIAN_POINT('',(23.933761594348,-13.26095225626));
#7509 = CARTESIAN_POINT('',(24.746529802081,-13.8134705055));
#7510 = CARTESIAN_POINT('',(25.510561905712,-14.3895237672));
#7511 = CARTESIAN_POINT('',(26.226922275766,-14.98925831164));
#7512 = CARTESIAN_POINT('',(26.914434270727,-15.62911540046));
#7513 = CARTESIAN_POINT('',(27.539032167065,-16.27502155348));
#7514 = CARTESIAN_POINT('',(28.120510501845,-16.94070792207));
#7515 = CARTESIAN_POINT('',(28.660282576718,-17.6257440483));
#7516 = CARTESIAN_POINT('',(29.171226109552,-18.34964741177));
#7517 = CARTESIAN_POINT('',(29.627762073074,-19.07484878757));
#7518 = CARTESIAN_POINT('',(30.044903963568,-19.81872304497));
#7519 = CARTESIAN_POINT('',(30.423181942508,-20.58167816137));
#7520 = CARTESIAN_POINT('',(30.770029287382,-21.38531691826));
#7521 = CARTESIAN_POINT('',(31.067427136097,-22.18856856659));
#7522 = CARTESIAN_POINT('',(31.325589760495,-23.01206063915));
#7523 = CARTESIAN_POINT('',(31.543920775878,-23.85671049744));
#7524 = CARTESIAN_POINT('',(31.724276071262,-24.74594289878));
#7525 = CARTESIAN_POINT('',(31.856013299852,-25.63460668872));
#7526 = CARTESIAN_POINT('',(31.944318976572,-26.54624272262));
#7527 = CARTESIAN_POINT('',(31.986283341658,-27.48239973872));
#7528 = CARTESIAN_POINT('',(31.947209448402,-28.46624296652));
#7529 = CARTESIAN_POINT('',(31.864385005727,-29.44668964056));
#7530 = CARTESIAN_POINT('',(31.725292933757,-30.45053088058));
#7531 = CARTESIAN_POINT('',(31.52932016417,-31.47841640511));
#7532 = CARTESIAN_POINT('',(31.263234367691,-32.55645269602));
#7533 = CARTESIAN_POINT('',(30.936994130978,-33.6287582161));
#7534 = CARTESIAN_POINT('',(30.540263441951,-34.7258003724));
#7535 = CARTESIAN_POINT('',(30.07038490943,-35.84441275164));
#7536 = CARTESIAN_POINT('',(29.494643623252,-37.02424329005));
#7537 = CARTESIAN_POINT('',(28.880688608268,-38.15224418884));
#7538 = CARTESIAN_POINT('',(28.038637786285,-39.45955724321));
#7539 = CARTESIAN_POINT('',(27.660868678807,-40.12787957744));
#7540 = CARTESIAN_POINT('',(25.800356971142,-42.37753521744));
#7541 = CARTESIAN_POINT('',(26.339813079676,-41.76650220778));
#7542 = CARTESIAN_POINT('',(26.347148533107,-41.75818129926));
#7543 = CARTESIAN_POINT('',(26.347148532247,-41.75818130027));
#7544 = CARTESIAN_POINT('',(26.347148531388,-41.75818130127));
#7545 = CARTESIAN_POINT('',(26.347148530528,-41.75818130228));
#7546 = CARTESIAN_POINT('',(26.052671040204,-42.09979371568));
#7547 = CARTESIAN_POINT('',(25.687474330418,-42.52368484046));
#7548 = CARTESIAN_POINT('',(25.239042583016,-43.04447165984));
#7549 = ( GEOMETRIC_REPRESENTATION_CONTEXT(2) 
PARAMETRIC_REPRESENTATION_CONTEXT() REPRESENTATION_CONTEXT('2D SPACE',''
  ) );
#7550 = ORIENTED_EDGE('',*,*,#6541,.T.);
#7551 = ADVANCED_FACE('',(#7552),#4971,.T.);
#7552 = FACE_BOUND('',#7553,.T.);
#7553 = EDGE_LOOP('',(#7554,#7555,#7556,#7579));
#7554 = ORIENTED_EDGE('',*,*,#4957,.F.);
#7555 = ORIENTED_EDGE('',*,*,#6416,.F.);
#7556 = ORIENTED_EDGE('',*,*,#7557,.T.);
#7557 = EDGE_CURVE('',#6417,#7558,#7560,.T.);
#7558 = VERTEX_POINT('',#7559);
#7559 = CARTESIAN_POINT('',(23.660957416984,-41.65281283027,22.4));
#7560 = SURFACE_CURVE('',#7561,(#7565,#7572),.PCURVE_S1.);
#7561 = LINE('',#7562,#7563);
#7562 = CARTESIAN_POINT('',(25.239042583016,-43.04447165984,22.4));
#7563 = VECTOR('',#7564,1.);
#7564 = DIRECTION('',(-0.750019207895,0.661416047422,0.));
#7565 = PCURVE('',#4971,#7566);
#7566 = DEFINITIONAL_REPRESENTATION('',(#7567),#7571);
#7567 = LINE('',#7568,#7569);
#7568 = CARTESIAN_POINT('',(0.,-22.4));
#7569 = VECTOR('',#7570,1.);
#7570 = DIRECTION('',(1.,-0.));
#7571 = ( GEOMETRIC_REPRESENTATION_CONTEXT(2) 
PARAMETRIC_REPRESENTATION_CONTEXT() REPRESENTATION_CONTEXT('2D SPACE',''
  ) );
#7572 = PCURVE('',#5472,#7573);
#7573 = DEFINITIONAL_REPRESENTATION('',(#7574),#7578);
#7574 = LINE('',#7575,#7576);
#7575 = CARTESIAN_POINT('',(25.239042583016,-43.04447165984));
#7576 = VECTOR('',#7577,1.);
#7577 = DIRECTION('',(-0.750019207895,0.661416047422));
#7578 = ( GEOMETRIC_REPRESENTATION_CONTEXT(2) 
PARAMETRIC_REPRESENTATION_CONTEXT() REPRESENTATION_CONTEXT('2D SPACE',''
  ) );
#7579 = ORIENTED_EDGE('',*,*,#7580,.F.);
#7580 = EDGE_CURVE('',#4787,#7558,#7581,.T.);
#7581 = SURFACE_CURVE('',#7582,(#7586,#7593),.PCURVE_S1.);
#7582 = LINE('',#7583,#7584);
#7583 = CARTESIAN_POINT('',(23.660957416984,-41.65281283027,0.));
#7584 = VECTOR('',#7585,1.);
#7585 = DIRECTION('',(0.,0.,1.));
#7586 = PCURVE('',#4971,#7587);
#7587 = DEFINITIONAL_REPRESENTATION('',(#7588),#7592);
#7588 = LINE('',#7589,#7590);
#7589 = CARTESIAN_POINT('',(2.104059668631,-0.));
#7590 = VECTOR('',#7591,1.);
#7591 = DIRECTION('',(0.,-1.));
#7592 = ( GEOMETRIC_REPRESENTATION_CONTEXT(2) 
PARAMETRIC_REPRESENTATION_CONTEXT() REPRESENTATION_CONTEXT('2D SPACE',''
  ) );
#7593 = PCURVE('',#4896,#7594);
#7594 = DEFINITIONAL_REPRESENTATION('',(#7595),#7599);
#7595 = LINE('',#7596,#7597);
#7596 = CARTESIAN_POINT('',(0.,0.));
#7597 = VECTOR('',#7598,1.);
#7598 = DIRECTION('',(0.,-1.));
#7599 = ( GEOMETRIC_REPRESENTATION_CONTEXT(2) 
PARAMETRIC_REPRESENTATION_CONTEXT() REPRESENTATION_CONTEXT('2D SPACE',''
  ) );
#7600 = ADVANCED_FACE('',(#7601),#4896,.T.);
#7601 = FACE_BOUND('',#7602,.T.);
#7602 = EDGE_LOOP('',(#7603,#7604,#7605,#7722));
#7603 = ORIENTED_EDGE('',*,*,#4786,.F.);
#7604 = ORIENTED_EDGE('',*,*,#7580,.T.);
#7605 = ORIENTED_EDGE('',*,*,#7606,.T.);
#7606 = EDGE_CURVE('',#7558,#7607,#7609,.T.);
#7607 = VERTEX_POINT('',#7608);
#7608 = CARTESIAN_POINT('',(6.103007624955,-11.13747269041,22.4));
#7609 = SURFACE_CURVE('',#7610,(#7661,#7668),.PCURVE_S1.);
#7610 = B_SPLINE_CURVE_WITH_KNOTS('',3,(#7611,#7612,#7613,#7614,#7615,
    #7616,#7617,#7618,#7619,#7620,#7621,#7622,#7623,#7624,#7625,#7626,
    #7627,#7628,#7629,#7630,#7631,#7632,#7633,#7634,#7635,#7636,#7637,
    #7638,#7639,#7640,#7641,#7642,#7643,#7644,#7645,#7646,#7647,#7648,
    #7649,#7650,#7651,#7652,#7653,#7654,#7655,#7656,#7657,#7658,#7659,
    #7660),.UNSPECIFIED.,.F.,.F.,(4,1,1,1,1,1,1,1,1,1,1,1,1,1,1,1,1,1,1,
    1,1,1,1,1,1,1,1,1,1,1,1,1,1,1,1,1,1,1,1,1,1,1,1,1,1,1,1,4),(0.,
    1.560399863547,3.026493159763,4.408519816062,5.616164948135,
    6.857176517943,8.034500324617,9.154049078322,10.140931914661,
    11.16430891518,12.14467057154,13.086344664582,13.924748692612,
    14.803128326675,15.653911875236,16.480955579096,17.226763352129,
    18.01856826362,18.796500931648,19.563479607115,20.264226339274,
    21.01815180319,21.769388657233,22.52071176954,23.216717634111,
    23.975961822176,24.743348723341,25.521634699363,26.252131546642,
    27.05917145937,27.885262969361,28.733262670931,29.538010575103,
    30.436403024908,31.365465694071,32.327889352555,33.24854348335,
    34.284117952136,35.363069228966,36.489379128657,37.574802555564,
    38.804527640271,40.095153684953,41.452119030183,42.768727723412,
    44.27040892768,45.857339500188,47.985194622019),.UNSPECIFIED.);
#7611 = CARTESIAN_POINT('',(23.660957416984,-41.65281283027,22.4));
#7612 = CARTESIAN_POINT('',(23.986977739547,-41.25518461072,22.4));
#7613 = CARTESIAN_POINT('',(24.647439244962,-40.4807277512,22.4));
#7614 = CARTESIAN_POINT('',(25.512463092525,-39.2954047412,22.4));
#7615 = CARTESIAN_POINT('',(26.258923213498,-38.1667845178,22.4));
#7616 = CARTESIAN_POINT('',(26.906536310976,-37.0658614439,22.4));
#7617 = CARTESIAN_POINT('',(27.466189801686,-35.99389628312,22.4));
#7618 = CARTESIAN_POINT('',(27.955532438715,-34.92031326304,22.4));
#7619 = CARTESIAN_POINT('',(28.355833894832,-33.9009775918,22.4));
#7620 = CARTESIAN_POINT('',(28.686729626871,-32.91114130574,22.4));
#7621 = CARTESIAN_POINT('',(28.953951557558,-31.95024503168,22.4));
#7622 = CARTESIAN_POINT('',(29.166101630473,-30.99117159351,22.4));
#7623 = CARTESIAN_POINT('',(29.316844051535,-30.08297863963,22.4));
#7624 = CARTESIAN_POINT('',(29.416309081675,-29.2021417765,22.4));
#7625 = CARTESIAN_POINT('',(29.471094821878,-28.34748081783,22.4));
#7626 = CARTESIAN_POINT('',(29.471904463189,-27.49517051548,22.4));
#7627 = CARTESIAN_POINT('',(29.459271178242,-26.68727301477,22.4));
#7628 = CARTESIAN_POINT('',(29.407582931439,-25.90038945892,22.4));
#7629 = CARTESIAN_POINT('',(29.317690177153,-25.13343830767,22.4));
#7630 = CARTESIAN_POINT('',(29.18625036155,-24.36533570733,22.4));
#7631 = CARTESIAN_POINT('',(29.021087658584,-23.63486792002,22.4));
#7632 = CARTESIAN_POINT('',(28.821196184205,-22.92150969074,22.4));
#7633 = CARTESIAN_POINT('',(28.586982462167,-22.22413812118,22.4));
#7634 = CARTESIAN_POINT('',(28.310046386649,-21.5244413345,22.4));
#7635 = CARTESIAN_POINT('',(28.004576161695,-20.85790263507,22.4));
#7636 = CARTESIAN_POINT('',(27.664454979041,-20.20542339114,22.4));
#7637 = CARTESIAN_POINT('',(27.288898020441,-19.56637866564,22.4));
#7638 = CARTESIAN_POINT('',(26.865024134539,-18.92515553031,22.4));
#7639 = CARTESIAN_POINT('',(26.413631332436,-18.31487029042,22.4));
#7640 = CARTESIAN_POINT('',(25.923581515736,-17.71804551969,22.4));
#7641 = CARTESIAN_POINT('',(25.393151954479,-17.13497177521,22.4));
#7642 = CARTESIAN_POINT('',(24.804944257267,-16.55303715126,22.4));
#7643 = CARTESIAN_POINT('',(24.187450361256,-16.00344430467,22.4));
#7644 = CARTESIAN_POINT('',(23.524433572258,-15.47035081039,22.4));
#7645 = CARTESIAN_POINT('',(22.812476541002,-14.95708410056,22.4));
#7646 = CARTESIAN_POINT('',(22.033525443636,-14.44780697031,22.4));
#7647 = CARTESIAN_POINT('',(21.209828108167,-13.99881933396,22.4));
#7648 = CARTESIAN_POINT('',(20.335758408651,-13.57108220655,22.4));
#7649 = CARTESIAN_POINT('',(19.404261371499,-13.17483032644,22.4));
#7650 = CARTESIAN_POINT('',(18.388820671147,-12.80479314314,22.4));
#7651 = CARTESIAN_POINT('',(17.339083759699,-12.48478360513,22.4));
#7652 = CARTESIAN_POINT('',(16.225562476844,-12.20707008496,22.4));
#7653 = CARTESIAN_POINT('',(15.045443147135,-11.97665818042,22.4));
#7654 = CARTESIAN_POINT('',(13.764185136625,-11.79855871042,22.4));
#7655 = CARTESIAN_POINT('',(12.449307178031,-11.6838751396,22.4));
#7656 = CARTESIAN_POINT('',(11.048422475955,-11.64890599569,22.4));
#7657 = CARTESIAN_POINT('',(9.619679368803,-11.6307373792,22.4));
#7658 = CARTESIAN_POINT('',(7.703865733988,-11.96657066628,22.4));
#7659 = CARTESIAN_POINT('',(7.055727547691,-11.46237507945,22.4));
#7660 = CARTESIAN_POINT('',(6.019486498557,-11.10860533041,22.4));
#7661 = PCURVE('',#4896,#7662);
#7662 = DEFINITIONAL_REPRESENTATION('',(#7663),#7667);
#7663 = LINE('',#7664,#7665);
#7664 = CARTESIAN_POINT('',(0.,-22.4));
#7665 = VECTOR('',#7666,1.);
#7666 = DIRECTION('',(1.,0.));
#7667 = ( GEOMETRIC_REPRESENTATION_CONTEXT(2) 
PARAMETRIC_REPRESENTATION_CONTEXT() REPRESENTATION_CONTEXT('2D SPACE',''
  ) );
#7668 = PCURVE('',#5472,#7669);
#7669 = DEFINITIONAL_REPRESENTATION('',(#7670),#7721);
#7670 = B_SPLINE_CURVE_WITH_KNOTS('',3,(#7671,#7672,#7673,#7674,#7675,
    #7676,#7677,#7678,#7679,#7680,#7681,#7682,#7683,#7684,#7685,#7686,
    #7687,#7688,#7689,#7690,#7691,#7692,#7693,#7694,#7695,#7696,#7697,
    #7698,#7699,#7700,#7701,#7702,#7703,#7704,#7705,#7706,#7707,#7708,
    #7709,#7710,#7711,#7712,#7713,#7714,#7715,#7716,#7717,#7718,#7719,
    #7720),.UNSPECIFIED.,.F.,.F.,(4,1,1,1,1,1,1,1,1,1,1,1,1,1,1,1,1,1,1,
    1,1,1,1,1,1,1,1,1,1,1,1,1,1,1,1,1,1,1,1,1,1,1,1,1,1,1,1,4),(0.,
    1.560399863547,3.026493159763,4.408519816062,5.616164948135,
    6.857176517943,8.034500324617,9.154049078322,10.140931914661,
    11.16430891518,12.14467057154,13.086344664582,13.924748692612,
    14.803128326675,15.653911875236,16.480955579096,17.226763352129,
    18.01856826362,18.796500931648,19.563479607115,20.264226339274,
    21.01815180319,21.769388657233,22.52071176954,23.216717634111,
    23.975961822176,24.743348723341,25.521634699363,26.252131546642,
    27.05917145937,27.885262969361,28.733262670931,29.538010575103,
    30.436403024908,31.365465694071,32.327889352555,33.24854348335,
    34.284117952136,35.363069228966,36.489379128657,37.574802555564,
    38.804527640271,40.095153684953,41.452119030183,42.768727723412,
    44.27040892768,45.857339500188,47.985194622019),.UNSPECIFIED.);
#7671 = CARTESIAN_POINT('',(23.660957416984,-41.65281283027));
#7672 = CARTESIAN_POINT('',(23.986977739547,-41.25518461072));
#7673 = CARTESIAN_POINT('',(24.647439244962,-40.4807277512));
#7674 = CARTESIAN_POINT('',(25.512463092525,-39.2954047412));
#7675 = CARTESIAN_POINT('',(26.258923213498,-38.1667845178));
#7676 = CARTESIAN_POINT('',(26.906536310976,-37.0658614439));
#7677 = CARTESIAN_POINT('',(27.466189801686,-35.99389628312));
#7678 = CARTESIAN_POINT('',(27.955532438715,-34.92031326304));
#7679 = CARTESIAN_POINT('',(28.355833894832,-33.9009775918));
#7680 = CARTESIAN_POINT('',(28.686729626871,-32.91114130574));
#7681 = CARTESIAN_POINT('',(28.953951557558,-31.95024503168));
#7682 = CARTESIAN_POINT('',(29.166101630473,-30.99117159351));
#7683 = CARTESIAN_POINT('',(29.316844051535,-30.08297863963));
#7684 = CARTESIAN_POINT('',(29.416309081675,-29.2021417765));
#7685 = CARTESIAN_POINT('',(29.471094821878,-28.34748081783));
#7686 = CARTESIAN_POINT('',(29.471904463189,-27.49517051548));
#7687 = CARTESIAN_POINT('',(29.459271178242,-26.68727301477));
#7688 = CARTESIAN_POINT('',(29.407582931439,-25.90038945892));
#7689 = CARTESIAN_POINT('',(29.317690177153,-25.13343830767));
#7690 = CARTESIAN_POINT('',(29.18625036155,-24.36533570733));
#7691 = CARTESIAN_POINT('',(29.021087658584,-23.63486792002));
#7692 = CARTESIAN_POINT('',(28.821196184205,-22.92150969074));
#7693 = CARTESIAN_POINT('',(28.586982462167,-22.22413812118));
#7694 = CARTESIAN_POINT('',(28.310046386649,-21.5244413345));
#7695 = CARTESIAN_POINT('',(28.004576161695,-20.85790263507));
#7696 = CARTESIAN_POINT('',(27.664454979041,-20.20542339114));
#7697 = CARTESIAN_POINT('',(27.288898020441,-19.56637866564));
#7698 = CARTESIAN_POINT('',(26.865024134539,-18.92515553031));
#7699 = CARTESIAN_POINT('',(26.413631332436,-18.31487029042));
#7700 = CARTESIAN_POINT('',(25.923581515736,-17.71804551969));
#7701 = CARTESIAN_POINT('',(25.393151954479,-17.13497177521));
#7702 = CARTESIAN_POINT('',(24.804944257267,-16.55303715126));
#7703 = CARTESIAN_POINT('',(24.187450361256,-16.00344430467));
#7704 = CARTESIAN_POINT('',(23.524433572258,-15.47035081039));
#7705 = CARTESIAN_POINT('',(22.812476541002,-14.95708410056));
#7706 = CARTESIAN_POINT('',(22.033525443636,-14.44780697031));
#7707 = CARTESIAN_POINT('',(21.209828108167,-13.99881933396));
#7708 = CARTESIAN_POINT('',(20.335758408651,-13.57108220655));
#7709 = CARTESIAN_POINT('',(19.404261371499,-13.17483032644));
#7710 = CARTESIAN_POINT('',(18.388820671147,-12.80479314314));
#7711 = CARTESIAN_POINT('',(17.339083759699,-12.48478360513));
#7712 = CARTESIAN_POINT('',(16.225562476844,-12.20707008496));
#7713 = CARTESIAN_POINT('',(15.045443147135,-11.97665818042));
#7714 = CARTESIAN_POINT('',(13.764185136625,-11.79855871042));
#7715 = CARTESIAN_POINT('',(12.449307178031,-11.6838751396));
#7716 = CARTESIAN_POINT('',(11.048422475955,-11.64890599569));
#7717 = CARTESIAN_POINT('',(9.619679368803,-11.6307373792));
#7718 = CARTESIAN_POINT('',(7.703865733988,-11.96657066628));
#7719 = CARTESIAN_POINT('',(7.055727547691,-11.46237507945));
#7720 = CARTESIAN_POINT('',(6.019486498557,-11.10860533041));
#7721 = ( GEOMETRIC_REPRESENTATION_CONTEXT(2) 
PARAMETRIC_REPRESENTATION_CONTEXT() REPRESENTATION_CONTEXT('2D SPACE',''
  ) );
#7722 = ORIENTED_EDGE('',*,*,#7723,.T.);
#7723 = EDGE_CURVE('',#7607,#4758,#7724,.T.);
#7724 = SURFACE_CURVE('',#7725,(#7731,#7740),.PCURVE_S1.);
#7725 = B_SPLINE_CURVE_WITH_KNOTS('',4,(#7726,#7727,#7728,#7729,#7730),
  .UNSPECIFIED.,.F.,.F.,(5,5),(0.,1.),.PIECEWISE_BEZIER_KNOTS.);
#7726 = CARTESIAN_POINT('',(6.103007624955,-11.13747269041,22.4000006));
#7727 = CARTESIAN_POINT('',(6.103007624955,-11.13747269041,16.8000003));
#7728 = CARTESIAN_POINT('',(6.103007624955,-11.13747269041,11.2));
#7729 = CARTESIAN_POINT('',(6.103007624955,-11.13747269041,5.5999997));
#7730 = CARTESIAN_POINT('',(6.103007624955,-11.13747269041,-6.E-07));
#7731 = PCURVE('',#4896,#7732);
#7732 = DEFINITIONAL_REPRESENTATION('',(#7733),#7739);
#7733 = B_SPLINE_CURVE_WITH_KNOTS('',4,(#7734,#7735,#7736,#7737,#7738),
  .UNSPECIFIED.,.F.,.F.,(5,5),(0.,1.),.PIECEWISE_BEZIER_KNOTS.);
#7734 = CARTESIAN_POINT('',(47.927018056643,-22.4000006));
#7735 = CARTESIAN_POINT('',(47.927018056643,-16.8000003));
#7736 = CARTESIAN_POINT('',(47.927018056643,-11.2));
#7737 = CARTESIAN_POINT('',(47.927018056643,-5.5999997));
#7738 = CARTESIAN_POINT('',(47.927018056643,5.999999999062E-07));
#7739 = ( GEOMETRIC_REPRESENTATION_CONTEXT(2) 
PARAMETRIC_REPRESENTATION_CONTEXT() REPRESENTATION_CONTEXT('2D SPACE',''
  ) );
#7740 = PCURVE('',#4774,#7741);
#7741 = DEFINITIONAL_REPRESENTATION('',(#7742),#7748);
#7742 = B_SPLINE_CURVE_WITH_KNOTS('',4,(#7743,#7744,#7745,#7746,#7747),
  .UNSPECIFIED.,.F.,.F.,(5,5),(0.,1.),.PIECEWISE_BEZIER_KNOTS.);
#7743 = CARTESIAN_POINT('',(-5.21367277786,-22.4000006));
#7744 = CARTESIAN_POINT('',(-5.21367277786,-16.8000003));
#7745 = CARTESIAN_POINT('',(-5.21367277786,-11.2));
#7746 = CARTESIAN_POINT('',(-5.21367277786,-5.5999997));
#7747 = CARTESIAN_POINT('',(-5.21367277786,5.999999999062E-07));
#7748 = ( GEOMETRIC_REPRESENTATION_CONTEXT(2) 
PARAMETRIC_REPRESENTATION_CONTEXT() REPRESENTATION_CONTEXT('2D SPACE',''
  ) );
#7749 = ADVANCED_FACE('',(#7750),#4774,.T.);
#7750 = FACE_BOUND('',#7751,.F.);
#7751 = EDGE_LOOP('',(#7752,#7753,#7809,#7831));
#7752 = ORIENTED_EDGE('',*,*,#4757,.F.);
#7753 = ORIENTED_EDGE('',*,*,#7754,.F.);
#7754 = EDGE_CURVE('',#7755,#4569,#7757,.T.);
#7755 = VERTEX_POINT('',#7756);
#7756 = CARTESIAN_POINT('',(2.069156628226,-12.5303068936,22.4));
#7757 = SURFACE_CURVE('',#7758,(#7773,#7791),.PCURVE_S1.);
#7758 = B_SPLINE_CURVE_WITH_KNOTS('',4,(#7759,#7760,#7761,#7762,#7763,
    #7764,#7765,#7766,#7767,#7768,#7769,#7770,#7771,#7772),
  .UNSPECIFIED.,.F.,.F.,(5,3,3,3,5),(0.,0.25,0.5,0.75,1.),
  .UNSPECIFIED.);
#7759 = CARTESIAN_POINT('',(2.069156628226,-12.5303068936,22.4000006));
#7760 = CARTESIAN_POINT('',(2.069156628226,-12.5303068936,21.000000525)
  );
#7761 = CARTESIAN_POINT('',(2.069156628226,-12.5303068936,19.60000045));
#7762 = CARTESIAN_POINT('',(2.069156628226,-12.5303068936,18.200000375)
  );
#7763 = CARTESIAN_POINT('',(2.069156628226,-12.5303068936,15.400000225)
  );
#7764 = CARTESIAN_POINT('',(2.069156628226,-12.5303068936,14.00000015));
#7765 = CARTESIAN_POINT('',(2.069156628226,-12.5303068936,12.600000075)
  );
#7766 = CARTESIAN_POINT('',(2.069156628226,-12.5303068936,9.799999925));
#7767 = CARTESIAN_POINT('',(2.069156628226,-12.5303068936,8.39999985));
#7768 = CARTESIAN_POINT('',(2.069156628226,-12.5303068936,6.999999775));
#7769 = CARTESIAN_POINT('',(2.069156628226,-12.5303068936,4.199999625));
#7770 = CARTESIAN_POINT('',(2.069156628226,-12.5303068936,2.79999955));
#7771 = CARTESIAN_POINT('',(2.069156628226,-12.5303068936,1.399999475));
#7772 = CARTESIAN_POINT('',(2.069156628226,-12.5303068936,-6.E-07));
#7773 = PCURVE('',#4774,#7774);
#7774 = DEFINITIONAL_REPRESENTATION('',(#7775),#7790);
#7775 = B_SPLINE_CURVE_WITH_KNOTS('',4,(#7776,#7777,#7778,#7779,#7780,
    #7781,#7782,#7783,#7784,#7785,#7786,#7787,#7788,#7789),
  .UNSPECIFIED.,.F.,.F.,(5,3,3,3,5),(0.,0.25,0.5,0.75,1.),
  .UNSPECIFIED.);
#7776 = CARTESIAN_POINT('',(-4.876044252646,-22.4000006));
#7777 = CARTESIAN_POINT('',(-4.876044252646,-21.000000525));
#7778 = CARTESIAN_POINT('',(-4.876044252646,-19.60000045));
#7779 = CARTESIAN_POINT('',(-4.876044252646,-18.200000375));
#7780 = CARTESIAN_POINT('',(-4.876044252646,-15.400000225));
#7781 = CARTESIAN_POINT('',(-4.876044252646,-14.00000015));
#7782 = CARTESIAN_POINT('',(-4.876044252646,-12.600000075));
#7783 = CARTESIAN_POINT('',(-4.876044252646,-9.799999925));
#7784 = CARTESIAN_POINT('',(-4.876044252646,-8.39999985));
#7785 = CARTESIAN_POINT('',(-4.876044252646,-6.999999775));
#7786 = CARTESIAN_POINT('',(-4.876044252646,-4.199999625));
#7787 = CARTESIAN_POINT('',(-4.876044252646,-2.79999955));
#7788 = CARTESIAN_POINT('',(-4.876044252646,-1.399999475));
#7789 = CARTESIAN_POINT('',(-4.876044252646,5.999999999062E-07));
#7790 = ( GEOMETRIC_REPRESENTATION_CONTEXT(2) 
PARAMETRIC_REPRESENTATION_CONTEXT() REPRESENTATION_CONTEXT('2D SPACE',''
  ) );
#7791 = PCURVE('',#4690,#7792);
#7792 = DEFINITIONAL_REPRESENTATION('',(#7793),#7808);
#7793 = B_SPLINE_CURVE_WITH_KNOTS('',4,(#7794,#7795,#7796,#7797,#7798,
    #7799,#7800,#7801,#7802,#7803,#7804,#7805,#7806,#7807),
  .UNSPECIFIED.,.F.,.F.,(5,3,3,3,5),(0.,0.25,0.5,0.75,1.),
  .UNSPECIFIED.);
#7794 = CARTESIAN_POINT('',(2.479811260551,-22.4000006));
#7795 = CARTESIAN_POINT('',(2.479811260551,-21.000000525));
#7796 = CARTESIAN_POINT('',(2.479811260551,-19.60000045));
#7797 = CARTESIAN_POINT('',(2.479811260551,-18.200000375));
#7798 = CARTESIAN_POINT('',(2.479811260551,-15.400000225));
#7799 = CARTESIAN_POINT('',(2.479811260551,-14.00000015));
#7800 = CARTESIAN_POINT('',(2.479811260551,-12.600000075));
#7801 = CARTESIAN_POINT('',(2.479811260551,-9.799999925));
#7802 = CARTESIAN_POINT('',(2.479811260551,-8.39999985));
#7803 = CARTESIAN_POINT('',(2.479811260551,-6.999999775));
#7804 = CARTESIAN_POINT('',(2.479811260551,-4.199999625));
#7805 = CARTESIAN_POINT('',(2.479811260551,-2.79999955));
#7806 = CARTESIAN_POINT('',(2.479811260551,-1.399999475));
#7807 = CARTESIAN_POINT('',(2.479811260551,5.999999999062E-07));
#7808 = ( GEOMETRIC_REPRESENTATION_CONTEXT(2) 
PARAMETRIC_REPRESENTATION_CONTEXT() REPRESENTATION_CONTEXT('2D SPACE',''
  ) );
#7809 = ORIENTED_EDGE('',*,*,#7810,.T.);
#7810 = EDGE_CURVE('',#7755,#7607,#7811,.T.);
#7811 = SURFACE_CURVE('',#7812,(#7817,#7824),.PCURVE_S1.);
#7812 = CIRCLE('',#7813,12.7);
#7813 = AXIS2_PLACEMENT_3D('',#7814,#7815,#7816);
#7814 = CARTESIAN_POINT('',(0.,0.,22.4));
#7815 = DIRECTION('',(0.,0.,1.));
#7816 = DIRECTION('',(1.,0.,0.));
#7817 = PCURVE('',#4774,#7818);
#7818 = DEFINITIONAL_REPRESENTATION('',(#7819),#7823);
#7819 = LINE('',#7820,#7821);
#7820 = CARTESIAN_POINT('',(-0.,-22.4));
#7821 = VECTOR('',#7822,1.);
#7822 = DIRECTION('',(-1.,0.));
#7823 = ( GEOMETRIC_REPRESENTATION_CONTEXT(2) 
PARAMETRIC_REPRESENTATION_CONTEXT() REPRESENTATION_CONTEXT('2D SPACE',''
  ) );
#7824 = PCURVE('',#5472,#7825);
#7825 = DEFINITIONAL_REPRESENTATION('',(#7826),#7830);
#7826 = CIRCLE('',#7827,12.7);
#7827 = AXIS2_PLACEMENT_2D('',#7828,#7829);
#7828 = CARTESIAN_POINT('',(3.500646739301E-15,2.041077998579E-15));
#7829 = DIRECTION('',(1.,0.));
#7830 = ( GEOMETRIC_REPRESENTATION_CONTEXT(2) 
PARAMETRIC_REPRESENTATION_CONTEXT() REPRESENTATION_CONTEXT('2D SPACE',''
  ) );
#7831 = ORIENTED_EDGE('',*,*,#7723,.T.);
#7832 = ADVANCED_FACE('',(#7833),#4690,.T.);
#7833 = FACE_BOUND('',#7834,.T.);
#7834 = EDGE_LOOP('',(#7835,#7836,#7837,#7964));
#7835 = ORIENTED_EDGE('',*,*,#4568,.F.);
#7836 = ORIENTED_EDGE('',*,*,#7754,.F.);
#7837 = ORIENTED_EDGE('',*,*,#7838,.T.);
#7838 = EDGE_CURVE('',#7755,#6439,#7839,.T.);
#7839 = SURFACE_CURVE('',#7840,(#7897,#7904),.PCURVE_S1.);
#7840 = B_SPLINE_CURVE_WITH_KNOTS('',3,(#7841,#7842,#7843,#7844,#7845,
    #7846,#7847,#7848,#7849,#7850,#7851,#7852,#7853,#7854,#7855,#7856,
    #7857,#7858,#7859,#7860,#7861,#7862,#7863,#7864,#7865,#7866,#7867,
    #7868,#7869,#7870,#7871,#7872,#7873,#7874,#7875,#7876,#7877,#7878,
    #7879,#7880,#7881,#7882,#7883,#7884,#7885,#7886,#7887,#7888,#7889,
    #7890,#7891,#7892,#7893,#7894,#7895,#7896),.UNSPECIFIED.,.F.,.F.,(4,
    1,1,1,1,1,1,1,1,1,1,1,1,1,1,1,1,1,1,1,1,1,1,1,1,1,1,1,1,1,1,1,1,1,1,
    1,1,1,1,1,1,1,1,1,1,1,1,3,3,4),(0.,2.252840378147,3.947251251067,
    5.556769293497,6.973069313182,8.438034201878,9.836527608945,
    11.173881028628,12.358378394578,13.591674823614,14.777241775145,
    15.919070127373,16.937511191725,18.005608061592,19.040905950925,
    20.046909447572,20.952226144232,21.910527049393,22.848343890734,
    23.768545277515,24.604779330967,25.498993387072,26.383732766176,
    27.261734369083,28.068590979197,28.941306811933,29.815275751476,
    30.69326112534,31.509705745874,32.403313623746,33.30925058782,
    34.230483702873,35.097084585268,36.056205964867,37.039089037922,
    38.048588577934,39.007142758039,40.077976938895,41.186386250524,
    42.336589601129,43.439334281668,44.68291297016,45.982505886097,
    47.343769408886,48.660381123787,50.157957971193,51.73669345799,
    51.75772326206,53.205564838504,53.402350377676),.UNSPECIFIED.);
#7841 = CARTESIAN_POINT('',(0.337011246639,-10.77077634969,22.4));
#7842 = CARTESIAN_POINT('',(0.868368079761,-11.33425650874,22.4));
#7843 = CARTESIAN_POINT('',(1.594695028954,-12.481520456,22.4));
#7844 = CARTESIAN_POINT('',(3.417371363885,-13.08522998536,22.4));
#7845 = CARTESIAN_POINT('',(4.760909926385,-13.89157988815,22.4));
#7846 = CARTESIAN_POINT('',(6.040553117913,-14.67197056934,22.4));
#7847 = CARTESIAN_POINT('',(7.209641509072,-15.49050173669,22.4));
#7848 = CARTESIAN_POINT('',(8.314872257293,-16.35136094025,22.4));
#7849 = CARTESIAN_POINT('',(9.300848826366,-17.2099923665,22.4));
#7850 = CARTESIAN_POINT('',(10.201528885292,-18.07993614757,22.4));
#7851 = CARTESIAN_POINT('',(11.021705800206,-18.95822327014,22.4));
#7852 = CARTESIAN_POINT('',(11.784790893793,-19.86805889134,22.4));
#7853 = CARTESIAN_POINT('',(12.454866356867,-20.76020025805,22.4));
#7854 = CARTESIAN_POINT('',(13.058080252671,-21.65201140263,22.4));
#7855 = CARTESIAN_POINT('',(13.591226399692,-22.54603400743,22.4));
#7856 = CARTESIAN_POINT('',(14.096769420693,-23.45120232947,22.4));
#7857 = CARTESIAN_POINT('',(14.524388211359,-24.33608127323,22.4));
#7858 = CARTESIAN_POINT('',(14.898032791558,-25.21697408361,22.4));
#7859 = CARTESIAN_POINT('',(15.218551798071,-26.09453961965,22.4));
#7860 = CARTESIAN_POINT('',(15.494026106705,-26.99242811084,22.4));
#7861 = CARTESIAN_POINT('',(15.711990675572,-27.86409819599,22.4));
#7862 = CARTESIAN_POINT('',(15.882722500945,-28.73133866953,22.4));
#7863 = CARTESIAN_POINT('',(16.007660766926,-29.59448339479,22.4));
#7864 = CARTESIAN_POINT('',(16.088199164525,-30.47687386385,22.4));
#7865 = CARTESIAN_POINT('',(16.120970218775,-31.33318465992,22.4));
#7866 = CARTESIAN_POINT('',(16.110288564227,-32.18596960929,22.4));
#7867 = CARTESIAN_POINT('',(16.05640934548,-33.03584711152,22.4));
#7868 = CARTESIAN_POINT('',(15.954968578932,-33.90524236288,22.4));
#7869 = CARTESIAN_POINT('',(15.810896846784,-34.74957762033,22.4));
#7870 = CARTESIAN_POINT('',(15.622726201542,-35.59182398718,22.4));
#7871 = CARTESIAN_POINT('',(15.389481478152,-36.43247772945,22.4));
#7872 = CARTESIAN_POINT('',(15.101057544989,-37.29275322658,22.4));
#7873 = CARTESIAN_POINT('',(14.770813436604,-38.12822725838,22.4));
#7874 = CARTESIAN_POINT('',(14.391470378993,-38.9618800611,22.4));
#7875 = CARTESIAN_POINT('',(13.959734077163,-39.79359800151,22.4));
#7876 = CARTESIAN_POINT('',(13.433973479075,-40.62609428351,22.4));
#7877 = CARTESIAN_POINT('',(12.872022070645,-41.43377378894,22.4));
#7878 = CARTESIAN_POINT('',(12.249644182846,-42.23357976818,22.4));
#7879 = CARTESIAN_POINT('',(11.565984023667,-43.02576835982,22.4));
#7880 = CARTESIAN_POINT('',(10.796528818873,-43.82633227571,22.4));
#7881 = CARTESIAN_POINT('',(9.977843726103,-44.59185597836,22.4));
#7882 = CARTESIAN_POINT('',(9.085743792799,-45.34355701022,22.4));
#7883 = CARTESIAN_POINT('',(8.119510857322,-46.07736448137,22.4));
#7884 = CARTESIAN_POINT('',(7.03098900828,-46.8112570567,22.4));
#7885 = CARTESIAN_POINT('',(5.935287919124,-47.48115698306,22.4));
#7886 = CARTESIAN_POINT('',(4.552393988828,-48.19229788785,22.4));
#7887 = CARTESIAN_POINT('',(3.89107517787,-48.58219745347,22.4));
#7888 = CARTESIAN_POINT('',(1.154996954994,-49.60020053364,22.4));
#7889 = CARTESIAN_POINT('',(1.927696154043,-49.34075847899,22.4));
#7890 = CARTESIAN_POINT('',(1.938209297319,-49.33722008755,22.4));
#7891 = CARTESIAN_POINT('',(1.938209296072,-49.33722008799,22.4));
#7892 = CARTESIAN_POINT('',(1.938209294826,-49.33722008843,22.4));
#7893 = CARTESIAN_POINT('',(1.938209293579,-49.33722008887,22.4));
#7894 = CARTESIAN_POINT('',(1.512378099413,-49.48582637197,22.4));
#7895 = CARTESIAN_POINT('',(0.984162908972,-49.67032849957,22.4));
#7896 = CARTESIAN_POINT('',(0.335416214167,-49.89712724141,22.4));
#7897 = PCURVE('',#4690,#7898);
#7898 = DEFINITIONAL_REPRESENTATION('',(#7899),#7903);
#7899 = LINE('',#7900,#7901);
#7900 = CARTESIAN_POINT('',(0.,-22.4));
#7901 = VECTOR('',#7902,1.);
#7902 = DIRECTION('',(1.,0.));
#7903 = ( GEOMETRIC_REPRESENTATION_CONTEXT(2) 
PARAMETRIC_REPRESENTATION_CONTEXT() REPRESENTATION_CONTEXT('2D SPACE',''
  ) );
#7904 = PCURVE('',#5472,#7905);
#7905 = DEFINITIONAL_REPRESENTATION('',(#7906),#7963);
#7906 = B_SPLINE_CURVE_WITH_KNOTS('',3,(#7907,#7908,#7909,#7910,#7911,
    #7912,#7913,#7914,#7915,#7916,#7917,#7918,#7919,#7920,#7921,#7922,
    #7923,#7924,#7925,#7926,#7927,#7928,#7929,#7930,#7931,#7932,#7933,
    #7934,#7935,#7936,#7937,#7938,#7939,#7940,#7941,#7942,#7943,#7944,
    #7945,#7946,#7947,#7948,#7949,#7950,#7951,#7952,#7953,#7954,#7955,
    #7956,#7957,#7958,#7959,#7960,#7961,#7962),.UNSPECIFIED.,.F.,.F.,(4,
    1,1,1,1,1,1,1,1,1,1,1,1,1,1,1,1,1,1,1,1,1,1,1,1,1,1,1,1,1,1,1,1,1,1,
    1,1,1,1,1,1,1,1,1,1,1,1,3,3,4),(0.,2.252840378147,3.947251251067,
    5.556769293497,6.973069313182,8.438034201878,9.836527608945,
    11.173881028628,12.358378394578,13.591674823614,14.777241775145,
    15.919070127373,16.937511191725,18.005608061592,19.040905950925,
    20.046909447572,20.952226144232,21.910527049393,22.848343890734,
    23.768545277515,24.604779330967,25.498993387072,26.383732766176,
    27.261734369083,28.068590979197,28.941306811933,29.815275751476,
    30.69326112534,31.509705745874,32.403313623746,33.30925058782,
    34.230483702873,35.097084585268,36.056205964867,37.039089037922,
    38.048588577934,39.007142758039,40.077976938895,41.186386250524,
    42.336589601129,43.439334281668,44.68291297016,45.982505886097,
    47.343769408886,48.660381123787,50.157957971193,51.73669345799,
    51.75772326206,53.205564838504,53.402350377676),.UNSPECIFIED.);
#7907 = CARTESIAN_POINT('',(0.337011246639,-10.77077634969));
#7908 = CARTESIAN_POINT('',(0.868368079761,-11.33425650874));
#7909 = CARTESIAN_POINT('',(1.594695028954,-12.481520456));
#7910 = CARTESIAN_POINT('',(3.417371363885,-13.08522998536));
#7911 = CARTESIAN_POINT('',(4.760909926385,-13.89157988815));
#7912 = CARTESIAN_POINT('',(6.040553117913,-14.67197056934));
#7913 = CARTESIAN_POINT('',(7.209641509072,-15.49050173669));
#7914 = CARTESIAN_POINT('',(8.314872257293,-16.35136094025));
#7915 = CARTESIAN_POINT('',(9.300848826366,-17.2099923665));
#7916 = CARTESIAN_POINT('',(10.201528885292,-18.07993614757));
#7917 = CARTESIAN_POINT('',(11.021705800206,-18.95822327014));
#7918 = CARTESIAN_POINT('',(11.784790893793,-19.86805889134));
#7919 = CARTESIAN_POINT('',(12.454866356867,-20.76020025805));
#7920 = CARTESIAN_POINT('',(13.058080252671,-21.65201140263));
#7921 = CARTESIAN_POINT('',(13.591226399692,-22.54603400743));
#7922 = CARTESIAN_POINT('',(14.096769420693,-23.45120232947));
#7923 = CARTESIAN_POINT('',(14.524388211359,-24.33608127323));
#7924 = CARTESIAN_POINT('',(14.898032791558,-25.21697408361));
#7925 = CARTESIAN_POINT('',(15.218551798071,-26.09453961965));
#7926 = CARTESIAN_POINT('',(15.494026106705,-26.99242811084));
#7927 = CARTESIAN_POINT('',(15.711990675572,-27.86409819599));
#7928 = CARTESIAN_POINT('',(15.882722500945,-28.73133866953));
#7929 = CARTESIAN_POINT('',(16.007660766926,-29.59448339479));
#7930 = CARTESIAN_POINT('',(16.088199164525,-30.47687386385));
#7931 = CARTESIAN_POINT('',(16.120970218775,-31.33318465992));
#7932 = CARTESIAN_POINT('',(16.110288564227,-32.18596960929));
#7933 = CARTESIAN_POINT('',(16.05640934548,-33.03584711152));
#7934 = CARTESIAN_POINT('',(15.954968578932,-33.90524236288));
#7935 = CARTESIAN_POINT('',(15.810896846784,-34.74957762033));
#7936 = CARTESIAN_POINT('',(15.622726201542,-35.59182398718));
#7937 = CARTESIAN_POINT('',(15.389481478152,-36.43247772945));
#7938 = CARTESIAN_POINT('',(15.101057544989,-37.29275322658));
#7939 = CARTESIAN_POINT('',(14.770813436604,-38.12822725838));
#7940 = CARTESIAN_POINT('',(14.391470378993,-38.9618800611));
#7941 = CARTESIAN_POINT('',(13.959734077163,-39.79359800151));
#7942 = CARTESIAN_POINT('',(13.433973479075,-40.62609428351));
#7943 = CARTESIAN_POINT('',(12.872022070645,-41.43377378894));
#7944 = CARTESIAN_POINT('',(12.249644182846,-42.23357976818));
#7945 = CARTESIAN_POINT('',(11.565984023667,-43.02576835982));
#7946 = CARTESIAN_POINT('',(10.796528818873,-43.82633227571));
#7947 = CARTESIAN_POINT('',(9.977843726103,-44.59185597836));
#7948 = CARTESIAN_POINT('',(9.085743792799,-45.34355701022));
#7949 = CARTESIAN_POINT('',(8.119510857322,-46.07736448137));
#7950 = CARTESIAN_POINT('',(7.03098900828,-46.8112570567));
#7951 = CARTESIAN_POINT('',(5.935287919124,-47.48115698306));
#7952 = CARTESIAN_POINT('',(4.552393988828,-48.19229788785));
#7953 = CARTESIAN_POINT('',(3.89107517787,-48.58219745347));
#7954 = CARTESIAN_POINT('',(1.154996954994,-49.60020053364));
#7955 = CARTESIAN_POINT('',(1.927696154043,-49.34075847899));
#7956 = CARTESIAN_POINT('',(1.938209297319,-49.33722008755));
#7957 = CARTESIAN_POINT('',(1.938209296072,-49.33722008799));
#7958 = CARTESIAN_POINT('',(1.938209294826,-49.33722008843));
#7959 = CARTESIAN_POINT('',(1.938209293579,-49.33722008887));
#7960 = CARTESIAN_POINT('',(1.512378099413,-49.48582637197));
#7961 = CARTESIAN_POINT('',(0.984162908972,-49.67032849957));
#7962 = CARTESIAN_POINT('',(0.335416214167,-49.89712724141));
#7963 = ( GEOMETRIC_REPRESENTATION_CONTEXT(2) 
PARAMETRIC_REPRESENTATION_CONTEXT() REPRESENTATION_CONTEXT('2D SPACE',''
  ) );
#7964 = ORIENTED_EDGE('',*,*,#6438,.T.);
#7965 = ADVANCED_FACE('',(#7966),#4523,.T.);
#7966 = FACE_BOUND('',#7967,.T.);
#7967 = EDGE_LOOP('',(#7968,#7969,#7970,#7993));
#7968 = ORIENTED_EDGE('',*,*,#4509,.F.);
#7969 = ORIENTED_EDGE('',*,*,#6313,.F.);
#7970 = ORIENTED_EDGE('',*,*,#7971,.T.);
#7971 = EDGE_CURVE('',#6314,#7972,#7974,.T.);
#7972 = VERTEX_POINT('',#7973);
#7973 = CARTESIAN_POINT('',(-0.335416214168,-47.90287275858,22.4));
#7974 = SURFACE_CURVE('',#7975,(#7979,#7986),.PCURVE_S1.);
#7975 = LINE('',#7976,#7977);
#7976 = CARTESIAN_POINT('',(0.335416214167,-49.89712724141,22.4));
#7977 = VECTOR('',#7978,1.);
#7978 = DIRECTION('',(-0.318827663653,0.947812703486,0.));
#7979 = PCURVE('',#4523,#7980);
#7980 = DEFINITIONAL_REPRESENTATION('',(#7981),#7985);
#7981 = LINE('',#7982,#7983);
#7982 = CARTESIAN_POINT('',(0.,-22.4));
#7983 = VECTOR('',#7984,1.);
#7984 = DIRECTION('',(1.,0.));
#7985 = ( GEOMETRIC_REPRESENTATION_CONTEXT(2) 
PARAMETRIC_REPRESENTATION_CONTEXT() REPRESENTATION_CONTEXT('2D SPACE',''
  ) );
#7986 = PCURVE('',#5472,#7987);
#7987 = DEFINITIONAL_REPRESENTATION('',(#7988),#7992);
#7988 = LINE('',#7989,#7990);
#7989 = CARTESIAN_POINT('',(0.335416214167,-49.89712724141));
#7990 = VECTOR('',#7991,1.);
#7991 = DIRECTION('',(-0.318827663653,0.947812703486));
#7992 = ( GEOMETRIC_REPRESENTATION_CONTEXT(2) 
PARAMETRIC_REPRESENTATION_CONTEXT() REPRESENTATION_CONTEXT('2D SPACE',''
  ) );
#7993 = ORIENTED_EDGE('',*,*,#7994,.F.);
#7994 = EDGE_CURVE('',#4339,#7972,#7995,.T.);
#7995 = SURFACE_CURVE('',#7996,(#8000,#8007),.PCURVE_S1.);
#7996 = LINE('',#7997,#7998);
#7997 = CARTESIAN_POINT('',(-0.335416214168,-47.90287275858,0.));
#7998 = VECTOR('',#7999,1.);
#7999 = DIRECTION('',(0.,0.,1.));
#8000 = PCURVE('',#4523,#8001);
#8001 = DEFINITIONAL_REPRESENTATION('',(#8002),#8006);
#8002 = LINE('',#8003,#8004);
#8003 = CARTESIAN_POINT('',(2.104059668631,0.));
#8004 = VECTOR('',#8005,1.);
#8005 = DIRECTION('',(0.,-1.));
#8006 = ( GEOMETRIC_REPRESENTATION_CONTEXT(2) 
PARAMETRIC_REPRESENTATION_CONTEXT() REPRESENTATION_CONTEXT('2D SPACE',''
  ) );
#8007 = PCURVE('',#4448,#8008);
#8008 = DEFINITIONAL_REPRESENTATION('',(#8009),#8013);
#8009 = LINE('',#8010,#8011);
#8010 = CARTESIAN_POINT('',(0.,0.));
#8011 = VECTOR('',#8012,1.);
#8012 = DIRECTION('',(0.,-1.));
#8013 = ( GEOMETRIC_REPRESENTATION_CONTEXT(2) 
PARAMETRIC_REPRESENTATION_CONTEXT() REPRESENTATION_CONTEXT('2D SPACE',''
  ) );
#8014 = ADVANCED_FACE('',(#8015),#4448,.T.);
#8015 = FACE_BOUND('',#8016,.T.);
#8016 = EDGE_LOOP('',(#8017,#8018,#8019,#8136));
#8017 = ORIENTED_EDGE('',*,*,#4338,.F.);
#8018 = ORIENTED_EDGE('',*,*,#7994,.T.);
#8019 = ORIENTED_EDGE('',*,*,#8020,.T.);
#8020 = EDGE_CURVE('',#7972,#8021,#8023,.T.);
#8021 = VERTEX_POINT('',#8022);
#8022 = CARTESIAN_POINT('',(-0.283376702506,-12.69683809633,22.4));
#8023 = SURFACE_CURVE('',#8024,(#8075,#8082),.PCURVE_S1.);
#8024 = B_SPLINE_CURVE_WITH_KNOTS('',3,(#8025,#8026,#8027,#8028,#8029,
    #8030,#8031,#8032,#8033,#8034,#8035,#8036,#8037,#8038,#8039,#8040,
    #8041,#8042,#8043,#8044,#8045,#8046,#8047,#8048,#8049,#8050,#8051,
    #8052,#8053,#8054,#8055,#8056,#8057,#8058,#8059,#8060,#8061,#8062,
    #8063,#8064,#8065,#8066,#8067,#8068,#8069,#8070,#8071,#8072,#8073,
    #8074),.UNSPECIFIED.,.F.,.F.,(4,1,1,1,1,1,1,1,1,1,1,1,1,1,1,1,1,1,1,
    1,1,1,1,1,1,1,1,1,1,1,1,1,1,1,1,1,1,1,1,1,1,1,1,1,1,1,1,4),(0.,
    1.560399863547,3.026493159763,4.408519816062,5.616164948135,
    6.857176517943,8.034500324617,9.154049078322,10.140931914661,
    11.16430891518,12.14467057154,13.086344664582,13.924748692612,
    14.803128326675,15.653911875236,16.480955579096,17.226763352129,
    18.01856826362,18.796500931648,19.563479607115,20.264226339274,
    21.01815180319,21.769388657233,22.52071176954,23.216717634111,
    23.975961822176,24.743348723341,25.521634699363,26.252131546642,
    27.05917145937,27.885262969361,28.733262670931,29.538010575103,
    30.436403024908,31.365465694071,32.327889352555,33.24854348335,
    34.284117952136,35.363069228966,36.489379128657,37.574802555564,
    38.804527640271,40.095153684953,41.452119030183,42.768727723412,
    44.27040892768,45.857339500188,47.985194622019),.UNSPECIFIED.);
#8025 = CARTESIAN_POINT('',(-0.335416214168,-47.90287275858,22.4));
#8026 = CARTESIAN_POINT('',(0.145739777095,-47.72152678048,22.4));
#8027 = CARTESIAN_POINT('',(1.104944648769,-47.3810582187,22.4));
#8028 = CARTESIAN_POINT('',(2.446738780639,-46.78705030413,22.4));
#8029 = CARTESIAN_POINT('',(3.65750232001,-46.18286657993,22.4));
#8030 = CARTESIAN_POINT('',(4.7688132512,-45.55324577906,22.4));
#8031 = CARTESIAN_POINT('',(5.789469971861,-44.90472346321,22.4));
#8032 = CARTESIAN_POINT('',(6.750044636727,-44.21964461326,22.4));
#8033 = CARTESIAN_POINT('',(7.606383702515,-43.53702475504,22.4));
#8034 = CARTESIAN_POINT('',(8.387865955494,-42.84524925174,22.4));
#8035 = CARTESIAN_POINT('',(9.099735072949,-42.14669963335,22.4));
#8036 = CARTESIAN_POINT('',(9.762999144593,-41.42219270825,22.4));
#8037 = CARTESIAN_POINT('',(10.347642387601,-40.71104574919,22.4));
#8038 = CARTESIAN_POINT('',(10.874200062054,-39.9979511642,22.4));
#8039 = CARTESIAN_POINT('',(11.348976384167,-39.28518593247,22.4));
#8040 = CARTESIAN_POINT('',(11.775832705287,-38.54746837938,22.4));
#8041 = CARTESIAN_POINT('',(12.168840709947,-37.84149197764,22.4));
#8042 = CARTESIAN_POINT('',(12.517519153062,-37.13418670505,22.4));
#8043 = CARTESIAN_POINT('',(12.823145319859,-36.42504114747,22.4));
#8044 = CARTESIAN_POINT('',(13.093366400649,-35.69412487506,22.4));
#8045 = CARTESIAN_POINT('',(13.315565197779,-34.97893986311,22.4));
#8046 = CARTESIAN_POINT('',(13.499133217606,-34.26120777737,22.4));
#8047 = CARTESIAN_POINT('',(13.644983969184,-33.54015942124,22.4));
#8048 = CARTESIAN_POINT('',(13.754998685904,-32.79573619126,22.4));
#8049 = CARTESIAN_POINT('',(13.823723060706,-32.06576163248,22.4));
#8050 = CARTESIAN_POINT('',(13.855409098127,-31.33063744047,22.4));
#8051 = CARTESIAN_POINT('',(13.849689594164,-30.58942999473,22.4));
#8052 = CARTESIAN_POINT('',(13.803215608635,-29.82217752709,22.4));
#8053 = CARTESIAN_POINT('',(13.717440594872,-29.06795860474,22.4));
#8054 = CARTESIAN_POINT('',(13.591457389856,-28.30606828333,22.4));
#8055 = CARTESIAN_POINT('',(13.423628787131,-27.5358968277,22.4));
#8056 = CARTESIAN_POINT('',(13.205193290616,-26.73782281142,22.4));
#8057 = CARTESIAN_POINT('',(12.945224313287,-25.95311449652,22.4));
#8058 = CARTESIAN_POINT('',(12.637581678017,-25.15993359338,22.4));
#8059 = CARTESIAN_POINT('',(12.27764215746,-24.35945306813,22.4));
#8060 = CARTESIAN_POINT('',(11.857689283964,-23.52893058708,22.4));
#8061 = CARTESIAN_POINT('',(11.368840284593,-22.72824722028,22.4));
#8062 = CARTESIAN_POINT('',(10.825742283839,-21.92078115204,22.4));
#8063 = CARTESIAN_POINT('',(10.217168126169,-21.111868439,22.4));
#8064 = CARTESIAN_POINT('',(9.522789275278,-20.28368648774,22.4));
#8065 = CARTESIAN_POINT('',(8.77369521168,-19.48168164264,22.4));
#8066 = CARTESIAN_POINT('',(7.948214253156,-18.68441403777,22.4));
#8067 = CARTESIAN_POINT('',(7.041406886402,-17.89481181025,22.4));
#8068 = CARTESIAN_POINT('',(6.020854635498,-17.09994413958,22.4));
#8069 = CARTESIAN_POINT('',(4.939478705887,-16.34318627456,22.4));
#8070 = CARTESIAN_POINT('',(3.743761538072,-15.61245975654,22.4));
#8071 = CARTESIAN_POINT('',(2.51551802004,-14.88235371954,22.4));
#8072 = CARTESIAN_POINT('',(0.688458099837,-14.21528706017,22.4));
#8073 = CARTESIAN_POINT('',(0.379251758756,-13.45457178035,22.4));
#8074 = CARTESIAN_POINT('',(-0.341274439722,-12.63007766603,22.4));
#8075 = PCURVE('',#4448,#8076);
#8076 = DEFINITIONAL_REPRESENTATION('',(#8077),#8081);
#8077 = LINE('',#8078,#8079);
#8078 = CARTESIAN_POINT('',(0.,-22.4));
#8079 = VECTOR('',#8080,1.);
#8080 = DIRECTION('',(1.,0.));
#8081 = ( GEOMETRIC_REPRESENTATION_CONTEXT(2) 
PARAMETRIC_REPRESENTATION_CONTEXT() REPRESENTATION_CONTEXT('2D SPACE',''
  ) );
#8082 = PCURVE('',#5472,#8083);
#8083 = DEFINITIONAL_REPRESENTATION('',(#8084),#8135);
#8084 = B_SPLINE_CURVE_WITH_KNOTS('',3,(#8085,#8086,#8087,#8088,#8089,
    #8090,#8091,#8092,#8093,#8094,#8095,#8096,#8097,#8098,#8099,#8100,
    #8101,#8102,#8103,#8104,#8105,#8106,#8107,#8108,#8109,#8110,#8111,
    #8112,#8113,#8114,#8115,#8116,#8117,#8118,#8119,#8120,#8121,#8122,
    #8123,#8124,#8125,#8126,#8127,#8128,#8129,#8130,#8131,#8132,#8133,
    #8134),.UNSPECIFIED.,.F.,.F.,(4,1,1,1,1,1,1,1,1,1,1,1,1,1,1,1,1,1,1,
    1,1,1,1,1,1,1,1,1,1,1,1,1,1,1,1,1,1,1,1,1,1,1,1,1,1,1,1,4),(0.,
    1.560399863547,3.026493159763,4.408519816062,5.616164948135,
    6.857176517943,8.034500324617,9.154049078322,10.140931914661,
    11.16430891518,12.14467057154,13.086344664582,13.924748692612,
    14.803128326675,15.653911875236,16.480955579096,17.226763352129,
    18.01856826362,18.796500931648,19.563479607115,20.264226339274,
    21.01815180319,21.769388657233,22.52071176954,23.216717634111,
    23.975961822176,24.743348723341,25.521634699363,26.252131546642,
    27.05917145937,27.885262969361,28.733262670931,29.538010575103,
    30.436403024908,31.365465694071,32.327889352555,33.24854348335,
    34.284117952136,35.363069228966,36.489379128657,37.574802555564,
    38.804527640271,40.095153684953,41.452119030183,42.768727723412,
    44.27040892768,45.857339500188,47.985194622019),.UNSPECIFIED.);
#8085 = CARTESIAN_POINT('',(-0.335416214168,-47.90287275858));
#8086 = CARTESIAN_POINT('',(0.145739777095,-47.72152678048));
#8087 = CARTESIAN_POINT('',(1.104944648769,-47.3810582187));
#8088 = CARTESIAN_POINT('',(2.446738780639,-46.78705030413));
#8089 = CARTESIAN_POINT('',(3.65750232001,-46.18286657993));
#8090 = CARTESIAN_POINT('',(4.7688132512,-45.55324577906));
#8091 = CARTESIAN_POINT('',(5.789469971861,-44.90472346321));
#8092 = CARTESIAN_POINT('',(6.750044636727,-44.21964461326));
#8093 = CARTESIAN_POINT('',(7.606383702515,-43.53702475504));
#8094 = CARTESIAN_POINT('',(8.387865955494,-42.84524925174));
#8095 = CARTESIAN_POINT('',(9.099735072949,-42.14669963335));
#8096 = CARTESIAN_POINT('',(9.762999144593,-41.42219270825));
#8097 = CARTESIAN_POINT('',(10.347642387601,-40.71104574919));
#8098 = CARTESIAN_POINT('',(10.874200062054,-39.9979511642));
#8099 = CARTESIAN_POINT('',(11.348976384167,-39.28518593247));
#8100 = CARTESIAN_POINT('',(11.775832705287,-38.54746837938));
#8101 = CARTESIAN_POINT('',(12.168840709947,-37.84149197764));
#8102 = CARTESIAN_POINT('',(12.517519153062,-37.13418670505));
#8103 = CARTESIAN_POINT('',(12.823145319859,-36.42504114747));
#8104 = CARTESIAN_POINT('',(13.093366400649,-35.69412487506));
#8105 = CARTESIAN_POINT('',(13.315565197779,-34.97893986311));
#8106 = CARTESIAN_POINT('',(13.499133217606,-34.26120777737));
#8107 = CARTESIAN_POINT('',(13.644983969184,-33.54015942124));
#8108 = CARTESIAN_POINT('',(13.754998685904,-32.79573619126));
#8109 = CARTESIAN_POINT('',(13.823723060706,-32.06576163248));
#8110 = CARTESIAN_POINT('',(13.855409098127,-31.33063744047));
#8111 = CARTESIAN_POINT('',(13.849689594164,-30.58942999473));
#8112 = CARTESIAN_POINT('',(13.803215608635,-29.82217752709));
#8113 = CARTESIAN_POINT('',(13.717440594872,-29.06795860474));
#8114 = CARTESIAN_POINT('',(13.591457389856,-28.30606828333));
#8115 = CARTESIAN_POINT('',(13.423628787131,-27.5358968277));
#8116 = CARTESIAN_POINT('',(13.205193290616,-26.73782281142));
#8117 = CARTESIAN_POINT('',(12.945224313287,-25.95311449652));
#8118 = CARTESIAN_POINT('',(12.637581678017,-25.15993359338));
#8119 = CARTESIAN_POINT('',(12.27764215746,-24.35945306813));
#8120 = CARTESIAN_POINT('',(11.857689283964,-23.52893058708));
#8121 = CARTESIAN_POINT('',(11.368840284593,-22.72824722028));
#8122 = CARTESIAN_POINT('',(10.825742283839,-21.92078115204));
#8123 = CARTESIAN_POINT('',(10.217168126169,-21.111868439));
#8124 = CARTESIAN_POINT('',(9.522789275278,-20.28368648774));
#8125 = CARTESIAN_POINT('',(8.77369521168,-19.48168164264));
#8126 = CARTESIAN_POINT('',(7.948214253156,-18.68441403777));
#8127 = CARTESIAN_POINT('',(7.041406886402,-17.89481181025));
#8128 = CARTESIAN_POINT('',(6.020854635498,-17.09994413958));
#8129 = CARTESIAN_POINT('',(4.939478705887,-16.34318627456));
#8130 = CARTESIAN_POINT('',(3.743761538072,-15.61245975654));
#8131 = CARTESIAN_POINT('',(2.51551802004,-14.88235371954));
#8132 = CARTESIAN_POINT('',(0.688458099837,-14.21528706017));
#8133 = CARTESIAN_POINT('',(0.379251758756,-13.45457178035));
#8134 = CARTESIAN_POINT('',(-0.341274439722,-12.63007766603));
#8135 = ( GEOMETRIC_REPRESENTATION_CONTEXT(2) 
PARAMETRIC_REPRESENTATION_CONTEXT() REPRESENTATION_CONTEXT('2D SPACE',''
  ) );
#8136 = ORIENTED_EDGE('',*,*,#8137,.T.);
#8137 = EDGE_CURVE('',#8021,#4310,#8138,.T.);
#8138 = SURFACE_CURVE('',#8139,(#8145,#8154),.PCURVE_S1.);
#8139 = B_SPLINE_CURVE_WITH_KNOTS('',4,(#8140,#8141,#8142,#8143,#8144),
  .UNSPECIFIED.,.F.,.F.,(5,5),(0.,1.),.PIECEWISE_BEZIER_KNOTS.);
#8140 = CARTESIAN_POINT('',(-0.283376702506,-12.69683809633,22.4000006)
  );
#8141 = CARTESIAN_POINT('',(-0.283376702506,-12.69683809633,16.8000003)
  );
#8142 = CARTESIAN_POINT('',(-0.283376702506,-12.69683809633,11.2));
#8143 = CARTESIAN_POINT('',(-0.283376702506,-12.69683809633,5.5999997));
#8144 = CARTESIAN_POINT('',(-0.283376702506,-12.69683809633,-6.E-07));
#8145 = PCURVE('',#4448,#8146);
#8146 = DEFINITIONAL_REPRESENTATION('',(#8147),#8153);
#8147 = B_SPLINE_CURVE_WITH_KNOTS('',4,(#8148,#8149,#8150,#8151,#8152),
  .UNSPECIFIED.,.F.,.F.,(5,5),(0.,1.),.PIECEWISE_BEZIER_KNOTS.);
#8148 = CARTESIAN_POINT('',(47.927018056643,-22.4000006));
#8149 = CARTESIAN_POINT('',(47.927018056643,-16.8000003));
#8150 = CARTESIAN_POINT('',(47.927018056643,-11.2));
#8151 = CARTESIAN_POINT('',(47.927018056643,-5.5999997));
#8152 = CARTESIAN_POINT('',(47.927018056643,5.999999999062E-07));
#8153 = ( GEOMETRIC_REPRESENTATION_CONTEXT(2) 
PARAMETRIC_REPRESENTATION_CONTEXT() REPRESENTATION_CONTEXT('2D SPACE',''
  ) );
#8154 = PCURVE('',#4326,#8155);
#8155 = DEFINITIONAL_REPRESENTATION('',(#8156),#8162);
#8156 = B_SPLINE_CURVE_WITH_KNOTS('',4,(#8157,#8158,#8159,#8160,#8161),
  .UNSPECIFIED.,.F.,.F.,(5,5),(0.,1.),.PIECEWISE_BEZIER_KNOTS.);
#8157 = CARTESIAN_POINT('',(-4.690074002261,-22.4000006));
#8158 = CARTESIAN_POINT('',(-4.690074002261,-16.8000003));
#8159 = CARTESIAN_POINT('',(-4.690074002261,-11.2));
#8160 = CARTESIAN_POINT('',(-4.690074002261,-5.5999997));
#8161 = CARTESIAN_POINT('',(-4.690074002261,5.999999999062E-07));
#8162 = ( GEOMETRIC_REPRESENTATION_CONTEXT(2) 
PARAMETRIC_REPRESENTATION_CONTEXT() REPRESENTATION_CONTEXT('2D SPACE',''
  ) );
#8163 = ADVANCED_FACE('',(#8164),#4326,.T.);
#8164 = FACE_BOUND('',#8165,.F.);
#8165 = EDGE_LOOP('',(#8166,#8167,#8223,#8245));
#8166 = ORIENTED_EDGE('',*,*,#4309,.F.);
#8167 = ORIENTED_EDGE('',*,*,#8168,.F.);
#8168 = EDGE_CURVE('',#8169,#4121,#8171,.T.);
#8169 = VERTEX_POINT('',#8170);
#8170 = CARTESIAN_POINT('',(-4.473211242349,-11.88614240118,22.4));
#8171 = SURFACE_CURVE('',#8172,(#8187,#8205),.PCURVE_S1.);
#8172 = B_SPLINE_CURVE_WITH_KNOTS('',4,(#8173,#8174,#8175,#8176,#8177,
    #8178,#8179,#8180,#8181,#8182,#8183,#8184,#8185,#8186),
  .UNSPECIFIED.,.F.,.F.,(5,3,3,3,5),(0.,0.25,0.5,0.75,1.),
  .UNSPECIFIED.);
#8173 = CARTESIAN_POINT('',(-4.473211242349,-11.88614240118,22.4000006)
  );
#8174 = CARTESIAN_POINT('',(-4.473211242349,-11.88614240118,21.000000525
    ));
#8175 = CARTESIAN_POINT('',(-4.473211242349,-11.88614240118,19.60000045)
  );
#8176 = CARTESIAN_POINT('',(-4.473211242349,-11.88614240118,18.200000375
    ));
#8177 = CARTESIAN_POINT('',(-4.473211242349,-11.88614240118,15.400000225
    ));
#8178 = CARTESIAN_POINT('',(-4.473211242349,-11.88614240118,14.00000015)
  );
#8179 = CARTESIAN_POINT('',(-4.473211242349,-11.88614240118,12.600000075
    ));
#8180 = CARTESIAN_POINT('',(-4.473211242349,-11.88614240118,9.799999925)
  );
#8181 = CARTESIAN_POINT('',(-4.473211242349,-11.88614240118,8.39999985)
  );
#8182 = CARTESIAN_POINT('',(-4.473211242349,-11.88614240118,6.999999775)
  );
#8183 = CARTESIAN_POINT('',(-4.473211242349,-11.88614240118,4.199999625)
  );
#8184 = CARTESIAN_POINT('',(-4.473211242349,-11.88614240118,2.79999955)
  );
#8185 = CARTESIAN_POINT('',(-4.473211242349,-11.88614240118,1.399999475)
  );
#8186 = CARTESIAN_POINT('',(-4.473211242349,-11.88614240118,-6.E-07));
#8187 = PCURVE('',#4326,#8188);
#8188 = DEFINITIONAL_REPRESENTATION('',(#8189),#8204);
#8189 = B_SPLINE_CURVE_WITH_KNOTS('',4,(#8190,#8191,#8192,#8193,#8194,
    #8195,#8196,#8197,#8198,#8199,#8200,#8201,#8202,#8203),
  .UNSPECIFIED.,.F.,.F.,(5,3,3,3,5),(0.,0.25,0.5,0.75,1.),
  .UNSPECIFIED.);
#8190 = CARTESIAN_POINT('',(-4.352445477048,-22.4000006));
#8191 = CARTESIAN_POINT('',(-4.352445477048,-21.000000525));
#8192 = CARTESIAN_POINT('',(-4.352445477048,-19.60000045));
#8193 = CARTESIAN_POINT('',(-4.352445477048,-18.200000375));
#8194 = CARTESIAN_POINT('',(-4.352445477048,-15.400000225));
#8195 = CARTESIAN_POINT('',(-4.352445477048,-14.00000015));
#8196 = CARTESIAN_POINT('',(-4.352445477048,-12.600000075));
#8197 = CARTESIAN_POINT('',(-4.352445477048,-9.799999925));
#8198 = CARTESIAN_POINT('',(-4.352445477048,-8.39999985));
#8199 = CARTESIAN_POINT('',(-4.352445477048,-6.999999775));
#8200 = CARTESIAN_POINT('',(-4.352445477048,-4.199999625));
#8201 = CARTESIAN_POINT('',(-4.352445477048,-2.79999955));
#8202 = CARTESIAN_POINT('',(-4.352445477048,-1.399999475));
#8203 = CARTESIAN_POINT('',(-4.352445477048,5.999999999062E-07));
#8204 = ( GEOMETRIC_REPRESENTATION_CONTEXT(2) 
PARAMETRIC_REPRESENTATION_CONTEXT() REPRESENTATION_CONTEXT('2D SPACE',''
  ) );
#8205 = PCURVE('',#4242,#8206);
#8206 = DEFINITIONAL_REPRESENTATION('',(#8207),#8222);
#8207 = B_SPLINE_CURVE_WITH_KNOTS('',4,(#8208,#8209,#8210,#8211,#8212,
    #8213,#8214,#8215,#8216,#8217,#8218,#8219,#8220,#8221),
  .UNSPECIFIED.,.F.,.F.,(5,3,3,3,5),(0.,0.25,0.5,0.75,1.),
  .UNSPECIFIED.);
#8208 = CARTESIAN_POINT('',(2.479811260551,-22.4000006));
#8209 = CARTESIAN_POINT('',(2.479811260551,-21.000000525));
#8210 = CARTESIAN_POINT('',(2.479811260551,-19.60000045));
#8211 = CARTESIAN_POINT('',(2.479811260551,-18.200000375));
#8212 = CARTESIAN_POINT('',(2.479811260551,-15.400000225));
#8213 = CARTESIAN_POINT('',(2.479811260551,-14.00000015));
#8214 = CARTESIAN_POINT('',(2.479811260551,-12.600000075));
#8215 = CARTESIAN_POINT('',(2.479811260551,-9.799999925));
#8216 = CARTESIAN_POINT('',(2.479811260551,-8.39999985));
#8217 = CARTESIAN_POINT('',(2.479811260551,-6.999999775));
#8218 = CARTESIAN_POINT('',(2.479811260551,-4.199999625));
#8219 = CARTESIAN_POINT('',(2.479811260551,-2.79999955));
#8220 = CARTESIAN_POINT('',(2.479811260551,-1.399999475));
#8221 = CARTESIAN_POINT('',(2.479811260551,5.999999999062E-07));
#8222 = ( GEOMETRIC_REPRESENTATION_CONTEXT(2) 
PARAMETRIC_REPRESENTATION_CONTEXT() REPRESENTATION_CONTEXT('2D SPACE',''
  ) );
#8223 = ORIENTED_EDGE('',*,*,#8224,.T.);
#8224 = EDGE_CURVE('',#8169,#8021,#8225,.T.);
#8225 = SURFACE_CURVE('',#8226,(#8231,#8238),.PCURVE_S1.);
#8226 = CIRCLE('',#8227,12.7);
#8227 = AXIS2_PLACEMENT_3D('',#8228,#8229,#8230);
#8228 = CARTESIAN_POINT('',(0.,0.,22.4));
#8229 = DIRECTION('',(0.,0.,1.));
#8230 = DIRECTION('',(1.,0.,0.));
#8231 = PCURVE('',#4326,#8232);
#8232 = DEFINITIONAL_REPRESENTATION('',(#8233),#8237);
#8233 = LINE('',#8234,#8235);
#8234 = CARTESIAN_POINT('',(-0.,-22.4));
#8235 = VECTOR('',#8236,1.);
#8236 = DIRECTION('',(-1.,0.));
#8237 = ( GEOMETRIC_REPRESENTATION_CONTEXT(2) 
PARAMETRIC_REPRESENTATION_CONTEXT() REPRESENTATION_CONTEXT('2D SPACE',''
  ) );
#8238 = PCURVE('',#5472,#8239);
#8239 = DEFINITIONAL_REPRESENTATION('',(#8240),#8244);
#8240 = CIRCLE('',#8241,12.7);
#8241 = AXIS2_PLACEMENT_2D('',#8242,#8243);
#8242 = CARTESIAN_POINT('',(3.500646739301E-15,2.041077998579E-15));
#8243 = DIRECTION('',(1.,0.));
#8244 = ( GEOMETRIC_REPRESENTATION_CONTEXT(2) 
PARAMETRIC_REPRESENTATION_CONTEXT() REPRESENTATION_CONTEXT('2D SPACE',''
  ) );
#8245 = ORIENTED_EDGE('',*,*,#8137,.T.);
#8246 = ADVANCED_FACE('',(#8247),#4242,.T.);
#8247 = FACE_BOUND('',#8248,.T.);
#8248 = EDGE_LOOP('',(#8249,#8250,#8251,#8378));
#8249 = ORIENTED_EDGE('',*,*,#4120,.F.);
#8250 = ORIENTED_EDGE('',*,*,#8168,.F.);
#8251 = ORIENTED_EDGE('',*,*,#8252,.T.);
#8252 = EDGE_CURVE('',#8169,#6336,#8253,.T.);
#8253 = SURFACE_CURVE('',#8254,(#8311,#8318),.PCURVE_S1.);
#8254 = B_SPLINE_CURVE_WITH_KNOTS('',3,(#8255,#8256,#8257,#8258,#8259,
    #8260,#8261,#8262,#8263,#8264,#8265,#8266,#8267,#8268,#8269,#8270,
    #8271,#8272,#8273,#8274,#8275,#8276,#8277,#8278,#8279,#8280,#8281,
    #8282,#8283,#8284,#8285,#8286,#8287,#8288,#8289,#8290,#8291,#8292,
    #8293,#8294,#8295,#8296,#8297,#8298,#8299,#8300,#8301,#8302,#8303,
    #8304,#8305,#8306,#8307,#8308,#8309,#8310),.UNSPECIFIED.,.F.,.F.,(4,
    1,1,1,1,1,1,1,1,1,1,1,1,1,1,1,1,1,1,1,1,1,1,1,1,1,1,1,1,1,1,1,1,1,1,
    1,1,1,1,1,1,1,1,1,1,1,1,3,3,4),(0.,2.252840378147,3.947251251067,
    5.556769293497,6.973069313182,8.438034201878,9.836527608945,
    11.173881028628,12.358378394578,13.591674823614,14.777241775145,
    15.919070127373,16.937511191725,18.005608061592,19.040905950925,
    20.046909447572,20.952226144232,21.910527049393,22.848343890734,
    23.768545277515,24.604779330967,25.498993387072,26.383732766176,
    27.261734369083,28.068590979197,28.941306811933,29.815275751476,
    30.69326112534,31.509705745874,32.403313623746,33.30925058782,
    34.230483702873,35.097084585268,36.056205964867,37.039089037922,
    38.048588577934,39.007142758039,40.077976938895,41.186386250524,
    42.336589601129,43.439334281668,44.68291297016,45.982505886097,
    47.343769408886,48.660381123787,50.157957971193,51.73669345799,
    51.75772326206,53.205564838504,53.402350377676),.UNSPECIFIED.);
#8255 = CARTESIAN_POINT('',(-5.093527873897,-9.496271560636,22.4));
#8256 = CARTESIAN_POINT('',(-4.915099437466,-10.24993810946,22.4));
#8257 = CARTESIAN_POINT('',(-4.859713821642,-11.60666130723,22.4));
#8258 = CARTESIAN_POINT('',(-3.583084577393,-13.04082726363,22.4));
#8259 = CARTESIAN_POINT('',(-2.822721002698,-14.41091604503,22.4));
#8260 = CARTESIAN_POINT('',(-2.104712831649,-15.72657579558,22.4));
#8261 = CARTESIAN_POINT('',(-1.501518169312,-17.01998877588,22.4));
#8262 = CARTESIAN_POINT('',(-0.974789866086,-18.31813008935,22.4));
#8263 = CARTESIAN_POINT('',(-0.550224822861,-19.55471500151,22.4));
#8264 = CARTESIAN_POINT('',(-0.205184901683,-20.75844844524,22.4));
#8265 = CARTESIAN_POINT('',(6.596558094505E-02,-21.92915586266,22.4));
#8266 = CARTESIAN_POINT('',(0.271898846638,-23.09863917069,22.4));
#8267 = CARTESIAN_POINT('',(0.406130536759,-24.20629398956,22.4));
#8268 = CARTESIAN_POINT('',(0.482623522151,-25.28023204404,22.4));
#8269 = CARTESIAN_POINT('',(0.497330327001,-26.32105140487,22.4));
#8270 = CARTESIAN_POINT('',(0.482559264875,-27.35772167695,22.4));
#8271 = CARTESIAN_POINT('',(0.410448528848,-28.33785871686,22.4));
#8272 = CARTESIAN_POINT('',(0.293587822094,-29.28755655876,22.4));
#8273 = CARTESIAN_POINT('',(0.132382656111,-30.20781010971,22.4));
#8274 = CARTESIAN_POINT('',(-7.799384011559E-02,-31.12314150716,22.4));
#8275 = CARTESIAN_POINT('',(-0.325066028925,-31.98701222905,22.4));
#8276 = CARTESIAN_POINT('',(-0.610828167691,-32.82343042302,22.4));
#8277 = CARTESIAN_POINT('',(-0.934200818076,-33.63340481523,22.4));
#8278 = CARTESIAN_POINT('',(-1.305647754307,-34.43784657629,22.4));
#8279 = CARTESIAN_POINT('',(-1.70542258685,-35.19581900635,22.4));
#8280 = CARTESIAN_POINT('',(-2.141065645731,-35.9290116092,22.4));
#8281 = CARTESIAN_POINT('',(-2.612665169012,-36.63808750685,22.4));
#8282 = CARTESIAN_POINT('',(-3.135213075507,-37.34028549719,22.4));
#8283 = CARTESIAN_POINT('',(-3.682150484235,-37.99946541337,22.4));
#8284 = CARTESIAN_POINT('',(-4.266234226687,-38.63478684069,22.4));
#8285 = CARTESIAN_POINT('',(-4.888556953578,-39.24619197559,22.4));
#8286 = CARTESIAN_POINT('',(-5.568477155319,-39.84700044377,22.4));
#8287 = CARTESIAN_POINT('',(-6.272213958533,-40.40542012532,22.4));
#8288 = CARTESIAN_POINT('',(-7.017561084534,-40.93771310161,22.4));
#8289 = CARTESIAN_POINT('',(-7.807314659862,-41.44213381588,22.4));
#8290 = CARTESIAN_POINT('',(-8.67888483511,-41.9002164456,22.4));
#8291 = CARTESIAN_POINT('',(-9.569388783222,-42.31871171121,22.4));
#8292 = CARTESIAN_POINT('',(-10.50828683442,-42.70017506342,22.4));
#8293 = CARTESIAN_POINT('',(-11.49644819565,-43.04440042878,22.4));
#8294 = CARTESIAN_POINT('',(-12.56309790802,-43.3529815149,22.4));
#8295 = CARTESIAN_POINT('',(-13.65486184738,-43.60660194221,22.4));
#8296 = CARTESIAN_POINT('',(-14.80329356827,-43.81154416519,22.4));
#8297 = CARTESIAN_POINT('',(-16.00697957194,-43.96392360896,22.4));
#8298 = CARTESIAN_POINT('',(-17.31661343345,-44.05523229833,22.4));
#8299 = CARTESIAN_POINT('',(-18.60046837479,-44.08753210797,22.4));
#8300 = CARTESIAN_POINT('',(-20.15366010156,-44.01195123203,22.4));
#8301 = CARTESIAN_POINT('',(-20.92132877466,-44.01895475531,22.4));
#8302 = CARTESIAN_POINT('',(-23.7998435625,-43.53253217243,22.4));
#8303 = CARTESIAN_POINT('',(-23.00094539931,-43.69419836182,22.4));
#8304 = CARTESIAN_POINT('',(-22.99007155444,-43.69639059658,22.4));
#8305 = CARTESIAN_POINT('',(-22.99007155574,-43.69639059634,22.4));
#8306 = CARTESIAN_POINT('',(-22.99007155704,-43.6963905961,22.4));
#8307 = CARTESIAN_POINT('',(-22.99007155834,-43.69639059585,22.4));
#8308 = CARTESIAN_POINT('',(-23.43315533176,-43.61217181509,22.4));
#8309 = CARTESIAN_POINT('',(-23.98285416915,-43.50784774943,22.4));
#8310 = CARTESIAN_POINT('',(-24.65808465839,-43.37988787401,22.4));
#8311 = PCURVE('',#4242,#8312);
#8312 = DEFINITIONAL_REPRESENTATION('',(#8313),#8317);
#8313 = LINE('',#8314,#8315);
#8314 = CARTESIAN_POINT('',(0.,-22.4));
#8315 = VECTOR('',#8316,1.);
#8316 = DIRECTION('',(1.,0.));
#8317 = ( GEOMETRIC_REPRESENTATION_CONTEXT(2) 
PARAMETRIC_REPRESENTATION_CONTEXT() REPRESENTATION_CONTEXT('2D SPACE',''
  ) );
#8318 = PCURVE('',#5472,#8319);
#8319 = DEFINITIONAL_REPRESENTATION('',(#8320),#8377);
#8320 = B_SPLINE_CURVE_WITH_KNOTS('',3,(#8321,#8322,#8323,#8324,#8325,
    #8326,#8327,#8328,#8329,#8330,#8331,#8332,#8333,#8334,#8335,#8336,
    #8337,#8338,#8339,#8340,#8341,#8342,#8343,#8344,#8345,#8346,#8347,
    #8348,#8349,#8350,#8351,#8352,#8353,#8354,#8355,#8356,#8357,#8358,
    #8359,#8360,#8361,#8362,#8363,#8364,#8365,#8366,#8367,#8368,#8369,
    #8370,#8371,#8372,#8373,#8374,#8375,#8376),.UNSPECIFIED.,.F.,.F.,(4,
    1,1,1,1,1,1,1,1,1,1,1,1,1,1,1,1,1,1,1,1,1,1,1,1,1,1,1,1,1,1,1,1,1,1,
    1,1,1,1,1,1,1,1,1,1,1,1,3,3,4),(0.,2.252840378147,3.947251251067,
    5.556769293497,6.973069313182,8.438034201878,9.836527608945,
    11.173881028628,12.358378394578,13.591674823614,14.777241775145,
    15.919070127373,16.937511191725,18.005608061592,19.040905950925,
    20.046909447572,20.952226144232,21.910527049393,22.848343890734,
    23.768545277515,24.604779330967,25.498993387072,26.383732766176,
    27.261734369083,28.068590979197,28.941306811933,29.815275751476,
    30.69326112534,31.509705745874,32.403313623746,33.30925058782,
    34.230483702873,35.097084585268,36.056205964867,37.039089037922,
    38.048588577934,39.007142758039,40.077976938895,41.186386250524,
    42.336589601129,43.439334281668,44.68291297016,45.982505886097,
    47.343769408886,48.660381123787,50.157957971193,51.73669345799,
    51.75772326206,53.205564838504,53.402350377676),.UNSPECIFIED.);
#8321 = CARTESIAN_POINT('',(-5.093527873897,-9.496271560636));
#8322 = CARTESIAN_POINT('',(-4.915099437466,-10.24993810946));
#8323 = CARTESIAN_POINT('',(-4.859713821642,-11.60666130723));
#8324 = CARTESIAN_POINT('',(-3.583084577393,-13.04082726363));
#8325 = CARTESIAN_POINT('',(-2.822721002698,-14.41091604503));
#8326 = CARTESIAN_POINT('',(-2.104712831649,-15.72657579558));
#8327 = CARTESIAN_POINT('',(-1.501518169312,-17.01998877588));
#8328 = CARTESIAN_POINT('',(-0.974789866086,-18.31813008935));
#8329 = CARTESIAN_POINT('',(-0.550224822861,-19.55471500151));
#8330 = CARTESIAN_POINT('',(-0.205184901683,-20.75844844524));
#8331 = CARTESIAN_POINT('',(6.596558094505E-02,-21.92915586266));
#8332 = CARTESIAN_POINT('',(0.271898846638,-23.09863917069));
#8333 = CARTESIAN_POINT('',(0.406130536759,-24.20629398956));
#8334 = CARTESIAN_POINT('',(0.482623522151,-25.28023204404));
#8335 = CARTESIAN_POINT('',(0.497330327001,-26.32105140487));
#8336 = CARTESIAN_POINT('',(0.482559264875,-27.35772167695));
#8337 = CARTESIAN_POINT('',(0.410448528848,-28.33785871686));
#8338 = CARTESIAN_POINT('',(0.293587822094,-29.28755655876));
#8339 = CARTESIAN_POINT('',(0.132382656111,-30.20781010971));
#8340 = CARTESIAN_POINT('',(-7.799384011558E-02,-31.12314150716));
#8341 = CARTESIAN_POINT('',(-0.325066028925,-31.98701222905));
#8342 = CARTESIAN_POINT('',(-0.610828167691,-32.82343042302));
#8343 = CARTESIAN_POINT('',(-0.934200818076,-33.63340481523));
#8344 = CARTESIAN_POINT('',(-1.305647754307,-34.43784657629));
#8345 = CARTESIAN_POINT('',(-1.70542258685,-35.19581900635));
#8346 = CARTESIAN_POINT('',(-2.141065645731,-35.9290116092));
#8347 = CARTESIAN_POINT('',(-2.612665169012,-36.63808750685));
#8348 = CARTESIAN_POINT('',(-3.135213075507,-37.34028549719));
#8349 = CARTESIAN_POINT('',(-3.682150484235,-37.99946541337));
#8350 = CARTESIAN_POINT('',(-4.266234226687,-38.63478684069));
#8351 = CARTESIAN_POINT('',(-4.888556953578,-39.24619197559));
#8352 = CARTESIAN_POINT('',(-5.568477155319,-39.84700044377));
#8353 = CARTESIAN_POINT('',(-6.272213958533,-40.40542012532));
#8354 = CARTESIAN_POINT('',(-7.017561084534,-40.93771310161));
#8355 = CARTESIAN_POINT('',(-7.807314659862,-41.44213381588));
#8356 = CARTESIAN_POINT('',(-8.67888483511,-41.9002164456));
#8357 = CARTESIAN_POINT('',(-9.569388783222,-42.31871171121));
#8358 = CARTESIAN_POINT('',(-10.50828683442,-42.70017506342));
#8359 = CARTESIAN_POINT('',(-11.49644819565,-43.04440042878));
#8360 = CARTESIAN_POINT('',(-12.56309790802,-43.3529815149));
#8361 = CARTESIAN_POINT('',(-13.65486184738,-43.60660194221));
#8362 = CARTESIAN_POINT('',(-14.80329356827,-43.81154416519));
#8363 = CARTESIAN_POINT('',(-16.00697957194,-43.96392360896));
#8364 = CARTESIAN_POINT('',(-17.31661343345,-44.05523229833));
#8365 = CARTESIAN_POINT('',(-18.60046837479,-44.08753210797));
#8366 = CARTESIAN_POINT('',(-20.15366010156,-44.01195123203));
#8367 = CARTESIAN_POINT('',(-20.92132877466,-44.01895475531));
#8368 = CARTESIAN_POINT('',(-23.7998435625,-43.53253217243));
#8369 = CARTESIAN_POINT('',(-23.00094539931,-43.69419836182));
#8370 = CARTESIAN_POINT('',(-22.99007155444,-43.69639059658));
#8371 = CARTESIAN_POINT('',(-22.99007155574,-43.69639059634));
#8372 = CARTESIAN_POINT('',(-22.99007155704,-43.6963905961));
#8373 = CARTESIAN_POINT('',(-22.99007155834,-43.69639059585));
#8374 = CARTESIAN_POINT('',(-23.43315533176,-43.61217181509));
#8375 = CARTESIAN_POINT('',(-23.98285416915,-43.50784774943));
#8376 = CARTESIAN_POINT('',(-24.65808465839,-43.37988787401));
#8377 = ( GEOMETRIC_REPRESENTATION_CONTEXT(2) 
PARAMETRIC_REPRESENTATION_CONTEXT() REPRESENTATION_CONTEXT('2D SPACE',''
  ) );
#8378 = ORIENTED_EDGE('',*,*,#6335,.T.);
#8379 = ADVANCED_FACE('',(#8380),#4075,.T.);
#8380 = FACE_BOUND('',#8381,.T.);
#8381 = EDGE_LOOP('',(#8382,#8383,#8384,#8407));
#8382 = ORIENTED_EDGE('',*,*,#4061,.F.);
#8383 = ORIENTED_EDGE('',*,*,#6210,.F.);
#8384 = ORIENTED_EDGE('',*,*,#8385,.T.);
#8385 = EDGE_CURVE('',#6211,#8386,#8388,.T.);
#8386 = VERTEX_POINT('',#8387);
#8387 = CARTESIAN_POINT('',(-24.2419153416,-41.3173966161,22.4));
#8388 = SURFACE_CURVE('',#8389,(#8393,#8400),.PCURVE_S1.);
#8389 = LINE('',#8390,#8391);
#8390 = CARTESIAN_POINT('',(-24.65808465839,-43.37988787401,22.4));
#8391 = VECTOR('',#8392,1.);
#8392 = DIRECTION('',(0.197793495591,0.980243711075,0.));
#8393 = PCURVE('',#4075,#8394);
#8394 = DEFINITIONAL_REPRESENTATION('',(#8395),#8399);
#8395 = LINE('',#8396,#8397);
#8396 = CARTESIAN_POINT('',(0.,-22.4));
#8397 = VECTOR('',#8398,1.);
#8398 = DIRECTION('',(1.,0.));
#8399 = ( GEOMETRIC_REPRESENTATION_CONTEXT(2) 
PARAMETRIC_REPRESENTATION_CONTEXT() REPRESENTATION_CONTEXT('2D SPACE',''
  ) );
#8400 = PCURVE('',#5472,#8401);
#8401 = DEFINITIONAL_REPRESENTATION('',(#8402),#8406);
#8402 = LINE('',#8403,#8404);
#8403 = CARTESIAN_POINT('',(-24.65808465839,-43.37988787401));
#8404 = VECTOR('',#8405,1.);
#8405 = DIRECTION('',(0.197793495591,0.980243711075));
#8406 = ( GEOMETRIC_REPRESENTATION_CONTEXT(2) 
PARAMETRIC_REPRESENTATION_CONTEXT() REPRESENTATION_CONTEXT('2D SPACE',''
  ) );
#8407 = ORIENTED_EDGE('',*,*,#8408,.F.);
#8408 = EDGE_CURVE('',#3891,#8386,#8409,.T.);
#8409 = SURFACE_CURVE('',#8410,(#8414,#8421),.PCURVE_S1.);
#8410 = LINE('',#8411,#8412);
#8411 = CARTESIAN_POINT('',(-24.2419153416,-41.3173966161,0.));
#8412 = VECTOR('',#8413,1.);
#8413 = DIRECTION('',(0.,0.,1.));
#8414 = PCURVE('',#4075,#8415);
#8415 = DEFINITIONAL_REPRESENTATION('',(#8416),#8420);
#8416 = LINE('',#8417,#8418);
#8417 = CARTESIAN_POINT('',(2.104059668631,0.));
#8418 = VECTOR('',#8419,1.);
#8419 = DIRECTION('',(0.,-1.));
#8420 = ( GEOMETRIC_REPRESENTATION_CONTEXT(2) 
PARAMETRIC_REPRESENTATION_CONTEXT() REPRESENTATION_CONTEXT('2D SPACE',''
  ) );
#8421 = PCURVE('',#4000,#8422);
#8422 = DEFINITIONAL_REPRESENTATION('',(#8423),#8427);
#8423 = LINE('',#8424,#8425);
#8424 = CARTESIAN_POINT('',(0.,0.));
#8425 = VECTOR('',#8426,1.);
#8426 = DIRECTION('',(0.,-1.));
#8427 = ( GEOMETRIC_REPRESENTATION_CONTEXT(2) 
PARAMETRIC_REPRESENTATION_CONTEXT() REPRESENTATION_CONTEXT('2D SPACE',''
  ) );
#8428 = ADVANCED_FACE('',(#8429),#4000,.T.);
#8429 = FACE_BOUND('',#8430,.T.);
#8430 = EDGE_LOOP('',(#8431,#8432,#8433,#8550));
#8431 = ORIENTED_EDGE('',*,*,#3890,.F.);
#8432 = ORIENTED_EDGE('',*,*,#8408,.T.);
#8433 = ORIENTED_EDGE('',*,*,#8434,.T.);
#8434 = EDGE_CURVE('',#8386,#8435,#8437,.T.);
#8435 = VERTEX_POINT('',#8436);
#8436 = CARTESIAN_POINT('',(-6.593830471377,-10.8540959879,22.4));
#8437 = SURFACE_CURVE('',#8438,(#8489,#8496),.PCURVE_S1.);
#8438 = B_SPLINE_CURVE_WITH_KNOTS('',3,(#8439,#8440,#8441,#8442,#8443,
    #8444,#8445,#8446,#8447,#8448,#8449,#8450,#8451,#8452,#8453,#8454,
    #8455,#8456,#8457,#8458,#8459,#8460,#8461,#8462,#8463,#8464,#8465,
    #8466,#8467,#8468,#8469,#8470,#8471,#8472,#8473,#8474,#8475,#8476,
    #8477,#8478,#8479,#8480,#8481,#8482,#8483,#8484,#8485,#8486,#8487,
    #8488),.UNSPECIFIED.,.F.,.F.,(4,1,1,1,1,1,1,1,1,1,1,1,1,1,1,1,1,1,1,
    1,1,1,1,1,1,1,1,1,1,1,1,1,1,1,1,1,1,1,1,1,1,1,1,1,1,1,1,4),(0.,
    1.560399863547,3.026493159763,4.408519816062,5.616164948135,
    6.857176517943,8.034500324617,9.154049078322,10.140931914661,
    11.16430891518,12.14467057154,13.086344664582,13.924748692612,
    14.803128326675,15.653911875236,16.480955579096,17.226763352129,
    18.01856826362,18.796500931648,19.563479607115,20.264226339274,
    21.01815180319,21.769388657233,22.52071176954,23.216717634111,
    23.975961822176,24.743348723341,25.521634699363,26.252131546642,
    27.05917145937,27.885262969361,28.733262670931,29.538010575103,
    30.436403024908,31.365465694071,32.327889352555,33.24854348335,
    34.284117952136,35.363069228966,36.489379128657,37.574802555564,
    38.804527640271,40.095153684953,41.452119030183,42.768727723412,
    44.27040892768,45.857339500188,47.985194622019),.UNSPECIFIED.);
#8439 = CARTESIAN_POINT('',(-24.2419153416,-41.3173966161,22.4));
#8440 = CARTESIAN_POINT('',(-23.73454904093,-41.40092438782,22.4));
#8441 = CARTESIAN_POINT('',(-22.73361897374,-41.58567239997,22.4));
#8442 = CARTESIAN_POINT('',(-21.27458721161,-41.74214352184,22.4));
#8443 = CARTESIAN_POINT('',(-19.92394336644,-41.82428683781,22.4));
#8444 = CARTESIAN_POINT('',(-18.64670946809,-41.8346746951,22.4));
#8445 = CARTESIAN_POINT('',(-17.43853366152,-41.78336625498,22.4));
#8446 = CARTESIAN_POINT('',(-16.26411217454,-41.67035789976,22.4));
#8447 = CARTESIAN_POINT('',(-15.18119086021,-41.50736129431,22.4));
#8448 = CARTESIAN_POINT('',(-14.15851962487,-41.29900726123,22.4));
#8449 = CARTESIAN_POINT('',(-13.19274807579,-41.04998010462,22.4));
#8450 = CARTESIAN_POINT('',(-12.25609107778,-40.7541707381,22.4));
#8451 = CARTESIAN_POINT('',(-11.39420169765,-40.43062102723,22.4));
#8452 = CARTESIAN_POINT('',(-10.58164208252,-40.07634183855,22.4));
#8453 = CARTESIAN_POINT('',(-9.814091110602,-39.696457202,22.4));
#8454 = CARTESIAN_POINT('',(-9.0755639162,-39.27100322077,22.4));
#8455 = CARTESIAN_POINT('',(-8.382220799401,-38.85611372471,22.4));
#8456 = CARTESIAN_POINT('',(-7.72660377362,-38.41790861198,22.4));
#8457 = CARTESIAN_POINT('',(-7.107350970319,-37.95658362753,22.4));
#8458 = CARTESIAN_POINT('',(-6.507874513511,-37.45870210798,22.4));
#8459 = CARTESIAN_POINT('',(-5.957852204536,-36.95043311779,22.4));
#8460 = CARTESIAN_POINT('',(-5.440011593171,-36.42064290834,22.4));
#8461 = CARTESIAN_POINT('',(-4.953176959078,-35.86912209037,22.4));
#8462 = CARTESIAN_POINT('',(-4.48568980462,-35.2794400204,22.4));
#8463 = CARTESIAN_POINT('',(-4.06118547079,-34.68162569578,22.4));
#8464 = CARTESIAN_POINT('',(-3.666182461433,-34.06083248927,22.4));
#8465 = CARTESIAN_POINT('',(-3.300531974291,-33.4160682598,22.4));
#8466 = CARTESIAN_POINT('',(-2.957153392555,-32.72837113895,22.4));
#8467 = CARTESIAN_POINT('',(-2.65432727231,-32.0323108853,22.4));
#8468 = CARTESIAN_POINT('',(-2.382486767599,-31.30950290955,22.4));
#8469 = CARTESIAN_POINT('',(-2.142744873225,-30.55860056234,22.4));
#8470 = CARTESIAN_POINT('',(-1.932878554153,-29.75823044188,22.4));
#8471 = CARTESIAN_POINT('',(-1.765664135267,-28.94866861795,22.4));
#8472 = CARTESIAN_POINT('',(-1.635500021131,-28.10793248841,22.4));
#8473 = CARTESIAN_POINT('',(-1.546976527131,-27.23472625802,22.4));
#8474 = CARTESIAN_POINT('',(-1.495405143445,-26.30549625427,22.4));
#8475 = CARTESIAN_POINT('',(-1.518419112116,-25.36765961855,22.4));
#8476 = CARTESIAN_POINT('',(-1.585022743395,-24.39682449039,22.4));
#8477 = CARTESIAN_POINT('',(-1.707607067501,-23.39199845261,22.4));
#8478 = CARTESIAN_POINT('',(-1.894865816593,-22.32758241842,22.4));
#8479 = CARTESIAN_POINT('',(-2.142597882945,-21.25847881681,22.4));
#8480 = CARTESIAN_POINT('',(-2.458851560935,-20.15528433812,22.4));
#8481 = CARTESIAN_POINT('',(-2.849368663121,-19.01806506682,22.4));
#8482 = CARTESIAN_POINT('',(-3.335759002956,-17.81941334592,22.4));
#8483 = CARTESIAN_POINT('',(-3.89387909653,-16.62335384549,22.4));
#8484 = CARTESIAN_POINT('',(-4.564037280591,-15.39266753376,22.4));
#8485 = CARTESIAN_POINT('',(-5.262674350739,-14.14625539924,22.4));
#8486 = CARTESIAN_POINT('',(-6.511421326188,-12.65502876611,22.4));
#8487 = CARTESIAN_POINT('',(-6.398844232666,-11.8416268382,22.4));
#8488 = CARTESIAN_POINT('',(-6.61059116748,-10.76733089069,22.4));
#8489 = PCURVE('',#4000,#8490);
#8490 = DEFINITIONAL_REPRESENTATION('',(#8491),#8495);
#8491 = LINE('',#8492,#8493);
#8492 = CARTESIAN_POINT('',(0.,-22.4));
#8493 = VECTOR('',#8494,1.);
#8494 = DIRECTION('',(1.,0.));
#8495 = ( GEOMETRIC_REPRESENTATION_CONTEXT(2) 
PARAMETRIC_REPRESENTATION_CONTEXT() REPRESENTATION_CONTEXT('2D SPACE',''
  ) );
#8496 = PCURVE('',#5472,#8497);
#8497 = DEFINITIONAL_REPRESENTATION('',(#8498),#8549);
#8498 = B_SPLINE_CURVE_WITH_KNOTS('',3,(#8499,#8500,#8501,#8502,#8503,
    #8504,#8505,#8506,#8507,#8508,#8509,#8510,#8511,#8512,#8513,#8514,
    #8515,#8516,#8517,#8518,#8519,#8520,#8521,#8522,#8523,#8524,#8525,
    #8526,#8527,#8528,#8529,#8530,#8531,#8532,#8533,#8534,#8535,#8536,
    #8537,#8538,#8539,#8540,#8541,#8542,#8543,#8544,#8545,#8546,#8547,
    #8548),.UNSPECIFIED.,.F.,.F.,(4,1,1,1,1,1,1,1,1,1,1,1,1,1,1,1,1,1,1,
    1,1,1,1,1,1,1,1,1,1,1,1,1,1,1,1,1,1,1,1,1,1,1,1,1,1,1,1,4),(0.,
    1.560399863547,3.026493159763,4.408519816062,5.616164948135,
    6.857176517943,8.034500324617,9.154049078322,10.140931914661,
    11.16430891518,12.14467057154,13.086344664582,13.924748692612,
    14.803128326675,15.653911875236,16.480955579096,17.226763352129,
    18.01856826362,18.796500931648,19.563479607115,20.264226339274,
    21.01815180319,21.769388657233,22.52071176954,23.216717634111,
    23.975961822176,24.743348723341,25.521634699363,26.252131546642,
    27.05917145937,27.885262969361,28.733262670931,29.538010575103,
    30.436403024908,31.365465694071,32.327889352555,33.24854348335,
    34.284117952136,35.363069228966,36.489379128657,37.574802555564,
    38.804527640271,40.095153684953,41.452119030183,42.768727723412,
    44.27040892768,45.857339500188,47.985194622019),.UNSPECIFIED.);
#8499 = CARTESIAN_POINT('',(-24.2419153416,-41.3173966161));
#8500 = CARTESIAN_POINT('',(-23.73454904093,-41.40092438782));
#8501 = CARTESIAN_POINT('',(-22.73361897374,-41.58567239997));
#8502 = CARTESIAN_POINT('',(-21.27458721161,-41.74214352184));
#8503 = CARTESIAN_POINT('',(-19.92394336644,-41.82428683781));
#8504 = CARTESIAN_POINT('',(-18.64670946809,-41.8346746951));
#8505 = CARTESIAN_POINT('',(-17.43853366152,-41.78336625498));
#8506 = CARTESIAN_POINT('',(-16.26411217454,-41.67035789976));
#8507 = CARTESIAN_POINT('',(-15.18119086021,-41.50736129431));
#8508 = CARTESIAN_POINT('',(-14.15851962487,-41.29900726123));
#8509 = CARTESIAN_POINT('',(-13.19274807579,-41.04998010462));
#8510 = CARTESIAN_POINT('',(-12.25609107778,-40.7541707381));
#8511 = CARTESIAN_POINT('',(-11.39420169765,-40.43062102723));
#8512 = CARTESIAN_POINT('',(-10.58164208252,-40.07634183855));
#8513 = CARTESIAN_POINT('',(-9.814091110602,-39.696457202));
#8514 = CARTESIAN_POINT('',(-9.0755639162,-39.27100322077));
#8515 = CARTESIAN_POINT('',(-8.382220799401,-38.85611372471));
#8516 = CARTESIAN_POINT('',(-7.72660377362,-38.41790861198));
#8517 = CARTESIAN_POINT('',(-7.107350970319,-37.95658362753));
#8518 = CARTESIAN_POINT('',(-6.507874513511,-37.45870210798));
#8519 = CARTESIAN_POINT('',(-5.957852204536,-36.95043311779));
#8520 = CARTESIAN_POINT('',(-5.440011593171,-36.42064290834));
#8521 = CARTESIAN_POINT('',(-4.953176959078,-35.86912209037));
#8522 = CARTESIAN_POINT('',(-4.48568980462,-35.2794400204));
#8523 = CARTESIAN_POINT('',(-4.06118547079,-34.68162569578));
#8524 = CARTESIAN_POINT('',(-3.666182461433,-34.06083248927));
#8525 = CARTESIAN_POINT('',(-3.300531974291,-33.4160682598));
#8526 = CARTESIAN_POINT('',(-2.957153392555,-32.72837113895));
#8527 = CARTESIAN_POINT('',(-2.65432727231,-32.0323108853));
#8528 = CARTESIAN_POINT('',(-2.382486767599,-31.30950290955));
#8529 = CARTESIAN_POINT('',(-2.142744873225,-30.55860056234));
#8530 = CARTESIAN_POINT('',(-1.932878554153,-29.75823044188));
#8531 = CARTESIAN_POINT('',(-1.765664135267,-28.94866861795));
#8532 = CARTESIAN_POINT('',(-1.635500021131,-28.10793248841));
#8533 = CARTESIAN_POINT('',(-1.546976527131,-27.23472625802));
#8534 = CARTESIAN_POINT('',(-1.495405143445,-26.30549625427));
#8535 = CARTESIAN_POINT('',(-1.518419112116,-25.36765961855));
#8536 = CARTESIAN_POINT('',(-1.585022743395,-24.39682449039));
#8537 = CARTESIAN_POINT('',(-1.707607067501,-23.39199845261));
#8538 = CARTESIAN_POINT('',(-1.894865816593,-22.32758241842));
#8539 = CARTESIAN_POINT('',(-2.142597882945,-21.25847881681));
#8540 = CARTESIAN_POINT('',(-2.458851560935,-20.15528433812));
#8541 = CARTESIAN_POINT('',(-2.849368663121,-19.01806506682));
#8542 = CARTESIAN_POINT('',(-3.335759002956,-17.81941334592));
#8543 = CARTESIAN_POINT('',(-3.89387909653,-16.62335384549));
#8544 = CARTESIAN_POINT('',(-4.564037280591,-15.39266753376));
#8545 = CARTESIAN_POINT('',(-5.262674350739,-14.14625539924));
#8546 = CARTESIAN_POINT('',(-6.511421326188,-12.65502876611));
#8547 = CARTESIAN_POINT('',(-6.398844232666,-11.8416268382));
#8548 = CARTESIAN_POINT('',(-6.61059116748,-10.76733089069));
#8549 = ( GEOMETRIC_REPRESENTATION_CONTEXT(2) 
PARAMETRIC_REPRESENTATION_CONTEXT() REPRESENTATION_CONTEXT('2D SPACE',''
  ) );
#8550 = ORIENTED_EDGE('',*,*,#8551,.T.);
#8551 = EDGE_CURVE('',#8435,#3862,#8552,.T.);
#8552 = SURFACE_CURVE('',#8553,(#8559,#8568),.PCURVE_S1.);
#8553 = B_SPLINE_CURVE_WITH_KNOTS('',4,(#8554,#8555,#8556,#8557,#8558),
  .UNSPECIFIED.,.F.,.F.,(5,5),(0.,1.),.PIECEWISE_BEZIER_KNOTS.);
#8554 = CARTESIAN_POINT('',(-6.593830471377,-10.8540959879,22.4000006));
#8555 = CARTESIAN_POINT('',(-6.593830471377,-10.8540959879,16.8000003));
#8556 = CARTESIAN_POINT('',(-6.593830471377,-10.8540959879,11.2));
#8557 = CARTESIAN_POINT('',(-6.593830471377,-10.8540959879,5.5999997));
#8558 = CARTESIAN_POINT('',(-6.593830471377,-10.8540959879,-6.E-07));
#8559 = PCURVE('',#4000,#8560);
#8560 = DEFINITIONAL_REPRESENTATION('',(#8561),#8567);
#8561 = B_SPLINE_CURVE_WITH_KNOTS('',4,(#8562,#8563,#8564,#8565,#8566),
  .UNSPECIFIED.,.F.,.F.,(5,5),(0.,1.),.PIECEWISE_BEZIER_KNOTS.);
#8562 = CARTESIAN_POINT('',(47.927018056643,-22.4000006));
#8563 = CARTESIAN_POINT('',(47.927018056643,-16.8000003));
#8564 = CARTESIAN_POINT('',(47.927018056643,-11.2));
#8565 = CARTESIAN_POINT('',(47.927018056643,-5.5999997));
#8566 = CARTESIAN_POINT('',(47.927018056643,5.999999999062E-07));
#8567 = ( GEOMETRIC_REPRESENTATION_CONTEXT(2) 
PARAMETRIC_REPRESENTATION_CONTEXT() REPRESENTATION_CONTEXT('2D SPACE',''
  ) );
#8568 = PCURVE('',#3878,#8569);
#8569 = DEFINITIONAL_REPRESENTATION('',(#8570),#8576);
#8570 = B_SPLINE_CURVE_WITH_KNOTS('',4,(#8571,#8572,#8573,#8574,#8575),
  .UNSPECIFIED.,.F.,.F.,(5,5),(0.,1.),.PIECEWISE_BEZIER_KNOTS.);
#8571 = CARTESIAN_POINT('',(-4.166475226663,-22.4000006));
#8572 = CARTESIAN_POINT('',(-4.166475226663,-16.8000003));
#8573 = CARTESIAN_POINT('',(-4.166475226663,-11.2));
#8574 = CARTESIAN_POINT('',(-4.166475226663,-5.5999997));
#8575 = CARTESIAN_POINT('',(-4.166475226663,5.999999999062E-07));
#8576 = ( GEOMETRIC_REPRESENTATION_CONTEXT(2) 
PARAMETRIC_REPRESENTATION_CONTEXT() REPRESENTATION_CONTEXT('2D SPACE',''
  ) );
#8577 = ADVANCED_FACE('',(#8578),#3878,.T.);
#8578 = FACE_BOUND('',#8579,.F.);
#8579 = EDGE_LOOP('',(#8580,#8581,#8637,#8659));
#8580 = ORIENTED_EDGE('',*,*,#3861,.F.);
#8581 = ORIENTED_EDGE('',*,*,#8582,.F.);
#8582 = EDGE_CURVE('',#8583,#3673,#8585,.T.);
#8583 = VERTEX_POINT('',#8584);
#8584 = CARTESIAN_POINT('',(-9.816985772962,-8.057095651254,22.4));
#8585 = SURFACE_CURVE('',#8586,(#8601,#8619),.PCURVE_S1.);
#8586 = B_SPLINE_CURVE_WITH_KNOTS('',4,(#8587,#8588,#8589,#8590,#8591,
    #8592,#8593,#8594,#8595,#8596,#8597,#8598,#8599,#8600),
  .UNSPECIFIED.,.F.,.F.,(5,3,3,3,5),(0.,0.25,0.5,0.75,1.),
  .UNSPECIFIED.);
#8587 = CARTESIAN_POINT('',(-9.816985772962,-8.057095651254,22.4000006)
  );
#8588 = CARTESIAN_POINT('',(-9.816985772962,-8.057095651254,21.000000525
    ));
#8589 = CARTESIAN_POINT('',(-9.816985772962,-8.057095651254,19.60000045)
  );
#8590 = CARTESIAN_POINT('',(-9.816985772962,-8.057095651254,18.200000375
    ));
#8591 = CARTESIAN_POINT('',(-9.816985772962,-8.057095651254,15.400000225
    ));
#8592 = CARTESIAN_POINT('',(-9.816985772962,-8.057095651254,14.00000015)
  );
#8593 = CARTESIAN_POINT('',(-9.816985772962,-8.057095651254,12.600000075
    ));
#8594 = CARTESIAN_POINT('',(-9.816985772962,-8.057095651254,9.799999925)
  );
#8595 = CARTESIAN_POINT('',(-9.816985772962,-8.057095651254,8.39999985)
  );
#8596 = CARTESIAN_POINT('',(-9.816985772962,-8.057095651254,6.999999775)
  );
#8597 = CARTESIAN_POINT('',(-9.816985772962,-8.057095651254,4.199999625)
  );
#8598 = CARTESIAN_POINT('',(-9.816985772962,-8.057095651254,2.79999955)
  );
#8599 = CARTESIAN_POINT('',(-9.816985772962,-8.057095651254,1.399999475)
  );
#8600 = CARTESIAN_POINT('',(-9.816985772962,-8.057095651254,-6.E-07));
#8601 = PCURVE('',#3878,#8602);
#8602 = DEFINITIONAL_REPRESENTATION('',(#8603),#8618);
#8603 = B_SPLINE_CURVE_WITH_KNOTS('',4,(#8604,#8605,#8606,#8607,#8608,
    #8609,#8610,#8611,#8612,#8613,#8614,#8615,#8616,#8617),
  .UNSPECIFIED.,.F.,.F.,(5,3,3,3,5),(0.,0.25,0.5,0.75,1.),
  .UNSPECIFIED.);
#8604 = CARTESIAN_POINT('',(-3.82884670145,-22.4000006));
#8605 = CARTESIAN_POINT('',(-3.82884670145,-21.000000525));
#8606 = CARTESIAN_POINT('',(-3.82884670145,-19.60000045));
#8607 = CARTESIAN_POINT('',(-3.82884670145,-18.200000375));
#8608 = CARTESIAN_POINT('',(-3.82884670145,-15.400000225));
#8609 = CARTESIAN_POINT('',(-3.82884670145,-14.00000015));
#8610 = CARTESIAN_POINT('',(-3.82884670145,-12.600000075));
#8611 = CARTESIAN_POINT('',(-3.82884670145,-9.799999925));
#8612 = CARTESIAN_POINT('',(-3.82884670145,-8.39999985));
#8613 = CARTESIAN_POINT('',(-3.82884670145,-6.999999775));
#8614 = CARTESIAN_POINT('',(-3.82884670145,-4.199999625));
#8615 = CARTESIAN_POINT('',(-3.82884670145,-2.79999955));
#8616 = CARTESIAN_POINT('',(-3.82884670145,-1.399999475));
#8617 = CARTESIAN_POINT('',(-3.82884670145,5.999999999062E-07));
#8618 = ( GEOMETRIC_REPRESENTATION_CONTEXT(2) 
PARAMETRIC_REPRESENTATION_CONTEXT() REPRESENTATION_CONTEXT('2D SPACE',''
  ) );
#8619 = PCURVE('',#3794,#8620);
#8620 = DEFINITIONAL_REPRESENTATION('',(#8621),#8636);
#8621 = B_SPLINE_CURVE_WITH_KNOTS('',4,(#8622,#8623,#8624,#8625,#8626,
    #8627,#8628,#8629,#8630,#8631,#8632,#8633,#8634,#8635),
  .UNSPECIFIED.,.F.,.F.,(5,3,3,3,5),(0.,0.25,0.5,0.75,1.),
  .UNSPECIFIED.);
#8622 = CARTESIAN_POINT('',(2.479811260551,-22.4000006));
#8623 = CARTESIAN_POINT('',(2.479811260551,-21.000000525));
#8624 = CARTESIAN_POINT('',(2.479811260551,-19.60000045));
#8625 = CARTESIAN_POINT('',(2.479811260551,-18.200000375));
#8626 = CARTESIAN_POINT('',(2.479811260551,-15.400000225));
#8627 = CARTESIAN_POINT('',(2.479811260551,-14.00000015));
#8628 = CARTESIAN_POINT('',(2.479811260551,-12.600000075));
#8629 = CARTESIAN_POINT('',(2.479811260551,-9.799999925));
#8630 = CARTESIAN_POINT('',(2.479811260551,-8.39999985));
#8631 = CARTESIAN_POINT('',(2.479811260551,-6.999999775));
#8632 = CARTESIAN_POINT('',(2.479811260551,-4.199999625));
#8633 = CARTESIAN_POINT('',(2.479811260551,-2.79999955));
#8634 = CARTESIAN_POINT('',(2.479811260551,-1.399999475));
#8635 = CARTESIAN_POINT('',(2.479811260551,5.999999999062E-07));
#8636 = ( GEOMETRIC_REPRESENTATION_CONTEXT(2) 
PARAMETRIC_REPRESENTATION_CONTEXT() REPRESENTATION_CONTEXT('2D SPACE',''
  ) );
#8637 = ORIENTED_EDGE('',*,*,#8638,.T.);
#8638 = EDGE_CURVE('',#8583,#8435,#8639,.T.);
#8639 = SURFACE_CURVE('',#8640,(#8645,#8652),.PCURVE_S1.);
#8640 = CIRCLE('',#8641,12.7);
#8641 = AXIS2_PLACEMENT_3D('',#8642,#8643,#8644);
#8642 = CARTESIAN_POINT('',(0.,0.,22.4));
#8643 = DIRECTION('',(0.,0.,1.));
#8644 = DIRECTION('',(1.,0.,0.));
#8645 = PCURVE('',#3878,#8646);
#8646 = DEFINITIONAL_REPRESENTATION('',(#8647),#8651);
#8647 = LINE('',#8648,#8649);
#8648 = CARTESIAN_POINT('',(-0.,-22.4));
#8649 = VECTOR('',#8650,1.);
#8650 = DIRECTION('',(-1.,0.));
#8651 = ( GEOMETRIC_REPRESENTATION_CONTEXT(2) 
PARAMETRIC_REPRESENTATION_CONTEXT() REPRESENTATION_CONTEXT('2D SPACE',''
  ) );
#8652 = PCURVE('',#5472,#8653);
#8653 = DEFINITIONAL_REPRESENTATION('',(#8654),#8658);
#8654 = CIRCLE('',#8655,12.7);
#8655 = AXIS2_PLACEMENT_2D('',#8656,#8657);
#8656 = CARTESIAN_POINT('',(3.500646739301E-15,2.041077998579E-15));
#8657 = DIRECTION('',(1.,0.));
#8658 = ( GEOMETRIC_REPRESENTATION_CONTEXT(2) 
PARAMETRIC_REPRESENTATION_CONTEXT() REPRESENTATION_CONTEXT('2D SPACE',''
  ) );
#8659 = ORIENTED_EDGE('',*,*,#8551,.T.);
#8660 = ADVANCED_FACE('',(#8661),#3794,.T.);
#8661 = FACE_BOUND('',#8662,.T.);
#8662 = EDGE_LOOP('',(#8663,#8664,#8665,#8792));
#8663 = ORIENTED_EDGE('',*,*,#3672,.F.);
#8664 = ORIENTED_EDGE('',*,*,#8582,.F.);
#8665 = ORIENTED_EDGE('',*,*,#8666,.T.);
#8666 = EDGE_CURVE('',#8583,#6233,#8667,.T.);
#8667 = SURFACE_CURVE('',#8668,(#8725,#8732),.PCURVE_S1.);
#8668 = B_SPLINE_CURVE_WITH_KNOTS('',3,(#8669,#8670,#8671,#8672,#8673,
    #8674,#8675,#8676,#8677,#8678,#8679,#8680,#8681,#8682,#8683,#8684,
    #8685,#8686,#8687,#8688,#8689,#8690,#8691,#8692,#8693,#8694,#8695,
    #8696,#8697,#8698,#8699,#8700,#8701,#8702,#8703,#8704,#8705,#8706,
    #8707,#8708,#8709,#8710,#8711,#8712,#8713,#8714,#8715,#8716,#8717,
    #8718,#8719,#8720,#8721,#8722,#8723,#8724),.UNSPECIFIED.,.F.,.F.,(4,
    1,1,1,1,1,1,1,1,1,1,1,1,1,1,1,1,1,1,1,1,1,1,1,1,1,1,1,1,1,1,1,1,1,1,
    1,1,1,1,1,1,1,1,1,1,1,1,3,3,4),(0.,2.252840378147,3.947251251067,
    5.556769293497,6.973069313182,8.438034201878,9.836527608945,
    11.173881028628,12.358378394578,13.591674823614,14.777241775145,
    15.919070127373,16.937511191725,18.005608061592,19.040905950925,
    20.046909447572,20.952226144232,21.910527049393,22.848343890734,
    23.768545277515,24.604779330967,25.498993387072,26.383732766176,
    27.261734369083,28.068590979197,28.941306811933,29.815275751476,
    30.69326112534,31.509705745874,32.403313623746,33.30925058782,
    34.230483702873,35.097084585268,36.056205964867,37.039089037922,
    38.048588577934,39.007142758039,40.077976938895,41.186386250524,
    42.336589601129,43.439334281668,44.68291297016,45.982505886097,
    47.343769408886,48.660381123787,50.157957971193,51.73669345799,
    51.75772326206,53.205564838504,53.402350377676),.UNSPECIFIED.);
#8669 = CARTESIAN_POINT('',(-9.159260313996,-5.677248475798,22.4));
#8670 = CARTESIAN_POINT('',(-9.381570029705,-6.419157071282,22.4));
#8671 = CARTESIAN_POINT('',(-10.01196627828,-7.621806634367,22.4));
#8672 = CARTESIAN_POINT('',(-9.623455899746,-9.502145407973,22.4));
#8673 = CARTESIAN_POINT('',(-9.65000611865,-11.06885888545,22.4));
#8674 = CARTESIAN_POINT('',(-9.68602267767,-12.56725773769,22.4));
#8675 = CARTESIAN_POINT('',(-9.810347266808,-13.98898356738,22.4));
#8676 = CARTESIAN_POINT('',(-10.00325783205,-15.37657107416,22.4));
#8677 = CARTESIAN_POINT('',(-10.25386617514,-16.65976754364,22.4));
#8678 = CARTESIAN_POINT('',(-10.55691955995,-17.87475124589,22.4));
#8679 = CARTESIAN_POINT('',(-10.90745006245,-19.02418885108,22.4));
#8680 = CARTESIAN_POINT('',(-11.31384827689,-20.13995773798,22.4));
#8681 = CARTESIAN_POINT('',(-11.75142763269,-21.16633079481,22.4));
#8682 = CARTESIAN_POINT('',(-12.22215179137,-22.13463492478,22.4));
#8683 = CARTESIAN_POINT('',(-12.72982500518,-23.04336433443,22.4));
#8684 = CARTESIAN_POINT('',(-13.26095225626,-23.93376159434,22.4));
#8685 = CARTESIAN_POINT('',(-13.8134705055,-24.74652980208,22.4));
#8686 = CARTESIAN_POINT('',(-14.3895237672,-25.51056190571,22.4));
#8687 = CARTESIAN_POINT('',(-14.98925831164,-26.22692227576,22.4));
#8688 = CARTESIAN_POINT('',(-15.62911540046,-26.91443427072,22.4));
#8689 = CARTESIAN_POINT('',(-16.27502155348,-27.53903216706,22.4));
#8690 = CARTESIAN_POINT('',(-16.94070792207,-28.12051050184,22.4));
#8691 = CARTESIAN_POINT('',(-17.6257440483,-28.66028257671,22.4));
#8692 = CARTESIAN_POINT('',(-18.34964741177,-29.17122610955,22.4));
#8693 = CARTESIAN_POINT('',(-19.07484878757,-29.62776207307,22.4));
#8694 = CARTESIAN_POINT('',(-19.81872304497,-30.04490396356,22.4));
#8695 = CARTESIAN_POINT('',(-20.58167816137,-30.4231819425,22.4));
#8696 = CARTESIAN_POINT('',(-21.38531691826,-30.77002928738,22.4));
#8697 = CARTESIAN_POINT('',(-22.18856856659,-31.06742713609,22.4));
#8698 = CARTESIAN_POINT('',(-23.01206063915,-31.32558976049,22.4));
#8699 = CARTESIAN_POINT('',(-23.85671049744,-31.54392077587,22.4));
#8700 = CARTESIAN_POINT('',(-24.74594289878,-31.72427607126,22.4));
#8701 = CARTESIAN_POINT('',(-25.63460668872,-31.85601329985,22.4));
#8702 = CARTESIAN_POINT('',(-26.54624272262,-31.94431897657,22.4));
#8703 = CARTESIAN_POINT('',(-27.48239973872,-31.98628334165,22.4));
#8704 = CARTESIAN_POINT('',(-28.46624296652,-31.9472094484,22.4));
#8705 = CARTESIAN_POINT('',(-29.44668964056,-31.86438500572,22.4));
#8706 = CARTESIAN_POINT('',(-30.45053088058,-31.72529293375,22.4));
#8707 = CARTESIAN_POINT('',(-31.47841640511,-31.52932016417,22.4));
#8708 = CARTESIAN_POINT('',(-32.55645269602,-31.26323436769,22.4));
#8709 = CARTESIAN_POINT('',(-33.6287582161,-30.93699413097,22.4));
#8710 = CARTESIAN_POINT('',(-34.7258003724,-30.54026344195,22.4));
#8711 = CARTESIAN_POINT('',(-35.84441275164,-30.07038490943,22.4));
#8712 = CARTESIAN_POINT('',(-37.02424329005,-29.49464362325,22.4));
#8713 = CARTESIAN_POINT('',(-38.15224418884,-28.88068860826,22.4));
#8714 = CARTESIAN_POINT('',(-39.45955724321,-28.03863778628,22.4));
#8715 = CARTESIAN_POINT('',(-40.12787957744,-27.6608686788,22.4));
#8716 = CARTESIAN_POINT('',(-42.37753521744,-25.80035697114,22.4));
#8717 = CARTESIAN_POINT('',(-41.76650220778,-26.33981307967,22.4));
#8718 = CARTESIAN_POINT('',(-41.75818129926,-26.3471485331,22.4));
#8719 = CARTESIAN_POINT('',(-41.75818130027,-26.34714853224,22.4));
#8720 = CARTESIAN_POINT('',(-41.75818130127,-26.34714853138,22.4));
#8721 = CARTESIAN_POINT('',(-41.75818130228,-26.34714853052,22.4));
#8722 = CARTESIAN_POINT('',(-42.09979371568,-26.0526710402,22.4));
#8723 = CARTESIAN_POINT('',(-42.52368484046,-25.68747433041,22.4));
#8724 = CARTESIAN_POINT('',(-43.04447165984,-25.23904258301,22.4));
#8725 = PCURVE('',#3794,#8726);
#8726 = DEFINITIONAL_REPRESENTATION('',(#8727),#8731);
#8727 = LINE('',#8728,#8729);
#8728 = CARTESIAN_POINT('',(0.,-22.4));
#8729 = VECTOR('',#8730,1.);
#8730 = DIRECTION('',(1.,0.));
#8731 = ( GEOMETRIC_REPRESENTATION_CONTEXT(2) 
PARAMETRIC_REPRESENTATION_CONTEXT() REPRESENTATION_CONTEXT('2D SPACE',''
  ) );
#8732 = PCURVE('',#5472,#8733);
#8733 = DEFINITIONAL_REPRESENTATION('',(#8734),#8791);
#8734 = B_SPLINE_CURVE_WITH_KNOTS('',3,(#8735,#8736,#8737,#8738,#8739,
    #8740,#8741,#8742,#8743,#8744,#8745,#8746,#8747,#8748,#8749,#8750,
    #8751,#8752,#8753,#8754,#8755,#8756,#8757,#8758,#8759,#8760,#8761,
    #8762,#8763,#8764,#8765,#8766,#8767,#8768,#8769,#8770,#8771,#8772,
    #8773,#8774,#8775,#8776,#8777,#8778,#8779,#8780,#8781,#8782,#8783,
    #8784,#8785,#8786,#8787,#8788,#8789,#8790),.UNSPECIFIED.,.F.,.F.,(4,
    1,1,1,1,1,1,1,1,1,1,1,1,1,1,1,1,1,1,1,1,1,1,1,1,1,1,1,1,1,1,1,1,1,1,
    1,1,1,1,1,1,1,1,1,1,1,1,3,3,4),(0.,2.252840378147,3.947251251067,
    5.556769293497,6.973069313182,8.438034201878,9.836527608945,
    11.173881028628,12.358378394578,13.591674823614,14.777241775145,
    15.919070127373,16.937511191725,18.005608061592,19.040905950925,
    20.046909447572,20.952226144232,21.910527049393,22.848343890734,
    23.768545277515,24.604779330967,25.498993387072,26.383732766176,
    27.261734369083,28.068590979197,28.941306811933,29.815275751476,
    30.69326112534,31.509705745874,32.403313623746,33.30925058782,
    34.230483702873,35.097084585268,36.056205964867,37.039089037922,
    38.048588577934,39.007142758039,40.077976938895,41.186386250524,
    42.336589601129,43.439334281668,44.68291297016,45.982505886097,
    47.343769408886,48.660381123787,50.157957971193,51.73669345799,
    51.75772326206,53.205564838504,53.402350377676),.UNSPECIFIED.);
#8735 = CARTESIAN_POINT('',(-9.159260313996,-5.677248475798));
#8736 = CARTESIAN_POINT('',(-9.381570029705,-6.419157071282));
#8737 = CARTESIAN_POINT('',(-10.01196627828,-7.621806634367));
#8738 = CARTESIAN_POINT('',(-9.623455899746,-9.502145407973));
#8739 = CARTESIAN_POINT('',(-9.65000611865,-11.06885888545));
#8740 = CARTESIAN_POINT('',(-9.68602267767,-12.56725773769));
#8741 = CARTESIAN_POINT('',(-9.810347266808,-13.98898356738));
#8742 = CARTESIAN_POINT('',(-10.00325783205,-15.37657107416));
#8743 = CARTESIAN_POINT('',(-10.25386617514,-16.65976754364));
#8744 = CARTESIAN_POINT('',(-10.55691955995,-17.87475124589));
#8745 = CARTESIAN_POINT('',(-10.90745006245,-19.02418885108));
#8746 = CARTESIAN_POINT('',(-11.31384827689,-20.13995773798));
#8747 = CARTESIAN_POINT('',(-11.75142763269,-21.16633079481));
#8748 = CARTESIAN_POINT('',(-12.22215179137,-22.13463492478));
#8749 = CARTESIAN_POINT('',(-12.72982500518,-23.04336433443));
#8750 = CARTESIAN_POINT('',(-13.26095225626,-23.93376159434));
#8751 = CARTESIAN_POINT('',(-13.8134705055,-24.74652980208));
#8752 = CARTESIAN_POINT('',(-14.3895237672,-25.51056190571));
#8753 = CARTESIAN_POINT('',(-14.98925831164,-26.22692227576));
#8754 = CARTESIAN_POINT('',(-15.62911540046,-26.91443427072));
#8755 = CARTESIAN_POINT('',(-16.27502155348,-27.53903216706));
#8756 = CARTESIAN_POINT('',(-16.94070792207,-28.12051050184));
#8757 = CARTESIAN_POINT('',(-17.6257440483,-28.66028257671));
#8758 = CARTESIAN_POINT('',(-18.34964741177,-29.17122610955));
#8759 = CARTESIAN_POINT('',(-19.07484878757,-29.62776207307));
#8760 = CARTESIAN_POINT('',(-19.81872304497,-30.04490396356));
#8761 = CARTESIAN_POINT('',(-20.58167816137,-30.4231819425));
#8762 = CARTESIAN_POINT('',(-21.38531691826,-30.77002928738));
#8763 = CARTESIAN_POINT('',(-22.18856856659,-31.06742713609));
#8764 = CARTESIAN_POINT('',(-23.01206063915,-31.32558976049));
#8765 = CARTESIAN_POINT('',(-23.85671049744,-31.54392077587));
#8766 = CARTESIAN_POINT('',(-24.74594289878,-31.72427607126));
#8767 = CARTESIAN_POINT('',(-25.63460668872,-31.85601329985));
#8768 = CARTESIAN_POINT('',(-26.54624272262,-31.94431897657));
#8769 = CARTESIAN_POINT('',(-27.48239973872,-31.98628334165));
#8770 = CARTESIAN_POINT('',(-28.46624296652,-31.9472094484));
#8771 = CARTESIAN_POINT('',(-29.44668964056,-31.86438500572));
#8772 = CARTESIAN_POINT('',(-30.45053088058,-31.72529293375));
#8773 = CARTESIAN_POINT('',(-31.47841640511,-31.52932016417));
#8774 = CARTESIAN_POINT('',(-32.55645269602,-31.26323436769));
#8775 = CARTESIAN_POINT('',(-33.6287582161,-30.93699413097));
#8776 = CARTESIAN_POINT('',(-34.7258003724,-30.54026344195));
#8777 = CARTESIAN_POINT('',(-35.84441275164,-30.07038490943));
#8778 = CARTESIAN_POINT('',(-37.02424329005,-29.49464362325));
#8779 = CARTESIAN_POINT('',(-38.15224418884,-28.88068860826));
#8780 = CARTESIAN_POINT('',(-39.45955724321,-28.03863778628));
#8781 = CARTESIAN_POINT('',(-40.12787957744,-27.6608686788));
#8782 = CARTESIAN_POINT('',(-42.37753521744,-25.80035697114));
#8783 = CARTESIAN_POINT('',(-41.76650220778,-26.33981307967));
#8784 = CARTESIAN_POINT('',(-41.75818129926,-26.3471485331));
#8785 = CARTESIAN_POINT('',(-41.75818130027,-26.34714853224));
#8786 = CARTESIAN_POINT('',(-41.75818130127,-26.34714853138));
#8787 = CARTESIAN_POINT('',(-41.75818130228,-26.34714853052));
#8788 = CARTESIAN_POINT('',(-42.09979371568,-26.0526710402));
#8789 = CARTESIAN_POINT('',(-42.52368484046,-25.68747433041));
#8790 = CARTESIAN_POINT('',(-43.04447165984,-25.23904258301));
#8791 = ( GEOMETRIC_REPRESENTATION_CONTEXT(2) 
PARAMETRIC_REPRESENTATION_CONTEXT() REPRESENTATION_CONTEXT('2D SPACE',''
  ) );
#8792 = ORIENTED_EDGE('',*,*,#6232,.T.);
#8793 = ADVANCED_FACE('',(#8794),#3627,.T.);
#8794 = FACE_BOUND('',#8795,.T.);
#8795 = EDGE_LOOP('',(#8796,#8797,#8798,#8821));
#8796 = ORIENTED_EDGE('',*,*,#3613,.F.);
#8797 = ORIENTED_EDGE('',*,*,#6107,.F.);
#8798 = ORIENTED_EDGE('',*,*,#8799,.T.);
#8799 = EDGE_CURVE('',#6108,#8800,#8802,.T.);
#8800 = VERTEX_POINT('',#8801);
#8801 = CARTESIAN_POINT('',(-41.65281283027,-23.66095741698,22.4));
#8802 = SURFACE_CURVE('',#8803,(#8807,#8814),.PCURVE_S1.);
#8803 = LINE('',#8804,#8805);
#8804 = CARTESIAN_POINT('',(-43.04447165984,-25.23904258301,22.4));
#8805 = VECTOR('',#8806,1.);
#8806 = DIRECTION('',(0.661416047422,0.750019207895,0.));
#8807 = PCURVE('',#3627,#8808);
#8808 = DEFINITIONAL_REPRESENTATION('',(#8809),#8813);
#8809 = LINE('',#8810,#8811);
#8810 = CARTESIAN_POINT('',(0.,-22.4));
#8811 = VECTOR('',#8812,1.);
#8812 = DIRECTION('',(1.,0.));
#8813 = ( GEOMETRIC_REPRESENTATION_CONTEXT(2) 
PARAMETRIC_REPRESENTATION_CONTEXT() REPRESENTATION_CONTEXT('2D SPACE',''
  ) );
#8814 = PCURVE('',#5472,#8815);
#8815 = DEFINITIONAL_REPRESENTATION('',(#8816),#8820);
#8816 = LINE('',#8817,#8818);
#8817 = CARTESIAN_POINT('',(-43.04447165984,-25.23904258301));
#8818 = VECTOR('',#8819,1.);
#8819 = DIRECTION('',(0.661416047422,0.750019207895));
#8820 = ( GEOMETRIC_REPRESENTATION_CONTEXT(2) 
PARAMETRIC_REPRESENTATION_CONTEXT() REPRESENTATION_CONTEXT('2D SPACE',''
  ) );
#8821 = ORIENTED_EDGE('',*,*,#8822,.F.);
#8822 = EDGE_CURVE('',#3443,#8800,#8823,.T.);
#8823 = SURFACE_CURVE('',#8824,(#8828,#8835),.PCURVE_S1.);
#8824 = LINE('',#8825,#8826);
#8825 = CARTESIAN_POINT('',(-41.65281283027,-23.66095741698,0.));
#8826 = VECTOR('',#8827,1.);
#8827 = DIRECTION('',(0.,0.,1.));
#8828 = PCURVE('',#3627,#8829);
#8829 = DEFINITIONAL_REPRESENTATION('',(#8830),#8834);
#8830 = LINE('',#8831,#8832);
#8831 = CARTESIAN_POINT('',(2.104059668631,0.));
#8832 = VECTOR('',#8833,1.);
#8833 = DIRECTION('',(0.,-1.));
#8834 = ( GEOMETRIC_REPRESENTATION_CONTEXT(2) 
PARAMETRIC_REPRESENTATION_CONTEXT() REPRESENTATION_CONTEXT('2D SPACE',''
  ) );
#8835 = PCURVE('',#3552,#8836);
#8836 = DEFINITIONAL_REPRESENTATION('',(#8837),#8841);
#8837 = LINE('',#8838,#8839);
#8838 = CARTESIAN_POINT('',(0.,0.));
#8839 = VECTOR('',#8840,1.);
#8840 = DIRECTION('',(0.,-1.));
#8841 = ( GEOMETRIC_REPRESENTATION_CONTEXT(2) 
PARAMETRIC_REPRESENTATION_CONTEXT() REPRESENTATION_CONTEXT('2D SPACE',''
  ) );
#8842 = ADVANCED_FACE('',(#8843),#3552,.T.);
#8843 = FACE_BOUND('',#8844,.T.);
#8844 = EDGE_LOOP('',(#8845,#8846,#8847,#8964));
#8845 = ORIENTED_EDGE('',*,*,#3442,.F.);
#8846 = ORIENTED_EDGE('',*,*,#8822,.T.);
#8847 = ORIENTED_EDGE('',*,*,#8848,.T.);
#8848 = EDGE_CURVE('',#8800,#8849,#8851,.T.);
#8849 = VERTEX_POINT('',#8850);
#8850 = CARTESIAN_POINT('',(-11.13747269041,-6.103007624956,22.4));
#8851 = SURFACE_CURVE('',#8852,(#8903,#8910),.PCURVE_S1.);
#8852 = B_SPLINE_CURVE_WITH_KNOTS('',3,(#8853,#8854,#8855,#8856,#8857,
    #8858,#8859,#8860,#8861,#8862,#8863,#8864,#8865,#8866,#8867,#8868,
    #8869,#8870,#8871,#8872,#8873,#8874,#8875,#8876,#8877,#8878,#8879,
    #8880,#8881,#8882,#8883,#8884,#8885,#8886,#8887,#8888,#8889,#8890,
    #8891,#8892,#8893,#8894,#8895,#8896,#8897,#8898,#8899,#8900,#8901,
    #8902),.UNSPECIFIED.,.F.,.F.,(4,1,1,1,1,1,1,1,1,1,1,1,1,1,1,1,1,1,1,
    1,1,1,1,1,1,1,1,1,1,1,1,1,1,1,1,1,1,1,1,1,1,1,1,1,1,1,1,4),(0.,
    1.560399863547,3.026493159763,4.408519816062,5.616164948135,
    6.857176517943,8.034500324617,9.154049078322,10.140931914661,
    11.16430891518,12.14467057154,13.086344664582,13.924748692612,
    14.803128326675,15.653911875236,16.480955579096,17.226763352129,
    18.01856826362,18.796500931648,19.563479607115,20.264226339274,
    21.01815180319,21.769388657233,22.52071176954,23.216717634111,
    23.975961822176,24.743348723341,25.521634699363,26.252131546642,
    27.05917145937,27.885262969361,28.733262670931,29.538010575103,
    30.436403024908,31.365465694071,32.327889352555,33.24854348335,
    34.284117952136,35.363069228966,36.489379128657,37.574802555564,
    38.804527640271,40.095153684953,41.452119030183,42.768727723412,
    44.27040892768,45.857339500188,47.985194622019),.UNSPECIFIED.);
#8853 = CARTESIAN_POINT('',(-41.65281283027,-23.66095741698,22.4));
#8854 = CARTESIAN_POINT('',(-41.25518461072,-23.98697773954,22.4));
#8855 = CARTESIAN_POINT('',(-40.4807277512,-24.64743924496,22.4));
#8856 = CARTESIAN_POINT('',(-39.2954047412,-25.51246309252,22.4));
#8857 = CARTESIAN_POINT('',(-38.1667845178,-26.25892321349,22.4));
#8858 = CARTESIAN_POINT('',(-37.0658614439,-26.90653631097,22.4));
#8859 = CARTESIAN_POINT('',(-35.99389628312,-27.46618980168,22.4));
#8860 = CARTESIAN_POINT('',(-34.92031326304,-27.95553243871,22.4));
#8861 = CARTESIAN_POINT('',(-33.9009775918,-28.35583389483,22.4));
#8862 = CARTESIAN_POINT('',(-32.91114130574,-28.68672962687,22.4));
#8863 = CARTESIAN_POINT('',(-31.95024503168,-28.95395155755,22.4));
#8864 = CARTESIAN_POINT('',(-30.99117159351,-29.16610163047,22.4));
#8865 = CARTESIAN_POINT('',(-30.08297863963,-29.31684405153,22.4));
#8866 = CARTESIAN_POINT('',(-29.2021417765,-29.41630908167,22.4));
#8867 = CARTESIAN_POINT('',(-28.34748081783,-29.47109482187,22.4));
#8868 = CARTESIAN_POINT('',(-27.49517051548,-29.47190446318,22.4));
#8869 = CARTESIAN_POINT('',(-26.68727301477,-29.45927117824,22.4));
#8870 = CARTESIAN_POINT('',(-25.90038945892,-29.40758293143,22.4));
#8871 = CARTESIAN_POINT('',(-25.13343830767,-29.31769017715,22.4));
#8872 = CARTESIAN_POINT('',(-24.36533570733,-29.18625036155,22.4));
#8873 = CARTESIAN_POINT('',(-23.63486792002,-29.02108765858,22.4));
#8874 = CARTESIAN_POINT('',(-22.92150969074,-28.8211961842,22.4));
#8875 = CARTESIAN_POINT('',(-22.22413812118,-28.58698246216,22.4));
#8876 = CARTESIAN_POINT('',(-21.5244413345,-28.31004638664,22.4));
#8877 = CARTESIAN_POINT('',(-20.85790263507,-28.00457616169,22.4));
#8878 = CARTESIAN_POINT('',(-20.20542339114,-27.66445497904,22.4));
#8879 = CARTESIAN_POINT('',(-19.56637866564,-27.28889802044,22.4));
#8880 = CARTESIAN_POINT('',(-18.92515553031,-26.86502413453,22.4));
#8881 = CARTESIAN_POINT('',(-18.31487029042,-26.41363133243,22.4));
#8882 = CARTESIAN_POINT('',(-17.71804551969,-25.92358151573,22.4));
#8883 = CARTESIAN_POINT('',(-17.13497177521,-25.39315195447,22.4));
#8884 = CARTESIAN_POINT('',(-16.55303715126,-24.80494425726,22.4));
#8885 = CARTESIAN_POINT('',(-16.00344430467,-24.18745036125,22.4));
#8886 = CARTESIAN_POINT('',(-15.47035081039,-23.52443357225,22.4));
#8887 = CARTESIAN_POINT('',(-14.95708410056,-22.812476541,22.4));
#8888 = CARTESIAN_POINT('',(-14.44780697031,-22.03352544363,22.4));
#8889 = CARTESIAN_POINT('',(-13.99881933396,-21.20982810816,22.4));
#8890 = CARTESIAN_POINT('',(-13.57108220655,-20.33575840865,22.4));
#8891 = CARTESIAN_POINT('',(-13.17483032644,-19.40426137149,22.4));
#8892 = CARTESIAN_POINT('',(-12.80479314314,-18.38882067114,22.4));
#8893 = CARTESIAN_POINT('',(-12.48478360513,-17.33908375969,22.4));
#8894 = CARTESIAN_POINT('',(-12.20707008496,-16.22556247684,22.4));
#8895 = CARTESIAN_POINT('',(-11.97665818042,-15.04544314713,22.4));
#8896 = CARTESIAN_POINT('',(-11.79855871042,-13.76418513662,22.4));
#8897 = CARTESIAN_POINT('',(-11.6838751396,-12.44930717803,22.4));
#8898 = CARTESIAN_POINT('',(-11.64890599569,-11.04842247595,22.4));
#8899 = CARTESIAN_POINT('',(-11.6307373792,-9.619679368803,22.4));
#8900 = CARTESIAN_POINT('',(-11.96657066628,-7.703865733988,22.4));
#8901 = CARTESIAN_POINT('',(-11.46237507945,-7.055727547691,22.4));
#8902 = CARTESIAN_POINT('',(-11.10860533041,-6.019486498557,22.4));
#8903 = PCURVE('',#3552,#8904);
#8904 = DEFINITIONAL_REPRESENTATION('',(#8905),#8909);
#8905 = LINE('',#8906,#8907);
#8906 = CARTESIAN_POINT('',(0.,-22.4));
#8907 = VECTOR('',#8908,1.);
#8908 = DIRECTION('',(1.,0.));
#8909 = ( GEOMETRIC_REPRESENTATION_CONTEXT(2) 
PARAMETRIC_REPRESENTATION_CONTEXT() REPRESENTATION_CONTEXT('2D SPACE',''
  ) );
#8910 = PCURVE('',#5472,#8911);
#8911 = DEFINITIONAL_REPRESENTATION('',(#8912),#8963);
#8912 = B_SPLINE_CURVE_WITH_KNOTS('',3,(#8913,#8914,#8915,#8916,#8917,
    #8918,#8919,#8920,#8921,#8922,#8923,#8924,#8925,#8926,#8927,#8928,
    #8929,#8930,#8931,#8932,#8933,#8934,#8935,#8936,#8937,#8938,#8939,
    #8940,#8941,#8942,#8943,#8944,#8945,#8946,#8947,#8948,#8949,#8950,
    #8951,#8952,#8953,#8954,#8955,#8956,#8957,#8958,#8959,#8960,#8961,
    #8962),.UNSPECIFIED.,.F.,.F.,(4,1,1,1,1,1,1,1,1,1,1,1,1,1,1,1,1,1,1,
    1,1,1,1,1,1,1,1,1,1,1,1,1,1,1,1,1,1,1,1,1,1,1,1,1,1,1,1,4),(0.,
    1.560399863547,3.026493159763,4.408519816062,5.616164948135,
    6.857176517943,8.034500324617,9.154049078322,10.140931914661,
    11.16430891518,12.14467057154,13.086344664582,13.924748692612,
    14.803128326675,15.653911875236,16.480955579096,17.226763352129,
    18.01856826362,18.796500931648,19.563479607115,20.264226339274,
    21.01815180319,21.769388657233,22.52071176954,23.216717634111,
    23.975961822176,24.743348723341,25.521634699363,26.252131546642,
    27.05917145937,27.885262969361,28.733262670931,29.538010575103,
    30.436403024908,31.365465694071,32.327889352555,33.24854348335,
    34.284117952136,35.363069228966,36.489379128657,37.574802555564,
    38.804527640271,40.095153684953,41.452119030183,42.768727723412,
    44.27040892768,45.857339500188,47.985194622019),.UNSPECIFIED.);
#8913 = CARTESIAN_POINT('',(-41.65281283027,-23.66095741698));
#8914 = CARTESIAN_POINT('',(-41.25518461072,-23.98697773954));
#8915 = CARTESIAN_POINT('',(-40.4807277512,-24.64743924496));
#8916 = CARTESIAN_POINT('',(-39.2954047412,-25.51246309252));
#8917 = CARTESIAN_POINT('',(-38.1667845178,-26.25892321349));
#8918 = CARTESIAN_POINT('',(-37.0658614439,-26.90653631097));
#8919 = CARTESIAN_POINT('',(-35.99389628312,-27.46618980168));
#8920 = CARTESIAN_POINT('',(-34.92031326304,-27.95553243871));
#8921 = CARTESIAN_POINT('',(-33.9009775918,-28.35583389483));
#8922 = CARTESIAN_POINT('',(-32.91114130574,-28.68672962687));
#8923 = CARTESIAN_POINT('',(-31.95024503168,-28.95395155755));
#8924 = CARTESIAN_POINT('',(-30.99117159351,-29.16610163047));
#8925 = CARTESIAN_POINT('',(-30.08297863963,-29.31684405153));
#8926 = CARTESIAN_POINT('',(-29.2021417765,-29.41630908167));
#8927 = CARTESIAN_POINT('',(-28.34748081783,-29.47109482187));
#8928 = CARTESIAN_POINT('',(-27.49517051548,-29.47190446318));
#8929 = CARTESIAN_POINT('',(-26.68727301477,-29.45927117824));
#8930 = CARTESIAN_POINT('',(-25.90038945892,-29.40758293143));
#8931 = CARTESIAN_POINT('',(-25.13343830767,-29.31769017715));
#8932 = CARTESIAN_POINT('',(-24.36533570733,-29.18625036155));
#8933 = CARTESIAN_POINT('',(-23.63486792002,-29.02108765858));
#8934 = CARTESIAN_POINT('',(-22.92150969074,-28.8211961842));
#8935 = CARTESIAN_POINT('',(-22.22413812118,-28.58698246216));
#8936 = CARTESIAN_POINT('',(-21.5244413345,-28.31004638664));
#8937 = CARTESIAN_POINT('',(-20.85790263507,-28.00457616169));
#8938 = CARTESIAN_POINT('',(-20.20542339114,-27.66445497904));
#8939 = CARTESIAN_POINT('',(-19.56637866564,-27.28889802044));
#8940 = CARTESIAN_POINT('',(-18.92515553031,-26.86502413453));
#8941 = CARTESIAN_POINT('',(-18.31487029042,-26.41363133243));
#8942 = CARTESIAN_POINT('',(-17.71804551969,-25.92358151573));
#8943 = CARTESIAN_POINT('',(-17.13497177521,-25.39315195447));
#8944 = CARTESIAN_POINT('',(-16.55303715126,-24.80494425726));
#8945 = CARTESIAN_POINT('',(-16.00344430467,-24.18745036125));
#8946 = CARTESIAN_POINT('',(-15.47035081039,-23.52443357225));
#8947 = CARTESIAN_POINT('',(-14.95708410056,-22.812476541));
#8948 = CARTESIAN_POINT('',(-14.44780697031,-22.03352544363));
#8949 = CARTESIAN_POINT('',(-13.99881933396,-21.20982810816));
#8950 = CARTESIAN_POINT('',(-13.57108220655,-20.33575840865));
#8951 = CARTESIAN_POINT('',(-13.17483032644,-19.40426137149));
#8952 = CARTESIAN_POINT('',(-12.80479314314,-18.38882067114));
#8953 = CARTESIAN_POINT('',(-12.48478360513,-17.33908375969));
#8954 = CARTESIAN_POINT('',(-12.20707008496,-16.22556247684));
#8955 = CARTESIAN_POINT('',(-11.97665818042,-15.04544314713));
#8956 = CARTESIAN_POINT('',(-11.79855871042,-13.76418513662));
#8957 = CARTESIAN_POINT('',(-11.6838751396,-12.44930717803));
#8958 = CARTESIAN_POINT('',(-11.64890599569,-11.04842247595));
#8959 = CARTESIAN_POINT('',(-11.6307373792,-9.619679368803));
#8960 = CARTESIAN_POINT('',(-11.96657066628,-7.703865733988));
#8961 = CARTESIAN_POINT('',(-11.46237507945,-7.055727547691));
#8962 = CARTESIAN_POINT('',(-11.10860533041,-6.019486498557));
#8963 = ( GEOMETRIC_REPRESENTATION_CONTEXT(2) 
PARAMETRIC_REPRESENTATION_CONTEXT() REPRESENTATION_CONTEXT('2D SPACE',''
  ) );
#8964 = ORIENTED_EDGE('',*,*,#8965,.T.);
#8965 = EDGE_CURVE('',#8849,#3414,#8966,.T.);
#8966 = SURFACE_CURVE('',#8967,(#8973,#8982),.PCURVE_S1.);
#8967 = B_SPLINE_CURVE_WITH_KNOTS('',4,(#8968,#8969,#8970,#8971,#8972),
  .UNSPECIFIED.,.F.,.F.,(5,5),(0.,1.),.PIECEWISE_BEZIER_KNOTS.);
#8968 = CARTESIAN_POINT('',(-11.13747269041,-6.103007624955,22.4000006)
  );
#8969 = CARTESIAN_POINT('',(-11.13747269041,-6.103007624955,16.8000003)
  );
#8970 = CARTESIAN_POINT('',(-11.13747269041,-6.103007624955,11.2));
#8971 = CARTESIAN_POINT('',(-11.13747269041,-6.103007624955,5.5999997));
#8972 = CARTESIAN_POINT('',(-11.13747269041,-6.103007624955,-6.E-07));
#8973 = PCURVE('',#3552,#8974);
#8974 = DEFINITIONAL_REPRESENTATION('',(#8975),#8981);
#8975 = B_SPLINE_CURVE_WITH_KNOTS('',4,(#8976,#8977,#8978,#8979,#8980),
  .UNSPECIFIED.,.F.,.F.,(5,5),(0.,1.),.PIECEWISE_BEZIER_KNOTS.);
#8976 = CARTESIAN_POINT('',(47.927018056643,-22.4000006));
#8977 = CARTESIAN_POINT('',(47.927018056643,-16.8000003));
#8978 = CARTESIAN_POINT('',(47.927018056643,-11.2));
#8979 = CARTESIAN_POINT('',(47.927018056643,-5.5999997));
#8980 = CARTESIAN_POINT('',(47.927018056643,5.999999999062E-07));
#8981 = ( GEOMETRIC_REPRESENTATION_CONTEXT(2) 
PARAMETRIC_REPRESENTATION_CONTEXT() REPRESENTATION_CONTEXT('2D SPACE',''
  ) );
#8982 = PCURVE('',#3430,#8983);
#8983 = DEFINITIONAL_REPRESENTATION('',(#8984),#8990);
#8984 = B_SPLINE_CURVE_WITH_KNOTS('',4,(#8985,#8986,#8987,#8988,#8989),
  .UNSPECIFIED.,.F.,.F.,(5,5),(0.,1.),.PIECEWISE_BEZIER_KNOTS.);
#8985 = CARTESIAN_POINT('',(-3.642876451065,-22.4000006));
#8986 = CARTESIAN_POINT('',(-3.642876451065,-16.8000003));
#8987 = CARTESIAN_POINT('',(-3.642876451065,-11.2));
#8988 = CARTESIAN_POINT('',(-3.642876451065,-5.5999997));
#8989 = CARTESIAN_POINT('',(-3.642876451065,5.999999999062E-07));
#8990 = ( GEOMETRIC_REPRESENTATION_CONTEXT(2) 
PARAMETRIC_REPRESENTATION_CONTEXT() REPRESENTATION_CONTEXT('2D SPACE',''
  ) );
#8991 = ADVANCED_FACE('',(#8992),#3430,.T.);
#8992 = FACE_BOUND('',#8993,.F.);
#8993 = EDGE_LOOP('',(#8994,#8995,#9051,#9073));
#8994 = ORIENTED_EDGE('',*,*,#3413,.F.);
#8995 = ORIENTED_EDGE('',*,*,#8996,.F.);
#8996 = EDGE_CURVE('',#8997,#3225,#8999,.T.);
#8997 = VERTEX_POINT('',#8998);
#8998 = CARTESIAN_POINT('',(-12.5303068936,-2.069156628226,22.4));
#8999 = SURFACE_CURVE('',#9000,(#9015,#9033),.PCURVE_S1.);
#9000 = B_SPLINE_CURVE_WITH_KNOTS('',4,(#9001,#9002,#9003,#9004,#9005,
    #9006,#9007,#9008,#9009,#9010,#9011,#9012,#9013,#9014),
  .UNSPECIFIED.,.F.,.F.,(5,3,3,3,5),(0.,0.25,0.5,0.75,1.),
  .UNSPECIFIED.);
#9001 = CARTESIAN_POINT('',(-12.5303068936,-2.069156628226,22.4000006));
#9002 = CARTESIAN_POINT('',(-12.5303068936,-2.069156628226,21.000000525)
  );
#9003 = CARTESIAN_POINT('',(-12.5303068936,-2.069156628226,19.60000045)
  );
#9004 = CARTESIAN_POINT('',(-12.5303068936,-2.069156628226,18.200000375)
  );
#9005 = CARTESIAN_POINT('',(-12.5303068936,-2.069156628226,15.400000225)
  );
#9006 = CARTESIAN_POINT('',(-12.5303068936,-2.069156628226,14.00000015)
  );
#9007 = CARTESIAN_POINT('',(-12.5303068936,-2.069156628226,12.600000075)
  );
#9008 = CARTESIAN_POINT('',(-12.5303068936,-2.069156628226,9.799999925)
  );
#9009 = CARTESIAN_POINT('',(-12.5303068936,-2.069156628226,8.39999985));
#9010 = CARTESIAN_POINT('',(-12.5303068936,-2.069156628226,6.999999775)
  );
#9011 = CARTESIAN_POINT('',(-12.5303068936,-2.069156628226,4.199999625)
  );
#9012 = CARTESIAN_POINT('',(-12.5303068936,-2.069156628226,2.79999955));
#9013 = CARTESIAN_POINT('',(-12.5303068936,-2.069156628226,1.399999475)
  );
#9014 = CARTESIAN_POINT('',(-12.5303068936,-2.069156628226,-6.E-07));
#9015 = PCURVE('',#3430,#9016);
#9016 = DEFINITIONAL_REPRESENTATION('',(#9017),#9032);
#9017 = B_SPLINE_CURVE_WITH_KNOTS('',4,(#9018,#9019,#9020,#9021,#9022,
    #9023,#9024,#9025,#9026,#9027,#9028,#9029,#9030,#9031),
  .UNSPECIFIED.,.F.,.F.,(5,3,3,3,5),(0.,0.25,0.5,0.75,1.),
  .UNSPECIFIED.);
#9018 = CARTESIAN_POINT('',(-3.305247925851,-22.4000006));
#9019 = CARTESIAN_POINT('',(-3.305247925851,-21.000000525));
#9020 = CARTESIAN_POINT('',(-3.305247925851,-19.60000045));
#9021 = CARTESIAN_POINT('',(-3.305247925851,-18.200000375));
#9022 = CARTESIAN_POINT('',(-3.305247925851,-15.400000225));
#9023 = CARTESIAN_POINT('',(-3.305247925851,-14.00000015));
#9024 = CARTESIAN_POINT('',(-3.305247925851,-12.600000075));
#9025 = CARTESIAN_POINT('',(-3.305247925851,-9.799999925));
#9026 = CARTESIAN_POINT('',(-3.305247925851,-8.39999985));
#9027 = CARTESIAN_POINT('',(-3.305247925851,-6.999999775));
#9028 = CARTESIAN_POINT('',(-3.305247925851,-4.199999625));
#9029 = CARTESIAN_POINT('',(-3.305247925851,-2.79999955));
#9030 = CARTESIAN_POINT('',(-3.305247925851,-1.399999475));
#9031 = CARTESIAN_POINT('',(-3.305247925851,5.999999999062E-07));
#9032 = ( GEOMETRIC_REPRESENTATION_CONTEXT(2) 
PARAMETRIC_REPRESENTATION_CONTEXT() REPRESENTATION_CONTEXT('2D SPACE',''
  ) );
#9033 = PCURVE('',#3346,#9034);
#9034 = DEFINITIONAL_REPRESENTATION('',(#9035),#9050);
#9035 = B_SPLINE_CURVE_WITH_KNOTS('',4,(#9036,#9037,#9038,#9039,#9040,
    #9041,#9042,#9043,#9044,#9045,#9046,#9047,#9048,#9049),
  .UNSPECIFIED.,.F.,.F.,(5,3,3,3,5),(0.,0.25,0.5,0.75,1.),
  .UNSPECIFIED.);
#9036 = CARTESIAN_POINT('',(2.479811260551,-22.4000006));
#9037 = CARTESIAN_POINT('',(2.479811260551,-21.000000525));
#9038 = CARTESIAN_POINT('',(2.479811260551,-19.60000045));
#9039 = CARTESIAN_POINT('',(2.479811260551,-18.200000375));
#9040 = CARTESIAN_POINT('',(2.479811260551,-15.400000225));
#9041 = CARTESIAN_POINT('',(2.479811260551,-14.00000015));
#9042 = CARTESIAN_POINT('',(2.479811260551,-12.600000075));
#9043 = CARTESIAN_POINT('',(2.479811260551,-9.799999925));
#9044 = CARTESIAN_POINT('',(2.479811260551,-8.39999985));
#9045 = CARTESIAN_POINT('',(2.479811260551,-6.999999775));
#9046 = CARTESIAN_POINT('',(2.479811260551,-4.199999625));
#9047 = CARTESIAN_POINT('',(2.479811260551,-2.79999955));
#9048 = CARTESIAN_POINT('',(2.479811260551,-1.399999475));
#9049 = CARTESIAN_POINT('',(2.479811260551,5.999999999062E-07));
#9050 = ( GEOMETRIC_REPRESENTATION_CONTEXT(2) 
PARAMETRIC_REPRESENTATION_CONTEXT() REPRESENTATION_CONTEXT('2D SPACE',''
  ) );
#9051 = ORIENTED_EDGE('',*,*,#9052,.T.);
#9052 = EDGE_CURVE('',#8997,#8849,#9053,.T.);
#9053 = SURFACE_CURVE('',#9054,(#9059,#9066),.PCURVE_S1.);
#9054 = CIRCLE('',#9055,12.7);
#9055 = AXIS2_PLACEMENT_3D('',#9056,#9057,#9058);
#9056 = CARTESIAN_POINT('',(0.,0.,22.4));
#9057 = DIRECTION('',(0.,0.,1.));
#9058 = DIRECTION('',(1.,0.,0.));
#9059 = PCURVE('',#3430,#9060);
#9060 = DEFINITIONAL_REPRESENTATION('',(#9061),#9065);
#9061 = LINE('',#9062,#9063);
#9062 = CARTESIAN_POINT('',(-0.,-22.4));
#9063 = VECTOR('',#9064,1.);
#9064 = DIRECTION('',(-1.,0.));
#9065 = ( GEOMETRIC_REPRESENTATION_CONTEXT(2) 
PARAMETRIC_REPRESENTATION_CONTEXT() REPRESENTATION_CONTEXT('2D SPACE',''
  ) );
#9066 = PCURVE('',#5472,#9067);
#9067 = DEFINITIONAL_REPRESENTATION('',(#9068),#9072);
#9068 = CIRCLE('',#9069,12.7);
#9069 = AXIS2_PLACEMENT_2D('',#9070,#9071);
#9070 = CARTESIAN_POINT('',(3.500646739301E-15,2.041077998579E-15));
#9071 = DIRECTION('',(1.,0.));
#9072 = ( GEOMETRIC_REPRESENTATION_CONTEXT(2) 
PARAMETRIC_REPRESENTATION_CONTEXT() REPRESENTATION_CONTEXT('2D SPACE',''
  ) );
#9073 = ORIENTED_EDGE('',*,*,#8965,.T.);
#9074 = ADVANCED_FACE('',(#9075),#3346,.T.);
#9075 = FACE_BOUND('',#9076,.T.);
#9076 = EDGE_LOOP('',(#9077,#9078,#9079,#9206));
#9077 = ORIENTED_EDGE('',*,*,#3224,.F.);
#9078 = ORIENTED_EDGE('',*,*,#8996,.F.);
#9079 = ORIENTED_EDGE('',*,*,#9080,.T.);
#9080 = EDGE_CURVE('',#8997,#6130,#9081,.T.);
#9081 = SURFACE_CURVE('',#9082,(#9139,#9146),.PCURVE_S1.);
#9082 = B_SPLINE_CURVE_WITH_KNOTS('',3,(#9083,#9084,#9085,#9086,#9087,
    #9088,#9089,#9090,#9091,#9092,#9093,#9094,#9095,#9096,#9097,#9098,
    #9099,#9100,#9101,#9102,#9103,#9104,#9105,#9106,#9107,#9108,#9109,
    #9110,#9111,#9112,#9113,#9114,#9115,#9116,#9117,#9118,#9119,#9120,
    #9121,#9122,#9123,#9124,#9125,#9126,#9127,#9128,#9129,#9130,#9131,
    #9132,#9133,#9134,#9135,#9136,#9137,#9138),.UNSPECIFIED.,.F.,.F.,(4,
    1,1,1,1,1,1,1,1,1,1,1,1,1,1,1,1,1,1,1,1,1,1,1,1,1,1,1,1,1,1,1,1,1,1,
    1,1,1,1,1,1,1,1,1,1,1,1,3,3,4),(0.,2.252840378147,3.947251251067,
    5.556769293497,6.973069313182,8.438034201878,9.836527608945,
    11.173881028628,12.358378394578,13.591674823614,14.777241775145,
    15.919070127373,16.937511191725,18.005608061592,19.040905950925,
    20.046909447572,20.952226144232,21.910527049393,22.848343890734,
    23.768545277515,24.604779330967,25.498993387072,26.383732766176,
    27.261734369083,28.068590979197,28.941306811933,29.815275751476,
    30.69326112534,31.509705745874,32.403313623746,33.30925058782,
    34.230483702873,35.097084585268,36.056205964867,37.039089037922,
    38.048588577934,39.007142758039,40.077976938895,41.186386250524,
    42.336589601129,43.439334281668,44.68291297016,45.982505886097,
    47.343769408886,48.660381123787,50.157957971193,51.73669345799,
    51.75772326206,53.205564838504,53.402350377676),.UNSPECIFIED.);
#9083 = CARTESIAN_POINT('',(-10.77077634969,-0.337011246639,22.4));
#9084 = CARTESIAN_POINT('',(-11.33425650874,-0.868368079761,22.4));
#9085 = CARTESIAN_POINT('',(-12.481520456,-1.594695028954,22.4));
#9086 = CARTESIAN_POINT('',(-13.08522998536,-3.417371363885,22.4));
#9087 = CARTESIAN_POINT('',(-13.89157988815,-4.760909926385,22.4));
#9088 = CARTESIAN_POINT('',(-14.67197056934,-6.040553117913,22.4));
#9089 = CARTESIAN_POINT('',(-15.49050173669,-7.209641509072,22.4));
#9090 = CARTESIAN_POINT('',(-16.35136094025,-8.314872257293,22.4));
#9091 = CARTESIAN_POINT('',(-17.2099923665,-9.300848826366,22.4));
#9092 = CARTESIAN_POINT('',(-18.07993614757,-10.20152888529,22.4));
#9093 = CARTESIAN_POINT('',(-18.95822327014,-11.0217058002,22.4));
#9094 = CARTESIAN_POINT('',(-19.86805889134,-11.78479089379,22.4));
#9095 = CARTESIAN_POINT('',(-20.76020025805,-12.45486635686,22.4));
#9096 = CARTESIAN_POINT('',(-21.65201140263,-13.05808025267,22.4));
#9097 = CARTESIAN_POINT('',(-22.54603400743,-13.59122639969,22.4));
#9098 = CARTESIAN_POINT('',(-23.45120232947,-14.09676942069,22.4));
#9099 = CARTESIAN_POINT('',(-24.33608127323,-14.52438821135,22.4));
#9100 = CARTESIAN_POINT('',(-25.21697408361,-14.89803279155,22.4));
#9101 = CARTESIAN_POINT('',(-26.09453961965,-15.21855179807,22.4));
#9102 = CARTESIAN_POINT('',(-26.99242811084,-15.4940261067,22.4));
#9103 = CARTESIAN_POINT('',(-27.86409819599,-15.71199067557,22.4));
#9104 = CARTESIAN_POINT('',(-28.73133866953,-15.88272250094,22.4));
#9105 = CARTESIAN_POINT('',(-29.59448339479,-16.00766076692,22.4));
#9106 = CARTESIAN_POINT('',(-30.47687386385,-16.08819916452,22.4));
#9107 = CARTESIAN_POINT('',(-31.33318465992,-16.12097021877,22.4));
#9108 = CARTESIAN_POINT('',(-32.18596960929,-16.11028856422,22.4));
#9109 = CARTESIAN_POINT('',(-33.03584711152,-16.05640934548,22.4));
#9110 = CARTESIAN_POINT('',(-33.90524236288,-15.95496857893,22.4));
#9111 = CARTESIAN_POINT('',(-34.74957762033,-15.81089684678,22.4));
#9112 = CARTESIAN_POINT('',(-35.59182398718,-15.62272620154,22.4));
#9113 = CARTESIAN_POINT('',(-36.43247772945,-15.38948147815,22.4));
#9114 = CARTESIAN_POINT('',(-37.29275322658,-15.10105754498,22.4));
#9115 = CARTESIAN_POINT('',(-38.12822725838,-14.7708134366,22.4));
#9116 = CARTESIAN_POINT('',(-38.9618800611,-14.39147037899,22.4));
#9117 = CARTESIAN_POINT('',(-39.79359800151,-13.95973407716,22.4));
#9118 = CARTESIAN_POINT('',(-40.62609428351,-13.43397347907,22.4));
#9119 = CARTESIAN_POINT('',(-41.43377378894,-12.87202207064,22.4));
#9120 = CARTESIAN_POINT('',(-42.23357976818,-12.24964418284,22.4));
#9121 = CARTESIAN_POINT('',(-43.02576835982,-11.56598402366,22.4));
#9122 = CARTESIAN_POINT('',(-43.82633227571,-10.79652881887,22.4));
#9123 = CARTESIAN_POINT('',(-44.59185597836,-9.977843726103,22.4));
#9124 = CARTESIAN_POINT('',(-45.34355701022,-9.085743792799,22.4));
#9125 = CARTESIAN_POINT('',(-46.07736448137,-8.119510857322,22.4));
#9126 = CARTESIAN_POINT('',(-46.8112570567,-7.03098900828,22.4));
#9127 = CARTESIAN_POINT('',(-47.48115698306,-5.935287919124,22.4));
#9128 = CARTESIAN_POINT('',(-48.19229788785,-4.552393988828,22.4));
#9129 = CARTESIAN_POINT('',(-48.58219745347,-3.89107517787,22.4));
#9130 = CARTESIAN_POINT('',(-49.60020053364,-1.154996954994,22.4));
#9131 = CARTESIAN_POINT('',(-49.34075847899,-1.927696154043,22.4));
#9132 = CARTESIAN_POINT('',(-49.33722008755,-1.938209297319,22.4));
#9133 = CARTESIAN_POINT('',(-49.33722008799,-1.938209296072,22.4));
#9134 = CARTESIAN_POINT('',(-49.33722008843,-1.938209294826,22.4));
#9135 = CARTESIAN_POINT('',(-49.33722008887,-1.938209293579,22.4));
#9136 = CARTESIAN_POINT('',(-49.48582637197,-1.512378099413,22.4));
#9137 = CARTESIAN_POINT('',(-49.67032849957,-0.984162908972,22.4));
#9138 = CARTESIAN_POINT('',(-49.89712724141,-0.335416214167,22.4));
#9139 = PCURVE('',#3346,#9140);
#9140 = DEFINITIONAL_REPRESENTATION('',(#9141),#9145);
#9141 = LINE('',#9142,#9143);
#9142 = CARTESIAN_POINT('',(0.,-22.4));
#9143 = VECTOR('',#9144,1.);
#9144 = DIRECTION('',(1.,0.));
#9145 = ( GEOMETRIC_REPRESENTATION_CONTEXT(2) 
PARAMETRIC_REPRESENTATION_CONTEXT() REPRESENTATION_CONTEXT('2D SPACE',''
  ) );
#9146 = PCURVE('',#5472,#9147);
#9147 = DEFINITIONAL_REPRESENTATION('',(#9148),#9205);
#9148 = B_SPLINE_CURVE_WITH_KNOTS('',3,(#9149,#9150,#9151,#9152,#9153,
    #9154,#9155,#9156,#9157,#9158,#9159,#9160,#9161,#9162,#9163,#9164,
    #9165,#9166,#9167,#9168,#9169,#9170,#9171,#9172,#9173,#9174,#9175,
    #9176,#9177,#9178,#9179,#9180,#9181,#9182,#9183,#9184,#9185,#9186,
    #9187,#9188,#9189,#9190,#9191,#9192,#9193,#9194,#9195,#9196,#9197,
    #9198,#9199,#9200,#9201,#9202,#9203,#9204),.UNSPECIFIED.,.F.,.F.,(4,
    1,1,1,1,1,1,1,1,1,1,1,1,1,1,1,1,1,1,1,1,1,1,1,1,1,1,1,1,1,1,1,1,1,1,
    1,1,1,1,1,1,1,1,1,1,1,1,3,3,4),(0.,2.252840378147,3.947251251067,
    5.556769293497,6.973069313182,8.438034201878,9.836527608945,
    11.173881028628,12.358378394578,13.591674823614,14.777241775145,
    15.919070127373,16.937511191725,18.005608061592,19.040905950925,
    20.046909447572,20.952226144232,21.910527049393,22.848343890734,
    23.768545277515,24.604779330967,25.498993387072,26.383732766176,
    27.261734369083,28.068590979197,28.941306811933,29.815275751476,
    30.69326112534,31.509705745874,32.403313623746,33.30925058782,
    34.230483702873,35.097084585268,36.056205964867,37.039089037922,
    38.048588577934,39.007142758039,40.077976938895,41.186386250524,
    42.336589601129,43.439334281668,44.68291297016,45.982505886097,
    47.343769408886,48.660381123787,50.157957971193,51.73669345799,
    51.75772326206,53.205564838504,53.402350377676),.UNSPECIFIED.);
#9149 = CARTESIAN_POINT('',(-10.77077634969,-0.337011246639));
#9150 = CARTESIAN_POINT('',(-11.33425650874,-0.868368079761));
#9151 = CARTESIAN_POINT('',(-12.481520456,-1.594695028954));
#9152 = CARTESIAN_POINT('',(-13.08522998536,-3.417371363885));
#9153 = CARTESIAN_POINT('',(-13.89157988815,-4.760909926385));
#9154 = CARTESIAN_POINT('',(-14.67197056934,-6.040553117913));
#9155 = CARTESIAN_POINT('',(-15.49050173669,-7.209641509072));
#9156 = CARTESIAN_POINT('',(-16.35136094025,-8.314872257293));
#9157 = CARTESIAN_POINT('',(-17.2099923665,-9.300848826366));
#9158 = CARTESIAN_POINT('',(-18.07993614757,-10.20152888529));
#9159 = CARTESIAN_POINT('',(-18.95822327014,-11.0217058002));
#9160 = CARTESIAN_POINT('',(-19.86805889134,-11.78479089379));
#9161 = CARTESIAN_POINT('',(-20.76020025805,-12.45486635686));
#9162 = CARTESIAN_POINT('',(-21.65201140263,-13.05808025267));
#9163 = CARTESIAN_POINT('',(-22.54603400743,-13.59122639969));
#9164 = CARTESIAN_POINT('',(-23.45120232947,-14.09676942069));
#9165 = CARTESIAN_POINT('',(-24.33608127323,-14.52438821135));
#9166 = CARTESIAN_POINT('',(-25.21697408361,-14.89803279155));
#9167 = CARTESIAN_POINT('',(-26.09453961965,-15.21855179807));
#9168 = CARTESIAN_POINT('',(-26.99242811084,-15.4940261067));
#9169 = CARTESIAN_POINT('',(-27.86409819599,-15.71199067557));
#9170 = CARTESIAN_POINT('',(-28.73133866953,-15.88272250094));
#9171 = CARTESIAN_POINT('',(-29.59448339479,-16.00766076692));
#9172 = CARTESIAN_POINT('',(-30.47687386385,-16.08819916452));
#9173 = CARTESIAN_POINT('',(-31.33318465992,-16.12097021877));
#9174 = CARTESIAN_POINT('',(-32.18596960929,-16.11028856422));
#9175 = CARTESIAN_POINT('',(-33.03584711152,-16.05640934548));
#9176 = CARTESIAN_POINT('',(-33.90524236288,-15.95496857893));
#9177 = CARTESIAN_POINT('',(-34.74957762033,-15.81089684678));
#9178 = CARTESIAN_POINT('',(-35.59182398718,-15.62272620154));
#9179 = CARTESIAN_POINT('',(-36.43247772945,-15.38948147815));
#9180 = CARTESIAN_POINT('',(-37.29275322658,-15.10105754498));
#9181 = CARTESIAN_POINT('',(-38.12822725838,-14.7708134366));
#9182 = CARTESIAN_POINT('',(-38.9618800611,-14.39147037899));
#9183 = CARTESIAN_POINT('',(-39.79359800151,-13.95973407716));
#9184 = CARTESIAN_POINT('',(-40.62609428351,-13.43397347907));
#9185 = CARTESIAN_POINT('',(-41.43377378894,-12.87202207064));
#9186 = CARTESIAN_POINT('',(-42.23357976818,-12.24964418284));
#9187 = CARTESIAN_POINT('',(-43.02576835982,-11.56598402366));
#9188 = CARTESIAN_POINT('',(-43.82633227571,-10.79652881887));
#9189 = CARTESIAN_POINT('',(-44.59185597836,-9.977843726103));
#9190 = CARTESIAN_POINT('',(-45.34355701022,-9.085743792799));
#9191 = CARTESIAN_POINT('',(-46.07736448137,-8.119510857322));
#9192 = CARTESIAN_POINT('',(-46.8112570567,-7.03098900828));
#9193 = CARTESIAN_POINT('',(-47.48115698306,-5.935287919124));
#9194 = CARTESIAN_POINT('',(-48.19229788785,-4.552393988828));
#9195 = CARTESIAN_POINT('',(-48.58219745347,-3.89107517787));
#9196 = CARTESIAN_POINT('',(-49.60020053364,-1.154996954994));
#9197 = CARTESIAN_POINT('',(-49.34075847899,-1.927696154043));
#9198 = CARTESIAN_POINT('',(-49.33722008755,-1.938209297319));
#9199 = CARTESIAN_POINT('',(-49.33722008799,-1.938209296072));
#9200 = CARTESIAN_POINT('',(-49.33722008843,-1.938209294826));
#9201 = CARTESIAN_POINT('',(-49.33722008887,-1.938209293579));
#9202 = CARTESIAN_POINT('',(-49.48582637197,-1.512378099413));
#9203 = CARTESIAN_POINT('',(-49.67032849957,-0.984162908972));
#9204 = CARTESIAN_POINT('',(-49.89712724141,-0.335416214167));
#9205 = ( GEOMETRIC_REPRESENTATION_CONTEXT(2) 
PARAMETRIC_REPRESENTATION_CONTEXT() REPRESENTATION_CONTEXT('2D SPACE',''
  ) );
#9206 = ORIENTED_EDGE('',*,*,#6129,.T.);
#9207 = ADVANCED_FACE('',(#9208),#3179,.T.);
#9208 = FACE_BOUND('',#9209,.T.);
#9209 = EDGE_LOOP('',(#9210,#9211,#9212,#9235));
#9210 = ORIENTED_EDGE('',*,*,#3165,.F.);
#9211 = ORIENTED_EDGE('',*,*,#6085,.F.);
#9212 = ORIENTED_EDGE('',*,*,#9213,.T.);
#9213 = EDGE_CURVE('',#6062,#9214,#9216,.T.);
#9214 = VERTEX_POINT('',#9215);
#9215 = CARTESIAN_POINT('',(-47.90287275858,0.335416214168,22.4));
#9216 = SURFACE_CURVE('',#9217,(#9221,#9228),.PCURVE_S1.);
#9217 = LINE('',#9218,#9219);
#9218 = CARTESIAN_POINT('',(-49.89712724141,-0.335416214167,22.4));
#9219 = VECTOR('',#9220,1.);
#9220 = DIRECTION('',(0.947812703486,0.318827663653,0.));
#9221 = PCURVE('',#3179,#9222);
#9222 = DEFINITIONAL_REPRESENTATION('',(#9223),#9227);
#9223 = LINE('',#9224,#9225);
#9224 = CARTESIAN_POINT('',(0.,-22.4));
#9225 = VECTOR('',#9226,1.);
#9226 = DIRECTION('',(1.,0.));
#9227 = ( GEOMETRIC_REPRESENTATION_CONTEXT(2) 
PARAMETRIC_REPRESENTATION_CONTEXT() REPRESENTATION_CONTEXT('2D SPACE',''
  ) );
#9228 = PCURVE('',#5472,#9229);
#9229 = DEFINITIONAL_REPRESENTATION('',(#9230),#9234);
#9230 = LINE('',#9231,#9232);
#9231 = CARTESIAN_POINT('',(-49.89712724141,-0.335416214167));
#9232 = VECTOR('',#9233,1.);
#9233 = DIRECTION('',(0.947812703486,0.318827663653));
#9234 = ( GEOMETRIC_REPRESENTATION_CONTEXT(2) 
PARAMETRIC_REPRESENTATION_CONTEXT() REPRESENTATION_CONTEXT('2D SPACE',''
  ) );
#9235 = ORIENTED_EDGE('',*,*,#9236,.F.);
#9236 = EDGE_CURVE('',#2995,#9214,#9237,.T.);
#9237 = SURFACE_CURVE('',#9238,(#9242,#9249),.PCURVE_S1.);
#9238 = LINE('',#9239,#9240);
#9239 = CARTESIAN_POINT('',(-47.90287275858,0.335416214168,0.));
#9240 = VECTOR('',#9241,1.);
#9241 = DIRECTION('',(0.,0.,1.));
#9242 = PCURVE('',#3179,#9243);
#9243 = DEFINITIONAL_REPRESENTATION('',(#9244),#9248);
#9244 = LINE('',#9245,#9246);
#9245 = CARTESIAN_POINT('',(2.104059668631,0.));
#9246 = VECTOR('',#9247,1.);
#9247 = DIRECTION('',(0.,-1.));
#9248 = ( GEOMETRIC_REPRESENTATION_CONTEXT(2) 
PARAMETRIC_REPRESENTATION_CONTEXT() REPRESENTATION_CONTEXT('2D SPACE',''
  ) );
#9249 = PCURVE('',#3104,#9250);
#9250 = DEFINITIONAL_REPRESENTATION('',(#9251),#9255);
#9251 = LINE('',#9252,#9253);
#9252 = CARTESIAN_POINT('',(0.,0.));
#9253 = VECTOR('',#9254,1.);
#9254 = DIRECTION('',(0.,-1.));
#9255 = ( GEOMETRIC_REPRESENTATION_CONTEXT(2) 
PARAMETRIC_REPRESENTATION_CONTEXT() REPRESENTATION_CONTEXT('2D SPACE',''
  ) );
#9256 = ADVANCED_FACE('',(#9257),#3104,.T.);
#9257 = FACE_BOUND('',#9258,.T.);
#9258 = EDGE_LOOP('',(#9259,#9260,#9261,#9378));
#9259 = ORIENTED_EDGE('',*,*,#2994,.F.);
#9260 = ORIENTED_EDGE('',*,*,#9236,.T.);
#9261 = ORIENTED_EDGE('',*,*,#9262,.T.);
#9262 = EDGE_CURVE('',#9214,#9263,#9265,.T.);
#9263 = VERTEX_POINT('',#9264);
#9264 = CARTESIAN_POINT('',(-12.69683809633,0.283376702506,22.4));
#9265 = SURFACE_CURVE('',#9266,(#9317,#9324),.PCURVE_S1.);
#9266 = B_SPLINE_CURVE_WITH_KNOTS('',3,(#9267,#9268,#9269,#9270,#9271,
    #9272,#9273,#9274,#9275,#9276,#9277,#9278,#9279,#9280,#9281,#9282,
    #9283,#9284,#9285,#9286,#9287,#9288,#9289,#9290,#9291,#9292,#9293,
    #9294,#9295,#9296,#9297,#9298,#9299,#9300,#9301,#9302,#9303,#9304,
    #9305,#9306,#9307,#9308,#9309,#9310,#9311,#9312,#9313,#9314,#9315,
    #9316),.UNSPECIFIED.,.F.,.F.,(4,1,1,1,1,1,1,1,1,1,1,1,1,1,1,1,1,1,1,
    1,1,1,1,1,1,1,1,1,1,1,1,1,1,1,1,1,1,1,1,1,1,1,1,1,1,1,1,4),(0.,
    1.560399863547,3.026493159763,4.408519816062,5.616164948135,
    6.857176517943,8.034500324617,9.154049078322,10.140931914661,
    11.16430891518,12.14467057154,13.086344664582,13.924748692612,
    14.803128326675,15.653911875236,16.480955579096,17.226763352129,
    18.01856826362,18.796500931648,19.563479607115,20.264226339274,
    21.01815180319,21.769388657233,22.52071176954,23.216717634111,
    23.975961822176,24.743348723341,25.521634699363,26.252131546642,
    27.05917145937,27.885262969361,28.733262670931,29.538010575103,
    30.436403024908,31.365465694071,32.327889352555,33.24854348335,
    34.284117952136,35.363069228966,36.489379128657,37.574802555564,
    38.804527640271,40.095153684953,41.452119030183,42.768727723412,
    44.27040892768,45.857339500188,47.985194622019),.UNSPECIFIED.);
#9267 = CARTESIAN_POINT('',(-47.90287275858,0.335416214168,22.4));
#9268 = CARTESIAN_POINT('',(-47.72152678048,-0.145739777095,22.4));
#9269 = CARTESIAN_POINT('',(-47.3810582187,-1.104944648769,22.4));
#9270 = CARTESIAN_POINT('',(-46.78705030413,-2.446738780639,22.4));
#9271 = CARTESIAN_POINT('',(-46.18286657993,-3.65750232001,22.4));
#9272 = CARTESIAN_POINT('',(-45.55324577906,-4.7688132512,22.4));
#9273 = CARTESIAN_POINT('',(-44.90472346321,-5.789469971861,22.4));
#9274 = CARTESIAN_POINT('',(-44.21964461326,-6.750044636727,22.4));
#9275 = CARTESIAN_POINT('',(-43.53702475504,-7.606383702515,22.4));
#9276 = CARTESIAN_POINT('',(-42.84524925174,-8.387865955494,22.4));
#9277 = CARTESIAN_POINT('',(-42.14669963335,-9.099735072949,22.4));
#9278 = CARTESIAN_POINT('',(-41.42219270825,-9.762999144593,22.4));
#9279 = CARTESIAN_POINT('',(-40.71104574919,-10.3476423876,22.4));
#9280 = CARTESIAN_POINT('',(-39.9979511642,-10.87420006205,22.4));
#9281 = CARTESIAN_POINT('',(-39.28518593247,-11.34897638416,22.4));
#9282 = CARTESIAN_POINT('',(-38.54746837938,-11.77583270528,22.4));
#9283 = CARTESIAN_POINT('',(-37.84149197764,-12.16884070994,22.4));
#9284 = CARTESIAN_POINT('',(-37.13418670505,-12.51751915306,22.4));
#9285 = CARTESIAN_POINT('',(-36.42504114747,-12.82314531985,22.4));
#9286 = CARTESIAN_POINT('',(-35.69412487506,-13.09336640064,22.4));
#9287 = CARTESIAN_POINT('',(-34.97893986311,-13.31556519777,22.4));
#9288 = CARTESIAN_POINT('',(-34.26120777737,-13.4991332176,22.4));
#9289 = CARTESIAN_POINT('',(-33.54015942124,-13.64498396918,22.4));
#9290 = CARTESIAN_POINT('',(-32.79573619126,-13.7549986859,22.4));
#9291 = CARTESIAN_POINT('',(-32.06576163248,-13.8237230607,22.4));
#9292 = CARTESIAN_POINT('',(-31.33063744047,-13.85540909812,22.4));
#9293 = CARTESIAN_POINT('',(-30.58942999473,-13.84968959416,22.4));
#9294 = CARTESIAN_POINT('',(-29.82217752709,-13.80321560863,22.4));
#9295 = CARTESIAN_POINT('',(-29.06795860474,-13.71744059487,22.4));
#9296 = CARTESIAN_POINT('',(-28.30606828333,-13.59145738985,22.4));
#9297 = CARTESIAN_POINT('',(-27.5358968277,-13.42362878713,22.4));
#9298 = CARTESIAN_POINT('',(-26.73782281142,-13.20519329061,22.4));
#9299 = CARTESIAN_POINT('',(-25.95311449652,-12.94522431328,22.4));
#9300 = CARTESIAN_POINT('',(-25.15993359338,-12.63758167801,22.4));
#9301 = CARTESIAN_POINT('',(-24.35945306813,-12.27764215746,22.4));
#9302 = CARTESIAN_POINT('',(-23.52893058708,-11.85768928396,22.4));
#9303 = CARTESIAN_POINT('',(-22.72824722028,-11.36884028459,22.4));
#9304 = CARTESIAN_POINT('',(-21.92078115204,-10.82574228383,22.4));
#9305 = CARTESIAN_POINT('',(-21.111868439,-10.21716812616,22.4));
#9306 = CARTESIAN_POINT('',(-20.28368648774,-9.522789275278,22.4));
#9307 = CARTESIAN_POINT('',(-19.48168164264,-8.77369521168,22.4));
#9308 = CARTESIAN_POINT('',(-18.68441403777,-7.948214253156,22.4));
#9309 = CARTESIAN_POINT('',(-17.89481181025,-7.041406886402,22.4));
#9310 = CARTESIAN_POINT('',(-17.09994413958,-6.020854635498,22.4));
#9311 = CARTESIAN_POINT('',(-16.34318627456,-4.939478705887,22.4));
#9312 = CARTESIAN_POINT('',(-15.61245975654,-3.743761538072,22.4));
#9313 = CARTESIAN_POINT('',(-14.88235371954,-2.51551802004,22.4));
#9314 = CARTESIAN_POINT('',(-14.21528706017,-0.688458099837,22.4));
#9315 = CARTESIAN_POINT('',(-13.45457178035,-0.379251758756,22.4));
#9316 = CARTESIAN_POINT('',(-12.63007766603,0.341274439722,22.4));
#9317 = PCURVE('',#3104,#9318);
#9318 = DEFINITIONAL_REPRESENTATION('',(#9319),#9323);
#9319 = LINE('',#9320,#9321);
#9320 = CARTESIAN_POINT('',(0.,-22.4));
#9321 = VECTOR('',#9322,1.);
#9322 = DIRECTION('',(1.,0.));
#9323 = ( GEOMETRIC_REPRESENTATION_CONTEXT(2) 
PARAMETRIC_REPRESENTATION_CONTEXT() REPRESENTATION_CONTEXT('2D SPACE',''
  ) );
#9324 = PCURVE('',#5472,#9325);
#9325 = DEFINITIONAL_REPRESENTATION('',(#9326),#9377);
#9326 = B_SPLINE_CURVE_WITH_KNOTS('',3,(#9327,#9328,#9329,#9330,#9331,
    #9332,#9333,#9334,#9335,#9336,#9337,#9338,#9339,#9340,#9341,#9342,
    #9343,#9344,#9345,#9346,#9347,#9348,#9349,#9350,#9351,#9352,#9353,
    #9354,#9355,#9356,#9357,#9358,#9359,#9360,#9361,#9362,#9363,#9364,
    #9365,#9366,#9367,#9368,#9369,#9370,#9371,#9372,#9373,#9374,#9375,
    #9376),.UNSPECIFIED.,.F.,.F.,(4,1,1,1,1,1,1,1,1,1,1,1,1,1,1,1,1,1,1,
    1,1,1,1,1,1,1,1,1,1,1,1,1,1,1,1,1,1,1,1,1,1,1,1,1,1,1,1,4),(0.,
    1.560399863547,3.026493159763,4.408519816062,5.616164948135,
    6.857176517943,8.034500324617,9.154049078322,10.140931914661,
    11.16430891518,12.14467057154,13.086344664582,13.924748692612,
    14.803128326675,15.653911875236,16.480955579096,17.226763352129,
    18.01856826362,18.796500931648,19.563479607115,20.264226339274,
    21.01815180319,21.769388657233,22.52071176954,23.216717634111,
    23.975961822176,24.743348723341,25.521634699363,26.252131546642,
    27.05917145937,27.885262969361,28.733262670931,29.538010575103,
    30.436403024908,31.365465694071,32.327889352555,33.24854348335,
    34.284117952136,35.363069228966,36.489379128657,37.574802555564,
    38.804527640271,40.095153684953,41.452119030183,42.768727723412,
    44.27040892768,45.857339500188,47.985194622019),.UNSPECIFIED.);
#9327 = CARTESIAN_POINT('',(-47.90287275858,0.335416214168));
#9328 = CARTESIAN_POINT('',(-47.72152678048,-0.145739777095));
#9329 = CARTESIAN_POINT('',(-47.3810582187,-1.104944648769));
#9330 = CARTESIAN_POINT('',(-46.78705030413,-2.446738780639));
#9331 = CARTESIAN_POINT('',(-46.18286657993,-3.65750232001));
#9332 = CARTESIAN_POINT('',(-45.55324577906,-4.7688132512));
#9333 = CARTESIAN_POINT('',(-44.90472346321,-5.789469971861));
#9334 = CARTESIAN_POINT('',(-44.21964461326,-6.750044636727));
#9335 = CARTESIAN_POINT('',(-43.53702475504,-7.606383702515));
#9336 = CARTESIAN_POINT('',(-42.84524925174,-8.387865955494));
#9337 = CARTESIAN_POINT('',(-42.14669963335,-9.099735072949));
#9338 = CARTESIAN_POINT('',(-41.42219270825,-9.762999144593));
#9339 = CARTESIAN_POINT('',(-40.71104574919,-10.3476423876));
#9340 = CARTESIAN_POINT('',(-39.9979511642,-10.87420006205));
#9341 = CARTESIAN_POINT('',(-39.28518593247,-11.34897638416));
#9342 = CARTESIAN_POINT('',(-38.54746837938,-11.77583270528));
#9343 = CARTESIAN_POINT('',(-37.84149197764,-12.16884070994));
#9344 = CARTESIAN_POINT('',(-37.13418670505,-12.51751915306));
#9345 = CARTESIAN_POINT('',(-36.42504114747,-12.82314531985));
#9346 = CARTESIAN_POINT('',(-35.69412487506,-13.09336640064));
#9347 = CARTESIAN_POINT('',(-34.97893986311,-13.31556519777));
#9348 = CARTESIAN_POINT('',(-34.26120777737,-13.4991332176));
#9349 = CARTESIAN_POINT('',(-33.54015942124,-13.64498396918));
#9350 = CARTESIAN_POINT('',(-32.79573619126,-13.7549986859));
#9351 = CARTESIAN_POINT('',(-32.06576163248,-13.8237230607));
#9352 = CARTESIAN_POINT('',(-31.33063744047,-13.85540909812));
#9353 = CARTESIAN_POINT('',(-30.58942999473,-13.84968959416));
#9354 = CARTESIAN_POINT('',(-29.82217752709,-13.80321560863));
#9355 = CARTESIAN_POINT('',(-29.06795860474,-13.71744059487));
#9356 = CARTESIAN_POINT('',(-28.30606828333,-13.59145738985));
#9357 = CARTESIAN_POINT('',(-27.5358968277,-13.42362878713));
#9358 = CARTESIAN_POINT('',(-26.73782281142,-13.20519329061));
#9359 = CARTESIAN_POINT('',(-25.95311449652,-12.94522431328));
#9360 = CARTESIAN_POINT('',(-25.15993359338,-12.63758167801));
#9361 = CARTESIAN_POINT('',(-24.35945306813,-12.27764215746));
#9362 = CARTESIAN_POINT('',(-23.52893058708,-11.85768928396));
#9363 = CARTESIAN_POINT('',(-22.72824722028,-11.36884028459));
#9364 = CARTESIAN_POINT('',(-21.92078115204,-10.82574228383));
#9365 = CARTESIAN_POINT('',(-21.111868439,-10.21716812616));
#9366 = CARTESIAN_POINT('',(-20.28368648774,-9.522789275278));
#9367 = CARTESIAN_POINT('',(-19.48168164264,-8.77369521168));
#9368 = CARTESIAN_POINT('',(-18.68441403777,-7.948214253156));
#9369 = CARTESIAN_POINT('',(-17.89481181025,-7.041406886402));
#9370 = CARTESIAN_POINT('',(-17.09994413958,-6.020854635498));
#9371 = CARTESIAN_POINT('',(-16.34318627456,-4.939478705887));
#9372 = CARTESIAN_POINT('',(-15.61245975654,-3.743761538072));
#9373 = CARTESIAN_POINT('',(-14.88235371954,-2.51551802004));
#9374 = CARTESIAN_POINT('',(-14.21528706017,-0.688458099837));
#9375 = CARTESIAN_POINT('',(-13.45457178035,-0.379251758756));
#9376 = CARTESIAN_POINT('',(-12.63007766603,0.341274439722));
#9377 = ( GEOMETRIC_REPRESENTATION_CONTEXT(2) 
PARAMETRIC_REPRESENTATION_CONTEXT() REPRESENTATION_CONTEXT('2D SPACE',''
  ) );
#9378 = ORIENTED_EDGE('',*,*,#9379,.T.);
#9379 = EDGE_CURVE('',#9263,#2966,#9380,.T.);
#9380 = SURFACE_CURVE('',#9381,(#9387,#9396),.PCURVE_S1.);
#9381 = B_SPLINE_CURVE_WITH_KNOTS('',4,(#9382,#9383,#9384,#9385,#9386),
  .UNSPECIFIED.,.F.,.F.,(5,5),(0.,1.),.PIECEWISE_BEZIER_KNOTS.);
#9382 = CARTESIAN_POINT('',(-12.69683809633,0.283376702506,22.4000006));
#9383 = CARTESIAN_POINT('',(-12.69683809633,0.283376702506,16.8000003));
#9384 = CARTESIAN_POINT('',(-12.69683809633,0.283376702506,11.2));
#9385 = CARTESIAN_POINT('',(-12.69683809633,0.283376702506,5.5999997));
#9386 = CARTESIAN_POINT('',(-12.69683809633,0.283376702506,-6.E-07));
#9387 = PCURVE('',#3104,#9388);
#9388 = DEFINITIONAL_REPRESENTATION('',(#9389),#9395);
#9389 = B_SPLINE_CURVE_WITH_KNOTS('',4,(#9390,#9391,#9392,#9393,#9394),
  .UNSPECIFIED.,.F.,.F.,(5,5),(0.,1.),.PIECEWISE_BEZIER_KNOTS.);
#9390 = CARTESIAN_POINT('',(47.927018056643,-22.4000006));
#9391 = CARTESIAN_POINT('',(47.927018056643,-16.8000003));
#9392 = CARTESIAN_POINT('',(47.927018056643,-11.2));
#9393 = CARTESIAN_POINT('',(47.927018056643,-5.5999997));
#9394 = CARTESIAN_POINT('',(47.927018056643,5.999999999062E-07));
#9395 = ( GEOMETRIC_REPRESENTATION_CONTEXT(2) 
PARAMETRIC_REPRESENTATION_CONTEXT() REPRESENTATION_CONTEXT('2D SPACE',''
  ) );
#9396 = PCURVE('',#2982,#9397);
#9397 = DEFINITIONAL_REPRESENTATION('',(#9398),#9404);
#9398 = B_SPLINE_CURVE_WITH_KNOTS('',4,(#9399,#9400,#9401,#9402,#9403),
  .UNSPECIFIED.,.F.,.F.,(5,5),(0.,1.),.PIECEWISE_BEZIER_KNOTS.);
#9399 = CARTESIAN_POINT('',(-3.119277675466,-22.4000006));
#9400 = CARTESIAN_POINT('',(-3.119277675466,-16.8000003));
#9401 = CARTESIAN_POINT('',(-3.119277675466,-11.2));
#9402 = CARTESIAN_POINT('',(-3.119277675466,-5.5999997));
#9403 = CARTESIAN_POINT('',(-3.119277675466,5.999999999062E-07));
#9404 = ( GEOMETRIC_REPRESENTATION_CONTEXT(2) 
PARAMETRIC_REPRESENTATION_CONTEXT() REPRESENTATION_CONTEXT('2D SPACE',''
  ) );
#9405 = ADVANCED_FACE('',(#9406),#2982,.T.);
#9406 = FACE_BOUND('',#9407,.F.);
#9407 = EDGE_LOOP('',(#9408,#9409,#9465,#9487));
#9408 = ORIENTED_EDGE('',*,*,#2965,.F.);
#9409 = ORIENTED_EDGE('',*,*,#9410,.F.);
#9410 = EDGE_CURVE('',#9411,#2777,#9413,.T.);
#9411 = VERTEX_POINT('',#9412);
#9412 = CARTESIAN_POINT('',(-11.88614240118,4.473211242349,22.4));
#9413 = SURFACE_CURVE('',#9414,(#9429,#9447),.PCURVE_S1.);
#9414 = B_SPLINE_CURVE_WITH_KNOTS('',4,(#9415,#9416,#9417,#9418,#9419,
    #9420,#9421,#9422,#9423,#9424,#9425,#9426,#9427,#9428),
  .UNSPECIFIED.,.F.,.F.,(5,3,3,3,5),(0.,0.25,0.5,0.75,1.),
  .UNSPECIFIED.);
#9415 = CARTESIAN_POINT('',(-11.88614240118,4.473211242349,22.4000006));
#9416 = CARTESIAN_POINT('',(-11.88614240118,4.473211242349,21.000000525)
  );
#9417 = CARTESIAN_POINT('',(-11.88614240118,4.473211242349,19.60000045)
  );
#9418 = CARTESIAN_POINT('',(-11.88614240118,4.473211242349,18.200000375)
  );
#9419 = CARTESIAN_POINT('',(-11.88614240118,4.473211242349,15.400000225)
  );
#9420 = CARTESIAN_POINT('',(-11.88614240118,4.473211242349,14.00000015)
  );
#9421 = CARTESIAN_POINT('',(-11.88614240118,4.473211242349,12.600000075)
  );
#9422 = CARTESIAN_POINT('',(-11.88614240118,4.473211242349,9.799999925)
  );
#9423 = CARTESIAN_POINT('',(-11.88614240118,4.473211242349,8.39999985));
#9424 = CARTESIAN_POINT('',(-11.88614240118,4.473211242349,6.999999775)
  );
#9425 = CARTESIAN_POINT('',(-11.88614240118,4.473211242349,4.199999625)
  );
#9426 = CARTESIAN_POINT('',(-11.88614240118,4.473211242349,2.79999955));
#9427 = CARTESIAN_POINT('',(-11.88614240118,4.473211242349,1.399999475)
  );
#9428 = CARTESIAN_POINT('',(-11.88614240118,4.473211242349,-6.E-07));
#9429 = PCURVE('',#2982,#9430);
#9430 = DEFINITIONAL_REPRESENTATION('',(#9431),#9446);
#9431 = B_SPLINE_CURVE_WITH_KNOTS('',4,(#9432,#9433,#9434,#9435,#9436,
    #9437,#9438,#9439,#9440,#9441,#9442,#9443,#9444,#9445),
  .UNSPECIFIED.,.F.,.F.,(5,3,3,3,5),(0.,0.25,0.5,0.75,1.),
  .UNSPECIFIED.);
#9432 = CARTESIAN_POINT('',(-2.781649150253,-22.4000006));
#9433 = CARTESIAN_POINT('',(-2.781649150253,-21.000000525));
#9434 = CARTESIAN_POINT('',(-2.781649150253,-19.60000045));
#9435 = CARTESIAN_POINT('',(-2.781649150253,-18.200000375));
#9436 = CARTESIAN_POINT('',(-2.781649150253,-15.400000225));
#9437 = CARTESIAN_POINT('',(-2.781649150253,-14.00000015));
#9438 = CARTESIAN_POINT('',(-2.781649150253,-12.600000075));
#9439 = CARTESIAN_POINT('',(-2.781649150253,-9.799999925));
#9440 = CARTESIAN_POINT('',(-2.781649150253,-8.39999985));
#9441 = CARTESIAN_POINT('',(-2.781649150253,-6.999999775));
#9442 = CARTESIAN_POINT('',(-2.781649150253,-4.199999625));
#9443 = CARTESIAN_POINT('',(-2.781649150253,-2.79999955));
#9444 = CARTESIAN_POINT('',(-2.781649150253,-1.399999475));
#9445 = CARTESIAN_POINT('',(-2.781649150253,5.999999999062E-07));
#9446 = ( GEOMETRIC_REPRESENTATION_CONTEXT(2) 
PARAMETRIC_REPRESENTATION_CONTEXT() REPRESENTATION_CONTEXT('2D SPACE',''
  ) );
#9447 = PCURVE('',#2898,#9448);
#9448 = DEFINITIONAL_REPRESENTATION('',(#9449),#9464);
#9449 = B_SPLINE_CURVE_WITH_KNOTS('',4,(#9450,#9451,#9452,#9453,#9454,
    #9455,#9456,#9457,#9458,#9459,#9460,#9461,#9462,#9463),
  .UNSPECIFIED.,.F.,.F.,(5,3,3,3,5),(0.,0.25,0.5,0.75,1.),
  .UNSPECIFIED.);
#9450 = CARTESIAN_POINT('',(2.479811260551,-22.4000006));
#9451 = CARTESIAN_POINT('',(2.479811260551,-21.000000525));
#9452 = CARTESIAN_POINT('',(2.479811260551,-19.60000045));
#9453 = CARTESIAN_POINT('',(2.479811260551,-18.200000375));
#9454 = CARTESIAN_POINT('',(2.479811260551,-15.400000225));
#9455 = CARTESIAN_POINT('',(2.479811260551,-14.00000015));
#9456 = CARTESIAN_POINT('',(2.479811260551,-12.600000075));
#9457 = CARTESIAN_POINT('',(2.479811260551,-9.799999925));
#9458 = CARTESIAN_POINT('',(2.479811260551,-8.39999985));
#9459 = CARTESIAN_POINT('',(2.479811260551,-6.999999775));
#9460 = CARTESIAN_POINT('',(2.479811260551,-4.199999625));
#9461 = CARTESIAN_POINT('',(2.479811260551,-2.79999955));
#9462 = CARTESIAN_POINT('',(2.479811260551,-1.399999475));
#9463 = CARTESIAN_POINT('',(2.479811260551,5.999999999062E-07));
#9464 = ( GEOMETRIC_REPRESENTATION_CONTEXT(2) 
PARAMETRIC_REPRESENTATION_CONTEXT() REPRESENTATION_CONTEXT('2D SPACE',''
  ) );
#9465 = ORIENTED_EDGE('',*,*,#9466,.T.);
#9466 = EDGE_CURVE('',#9411,#9263,#9467,.T.);
#9467 = SURFACE_CURVE('',#9468,(#9473,#9480),.PCURVE_S1.);
#9468 = CIRCLE('',#9469,12.7);
#9469 = AXIS2_PLACEMENT_3D('',#9470,#9471,#9472);
#9470 = CARTESIAN_POINT('',(0.,0.,22.4));
#9471 = DIRECTION('',(0.,0.,1.));
#9472 = DIRECTION('',(1.,0.,0.));
#9473 = PCURVE('',#2982,#9474);
#9474 = DEFINITIONAL_REPRESENTATION('',(#9475),#9479);
#9475 = LINE('',#9476,#9477);
#9476 = CARTESIAN_POINT('',(-0.,-22.4));
#9477 = VECTOR('',#9478,1.);
#9478 = DIRECTION('',(-1.,0.));
#9479 = ( GEOMETRIC_REPRESENTATION_CONTEXT(2) 
PARAMETRIC_REPRESENTATION_CONTEXT() REPRESENTATION_CONTEXT('2D SPACE',''
  ) );
#9480 = PCURVE('',#5472,#9481);
#9481 = DEFINITIONAL_REPRESENTATION('',(#9482),#9486);
#9482 = CIRCLE('',#9483,12.7);
#9483 = AXIS2_PLACEMENT_2D('',#9484,#9485);
#9484 = CARTESIAN_POINT('',(3.500646739301E-15,2.041077998579E-15));
#9485 = DIRECTION('',(1.,0.));
#9486 = ( GEOMETRIC_REPRESENTATION_CONTEXT(2) 
PARAMETRIC_REPRESENTATION_CONTEXT() REPRESENTATION_CONTEXT('2D SPACE',''
  ) );
#9487 = ORIENTED_EDGE('',*,*,#9379,.T.);
#9488 = ADVANCED_FACE('',(#9489),#2898,.T.);
#9489 = FACE_BOUND('',#9490,.T.);
#9490 = EDGE_LOOP('',(#9491,#9492,#9493,#9620));
#9491 = ORIENTED_EDGE('',*,*,#2776,.F.);
#9492 = ORIENTED_EDGE('',*,*,#9410,.F.);
#9493 = ORIENTED_EDGE('',*,*,#9494,.T.);
#9494 = EDGE_CURVE('',#9411,#6006,#9495,.T.);
#9495 = SURFACE_CURVE('',#9496,(#9553,#9560),.PCURVE_S1.);
#9496 = B_SPLINE_CURVE_WITH_KNOTS('',3,(#9497,#9498,#9499,#9500,#9501,
    #9502,#9503,#9504,#9505,#9506,#9507,#9508,#9509,#9510,#9511,#9512,
    #9513,#9514,#9515,#9516,#9517,#9518,#9519,#9520,#9521,#9522,#9523,
    #9524,#9525,#9526,#9527,#9528,#9529,#9530,#9531,#9532,#9533,#9534,
    #9535,#9536,#9537,#9538,#9539,#9540,#9541,#9542,#9543,#9544,#9545,
    #9546,#9547,#9548,#9549,#9550,#9551,#9552),.UNSPECIFIED.,.F.,.F.,(4,
    1,1,1,1,1,1,1,1,1,1,1,1,1,1,1,1,1,1,1,1,1,1,1,1,1,1,1,1,1,1,1,1,1,1,
    1,1,1,1,1,1,1,1,1,1,1,1,3,3,4),(0.,2.252840378147,3.947251251067,
    5.556769293497,6.973069313182,8.438034201878,9.836527608945,
    11.173881028628,12.358378394578,13.591674823614,14.777241775145,
    15.919070127373,16.937511191725,18.005608061592,19.040905950925,
    20.046909447572,20.952226144232,21.910527049393,22.848343890734,
    23.768545277515,24.604779330967,25.498993387072,26.383732766176,
    27.261734369083,28.068590979197,28.941306811933,29.815275751476,
    30.69326112534,31.509705745874,32.403313623746,33.30925058782,
    34.230483702873,35.097084585268,36.056205964867,37.039089037922,
    38.048588577934,39.007142758039,40.077976938895,41.186386250524,
    42.336589601129,43.439334281668,44.68291297016,45.982505886097,
    47.343769408886,48.660381123787,50.157957971193,51.73669345799,
    51.75772326206,53.205564838504,53.402350377676),.UNSPECIFIED.);
#9497 = CARTESIAN_POINT('',(-9.496271560636,5.093527873897,22.4));
#9498 = CARTESIAN_POINT('',(-10.24993810946,4.915099437466,22.4));
#9499 = CARTESIAN_POINT('',(-11.60666130723,4.859713821642,22.4));
#9500 = CARTESIAN_POINT('',(-13.04082726363,3.583084577393,22.4));
#9501 = CARTESIAN_POINT('',(-14.41091604503,2.822721002698,22.4));
#9502 = CARTESIAN_POINT('',(-15.72657579558,2.104712831649,22.4));
#9503 = CARTESIAN_POINT('',(-17.01998877588,1.501518169312,22.4));
#9504 = CARTESIAN_POINT('',(-18.31813008935,0.974789866086,22.4));
#9505 = CARTESIAN_POINT('',(-19.55471500151,0.550224822861,22.4));
#9506 = CARTESIAN_POINT('',(-20.75844844524,0.205184901683,22.4));
#9507 = CARTESIAN_POINT('',(-21.92915586266,-6.596558094506E-02,22.4));
#9508 = CARTESIAN_POINT('',(-23.09863917069,-0.271898846638,22.4));
#9509 = CARTESIAN_POINT('',(-24.20629398956,-0.406130536759,22.4));
#9510 = CARTESIAN_POINT('',(-25.28023204404,-0.482623522151,22.4));
#9511 = CARTESIAN_POINT('',(-26.32105140487,-0.497330327001,22.4));
#9512 = CARTESIAN_POINT('',(-27.35772167695,-0.482559264875,22.4));
#9513 = CARTESIAN_POINT('',(-28.33785871686,-0.410448528848,22.4));
#9514 = CARTESIAN_POINT('',(-29.28755655876,-0.293587822094,22.4));
#9515 = CARTESIAN_POINT('',(-30.20781010971,-0.132382656111,22.4));
#9516 = CARTESIAN_POINT('',(-31.12314150716,7.799384011557E-02,22.4));
#9517 = CARTESIAN_POINT('',(-31.98701222905,0.325066028925,22.4));
#9518 = CARTESIAN_POINT('',(-32.82343042302,0.610828167691,22.4));
#9519 = CARTESIAN_POINT('',(-33.63340481523,0.934200818076,22.4));
#9520 = CARTESIAN_POINT('',(-34.43784657629,1.305647754307,22.4));
#9521 = CARTESIAN_POINT('',(-35.19581900635,1.70542258685,22.4));
#9522 = CARTESIAN_POINT('',(-35.9290116092,2.141065645731,22.4));
#9523 = CARTESIAN_POINT('',(-36.63808750685,2.612665169012,22.4));
#9524 = CARTESIAN_POINT('',(-37.34028549719,3.135213075507,22.4));
#9525 = CARTESIAN_POINT('',(-37.99946541337,3.682150484235,22.4));
#9526 = CARTESIAN_POINT('',(-38.63478684069,4.266234226687,22.4));
#9527 = CARTESIAN_POINT('',(-39.24619197559,4.888556953578,22.4));
#9528 = CARTESIAN_POINT('',(-39.84700044377,5.568477155319,22.4));
#9529 = CARTESIAN_POINT('',(-40.40542012532,6.272213958533,22.4));
#9530 = CARTESIAN_POINT('',(-40.93771310161,7.017561084534,22.4));
#9531 = CARTESIAN_POINT('',(-41.44213381588,7.807314659862,22.4));
#9532 = CARTESIAN_POINT('',(-41.9002164456,8.67888483511,22.4));
#9533 = CARTESIAN_POINT('',(-42.31871171121,9.569388783222,22.4));
#9534 = CARTESIAN_POINT('',(-42.70017506342,10.508286834427,22.4));
#9535 = CARTESIAN_POINT('',(-43.04440042878,11.49644819565,22.4));
#9536 = CARTESIAN_POINT('',(-43.3529815149,12.563097908021,22.4));
#9537 = CARTESIAN_POINT('',(-43.60660194221,13.654861847385,22.4));
#9538 = CARTESIAN_POINT('',(-43.81154416519,14.80329356827,22.4));
#9539 = CARTESIAN_POINT('',(-43.96392360896,16.00697957194,22.4));
#9540 = CARTESIAN_POINT('',(-44.05523229833,17.316613433453,22.4));
#9541 = CARTESIAN_POINT('',(-44.08753210797,18.600468374795,22.4));
#9542 = CARTESIAN_POINT('',(-44.01195123203,20.153660101565,22.4));
#9543 = CARTESIAN_POINT('',(-44.01895475531,20.921328774666,22.4));
#9544 = CARTESIAN_POINT('',(-43.53253217243,23.799843562504,22.4));
#9545 = CARTESIAN_POINT('',(-43.69419836182,23.000945399318,22.4));
#9546 = CARTESIAN_POINT('',(-43.69639059658,22.990071554448,22.4));
#9547 = CARTESIAN_POINT('',(-43.69639059634,22.990071555748,22.4));
#9548 = CARTESIAN_POINT('',(-43.6963905961,22.990071557047,22.4));
#9549 = CARTESIAN_POINT('',(-43.69639059585,22.990071558347,22.4));
#9550 = CARTESIAN_POINT('',(-43.61217181509,23.433155331767,22.4));
#9551 = CARTESIAN_POINT('',(-43.50784774943,23.982854169153,22.4));
#9552 = CARTESIAN_POINT('',(-43.37988787401,24.658084658395,22.4));
#9553 = PCURVE('',#2898,#9554);
#9554 = DEFINITIONAL_REPRESENTATION('',(#9555),#9559);
#9555 = LINE('',#9556,#9557);
#9556 = CARTESIAN_POINT('',(0.,-22.4));
#9557 = VECTOR('',#9558,1.);
#9558 = DIRECTION('',(1.,0.));
#9559 = ( GEOMETRIC_REPRESENTATION_CONTEXT(2) 
PARAMETRIC_REPRESENTATION_CONTEXT() REPRESENTATION_CONTEXT('2D SPACE',''
  ) );
#9560 = PCURVE('',#5472,#9561);
#9561 = DEFINITIONAL_REPRESENTATION('',(#9562),#9619);
#9562 = B_SPLINE_CURVE_WITH_KNOTS('',3,(#9563,#9564,#9565,#9566,#9567,
    #9568,#9569,#9570,#9571,#9572,#9573,#9574,#9575,#9576,#9577,#9578,
    #9579,#9580,#9581,#9582,#9583,#9584,#9585,#9586,#9587,#9588,#9589,
    #9590,#9591,#9592,#9593,#9594,#9595,#9596,#9597,#9598,#9599,#9600,
    #9601,#9602,#9603,#9604,#9605,#9606,#9607,#9608,#9609,#9610,#9611,
    #9612,#9613,#9614,#9615,#9616,#9617,#9618),.UNSPECIFIED.,.F.,.F.,(4,
    1,1,1,1,1,1,1,1,1,1,1,1,1,1,1,1,1,1,1,1,1,1,1,1,1,1,1,1,1,1,1,1,1,1,
    1,1,1,1,1,1,1,1,1,1,1,1,3,3,4),(0.,2.252840378147,3.947251251067,
    5.556769293497,6.973069313182,8.438034201878,9.836527608945,
    11.173881028628,12.358378394578,13.591674823614,14.777241775145,
    15.919070127373,16.937511191725,18.005608061592,19.040905950925,
    20.046909447572,20.952226144232,21.910527049393,22.848343890734,
    23.768545277515,24.604779330967,25.498993387072,26.383732766176,
    27.261734369083,28.068590979197,28.941306811933,29.815275751476,
    30.69326112534,31.509705745874,32.403313623746,33.30925058782,
    34.230483702873,35.097084585268,36.056205964867,37.039089037922,
    38.048588577934,39.007142758039,40.077976938895,41.186386250524,
    42.336589601129,43.439334281668,44.68291297016,45.982505886097,
    47.343769408886,48.660381123787,50.157957971193,51.73669345799,
    51.75772326206,53.205564838504,53.402350377676),.UNSPECIFIED.);
#9563 = CARTESIAN_POINT('',(-9.496271560636,5.093527873897));
#9564 = CARTESIAN_POINT('',(-10.24993810946,4.915099437466));
#9565 = CARTESIAN_POINT('',(-11.60666130723,4.859713821642));
#9566 = CARTESIAN_POINT('',(-13.04082726363,3.583084577393));
#9567 = CARTESIAN_POINT('',(-14.41091604503,2.822721002698));
#9568 = CARTESIAN_POINT('',(-15.72657579558,2.104712831649));
#9569 = CARTESIAN_POINT('',(-17.01998877588,1.501518169312));
#9570 = CARTESIAN_POINT('',(-18.31813008935,0.974789866086));
#9571 = CARTESIAN_POINT('',(-19.55471500151,0.550224822861));
#9572 = CARTESIAN_POINT('',(-20.75844844524,0.205184901683));
#9573 = CARTESIAN_POINT('',(-21.92915586266,-6.596558094506E-02));
#9574 = CARTESIAN_POINT('',(-23.09863917069,-0.271898846638));
#9575 = CARTESIAN_POINT('',(-24.20629398956,-0.406130536759));
#9576 = CARTESIAN_POINT('',(-25.28023204404,-0.482623522151));
#9577 = CARTESIAN_POINT('',(-26.32105140487,-0.497330327001));
#9578 = CARTESIAN_POINT('',(-27.35772167695,-0.482559264875));
#9579 = CARTESIAN_POINT('',(-28.33785871686,-0.410448528848));
#9580 = CARTESIAN_POINT('',(-29.28755655876,-0.293587822094));
#9581 = CARTESIAN_POINT('',(-30.20781010971,-0.132382656111));
#9582 = CARTESIAN_POINT('',(-31.12314150716,7.799384011557E-02));
#9583 = CARTESIAN_POINT('',(-31.98701222905,0.325066028925));
#9584 = CARTESIAN_POINT('',(-32.82343042302,0.610828167691));
#9585 = CARTESIAN_POINT('',(-33.63340481523,0.934200818076));
#9586 = CARTESIAN_POINT('',(-34.43784657629,1.305647754307));
#9587 = CARTESIAN_POINT('',(-35.19581900635,1.70542258685));
#9588 = CARTESIAN_POINT('',(-35.9290116092,2.141065645731));
#9589 = CARTESIAN_POINT('',(-36.63808750685,2.612665169012));
#9590 = CARTESIAN_POINT('',(-37.34028549719,3.135213075507));
#9591 = CARTESIAN_POINT('',(-37.99946541337,3.682150484235));
#9592 = CARTESIAN_POINT('',(-38.63478684069,4.266234226687));
#9593 = CARTESIAN_POINT('',(-39.24619197559,4.888556953578));
#9594 = CARTESIAN_POINT('',(-39.84700044377,5.568477155319));
#9595 = CARTESIAN_POINT('',(-40.40542012532,6.272213958533));
#9596 = CARTESIAN_POINT('',(-40.93771310161,7.017561084534));
#9597 = CARTESIAN_POINT('',(-41.44213381588,7.807314659862));
#9598 = CARTESIAN_POINT('',(-41.9002164456,8.67888483511));
#9599 = CARTESIAN_POINT('',(-42.31871171121,9.569388783222));
#9600 = CARTESIAN_POINT('',(-42.70017506342,10.508286834427));
#9601 = CARTESIAN_POINT('',(-43.04440042878,11.49644819565));
#9602 = CARTESIAN_POINT('',(-43.3529815149,12.563097908021));
#9603 = CARTESIAN_POINT('',(-43.60660194221,13.654861847385));
#9604 = CARTESIAN_POINT('',(-43.81154416519,14.80329356827));
#9605 = CARTESIAN_POINT('',(-43.96392360896,16.00697957194));
#9606 = CARTESIAN_POINT('',(-44.05523229833,17.316613433453));
#9607 = CARTESIAN_POINT('',(-44.08753210797,18.600468374795));
#9608 = CARTESIAN_POINT('',(-44.01195123203,20.153660101565));
#9609 = CARTESIAN_POINT('',(-44.01895475531,20.921328774666));
#9610 = CARTESIAN_POINT('',(-43.53253217243,23.799843562504));
#9611 = CARTESIAN_POINT('',(-43.69419836182,23.000945399318));
#9612 = CARTESIAN_POINT('',(-43.69639059658,22.990071554448));
#9613 = CARTESIAN_POINT('',(-43.69639059634,22.990071555748));
#9614 = CARTESIAN_POINT('',(-43.6963905961,22.990071557047));
#9615 = CARTESIAN_POINT('',(-43.69639059585,22.990071558347));
#9616 = CARTESIAN_POINT('',(-43.61217181509,23.433155331767));
#9617 = CARTESIAN_POINT('',(-43.50784774943,23.982854169153));
#9618 = CARTESIAN_POINT('',(-43.37988787401,24.658084658395));
#9619 = ( GEOMETRIC_REPRESENTATION_CONTEXT(2) 
PARAMETRIC_REPRESENTATION_CONTEXT() REPRESENTATION_CONTEXT('2D SPACE',''
  ) );
#9620 = ORIENTED_EDGE('',*,*,#6005,.T.);
#9621 = ADVANCED_FACE('',(#9622),#2731,.T.);
#9622 = FACE_BOUND('',#9623,.T.);
#9623 = EDGE_LOOP('',(#9624,#9625,#9626,#9649));
#9624 = ORIENTED_EDGE('',*,*,#2717,.F.);
#9625 = ORIENTED_EDGE('',*,*,#5982,.F.);
#9626 = ORIENTED_EDGE('',*,*,#9627,.T.);
#9627 = EDGE_CURVE('',#5959,#9628,#9630,.T.);
#9628 = VERTEX_POINT('',#9629);
#9629 = CARTESIAN_POINT('',(-41.3173966161,24.241915341605,22.4));
#9630 = SURFACE_CURVE('',#9631,(#9635,#9642),.PCURVE_S1.);
#9631 = LINE('',#9632,#9633);
#9632 = CARTESIAN_POINT('',(-43.37988787401,24.658084658395,22.4));
#9633 = VECTOR('',#9634,1.);
#9634 = DIRECTION('',(0.980243711075,-0.197793495591,0.));
#9635 = PCURVE('',#2731,#9636);
#9636 = DEFINITIONAL_REPRESENTATION('',(#9637),#9641);
#9637 = LINE('',#9638,#9639);
#9638 = CARTESIAN_POINT('',(0.,-22.4));
#9639 = VECTOR('',#9640,1.);
#9640 = DIRECTION('',(1.,0.));
#9641 = ( GEOMETRIC_REPRESENTATION_CONTEXT(2) 
PARAMETRIC_REPRESENTATION_CONTEXT() REPRESENTATION_CONTEXT('2D SPACE',''
  ) );
#9642 = PCURVE('',#5472,#9643);
#9643 = DEFINITIONAL_REPRESENTATION('',(#9644),#9648);
#9644 = LINE('',#9645,#9646);
#9645 = CARTESIAN_POINT('',(-43.37988787401,24.658084658395));
#9646 = VECTOR('',#9647,1.);
#9647 = DIRECTION('',(0.980243711075,-0.197793495591));
#9648 = ( GEOMETRIC_REPRESENTATION_CONTEXT(2) 
PARAMETRIC_REPRESENTATION_CONTEXT() REPRESENTATION_CONTEXT('2D SPACE',''
  ) );
#9649 = ORIENTED_EDGE('',*,*,#9650,.F.);
#9650 = EDGE_CURVE('',#2547,#9628,#9651,.T.);
#9651 = SURFACE_CURVE('',#9652,(#9656,#9663),.PCURVE_S1.);
#9652 = LINE('',#9653,#9654);
#9653 = CARTESIAN_POINT('',(-41.3173966161,24.241915341605,0.));
#9654 = VECTOR('',#9655,1.);
#9655 = DIRECTION('',(0.,0.,1.));
#9656 = PCURVE('',#2731,#9657);
#9657 = DEFINITIONAL_REPRESENTATION('',(#9658),#9662);
#9658 = LINE('',#9659,#9660);
#9659 = CARTESIAN_POINT('',(2.104059668631,0.));
#9660 = VECTOR('',#9661,1.);
#9661 = DIRECTION('',(0.,-1.));
#9662 = ( GEOMETRIC_REPRESENTATION_CONTEXT(2) 
PARAMETRIC_REPRESENTATION_CONTEXT() REPRESENTATION_CONTEXT('2D SPACE',''
  ) );
#9663 = PCURVE('',#2656,#9664);
#9664 = DEFINITIONAL_REPRESENTATION('',(#9665),#9669);
#9665 = LINE('',#9666,#9667);
#9666 = CARTESIAN_POINT('',(0.,0.));
#9667 = VECTOR('',#9668,1.);
#9668 = DIRECTION('',(0.,-1.));
#9669 = ( GEOMETRIC_REPRESENTATION_CONTEXT(2) 
PARAMETRIC_REPRESENTATION_CONTEXT() REPRESENTATION_CONTEXT('2D SPACE',''
  ) );
#9670 = ADVANCED_FACE('',(#9671),#2656,.T.);
#9671 = FACE_BOUND('',#9672,.T.);
#9672 = EDGE_LOOP('',(#9673,#9674,#9675,#9792));
#9673 = ORIENTED_EDGE('',*,*,#2546,.F.);
#9674 = ORIENTED_EDGE('',*,*,#9650,.T.);
#9675 = ORIENTED_EDGE('',*,*,#9676,.T.);
#9676 = EDGE_CURVE('',#9628,#9677,#9679,.T.);
#9677 = VERTEX_POINT('',#9678);
#9678 = CARTESIAN_POINT('',(-10.8540959879,6.593830471377,22.4));
#9679 = SURFACE_CURVE('',#9680,(#9731,#9738),.PCURVE_S1.);
#9680 = B_SPLINE_CURVE_WITH_KNOTS('',3,(#9681,#9682,#9683,#9684,#9685,
    #9686,#9687,#9688,#9689,#9690,#9691,#9692,#9693,#9694,#9695,#9696,
    #9697,#9698,#9699,#9700,#9701,#9702,#9703,#9704,#9705,#9706,#9707,
    #9708,#9709,#9710,#9711,#9712,#9713,#9714,#9715,#9716,#9717,#9718,
    #9719,#9720,#9721,#9722,#9723,#9724,#9725,#9726,#9727,#9728,#9729,
    #9730),.UNSPECIFIED.,.F.,.F.,(4,1,1,1,1,1,1,1,1,1,1,1,1,1,1,1,1,1,1,
    1,1,1,1,1,1,1,1,1,1,1,1,1,1,1,1,1,1,1,1,1,1,1,1,1,1,1,1,4),(0.,
    1.560399863547,3.026493159763,4.408519816062,5.616164948135,
    6.857176517943,8.034500324617,9.154049078322,10.140931914661,
    11.16430891518,12.14467057154,13.086344664582,13.924748692612,
    14.803128326675,15.653911875236,16.480955579096,17.226763352129,
    18.01856826362,18.796500931648,19.563479607115,20.264226339274,
    21.01815180319,21.769388657233,22.52071176954,23.216717634111,
    23.975961822176,24.743348723341,25.521634699363,26.252131546642,
    27.05917145937,27.885262969361,28.733262670931,29.538010575103,
    30.436403024908,31.365465694071,32.327889352555,33.24854348335,
    34.284117952136,35.363069228966,36.489379128657,37.574802555564,
    38.804527640271,40.095153684953,41.452119030183,42.768727723412,
    44.27040892768,45.857339500188,47.985194622019),.UNSPECIFIED.);
#9681 = CARTESIAN_POINT('',(-41.3173966161,24.241915341605,22.4));
#9682 = CARTESIAN_POINT('',(-41.40092438782,23.734549040934,22.4));
#9683 = CARTESIAN_POINT('',(-41.58567239997,22.733618973742,22.4));
#9684 = CARTESIAN_POINT('',(-41.74214352184,21.27458721161,22.4));
#9685 = CARTESIAN_POINT('',(-41.82428683781,19.92394336644,22.4));
#9686 = CARTESIAN_POINT('',(-41.8346746951,18.646709468091,22.4));
#9687 = CARTESIAN_POINT('',(-41.78336625498,17.438533661528,22.4));
#9688 = CARTESIAN_POINT('',(-41.67035789976,16.264112174546,22.4));
#9689 = CARTESIAN_POINT('',(-41.50736129431,15.181190860212,22.4));
#9690 = CARTESIAN_POINT('',(-41.29900726123,14.158519624877,22.4));
#9691 = CARTESIAN_POINT('',(-41.04998010462,13.192748075794,22.4));
#9692 = CARTESIAN_POINT('',(-40.7541707381,12.256091077786,22.4));
#9693 = CARTESIAN_POINT('',(-40.43062102723,11.394201697657,22.4));
#9694 = CARTESIAN_POINT('',(-40.07634183855,10.581642082529,22.4));
#9695 = CARTESIAN_POINT('',(-39.696457202,9.814091110602,22.4));
#9696 = CARTESIAN_POINT('',(-39.27100322077,9.0755639162,22.4));
#9697 = CARTESIAN_POINT('',(-38.85611372471,8.382220799401,22.4));
#9698 = CARTESIAN_POINT('',(-38.41790861198,7.72660377362,22.4));
#9699 = CARTESIAN_POINT('',(-37.95658362753,7.107350970319,22.4));
#9700 = CARTESIAN_POINT('',(-37.45870210798,6.507874513511,22.4));
#9701 = CARTESIAN_POINT('',(-36.95043311779,5.957852204536,22.4));
#9702 = CARTESIAN_POINT('',(-36.42064290834,5.440011593171,22.4));
#9703 = CARTESIAN_POINT('',(-35.86912209037,4.953176959078,22.4));
#9704 = CARTESIAN_POINT('',(-35.2794400204,4.48568980462,22.4));
#9705 = CARTESIAN_POINT('',(-34.68162569578,4.06118547079,22.4));
#9706 = CARTESIAN_POINT('',(-34.06083248927,3.666182461433,22.4));
#9707 = CARTESIAN_POINT('',(-33.4160682598,3.300531974291,22.4));
#9708 = CARTESIAN_POINT('',(-32.72837113895,2.957153392555,22.4));
#9709 = CARTESIAN_POINT('',(-32.0323108853,2.65432727231,22.4));
#9710 = CARTESIAN_POINT('',(-31.30950290955,2.382486767599,22.4));
#9711 = CARTESIAN_POINT('',(-30.55860056234,2.142744873225,22.4));
#9712 = CARTESIAN_POINT('',(-29.75823044188,1.932878554153,22.4));
#9713 = CARTESIAN_POINT('',(-28.94866861795,1.765664135267,22.4));
#9714 = CARTESIAN_POINT('',(-28.10793248841,1.635500021131,22.4));
#9715 = CARTESIAN_POINT('',(-27.23472625802,1.546976527131,22.4));
#9716 = CARTESIAN_POINT('',(-26.30549625427,1.495405143445,22.4));
#9717 = CARTESIAN_POINT('',(-25.36765961855,1.518419112116,22.4));
#9718 = CARTESIAN_POINT('',(-24.39682449039,1.585022743395,22.4));
#9719 = CARTESIAN_POINT('',(-23.39199845261,1.707607067501,22.4));
#9720 = CARTESIAN_POINT('',(-22.32758241842,1.894865816593,22.4));
#9721 = CARTESIAN_POINT('',(-21.25847881681,2.142597882945,22.4));
#9722 = CARTESIAN_POINT('',(-20.15528433812,2.458851560935,22.4));
#9723 = CARTESIAN_POINT('',(-19.01806506682,2.849368663121,22.4));
#9724 = CARTESIAN_POINT('',(-17.81941334592,3.335759002956,22.4));
#9725 = CARTESIAN_POINT('',(-16.62335384549,3.89387909653,22.4));
#9726 = CARTESIAN_POINT('',(-15.39266753376,4.564037280591,22.4));
#9727 = CARTESIAN_POINT('',(-14.14625539924,5.262674350739,22.4));
#9728 = CARTESIAN_POINT('',(-12.65502876611,6.511421326188,22.4));
#9729 = CARTESIAN_POINT('',(-11.8416268382,6.398844232666,22.4));
#9730 = CARTESIAN_POINT('',(-10.76733089069,6.61059116748,22.4));
#9731 = PCURVE('',#2656,#9732);
#9732 = DEFINITIONAL_REPRESENTATION('',(#9733),#9737);
#9733 = LINE('',#9734,#9735);
#9734 = CARTESIAN_POINT('',(0.,-22.4));
#9735 = VECTOR('',#9736,1.);
#9736 = DIRECTION('',(1.,0.));
#9737 = ( GEOMETRIC_REPRESENTATION_CONTEXT(2) 
PARAMETRIC_REPRESENTATION_CONTEXT() REPRESENTATION_CONTEXT('2D SPACE',''
  ) );
#9738 = PCURVE('',#5472,#9739);
#9739 = DEFINITIONAL_REPRESENTATION('',(#9740),#9791);
#9740 = B_SPLINE_CURVE_WITH_KNOTS('',3,(#9741,#9742,#9743,#9744,#9745,
    #9746,#9747,#9748,#9749,#9750,#9751,#9752,#9753,#9754,#9755,#9756,
    #9757,#9758,#9759,#9760,#9761,#9762,#9763,#9764,#9765,#9766,#9767,
    #9768,#9769,#9770,#9771,#9772,#9773,#9774,#9775,#9776,#9777,#9778,
    #9779,#9780,#9781,#9782,#9783,#9784,#9785,#9786,#9787,#9788,#9789,
    #9790),.UNSPECIFIED.,.F.,.F.,(4,1,1,1,1,1,1,1,1,1,1,1,1,1,1,1,1,1,1,
    1,1,1,1,1,1,1,1,1,1,1,1,1,1,1,1,1,1,1,1,1,1,1,1,1,1,1,1,4),(0.,
    1.560399863547,3.026493159763,4.408519816062,5.616164948135,
    6.857176517943,8.034500324617,9.154049078322,10.140931914661,
    11.16430891518,12.14467057154,13.086344664582,13.924748692612,
    14.803128326675,15.653911875236,16.480955579096,17.226763352129,
    18.01856826362,18.796500931648,19.563479607115,20.264226339274,
    21.01815180319,21.769388657233,22.52071176954,23.216717634111,
    23.975961822176,24.743348723341,25.521634699363,26.252131546642,
    27.05917145937,27.885262969361,28.733262670931,29.538010575103,
    30.436403024908,31.365465694071,32.327889352555,33.24854348335,
    34.284117952136,35.363069228966,36.489379128657,37.574802555564,
    38.804527640271,40.095153684953,41.452119030183,42.768727723412,
    44.27040892768,45.857339500188,47.985194622019),.UNSPECIFIED.);
#9741 = CARTESIAN_POINT('',(-41.3173966161,24.241915341605));
#9742 = CARTESIAN_POINT('',(-41.40092438782,23.734549040934));
#9743 = CARTESIAN_POINT('',(-41.58567239997,22.733618973742));
#9744 = CARTESIAN_POINT('',(-41.74214352184,21.27458721161));
#9745 = CARTESIAN_POINT('',(-41.82428683781,19.92394336644));
#9746 = CARTESIAN_POINT('',(-41.8346746951,18.646709468091));
#9747 = CARTESIAN_POINT('',(-41.78336625498,17.438533661528));
#9748 = CARTESIAN_POINT('',(-41.67035789976,16.264112174546));
#9749 = CARTESIAN_POINT('',(-41.50736129431,15.181190860212));
#9750 = CARTESIAN_POINT('',(-41.29900726123,14.158519624877));
#9751 = CARTESIAN_POINT('',(-41.04998010462,13.192748075794));
#9752 = CARTESIAN_POINT('',(-40.7541707381,12.256091077786));
#9753 = CARTESIAN_POINT('',(-40.43062102723,11.394201697657));
#9754 = CARTESIAN_POINT('',(-40.07634183855,10.581642082529));
#9755 = CARTESIAN_POINT('',(-39.696457202,9.814091110602));
#9756 = CARTESIAN_POINT('',(-39.27100322077,9.0755639162));
#9757 = CARTESIAN_POINT('',(-38.85611372471,8.382220799401));
#9758 = CARTESIAN_POINT('',(-38.41790861198,7.72660377362));
#9759 = CARTESIAN_POINT('',(-37.95658362753,7.107350970319));
#9760 = CARTESIAN_POINT('',(-37.45870210798,6.507874513511));
#9761 = CARTESIAN_POINT('',(-36.95043311779,5.957852204536));
#9762 = CARTESIAN_POINT('',(-36.42064290834,5.440011593171));
#9763 = CARTESIAN_POINT('',(-35.86912209037,4.953176959078));
#9764 = CARTESIAN_POINT('',(-35.2794400204,4.48568980462));
#9765 = CARTESIAN_POINT('',(-34.68162569578,4.06118547079));
#9766 = CARTESIAN_POINT('',(-34.06083248927,3.666182461433));
#9767 = CARTESIAN_POINT('',(-33.4160682598,3.300531974291));
#9768 = CARTESIAN_POINT('',(-32.72837113895,2.957153392555));
#9769 = CARTESIAN_POINT('',(-32.0323108853,2.65432727231));
#9770 = CARTESIAN_POINT('',(-31.30950290955,2.382486767599));
#9771 = CARTESIAN_POINT('',(-30.55860056234,2.142744873225));
#9772 = CARTESIAN_POINT('',(-29.75823044188,1.932878554153));
#9773 = CARTESIAN_POINT('',(-28.94866861795,1.765664135267));
#9774 = CARTESIAN_POINT('',(-28.10793248841,1.635500021131));
#9775 = CARTESIAN_POINT('',(-27.23472625802,1.546976527131));
#9776 = CARTESIAN_POINT('',(-26.30549625427,1.495405143445));
#9777 = CARTESIAN_POINT('',(-25.36765961855,1.518419112116));
#9778 = CARTESIAN_POINT('',(-24.39682449039,1.585022743395));
#9779 = CARTESIAN_POINT('',(-23.39199845261,1.707607067501));
#9780 = CARTESIAN_POINT('',(-22.32758241842,1.894865816593));
#9781 = CARTESIAN_POINT('',(-21.25847881681,2.142597882945));
#9782 = CARTESIAN_POINT('',(-20.15528433812,2.458851560935));
#9783 = CARTESIAN_POINT('',(-19.01806506682,2.849368663121));
#9784 = CARTESIAN_POINT('',(-17.81941334592,3.335759002956));
#9785 = CARTESIAN_POINT('',(-16.62335384549,3.89387909653));
#9786 = CARTESIAN_POINT('',(-15.39266753376,4.564037280591));
#9787 = CARTESIAN_POINT('',(-14.14625539924,5.262674350739));
#9788 = CARTESIAN_POINT('',(-12.65502876611,6.511421326188));
#9789 = CARTESIAN_POINT('',(-11.8416268382,6.398844232666));
#9790 = CARTESIAN_POINT('',(-10.76733089069,6.61059116748));
#9791 = ( GEOMETRIC_REPRESENTATION_CONTEXT(2) 
PARAMETRIC_REPRESENTATION_CONTEXT() REPRESENTATION_CONTEXT('2D SPACE',''
  ) );
#9792 = ORIENTED_EDGE('',*,*,#9793,.T.);
#9793 = EDGE_CURVE('',#9677,#2518,#9794,.T.);
#9794 = SURFACE_CURVE('',#9795,(#9801,#9810),.PCURVE_S1.);
#9795 = B_SPLINE_CURVE_WITH_KNOTS('',4,(#9796,#9797,#9798,#9799,#9800),
  .UNSPECIFIED.,.F.,.F.,(5,5),(0.,1.),.PIECEWISE_BEZIER_KNOTS.);
#9796 = CARTESIAN_POINT('',(-10.8540959879,6.593830471377,22.4000006));
#9797 = CARTESIAN_POINT('',(-10.8540959879,6.593830471377,16.8000003));
#9798 = CARTESIAN_POINT('',(-10.8540959879,6.593830471377,11.2));
#9799 = CARTESIAN_POINT('',(-10.8540959879,6.593830471377,5.5999997));
#9800 = CARTESIAN_POINT('',(-10.8540959879,6.593830471377,-6.E-07));
#9801 = PCURVE('',#2656,#9802);
#9802 = DEFINITIONAL_REPRESENTATION('',(#9803),#9809);
#9803 = B_SPLINE_CURVE_WITH_KNOTS('',4,(#9804,#9805,#9806,#9807,#9808),
  .UNSPECIFIED.,.F.,.F.,(5,5),(0.,1.),.PIECEWISE_BEZIER_KNOTS.);
#9804 = CARTESIAN_POINT('',(47.927018056643,-22.4000006));
#9805 = CARTESIAN_POINT('',(47.927018056643,-16.8000003));
#9806 = CARTESIAN_POINT('',(47.927018056643,-11.2));
#9807 = CARTESIAN_POINT('',(47.927018056643,-5.5999997));
#9808 = CARTESIAN_POINT('',(47.927018056643,5.999999999062E-07));
#9809 = ( GEOMETRIC_REPRESENTATION_CONTEXT(2) 
PARAMETRIC_REPRESENTATION_CONTEXT() REPRESENTATION_CONTEXT('2D SPACE',''
  ) );
#9810 = PCURVE('',#2534,#9811);
#9811 = DEFINITIONAL_REPRESENTATION('',(#9812),#9818);
#9812 = B_SPLINE_CURVE_WITH_KNOTS('',4,(#9813,#9814,#9815,#9816,#9817),
  .UNSPECIFIED.,.F.,.F.,(5,5),(0.,1.),.PIECEWISE_BEZIER_KNOTS.);
#9813 = CARTESIAN_POINT('',(-2.595678899868,-22.4000006));
#9814 = CARTESIAN_POINT('',(-2.595678899868,-16.8000003));
#9815 = CARTESIAN_POINT('',(-2.595678899868,-11.2));
#9816 = CARTESIAN_POINT('',(-2.595678899868,-5.5999997));
#9817 = CARTESIAN_POINT('',(-2.595678899868,5.999999999062E-07));
#9818 = ( GEOMETRIC_REPRESENTATION_CONTEXT(2) 
PARAMETRIC_REPRESENTATION_CONTEXT() REPRESENTATION_CONTEXT('2D SPACE',''
  ) );
#9819 = ADVANCED_FACE('',(#9820),#2534,.T.);
#9820 = FACE_BOUND('',#9821,.F.);
#9821 = EDGE_LOOP('',(#9822,#9823,#9879,#9901));
#9822 = ORIENTED_EDGE('',*,*,#2517,.F.);
#9823 = ORIENTED_EDGE('',*,*,#9824,.F.);
#9824 = EDGE_CURVE('',#9825,#2329,#9827,.T.);
#9825 = VERTEX_POINT('',#9826);
#9826 = CARTESIAN_POINT('',(-8.057095651254,9.816985772962,22.4));
#9827 = SURFACE_CURVE('',#9828,(#9843,#9861),.PCURVE_S1.);
#9828 = B_SPLINE_CURVE_WITH_KNOTS('',4,(#9829,#9830,#9831,#9832,#9833,
    #9834,#9835,#9836,#9837,#9838,#9839,#9840,#9841,#9842),
  .UNSPECIFIED.,.F.,.F.,(5,3,3,3,5),(0.,0.25,0.5,0.75,1.),
  .UNSPECIFIED.);
#9829 = CARTESIAN_POINT('',(-8.057095651254,9.816985772962,22.4000006));
#9830 = CARTESIAN_POINT('',(-8.057095651254,9.816985772962,21.000000525)
  );
#9831 = CARTESIAN_POINT('',(-8.057095651254,9.816985772962,19.60000045)
  );
#9832 = CARTESIAN_POINT('',(-8.057095651254,9.816985772962,18.200000375)
  );
#9833 = CARTESIAN_POINT('',(-8.057095651254,9.816985772962,15.400000225)
  );
#9834 = CARTESIAN_POINT('',(-8.057095651254,9.816985772962,14.00000015)
  );
#9835 = CARTESIAN_POINT('',(-8.057095651254,9.816985772962,12.600000075)
  );
#9836 = CARTESIAN_POINT('',(-8.057095651254,9.816985772962,9.799999925)
  );
#9837 = CARTESIAN_POINT('',(-8.057095651254,9.816985772962,8.39999985));
#9838 = CARTESIAN_POINT('',(-8.057095651254,9.816985772962,6.999999775)
  );
#9839 = CARTESIAN_POINT('',(-8.057095651254,9.816985772962,4.199999625)
  );
#9840 = CARTESIAN_POINT('',(-8.057095651254,9.816985772962,2.79999955));
#9841 = CARTESIAN_POINT('',(-8.057095651254,9.816985772962,1.399999475)
  );
#9842 = CARTESIAN_POINT('',(-8.057095651254,9.816985772962,-6.E-07));
#9843 = PCURVE('',#2534,#9844);
#9844 = DEFINITIONAL_REPRESENTATION('',(#9845),#9860);
#9845 = B_SPLINE_CURVE_WITH_KNOTS('',4,(#9846,#9847,#9848,#9849,#9850,
    #9851,#9852,#9853,#9854,#9855,#9856,#9857,#9858,#9859),
  .UNSPECIFIED.,.F.,.F.,(5,3,3,3,5),(0.,0.25,0.5,0.75,1.),
  .UNSPECIFIED.);
#9846 = CARTESIAN_POINT('',(-2.258050374655,-22.4000006));
#9847 = CARTESIAN_POINT('',(-2.258050374655,-21.000000525));
#9848 = CARTESIAN_POINT('',(-2.258050374655,-19.60000045));
#9849 = CARTESIAN_POINT('',(-2.258050374655,-18.200000375));
#9850 = CARTESIAN_POINT('',(-2.258050374655,-15.400000225));
#9851 = CARTESIAN_POINT('',(-2.258050374655,-14.00000015));
#9852 = CARTESIAN_POINT('',(-2.258050374655,-12.600000075));
#9853 = CARTESIAN_POINT('',(-2.258050374655,-9.799999925));
#9854 = CARTESIAN_POINT('',(-2.258050374655,-8.39999985));
#9855 = CARTESIAN_POINT('',(-2.258050374655,-6.999999775));
#9856 = CARTESIAN_POINT('',(-2.258050374655,-4.199999625));
#9857 = CARTESIAN_POINT('',(-2.258050374655,-2.79999955));
#9858 = CARTESIAN_POINT('',(-2.258050374655,-1.399999475));
#9859 = CARTESIAN_POINT('',(-2.258050374655,5.999999999062E-07));
#9860 = ( GEOMETRIC_REPRESENTATION_CONTEXT(2) 
PARAMETRIC_REPRESENTATION_CONTEXT() REPRESENTATION_CONTEXT('2D SPACE',''
  ) );
#9861 = PCURVE('',#2450,#9862);
#9862 = DEFINITIONAL_REPRESENTATION('',(#9863),#9878);
#9863 = B_SPLINE_CURVE_WITH_KNOTS('',4,(#9864,#9865,#9866,#9867,#9868,
    #9869,#9870,#9871,#9872,#9873,#9874,#9875,#9876,#9877),
  .UNSPECIFIED.,.F.,.F.,(5,3,3,3,5),(0.,0.25,0.5,0.75,1.),
  .UNSPECIFIED.);
#9864 = CARTESIAN_POINT('',(2.479811260551,-22.4000006));
#9865 = CARTESIAN_POINT('',(2.479811260551,-21.000000525));
#9866 = CARTESIAN_POINT('',(2.479811260551,-19.60000045));
#9867 = CARTESIAN_POINT('',(2.479811260551,-18.200000375));
#9868 = CARTESIAN_POINT('',(2.479811260551,-15.400000225));
#9869 = CARTESIAN_POINT('',(2.479811260551,-14.00000015));
#9870 = CARTESIAN_POINT('',(2.479811260551,-12.600000075));
#9871 = CARTESIAN_POINT('',(2.479811260551,-9.799999925));
#9872 = CARTESIAN_POINT('',(2.479811260551,-8.39999985));
#9873 = CARTESIAN_POINT('',(2.479811260551,-6.999999775));
#9874 = CARTESIAN_POINT('',(2.479811260551,-4.199999625));
#9875 = CARTESIAN_POINT('',(2.479811260551,-2.79999955));
#9876 = CARTESIAN_POINT('',(2.479811260551,-1.399999475));
#9877 = CARTESIAN_POINT('',(2.479811260551,5.999999999062E-07));
#9878 = ( GEOMETRIC_REPRESENTATION_CONTEXT(2) 
PARAMETRIC_REPRESENTATION_CONTEXT() REPRESENTATION_CONTEXT('2D SPACE',''
  ) );
#9879 = ORIENTED_EDGE('',*,*,#9880,.T.);
#9880 = EDGE_CURVE('',#9825,#9677,#9881,.T.);
#9881 = SURFACE_CURVE('',#9882,(#9887,#9894),.PCURVE_S1.);
#9882 = CIRCLE('',#9883,12.7);
#9883 = AXIS2_PLACEMENT_3D('',#9884,#9885,#9886);
#9884 = CARTESIAN_POINT('',(0.,0.,22.4));
#9885 = DIRECTION('',(0.,0.,1.));
#9886 = DIRECTION('',(1.,0.,0.));
#9887 = PCURVE('',#2534,#9888);
#9888 = DEFINITIONAL_REPRESENTATION('',(#9889),#9893);
#9889 = LINE('',#9890,#9891);
#9890 = CARTESIAN_POINT('',(-0.,-22.4));
#9891 = VECTOR('',#9892,1.);
#9892 = DIRECTION('',(-1.,0.));
#9893 = ( GEOMETRIC_REPRESENTATION_CONTEXT(2) 
PARAMETRIC_REPRESENTATION_CONTEXT() REPRESENTATION_CONTEXT('2D SPACE',''
  ) );
#9894 = PCURVE('',#5472,#9895);
#9895 = DEFINITIONAL_REPRESENTATION('',(#9896),#9900);
#9896 = CIRCLE('',#9897,12.7);
#9897 = AXIS2_PLACEMENT_2D('',#9898,#9899);
#9898 = CARTESIAN_POINT('',(3.500646739301E-15,2.041077998579E-15));
#9899 = DIRECTION('',(1.,0.));
#9900 = ( GEOMETRIC_REPRESENTATION_CONTEXT(2) 
PARAMETRIC_REPRESENTATION_CONTEXT() REPRESENTATION_CONTEXT('2D SPACE',''
  ) );
#9901 = ORIENTED_EDGE('',*,*,#9793,.T.);
#9902 = ADVANCED_FACE('',(#9903),#2450,.T.);
#9903 = FACE_BOUND('',#9904,.T.);
#9904 = EDGE_LOOP('',(#9905,#9906,#9907,#10034));
#9905 = ORIENTED_EDGE('',*,*,#2328,.F.);
#9906 = ORIENTED_EDGE('',*,*,#9824,.F.);
#9907 = ORIENTED_EDGE('',*,*,#9908,.T.);
#9908 = EDGE_CURVE('',#9825,#5903,#9909,.T.);
#9909 = SURFACE_CURVE('',#9910,(#9967,#9974),.PCURVE_S1.);
#9910 = B_SPLINE_CURVE_WITH_KNOTS('',3,(#9911,#9912,#9913,#9914,#9915,
    #9916,#9917,#9918,#9919,#9920,#9921,#9922,#9923,#9924,#9925,#9926,
    #9927,#9928,#9929,#9930,#9931,#9932,#9933,#9934,#9935,#9936,#9937,
    #9938,#9939,#9940,#9941,#9942,#9943,#9944,#9945,#9946,#9947,#9948,
    #9949,#9950,#9951,#9952,#9953,#9954,#9955,#9956,#9957,#9958,#9959,
    #9960,#9961,#9962,#9963,#9964,#9965,#9966),.UNSPECIFIED.,.F.,.F.,(4,
    1,1,1,1,1,1,1,1,1,1,1,1,1,1,1,1,1,1,1,1,1,1,1,1,1,1,1,1,1,1,1,1,1,1,
    1,1,1,1,1,1,1,1,1,1,1,1,3,3,4),(0.,2.252840378147,3.947251251067,
    5.556769293497,6.973069313182,8.438034201878,9.836527608945,
    11.173881028628,12.358378394578,13.591674823614,14.777241775145,
    15.919070127373,16.937511191725,18.005608061592,19.040905950925,
    20.046909447572,20.952226144232,21.910527049393,22.848343890734,
    23.768545277515,24.604779330967,25.498993387072,26.383732766176,
    27.261734369083,28.068590979197,28.941306811933,29.815275751476,
    30.69326112534,31.509705745874,32.403313623746,33.30925058782,
    34.230483702873,35.097084585268,36.056205964867,37.039089037922,
    38.048588577934,39.007142758039,40.077976938895,41.186386250524,
    42.336589601129,43.439334281668,44.68291297016,45.982505886097,
    47.343769408886,48.660381123787,50.157957971193,51.73669345799,
    51.75772326206,53.205564838504,53.402350377676),.UNSPECIFIED.);
#9911 = CARTESIAN_POINT('',(-5.677248475798,9.159260313996,22.4));
#9912 = CARTESIAN_POINT('',(-6.419157071282,9.381570029705,22.4));
#9913 = CARTESIAN_POINT('',(-7.621806634367,10.011966278282,22.4));
#9914 = CARTESIAN_POINT('',(-9.502145407973,9.623455899746,22.4));
#9915 = CARTESIAN_POINT('',(-11.06885888545,9.65000611865,22.4));
#9916 = CARTESIAN_POINT('',(-12.56725773769,9.68602267767,22.4));
#9917 = CARTESIAN_POINT('',(-13.98898356738,9.810347266808,22.4));
#9918 = CARTESIAN_POINT('',(-15.37657107416,10.003257832058,22.4));
#9919 = CARTESIAN_POINT('',(-16.65976754364,10.253866175147,22.4));
#9920 = CARTESIAN_POINT('',(-17.87475124589,10.556919559953,22.4));
#9921 = CARTESIAN_POINT('',(-19.02418885108,10.907450062459,22.4));
#9922 = CARTESIAN_POINT('',(-20.13995773798,11.313848276896,22.4));
#9923 = CARTESIAN_POINT('',(-21.16633079481,11.751427632696,22.4));
#9924 = CARTESIAN_POINT('',(-22.13463492478,12.222151791377,22.4));
#9925 = CARTESIAN_POINT('',(-23.04336433443,12.729825005182,22.4));
#9926 = CARTESIAN_POINT('',(-23.93376159434,13.260952256266,22.4));
#9927 = CARTESIAN_POINT('',(-24.74652980208,13.813470505503,22.4));
#9928 = CARTESIAN_POINT('',(-25.51056190571,14.389523767208,22.4));
#9929 = CARTESIAN_POINT('',(-26.22692227576,14.989258311645,22.4));
#9930 = CARTESIAN_POINT('',(-26.91443427072,15.629115400462,22.4));
#9931 = CARTESIAN_POINT('',(-27.53903216706,16.275021553485,22.4));
#9932 = CARTESIAN_POINT('',(-28.12051050184,16.940707922079,22.4));
#9933 = CARTESIAN_POINT('',(-28.66028257671,17.625744048305,22.4));
#9934 = CARTESIAN_POINT('',(-29.17122610955,18.349647411773,22.4));
#9935 = CARTESIAN_POINT('',(-29.62776207307,19.074848787575,22.4));
#9936 = CARTESIAN_POINT('',(-30.04490396356,19.818723044973,22.4));
#9937 = CARTESIAN_POINT('',(-30.4231819425,20.581678161375,22.4));
#9938 = CARTESIAN_POINT('',(-30.77002928738,21.385316918264,22.4));
#9939 = CARTESIAN_POINT('',(-31.06742713609,22.188568566594,22.4));
#9940 = CARTESIAN_POINT('',(-31.32558976049,23.012060639153,22.4));
#9941 = CARTESIAN_POINT('',(-31.54392077587,23.856710497443,22.4));
#9942 = CARTESIAN_POINT('',(-31.72427607126,24.745942898789,22.4));
#9943 = CARTESIAN_POINT('',(-31.85601329985,25.634606688725,22.4));
#9944 = CARTESIAN_POINT('',(-31.94431897657,26.546242722624,22.4));
#9945 = CARTESIAN_POINT('',(-31.98628334165,27.48239973872,22.4));
#9946 = CARTESIAN_POINT('',(-31.9472094484,28.466242966525,22.4));
#9947 = CARTESIAN_POINT('',(-31.86438500572,29.446689640565,22.4));
#9948 = CARTESIAN_POINT('',(-31.72529293375,30.450530880581,22.4));
#9949 = CARTESIAN_POINT('',(-31.52932016417,31.478416405116,22.4));
#9950 = CARTESIAN_POINT('',(-31.26323436769,32.556452696028,22.4));
#9951 = CARTESIAN_POINT('',(-30.93699413097,33.628758216108,22.4));
#9952 = CARTESIAN_POINT('',(-30.54026344195,34.7258003724,22.4));
#9953 = CARTESIAN_POINT('',(-30.07038490943,35.84441275164,22.4));
#9954 = CARTESIAN_POINT('',(-29.49464362325,37.02424329005,22.4));
#9955 = CARTESIAN_POINT('',(-28.88068860826,38.152244188848,22.4));
#9956 = CARTESIAN_POINT('',(-28.03863778628,39.459557243211,22.4));
#9957 = CARTESIAN_POINT('',(-27.6608686788,40.127879577444,22.4));
#9958 = CARTESIAN_POINT('',(-25.80035697114,42.377535217442,22.4));
#9959 = CARTESIAN_POINT('',(-26.33981307967,41.76650220778,22.4));
#9960 = CARTESIAN_POINT('',(-26.3471485331,41.758181299267,22.4));
#9961 = CARTESIAN_POINT('',(-26.34714853224,41.758181300272,22.4));
#9962 = CARTESIAN_POINT('',(-26.34714853138,41.758181301276,22.4));
#9963 = CARTESIAN_POINT('',(-26.34714853052,41.75818130228,22.4));
#9964 = CARTESIAN_POINT('',(-26.0526710402,42.099793715686,22.4));
#9965 = CARTESIAN_POINT('',(-25.68747433041,42.52368484046,22.4));
#9966 = CARTESIAN_POINT('',(-25.23904258301,43.044471659842,22.4));
#9967 = PCURVE('',#2450,#9968);
#9968 = DEFINITIONAL_REPRESENTATION('',(#9969),#9973);
#9969 = LINE('',#9970,#9971);
#9970 = CARTESIAN_POINT('',(0.,-22.4));
#9971 = VECTOR('',#9972,1.);
#9972 = DIRECTION('',(1.,0.));
#9973 = ( GEOMETRIC_REPRESENTATION_CONTEXT(2) 
PARAMETRIC_REPRESENTATION_CONTEXT() REPRESENTATION_CONTEXT('2D SPACE',''
  ) );
#9974 = PCURVE('',#5472,#9975);
#9975 = DEFINITIONAL_REPRESENTATION('',(#9976),#10033);
#9976 = B_SPLINE_CURVE_WITH_KNOTS('',3,(#9977,#9978,#9979,#9980,#9981,
    #9982,#9983,#9984,#9985,#9986,#9987,#9988,#9989,#9990,#9991,#9992,
    #9993,#9994,#9995,#9996,#9997,#9998,#9999,#10000,#10001,#10002,
    #10003,#10004,#10005,#10006,#10007,#10008,#10009,#10010,#10011,
    #10012,#10013,#10014,#10015,#10016,#10017,#10018,#10019,#10020,
    #10021,#10022,#10023,#10024,#10025,#10026,#10027,#10028,#10029,
    #10030,#10031,#10032),.UNSPECIFIED.,.F.,.F.,(4,1,1,1,1,1,1,1,1,1,1,1
    ,1,1,1,1,1,1,1,1,1,1,1,1,1,1,1,1,1,1,1,1,1,1,1,1,1,1,1,1,1,1,1,1,1,1
    ,1,3,3,4),(0.,2.252840378147,3.947251251067,5.556769293497,
    6.973069313182,8.438034201878,9.836527608945,11.173881028628,
    12.358378394578,13.591674823614,14.777241775145,15.919070127373,
    16.937511191725,18.005608061592,19.040905950925,20.046909447572,
    20.952226144232,21.910527049393,22.848343890734,23.768545277515,
    24.604779330967,25.498993387072,26.383732766176,27.261734369083,
    28.068590979197,28.941306811933,29.815275751476,30.69326112534,
    31.509705745874,32.403313623746,33.30925058782,34.230483702873,
    35.097084585268,36.056205964867,37.039089037922,38.048588577934,
    39.007142758039,40.077976938895,41.186386250524,42.336589601129,
    43.439334281668,44.68291297016,45.982505886097,47.343769408886,
    48.660381123787,50.157957971193,51.73669345799,51.75772326206,
    53.205564838504,53.402350377676),.UNSPECIFIED.);
#9977 = CARTESIAN_POINT('',(-5.677248475798,9.159260313996));
#9978 = CARTESIAN_POINT('',(-6.419157071282,9.381570029705));
#9979 = CARTESIAN_POINT('',(-7.621806634367,10.011966278282));
#9980 = CARTESIAN_POINT('',(-9.502145407973,9.623455899746));
#9981 = CARTESIAN_POINT('',(-11.06885888545,9.65000611865));
#9982 = CARTESIAN_POINT('',(-12.56725773769,9.68602267767));
#9983 = CARTESIAN_POINT('',(-13.98898356738,9.810347266808));
#9984 = CARTESIAN_POINT('',(-15.37657107416,10.003257832058));
#9985 = CARTESIAN_POINT('',(-16.65976754364,10.253866175147));
#9986 = CARTESIAN_POINT('',(-17.87475124589,10.556919559953));
#9987 = CARTESIAN_POINT('',(-19.02418885108,10.907450062459));
#9988 = CARTESIAN_POINT('',(-20.13995773798,11.313848276896));
#9989 = CARTESIAN_POINT('',(-21.16633079481,11.751427632696));
#9990 = CARTESIAN_POINT('',(-22.13463492478,12.222151791377));
#9991 = CARTESIAN_POINT('',(-23.04336433443,12.729825005182));
#9992 = CARTESIAN_POINT('',(-23.93376159434,13.260952256266));
#9993 = CARTESIAN_POINT('',(-24.74652980208,13.813470505503));
#9994 = CARTESIAN_POINT('',(-25.51056190571,14.389523767208));
#9995 = CARTESIAN_POINT('',(-26.22692227576,14.989258311645));
#9996 = CARTESIAN_POINT('',(-26.91443427072,15.629115400462));
#9997 = CARTESIAN_POINT('',(-27.53903216706,16.275021553485));
#9998 = CARTESIAN_POINT('',(-28.12051050184,16.940707922079));
#9999 = CARTESIAN_POINT('',(-28.66028257671,17.625744048305));
#10000 = CARTESIAN_POINT('',(-29.17122610955,18.349647411773));
#10001 = CARTESIAN_POINT('',(-29.62776207307,19.074848787575));
#10002 = CARTESIAN_POINT('',(-30.04490396356,19.818723044973));
#10003 = CARTESIAN_POINT('',(-30.4231819425,20.581678161375));
#10004 = CARTESIAN_POINT('',(-30.77002928738,21.385316918264));
#10005 = CARTESIAN_POINT('',(-31.06742713609,22.188568566594));
#10006 = CARTESIAN_POINT('',(-31.32558976049,23.012060639153));
#10007 = CARTESIAN_POINT('',(-31.54392077587,23.856710497443));
#10008 = CARTESIAN_POINT('',(-31.72427607126,24.745942898789));
#10009 = CARTESIAN_POINT('',(-31.85601329985,25.634606688725));
#10010 = CARTESIAN_POINT('',(-31.94431897657,26.546242722624));
#10011 = CARTESIAN_POINT('',(-31.98628334165,27.48239973872));
#10012 = CARTESIAN_POINT('',(-31.9472094484,28.466242966525));
#10013 = CARTESIAN_POINT('',(-31.86438500572,29.446689640565));
#10014 = CARTESIAN_POINT('',(-31.72529293375,30.450530880581));
#10015 = CARTESIAN_POINT('',(-31.52932016417,31.478416405116));
#10016 = CARTESIAN_POINT('',(-31.26323436769,32.556452696028));
#10017 = CARTESIAN_POINT('',(-30.93699413097,33.628758216108));
#10018 = CARTESIAN_POINT('',(-30.54026344195,34.7258003724));
#10019 = CARTESIAN_POINT('',(-30.07038490943,35.84441275164));
#10020 = CARTESIAN_POINT('',(-29.49464362325,37.02424329005));
#10021 = CARTESIAN_POINT('',(-28.88068860826,38.152244188848));
#10022 = CARTESIAN_POINT('',(-28.03863778628,39.459557243211));
#10023 = CARTESIAN_POINT('',(-27.6608686788,40.127879577444));
#10024 = CARTESIAN_POINT('',(-25.80035697114,42.377535217442));
#10025 = CARTESIAN_POINT('',(-26.33981307967,41.76650220778));
#10026 = CARTESIAN_POINT('',(-26.3471485331,41.758181299267));
#10027 = CARTESIAN_POINT('',(-26.34714853224,41.758181300272));
#10028 = CARTESIAN_POINT('',(-26.34714853138,41.758181301276));
#10029 = CARTESIAN_POINT('',(-26.34714853052,41.75818130228));
#10030 = CARTESIAN_POINT('',(-26.0526710402,42.099793715686));
#10031 = CARTESIAN_POINT('',(-25.68747433041,42.52368484046));
#10032 = CARTESIAN_POINT('',(-25.23904258301,43.044471659842));
#10033 = ( GEOMETRIC_REPRESENTATION_CONTEXT(2) 
PARAMETRIC_REPRESENTATION_CONTEXT() REPRESENTATION_CONTEXT('2D SPACE',''
  ) );
#10034 = ORIENTED_EDGE('',*,*,#5902,.T.);
#10035 = ADVANCED_FACE('',(#10036),#2283,.T.);
#10036 = FACE_BOUND('',#10037,.T.);
#10037 = EDGE_LOOP('',(#10038,#10039,#10040,#10063));
#10038 = ORIENTED_EDGE('',*,*,#2269,.F.);
#10039 = ORIENTED_EDGE('',*,*,#5879,.F.);
#10040 = ORIENTED_EDGE('',*,*,#10041,.T.);
#10041 = EDGE_CURVE('',#5856,#10042,#10044,.T.);
#10042 = VERTEX_POINT('',#10043);
#10043 = CARTESIAN_POINT('',(-23.66095741698,41.652812830276,22.4));
#10044 = SURFACE_CURVE('',#10045,(#10049,#10056),.PCURVE_S1.);
#10045 = LINE('',#10046,#10047);
#10046 = CARTESIAN_POINT('',(-25.23904258301,43.044471659842,22.4));
#10047 = VECTOR('',#10048,1.);
#10048 = DIRECTION('',(0.750019207895,-0.661416047422,0.));
#10049 = PCURVE('',#2283,#10050);
#10050 = DEFINITIONAL_REPRESENTATION('',(#10051),#10055);
#10051 = LINE('',#10052,#10053);
#10052 = CARTESIAN_POINT('',(0.,-22.4));
#10053 = VECTOR('',#10054,1.);
#10054 = DIRECTION('',(1.,0.));
#10055 = ( GEOMETRIC_REPRESENTATION_CONTEXT(2) 
PARAMETRIC_REPRESENTATION_CONTEXT() REPRESENTATION_CONTEXT('2D SPACE',''
  ) );
#10056 = PCURVE('',#5472,#10057);
#10057 = DEFINITIONAL_REPRESENTATION('',(#10058),#10062);
#10058 = LINE('',#10059,#10060);
#10059 = CARTESIAN_POINT('',(-25.23904258301,43.044471659842));
#10060 = VECTOR('',#10061,1.);
#10061 = DIRECTION('',(0.750019207895,-0.661416047422));
#10062 = ( GEOMETRIC_REPRESENTATION_CONTEXT(2) 
PARAMETRIC_REPRESENTATION_CONTEXT() REPRESENTATION_CONTEXT('2D SPACE',''
  ) );
#10063 = ORIENTED_EDGE('',*,*,#10064,.F.);
#10064 = EDGE_CURVE('',#2099,#10042,#10065,.T.);
#10065 = SURFACE_CURVE('',#10066,(#10070,#10077),.PCURVE_S1.);
#10066 = LINE('',#10067,#10068);
#10067 = CARTESIAN_POINT('',(-23.66095741698,41.652812830276,0.));
#10068 = VECTOR('',#10069,1.);
#10069 = DIRECTION('',(0.,0.,1.));
#10070 = PCURVE('',#2283,#10071);
#10071 = DEFINITIONAL_REPRESENTATION('',(#10072),#10076);
#10072 = LINE('',#10073,#10074);
#10073 = CARTESIAN_POINT('',(2.104059668631,0.));
#10074 = VECTOR('',#10075,1.);
#10075 = DIRECTION('',(0.,-1.));
#10076 = ( GEOMETRIC_REPRESENTATION_CONTEXT(2) 
PARAMETRIC_REPRESENTATION_CONTEXT() REPRESENTATION_CONTEXT('2D SPACE',''
  ) );
#10077 = PCURVE('',#2208,#10078);
#10078 = DEFINITIONAL_REPRESENTATION('',(#10079),#10083);
#10079 = LINE('',#10080,#10081);
#10080 = CARTESIAN_POINT('',(0.,0.));
#10081 = VECTOR('',#10082,1.);
#10082 = DIRECTION('',(0.,-1.));
#10083 = ( GEOMETRIC_REPRESENTATION_CONTEXT(2) 
PARAMETRIC_REPRESENTATION_CONTEXT() REPRESENTATION_CONTEXT('2D SPACE',''
  ) );
#10084 = ADVANCED_FACE('',(#10085),#2208,.T.);
#10085 = FACE_BOUND('',#10086,.T.);
#10086 = EDGE_LOOP('',(#10087,#10088,#10089,#10206));
#10087 = ORIENTED_EDGE('',*,*,#2098,.F.);
#10088 = ORIENTED_EDGE('',*,*,#10064,.T.);
#10089 = ORIENTED_EDGE('',*,*,#10090,.T.);
#10090 = EDGE_CURVE('',#10042,#10091,#10093,.T.);
#10091 = VERTEX_POINT('',#10092);
#10092 = CARTESIAN_POINT('',(-6.103007624956,11.137472690415,22.4));
#10093 = SURFACE_CURVE('',#10094,(#10145,#10152),.PCURVE_S1.);
#10094 = B_SPLINE_CURVE_WITH_KNOTS('',3,(#10095,#10096,#10097,#10098,
    #10099,#10100,#10101,#10102,#10103,#10104,#10105,#10106,#10107,
    #10108,#10109,#10110,#10111,#10112,#10113,#10114,#10115,#10116,
    #10117,#10118,#10119,#10120,#10121,#10122,#10123,#10124,#10125,
    #10126,#10127,#10128,#10129,#10130,#10131,#10132,#10133,#10134,
    #10135,#10136,#10137,#10138,#10139,#10140,#10141,#10142,#10143,
    #10144),.UNSPECIFIED.,.F.,.F.,(4,1,1,1,1,1,1,1,1,1,1,1,1,1,1,1,1,1,1
    ,1,1,1,1,1,1,1,1,1,1,1,1,1,1,1,1,1,1,1,1,1,1,1,1,1,1,1,1,4),(0.,
    1.560399863547,3.026493159763,4.408519816062,5.616164948135,
    6.857176517943,8.034500324617,9.154049078322,10.140931914661,
    11.16430891518,12.14467057154,13.086344664582,13.924748692612,
    14.803128326675,15.653911875236,16.480955579096,17.226763352129,
    18.01856826362,18.796500931648,19.563479607115,20.264226339274,
    21.01815180319,21.769388657233,22.52071176954,23.216717634111,
    23.975961822176,24.743348723341,25.521634699363,26.252131546642,
    27.05917145937,27.885262969361,28.733262670931,29.538010575103,
    30.436403024908,31.365465694071,32.327889352555,33.24854348335,
    34.284117952136,35.363069228966,36.489379128657,37.574802555564,
    38.804527640271,40.095153684953,41.452119030183,42.768727723412,
    44.27040892768,45.857339500188,47.985194622019),.UNSPECIFIED.);
#10095 = CARTESIAN_POINT('',(-23.66095741698,41.652812830276,22.4));
#10096 = CARTESIAN_POINT('',(-23.98697773954,41.255184610729,22.4));
#10097 = CARTESIAN_POINT('',(-24.64743924496,40.480727751203,22.4));
#10098 = CARTESIAN_POINT('',(-25.51246309252,39.295404741202,22.4));
#10099 = CARTESIAN_POINT('',(-26.25892321349,38.166784517809,22.4));
#10100 = CARTESIAN_POINT('',(-26.90653631097,37.065861443909,22.4));
#10101 = CARTESIAN_POINT('',(-27.46618980168,35.993896283128,22.4));
#10102 = CARTESIAN_POINT('',(-27.95553243871,34.92031326304,22.4));
#10103 = CARTESIAN_POINT('',(-28.35583389483,33.900977591802,22.4));
#10104 = CARTESIAN_POINT('',(-28.68672962687,32.911141305743,22.4));
#10105 = CARTESIAN_POINT('',(-28.95395155755,31.95024503168,22.4));
#10106 = CARTESIAN_POINT('',(-29.16610163047,30.99117159351,22.4));
#10107 = CARTESIAN_POINT('',(-29.31684405153,30.08297863963,22.4));
#10108 = CARTESIAN_POINT('',(-29.41630908167,29.202141776503,22.4));
#10109 = CARTESIAN_POINT('',(-29.47109482187,28.347480817839,22.4));
#10110 = CARTESIAN_POINT('',(-29.47190446318,27.495170515485,22.4));
#10111 = CARTESIAN_POINT('',(-29.45927117824,26.68727301477,22.4));
#10112 = CARTESIAN_POINT('',(-29.40758293143,25.900389458925,22.4));
#10113 = CARTESIAN_POINT('',(-29.31769017715,25.133438307675,22.4));
#10114 = CARTESIAN_POINT('',(-29.18625036155,24.365335707332,22.4));
#10115 = CARTESIAN_POINT('',(-29.02108765858,23.63486792002,22.4));
#10116 = CARTESIAN_POINT('',(-28.8211961842,22.921509690741,22.4));
#10117 = CARTESIAN_POINT('',(-28.58698246216,22.224138121186,22.4));
#10118 = CARTESIAN_POINT('',(-28.31004638664,21.5244413345,22.4));
#10119 = CARTESIAN_POINT('',(-28.00457616169,20.857902635075,22.4));
#10120 = CARTESIAN_POINT('',(-27.66445497904,20.205423391146,22.4));
#10121 = CARTESIAN_POINT('',(-27.28889802044,19.566378665642,22.4));
#10122 = CARTESIAN_POINT('',(-26.86502413453,18.925155530315,22.4));
#10123 = CARTESIAN_POINT('',(-26.41363133243,18.314870290429,22.4));
#10124 = CARTESIAN_POINT('',(-25.92358151573,17.718045519697,22.4));
#10125 = CARTESIAN_POINT('',(-25.39315195447,17.134971775214,22.4));
#10126 = CARTESIAN_POINT('',(-24.80494425726,16.553037151269,22.4));
#10127 = CARTESIAN_POINT('',(-24.18745036125,16.003444304672,22.4));
#10128 = CARTESIAN_POINT('',(-23.52443357225,15.470350810395,22.4));
#10129 = CARTESIAN_POINT('',(-22.812476541,14.957084100568,22.4));
#10130 = CARTESIAN_POINT('',(-22.03352544363,14.44780697031,22.4));
#10131 = CARTESIAN_POINT('',(-21.20982810816,13.998819333962,22.4));
#10132 = CARTESIAN_POINT('',(-20.33575840865,13.571082206552,22.4));
#10133 = CARTESIAN_POINT('',(-19.40426137149,13.174830326445,22.4));
#10134 = CARTESIAN_POINT('',(-18.38882067114,12.804793143143,22.4));
#10135 = CARTESIAN_POINT('',(-17.33908375969,12.48478360513,22.4));
#10136 = CARTESIAN_POINT('',(-16.22556247684,12.207070084965,22.4));
#10137 = CARTESIAN_POINT('',(-15.04544314713,11.976658180422,22.4));
#10138 = CARTESIAN_POINT('',(-13.76418513662,11.798558710423,22.4));
#10139 = CARTESIAN_POINT('',(-12.44930717803,11.683875139608,22.4));
#10140 = CARTESIAN_POINT('',(-11.04842247595,11.648905995695,22.4));
#10141 = CARTESIAN_POINT('',(-9.619679368803,11.630737379209,22.4));
#10142 = CARTESIAN_POINT('',(-7.703865733988,11.966570666282,22.4));
#10143 = CARTESIAN_POINT('',(-7.055727547691,11.462375079453,22.4));
#10144 = CARTESIAN_POINT('',(-6.019486498557,11.108605330419,22.4));
#10145 = PCURVE('',#2208,#10146);
#10146 = DEFINITIONAL_REPRESENTATION('',(#10147),#10151);
#10147 = LINE('',#10148,#10149);
#10148 = CARTESIAN_POINT('',(0.,-22.4));
#10149 = VECTOR('',#10150,1.);
#10150 = DIRECTION('',(1.,0.));
#10151 = ( GEOMETRIC_REPRESENTATION_CONTEXT(2) 
PARAMETRIC_REPRESENTATION_CONTEXT() REPRESENTATION_CONTEXT('2D SPACE',''
  ) );
#10152 = PCURVE('',#5472,#10153);
#10153 = DEFINITIONAL_REPRESENTATION('',(#10154),#10205);
#10154 = B_SPLINE_CURVE_WITH_KNOTS('',3,(#10155,#10156,#10157,#10158,
    #10159,#10160,#10161,#10162,#10163,#10164,#10165,#10166,#10167,
    #10168,#10169,#10170,#10171,#10172,#10173,#10174,#10175,#10176,
    #10177,#10178,#10179,#10180,#10181,#10182,#10183,#10184,#10185,
    #10186,#10187,#10188,#10189,#10190,#10191,#10192,#10193,#10194,
    #10195,#10196,#10197,#10198,#10199,#10200,#10201,#10202,#10203,
    #10204),.UNSPECIFIED.,.F.,.F.,(4,1,1,1,1,1,1,1,1,1,1,1,1,1,1,1,1,1,1
    ,1,1,1,1,1,1,1,1,1,1,1,1,1,1,1,1,1,1,1,1,1,1,1,1,1,1,1,1,4),(0.,
    1.560399863547,3.026493159763,4.408519816062,5.616164948135,
    6.857176517943,8.034500324617,9.154049078322,10.140931914661,
    11.16430891518,12.14467057154,13.086344664582,13.924748692612,
    14.803128326675,15.653911875236,16.480955579096,17.226763352129,
    18.01856826362,18.796500931648,19.563479607115,20.264226339274,
    21.01815180319,21.769388657233,22.52071176954,23.216717634111,
    23.975961822176,24.743348723341,25.521634699363,26.252131546642,
    27.05917145937,27.885262969361,28.733262670931,29.538010575103,
    30.436403024908,31.365465694071,32.327889352555,33.24854348335,
    34.284117952136,35.363069228966,36.489379128657,37.574802555564,
    38.804527640271,40.095153684953,41.452119030183,42.768727723412,
    44.27040892768,45.857339500188,47.985194622019),.UNSPECIFIED.);
#10155 = CARTESIAN_POINT('',(-23.66095741698,41.652812830276));
#10156 = CARTESIAN_POINT('',(-23.98697773954,41.255184610729));
#10157 = CARTESIAN_POINT('',(-24.64743924496,40.480727751203));
#10158 = CARTESIAN_POINT('',(-25.51246309252,39.295404741202));
#10159 = CARTESIAN_POINT('',(-26.25892321349,38.166784517809));
#10160 = CARTESIAN_POINT('',(-26.90653631097,37.065861443909));
#10161 = CARTESIAN_POINT('',(-27.46618980168,35.993896283128));
#10162 = CARTESIAN_POINT('',(-27.95553243871,34.92031326304));
#10163 = CARTESIAN_POINT('',(-28.35583389483,33.900977591802));
#10164 = CARTESIAN_POINT('',(-28.68672962687,32.911141305743));
#10165 = CARTESIAN_POINT('',(-28.95395155755,31.95024503168));
#10166 = CARTESIAN_POINT('',(-29.16610163047,30.99117159351));
#10167 = CARTESIAN_POINT('',(-29.31684405153,30.08297863963));
#10168 = CARTESIAN_POINT('',(-29.41630908167,29.202141776503));
#10169 = CARTESIAN_POINT('',(-29.47109482187,28.347480817839));
#10170 = CARTESIAN_POINT('',(-29.47190446318,27.495170515485));
#10171 = CARTESIAN_POINT('',(-29.45927117824,26.68727301477));
#10172 = CARTESIAN_POINT('',(-29.40758293143,25.900389458925));
#10173 = CARTESIAN_POINT('',(-29.31769017715,25.133438307675));
#10174 = CARTESIAN_POINT('',(-29.18625036155,24.365335707332));
#10175 = CARTESIAN_POINT('',(-29.02108765858,23.63486792002));
#10176 = CARTESIAN_POINT('',(-28.8211961842,22.921509690741));
#10177 = CARTESIAN_POINT('',(-28.58698246216,22.224138121186));
#10178 = CARTESIAN_POINT('',(-28.31004638664,21.5244413345));
#10179 = CARTESIAN_POINT('',(-28.00457616169,20.857902635075));
#10180 = CARTESIAN_POINT('',(-27.66445497904,20.205423391146));
#10181 = CARTESIAN_POINT('',(-27.28889802044,19.566378665642));
#10182 = CARTESIAN_POINT('',(-26.86502413453,18.925155530315));
#10183 = CARTESIAN_POINT('',(-26.41363133243,18.314870290429));
#10184 = CARTESIAN_POINT('',(-25.92358151573,17.718045519697));
#10185 = CARTESIAN_POINT('',(-25.39315195447,17.134971775214));
#10186 = CARTESIAN_POINT('',(-24.80494425726,16.553037151269));
#10187 = CARTESIAN_POINT('',(-24.18745036125,16.003444304672));
#10188 = CARTESIAN_POINT('',(-23.52443357225,15.470350810395));
#10189 = CARTESIAN_POINT('',(-22.812476541,14.957084100568));
#10190 = CARTESIAN_POINT('',(-22.03352544363,14.44780697031));
#10191 = CARTESIAN_POINT('',(-21.20982810816,13.998819333962));
#10192 = CARTESIAN_POINT('',(-20.33575840865,13.571082206552));
#10193 = CARTESIAN_POINT('',(-19.40426137149,13.174830326445));
#10194 = CARTESIAN_POINT('',(-18.38882067114,12.804793143143));
#10195 = CARTESIAN_POINT('',(-17.33908375969,12.48478360513));
#10196 = CARTESIAN_POINT('',(-16.22556247684,12.207070084965));
#10197 = CARTESIAN_POINT('',(-15.04544314713,11.976658180422));
#10198 = CARTESIAN_POINT('',(-13.76418513662,11.798558710423));
#10199 = CARTESIAN_POINT('',(-12.44930717803,11.683875139608));
#10200 = CARTESIAN_POINT('',(-11.04842247595,11.648905995695));
#10201 = CARTESIAN_POINT('',(-9.619679368803,11.630737379209));
#10202 = CARTESIAN_POINT('',(-7.703865733988,11.966570666282));
#10203 = CARTESIAN_POINT('',(-7.055727547691,11.462375079453));
#10204 = CARTESIAN_POINT('',(-6.019486498557,11.108605330419));
#10205 = ( GEOMETRIC_REPRESENTATION_CONTEXT(2) 
PARAMETRIC_REPRESENTATION_CONTEXT() REPRESENTATION_CONTEXT('2D SPACE',''
  ) );
#10206 = ORIENTED_EDGE('',*,*,#10207,.T.);
#10207 = EDGE_CURVE('',#10091,#2070,#10208,.T.);
#10208 = SURFACE_CURVE('',#10209,(#10215,#10224),.PCURVE_S1.);
#10209 = B_SPLINE_CURVE_WITH_KNOTS('',4,(#10210,#10211,#10212,#10213,
    #10214),.UNSPECIFIED.,.F.,.F.,(5,5),(0.,1.),
  .PIECEWISE_BEZIER_KNOTS.);
#10210 = CARTESIAN_POINT('',(-6.103007624955,11.137472690415,22.4000006)
  );
#10211 = CARTESIAN_POINT('',(-6.103007624955,11.137472690415,16.8000003)
  );
#10212 = CARTESIAN_POINT('',(-6.103007624955,11.137472690415,11.2));
#10213 = CARTESIAN_POINT('',(-6.103007624955,11.137472690415,5.5999997)
  );
#10214 = CARTESIAN_POINT('',(-6.103007624955,11.137472690415,-6.E-07));
#10215 = PCURVE('',#2208,#10216);
#10216 = DEFINITIONAL_REPRESENTATION('',(#10217),#10223);
#10217 = B_SPLINE_CURVE_WITH_KNOTS('',4,(#10218,#10219,#10220,#10221,
    #10222),.UNSPECIFIED.,.F.,.F.,(5,5),(0.,1.),
  .PIECEWISE_BEZIER_KNOTS.);
#10218 = CARTESIAN_POINT('',(47.927018056643,-22.4000006));
#10219 = CARTESIAN_POINT('',(47.927018056643,-16.8000003));
#10220 = CARTESIAN_POINT('',(47.927018056643,-11.2));
#10221 = CARTESIAN_POINT('',(47.927018056643,-5.5999997));
#10222 = CARTESIAN_POINT('',(47.927018056643,5.999999999062E-07));
#10223 = ( GEOMETRIC_REPRESENTATION_CONTEXT(2) 
PARAMETRIC_REPRESENTATION_CONTEXT() REPRESENTATION_CONTEXT('2D SPACE',''
  ) );
#10224 = PCURVE('',#2086,#10225);
#10225 = DEFINITIONAL_REPRESENTATION('',(#10226),#10232);
#10226 = B_SPLINE_CURVE_WITH_KNOTS('',4,(#10227,#10228,#10229,#10230,
    #10231),.UNSPECIFIED.,.F.,.F.,(5,5),(0.,1.),
  .PIECEWISE_BEZIER_KNOTS.);
#10227 = CARTESIAN_POINT('',(-2.07208012427,-22.4000006));
#10228 = CARTESIAN_POINT('',(-2.07208012427,-16.8000003));
#10229 = CARTESIAN_POINT('',(-2.07208012427,-11.2));
#10230 = CARTESIAN_POINT('',(-2.07208012427,-5.5999997));
#10231 = CARTESIAN_POINT('',(-2.07208012427,5.999999999062E-07));
#10232 = ( GEOMETRIC_REPRESENTATION_CONTEXT(2) 
PARAMETRIC_REPRESENTATION_CONTEXT() REPRESENTATION_CONTEXT('2D SPACE',''
  ) );
#10233 = ADVANCED_FACE('',(#10234),#2086,.T.);
#10234 = FACE_BOUND('',#10235,.F.);
#10235 = EDGE_LOOP('',(#10236,#10237,#10293,#10315));
#10236 = ORIENTED_EDGE('',*,*,#2069,.F.);
#10237 = ORIENTED_EDGE('',*,*,#10238,.F.);
#10238 = EDGE_CURVE('',#10239,#1881,#10241,.T.);
#10239 = VERTEX_POINT('',#10240);
#10240 = CARTESIAN_POINT('',(-2.069156628226,12.530306893603,22.4));
#10241 = SURFACE_CURVE('',#10242,(#10257,#10275),.PCURVE_S1.);
#10242 = B_SPLINE_CURVE_WITH_KNOTS('',4,(#10243,#10244,#10245,#10246,
    #10247,#10248,#10249,#10250,#10251,#10252,#10253,#10254,#10255,
    #10256),.UNSPECIFIED.,.F.,.F.,(5,3,3,3,5),(0.,0.25,0.5,0.75,1.),
  .UNSPECIFIED.);
#10243 = CARTESIAN_POINT('',(-2.069156628226,12.530306893603,22.4000006)
  );
#10244 = CARTESIAN_POINT('',(-2.069156628226,12.530306893603,
    21.000000525));
#10245 = CARTESIAN_POINT('',(-2.069156628226,12.530306893603,19.60000045
    ));
#10246 = CARTESIAN_POINT('',(-2.069156628226,12.530306893603,
    18.200000375));
#10247 = CARTESIAN_POINT('',(-2.069156628226,12.530306893603,
    15.400000225));
#10248 = CARTESIAN_POINT('',(-2.069156628226,12.530306893603,14.00000015
    ));
#10249 = CARTESIAN_POINT('',(-2.069156628226,12.530306893603,
    12.600000075));
#10250 = CARTESIAN_POINT('',(-2.069156628226,12.530306893603,9.799999925
    ));
#10251 = CARTESIAN_POINT('',(-2.069156628226,12.530306893603,8.39999985)
  );
#10252 = CARTESIAN_POINT('',(-2.069156628226,12.530306893603,6.999999775
    ));
#10253 = CARTESIAN_POINT('',(-2.069156628226,12.530306893603,4.199999625
    ));
#10254 = CARTESIAN_POINT('',(-2.069156628226,12.530306893603,2.79999955)
  );
#10255 = CARTESIAN_POINT('',(-2.069156628226,12.530306893603,1.399999475
    ));
#10256 = CARTESIAN_POINT('',(-2.069156628226,12.530306893603,-6.E-07));
#10257 = PCURVE('',#2086,#10258);
#10258 = DEFINITIONAL_REPRESENTATION('',(#10259),#10274);
#10259 = B_SPLINE_CURVE_WITH_KNOTS('',4,(#10260,#10261,#10262,#10263,
    #10264,#10265,#10266,#10267,#10268,#10269,#10270,#10271,#10272,
    #10273),.UNSPECIFIED.,.F.,.F.,(5,3,3,3,5),(0.,0.25,0.5,0.75,1.),
  .UNSPECIFIED.);
#10260 = CARTESIAN_POINT('',(-1.734451599056,-22.4000006));
#10261 = CARTESIAN_POINT('',(-1.734451599056,-21.000000525));
#10262 = CARTESIAN_POINT('',(-1.734451599056,-19.60000045));
#10263 = CARTESIAN_POINT('',(-1.734451599056,-18.200000375));
#10264 = CARTESIAN_POINT('',(-1.734451599056,-15.400000225));
#10265 = CARTESIAN_POINT('',(-1.734451599056,-14.00000015));
#10266 = CARTESIAN_POINT('',(-1.734451599056,-12.600000075));
#10267 = CARTESIAN_POINT('',(-1.734451599056,-9.799999925));
#10268 = CARTESIAN_POINT('',(-1.734451599056,-8.39999985));
#10269 = CARTESIAN_POINT('',(-1.734451599056,-6.999999775));
#10270 = CARTESIAN_POINT('',(-1.734451599056,-4.199999625));
#10271 = CARTESIAN_POINT('',(-1.734451599056,-2.79999955));
#10272 = CARTESIAN_POINT('',(-1.734451599056,-1.399999475));
#10273 = CARTESIAN_POINT('',(-1.734451599056,5.999999999062E-07));
#10274 = ( GEOMETRIC_REPRESENTATION_CONTEXT(2) 
PARAMETRIC_REPRESENTATION_CONTEXT() REPRESENTATION_CONTEXT('2D SPACE',''
  ) );
#10275 = PCURVE('',#2002,#10276);
#10276 = DEFINITIONAL_REPRESENTATION('',(#10277),#10292);
#10277 = B_SPLINE_CURVE_WITH_KNOTS('',4,(#10278,#10279,#10280,#10281,
    #10282,#10283,#10284,#10285,#10286,#10287,#10288,#10289,#10290,
    #10291),.UNSPECIFIED.,.F.,.F.,(5,3,3,3,5),(0.,0.25,0.5,0.75,1.),
  .UNSPECIFIED.);
#10278 = CARTESIAN_POINT('',(2.479811260551,-22.4000006));
#10279 = CARTESIAN_POINT('',(2.479811260551,-21.000000525));
#10280 = CARTESIAN_POINT('',(2.479811260551,-19.60000045));
#10281 = CARTESIAN_POINT('',(2.479811260551,-18.200000375));
#10282 = CARTESIAN_POINT('',(2.479811260551,-15.400000225));
#10283 = CARTESIAN_POINT('',(2.479811260551,-14.00000015));
#10284 = CARTESIAN_POINT('',(2.479811260551,-12.600000075));
#10285 = CARTESIAN_POINT('',(2.479811260551,-9.799999925));
#10286 = CARTESIAN_POINT('',(2.479811260551,-8.39999985));
#10287 = CARTESIAN_POINT('',(2.479811260551,-6.999999775));
#10288 = CARTESIAN_POINT('',(2.479811260551,-4.199999625));
#10289 = CARTESIAN_POINT('',(2.479811260551,-2.79999955));
#10290 = CARTESIAN_POINT('',(2.479811260551,-1.399999475));
#10291 = CARTESIAN_POINT('',(2.479811260551,5.999999999062E-07));
#10292 = ( GEOMETRIC_REPRESENTATION_CONTEXT(2) 
PARAMETRIC_REPRESENTATION_CONTEXT() REPRESENTATION_CONTEXT('2D SPACE',''
  ) );
#10293 = ORIENTED_EDGE('',*,*,#10294,.T.);
#10294 = EDGE_CURVE('',#10239,#10091,#10295,.T.);
#10295 = SURFACE_CURVE('',#10296,(#10301,#10308),.PCURVE_S1.);
#10296 = CIRCLE('',#10297,12.7);
#10297 = AXIS2_PLACEMENT_3D('',#10298,#10299,#10300);
#10298 = CARTESIAN_POINT('',(0.,0.,22.4));
#10299 = DIRECTION('',(0.,0.,1.));
#10300 = DIRECTION('',(1.,0.,0.));
#10301 = PCURVE('',#2086,#10302);
#10302 = DEFINITIONAL_REPRESENTATION('',(#10303),#10307);
#10303 = LINE('',#10304,#10305);
#10304 = CARTESIAN_POINT('',(-0.,-22.4));
#10305 = VECTOR('',#10306,1.);
#10306 = DIRECTION('',(-1.,0.));
#10307 = ( GEOMETRIC_REPRESENTATION_CONTEXT(2) 
PARAMETRIC_REPRESENTATION_CONTEXT() REPRESENTATION_CONTEXT('2D SPACE',''
  ) );
#10308 = PCURVE('',#5472,#10309);
#10309 = DEFINITIONAL_REPRESENTATION('',(#10310),#10314);
#10310 = CIRCLE('',#10311,12.7);
#10311 = AXIS2_PLACEMENT_2D('',#10312,#10313);
#10312 = CARTESIAN_POINT('',(3.500646739301E-15,2.041077998579E-15));
#10313 = DIRECTION('',(1.,0.));
#10314 = ( GEOMETRIC_REPRESENTATION_CONTEXT(2) 
PARAMETRIC_REPRESENTATION_CONTEXT() REPRESENTATION_CONTEXT('2D SPACE',''
  ) );
#10315 = ORIENTED_EDGE('',*,*,#10207,.T.);
#10316 = ADVANCED_FACE('',(#10317),#2002,.T.);
#10317 = FACE_BOUND('',#10318,.T.);
#10318 = EDGE_LOOP('',(#10319,#10320,#10321,#10448));
#10319 = ORIENTED_EDGE('',*,*,#1880,.F.);
#10320 = ORIENTED_EDGE('',*,*,#10238,.F.);
#10321 = ORIENTED_EDGE('',*,*,#10322,.T.);
#10322 = EDGE_CURVE('',#10239,#5800,#10323,.T.);
#10323 = SURFACE_CURVE('',#10324,(#10381,#10388),.PCURVE_S1.);
#10324 = B_SPLINE_CURVE_WITH_KNOTS('',3,(#10325,#10326,#10327,#10328,
    #10329,#10330,#10331,#10332,#10333,#10334,#10335,#10336,#10337,
    #10338,#10339,#10340,#10341,#10342,#10343,#10344,#10345,#10346,
    #10347,#10348,#10349,#10350,#10351,#10352,#10353,#10354,#10355,
    #10356,#10357,#10358,#10359,#10360,#10361,#10362,#10363,#10364,
    #10365,#10366,#10367,#10368,#10369,#10370,#10371,#10372,#10373,
    #10374,#10375,#10376,#10377,#10378,#10379,#10380),.UNSPECIFIED.,.F.,
  .F.,(4,1,1,1,1,1,1,1,1,1,1,1,1,1,1,1,1,1,1,1,1,1,1,1,1,1,1,1,1,1,1,1,1
    ,1,1,1,1,1,1,1,1,1,1,1,1,1,1,3,3,4),(0.,2.252840378147,
    3.947251251067,5.556769293497,6.973069313182,8.438034201878,
    9.836527608945,11.173881028628,12.358378394578,13.591674823614,
    14.777241775145,15.919070127373,16.937511191725,18.005608061592,
    19.040905950925,20.046909447572,20.952226144232,21.910527049393,
    22.848343890734,23.768545277515,24.604779330967,25.498993387072,
    26.383732766176,27.261734369083,28.068590979197,28.941306811933,
    29.815275751476,30.69326112534,31.509705745874,32.403313623746,
    33.30925058782,34.230483702873,35.097084585268,36.056205964867,
    37.039089037922,38.048588577934,39.007142758039,40.077976938895,
    41.186386250524,42.336589601129,43.439334281668,44.68291297016,
    45.982505886097,47.343769408886,48.660381123787,50.157957971193,
    51.73669345799,51.75772326206,53.205564838504,53.402350377676),
  .UNSPECIFIED.);
#10325 = CARTESIAN_POINT('',(-0.337011246639,10.770776349694,22.4));
#10326 = CARTESIAN_POINT('',(-0.868368079761,11.334256508748,22.4));
#10327 = CARTESIAN_POINT('',(-1.594695028954,12.481520456009,22.4));
#10328 = CARTESIAN_POINT('',(-3.417371363885,13.085229985366,22.4));
#10329 = CARTESIAN_POINT('',(-4.760909926385,13.891579888154,22.4));
#10330 = CARTESIAN_POINT('',(-6.040553117913,14.671970569341,22.4));
#10331 = CARTESIAN_POINT('',(-7.209641509072,15.490501736694,22.4));
#10332 = CARTESIAN_POINT('',(-8.314872257293,16.35136094025,22.4));
#10333 = CARTESIAN_POINT('',(-9.300848826366,17.209992366506,22.4));
#10334 = CARTESIAN_POINT('',(-10.20152888529,18.079936147573,22.4));
#10335 = CARTESIAN_POINT('',(-11.0217058002,18.958223270144,22.4));
#10336 = CARTESIAN_POINT('',(-11.78479089379,19.868058891348,22.4));
#10337 = CARTESIAN_POINT('',(-12.45486635686,20.760200258057,22.4));
#10338 = CARTESIAN_POINT('',(-13.05808025267,21.652011402635,22.4));
#10339 = CARTESIAN_POINT('',(-13.59122639969,22.546034007437,22.4));
#10340 = CARTESIAN_POINT('',(-14.09676942069,23.451202329473,22.4));
#10341 = CARTESIAN_POINT('',(-14.52438821135,24.336081273234,22.4));
#10342 = CARTESIAN_POINT('',(-14.89803279155,25.216974083618,22.4));
#10343 = CARTESIAN_POINT('',(-15.21855179807,26.094539619655,22.4));
#10344 = CARTESIAN_POINT('',(-15.4940261067,26.992428110842,22.4));
#10345 = CARTESIAN_POINT('',(-15.71199067557,27.86409819599,22.4));
#10346 = CARTESIAN_POINT('',(-15.88272250094,28.731338669535,22.4));
#10347 = CARTESIAN_POINT('',(-16.00766076692,29.594483394794,22.4));
#10348 = CARTESIAN_POINT('',(-16.08819916452,30.476873863858,22.4));
#10349 = CARTESIAN_POINT('',(-16.12097021877,31.333184659924,22.4));
#10350 = CARTESIAN_POINT('',(-16.11028856422,32.185969609299,22.4));
#10351 = CARTESIAN_POINT('',(-16.05640934548,33.03584711152,22.4));
#10352 = CARTESIAN_POINT('',(-15.95496857893,33.905242362889,22.4));
#10353 = CARTESIAN_POINT('',(-15.81089684678,34.749577620332,22.4));
#10354 = CARTESIAN_POINT('',(-15.62272620154,35.591823987182,22.4));
#10355 = CARTESIAN_POINT('',(-15.38948147815,36.432477729456,22.4));
#10356 = CARTESIAN_POINT('',(-15.10105754498,37.292753226581,22.4));
#10357 = CARTESIAN_POINT('',(-14.7708134366,38.128227258384,22.4));
#10358 = CARTESIAN_POINT('',(-14.39147037899,38.961880061106,22.4));
#10359 = CARTESIAN_POINT('',(-13.95973407716,39.793598001519,22.4));
#10360 = CARTESIAN_POINT('',(-13.43397347907,40.626094283512,22.4));
#10361 = CARTESIAN_POINT('',(-12.87202207064,41.433773788949,22.4));
#10362 = CARTESIAN_POINT('',(-12.24964418284,42.233579768184,22.4));
#10363 = CARTESIAN_POINT('',(-11.56598402366,43.02576835982,22.4));
#10364 = CARTESIAN_POINT('',(-10.79652881887,43.826332275712,22.4));
#10365 = CARTESIAN_POINT('',(-9.977843726103,44.591855978363,22.4));
#10366 = CARTESIAN_POINT('',(-9.085743792799,45.343557010222,22.4));
#10367 = CARTESIAN_POINT('',(-8.119510857322,46.07736448137,22.4));
#10368 = CARTESIAN_POINT('',(-7.03098900828,46.811257056705,22.4));
#10369 = CARTESIAN_POINT('',(-5.935287919124,47.481156983063,22.4));
#10370 = CARTESIAN_POINT('',(-4.552393988828,48.19229788785,22.4));
#10371 = CARTESIAN_POINT('',(-3.89107517787,48.582197453473,22.4));
#10372 = CARTESIAN_POINT('',(-1.154996954994,49.600200533646,22.4));
#10373 = CARTESIAN_POINT('',(-1.927696154043,49.340758478995,22.4));
#10374 = CARTESIAN_POINT('',(-1.938209297319,49.337220087555,22.4));
#10375 = CARTESIAN_POINT('',(-1.938209296072,49.337220087995,22.4));
#10376 = CARTESIAN_POINT('',(-1.938209294826,49.337220088435,22.4));
#10377 = CARTESIAN_POINT('',(-1.938209293579,49.337220088875,22.4));
#10378 = CARTESIAN_POINT('',(-1.512378099413,49.485826371971,22.4));
#10379 = CARTESIAN_POINT('',(-0.984162908972,49.670328499571,22.4));
#10380 = CARTESIAN_POINT('',(-0.335416214167,49.897127241411,22.4));
#10381 = PCURVE('',#2002,#10382);
#10382 = DEFINITIONAL_REPRESENTATION('',(#10383),#10387);
#10383 = LINE('',#10384,#10385);
#10384 = CARTESIAN_POINT('',(0.,-22.4));
#10385 = VECTOR('',#10386,1.);
#10386 = DIRECTION('',(1.,0.));
#10387 = ( GEOMETRIC_REPRESENTATION_CONTEXT(2) 
PARAMETRIC_REPRESENTATION_CONTEXT() REPRESENTATION_CONTEXT('2D SPACE',''
  ) );
#10388 = PCURVE('',#5472,#10389);
#10389 = DEFINITIONAL_REPRESENTATION('',(#10390),#10447);
#10390 = B_SPLINE_CURVE_WITH_KNOTS('',3,(#10391,#10392,#10393,#10394,
    #10395,#10396,#10397,#10398,#10399,#10400,#10401,#10402,#10403,
    #10404,#10405,#10406,#10407,#10408,#10409,#10410,#10411,#10412,
    #10413,#10414,#10415,#10416,#10417,#10418,#10419,#10420,#10421,
    #10422,#10423,#10424,#10425,#10426,#10427,#10428,#10429,#10430,
    #10431,#10432,#10433,#10434,#10435,#10436,#10437,#10438,#10439,
    #10440,#10441,#10442,#10443,#10444,#10445,#10446),.UNSPECIFIED.,.F.,
  .F.,(4,1,1,1,1,1,1,1,1,1,1,1,1,1,1,1,1,1,1,1,1,1,1,1,1,1,1,1,1,1,1,1,1
    ,1,1,1,1,1,1,1,1,1,1,1,1,1,1,3,3,4),(0.,2.252840378147,
    3.947251251067,5.556769293497,6.973069313182,8.438034201878,
    9.836527608945,11.173881028628,12.358378394578,13.591674823614,
    14.777241775145,15.919070127373,16.937511191725,18.005608061592,
    19.040905950925,20.046909447572,20.952226144232,21.910527049393,
    22.848343890734,23.768545277515,24.604779330967,25.498993387072,
    26.383732766176,27.261734369083,28.068590979197,28.941306811933,
    29.815275751476,30.69326112534,31.509705745874,32.403313623746,
    33.30925058782,34.230483702873,35.097084585268,36.056205964867,
    37.039089037922,38.048588577934,39.007142758039,40.077976938895,
    41.186386250524,42.336589601129,43.439334281668,44.68291297016,
    45.982505886097,47.343769408886,48.660381123787,50.157957971193,
    51.73669345799,51.75772326206,53.205564838504,53.402350377676),
  .UNSPECIFIED.);
#10391 = CARTESIAN_POINT('',(-0.337011246639,10.770776349694));
#10392 = CARTESIAN_POINT('',(-0.868368079761,11.334256508748));
#10393 = CARTESIAN_POINT('',(-1.594695028954,12.481520456009));
#10394 = CARTESIAN_POINT('',(-3.417371363885,13.085229985366));
#10395 = CARTESIAN_POINT('',(-4.760909926385,13.891579888154));
#10396 = CARTESIAN_POINT('',(-6.040553117913,14.671970569341));
#10397 = CARTESIAN_POINT('',(-7.209641509072,15.490501736694));
#10398 = CARTESIAN_POINT('',(-8.314872257293,16.35136094025));
#10399 = CARTESIAN_POINT('',(-9.300848826366,17.209992366506));
#10400 = CARTESIAN_POINT('',(-10.20152888529,18.079936147573));
#10401 = CARTESIAN_POINT('',(-11.0217058002,18.958223270144));
#10402 = CARTESIAN_POINT('',(-11.78479089379,19.868058891348));
#10403 = CARTESIAN_POINT('',(-12.45486635686,20.760200258057));
#10404 = CARTESIAN_POINT('',(-13.05808025267,21.652011402635));
#10405 = CARTESIAN_POINT('',(-13.59122639969,22.546034007437));
#10406 = CARTESIAN_POINT('',(-14.09676942069,23.451202329473));
#10407 = CARTESIAN_POINT('',(-14.52438821135,24.336081273234));
#10408 = CARTESIAN_POINT('',(-14.89803279155,25.216974083618));
#10409 = CARTESIAN_POINT('',(-15.21855179807,26.094539619655));
#10410 = CARTESIAN_POINT('',(-15.4940261067,26.992428110842));
#10411 = CARTESIAN_POINT('',(-15.71199067557,27.86409819599));
#10412 = CARTESIAN_POINT('',(-15.88272250094,28.731338669535));
#10413 = CARTESIAN_POINT('',(-16.00766076692,29.594483394794));
#10414 = CARTESIAN_POINT('',(-16.08819916452,30.476873863858));
#10415 = CARTESIAN_POINT('',(-16.12097021877,31.333184659924));
#10416 = CARTESIAN_POINT('',(-16.11028856422,32.185969609299));
#10417 = CARTESIAN_POINT('',(-16.05640934548,33.03584711152));
#10418 = CARTESIAN_POINT('',(-15.95496857893,33.905242362889));
#10419 = CARTESIAN_POINT('',(-15.81089684678,34.749577620332));
#10420 = CARTESIAN_POINT('',(-15.62272620154,35.591823987182));
#10421 = CARTESIAN_POINT('',(-15.38948147815,36.432477729456));
#10422 = CARTESIAN_POINT('',(-15.10105754498,37.292753226581));
#10423 = CARTESIAN_POINT('',(-14.7708134366,38.128227258384));
#10424 = CARTESIAN_POINT('',(-14.39147037899,38.961880061106));
#10425 = CARTESIAN_POINT('',(-13.95973407716,39.793598001519));
#10426 = CARTESIAN_POINT('',(-13.43397347907,40.626094283512));
#10427 = CARTESIAN_POINT('',(-12.87202207064,41.433773788949));
#10428 = CARTESIAN_POINT('',(-12.24964418284,42.233579768184));
#10429 = CARTESIAN_POINT('',(-11.56598402366,43.02576835982));
#10430 = CARTESIAN_POINT('',(-10.79652881887,43.826332275712));
#10431 = CARTESIAN_POINT('',(-9.977843726103,44.591855978363));
#10432 = CARTESIAN_POINT('',(-9.085743792799,45.343557010222));
#10433 = CARTESIAN_POINT('',(-8.119510857322,46.07736448137));
#10434 = CARTESIAN_POINT('',(-7.03098900828,46.811257056705));
#10435 = CARTESIAN_POINT('',(-5.935287919124,47.481156983063));
#10436 = CARTESIAN_POINT('',(-4.552393988828,48.19229788785));
#10437 = CARTESIAN_POINT('',(-3.89107517787,48.582197453473));
#10438 = CARTESIAN_POINT('',(-1.154996954994,49.600200533646));
#10439 = CARTESIAN_POINT('',(-1.927696154043,49.340758478995));
#10440 = CARTESIAN_POINT('',(-1.938209297319,49.337220087555));
#10441 = CARTESIAN_POINT('',(-1.938209296072,49.337220087995));
#10442 = CARTESIAN_POINT('',(-1.938209294826,49.337220088435));
#10443 = CARTESIAN_POINT('',(-1.938209293579,49.337220088875));
#10444 = CARTESIAN_POINT('',(-1.512378099413,49.485826371971));
#10445 = CARTESIAN_POINT('',(-0.984162908972,49.670328499571));
#10446 = CARTESIAN_POINT('',(-0.335416214167,49.897127241411));
#10447 = ( GEOMETRIC_REPRESENTATION_CONTEXT(2) 
PARAMETRIC_REPRESENTATION_CONTEXT() REPRESENTATION_CONTEXT('2D SPACE',''
  ) );
#10448 = ORIENTED_EDGE('',*,*,#5799,.T.);
#10449 = ADVANCED_FACE('',(#10450),#1835,.T.);
#10450 = FACE_BOUND('',#10451,.T.);
#10451 = EDGE_LOOP('',(#10452,#10453,#10454,#10477));
#10452 = ORIENTED_EDGE('',*,*,#1821,.F.);
#10453 = ORIENTED_EDGE('',*,*,#5776,.F.);
#10454 = ORIENTED_EDGE('',*,*,#10455,.T.);
#10455 = EDGE_CURVE('',#5753,#10456,#10458,.T.);
#10456 = VERTEX_POINT('',#10457);
#10457 = CARTESIAN_POINT('',(0.335416214168,47.902872758589,22.4));
#10458 = SURFACE_CURVE('',#10459,(#10463,#10470),.PCURVE_S1.);
#10459 = LINE('',#10460,#10461);
#10460 = CARTESIAN_POINT('',(-0.335416214167,49.897127241411,22.4));
#10461 = VECTOR('',#10462,1.);
#10462 = DIRECTION('',(0.318827663653,-0.947812703486,0.));
#10463 = PCURVE('',#1835,#10464);
#10464 = DEFINITIONAL_REPRESENTATION('',(#10465),#10469);
#10465 = LINE('',#10466,#10467);
#10466 = CARTESIAN_POINT('',(0.,-22.4));
#10467 = VECTOR('',#10468,1.);
#10468 = DIRECTION('',(1.,0.));
#10469 = ( GEOMETRIC_REPRESENTATION_CONTEXT(2) 
PARAMETRIC_REPRESENTATION_CONTEXT() REPRESENTATION_CONTEXT('2D SPACE',''
  ) );
#10470 = PCURVE('',#5472,#10471);
#10471 = DEFINITIONAL_REPRESENTATION('',(#10472),#10476);
#10472 = LINE('',#10473,#10474);
#10473 = CARTESIAN_POINT('',(-0.335416214167,49.897127241411));
#10474 = VECTOR('',#10475,1.);
#10475 = DIRECTION('',(0.318827663653,-0.947812703486));
#10476 = ( GEOMETRIC_REPRESENTATION_CONTEXT(2) 
PARAMETRIC_REPRESENTATION_CONTEXT() REPRESENTATION_CONTEXT('2D SPACE',''
  ) );
#10477 = ORIENTED_EDGE('',*,*,#10478,.F.);
#10478 = EDGE_CURVE('',#1651,#10456,#10479,.T.);
#10479 = SURFACE_CURVE('',#10480,(#10484,#10491),.PCURVE_S1.);
#10480 = LINE('',#10481,#10482);
#10481 = CARTESIAN_POINT('',(0.335416214168,47.902872758589,0.));
#10482 = VECTOR('',#10483,1.);
#10483 = DIRECTION('',(0.,0.,1.));
#10484 = PCURVE('',#1835,#10485);
#10485 = DEFINITIONAL_REPRESENTATION('',(#10486),#10490);
#10486 = LINE('',#10487,#10488);
#10487 = CARTESIAN_POINT('',(2.104059668631,0.));
#10488 = VECTOR('',#10489,1.);
#10489 = DIRECTION('',(0.,-1.));
#10490 = ( GEOMETRIC_REPRESENTATION_CONTEXT(2) 
PARAMETRIC_REPRESENTATION_CONTEXT() REPRESENTATION_CONTEXT('2D SPACE',''
  ) );
#10491 = PCURVE('',#1760,#10492);
#10492 = DEFINITIONAL_REPRESENTATION('',(#10493),#10497);
#10493 = LINE('',#10494,#10495);
#10494 = CARTESIAN_POINT('',(0.,0.));
#10495 = VECTOR('',#10496,1.);
#10496 = DIRECTION('',(0.,-1.));
#10497 = ( GEOMETRIC_REPRESENTATION_CONTEXT(2) 
PARAMETRIC_REPRESENTATION_CONTEXT() REPRESENTATION_CONTEXT('2D SPACE',''
  ) );
#10498 = ADVANCED_FACE('',(#10499),#1760,.T.);
#10499 = FACE_BOUND('',#10500,.T.);
#10500 = EDGE_LOOP('',(#10501,#10502,#10503,#10620));
#10501 = ORIENTED_EDGE('',*,*,#1650,.F.);
#10502 = ORIENTED_EDGE('',*,*,#10478,.T.);
#10503 = ORIENTED_EDGE('',*,*,#10504,.T.);
#10504 = EDGE_CURVE('',#10456,#10505,#10507,.T.);
#10505 = VERTEX_POINT('',#10506);
#10506 = CARTESIAN_POINT('',(0.283376702506,12.696838096332,22.4));
#10507 = SURFACE_CURVE('',#10508,(#10559,#10566),.PCURVE_S1.);
#10508 = B_SPLINE_CURVE_WITH_KNOTS('',3,(#10509,#10510,#10511,#10512,
    #10513,#10514,#10515,#10516,#10517,#10518,#10519,#10520,#10521,
    #10522,#10523,#10524,#10525,#10526,#10527,#10528,#10529,#10530,
    #10531,#10532,#10533,#10534,#10535,#10536,#10537,#10538,#10539,
    #10540,#10541,#10542,#10543,#10544,#10545,#10546,#10547,#10548,
    #10549,#10550,#10551,#10552,#10553,#10554,#10555,#10556,#10557,
    #10558),.UNSPECIFIED.,.F.,.F.,(4,1,1,1,1,1,1,1,1,1,1,1,1,1,1,1,1,1,1
    ,1,1,1,1,1,1,1,1,1,1,1,1,1,1,1,1,1,1,1,1,1,1,1,1,1,1,1,1,4),(0.,
    1.560399863547,3.026493159763,4.408519816062,5.616164948135,
    6.857176517943,8.034500324617,9.154049078322,10.140931914661,
    11.16430891518,12.14467057154,13.086344664582,13.924748692612,
    14.803128326675,15.653911875236,16.480955579096,17.226763352129,
    18.01856826362,18.796500931648,19.563479607115,20.264226339274,
    21.01815180319,21.769388657233,22.52071176954,23.216717634111,
    23.975961822176,24.743348723341,25.521634699363,26.252131546642,
    27.05917145937,27.885262969361,28.733262670931,29.538010575103,
    30.436403024908,31.365465694071,32.327889352555,33.24854348335,
    34.284117952136,35.363069228966,36.489379128657,37.574802555564,
    38.804527640271,40.095153684953,41.452119030183,42.768727723412,
    44.27040892768,45.857339500188,47.985194622019),.UNSPECIFIED.);
#10509 = CARTESIAN_POINT('',(0.335416214168,47.902872758589,22.4));
#10510 = CARTESIAN_POINT('',(-0.145739777095,47.721526780482,22.4));
#10511 = CARTESIAN_POINT('',(-1.104944648769,47.381058218704,22.4));
#10512 = CARTESIAN_POINT('',(-2.446738780639,46.787050304135,22.4));
#10513 = CARTESIAN_POINT('',(-3.65750232001,46.182866579938,22.4));
#10514 = CARTESIAN_POINT('',(-4.7688132512,45.553245779068,22.4));
#10515 = CARTESIAN_POINT('',(-5.789469971861,44.904723463214,22.4));
#10516 = CARTESIAN_POINT('',(-6.750044636727,44.219644613261,22.4));
#10517 = CARTESIAN_POINT('',(-7.606383702515,43.537024755044,22.4));
#10518 = CARTESIAN_POINT('',(-8.387865955494,42.845249251748,22.4));
#10519 = CARTESIAN_POINT('',(-9.099735072949,42.146699633351,22.4));
#10520 = CARTESIAN_POINT('',(-9.762999144593,41.422192708259,22.4));
#10521 = CARTESIAN_POINT('',(-10.3476423876,40.711045749191,22.4));
#10522 = CARTESIAN_POINT('',(-10.87420006205,39.997951164204,22.4));
#10523 = CARTESIAN_POINT('',(-11.34897638416,39.285185932479,22.4));
#10524 = CARTESIAN_POINT('',(-11.77583270528,38.547468379389,22.4));
#10525 = CARTESIAN_POINT('',(-12.16884070994,37.841491977642,22.4));
#10526 = CARTESIAN_POINT('',(-12.51751915306,37.134186705059,22.4));
#10527 = CARTESIAN_POINT('',(-12.82314531985,36.425041147472,22.4));
#10528 = CARTESIAN_POINT('',(-13.09336640064,35.694124875061,22.4));
#10529 = CARTESIAN_POINT('',(-13.31556519777,34.978939863119,22.4));
#10530 = CARTESIAN_POINT('',(-13.4991332176,34.261207777375,22.4));
#10531 = CARTESIAN_POINT('',(-13.64498396918,33.540159421245,22.4));
#10532 = CARTESIAN_POINT('',(-13.7549986859,32.795736191269,22.4));
#10533 = CARTESIAN_POINT('',(-13.8237230607,32.065761632485,22.4));
#10534 = CARTESIAN_POINT('',(-13.85540909812,31.330637440473,22.4));
#10535 = CARTESIAN_POINT('',(-13.84968959416,30.589429994733,22.4));
#10536 = CARTESIAN_POINT('',(-13.80321560863,29.822177527094,22.4));
#10537 = CARTESIAN_POINT('',(-13.71744059487,29.067958604746,22.4));
#10538 = CARTESIAN_POINT('',(-13.59145738985,28.306068283335,22.4));
#10539 = CARTESIAN_POINT('',(-13.42362878713,27.535896827704,22.4));
#10540 = CARTESIAN_POINT('',(-13.20519329061,26.73782281142,22.4));
#10541 = CARTESIAN_POINT('',(-12.94522431328,25.953114496523,22.4));
#10542 = CARTESIAN_POINT('',(-12.63758167801,25.159933593389,22.4));
#10543 = CARTESIAN_POINT('',(-12.27764215746,24.359453068133,22.4));
#10544 = CARTESIAN_POINT('',(-11.85768928396,23.52893058708,22.4));
#10545 = CARTESIAN_POINT('',(-11.36884028459,22.728247220283,22.4));
#10546 = CARTESIAN_POINT('',(-10.82574228383,21.920781152046,22.4));
#10547 = CARTESIAN_POINT('',(-10.21716812616,21.111868439,22.4));
#10548 = CARTESIAN_POINT('',(-9.522789275278,20.28368648774,22.4));
#10549 = CARTESIAN_POINT('',(-8.77369521168,19.481681642644,22.4));
#10550 = CARTESIAN_POINT('',(-7.948214253156,18.684414037778,22.4));
#10551 = CARTESIAN_POINT('',(-7.041406886402,17.894811810256,22.4));
#10552 = CARTESIAN_POINT('',(-6.020854635498,17.099944139581,22.4));
#10553 = CARTESIAN_POINT('',(-4.939478705887,16.343186274561,22.4));
#10554 = CARTESIAN_POINT('',(-3.743761538072,15.612459756546,22.4));
#10555 = CARTESIAN_POINT('',(-2.51551802004,14.882353719542,22.4));
#10556 = CARTESIAN_POINT('',(-0.688458099837,14.215287060175,22.4));
#10557 = CARTESIAN_POINT('',(-0.379251758756,13.454571780358,22.4));
#10558 = CARTESIAN_POINT('',(0.341274439722,12.630077666037,22.4));
#10559 = PCURVE('',#1760,#10560);
#10560 = DEFINITIONAL_REPRESENTATION('',(#10561),#10565);
#10561 = LINE('',#10562,#10563);
#10562 = CARTESIAN_POINT('',(0.,-22.4));
#10563 = VECTOR('',#10564,1.);
#10564 = DIRECTION('',(1.,0.));
#10565 = ( GEOMETRIC_REPRESENTATION_CONTEXT(2) 
PARAMETRIC_REPRESENTATION_CONTEXT() REPRESENTATION_CONTEXT('2D SPACE',''
  ) );
#10566 = PCURVE('',#5472,#10567);
#10567 = DEFINITIONAL_REPRESENTATION('',(#10568),#10619);
#10568 = B_SPLINE_CURVE_WITH_KNOTS('',3,(#10569,#10570,#10571,#10572,
    #10573,#10574,#10575,#10576,#10577,#10578,#10579,#10580,#10581,
    #10582,#10583,#10584,#10585,#10586,#10587,#10588,#10589,#10590,
    #10591,#10592,#10593,#10594,#10595,#10596,#10597,#10598,#10599,
    #10600,#10601,#10602,#10603,#10604,#10605,#10606,#10607,#10608,
    #10609,#10610,#10611,#10612,#10613,#10614,#10615,#10616,#10617,
    #10618),.UNSPECIFIED.,.F.,.F.,(4,1,1,1,1,1,1,1,1,1,1,1,1,1,1,1,1,1,1
    ,1,1,1,1,1,1,1,1,1,1,1,1,1,1,1,1,1,1,1,1,1,1,1,1,1,1,1,1,4),(0.,
    1.560399863547,3.026493159763,4.408519816062,5.616164948135,
    6.857176517943,8.034500324617,9.154049078322,10.140931914661,
    11.16430891518,12.14467057154,13.086344664582,13.924748692612,
    14.803128326675,15.653911875236,16.480955579096,17.226763352129,
    18.01856826362,18.796500931648,19.563479607115,20.264226339274,
    21.01815180319,21.769388657233,22.52071176954,23.216717634111,
    23.975961822176,24.743348723341,25.521634699363,26.252131546642,
    27.05917145937,27.885262969361,28.733262670931,29.538010575103,
    30.436403024908,31.365465694071,32.327889352555,33.24854348335,
    34.284117952136,35.363069228966,36.489379128657,37.574802555564,
    38.804527640271,40.095153684953,41.452119030183,42.768727723412,
    44.27040892768,45.857339500188,47.985194622019),.UNSPECIFIED.);
#10569 = CARTESIAN_POINT('',(0.335416214168,47.902872758589));
#10570 = CARTESIAN_POINT('',(-0.145739777095,47.721526780482));
#10571 = CARTESIAN_POINT('',(-1.104944648769,47.381058218704));
#10572 = CARTESIAN_POINT('',(-2.446738780639,46.787050304135));
#10573 = CARTESIAN_POINT('',(-3.65750232001,46.182866579938));
#10574 = CARTESIAN_POINT('',(-4.7688132512,45.553245779068));
#10575 = CARTESIAN_POINT('',(-5.789469971861,44.904723463214));
#10576 = CARTESIAN_POINT('',(-6.750044636727,44.219644613261));
#10577 = CARTESIAN_POINT('',(-7.606383702515,43.537024755044));
#10578 = CARTESIAN_POINT('',(-8.387865955494,42.845249251748));
#10579 = CARTESIAN_POINT('',(-9.099735072949,42.146699633351));
#10580 = CARTESIAN_POINT('',(-9.762999144593,41.422192708259));
#10581 = CARTESIAN_POINT('',(-10.3476423876,40.711045749191));
#10582 = CARTESIAN_POINT('',(-10.87420006205,39.997951164204));
#10583 = CARTESIAN_POINT('',(-11.34897638416,39.285185932479));
#10584 = CARTESIAN_POINT('',(-11.77583270528,38.547468379389));
#10585 = CARTESIAN_POINT('',(-12.16884070994,37.841491977642));
#10586 = CARTESIAN_POINT('',(-12.51751915306,37.134186705059));
#10587 = CARTESIAN_POINT('',(-12.82314531985,36.425041147472));
#10588 = CARTESIAN_POINT('',(-13.09336640064,35.694124875061));
#10589 = CARTESIAN_POINT('',(-13.31556519777,34.978939863119));
#10590 = CARTESIAN_POINT('',(-13.4991332176,34.261207777375));
#10591 = CARTESIAN_POINT('',(-13.64498396918,33.540159421245));
#10592 = CARTESIAN_POINT('',(-13.7549986859,32.795736191269));
#10593 = CARTESIAN_POINT('',(-13.8237230607,32.065761632485));
#10594 = CARTESIAN_POINT('',(-13.85540909812,31.330637440473));
#10595 = CARTESIAN_POINT('',(-13.84968959416,30.589429994733));
#10596 = CARTESIAN_POINT('',(-13.80321560863,29.822177527094));
#10597 = CARTESIAN_POINT('',(-13.71744059487,29.067958604746));
#10598 = CARTESIAN_POINT('',(-13.59145738985,28.306068283335));
#10599 = CARTESIAN_POINT('',(-13.42362878713,27.535896827704));
#10600 = CARTESIAN_POINT('',(-13.20519329061,26.73782281142));
#10601 = CARTESIAN_POINT('',(-12.94522431328,25.953114496523));
#10602 = CARTESIAN_POINT('',(-12.63758167801,25.159933593389));
#10603 = CARTESIAN_POINT('',(-12.27764215746,24.359453068133));
#10604 = CARTESIAN_POINT('',(-11.85768928396,23.52893058708));
#10605 = CARTESIAN_POINT('',(-11.36884028459,22.728247220283));
#10606 = CARTESIAN_POINT('',(-10.82574228383,21.920781152046));
#10607 = CARTESIAN_POINT('',(-10.21716812616,21.111868439));
#10608 = CARTESIAN_POINT('',(-9.522789275278,20.28368648774));
#10609 = CARTESIAN_POINT('',(-8.77369521168,19.481681642644));
#10610 = CARTESIAN_POINT('',(-7.948214253156,18.684414037778));
#10611 = CARTESIAN_POINT('',(-7.041406886402,17.894811810256));
#10612 = CARTESIAN_POINT('',(-6.020854635498,17.099944139581));
#10613 = CARTESIAN_POINT('',(-4.939478705887,16.343186274561));
#10614 = CARTESIAN_POINT('',(-3.743761538072,15.612459756546));
#10615 = CARTESIAN_POINT('',(-2.51551802004,14.882353719542));
#10616 = CARTESIAN_POINT('',(-0.688458099837,14.215287060175));
#10617 = CARTESIAN_POINT('',(-0.379251758756,13.454571780358));
#10618 = CARTESIAN_POINT('',(0.341274439722,12.630077666037));
#10619 = ( GEOMETRIC_REPRESENTATION_CONTEXT(2) 
PARAMETRIC_REPRESENTATION_CONTEXT() REPRESENTATION_CONTEXT('2D SPACE',''
  ) );
#10620 = ORIENTED_EDGE('',*,*,#10621,.T.);
#10621 = EDGE_CURVE('',#10505,#1622,#10622,.T.);
#10622 = SURFACE_CURVE('',#10623,(#10629,#10638),.PCURVE_S1.);
#10623 = B_SPLINE_CURVE_WITH_KNOTS('',4,(#10624,#10625,#10626,#10627,
    #10628),.UNSPECIFIED.,.F.,.F.,(5,5),(0.,1.),
  .PIECEWISE_BEZIER_KNOTS.);
#10624 = CARTESIAN_POINT('',(0.283376702506,12.696838096332,22.4000006)
  );
#10625 = CARTESIAN_POINT('',(0.283376702506,12.696838096332,16.8000003)
  );
#10626 = CARTESIAN_POINT('',(0.283376702506,12.696838096332,11.2));
#10627 = CARTESIAN_POINT('',(0.283376702506,12.696838096332,5.5999997));
#10628 = CARTESIAN_POINT('',(0.283376702506,12.696838096332,-6.E-07));
#10629 = PCURVE('',#1760,#10630);
#10630 = DEFINITIONAL_REPRESENTATION('',(#10631),#10637);
#10631 = B_SPLINE_CURVE_WITH_KNOTS('',4,(#10632,#10633,#10634,#10635,
    #10636),.UNSPECIFIED.,.F.,.F.,(5,5),(0.,1.),
  .PIECEWISE_BEZIER_KNOTS.);
#10632 = CARTESIAN_POINT('',(47.927018056643,-22.4000006));
#10633 = CARTESIAN_POINT('',(47.927018056643,-16.8000003));
#10634 = CARTESIAN_POINT('',(47.927018056643,-11.2));
#10635 = CARTESIAN_POINT('',(47.927018056643,-5.5999997));
#10636 = CARTESIAN_POINT('',(47.927018056643,5.999999999062E-07));
#10637 = ( GEOMETRIC_REPRESENTATION_CONTEXT(2) 
PARAMETRIC_REPRESENTATION_CONTEXT() REPRESENTATION_CONTEXT('2D SPACE',''
  ) );
#10638 = PCURVE('',#1638,#10639);
#10639 = DEFINITIONAL_REPRESENTATION('',(#10640),#10646);
#10640 = B_SPLINE_CURVE_WITH_KNOTS('',4,(#10641,#10642,#10643,#10644,
    #10645),.UNSPECIFIED.,.F.,.F.,(5,5),(0.,1.),
  .PIECEWISE_BEZIER_KNOTS.);
#10641 = CARTESIAN_POINT('',(-1.548481348672,-22.4000006));
#10642 = CARTESIAN_POINT('',(-1.548481348672,-16.8000003));
#10643 = CARTESIAN_POINT('',(-1.548481348672,-11.2));
#10644 = CARTESIAN_POINT('',(-1.548481348672,-5.5999997));
#10645 = CARTESIAN_POINT('',(-1.548481348672,5.999999999062E-07));
#10646 = ( GEOMETRIC_REPRESENTATION_CONTEXT(2) 
PARAMETRIC_REPRESENTATION_CONTEXT() REPRESENTATION_CONTEXT('2D SPACE',''
  ) );
#10647 = ADVANCED_FACE('',(#10648),#1638,.T.);
#10648 = FACE_BOUND('',#10649,.F.);
#10649 = EDGE_LOOP('',(#10650,#10651,#10707,#10729));
#10650 = ORIENTED_EDGE('',*,*,#1621,.F.);
#10651 = ORIENTED_EDGE('',*,*,#10652,.F.);
#10652 = EDGE_CURVE('',#10653,#1433,#10655,.T.);
#10653 = VERTEX_POINT('',#10654);
#10654 = CARTESIAN_POINT('',(4.473211242349,11.886142401188,22.4));
#10655 = SURFACE_CURVE('',#10656,(#10671,#10689),.PCURVE_S1.);
#10656 = B_SPLINE_CURVE_WITH_KNOTS('',4,(#10657,#10658,#10659,#10660,
    #10661,#10662,#10663,#10664,#10665,#10666,#10667,#10668,#10669,
    #10670),.UNSPECIFIED.,.F.,.F.,(5,3,3,3,5),(0.,0.25,0.5,0.75,1.),
  .UNSPECIFIED.);
#10657 = CARTESIAN_POINT('',(4.473211242349,11.886142401188,22.4000006)
  );
#10658 = CARTESIAN_POINT('',(4.473211242349,11.886142401188,21.000000525
    ));
#10659 = CARTESIAN_POINT('',(4.473211242349,11.886142401188,19.60000045)
  );
#10660 = CARTESIAN_POINT('',(4.473211242349,11.886142401188,18.200000375
    ));
#10661 = CARTESIAN_POINT('',(4.473211242349,11.886142401188,15.400000225
    ));
#10662 = CARTESIAN_POINT('',(4.473211242349,11.886142401188,14.00000015)
  );
#10663 = CARTESIAN_POINT('',(4.473211242349,11.886142401188,12.600000075
    ));
#10664 = CARTESIAN_POINT('',(4.473211242349,11.886142401188,9.799999925)
  );
#10665 = CARTESIAN_POINT('',(4.473211242349,11.886142401188,8.39999985)
  );
#10666 = CARTESIAN_POINT('',(4.473211242349,11.886142401188,6.999999775)
  );
#10667 = CARTESIAN_POINT('',(4.473211242349,11.886142401188,4.199999625)
  );
#10668 = CARTESIAN_POINT('',(4.473211242349,11.886142401188,2.79999955)
  );
#10669 = CARTESIAN_POINT('',(4.473211242349,11.886142401188,1.399999475)
  );
#10670 = CARTESIAN_POINT('',(4.473211242349,11.886142401188,-6.E-07));
#10671 = PCURVE('',#1638,#10672);
#10672 = DEFINITIONAL_REPRESENTATION('',(#10673),#10688);
#10673 = B_SPLINE_CURVE_WITH_KNOTS('',4,(#10674,#10675,#10676,#10677,
    #10678,#10679,#10680,#10681,#10682,#10683,#10684,#10685,#10686,
    #10687),.UNSPECIFIED.,.F.,.F.,(5,3,3,3,5),(0.,0.25,0.5,0.75,1.),
  .UNSPECIFIED.);
#10674 = CARTESIAN_POINT('',(-1.210852823458,-22.4000006));
#10675 = CARTESIAN_POINT('',(-1.210852823458,-21.000000525));
#10676 = CARTESIAN_POINT('',(-1.210852823458,-19.60000045));
#10677 = CARTESIAN_POINT('',(-1.210852823458,-18.200000375));
#10678 = CARTESIAN_POINT('',(-1.210852823458,-15.400000225));
#10679 = CARTESIAN_POINT('',(-1.210852823458,-14.00000015));
#10680 = CARTESIAN_POINT('',(-1.210852823458,-12.600000075));
#10681 = CARTESIAN_POINT('',(-1.210852823458,-9.799999925));
#10682 = CARTESIAN_POINT('',(-1.210852823458,-8.39999985));
#10683 = CARTESIAN_POINT('',(-1.210852823458,-6.999999775));
#10684 = CARTESIAN_POINT('',(-1.210852823458,-4.199999625));
#10685 = CARTESIAN_POINT('',(-1.210852823458,-2.79999955));
#10686 = CARTESIAN_POINT('',(-1.210852823458,-1.399999475));
#10687 = CARTESIAN_POINT('',(-1.210852823458,5.999999999062E-07));
#10688 = ( GEOMETRIC_REPRESENTATION_CONTEXT(2) 
PARAMETRIC_REPRESENTATION_CONTEXT() REPRESENTATION_CONTEXT('2D SPACE',''
  ) );
#10689 = PCURVE('',#1554,#10690);
#10690 = DEFINITIONAL_REPRESENTATION('',(#10691),#10706);
#10691 = B_SPLINE_CURVE_WITH_KNOTS('',4,(#10692,#10693,#10694,#10695,
    #10696,#10697,#10698,#10699,#10700,#10701,#10702,#10703,#10704,
    #10705),.UNSPECIFIED.,.F.,.F.,(5,3,3,3,5),(0.,0.25,0.5,0.75,1.),
  .UNSPECIFIED.);
#10692 = CARTESIAN_POINT('',(2.479811260551,-22.4000006));
#10693 = CARTESIAN_POINT('',(2.479811260551,-21.000000525));
#10694 = CARTESIAN_POINT('',(2.479811260551,-19.60000045));
#10695 = CARTESIAN_POINT('',(2.479811260551,-18.200000375));
#10696 = CARTESIAN_POINT('',(2.479811260551,-15.400000225));
#10697 = CARTESIAN_POINT('',(2.479811260551,-14.00000015));
#10698 = CARTESIAN_POINT('',(2.479811260551,-12.600000075));
#10699 = CARTESIAN_POINT('',(2.479811260551,-9.799999925));
#10700 = CARTESIAN_POINT('',(2.479811260551,-8.39999985));
#10701 = CARTESIAN_POINT('',(2.479811260551,-6.999999775));
#10702 = CARTESIAN_POINT('',(2.479811260551,-4.199999625));
#10703 = CARTESIAN_POINT('',(2.479811260551,-2.79999955));
#10704 = CARTESIAN_POINT('',(2.479811260551,-1.399999475));
#10705 = CARTESIAN_POINT('',(2.479811260551,5.999999999062E-07));
#10706 = ( GEOMETRIC_REPRESENTATION_CONTEXT(2) 
PARAMETRIC_REPRESENTATION_CONTEXT() REPRESENTATION_CONTEXT('2D SPACE',''
  ) );
#10707 = ORIENTED_EDGE('',*,*,#10708,.T.);
#10708 = EDGE_CURVE('',#10653,#10505,#10709,.T.);
#10709 = SURFACE_CURVE('',#10710,(#10715,#10722),.PCURVE_S1.);
#10710 = CIRCLE('',#10711,12.7);
#10711 = AXIS2_PLACEMENT_3D('',#10712,#10713,#10714);
#10712 = CARTESIAN_POINT('',(0.,0.,22.4));
#10713 = DIRECTION('',(0.,0.,1.));
#10714 = DIRECTION('',(1.,0.,0.));
#10715 = PCURVE('',#1638,#10716);
#10716 = DEFINITIONAL_REPRESENTATION('',(#10717),#10721);
#10717 = LINE('',#10718,#10719);
#10718 = CARTESIAN_POINT('',(-0.,-22.4));
#10719 = VECTOR('',#10720,1.);
#10720 = DIRECTION('',(-1.,0.));
#10721 = ( GEOMETRIC_REPRESENTATION_CONTEXT(2) 
PARAMETRIC_REPRESENTATION_CONTEXT() REPRESENTATION_CONTEXT('2D SPACE',''
  ) );
#10722 = PCURVE('',#5472,#10723);
#10723 = DEFINITIONAL_REPRESENTATION('',(#10724),#10728);
#10724 = CIRCLE('',#10725,12.7);
#10725 = AXIS2_PLACEMENT_2D('',#10726,#10727);
#10726 = CARTESIAN_POINT('',(3.500646739301E-15,2.041077998579E-15));
#10727 = DIRECTION('',(1.,0.));
#10728 = ( GEOMETRIC_REPRESENTATION_CONTEXT(2) 
PARAMETRIC_REPRESENTATION_CONTEXT() REPRESENTATION_CONTEXT('2D SPACE',''
  ) );
#10729 = ORIENTED_EDGE('',*,*,#10621,.T.);
#10730 = ADVANCED_FACE('',(#10731),#1554,.T.);
#10731 = FACE_BOUND('',#10732,.T.);
#10732 = EDGE_LOOP('',(#10733,#10734,#10735,#10862));
#10733 = ORIENTED_EDGE('',*,*,#1432,.F.);
#10734 = ORIENTED_EDGE('',*,*,#10652,.F.);
#10735 = ORIENTED_EDGE('',*,*,#10736,.T.);
#10736 = EDGE_CURVE('',#10653,#5697,#10737,.T.);
#10737 = SURFACE_CURVE('',#10738,(#10795,#10802),.PCURVE_S1.);
#10738 = B_SPLINE_CURVE_WITH_KNOTS('',3,(#10739,#10740,#10741,#10742,
    #10743,#10744,#10745,#10746,#10747,#10748,#10749,#10750,#10751,
    #10752,#10753,#10754,#10755,#10756,#10757,#10758,#10759,#10760,
    #10761,#10762,#10763,#10764,#10765,#10766,#10767,#10768,#10769,
    #10770,#10771,#10772,#10773,#10774,#10775,#10776,#10777,#10778,
    #10779,#10780,#10781,#10782,#10783,#10784,#10785,#10786,#10787,
    #10788,#10789,#10790,#10791,#10792,#10793,#10794),.UNSPECIFIED.,.F.,
  .F.,(4,1,1,1,1,1,1,1,1,1,1,1,1,1,1,1,1,1,1,1,1,1,1,1,1,1,1,1,1,1,1,1,1
    ,1,1,1,1,1,1,1,1,1,1,1,1,1,1,3,3,4),(0.,2.252840378147,
    3.947251251067,5.556769293497,6.973069313182,8.438034201878,
    9.836527608945,11.173881028628,12.358378394578,13.591674823614,
    14.777241775145,15.919070127373,16.937511191725,18.005608061592,
    19.040905950925,20.046909447572,20.952226144232,21.910527049393,
    22.848343890734,23.768545277515,24.604779330967,25.498993387072,
    26.383732766176,27.261734369083,28.068590979197,28.941306811933,
    29.815275751476,30.69326112534,31.509705745874,32.403313623746,
    33.30925058782,34.230483702873,35.097084585268,36.056205964867,
    37.039089037922,38.048588577934,39.007142758039,40.077976938895,
    41.186386250524,42.336589601129,43.439334281668,44.68291297016,
    45.982505886097,47.343769408886,48.660381123787,50.157957971193,
    51.73669345799,51.75772326206,53.205564838504,53.402350377676),
  .UNSPECIFIED.);
#10739 = CARTESIAN_POINT('',(5.093527873897,9.496271560636,22.4));
#10740 = CARTESIAN_POINT('',(4.915099437466,10.249938109465,22.4));
#10741 = CARTESIAN_POINT('',(4.859713821642,11.606661307236,22.4));
#10742 = CARTESIAN_POINT('',(3.583084577393,13.040827263631,22.4));
#10743 = CARTESIAN_POINT('',(2.822721002698,14.410916045035,22.4));
#10744 = CARTESIAN_POINT('',(2.104712831649,15.726575795583,22.4));
#10745 = CARTESIAN_POINT('',(1.501518169312,17.01998877588,22.4));
#10746 = CARTESIAN_POINT('',(0.974789866086,18.318130089352,22.4));
#10747 = CARTESIAN_POINT('',(0.550224822861,19.554715001514,22.4));
#10748 = CARTESIAN_POINT('',(0.205184901683,20.758448445245,22.4));
#10749 = CARTESIAN_POINT('',(-6.596558094506E-02,21.929155862665,22.4));
#10750 = CARTESIAN_POINT('',(-0.271898846638,23.09863917069,22.4));
#10751 = CARTESIAN_POINT('',(-0.406130536759,24.206293989563,22.4));
#10752 = CARTESIAN_POINT('',(-0.482623522151,25.280232044048,22.4));
#10753 = CARTESIAN_POINT('',(-0.497330327001,26.321051404874,22.4));
#10754 = CARTESIAN_POINT('',(-0.482559264875,27.357721676959,22.4));
#10755 = CARTESIAN_POINT('',(-0.410448528848,28.337858716863,22.4));
#10756 = CARTESIAN_POINT('',(-0.293587822094,29.287556558766,22.4));
#10757 = CARTESIAN_POINT('',(-0.132382656111,30.207810109716,22.4));
#10758 = CARTESIAN_POINT('',(7.799384011558E-02,31.123141507167,22.4));
#10759 = CARTESIAN_POINT('',(0.325066028925,31.987012229058,22.4));
#10760 = CARTESIAN_POINT('',(0.610828167691,32.823430423024,22.4));
#10761 = CARTESIAN_POINT('',(0.934200818076,33.633404815231,22.4));
#10762 = CARTESIAN_POINT('',(1.305647754307,34.437846576298,22.4));
#10763 = CARTESIAN_POINT('',(1.70542258685,35.195819006351,22.4));
#10764 = CARTESIAN_POINT('',(2.141065645731,35.9290116092,22.4));
#10765 = CARTESIAN_POINT('',(2.612665169012,36.638087506855,22.4));
#10766 = CARTESIAN_POINT('',(3.135213075507,37.340285497196,22.4));
#10767 = CARTESIAN_POINT('',(3.682150484235,37.999465413379,22.4));
#10768 = CARTESIAN_POINT('',(4.266234226687,38.634786840695,22.4));
#10769 = CARTESIAN_POINT('',(4.888556953578,39.246191975595,22.4));
#10770 = CARTESIAN_POINT('',(5.568477155319,39.847000443778,22.4));
#10771 = CARTESIAN_POINT('',(6.272213958533,40.405420125329,22.4));
#10772 = CARTESIAN_POINT('',(7.017561084534,40.937713101617,22.4));
#10773 = CARTESIAN_POINT('',(7.807314659862,41.442133815883,22.4));
#10774 = CARTESIAN_POINT('',(8.67888483511,41.900216445601,22.4));
#10775 = CARTESIAN_POINT('',(9.569388783222,42.31871171121,22.4));
#10776 = CARTESIAN_POINT('',(10.508286834427,42.700175063427,22.4));
#10777 = CARTESIAN_POINT('',(11.49644819565,43.044400428782,22.4));
#10778 = CARTESIAN_POINT('',(12.563097908021,43.352981514901,22.4));
#10779 = CARTESIAN_POINT('',(13.654861847385,43.606601942211,22.4));
#10780 = CARTESIAN_POINT('',(14.80329356827,43.811544165199,22.4));
#10781 = CARTESIAN_POINT('',(16.00697957194,43.963923608963,22.4));
#10782 = CARTESIAN_POINT('',(17.316613433453,44.05523229833,22.4));
#10783 = CARTESIAN_POINT('',(18.600468374795,44.087532107971,22.4));
#10784 = CARTESIAN_POINT('',(20.153660101565,44.011951232039,22.4));
#10785 = CARTESIAN_POINT('',(20.921328774666,44.018954755314,22.4));
#10786 = CARTESIAN_POINT('',(23.799843562504,43.532532172437,22.4));
#10787 = CARTESIAN_POINT('',(23.000945399318,43.694198361824,22.4));
#10788 = CARTESIAN_POINT('',(22.990071554448,43.696390596586,22.4));
#10789 = CARTESIAN_POINT('',(22.990071555748,43.696390596344,22.4));
#10790 = CARTESIAN_POINT('',(22.990071557047,43.696390596101,22.4));
#10791 = CARTESIAN_POINT('',(22.990071558347,43.696390595859,22.4));
#10792 = CARTESIAN_POINT('',(23.433155331767,43.612171815099,22.4));
#10793 = CARTESIAN_POINT('',(23.982854169153,43.507847749432,22.4));
#10794 = CARTESIAN_POINT('',(24.658084658395,43.37988787401,22.4));
#10795 = PCURVE('',#1554,#10796);
#10796 = DEFINITIONAL_REPRESENTATION('',(#10797),#10801);
#10797 = LINE('',#10798,#10799);
#10798 = CARTESIAN_POINT('',(0.,-22.4));
#10799 = VECTOR('',#10800,1.);
#10800 = DIRECTION('',(1.,0.));
#10801 = ( GEOMETRIC_REPRESENTATION_CONTEXT(2) 
PARAMETRIC_REPRESENTATION_CONTEXT() REPRESENTATION_CONTEXT('2D SPACE',''
  ) );
#10802 = PCURVE('',#5472,#10803);
#10803 = DEFINITIONAL_REPRESENTATION('',(#10804),#10861);
#10804 = B_SPLINE_CURVE_WITH_KNOTS('',3,(#10805,#10806,#10807,#10808,
    #10809,#10810,#10811,#10812,#10813,#10814,#10815,#10816,#10817,
    #10818,#10819,#10820,#10821,#10822,#10823,#10824,#10825,#10826,
    #10827,#10828,#10829,#10830,#10831,#10832,#10833,#10834,#10835,
    #10836,#10837,#10838,#10839,#10840,#10841,#10842,#10843,#10844,
    #10845,#10846,#10847,#10848,#10849,#10850,#10851,#10852,#10853,
    #10854,#10855,#10856,#10857,#10858,#10859,#10860),.UNSPECIFIED.,.F.,
  .F.,(4,1,1,1,1,1,1,1,1,1,1,1,1,1,1,1,1,1,1,1,1,1,1,1,1,1,1,1,1,1,1,1,1
    ,1,1,1,1,1,1,1,1,1,1,1,1,1,1,3,3,4),(0.,2.252840378147,
    3.947251251067,5.556769293497,6.973069313182,8.438034201878,
    9.836527608945,11.173881028628,12.358378394578,13.591674823614,
    14.777241775145,15.919070127373,16.937511191725,18.005608061592,
    19.040905950925,20.046909447572,20.952226144232,21.910527049393,
    22.848343890734,23.768545277515,24.604779330967,25.498993387072,
    26.383732766176,27.261734369083,28.068590979197,28.941306811933,
    29.815275751476,30.69326112534,31.509705745874,32.403313623746,
    33.30925058782,34.230483702873,35.097084585268,36.056205964867,
    37.039089037922,38.048588577934,39.007142758039,40.077976938895,
    41.186386250524,42.336589601129,43.439334281668,44.68291297016,
    45.982505886097,47.343769408886,48.660381123787,50.157957971193,
    51.73669345799,51.75772326206,53.205564838504,53.402350377676),
  .UNSPECIFIED.);
#10805 = CARTESIAN_POINT('',(5.093527873897,9.496271560636));
#10806 = CARTESIAN_POINT('',(4.915099437466,10.249938109465));
#10807 = CARTESIAN_POINT('',(4.859713821642,11.606661307236));
#10808 = CARTESIAN_POINT('',(3.583084577393,13.040827263631));
#10809 = CARTESIAN_POINT('',(2.822721002698,14.410916045035));
#10810 = CARTESIAN_POINT('',(2.104712831649,15.726575795583));
#10811 = CARTESIAN_POINT('',(1.501518169312,17.01998877588));
#10812 = CARTESIAN_POINT('',(0.974789866086,18.318130089352));
#10813 = CARTESIAN_POINT('',(0.550224822861,19.554715001514));
#10814 = CARTESIAN_POINT('',(0.205184901683,20.758448445245));
#10815 = CARTESIAN_POINT('',(-6.596558094506E-02,21.929155862665));
#10816 = CARTESIAN_POINT('',(-0.271898846638,23.09863917069));
#10817 = CARTESIAN_POINT('',(-0.406130536759,24.206293989563));
#10818 = CARTESIAN_POINT('',(-0.482623522151,25.280232044048));
#10819 = CARTESIAN_POINT('',(-0.497330327001,26.321051404874));
#10820 = CARTESIAN_POINT('',(-0.482559264875,27.357721676959));
#10821 = CARTESIAN_POINT('',(-0.410448528848,28.337858716863));
#10822 = CARTESIAN_POINT('',(-0.293587822094,29.287556558766));
#10823 = CARTESIAN_POINT('',(-0.132382656111,30.207810109716));
#10824 = CARTESIAN_POINT('',(7.799384011558E-02,31.123141507167));
#10825 = CARTESIAN_POINT('',(0.325066028925,31.987012229058));
#10826 = CARTESIAN_POINT('',(0.610828167691,32.823430423024));
#10827 = CARTESIAN_POINT('',(0.934200818076,33.633404815231));
#10828 = CARTESIAN_POINT('',(1.305647754307,34.437846576298));
#10829 = CARTESIAN_POINT('',(1.70542258685,35.195819006351));
#10830 = CARTESIAN_POINT('',(2.141065645731,35.9290116092));
#10831 = CARTESIAN_POINT('',(2.612665169012,36.638087506855));
#10832 = CARTESIAN_POINT('',(3.135213075507,37.340285497196));
#10833 = CARTESIAN_POINT('',(3.682150484235,37.999465413379));
#10834 = CARTESIAN_POINT('',(4.266234226687,38.634786840695));
#10835 = CARTESIAN_POINT('',(4.888556953578,39.246191975595));
#10836 = CARTESIAN_POINT('',(5.568477155319,39.847000443778));
#10837 = CARTESIAN_POINT('',(6.272213958533,40.405420125329));
#10838 = CARTESIAN_POINT('',(7.017561084534,40.937713101617));
#10839 = CARTESIAN_POINT('',(7.807314659862,41.442133815883));
#10840 = CARTESIAN_POINT('',(8.67888483511,41.900216445601));
#10841 = CARTESIAN_POINT('',(9.569388783222,42.31871171121));
#10842 = CARTESIAN_POINT('',(10.508286834427,42.700175063427));
#10843 = CARTESIAN_POINT('',(11.49644819565,43.044400428782));
#10844 = CARTESIAN_POINT('',(12.563097908021,43.352981514901));
#10845 = CARTESIAN_POINT('',(13.654861847385,43.606601942211));
#10846 = CARTESIAN_POINT('',(14.80329356827,43.811544165199));
#10847 = CARTESIAN_POINT('',(16.00697957194,43.963923608963));
#10848 = CARTESIAN_POINT('',(17.316613433453,44.05523229833));
#10849 = CARTESIAN_POINT('',(18.600468374795,44.087532107971));
#10850 = CARTESIAN_POINT('',(20.153660101565,44.011951232039));
#10851 = CARTESIAN_POINT('',(20.921328774666,44.018954755314));
#10852 = CARTESIAN_POINT('',(23.799843562504,43.532532172437));
#10853 = CARTESIAN_POINT('',(23.000945399318,43.694198361824));
#10854 = CARTESIAN_POINT('',(22.990071554448,43.696390596586));
#10855 = CARTESIAN_POINT('',(22.990071555748,43.696390596344));
#10856 = CARTESIAN_POINT('',(22.990071557047,43.696390596101));
#10857 = CARTESIAN_POINT('',(22.990071558347,43.696390595859));
#10858 = CARTESIAN_POINT('',(23.433155331767,43.612171815099));
#10859 = CARTESIAN_POINT('',(23.982854169153,43.507847749432));
#10860 = CARTESIAN_POINT('',(24.658084658395,43.37988787401));
#10861 = ( GEOMETRIC_REPRESENTATION_CONTEXT(2) 
PARAMETRIC_REPRESENTATION_CONTEXT() REPRESENTATION_CONTEXT('2D SPACE',''
  ) );
#10862 = ORIENTED_EDGE('',*,*,#5696,.T.);
#10863 = ADVANCED_FACE('',(#10864),#1387,.T.);
#10864 = FACE_BOUND('',#10865,.T.);
#10865 = EDGE_LOOP('',(#10866,#10867,#10868,#10891));
#10866 = ORIENTED_EDGE('',*,*,#1373,.F.);
#10867 = ORIENTED_EDGE('',*,*,#5673,.F.);
#10868 = ORIENTED_EDGE('',*,*,#10869,.T.);
#10869 = EDGE_CURVE('',#5650,#10870,#10872,.T.);
#10870 = VERTEX_POINT('',#10871);
#10871 = CARTESIAN_POINT('',(24.241915341605,41.317396616108,22.4));
#10872 = SURFACE_CURVE('',#10873,(#10877,#10884),.PCURVE_S1.);
#10873 = LINE('',#10874,#10875);
#10874 = CARTESIAN_POINT('',(24.658084658395,43.37988787401,22.4));
#10875 = VECTOR('',#10876,1.);
#10876 = DIRECTION('',(-0.197793495591,-0.980243711075,0.));
#10877 = PCURVE('',#1387,#10878);
#10878 = DEFINITIONAL_REPRESENTATION('',(#10879),#10883);
#10879 = LINE('',#10880,#10881);
#10880 = CARTESIAN_POINT('',(0.,-22.4));
#10881 = VECTOR('',#10882,1.);
#10882 = DIRECTION('',(1.,-0.));
#10883 = ( GEOMETRIC_REPRESENTATION_CONTEXT(2) 
PARAMETRIC_REPRESENTATION_CONTEXT() REPRESENTATION_CONTEXT('2D SPACE',''
  ) );
#10884 = PCURVE('',#5472,#10885);
#10885 = DEFINITIONAL_REPRESENTATION('',(#10886),#10890);
#10886 = LINE('',#10887,#10888);
#10887 = CARTESIAN_POINT('',(24.658084658395,43.37988787401));
#10888 = VECTOR('',#10889,1.);
#10889 = DIRECTION('',(-0.197793495591,-0.980243711075));
#10890 = ( GEOMETRIC_REPRESENTATION_CONTEXT(2) 
PARAMETRIC_REPRESENTATION_CONTEXT() REPRESENTATION_CONTEXT('2D SPACE',''
  ) );
#10891 = ORIENTED_EDGE('',*,*,#10892,.F.);
#10892 = EDGE_CURVE('',#1203,#10870,#10893,.T.);
#10893 = SURFACE_CURVE('',#10894,(#10898,#10905),.PCURVE_S1.);
#10894 = LINE('',#10895,#10896);
#10895 = CARTESIAN_POINT('',(24.241915341605,41.317396616108,0.));
#10896 = VECTOR('',#10897,1.);
#10897 = DIRECTION('',(0.,0.,1.));
#10898 = PCURVE('',#1387,#10899);
#10899 = DEFINITIONAL_REPRESENTATION('',(#10900),#10904);
#10900 = LINE('',#10901,#10902);
#10901 = CARTESIAN_POINT('',(2.104059668631,-0.));
#10902 = VECTOR('',#10903,1.);
#10903 = DIRECTION('',(0.,-1.));
#10904 = ( GEOMETRIC_REPRESENTATION_CONTEXT(2) 
PARAMETRIC_REPRESENTATION_CONTEXT() REPRESENTATION_CONTEXT('2D SPACE',''
  ) );
#10905 = PCURVE('',#1312,#10906);
#10906 = DEFINITIONAL_REPRESENTATION('',(#10907),#10911);
#10907 = LINE('',#10908,#10909);
#10908 = CARTESIAN_POINT('',(0.,0.));
#10909 = VECTOR('',#10910,1.);
#10910 = DIRECTION('',(0.,-1.));
#10911 = ( GEOMETRIC_REPRESENTATION_CONTEXT(2) 
PARAMETRIC_REPRESENTATION_CONTEXT() REPRESENTATION_CONTEXT('2D SPACE',''
  ) );
#10912 = ADVANCED_FACE('',(#10913),#1312,.T.);
#10913 = FACE_BOUND('',#10914,.T.);
#10914 = EDGE_LOOP('',(#10915,#10916,#10917,#11034));
#10915 = ORIENTED_EDGE('',*,*,#1202,.F.);
#10916 = ORIENTED_EDGE('',*,*,#10892,.T.);
#10917 = ORIENTED_EDGE('',*,*,#10918,.T.);
#10918 = EDGE_CURVE('',#10870,#10919,#10921,.T.);
#10919 = VERTEX_POINT('',#10920);
#10920 = CARTESIAN_POINT('',(6.593830471377,10.854095987909,22.4));
#10921 = SURFACE_CURVE('',#10922,(#10973,#10980),.PCURVE_S1.);
#10922 = B_SPLINE_CURVE_WITH_KNOTS('',3,(#10923,#10924,#10925,#10926,
    #10927,#10928,#10929,#10930,#10931,#10932,#10933,#10934,#10935,
    #10936,#10937,#10938,#10939,#10940,#10941,#10942,#10943,#10944,
    #10945,#10946,#10947,#10948,#10949,#10950,#10951,#10952,#10953,
    #10954,#10955,#10956,#10957,#10958,#10959,#10960,#10961,#10962,
    #10963,#10964,#10965,#10966,#10967,#10968,#10969,#10970,#10971,
    #10972),.UNSPECIFIED.,.F.,.F.,(4,1,1,1,1,1,1,1,1,1,1,1,1,1,1,1,1,1,1
    ,1,1,1,1,1,1,1,1,1,1,1,1,1,1,1,1,1,1,1,1,1,1,1,1,1,1,1,1,4),(0.,
    1.560399863547,3.026493159763,4.408519816062,5.616164948135,
    6.857176517943,8.034500324617,9.154049078322,10.140931914661,
    11.16430891518,12.14467057154,13.086344664582,13.924748692612,
    14.803128326675,15.653911875236,16.480955579096,17.226763352129,
    18.01856826362,18.796500931648,19.563479607115,20.264226339274,
    21.01815180319,21.769388657233,22.52071176954,23.216717634111,
    23.975961822176,24.743348723341,25.521634699363,26.252131546642,
    27.05917145937,27.885262969361,28.733262670931,29.538010575103,
    30.436403024908,31.365465694071,32.327889352555,33.24854348335,
    34.284117952136,35.363069228966,36.489379128657,37.574802555564,
    38.804527640271,40.095153684953,41.452119030183,42.768727723412,
    44.27040892768,45.857339500188,47.985194622019),.UNSPECIFIED.);
#10923 = CARTESIAN_POINT('',(24.241915341605,41.317396616108,22.4));
#10924 = CARTESIAN_POINT('',(23.734549040934,41.400924387824,22.4));
#10925 = CARTESIAN_POINT('',(22.733618973742,41.585672399972,22.4));
#10926 = CARTESIAN_POINT('',(21.27458721161,41.742143521841,22.4));
#10927 = CARTESIAN_POINT('',(19.92394336644,41.824286837819,22.4));
#10928 = CARTESIAN_POINT('',(18.646709468091,41.834674695109,22.4));
#10929 = CARTESIAN_POINT('',(17.438533661528,41.783366254989,22.4));
#10930 = CARTESIAN_POINT('',(16.264112174546,41.670357899767,22.4));
#10931 = CARTESIAN_POINT('',(15.181190860212,41.507361294318,22.4));
#10932 = CARTESIAN_POINT('',(14.158519624877,41.299007261237,22.4));
#10933 = CARTESIAN_POINT('',(13.192748075794,41.049980104629,22.4));
#10934 = CARTESIAN_POINT('',(12.256091077786,40.754170738104,22.4));
#10935 = CARTESIAN_POINT('',(11.394201697657,40.430621027231,22.4));
#10936 = CARTESIAN_POINT('',(10.581642082529,40.076341838557,22.4));
#10937 = CARTESIAN_POINT('',(9.814091110602,39.696457202005,22.4));
#10938 = CARTESIAN_POINT('',(9.0755639162,39.271003220772,22.4));
#10939 = CARTESIAN_POINT('',(8.382220799401,38.856113724717,22.4));
#10940 = CARTESIAN_POINT('',(7.72660377362,38.417908611987,22.4));
#10941 = CARTESIAN_POINT('',(7.107350970319,37.956583627534,22.4));
#10942 = CARTESIAN_POINT('',(6.507874513511,37.458702107982,22.4));
#10943 = CARTESIAN_POINT('',(5.957852204536,36.950433117799,22.4));
#10944 = CARTESIAN_POINT('',(5.440011593171,36.420642908347,22.4));
#10945 = CARTESIAN_POINT('',(4.953176959078,35.86912209037,22.4));
#10946 = CARTESIAN_POINT('',(4.48568980462,35.279440020404,22.4));
#10947 = CARTESIAN_POINT('',(4.06118547079,34.681625695782,22.4));
#10948 = CARTESIAN_POINT('',(3.666182461433,34.060832489273,22.4));
#10949 = CARTESIAN_POINT('',(3.300531974291,33.416068259806,22.4));
#10950 = CARTESIAN_POINT('',(2.957153392555,32.72837113895,22.4));
#10951 = CARTESIAN_POINT('',(2.65432727231,32.032310885301,22.4));
#10952 = CARTESIAN_POINT('',(2.382486767599,31.309502909553,22.4));
#10953 = CARTESIAN_POINT('',(2.142744873225,30.558600562344,22.4));
#10954 = CARTESIAN_POINT('',(1.932878554153,29.758230441885,22.4));
#10955 = CARTESIAN_POINT('',(1.765664135267,28.948668617959,22.4));
#10956 = CARTESIAN_POINT('',(1.635500021131,28.107932488413,22.4));
#10957 = CARTESIAN_POINT('',(1.546976527131,27.234726258028,22.4));
#10958 = CARTESIAN_POINT('',(1.495405143445,26.305496254274,22.4));
#10959 = CARTESIAN_POINT('',(1.518419112116,25.367659618555,22.4));
#10960 = CARTESIAN_POINT('',(1.585022743395,24.396824490391,22.4));
#10961 = CARTESIAN_POINT('',(1.707607067501,23.391998452614,22.4));
#10962 = CARTESIAN_POINT('',(1.894865816593,22.327582418421,22.4));
#10963 = CARTESIAN_POINT('',(2.142597882945,21.258478816811,22.4));
#10964 = CARTESIAN_POINT('',(2.458851560935,20.155284338121,22.4));
#10965 = CARTESIAN_POINT('',(2.849368663121,19.018065066824,22.4));
#10966 = CARTESIAN_POINT('',(3.335759002956,17.819413345921,22.4));
#10967 = CARTESIAN_POINT('',(3.89387909653,16.623353845495,22.4));
#10968 = CARTESIAN_POINT('',(4.564037280591,15.392667533767,22.4));
#10969 = CARTESIAN_POINT('',(5.262674350739,14.146255399249,22.4));
#10970 = CARTESIAN_POINT('',(6.511421326188,12.655028766119,22.4));
#10971 = CARTESIAN_POINT('',(6.398844232666,11.841626838209,22.4));
#10972 = CARTESIAN_POINT('',(6.61059116748,10.767330890697,22.4));
#10973 = PCURVE('',#1312,#10974);
#10974 = DEFINITIONAL_REPRESENTATION('',(#10975),#10979);
#10975 = LINE('',#10976,#10977);
#10976 = CARTESIAN_POINT('',(0.,-22.4));
#10977 = VECTOR('',#10978,1.);
#10978 = DIRECTION('',(1.,0.));
#10979 = ( GEOMETRIC_REPRESENTATION_CONTEXT(2) 
PARAMETRIC_REPRESENTATION_CONTEXT() REPRESENTATION_CONTEXT('2D SPACE',''
  ) );
#10980 = PCURVE('',#5472,#10981);
#10981 = DEFINITIONAL_REPRESENTATION('',(#10982),#11033);
#10982 = B_SPLINE_CURVE_WITH_KNOTS('',3,(#10983,#10984,#10985,#10986,
    #10987,#10988,#10989,#10990,#10991,#10992,#10993,#10994,#10995,
    #10996,#10997,#10998,#10999,#11000,#11001,#11002,#11003,#11004,
    #11005,#11006,#11007,#11008,#11009,#11010,#11011,#11012,#11013,
    #11014,#11015,#11016,#11017,#11018,#11019,#11020,#11021,#11022,
    #11023,#11024,#11025,#11026,#11027,#11028,#11029,#11030,#11031,
    #11032),.UNSPECIFIED.,.F.,.F.,(4,1,1,1,1,1,1,1,1,1,1,1,1,1,1,1,1,1,1
    ,1,1,1,1,1,1,1,1,1,1,1,1,1,1,1,1,1,1,1,1,1,1,1,1,1,1,1,1,4),(0.,
    1.560399863547,3.026493159763,4.408519816062,5.616164948135,
    6.857176517943,8.034500324617,9.154049078322,10.140931914661,
    11.16430891518,12.14467057154,13.086344664582,13.924748692612,
    14.803128326675,15.653911875236,16.480955579096,17.226763352129,
    18.01856826362,18.796500931648,19.563479607115,20.264226339274,
    21.01815180319,21.769388657233,22.52071176954,23.216717634111,
    23.975961822176,24.743348723341,25.521634699363,26.252131546642,
    27.05917145937,27.885262969361,28.733262670931,29.538010575103,
    30.436403024908,31.365465694071,32.327889352555,33.24854348335,
    34.284117952136,35.363069228966,36.489379128657,37.574802555564,
    38.804527640271,40.095153684953,41.452119030183,42.768727723412,
    44.27040892768,45.857339500188,47.985194622019),.UNSPECIFIED.);
#10983 = CARTESIAN_POINT('',(24.241915341605,41.317396616108));
#10984 = CARTESIAN_POINT('',(23.734549040934,41.400924387824));
#10985 = CARTESIAN_POINT('',(22.733618973742,41.585672399972));
#10986 = CARTESIAN_POINT('',(21.27458721161,41.742143521841));
#10987 = CARTESIAN_POINT('',(19.92394336644,41.824286837819));
#10988 = CARTESIAN_POINT('',(18.646709468091,41.834674695109));
#10989 = CARTESIAN_POINT('',(17.438533661528,41.783366254989));
#10990 = CARTESIAN_POINT('',(16.264112174546,41.670357899767));
#10991 = CARTESIAN_POINT('',(15.181190860212,41.507361294318));
#10992 = CARTESIAN_POINT('',(14.158519624877,41.299007261237));
#10993 = CARTESIAN_POINT('',(13.192748075794,41.049980104629));
#10994 = CARTESIAN_POINT('',(12.256091077786,40.754170738104));
#10995 = CARTESIAN_POINT('',(11.394201697657,40.430621027231));
#10996 = CARTESIAN_POINT('',(10.581642082529,40.076341838557));
#10997 = CARTESIAN_POINT('',(9.814091110602,39.696457202005));
#10998 = CARTESIAN_POINT('',(9.0755639162,39.271003220772));
#10999 = CARTESIAN_POINT('',(8.382220799401,38.856113724717));
#11000 = CARTESIAN_POINT('',(7.72660377362,38.417908611987));
#11001 = CARTESIAN_POINT('',(7.107350970319,37.956583627534));
#11002 = CARTESIAN_POINT('',(6.507874513511,37.458702107982));
#11003 = CARTESIAN_POINT('',(5.957852204536,36.950433117799));
#11004 = CARTESIAN_POINT('',(5.440011593171,36.420642908347));
#11005 = CARTESIAN_POINT('',(4.953176959078,35.86912209037));
#11006 = CARTESIAN_POINT('',(4.48568980462,35.279440020404));
#11007 = CARTESIAN_POINT('',(4.06118547079,34.681625695782));
#11008 = CARTESIAN_POINT('',(3.666182461433,34.060832489273));
#11009 = CARTESIAN_POINT('',(3.300531974291,33.416068259806));
#11010 = CARTESIAN_POINT('',(2.957153392555,32.72837113895));
#11011 = CARTESIAN_POINT('',(2.65432727231,32.032310885301));
#11012 = CARTESIAN_POINT('',(2.382486767599,31.309502909553));
#11013 = CARTESIAN_POINT('',(2.142744873225,30.558600562344));
#11014 = CARTESIAN_POINT('',(1.932878554153,29.758230441885));
#11015 = CARTESIAN_POINT('',(1.765664135267,28.948668617959));
#11016 = CARTESIAN_POINT('',(1.635500021131,28.107932488413));
#11017 = CARTESIAN_POINT('',(1.546976527131,27.234726258028));
#11018 = CARTESIAN_POINT('',(1.495405143445,26.305496254274));
#11019 = CARTESIAN_POINT('',(1.518419112116,25.367659618555));
#11020 = CARTESIAN_POINT('',(1.585022743395,24.396824490391));
#11021 = CARTESIAN_POINT('',(1.707607067501,23.391998452614));
#11022 = CARTESIAN_POINT('',(1.894865816593,22.327582418421));
#11023 = CARTESIAN_POINT('',(2.142597882945,21.258478816811));
#11024 = CARTESIAN_POINT('',(2.458851560935,20.155284338121));
#11025 = CARTESIAN_POINT('',(2.849368663121,19.018065066824));
#11026 = CARTESIAN_POINT('',(3.335759002956,17.819413345921));
#11027 = CARTESIAN_POINT('',(3.89387909653,16.623353845495));
#11028 = CARTESIAN_POINT('',(4.564037280591,15.392667533767));
#11029 = CARTESIAN_POINT('',(5.262674350739,14.146255399249));
#11030 = CARTESIAN_POINT('',(6.511421326188,12.655028766119));
#11031 = CARTESIAN_POINT('',(6.398844232666,11.841626838209));
#11032 = CARTESIAN_POINT('',(6.61059116748,10.767330890697));
#11033 = ( GEOMETRIC_REPRESENTATION_CONTEXT(2) 
PARAMETRIC_REPRESENTATION_CONTEXT() REPRESENTATION_CONTEXT('2D SPACE',''
  ) );
#11034 = ORIENTED_EDGE('',*,*,#11035,.T.);
#11035 = EDGE_CURVE('',#10919,#1174,#11036,.T.);
#11036 = SURFACE_CURVE('',#11037,(#11043,#11052),.PCURVE_S1.);
#11037 = B_SPLINE_CURVE_WITH_KNOTS('',4,(#11038,#11039,#11040,#11041,
    #11042),.UNSPECIFIED.,.F.,.F.,(5,5),(0.,1.),
  .PIECEWISE_BEZIER_KNOTS.);
#11038 = CARTESIAN_POINT('',(6.593830471377,10.854095987909,22.4000006)
  );
#11039 = CARTESIAN_POINT('',(6.593830471377,10.854095987909,16.8000003)
  );
#11040 = CARTESIAN_POINT('',(6.593830471377,10.854095987909,11.2));
#11041 = CARTESIAN_POINT('',(6.593830471377,10.854095987909,5.5999997));
#11042 = CARTESIAN_POINT('',(6.593830471377,10.854095987909,-6.E-07));
#11043 = PCURVE('',#1312,#11044);
#11044 = DEFINITIONAL_REPRESENTATION('',(#11045),#11051);
#11045 = B_SPLINE_CURVE_WITH_KNOTS('',4,(#11046,#11047,#11048,#11049,
    #11050),.UNSPECIFIED.,.F.,.F.,(5,5),(0.,1.),
  .PIECEWISE_BEZIER_KNOTS.);
#11046 = CARTESIAN_POINT('',(47.927018056643,-22.4000006));
#11047 = CARTESIAN_POINT('',(47.927018056643,-16.8000003));
#11048 = CARTESIAN_POINT('',(47.927018056643,-11.2));
#11049 = CARTESIAN_POINT('',(47.927018056643,-5.5999997));
#11050 = CARTESIAN_POINT('',(47.927018056643,5.999999999062E-07));
#11051 = ( GEOMETRIC_REPRESENTATION_CONTEXT(2) 
PARAMETRIC_REPRESENTATION_CONTEXT() REPRESENTATION_CONTEXT('2D SPACE',''
  ) );
#11052 = PCURVE('',#1190,#11053);
#11053 = DEFINITIONAL_REPRESENTATION('',(#11054),#11060);
#11054 = B_SPLINE_CURVE_WITH_KNOTS('',4,(#11055,#11056,#11057,#11058,
    #11059),.UNSPECIFIED.,.F.,.F.,(5,5),(0.,1.),
  .PIECEWISE_BEZIER_KNOTS.);
#11055 = CARTESIAN_POINT('',(-1.024882573073,-22.4000006));
#11056 = CARTESIAN_POINT('',(-1.024882573073,-16.8000003));
#11057 = CARTESIAN_POINT('',(-1.024882573073,-11.2));
#11058 = CARTESIAN_POINT('',(-1.024882573073,-5.5999997));
#11059 = CARTESIAN_POINT('',(-1.024882573073,5.999999999062E-07));
#11060 = ( GEOMETRIC_REPRESENTATION_CONTEXT(2) 
PARAMETRIC_REPRESENTATION_CONTEXT() REPRESENTATION_CONTEXT('2D SPACE',''
  ) );
#11061 = ADVANCED_FACE('',(#11062),#1190,.T.);
#11062 = FACE_BOUND('',#11063,.F.);
#11063 = EDGE_LOOP('',(#11064,#11065,#11121,#11143));
#11064 = ORIENTED_EDGE('',*,*,#1173,.F.);
#11065 = ORIENTED_EDGE('',*,*,#11066,.F.);
#11066 = EDGE_CURVE('',#11067,#985,#11069,.T.);
#11067 = VERTEX_POINT('',#11068);
#11068 = CARTESIAN_POINT('',(9.816985772962,8.057095651254,22.4));
#11069 = SURFACE_CURVE('',#11070,(#11085,#11103),.PCURVE_S1.);
#11070 = B_SPLINE_CURVE_WITH_KNOTS('',4,(#11071,#11072,#11073,#11074,
    #11075,#11076,#11077,#11078,#11079,#11080,#11081,#11082,#11083,
    #11084),.UNSPECIFIED.,.F.,.F.,(5,3,3,3,5),(0.,0.25,0.5,0.75,1.),
  .UNSPECIFIED.);
#11071 = CARTESIAN_POINT('',(9.816985772962,8.057095651254,22.4000006));
#11072 = CARTESIAN_POINT('',(9.816985772962,8.057095651254,21.000000525)
  );
#11073 = CARTESIAN_POINT('',(9.816985772962,8.057095651254,19.60000045)
  );
#11074 = CARTESIAN_POINT('',(9.816985772962,8.057095651254,18.200000375)
  );
#11075 = CARTESIAN_POINT('',(9.816985772962,8.057095651254,15.400000225)
  );
#11076 = CARTESIAN_POINT('',(9.816985772962,8.057095651254,14.00000015)
  );
#11077 = CARTESIAN_POINT('',(9.816985772962,8.057095651254,12.600000075)
  );
#11078 = CARTESIAN_POINT('',(9.816985772962,8.057095651254,9.799999925)
  );
#11079 = CARTESIAN_POINT('',(9.816985772962,8.057095651254,8.39999985));
#11080 = CARTESIAN_POINT('',(9.816985772962,8.057095651254,6.999999775)
  );
#11081 = CARTESIAN_POINT('',(9.816985772962,8.057095651254,4.199999625)
  );
#11082 = CARTESIAN_POINT('',(9.816985772962,8.057095651254,2.79999955));
#11083 = CARTESIAN_POINT('',(9.816985772962,8.057095651254,1.399999475)
  );
#11084 = CARTESIAN_POINT('',(9.816985772962,8.057095651254,-6.E-07));
#11085 = PCURVE('',#1190,#11086);
#11086 = DEFINITIONAL_REPRESENTATION('',(#11087),#11102);
#11087 = B_SPLINE_CURVE_WITH_KNOTS('',4,(#11088,#11089,#11090,#11091,
    #11092,#11093,#11094,#11095,#11096,#11097,#11098,#11099,#11100,
    #11101),.UNSPECIFIED.,.F.,.F.,(5,3,3,3,5),(0.,0.25,0.5,0.75,1.),
  .UNSPECIFIED.);
#11088 = CARTESIAN_POINT('',(-0.68725404786,-22.4000006));
#11089 = CARTESIAN_POINT('',(-0.68725404786,-21.000000525));
#11090 = CARTESIAN_POINT('',(-0.68725404786,-19.60000045));
#11091 = CARTESIAN_POINT('',(-0.68725404786,-18.200000375));
#11092 = CARTESIAN_POINT('',(-0.68725404786,-15.400000225));
#11093 = CARTESIAN_POINT('',(-0.68725404786,-14.00000015));
#11094 = CARTESIAN_POINT('',(-0.68725404786,-12.600000075));
#11095 = CARTESIAN_POINT('',(-0.68725404786,-9.799999925));
#11096 = CARTESIAN_POINT('',(-0.68725404786,-8.39999985));
#11097 = CARTESIAN_POINT('',(-0.68725404786,-6.999999775));
#11098 = CARTESIAN_POINT('',(-0.68725404786,-4.199999625));
#11099 = CARTESIAN_POINT('',(-0.68725404786,-2.79999955));
#11100 = CARTESIAN_POINT('',(-0.68725404786,-1.399999475));
#11101 = CARTESIAN_POINT('',(-0.68725404786,5.999999999062E-07));
#11102 = ( GEOMETRIC_REPRESENTATION_CONTEXT(2) 
PARAMETRIC_REPRESENTATION_CONTEXT() REPRESENTATION_CONTEXT('2D SPACE',''
  ) );
#11103 = PCURVE('',#1106,#11104);
#11104 = DEFINITIONAL_REPRESENTATION('',(#11105),#11120);
#11105 = B_SPLINE_CURVE_WITH_KNOTS('',4,(#11106,#11107,#11108,#11109,
    #11110,#11111,#11112,#11113,#11114,#11115,#11116,#11117,#11118,
    #11119),.UNSPECIFIED.,.F.,.F.,(5,3,3,3,5),(0.,0.25,0.5,0.75,1.),
  .UNSPECIFIED.);
#11106 = CARTESIAN_POINT('',(2.479811260551,-22.4000006));
#11107 = CARTESIAN_POINT('',(2.479811260551,-21.000000525));
#11108 = CARTESIAN_POINT('',(2.479811260551,-19.60000045));
#11109 = CARTESIAN_POINT('',(2.479811260551,-18.200000375));
#11110 = CARTESIAN_POINT('',(2.479811260551,-15.400000225));
#11111 = CARTESIAN_POINT('',(2.479811260551,-14.00000015));
#11112 = CARTESIAN_POINT('',(2.479811260551,-12.600000075));
#11113 = CARTESIAN_POINT('',(2.479811260551,-9.799999925));
#11114 = CARTESIAN_POINT('',(2.479811260551,-8.39999985));
#11115 = CARTESIAN_POINT('',(2.479811260551,-6.999999775));
#11116 = CARTESIAN_POINT('',(2.479811260551,-4.199999625));
#11117 = CARTESIAN_POINT('',(2.479811260551,-2.79999955));
#11118 = CARTESIAN_POINT('',(2.479811260551,-1.399999475));
#11119 = CARTESIAN_POINT('',(2.479811260551,5.999999999062E-07));
#11120 = ( GEOMETRIC_REPRESENTATION_CONTEXT(2) 
PARAMETRIC_REPRESENTATION_CONTEXT() REPRESENTATION_CONTEXT('2D SPACE',''
  ) );
#11121 = ORIENTED_EDGE('',*,*,#11122,.T.);
#11122 = EDGE_CURVE('',#11067,#10919,#11123,.T.);
#11123 = SURFACE_CURVE('',#11124,(#11129,#11136),.PCURVE_S1.);
#11124 = CIRCLE('',#11125,12.7);
#11125 = AXIS2_PLACEMENT_3D('',#11126,#11127,#11128);
#11126 = CARTESIAN_POINT('',(0.,0.,22.4));
#11127 = DIRECTION('',(0.,0.,1.));
#11128 = DIRECTION('',(1.,0.,0.));
#11129 = PCURVE('',#1190,#11130);
#11130 = DEFINITIONAL_REPRESENTATION('',(#11131),#11135);
#11131 = LINE('',#11132,#11133);
#11132 = CARTESIAN_POINT('',(-0.,-22.4));
#11133 = VECTOR('',#11134,1.);
#11134 = DIRECTION('',(-1.,0.));
#11135 = ( GEOMETRIC_REPRESENTATION_CONTEXT(2) 
PARAMETRIC_REPRESENTATION_CONTEXT() REPRESENTATION_CONTEXT('2D SPACE',''
  ) );
#11136 = PCURVE('',#5472,#11137);
#11137 = DEFINITIONAL_REPRESENTATION('',(#11138),#11142);
#11138 = CIRCLE('',#11139,12.7);
#11139 = AXIS2_PLACEMENT_2D('',#11140,#11141);
#11140 = CARTESIAN_POINT('',(3.500646739301E-15,2.041077998579E-15));
#11141 = DIRECTION('',(1.,0.));
#11142 = ( GEOMETRIC_REPRESENTATION_CONTEXT(2) 
PARAMETRIC_REPRESENTATION_CONTEXT() REPRESENTATION_CONTEXT('2D SPACE',''
  ) );
#11143 = ORIENTED_EDGE('',*,*,#11035,.T.);
#11144 = ADVANCED_FACE('',(#11145),#1106,.T.);
#11145 = FACE_BOUND('',#11146,.T.);
#11146 = EDGE_LOOP('',(#11147,#11148,#11149,#11276));
#11147 = ORIENTED_EDGE('',*,*,#984,.F.);
#11148 = ORIENTED_EDGE('',*,*,#11066,.F.);
#11149 = ORIENTED_EDGE('',*,*,#11150,.T.);
#11150 = EDGE_CURVE('',#11067,#5594,#11151,.T.);
#11151 = SURFACE_CURVE('',#11152,(#11209,#11216),.PCURVE_S1.);
#11152 = B_SPLINE_CURVE_WITH_KNOTS('',3,(#11153,#11154,#11155,#11156,
    #11157,#11158,#11159,#11160,#11161,#11162,#11163,#11164,#11165,
    #11166,#11167,#11168,#11169,#11170,#11171,#11172,#11173,#11174,
    #11175,#11176,#11177,#11178,#11179,#11180,#11181,#11182,#11183,
    #11184,#11185,#11186,#11187,#11188,#11189,#11190,#11191,#11192,
    #11193,#11194,#11195,#11196,#11197,#11198,#11199,#11200,#11201,
    #11202,#11203,#11204,#11205,#11206,#11207,#11208),.UNSPECIFIED.,.F.,
  .F.,(4,1,1,1,1,1,1,1,1,1,1,1,1,1,1,1,1,1,1,1,1,1,1,1,1,1,1,1,1,1,1,1,1
    ,1,1,1,1,1,1,1,1,1,1,1,1,1,1,3,3,4),(0.,2.252840378147,
    3.947251251067,5.556769293497,6.973069313182,8.438034201878,
    9.836527608945,11.173881028628,12.358378394578,13.591674823614,
    14.777241775145,15.919070127373,16.937511191725,18.005608061592,
    19.040905950925,20.046909447572,20.952226144232,21.910527049393,
    22.848343890734,23.768545277515,24.604779330967,25.498993387072,
    26.383732766176,27.261734369083,28.068590979197,28.941306811933,
    29.815275751476,30.69326112534,31.509705745874,32.403313623746,
    33.30925058782,34.230483702873,35.097084585268,36.056205964867,
    37.039089037922,38.048588577934,39.007142758039,40.077976938895,
    41.186386250524,42.336589601129,43.439334281668,44.68291297016,
    45.982505886097,47.343769408886,48.660381123787,50.157957971193,
    51.73669345799,51.75772326206,53.205564838504,53.402350377676),
  .UNSPECIFIED.);
#11153 = CARTESIAN_POINT('',(9.159260313996,5.677248475798,22.4));
#11154 = CARTESIAN_POINT('',(9.381570029705,6.419157071282,22.4));
#11155 = CARTESIAN_POINT('',(10.011966278282,7.621806634367,22.4));
#11156 = CARTESIAN_POINT('',(9.623455899746,9.502145407973,22.4));
#11157 = CARTESIAN_POINT('',(9.65000611865,11.068858885456,22.4));
#11158 = CARTESIAN_POINT('',(9.68602267767,12.567257737692,22.4));
#11159 = CARTESIAN_POINT('',(9.810347266808,13.988983567382,22.4));
#11160 = CARTESIAN_POINT('',(10.003257832058,15.376571074163,22.4));
#11161 = CARTESIAN_POINT('',(10.253866175147,16.659767543645,22.4));
#11162 = CARTESIAN_POINT('',(10.556919559953,17.87475124589,22.4));
#11163 = CARTESIAN_POINT('',(10.907450062459,19.024188851089,22.4));
#11164 = CARTESIAN_POINT('',(11.313848276896,20.139957737987,22.4));
#11165 = CARTESIAN_POINT('',(11.751427632696,21.166330794815,22.4));
#11166 = CARTESIAN_POINT('',(12.222151791377,22.134634924786,22.4));
#11167 = CARTESIAN_POINT('',(12.729825005182,23.043364334437,22.4));
#11168 = CARTESIAN_POINT('',(13.260952256266,23.933761594348,22.4));
#11169 = CARTESIAN_POINT('',(13.813470505503,24.746529802081,22.4));
#11170 = CARTESIAN_POINT('',(14.389523767208,25.510561905712,22.4));
#11171 = CARTESIAN_POINT('',(14.989258311645,26.226922275766,22.4));
#11172 = CARTESIAN_POINT('',(15.629115400462,26.914434270727,22.4));
#11173 = CARTESIAN_POINT('',(16.275021553485,27.539032167065,22.4));
#11174 = CARTESIAN_POINT('',(16.940707922079,28.120510501845,22.4));
#11175 = CARTESIAN_POINT('',(17.625744048305,28.660282576718,22.4));
#11176 = CARTESIAN_POINT('',(18.349647411773,29.171226109552,22.4));
#11177 = CARTESIAN_POINT('',(19.074848787575,29.627762073074,22.4));
#11178 = CARTESIAN_POINT('',(19.818723044973,30.044903963568,22.4));
#11179 = CARTESIAN_POINT('',(20.581678161375,30.423181942508,22.4));
#11180 = CARTESIAN_POINT('',(21.385316918264,30.770029287382,22.4));
#11181 = CARTESIAN_POINT('',(22.188568566594,31.067427136097,22.4));
#11182 = CARTESIAN_POINT('',(23.012060639153,31.325589760495,22.4));
#11183 = CARTESIAN_POINT('',(23.856710497443,31.543920775878,22.4));
#11184 = CARTESIAN_POINT('',(24.745942898789,31.724276071262,22.4));
#11185 = CARTESIAN_POINT('',(25.634606688725,31.856013299852,22.4));
#11186 = CARTESIAN_POINT('',(26.546242722624,31.944318976572,22.4));
#11187 = CARTESIAN_POINT('',(27.48239973872,31.986283341658,22.4));
#11188 = CARTESIAN_POINT('',(28.466242966525,31.947209448402,22.4));
#11189 = CARTESIAN_POINT('',(29.446689640565,31.864385005727,22.4));
#11190 = CARTESIAN_POINT('',(30.450530880581,31.725292933757,22.4));
#11191 = CARTESIAN_POINT('',(31.478416405116,31.52932016417,22.4));
#11192 = CARTESIAN_POINT('',(32.556452696028,31.263234367691,22.4));
#11193 = CARTESIAN_POINT('',(33.628758216108,30.936994130978,22.4));
#11194 = CARTESIAN_POINT('',(34.7258003724,30.540263441951,22.4));
#11195 = CARTESIAN_POINT('',(35.84441275164,30.07038490943,22.4));
#11196 = CARTESIAN_POINT('',(37.02424329005,29.494643623252,22.4));
#11197 = CARTESIAN_POINT('',(38.152244188848,28.880688608268,22.4));
#11198 = CARTESIAN_POINT('',(39.459557243211,28.038637786285,22.4));
#11199 = CARTESIAN_POINT('',(40.127879577444,27.660868678807,22.4));
#11200 = CARTESIAN_POINT('',(42.377535217442,25.800356971142,22.4));
#11201 = CARTESIAN_POINT('',(41.76650220778,26.339813079676,22.4));
#11202 = CARTESIAN_POINT('',(41.758181299267,26.347148533107,22.4));
#11203 = CARTESIAN_POINT('',(41.758181300272,26.347148532247,22.4));
#11204 = CARTESIAN_POINT('',(41.758181301276,26.347148531388,22.4));
#11205 = CARTESIAN_POINT('',(41.75818130228,26.347148530528,22.4));
#11206 = CARTESIAN_POINT('',(42.099793715686,26.052671040204,22.4));
#11207 = CARTESIAN_POINT('',(42.52368484046,25.687474330418,22.4));
#11208 = CARTESIAN_POINT('',(43.044471659842,25.239042583016,22.4));
#11209 = PCURVE('',#1106,#11210);
#11210 = DEFINITIONAL_REPRESENTATION('',(#11211),#11215);
#11211 = LINE('',#11212,#11213);
#11212 = CARTESIAN_POINT('',(0.,-22.4));
#11213 = VECTOR('',#11214,1.);
#11214 = DIRECTION('',(1.,0.));
#11215 = ( GEOMETRIC_REPRESENTATION_CONTEXT(2) 
PARAMETRIC_REPRESENTATION_CONTEXT() REPRESENTATION_CONTEXT('2D SPACE',''
  ) );
#11216 = PCURVE('',#5472,#11217);
#11217 = DEFINITIONAL_REPRESENTATION('',(#11218),#11275);
#11218 = B_SPLINE_CURVE_WITH_KNOTS('',3,(#11219,#11220,#11221,#11222,
    #11223,#11224,#11225,#11226,#11227,#11228,#11229,#11230,#11231,
    #11232,#11233,#11234,#11235,#11236,#11237,#11238,#11239,#11240,
    #11241,#11242,#11243,#11244,#11245,#11246,#11247,#11248,#11249,
    #11250,#11251,#11252,#11253,#11254,#11255,#11256,#11257,#11258,
    #11259,#11260,#11261,#11262,#11263,#11264,#11265,#11266,#11267,
    #11268,#11269,#11270,#11271,#11272,#11273,#11274),.UNSPECIFIED.,.F.,
  .F.,(4,1,1,1,1,1,1,1,1,1,1,1,1,1,1,1,1,1,1,1,1,1,1,1,1,1,1,1,1,1,1,1,1
    ,1,1,1,1,1,1,1,1,1,1,1,1,1,1,3,3,4),(0.,2.252840378147,
    3.947251251067,5.556769293497,6.973069313182,8.438034201878,
    9.836527608945,11.173881028628,12.358378394578,13.591674823614,
    14.777241775145,15.919070127373,16.937511191725,18.005608061592,
    19.040905950925,20.046909447572,20.952226144232,21.910527049393,
    22.848343890734,23.768545277515,24.604779330967,25.498993387072,
    26.383732766176,27.261734369083,28.068590979197,28.941306811933,
    29.815275751476,30.69326112534,31.509705745874,32.403313623746,
    33.30925058782,34.230483702873,35.097084585268,36.056205964867,
    37.039089037922,38.048588577934,39.007142758039,40.077976938895,
    41.186386250524,42.336589601129,43.439334281668,44.68291297016,
    45.982505886097,47.343769408886,48.660381123787,50.157957971193,
    51.73669345799,51.75772326206,53.205564838504,53.402350377676),
  .UNSPECIFIED.);
#11219 = CARTESIAN_POINT('',(9.159260313996,5.677248475798));
#11220 = CARTESIAN_POINT('',(9.381570029705,6.419157071282));
#11221 = CARTESIAN_POINT('',(10.011966278282,7.621806634367));
#11222 = CARTESIAN_POINT('',(9.623455899746,9.502145407973));
#11223 = CARTESIAN_POINT('',(9.65000611865,11.068858885456));
#11224 = CARTESIAN_POINT('',(9.68602267767,12.567257737692));
#11225 = CARTESIAN_POINT('',(9.810347266808,13.988983567382));
#11226 = CARTESIAN_POINT('',(10.003257832058,15.376571074163));
#11227 = CARTESIAN_POINT('',(10.253866175147,16.659767543645));
#11228 = CARTESIAN_POINT('',(10.556919559953,17.87475124589));
#11229 = CARTESIAN_POINT('',(10.907450062459,19.024188851089));
#11230 = CARTESIAN_POINT('',(11.313848276896,20.139957737987));
#11231 = CARTESIAN_POINT('',(11.751427632696,21.166330794815));
#11232 = CARTESIAN_POINT('',(12.222151791377,22.134634924786));
#11233 = CARTESIAN_POINT('',(12.729825005182,23.043364334437));
#11234 = CARTESIAN_POINT('',(13.260952256266,23.933761594348));
#11235 = CARTESIAN_POINT('',(13.813470505503,24.746529802081));
#11236 = CARTESIAN_POINT('',(14.389523767208,25.510561905712));
#11237 = CARTESIAN_POINT('',(14.989258311645,26.226922275766));
#11238 = CARTESIAN_POINT('',(15.629115400462,26.914434270727));
#11239 = CARTESIAN_POINT('',(16.275021553485,27.539032167065));
#11240 = CARTESIAN_POINT('',(16.940707922079,28.120510501845));
#11241 = CARTESIAN_POINT('',(17.625744048305,28.660282576718));
#11242 = CARTESIAN_POINT('',(18.349647411773,29.171226109552));
#11243 = CARTESIAN_POINT('',(19.074848787575,29.627762073074));
#11244 = CARTESIAN_POINT('',(19.818723044973,30.044903963568));
#11245 = CARTESIAN_POINT('',(20.581678161375,30.423181942508));
#11246 = CARTESIAN_POINT('',(21.385316918264,30.770029287382));
#11247 = CARTESIAN_POINT('',(22.188568566594,31.067427136097));
#11248 = CARTESIAN_POINT('',(23.012060639153,31.325589760495));
#11249 = CARTESIAN_POINT('',(23.856710497443,31.543920775878));
#11250 = CARTESIAN_POINT('',(24.745942898789,31.724276071262));
#11251 = CARTESIAN_POINT('',(25.634606688725,31.856013299852));
#11252 = CARTESIAN_POINT('',(26.546242722624,31.944318976572));
#11253 = CARTESIAN_POINT('',(27.48239973872,31.986283341658));
#11254 = CARTESIAN_POINT('',(28.466242966525,31.947209448402));
#11255 = CARTESIAN_POINT('',(29.446689640565,31.864385005727));
#11256 = CARTESIAN_POINT('',(30.450530880581,31.725292933757));
#11257 = CARTESIAN_POINT('',(31.478416405116,31.52932016417));
#11258 = CARTESIAN_POINT('',(32.556452696028,31.263234367691));
#11259 = CARTESIAN_POINT('',(33.628758216108,30.936994130978));
#11260 = CARTESIAN_POINT('',(34.7258003724,30.540263441951));
#11261 = CARTESIAN_POINT('',(35.84441275164,30.07038490943));
#11262 = CARTESIAN_POINT('',(37.02424329005,29.494643623252));
#11263 = CARTESIAN_POINT('',(38.152244188848,28.880688608268));
#11264 = CARTESIAN_POINT('',(39.459557243211,28.038637786285));
#11265 = CARTESIAN_POINT('',(40.127879577444,27.660868678807));
#11266 = CARTESIAN_POINT('',(42.377535217442,25.800356971142));
#11267 = CARTESIAN_POINT('',(41.76650220778,26.339813079676));
#11268 = CARTESIAN_POINT('',(41.758181299267,26.347148533107));
#11269 = CARTESIAN_POINT('',(41.758181300272,26.347148532247));
#11270 = CARTESIAN_POINT('',(41.758181301276,26.347148531388));
#11271 = CARTESIAN_POINT('',(41.75818130228,26.347148530528));
#11272 = CARTESIAN_POINT('',(42.099793715686,26.052671040204));
#11273 = CARTESIAN_POINT('',(42.52368484046,25.687474330418));
#11274 = CARTESIAN_POINT('',(43.044471659842,25.239042583016));
#11275 = ( GEOMETRIC_REPRESENTATION_CONTEXT(2) 
PARAMETRIC_REPRESENTATION_CONTEXT() REPRESENTATION_CONTEXT('2D SPACE',''
  ) );
#11276 = ORIENTED_EDGE('',*,*,#5593,.T.);
#11277 = ADVANCED_FACE('',(#11278),#939,.T.);
#11278 = FACE_BOUND('',#11279,.T.);
#11279 = EDGE_LOOP('',(#11280,#11281,#11282,#11305));
#11280 = ORIENTED_EDGE('',*,*,#925,.F.);
#11281 = ORIENTED_EDGE('',*,*,#5570,.F.);
#11282 = ORIENTED_EDGE('',*,*,#11283,.T.);
#11283 = EDGE_CURVE('',#5547,#11284,#11286,.T.);
#11284 = VERTEX_POINT('',#11285);
#11285 = CARTESIAN_POINT('',(41.652812830276,23.660957416984,22.4));
#11286 = SURFACE_CURVE('',#11287,(#11291,#11298),.PCURVE_S1.);
#11287 = LINE('',#11288,#11289);
#11288 = CARTESIAN_POINT('',(43.044471659842,25.239042583016,22.4));
#11289 = VECTOR('',#11290,1.);
#11290 = DIRECTION('',(-0.661416047422,-0.750019207895,0.));
#11291 = PCURVE('',#939,#11292);
#11292 = DEFINITIONAL_REPRESENTATION('',(#11293),#11297);
#11293 = LINE('',#11294,#11295);
#11294 = CARTESIAN_POINT('',(0.,-22.4));
#11295 = VECTOR('',#11296,1.);
#11296 = DIRECTION('',(1.,-0.));
#11297 = ( GEOMETRIC_REPRESENTATION_CONTEXT(2) 
PARAMETRIC_REPRESENTATION_CONTEXT() REPRESENTATION_CONTEXT('2D SPACE',''
  ) );
#11298 = PCURVE('',#5472,#11299);
#11299 = DEFINITIONAL_REPRESENTATION('',(#11300),#11304);
#11300 = LINE('',#11301,#11302);
#11301 = CARTESIAN_POINT('',(43.044471659842,25.239042583016));
#11302 = VECTOR('',#11303,1.);
#11303 = DIRECTION('',(-0.661416047422,-0.750019207895));
#11304 = ( GEOMETRIC_REPRESENTATION_CONTEXT(2) 
PARAMETRIC_REPRESENTATION_CONTEXT() REPRESENTATION_CONTEXT('2D SPACE',''
  ) );
#11305 = ORIENTED_EDGE('',*,*,#11306,.F.);
#11306 = EDGE_CURVE('',#755,#11284,#11307,.T.);
#11307 = SURFACE_CURVE('',#11308,(#11312,#11319),.PCURVE_S1.);
#11308 = LINE('',#11309,#11310);
#11309 = CARTESIAN_POINT('',(41.652812830276,23.660957416984,0.));
#11310 = VECTOR('',#11311,1.);
#11311 = DIRECTION('',(0.,0.,1.));
#11312 = PCURVE('',#939,#11313);
#11313 = DEFINITIONAL_REPRESENTATION('',(#11314),#11318);
#11314 = LINE('',#11315,#11316);
#11315 = CARTESIAN_POINT('',(2.104059668631,-0.));
#11316 = VECTOR('',#11317,1.);
#11317 = DIRECTION('',(0.,-1.));
#11318 = ( GEOMETRIC_REPRESENTATION_CONTEXT(2) 
PARAMETRIC_REPRESENTATION_CONTEXT() REPRESENTATION_CONTEXT('2D SPACE',''
  ) );
#11319 = PCURVE('',#864,#11320);
#11320 = DEFINITIONAL_REPRESENTATION('',(#11321),#11325);
#11321 = LINE('',#11322,#11323);
#11322 = CARTESIAN_POINT('',(0.,0.));
#11323 = VECTOR('',#11324,1.);
#11324 = DIRECTION('',(0.,-1.));
#11325 = ( GEOMETRIC_REPRESENTATION_CONTEXT(2) 
PARAMETRIC_REPRESENTATION_CONTEXT() REPRESENTATION_CONTEXT('2D SPACE',''
  ) );
#11326 = ADVANCED_FACE('',(#11327),#864,.T.);
#11327 = FACE_BOUND('',#11328,.T.);
#11328 = EDGE_LOOP('',(#11329,#11330,#11331,#11448));
#11329 = ORIENTED_EDGE('',*,*,#754,.F.);
#11330 = ORIENTED_EDGE('',*,*,#11306,.T.);
#11331 = ORIENTED_EDGE('',*,*,#11332,.T.);
#11332 = EDGE_CURVE('',#11284,#11333,#11335,.T.);
#11333 = VERTEX_POINT('',#11334);
#11334 = CARTESIAN_POINT('',(11.137472690415,6.103007624955,22.4));
#11335 = SURFACE_CURVE('',#11336,(#11387,#11394),.PCURVE_S1.);
#11336 = B_SPLINE_CURVE_WITH_KNOTS('',3,(#11337,#11338,#11339,#11340,
    #11341,#11342,#11343,#11344,#11345,#11346,#11347,#11348,#11349,
    #11350,#11351,#11352,#11353,#11354,#11355,#11356,#11357,#11358,
    #11359,#11360,#11361,#11362,#11363,#11364,#11365,#11366,#11367,
    #11368,#11369,#11370,#11371,#11372,#11373,#11374,#11375,#11376,
    #11377,#11378,#11379,#11380,#11381,#11382,#11383,#11384,#11385,
    #11386),.UNSPECIFIED.,.F.,.F.,(4,1,1,1,1,1,1,1,1,1,1,1,1,1,1,1,1,1,1
    ,1,1,1,1,1,1,1,1,1,1,1,1,1,1,1,1,1,1,1,1,1,1,1,1,1,1,1,1,4),(0.,
    1.560399863547,3.026493159763,4.408519816062,5.616164948135,
    6.857176517943,8.034500324617,9.154049078322,10.140931914661,
    11.16430891518,12.14467057154,13.086344664582,13.924748692612,
    14.803128326675,15.653911875236,16.480955579096,17.226763352129,
    18.01856826362,18.796500931648,19.563479607115,20.264226339274,
    21.01815180319,21.769388657233,22.52071176954,23.216717634111,
    23.975961822176,24.743348723341,25.521634699363,26.252131546642,
    27.05917145937,27.885262969361,28.733262670931,29.538010575103,
    30.436403024908,31.365465694071,32.327889352555,33.24854348335,
    34.284117952136,35.363069228966,36.489379128657,37.574802555564,
    38.804527640271,40.095153684953,41.452119030183,42.768727723412,
    44.27040892768,45.857339500188,47.985194622019),.UNSPECIFIED.);
#11337 = CARTESIAN_POINT('',(41.652812830276,23.660957416984,22.4));
#11338 = CARTESIAN_POINT('',(41.255184610729,23.986977739547,22.4));
#11339 = CARTESIAN_POINT('',(40.480727751203,24.647439244962,22.4));
#11340 = CARTESIAN_POINT('',(39.295404741202,25.512463092525,22.4));
#11341 = CARTESIAN_POINT('',(38.166784517809,26.258923213498,22.4));
#11342 = CARTESIAN_POINT('',(37.065861443909,26.906536310976,22.4));
#11343 = CARTESIAN_POINT('',(35.993896283128,27.466189801686,22.4));
#11344 = CARTESIAN_POINT('',(34.92031326304,27.955532438715,22.4));
#11345 = CARTESIAN_POINT('',(33.900977591802,28.355833894832,22.4));
#11346 = CARTESIAN_POINT('',(32.911141305743,28.686729626871,22.4));
#11347 = CARTESIAN_POINT('',(31.95024503168,28.953951557558,22.4));
#11348 = CARTESIAN_POINT('',(30.99117159351,29.166101630473,22.4));
#11349 = CARTESIAN_POINT('',(30.08297863963,29.316844051535,22.4));
#11350 = CARTESIAN_POINT('',(29.202141776503,29.416309081675,22.4));
#11351 = CARTESIAN_POINT('',(28.347480817839,29.471094821878,22.4));
#11352 = CARTESIAN_POINT('',(27.495170515485,29.471904463189,22.4));
#11353 = CARTESIAN_POINT('',(26.68727301477,29.459271178242,22.4));
#11354 = CARTESIAN_POINT('',(25.900389458925,29.407582931439,22.4));
#11355 = CARTESIAN_POINT('',(25.133438307675,29.317690177153,22.4));
#11356 = CARTESIAN_POINT('',(24.365335707332,29.18625036155,22.4));
#11357 = CARTESIAN_POINT('',(23.63486792002,29.021087658584,22.4));
#11358 = CARTESIAN_POINT('',(22.921509690741,28.821196184205,22.4));
#11359 = CARTESIAN_POINT('',(22.224138121186,28.586982462167,22.4));
#11360 = CARTESIAN_POINT('',(21.5244413345,28.310046386649,22.4));
#11361 = CARTESIAN_POINT('',(20.857902635075,28.004576161695,22.4));
#11362 = CARTESIAN_POINT('',(20.205423391146,27.664454979041,22.4));
#11363 = CARTESIAN_POINT('',(19.566378665642,27.288898020441,22.4));
#11364 = CARTESIAN_POINT('',(18.925155530315,26.865024134539,22.4));
#11365 = CARTESIAN_POINT('',(18.314870290429,26.413631332436,22.4));
#11366 = CARTESIAN_POINT('',(17.718045519697,25.923581515736,22.4));
#11367 = CARTESIAN_POINT('',(17.134971775214,25.393151954479,22.4));
#11368 = CARTESIAN_POINT('',(16.553037151269,24.804944257267,22.4));
#11369 = CARTESIAN_POINT('',(16.003444304672,24.187450361256,22.4));
#11370 = CARTESIAN_POINT('',(15.470350810395,23.524433572258,22.4));
#11371 = CARTESIAN_POINT('',(14.957084100568,22.812476541002,22.4));
#11372 = CARTESIAN_POINT('',(14.44780697031,22.033525443636,22.4));
#11373 = CARTESIAN_POINT('',(13.998819333962,21.209828108167,22.4));
#11374 = CARTESIAN_POINT('',(13.571082206552,20.335758408651,22.4));
#11375 = CARTESIAN_POINT('',(13.174830326445,19.404261371499,22.4));
#11376 = CARTESIAN_POINT('',(12.804793143143,18.388820671147,22.4));
#11377 = CARTESIAN_POINT('',(12.48478360513,17.339083759699,22.4));
#11378 = CARTESIAN_POINT('',(12.207070084965,16.225562476844,22.4));
#11379 = CARTESIAN_POINT('',(11.976658180422,15.045443147135,22.4));
#11380 = CARTESIAN_POINT('',(11.798558710423,13.764185136625,22.4));
#11381 = CARTESIAN_POINT('',(11.683875139608,12.449307178031,22.4));
#11382 = CARTESIAN_POINT('',(11.648905995695,11.048422475955,22.4));
#11383 = CARTESIAN_POINT('',(11.630737379209,9.619679368803,22.4));
#11384 = CARTESIAN_POINT('',(11.966570666282,7.703865733988,22.4));
#11385 = CARTESIAN_POINT('',(11.462375079453,7.055727547691,22.4));
#11386 = CARTESIAN_POINT('',(11.108605330419,6.019486498557,22.4));
#11387 = PCURVE('',#864,#11388);
#11388 = DEFINITIONAL_REPRESENTATION('',(#11389),#11393);
#11389 = LINE('',#11390,#11391);
#11390 = CARTESIAN_POINT('',(0.,-22.4));
#11391 = VECTOR('',#11392,1.);
#11392 = DIRECTION('',(1.,0.));
#11393 = ( GEOMETRIC_REPRESENTATION_CONTEXT(2) 
PARAMETRIC_REPRESENTATION_CONTEXT() REPRESENTATION_CONTEXT('2D SPACE',''
  ) );
#11394 = PCURVE('',#5472,#11395);
#11395 = DEFINITIONAL_REPRESENTATION('',(#11396),#11447);
#11396 = B_SPLINE_CURVE_WITH_KNOTS('',3,(#11397,#11398,#11399,#11400,
    #11401,#11402,#11403,#11404,#11405,#11406,#11407,#11408,#11409,
    #11410,#11411,#11412,#11413,#11414,#11415,#11416,#11417,#11418,
    #11419,#11420,#11421,#11422,#11423,#11424,#11425,#11426,#11427,
    #11428,#11429,#11430,#11431,#11432,#11433,#11434,#11435,#11436,
    #11437,#11438,#11439,#11440,#11441,#11442,#11443,#11444,#11445,
    #11446),.UNSPECIFIED.,.F.,.F.,(4,1,1,1,1,1,1,1,1,1,1,1,1,1,1,1,1,1,1
    ,1,1,1,1,1,1,1,1,1,1,1,1,1,1,1,1,1,1,1,1,1,1,1,1,1,1,1,1,4),(0.,
    1.560399863547,3.026493159763,4.408519816062,5.616164948135,
    6.857176517943,8.034500324617,9.154049078322,10.140931914661,
    11.16430891518,12.14467057154,13.086344664582,13.924748692612,
    14.803128326675,15.653911875236,16.480955579096,17.226763352129,
    18.01856826362,18.796500931648,19.563479607115,20.264226339274,
    21.01815180319,21.769388657233,22.52071176954,23.216717634111,
    23.975961822176,24.743348723341,25.521634699363,26.252131546642,
    27.05917145937,27.885262969361,28.733262670931,29.538010575103,
    30.436403024908,31.365465694071,32.327889352555,33.24854348335,
    34.284117952136,35.363069228966,36.489379128657,37.574802555564,
    38.804527640271,40.095153684953,41.452119030183,42.768727723412,
    44.27040892768,45.857339500188,47.985194622019),.UNSPECIFIED.);
#11397 = CARTESIAN_POINT('',(41.652812830276,23.660957416984));
#11398 = CARTESIAN_POINT('',(41.255184610729,23.986977739547));
#11399 = CARTESIAN_POINT('',(40.480727751203,24.647439244962));
#11400 = CARTESIAN_POINT('',(39.295404741202,25.512463092525));
#11401 = CARTESIAN_POINT('',(38.166784517809,26.258923213498));
#11402 = CARTESIAN_POINT('',(37.065861443909,26.906536310976));
#11403 = CARTESIAN_POINT('',(35.993896283128,27.466189801686));
#11404 = CARTESIAN_POINT('',(34.92031326304,27.955532438715));
#11405 = CARTESIAN_POINT('',(33.900977591802,28.355833894832));
#11406 = CARTESIAN_POINT('',(32.911141305743,28.686729626871));
#11407 = CARTESIAN_POINT('',(31.95024503168,28.953951557558));
#11408 = CARTESIAN_POINT('',(30.99117159351,29.166101630473));
#11409 = CARTESIAN_POINT('',(30.08297863963,29.316844051535));
#11410 = CARTESIAN_POINT('',(29.202141776503,29.416309081675));
#11411 = CARTESIAN_POINT('',(28.347480817839,29.471094821878));
#11412 = CARTESIAN_POINT('',(27.495170515485,29.471904463189));
#11413 = CARTESIAN_POINT('',(26.68727301477,29.459271178242));
#11414 = CARTESIAN_POINT('',(25.900389458925,29.407582931439));
#11415 = CARTESIAN_POINT('',(25.133438307675,29.317690177153));
#11416 = CARTESIAN_POINT('',(24.365335707332,29.18625036155));
#11417 = CARTESIAN_POINT('',(23.63486792002,29.021087658584));
#11418 = CARTESIAN_POINT('',(22.921509690741,28.821196184205));
#11419 = CARTESIAN_POINT('',(22.224138121186,28.586982462167));
#11420 = CARTESIAN_POINT('',(21.5244413345,28.310046386649));
#11421 = CARTESIAN_POINT('',(20.857902635075,28.004576161695));
#11422 = CARTESIAN_POINT('',(20.205423391146,27.664454979041));
#11423 = CARTESIAN_POINT('',(19.566378665642,27.288898020441));
#11424 = CARTESIAN_POINT('',(18.925155530315,26.865024134539));
#11425 = CARTESIAN_POINT('',(18.314870290429,26.413631332436));
#11426 = CARTESIAN_POINT('',(17.718045519697,25.923581515736));
#11427 = CARTESIAN_POINT('',(17.134971775214,25.393151954479));
#11428 = CARTESIAN_POINT('',(16.553037151269,24.804944257267));
#11429 = CARTESIAN_POINT('',(16.003444304672,24.187450361256));
#11430 = CARTESIAN_POINT('',(15.470350810395,23.524433572258));
#11431 = CARTESIAN_POINT('',(14.957084100568,22.812476541002));
#11432 = CARTESIAN_POINT('',(14.44780697031,22.033525443636));
#11433 = CARTESIAN_POINT('',(13.998819333962,21.209828108167));
#11434 = CARTESIAN_POINT('',(13.571082206552,20.335758408651));
#11435 = CARTESIAN_POINT('',(13.174830326445,19.404261371499));
#11436 = CARTESIAN_POINT('',(12.804793143143,18.388820671147));
#11437 = CARTESIAN_POINT('',(12.48478360513,17.339083759699));
#11438 = CARTESIAN_POINT('',(12.207070084965,16.225562476844));
#11439 = CARTESIAN_POINT('',(11.976658180422,15.045443147135));
#11440 = CARTESIAN_POINT('',(11.798558710423,13.764185136625));
#11441 = CARTESIAN_POINT('',(11.683875139608,12.449307178031));
#11442 = CARTESIAN_POINT('',(11.648905995695,11.048422475955));
#11443 = CARTESIAN_POINT('',(11.630737379209,9.619679368803));
#11444 = CARTESIAN_POINT('',(11.966570666282,7.703865733988));
#11445 = CARTESIAN_POINT('',(11.462375079453,7.055727547691));
#11446 = CARTESIAN_POINT('',(11.108605330419,6.019486498557));
#11447 = ( GEOMETRIC_REPRESENTATION_CONTEXT(2) 
PARAMETRIC_REPRESENTATION_CONTEXT() REPRESENTATION_CONTEXT('2D SPACE',''
  ) );
#11448 = ORIENTED_EDGE('',*,*,#11449,.T.);
#11449 = EDGE_CURVE('',#11333,#726,#11450,.T.);
#11450 = SURFACE_CURVE('',#11451,(#11457,#11466),.PCURVE_S1.);
#11451 = B_SPLINE_CURVE_WITH_KNOTS('',4,(#11452,#11453,#11454,#11455,
    #11456),.UNSPECIFIED.,.F.,.F.,(5,5),(0.,1.),
  .PIECEWISE_BEZIER_KNOTS.);
#11452 = CARTESIAN_POINT('',(11.137472690415,6.103007624955,22.4000006)
  );
#11453 = CARTESIAN_POINT('',(11.137472690415,6.103007624955,16.8000003)
  );
#11454 = CARTESIAN_POINT('',(11.137472690415,6.103007624955,11.2));
#11455 = CARTESIAN_POINT('',(11.137472690415,6.103007624955,5.5999997));
#11456 = CARTESIAN_POINT('',(11.137472690415,6.103007624955,-6.E-07));
#11457 = PCURVE('',#864,#11458);
#11458 = DEFINITIONAL_REPRESENTATION('',(#11459),#11465);
#11459 = B_SPLINE_CURVE_WITH_KNOTS('',4,(#11460,#11461,#11462,#11463,
    #11464),.UNSPECIFIED.,.F.,.F.,(5,5),(0.,1.),
  .PIECEWISE_BEZIER_KNOTS.);
#11460 = CARTESIAN_POINT('',(47.927018056643,-22.4000006));
#11461 = CARTESIAN_POINT('',(47.927018056643,-16.8000003));
#11462 = CARTESIAN_POINT('',(47.927018056643,-11.2));
#11463 = CARTESIAN_POINT('',(47.927018056643,-5.5999997));
#11464 = CARTESIAN_POINT('',(47.927018056643,5.999999999062E-07));
#11465 = ( GEOMETRIC_REPRESENTATION_CONTEXT(2) 
PARAMETRIC_REPRESENTATION_CONTEXT() REPRESENTATION_CONTEXT('2D SPACE',''
  ) );
#11466 = PCURVE('',#742,#11467);
#11467 = DEFINITIONAL_REPRESENTATION('',(#11468),#11474);
#11468 = B_SPLINE_CURVE_WITH_KNOTS('',4,(#11469,#11470,#11471,#11472,
    #11473),.UNSPECIFIED.,.F.,.F.,(5,5),(0.,1.),
  .PIECEWISE_BEZIER_KNOTS.);
#11469 = CARTESIAN_POINT('',(-0.501283797475,-22.4000006));
#11470 = CARTESIAN_POINT('',(-0.501283797475,-16.8000003));
#11471 = CARTESIAN_POINT('',(-0.501283797475,-11.2));
#11472 = CARTESIAN_POINT('',(-0.501283797475,-5.5999997));
#11473 = CARTESIAN_POINT('',(-0.501283797475,5.999999999062E-07));
#11474 = ( GEOMETRIC_REPRESENTATION_CONTEXT(2) 
PARAMETRIC_REPRESENTATION_CONTEXT() REPRESENTATION_CONTEXT('2D SPACE',''
  ) );
#11475 = ADVANCED_FACE('',(#11476),#742,.T.);
#11476 = FACE_BOUND('',#11477,.F.);
#11477 = EDGE_LOOP('',(#11478,#11479,#11535,#11557));
#11478 = ORIENTED_EDGE('',*,*,#725,.F.);
#11479 = ORIENTED_EDGE('',*,*,#11480,.F.);
#11480 = EDGE_CURVE('',#11481,#537,#11483,.T.);
#11481 = VERTEX_POINT('',#11482);
#11482 = CARTESIAN_POINT('',(12.530306893603,2.069156628226,22.4));
#11483 = SURFACE_CURVE('',#11484,(#11499,#11517),.PCURVE_S1.);
#11484 = B_SPLINE_CURVE_WITH_KNOTS('',4,(#11485,#11486,#11487,#11488,
    #11489,#11490,#11491,#11492,#11493,#11494,#11495,#11496,#11497,
    #11498),.UNSPECIFIED.,.F.,.F.,(5,3,3,3,5),(0.,0.25,0.5,0.75,1.),
  .UNSPECIFIED.);
#11485 = CARTESIAN_POINT('',(12.530306893603,2.069156628226,22.4000006)
  );
#11486 = CARTESIAN_POINT('',(12.530306893603,2.069156628226,21.000000525
    ));
#11487 = CARTESIAN_POINT('',(12.530306893603,2.069156628226,19.60000045)
  );
#11488 = CARTESIAN_POINT('',(12.530306893603,2.069156628226,18.200000375
    ));
#11489 = CARTESIAN_POINT('',(12.530306893603,2.069156628226,15.400000225
    ));
#11490 = CARTESIAN_POINT('',(12.530306893603,2.069156628226,14.00000015)
  );
#11491 = CARTESIAN_POINT('',(12.530306893603,2.069156628226,12.600000075
    ));
#11492 = CARTESIAN_POINT('',(12.530306893603,2.069156628226,9.799999925)
  );
#11493 = CARTESIAN_POINT('',(12.530306893603,2.069156628226,8.39999985)
  );
#11494 = CARTESIAN_POINT('',(12.530306893603,2.069156628226,6.999999775)
  );
#11495 = CARTESIAN_POINT('',(12.530306893603,2.069156628226,4.199999625)
  );
#11496 = CARTESIAN_POINT('',(12.530306893603,2.069156628226,2.79999955)
  );
#11497 = CARTESIAN_POINT('',(12.530306893603,2.069156628226,1.399999475)
  );
#11498 = CARTESIAN_POINT('',(12.530306893603,2.069156628226,-6.E-07));
#11499 = PCURVE('',#742,#11500);
#11500 = DEFINITIONAL_REPRESENTATION('',(#11501),#11516);
#11501 = B_SPLINE_CURVE_WITH_KNOTS('',4,(#11502,#11503,#11504,#11505,
    #11506,#11507,#11508,#11509,#11510,#11511,#11512,#11513,#11514,
    #11515),.UNSPECIFIED.,.F.,.F.,(5,3,3,3,5),(0.,0.25,0.5,0.75,1.),
  .UNSPECIFIED.);
#11502 = CARTESIAN_POINT('',(-0.163655272262,-22.4000006));
#11503 = CARTESIAN_POINT('',(-0.163655272262,-21.000000525));
#11504 = CARTESIAN_POINT('',(-0.163655272262,-19.60000045));
#11505 = CARTESIAN_POINT('',(-0.163655272262,-18.200000375));
#11506 = CARTESIAN_POINT('',(-0.163655272262,-15.400000225));
#11507 = CARTESIAN_POINT('',(-0.163655272262,-14.00000015));
#11508 = CARTESIAN_POINT('',(-0.163655272262,-12.600000075));
#11509 = CARTESIAN_POINT('',(-0.163655272262,-9.799999925));
#11510 = CARTESIAN_POINT('',(-0.163655272262,-8.39999985));
#11511 = CARTESIAN_POINT('',(-0.163655272262,-6.999999775));
#11512 = CARTESIAN_POINT('',(-0.163655272262,-4.199999625));
#11513 = CARTESIAN_POINT('',(-0.163655272262,-2.79999955));
#11514 = CARTESIAN_POINT('',(-0.163655272262,-1.399999475));
#11515 = CARTESIAN_POINT('',(-0.163655272262,5.999999999062E-07));
#11516 = ( GEOMETRIC_REPRESENTATION_CONTEXT(2) 
PARAMETRIC_REPRESENTATION_CONTEXT() REPRESENTATION_CONTEXT('2D SPACE',''
  ) );
#11517 = PCURVE('',#658,#11518);
#11518 = DEFINITIONAL_REPRESENTATION('',(#11519),#11534);
#11519 = B_SPLINE_CURVE_WITH_KNOTS('',4,(#11520,#11521,#11522,#11523,
    #11524,#11525,#11526,#11527,#11528,#11529,#11530,#11531,#11532,
    #11533),.UNSPECIFIED.,.F.,.F.,(5,3,3,3,5),(0.,0.25,0.5,0.75,1.),
  .UNSPECIFIED.);
#11520 = CARTESIAN_POINT('',(2.479811260551,-22.4000006));
#11521 = CARTESIAN_POINT('',(2.479811260551,-21.000000525));
#11522 = CARTESIAN_POINT('',(2.479811260551,-19.60000045));
#11523 = CARTESIAN_POINT('',(2.479811260551,-18.200000375));
#11524 = CARTESIAN_POINT('',(2.479811260551,-15.400000225));
#11525 = CARTESIAN_POINT('',(2.479811260551,-14.00000015));
#11526 = CARTESIAN_POINT('',(2.479811260551,-12.600000075));
#11527 = CARTESIAN_POINT('',(2.479811260551,-9.799999925));
#11528 = CARTESIAN_POINT('',(2.479811260551,-8.39999985));
#11529 = CARTESIAN_POINT('',(2.479811260551,-6.999999775));
#11530 = CARTESIAN_POINT('',(2.479811260551,-4.199999625));
#11531 = CARTESIAN_POINT('',(2.479811260551,-2.79999955));
#11532 = CARTESIAN_POINT('',(2.479811260551,-1.399999475));
#11533 = CARTESIAN_POINT('',(2.479811260551,5.999999999062E-07));
#11534 = ( GEOMETRIC_REPRESENTATION_CONTEXT(2) 
PARAMETRIC_REPRESENTATION_CONTEXT() REPRESENTATION_CONTEXT('2D SPACE',''
  ) );
#11535 = ORIENTED_EDGE('',*,*,#11536,.T.);
#11536 = EDGE_CURVE('',#11481,#11333,#11537,.T.);
#11537 = SURFACE_CURVE('',#11538,(#11543,#11550),.PCURVE_S1.);
#11538 = CIRCLE('',#11539,12.7);
#11539 = AXIS2_PLACEMENT_3D('',#11540,#11541,#11542);
#11540 = CARTESIAN_POINT('',(0.,0.,22.4));
#11541 = DIRECTION('',(0.,0.,1.));
#11542 = DIRECTION('',(1.,0.,0.));
#11543 = PCURVE('',#742,#11544);
#11544 = DEFINITIONAL_REPRESENTATION('',(#11545),#11549);
#11545 = LINE('',#11546,#11547);
#11546 = CARTESIAN_POINT('',(-0.,-22.4));
#11547 = VECTOR('',#11548,1.);
#11548 = DIRECTION('',(-1.,0.));
#11549 = ( GEOMETRIC_REPRESENTATION_CONTEXT(2) 
PARAMETRIC_REPRESENTATION_CONTEXT() REPRESENTATION_CONTEXT('2D SPACE',''
  ) );
#11550 = PCURVE('',#5472,#11551);
#11551 = DEFINITIONAL_REPRESENTATION('',(#11552),#11556);
#11552 = CIRCLE('',#11553,12.7);
#11553 = AXIS2_PLACEMENT_2D('',#11554,#11555);
#11554 = CARTESIAN_POINT('',(3.500646739301E-15,2.041077998579E-15));
#11555 = DIRECTION('',(1.,0.));
#11556 = ( GEOMETRIC_REPRESENTATION_CONTEXT(2) 
PARAMETRIC_REPRESENTATION_CONTEXT() REPRESENTATION_CONTEXT('2D SPACE',''
  ) );
#11557 = ORIENTED_EDGE('',*,*,#11449,.T.);
#11558 = ADVANCED_FACE('',(#11559),#658,.T.);
#11559 = FACE_BOUND('',#11560,.T.);
#11560 = EDGE_LOOP('',(#11561,#11562,#11563,#11690));
#11561 = ORIENTED_EDGE('',*,*,#536,.F.);
#11562 = ORIENTED_EDGE('',*,*,#11480,.F.);
#11563 = ORIENTED_EDGE('',*,*,#11564,.T.);
#11564 = EDGE_CURVE('',#11481,#5491,#11565,.T.);
#11565 = SURFACE_CURVE('',#11566,(#11623,#11630),.PCURVE_S1.);
#11566 = B_SPLINE_CURVE_WITH_KNOTS('',3,(#11567,#11568,#11569,#11570,
    #11571,#11572,#11573,#11574,#11575,#11576,#11577,#11578,#11579,
    #11580,#11581,#11582,#11583,#11584,#11585,#11586,#11587,#11588,
    #11589,#11590,#11591,#11592,#11593,#11594,#11595,#11596,#11597,
    #11598,#11599,#11600,#11601,#11602,#11603,#11604,#11605,#11606,
    #11607,#11608,#11609,#11610,#11611,#11612,#11613,#11614,#11615,
    #11616,#11617,#11618,#11619,#11620,#11621,#11622),.UNSPECIFIED.,.F.,
  .F.,(4,1,1,1,1,1,1,1,1,1,1,1,1,1,1,1,1,1,1,1,1,1,1,1,1,1,1,1,1,1,1,1,1
    ,1,1,1,1,1,1,1,1,1,1,1,1,1,1,3,3,4),(0.,2.252840378147,
    3.947251251067,5.556769293497,6.973069313182,8.438034201878,
    9.836527608945,11.173881028628,12.358378394578,13.591674823614,
    14.777241775145,15.919070127373,16.937511191725,18.005608061592,
    19.040905950925,20.046909447572,20.952226144232,21.910527049393,
    22.848343890734,23.768545277515,24.604779330967,25.498993387072,
    26.383732766176,27.261734369083,28.068590979197,28.941306811933,
    29.815275751476,30.69326112534,31.509705745874,32.403313623746,
    33.30925058782,34.230483702873,35.097084585268,36.056205964867,
    37.039089037922,38.048588577934,39.007142758039,40.077976938895,
    41.186386250524,42.336589601129,43.439334281668,44.68291297016,
    45.982505886097,47.343769408886,48.660381123787,50.157957971193,
    51.73669345799,51.75772326206,53.205564838504,53.402350377676),
  .UNSPECIFIED.);
#11567 = CARTESIAN_POINT('',(10.770776349694,0.337011246639,22.4));
#11568 = CARTESIAN_POINT('',(11.334256508748,0.868368079761,22.4));
#11569 = CARTESIAN_POINT('',(12.481520456009,1.594695028954,22.4));
#11570 = CARTESIAN_POINT('',(13.085229985366,3.417371363885,22.4));
#11571 = CARTESIAN_POINT('',(13.891579888154,4.760909926385,22.4));
#11572 = CARTESIAN_POINT('',(14.671970569341,6.040553117913,22.4));
#11573 = CARTESIAN_POINT('',(15.490501736694,7.209641509072,22.4));
#11574 = CARTESIAN_POINT('',(16.35136094025,8.314872257293,22.4));
#11575 = CARTESIAN_POINT('',(17.209992366506,9.300848826366,22.4));
#11576 = CARTESIAN_POINT('',(18.079936147573,10.201528885292,22.4));
#11577 = CARTESIAN_POINT('',(18.958223270144,11.021705800206,22.4));
#11578 = CARTESIAN_POINT('',(19.868058891348,11.784790893793,22.4));
#11579 = CARTESIAN_POINT('',(20.760200258057,12.454866356867,22.4));
#11580 = CARTESIAN_POINT('',(21.652011402635,13.058080252671,22.4));
#11581 = CARTESIAN_POINT('',(22.546034007437,13.591226399692,22.4));
#11582 = CARTESIAN_POINT('',(23.451202329473,14.096769420693,22.4));
#11583 = CARTESIAN_POINT('',(24.336081273234,14.524388211359,22.4));
#11584 = CARTESIAN_POINT('',(25.216974083618,14.898032791558,22.4));
#11585 = CARTESIAN_POINT('',(26.094539619655,15.218551798071,22.4));
#11586 = CARTESIAN_POINT('',(26.992428110842,15.494026106705,22.4));
#11587 = CARTESIAN_POINT('',(27.86409819599,15.711990675572,22.4));
#11588 = CARTESIAN_POINT('',(28.731338669535,15.882722500945,22.4));
#11589 = CARTESIAN_POINT('',(29.594483394794,16.007660766926,22.4));
#11590 = CARTESIAN_POINT('',(30.476873863858,16.088199164525,22.4));
#11591 = CARTESIAN_POINT('',(31.333184659924,16.120970218775,22.4));
#11592 = CARTESIAN_POINT('',(32.185969609299,16.110288564227,22.4));
#11593 = CARTESIAN_POINT('',(33.03584711152,16.05640934548,22.4));
#11594 = CARTESIAN_POINT('',(33.905242362889,15.954968578932,22.4));
#11595 = CARTESIAN_POINT('',(34.749577620332,15.810896846784,22.4));
#11596 = CARTESIAN_POINT('',(35.591823987182,15.622726201542,22.4));
#11597 = CARTESIAN_POINT('',(36.432477729456,15.389481478152,22.4));
#11598 = CARTESIAN_POINT('',(37.292753226581,15.101057544989,22.4));
#11599 = CARTESIAN_POINT('',(38.128227258384,14.770813436604,22.4));
#11600 = CARTESIAN_POINT('',(38.961880061106,14.391470378993,22.4));
#11601 = CARTESIAN_POINT('',(39.793598001519,13.959734077163,22.4));
#11602 = CARTESIAN_POINT('',(40.626094283512,13.433973479075,22.4));
#11603 = CARTESIAN_POINT('',(41.433773788949,12.872022070645,22.4));
#11604 = CARTESIAN_POINT('',(42.233579768184,12.249644182846,22.4));
#11605 = CARTESIAN_POINT('',(43.02576835982,11.565984023667,22.4));
#11606 = CARTESIAN_POINT('',(43.826332275712,10.796528818873,22.4));
#11607 = CARTESIAN_POINT('',(44.591855978363,9.977843726103,22.4));
#11608 = CARTESIAN_POINT('',(45.343557010222,9.085743792799,22.4));
#11609 = CARTESIAN_POINT('',(46.07736448137,8.119510857322,22.4));
#11610 = CARTESIAN_POINT('',(46.811257056705,7.03098900828,22.4));
#11611 = CARTESIAN_POINT('',(47.481156983063,5.935287919124,22.4));
#11612 = CARTESIAN_POINT('',(48.19229788785,4.552393988828,22.4));
#11613 = CARTESIAN_POINT('',(48.582197453473,3.89107517787,22.4));
#11614 = CARTESIAN_POINT('',(49.600200533646,1.154996954994,22.4));
#11615 = CARTESIAN_POINT('',(49.340758478995,1.927696154043,22.4));
#11616 = CARTESIAN_POINT('',(49.337220087555,1.938209297319,22.4));
#11617 = CARTESIAN_POINT('',(49.337220087995,1.938209296072,22.4));
#11618 = CARTESIAN_POINT('',(49.337220088435,1.938209294826,22.4));
#11619 = CARTESIAN_POINT('',(49.337220088875,1.938209293579,22.4));
#11620 = CARTESIAN_POINT('',(49.485826371971,1.512378099413,22.4));
#11621 = CARTESIAN_POINT('',(49.670328499571,0.984162908972,22.4));
#11622 = CARTESIAN_POINT('',(49.897127241411,0.335416214167,22.4));
#11623 = PCURVE('',#658,#11624);
#11624 = DEFINITIONAL_REPRESENTATION('',(#11625),#11629);
#11625 = LINE('',#11626,#11627);
#11626 = CARTESIAN_POINT('',(0.,-22.4));
#11627 = VECTOR('',#11628,1.);
#11628 = DIRECTION('',(1.,0.));
#11629 = ( GEOMETRIC_REPRESENTATION_CONTEXT(2) 
PARAMETRIC_REPRESENTATION_CONTEXT() REPRESENTATION_CONTEXT('2D SPACE',''
  ) );
#11630 = PCURVE('',#5472,#11631);
#11631 = DEFINITIONAL_REPRESENTATION('',(#11632),#11689);
#11632 = B_SPLINE_CURVE_WITH_KNOTS('',3,(#11633,#11634,#11635,#11636,
    #11637,#11638,#11639,#11640,#11641,#11642,#11643,#11644,#11645,
    #11646,#11647,#11648,#11649,#11650,#11651,#11652,#11653,#11654,
    #11655,#11656,#11657,#11658,#11659,#11660,#11661,#11662,#11663,
    #11664,#11665,#11666,#11667,#11668,#11669,#11670,#11671,#11672,
    #11673,#11674,#11675,#11676,#11677,#11678,#11679,#11680,#11681,
    #11682,#11683,#11684,#11685,#11686,#11687,#11688),.UNSPECIFIED.,.F.,
  .F.,(4,1,1,1,1,1,1,1,1,1,1,1,1,1,1,1,1,1,1,1,1,1,1,1,1,1,1,1,1,1,1,1,1
    ,1,1,1,1,1,1,1,1,1,1,1,1,1,1,3,3,4),(0.,2.252840378147,
    3.947251251067,5.556769293497,6.973069313182,8.438034201878,
    9.836527608945,11.173881028628,12.358378394578,13.591674823614,
    14.777241775145,15.919070127373,16.937511191725,18.005608061592,
    19.040905950925,20.046909447572,20.952226144232,21.910527049393,
    22.848343890734,23.768545277515,24.604779330967,25.498993387072,
    26.383732766176,27.261734369083,28.068590979197,28.941306811933,
    29.815275751476,30.69326112534,31.509705745874,32.403313623746,
    33.30925058782,34.230483702873,35.097084585268,36.056205964867,
    37.039089037922,38.048588577934,39.007142758039,40.077976938895,
    41.186386250524,42.336589601129,43.439334281668,44.68291297016,
    45.982505886097,47.343769408886,48.660381123787,50.157957971193,
    51.73669345799,51.75772326206,53.205564838504,53.402350377676),
  .UNSPECIFIED.);
#11633 = CARTESIAN_POINT('',(10.770776349694,0.337011246639));
#11634 = CARTESIAN_POINT('',(11.334256508748,0.868368079761));
#11635 = CARTESIAN_POINT('',(12.481520456009,1.594695028954));
#11636 = CARTESIAN_POINT('',(13.085229985366,3.417371363885));
#11637 = CARTESIAN_POINT('',(13.891579888154,4.760909926385));
#11638 = CARTESIAN_POINT('',(14.671970569341,6.040553117913));
#11639 = CARTESIAN_POINT('',(15.490501736694,7.209641509072));
#11640 = CARTESIAN_POINT('',(16.35136094025,8.314872257293));
#11641 = CARTESIAN_POINT('',(17.209992366506,9.300848826366));
#11642 = CARTESIAN_POINT('',(18.079936147573,10.201528885292));
#11643 = CARTESIAN_POINT('',(18.958223270144,11.021705800206));
#11644 = CARTESIAN_POINT('',(19.868058891348,11.784790893793));
#11645 = CARTESIAN_POINT('',(20.760200258057,12.454866356867));
#11646 = CARTESIAN_POINT('',(21.652011402635,13.058080252671));
#11647 = CARTESIAN_POINT('',(22.546034007437,13.591226399692));
#11648 = CARTESIAN_POINT('',(23.451202329473,14.096769420693));
#11649 = CARTESIAN_POINT('',(24.336081273234,14.524388211359));
#11650 = CARTESIAN_POINT('',(25.216974083618,14.898032791558));
#11651 = CARTESIAN_POINT('',(26.094539619655,15.218551798071));
#11652 = CARTESIAN_POINT('',(26.992428110842,15.494026106705));
#11653 = CARTESIAN_POINT('',(27.86409819599,15.711990675572));
#11654 = CARTESIAN_POINT('',(28.731338669535,15.882722500945));
#11655 = CARTESIAN_POINT('',(29.594483394794,16.007660766926));
#11656 = CARTESIAN_POINT('',(30.476873863858,16.088199164525));
#11657 = CARTESIAN_POINT('',(31.333184659924,16.120970218775));
#11658 = CARTESIAN_POINT('',(32.185969609299,16.110288564227));
#11659 = CARTESIAN_POINT('',(33.03584711152,16.05640934548));
#11660 = CARTESIAN_POINT('',(33.905242362889,15.954968578932));
#11661 = CARTESIAN_POINT('',(34.749577620332,15.810896846784));
#11662 = CARTESIAN_POINT('',(35.591823987182,15.622726201542));
#11663 = CARTESIAN_POINT('',(36.432477729456,15.389481478152));
#11664 = CARTESIAN_POINT('',(37.292753226581,15.101057544989));
#11665 = CARTESIAN_POINT('',(38.128227258384,14.770813436604));
#11666 = CARTESIAN_POINT('',(38.961880061106,14.391470378993));
#11667 = CARTESIAN_POINT('',(39.793598001519,13.959734077163));
#11668 = CARTESIAN_POINT('',(40.626094283512,13.433973479075));
#11669 = CARTESIAN_POINT('',(41.433773788949,12.872022070645));
#11670 = CARTESIAN_POINT('',(42.233579768184,12.249644182846));
#11671 = CARTESIAN_POINT('',(43.02576835982,11.565984023667));
#11672 = CARTESIAN_POINT('',(43.826332275712,10.796528818873));
#11673 = CARTESIAN_POINT('',(44.591855978363,9.977843726103));
#11674 = CARTESIAN_POINT('',(45.343557010222,9.085743792799));
#11675 = CARTESIAN_POINT('',(46.07736448137,8.119510857322));
#11676 = CARTESIAN_POINT('',(46.811257056705,7.03098900828));
#11677 = CARTESIAN_POINT('',(47.481156983063,5.935287919124));
#11678 = CARTESIAN_POINT('',(48.19229788785,4.552393988828));
#11679 = CARTESIAN_POINT('',(48.582197453473,3.89107517787));
#11680 = CARTESIAN_POINT('',(49.600200533646,1.154996954994));
#11681 = CARTESIAN_POINT('',(49.340758478995,1.927696154043));
#11682 = CARTESIAN_POINT('',(49.337220087555,1.938209297319));
#11683 = CARTESIAN_POINT('',(49.337220087995,1.938209296072));
#11684 = CARTESIAN_POINT('',(49.337220088435,1.938209294826));
#11685 = CARTESIAN_POINT('',(49.337220088875,1.938209293579));
#11686 = CARTESIAN_POINT('',(49.485826371971,1.512378099413));
#11687 = CARTESIAN_POINT('',(49.670328499571,0.984162908972));
#11688 = CARTESIAN_POINT('',(49.897127241411,0.335416214168));
#11689 = ( GEOMETRIC_REPRESENTATION_CONTEXT(2) 
PARAMETRIC_REPRESENTATION_CONTEXT() REPRESENTATION_CONTEXT('2D SPACE',''
  ) );
#11690 = ORIENTED_EDGE('',*,*,#5490,.T.);
#11691 = ADVANCED_FACE('',(#11692,#11695,#11702,#11709,#11716,#11723,
    #11730,#11737,#11744,#11751,#11758,#11765,#11772),#5472,.T.);
#11692 = FACE_BOUND('',#11693,.T.);
#11693 = EDGE_LOOP('',(#11694));
#11694 = ORIENTED_EDGE('',*,*,#5457,.T.);
#11695 = FACE_BOUND('',#11696,.T.);
#11696 = EDGE_LOOP('',(#11697,#11698,#11699,#11700,#11701));
#11697 = ORIENTED_EDGE('',*,*,#5546,.F.);
#11698 = ORIENTED_EDGE('',*,*,#11564,.F.);
#11699 = ORIENTED_EDGE('',*,*,#11536,.T.);
#11700 = ORIENTED_EDGE('',*,*,#11332,.F.);
#11701 = ORIENTED_EDGE('',*,*,#11283,.F.);
#11702 = FACE_BOUND('',#11703,.T.);
#11703 = EDGE_LOOP('',(#11704,#11705,#11706,#11707,#11708));
#11704 = ORIENTED_EDGE('',*,*,#5649,.F.);
#11705 = ORIENTED_EDGE('',*,*,#11150,.F.);
#11706 = ORIENTED_EDGE('',*,*,#11122,.T.);
#11707 = ORIENTED_EDGE('',*,*,#10918,.F.);
#11708 = ORIENTED_EDGE('',*,*,#10869,.F.);
#11709 = FACE_BOUND('',#11710,.T.);
#11710 = EDGE_LOOP('',(#11711,#11712,#11713,#11714,#11715));
#11711 = ORIENTED_EDGE('',*,*,#5752,.F.);
#11712 = ORIENTED_EDGE('',*,*,#10736,.F.);
#11713 = ORIENTED_EDGE('',*,*,#10708,.T.);
#11714 = ORIENTED_EDGE('',*,*,#10504,.F.);
#11715 = ORIENTED_EDGE('',*,*,#10455,.F.);
#11716 = FACE_BOUND('',#11717,.T.);
#11717 = EDGE_LOOP('',(#11718,#11719,#11720,#11721,#11722));
#11718 = ORIENTED_EDGE('',*,*,#5855,.F.);
#11719 = ORIENTED_EDGE('',*,*,#10322,.F.);
#11720 = ORIENTED_EDGE('',*,*,#10294,.T.);
#11721 = ORIENTED_EDGE('',*,*,#10090,.F.);
#11722 = ORIENTED_EDGE('',*,*,#10041,.F.);
#11723 = FACE_BOUND('',#11724,.T.);
#11724 = EDGE_LOOP('',(#11725,#11726,#11727,#11728,#11729));
#11725 = ORIENTED_EDGE('',*,*,#5958,.F.);
#11726 = ORIENTED_EDGE('',*,*,#9908,.F.);
#11727 = ORIENTED_EDGE('',*,*,#9880,.T.);
#11728 = ORIENTED_EDGE('',*,*,#9676,.F.);
#11729 = ORIENTED_EDGE('',*,*,#9627,.F.);
#11730 = FACE_BOUND('',#11731,.T.);
#11731 = EDGE_LOOP('',(#11732,#11733,#11734,#11735,#11736));
#11732 = ORIENTED_EDGE('',*,*,#6061,.F.);
#11733 = ORIENTED_EDGE('',*,*,#9494,.F.);
#11734 = ORIENTED_EDGE('',*,*,#9466,.T.);
#11735 = ORIENTED_EDGE('',*,*,#9262,.F.);
#11736 = ORIENTED_EDGE('',*,*,#9213,.F.);
#11737 = FACE_BOUND('',#11738,.T.);
#11738 = EDGE_LOOP('',(#11739,#11740,#11741,#11742,#11743));
#11739 = ORIENTED_EDGE('',*,*,#6185,.F.);
#11740 = ORIENTED_EDGE('',*,*,#9080,.F.);
#11741 = ORIENTED_EDGE('',*,*,#9052,.T.);
#11742 = ORIENTED_EDGE('',*,*,#8848,.F.);
#11743 = ORIENTED_EDGE('',*,*,#8799,.F.);
#11744 = FACE_BOUND('',#11745,.T.);
#11745 = EDGE_LOOP('',(#11746,#11747,#11748,#11749,#11750));
#11746 = ORIENTED_EDGE('',*,*,#6288,.F.);
#11747 = ORIENTED_EDGE('',*,*,#8666,.F.);
#11748 = ORIENTED_EDGE('',*,*,#8638,.T.);
#11749 = ORIENTED_EDGE('',*,*,#8434,.F.);
#11750 = ORIENTED_EDGE('',*,*,#8385,.F.);
#11751 = FACE_BOUND('',#11752,.T.);
#11752 = EDGE_LOOP('',(#11753,#11754,#11755,#11756,#11757));
#11753 = ORIENTED_EDGE('',*,*,#6391,.F.);
#11754 = ORIENTED_EDGE('',*,*,#8252,.F.);
#11755 = ORIENTED_EDGE('',*,*,#8224,.T.);
#11756 = ORIENTED_EDGE('',*,*,#8020,.F.);
#11757 = ORIENTED_EDGE('',*,*,#7971,.F.);
#11758 = FACE_BOUND('',#11759,.T.);
#11759 = EDGE_LOOP('',(#11760,#11761,#11762,#11763,#11764));
#11760 = ORIENTED_EDGE('',*,*,#6494,.F.);
#11761 = ORIENTED_EDGE('',*,*,#7838,.F.);
#11762 = ORIENTED_EDGE('',*,*,#7810,.T.);
#11763 = ORIENTED_EDGE('',*,*,#7606,.F.);
#11764 = ORIENTED_EDGE('',*,*,#7557,.F.);
#11765 = FACE_BOUND('',#11766,.T.);
#11766 = EDGE_LOOP('',(#11767,#11768,#11769,#11770,#11771));
#11767 = ORIENTED_EDGE('',*,*,#6597,.F.);
#11768 = ORIENTED_EDGE('',*,*,#7424,.F.);
#11769 = ORIENTED_EDGE('',*,*,#7396,.T.);
#11770 = ORIENTED_EDGE('',*,*,#7192,.F.);
#11771 = ORIENTED_EDGE('',*,*,#7143,.F.);
#11772 = FACE_BOUND('',#11773,.T.);
#11773 = EDGE_LOOP('',(#11774,#11775,#11776,#11777,#11778));
#11774 = ORIENTED_EDGE('',*,*,#6702,.F.);
#11775 = ORIENTED_EDGE('',*,*,#7010,.F.);
#11776 = ORIENTED_EDGE('',*,*,#6982,.T.);
#11777 = ORIENTED_EDGE('',*,*,#6778,.F.);
#11778 = ORIENTED_EDGE('',*,*,#6729,.F.);
#11779 = ( GEOMETRIC_REPRESENTATION_CONTEXT(3) 
GLOBAL_UNCERTAINTY_ASSIGNED_CONTEXT((#11783)) 
GLOBAL_UNIT_ASSIGNED_CONTEXT((#11780,#11781,#11782)) 
REPRESENTATION_CONTEXT('Context #1',
  '3D Context with UNIT and UNCERTAINTY') );
#11780 = ( LENGTH_UNIT() NAMED_UNIT(*) SI_UNIT(.MILLI.,.METRE.) );
#11781 = ( NAMED_UNIT(*) PLANE_ANGLE_UNIT() SI_UNIT($,.RADIAN.) );
#11782 = ( NAMED_UNIT(*) SI_UNIT($,.STERADIAN.) SOLID_ANGLE_UNIT() );
#11783 = UNCERTAINTY_MEASURE_WITH_UNIT(LENGTH_MEASURE(2.E-06),#11780,
  'distance_accuracy_value','confusion accuracy');
#11784 = PRODUCT_RELATED_PRODUCT_CATEGORY('part',$,(#7));
ENDSEC;
END-ISO-10303-21;
